month,ncb,programme,stock_eur_m,gross_purchases_eur_m,purchase_yield_pct,portfolio_yield_pct,yield_method
2020-03-01,AT,PEPP,309.3333333333333,309.3333333333333,-0.15394074822663562,-0.15394074822663562,single_maturity_ea_slope
2020-04-01,AT,PEPP,1792.8888888888887,1487.039039039039,-0.08313742104743416,-0.09521579752733358,single_maturity_ea_slope
2020-05-01,AT,PEPP,4368.0,2591.8420637883128,-0.15553949736111172,-0.13101009758972512,single_maturity_ea_slope
2020-06-01,AT,PEPP,6946.666666666666,2619.889769724424,-0.194022639821423,-0.15477486458931536,single_maturity_ea_slope
2020-07-01,AT,PEPP,8938.666666666666,2049.831057831058,-0.24810879469007435,-0.17617836869171344,single_maturity_ea_slope
2020-08-01,AT,PEPP,10345.777777777777,1475.3869029432735,-0.24411211546778477,-0.18586623966808086,single_maturity_ea_slope
2020-09-01,AT,PEPP,12101.333333333332,1834.4346176002161,-0.28054253695812514,-0.20021816870193937,single_maturity_ea_slope
2020-10-01,AT,PEPP,13857.777777777777,1849.3030489052596,-0.36588350325388497,-0.2223259996397473,single_maturity_ea_slope
2020-11-01,AT,PEPP,15615.11111111111,1862.988851614651,-0.3779323476042934,-0.2408908942111438,single_maturity_ea_slope
2020-12-01,AT,PEPP,17021.333333333332,1531.2231116803648,-0.4082537956474356,-0.2559467031597455,single_maturity_ea_slope
2021-01-01,AT,PEPP,18392.888888888887,1512.9757394483208,-0.39839571067083074,-0.2676643780597967,single_maturity_ea_slope
2021-02-01,AT,PEPP,19800.0,1561.62126642772,-0.20139663988523684,-0.2624378573925514,single_maturity_ea_slope
2021-03-01,AT,PEPP,21533.333333333332,1903.0864197530852,-0.10745313624236003,-0.24874052063913887,single_maturity_ea_slope
2021-04-01,AT,PEPP,23574.222222222223,2227.421575421577,-0.0683603390713704,-0.23169721357199125,single_maturity_ea_slope
2021-05-01,AT,PEPP,25537.777777777777,2171.661330822347,0.03574454489258082,-0.20895471302403715,single_maturity_ea_slope
2021-06-01,AT,PEPP,27426.666666666664,2117.968345094285,-0.029900996418152945,-0.1951276552757601,single_maturity_ea_slope
2021-07-01,AT,PEPP,29527.11111111111,2353.2713864306793,-0.19164404573439445,-0.19485001624008388,single_maturity_ea_slope
2021-08-01,AT,PEPP,31102.22222222222,1852.8303653540656,-0.2918700304540769,-0.20062971992486858,single_maturity_ea_slope
2021-09-01,AT,PEPP,32819.555555555555,2022.257080610024,-0.1757775312653379,-0.1990983916166495,single_maturity_ea_slope
2021-10-01,AT,PEPP,34400.88888888889,1907.7012286749782,-0.027028454254063528,-0.18955625356362216,single_maturity_ea_slope
2021-11-01,AT,PEPP,35849.777777777774,1792.211133288972,-0.10445834165721213,-0.18530201728679788,single_maturity_ea_slope
2021-12-01,AT,PEPP,36286.22222222222,800.3276943203869,-0.13255034664404525,-0.1841385282170758,single_maturity_ea_slope
2022-01-01,AT,PEPP,37574.22222222222,1656.3132584472414,0.08667262186884153,-0.17220087330648742,single_maturity_ea_slope
2022-02-01,AT,PEPP,38392.0,1206.2622920687468,0.4616662367009088,-0.15228500560007682,single_maturity_ea_slope
2022-03-01,AT,PEPP,39092.444444444445,1105.9366286438537,0.6266185424222583,-0.13024959757736426,single_maturity_ea_slope
2022-04-01,AT,PEPP,39144.88888888888,467.43854682707547,1.2183860948508358,-0.11414521393593559,single_maturity_ea_slope
2022-05-01,AT,PEPP,39359.11111111111,632.9737079826978,1.4524603716442677,-0.08895104368011465,single_maturity_ea_slope
2022-06-01,AT,PEPP,39517.33333333333,584.1866281866248,1.9793780621279435,-0.05837483561186781,single_maturity_ea_slope
2022-07-01,AT,PEPP,39486.22222222222,399.3609295570095,1.547276633857493,-0.04213538733588194,single_maturity_ea_slope
2022-08-01,AT,PEPP,39623.11111111111,571.5676892215877,1.5476960088403662,-0.01920189645435517,single_maturity_ea_slope
2022-09-01,AT,PEPP,39216.88888888888,25.967035097921098,2.3910348988114576,-0.017605984457503717,single_maturity_ea_slope
2022-10-01,AT,PEPP,39074.666666666664,287.78752436647494,2.798750570163157,0.003136669280320659,single_maturity_ea_slope
2022-11-01,AT,PEPP,38620.444444444445,0.0,2.6464404559724315,0.003136669280320659,single_maturity_ea_slope
2022-12-01,AT,PEPP,38708.444444444445,513.7103664511072,2.711141138617817,0.039075338174421895,single_maturity_ea_slope
2023-01-01,AT,PEPP,39143.11111111111,867.6470295799131,2.7873873518605583,0.09999448045375611,single_maturity_ea_slope
2023-02-01,AT,PEPP,39526.22222222222,826.3075684380016,3.036150381804388,0.16137570301936477,single_maturity_ea_slope
2023-03-01,AT,PEPP,40094.22222222222,1022.324393358876,3.037390563570732,0.234708467309145,single_maturity_ea_slope
2023-04-01,AT,PEPP,39352.88888888888,0.0,2.9777142361011135,0.234708467309145,single_maturity_ea_slope
2023-05-01,AT,PEPP,39720.88888888888,818.4680504680505,2.9543649243952865,0.2907482987590601,single_maturity_ea_slope
2023-06-01,AT,PEPP,39962.666666666664,702.79088001651,3.011977574059545,0.338604342327602,single_maturity_ea_slope
2023-07-01,AT,PEPP,38807.11111111111,0.0,3.114334537164587,0.338604342327602,single_maturity_ea_slope
2023-08-01,AT,PEPP,39065.777777777774,703.4982933414822,3.120546157632217,0.38870167637723607,single_maturity_ea_slope
2023-09-01,AT,PEPP,39224.88888888888,612.5207881976668,3.2310031256171428,0.4330859633261523,single_maturity_ea_slope
2023-10-01,AT,PEPP,38153.777777777774,0.0,3.395636333919621,0.4330859633261523,single_maturity_ea_slope
2023-11-01,AT,PEPP,38389.33333333333,675.9269518826297,3.122611839039121,0.4804408629644231,single_maturity_ea_slope
2023-12-01,AT,PEPP,38527.11111111111,587.7230817315237,2.5680343793593687,0.5122866686704353,single_maturity_ea_slope
2024-01-01,AT,PEPP,38668.444444444445,598.6827054975228,2.6159666532520305,0.5448568132098607,single_maturity_ea_slope
2024-02-01,AT,PEPP,39022.22222222222,820.7879763821752,2.782907347864524,0.5919316558192633,single_maturity_ea_slope
2024-03-01,AT,PEPP,39443.555555555555,903.803934498299,2.7734750446436998,0.6419192259134754,single_maturity_ea_slope
2024-04-01,AT,PEPP,39655.11111111111,705.8357003620152,2.888964482913572,0.681915199150716,single_maturity_ea_slope
2024-05-01,AT,PEPP,40168.0,1021.2877492877509,2.9439443774704546,0.7394282117067154,single_maturity_ea_slope
2024-06-01,AT,PEPP,40512.0,869.4840397697541,2.9592710495539247,0.7870713277786285,single_maturity_ea_slope
2024-07-01,AT,PEPP,38277.33333333333,0.0,2.869857741861543,0.7870713277786285,single_maturity_ea_slope
2024-08-01,AT,PEPP,38332.444444444445,535.4993306559628,2.596558767723364,0.8123496351489067,single_maturity_ea_slope
2024-09-01,AT,PEPP,38506.666666666664,663.406046168677,2.4939999738131196,0.8413216833365307,single_maturity_ea_slope
2024-10-01,AT,PEPP,36511.11111111111,0.0,2.5550318817662387,0.8413216833365307,single_maturity_ea_slope
2024-11-01,AT,PEPP,36715.555555555555,654.5321060705684,2.594153052726666,0.8725695942133657,single_maturity_ea_slope
2024-12-01,AT,PEPP,36805.33333333333,548.4928646787678,2.437133185226368,0.8958855619899603,single_maturity_ea_slope
2025-01-01,AT,PEPP,36547.555555555555,204.83324953913586,2.702638206777046,0.9060116295126598,single_maturity_ea_slope
2025-02-01,AT,PEPP,36547.555555555555,464.2728093947606,2.6459838261757,0.9281149348564484,single_maturity_ea_slope
2025-03-01,AT,PEPP,36547.555555555555,470.7310092163261,2.850626327672857,0.9528768023579477,single_maturity_ea_slope
2025-04-01,AT,PEPP,34984.88888888889,0.0,2.6525101896933,0.9528768023579477,single_maturity_ea_slope
2025-05-01,AT,PEPP,34984.88888888889,439.72962404334953,2.6348310592699526,0.9740175044307481,single_maturity_ea_slope
2025-06-01,AT,PEPP,34984.88888888889,445.1003675431157,2.6122655976245244,0.9948603554891933,single_maturity_ea_slope
2025-07-01,AT,PEPP,34984.88888888889,451.30145625501666,2.648677144461608,1.01619442139441,single_maturity_ea_slope
2025-08-01,AT,PEPP,34984.88888888889,456.9604086845466,2.6442633383123333,1.0374596893792312,single_maturity_ea_slope
2025-09-01,AT,PEPP,34904.0,381.14081117567486,2.6385204933200903,1.0549427748008333,single_maturity_ea_slope
2025-10-01,AT,PEPP,32920.88888888889,0.0,2.6088519768826086,1.0549427748008333,single_maturity_ea_slope
2025-11-01,AT,PEPP,32920.88888888889,416.9312169312169,2.6393982603017,1.0750093336344309,single_maturity_ea_slope
2025-12-01,AT,PEPP,32920.88888888889,422.06267806267806,2.76108487072619,1.096625686674069,single_maturity_ea_slope
2026-01-01,AT,PEPP,32920.88888888889,427.9886751025597,2.7231550396069046,1.1177714140912924,single_maturity_ea_slope
2026-02-01,AT,PEPP,32920.88888888889,433.3976946931133,2.7006155605948248,1.1386092780526345,single_maturity_ea_slope
2026-03-01,AT,PEPP,31366.22222222222,0.0,2.9705714784628188,1.1386092780526345,single_maturity_ea_slope
2026-04-01,AT,PEPP,31366.22222222222,400.28359140150866,3.0288283833042504,1.1627315228873922,single_maturity_ea_slope
2026-05-01,AT,PEPP,31366.22222222222,405.8776167471819,3.0329460479588,1.186932021400221,single_maturity_ea_slope
2026-06-01,AT,PEPP,31366.22222222222,410.98299557419045,2.953379888145091,1.2100773026730836,single_maturity_ea_slope
2026-07-01,AT,PEPP,30632.888888888887,0.0,3.078787788437609,1.2100773026730836,single_maturity_ea_slope
2026-08-01,AT,PEPP,30632.888888888887,400.7442293156579,3.159780582224024,1.2355836250115313,single_maturity_ea_slope
2015-03-01,AT,PSPP,1080.888888888889,1080.888888888889,0.20885779734735382,0.20885779734735382,single_maturity_ea_slope
2015-04-01,AT,PSPP,2152.0,1082.3985890652557,0.1632136214622199,0.1858999945698839,single_maturity_ea_slope
2015-05-01,AT,PSPP,3320.0,1190.9033631332481,0.5054917166947168,0.3005394092409712,single_maturity_ea_slope
2015-06-01,AT,PSPP,4484.444444444444,1200.2357337933015,0.7708276348907063,0.4264093448817922,single_maturity_ea_slope
2015-07-01,AT,PSPP,5696.0,1258.7403666292557,0.7958688482023735,0.5080549893102352,single_maturity_ea_slope
2015-08-01,AT,PSPP,6641.777777777777,1005.6348605856798,0.693307865004047,0.5361042189072804,single_maturity_ea_slope
2015-09-01,AT,PSPP,7778.666666666666,1205.9015424401955,0.7104083253371832,0.5631260209467233,single_maturity_ea_slope
2015-10-01,AT,PSPP,8955.555555555555,1256.9163237311384,0.5943537956124568,0.5675088534229071,single_maturity_ea_slope
2015-11-01,AT,PSPP,10209.777777777777,1344.7921610931323,0.5779649323110528,0.568886087406898,single_maturity_ea_slope
2015-12-01,AT,PSPP,11236.444444444443,1126.64490577534,0.6578303918823348,0.5778042686011748,single_maturity_ea_slope
2016-01-01,AT,PSPP,12434.666666666666,1310.2282473861426,0.5445493419834755,0.5743002306251457,single_maturity_ea_slope
2016-02-01,AT,PSPP,13642.666666666666,1331.0667722354183,0.33938213485764224,0.5513801022431377,single_maturity_ea_slope
2016-03-01,AT,PSPP,14845.333333333332,1337.6891000263915,0.2705073751833159,0.526071112741435,single_maturity_ea_slope
2016-04-01,AT,PSPP,16676.444444444445,1973.7998205818294,0.23162035942756803,0.49122034787982144,single_maturity_ea_slope
2016-05-01,AT,PSPP,18578.666666666664,2062.1420960661435,0.22312814093263805,0.46146341023235504,single_maturity_ea_slope
2016-06-01,AT,PSPP,20222.222222222223,1817.3178700586136,0.22638594605456733,0.4403376174384802,single_maturity_ea_slope
2016-07-01,AT,PSPP,21891.555555555555,1854.5185185185173,0.07992675818078662,0.4098058166684366,single_maturity_ea_slope
2016-08-01,AT,PSPP,23095.11111111111,1401.4184944163244,0.04153744819132785,0.3874591780223011,single_maturity_ea_slope
2016-09-01,AT,PSPP,24769.777777777777,1881.6121067303875,0.08362550655240567,0.3643787483228875,single_maturity_ea_slope
2016-10-01,AT,PSPP,26511.11111111111,1961.6266255583212,0.17946193774170172,0.3506962686399688,single_maturity_ea_slope
2016-11-01,AT,PSPP,28182.22222222222,1908.4107093129633,0.41351363688844833,0.3549500615932344,single_maturity_ea_slope
2016-12-01,AT,PSPP,29511.11111111111,1583.332932065328,0.43036718678968783,0.3589963483465745,single_maturity_ea_slope
2017-01-01,AT,PSPP,31262.22222222222,2016.9769769769753,0.46622352571508846,0.3659144345440677,single_maturity_ea_slope
2017-02-01,AT,PSPP,32940.444444444445,1958.3496614894505,0.48714319228604247,0.37312163228200906,single_maturity_ea_slope
2017-03-01,AT,PSPP,34680.88888888889,2035.2926761347821,0.49456123239883115,0.3802484717786083,single_maturity_ea_slope
2017-04-01,AT,PSPP,36069.33333333333,1697.8742168292424,0.4017904422863166,0.38126250649798393,single_maturity_ea_slope
2017-05-01,AT,PSPP,37397.33333333333,1651.2019115890084,0.5553086625031389,0.38894715457005047,single_maturity_ea_slope
2017-06-01,AT,PSPP,38723.555555555555,1663.865173949685,0.45223091060706555,0.39166631700841836,single_maturity_ea_slope
2017-07-01,AT,PSPP,40078.22222222222,1706.5710246778926,0.6145958114330229,0.4011588791690268,single_maturity_ea_slope
2017-08-01,AT,PSPP,41165.33333333333,1452.1222424610387,0.49068233286329266,0.4043168518563537,single_maturity_ea_slope
2017-09-01,AT,PSPP,42468.444444444445,1678.8443470853165,0.47003129183659276,0.40691464693752327,single_maturity_ea_slope
2017-10-01,AT,PSPP,43758.22222222222,1676.9809546964866,0.48611625906552924,0.40994995295259423,single_maturity_ea_slope
2017-11-01,AT,PSPP,45043.555555555555,1684.2959721209197,0.39642443837299834,0.40944419870104143,single_maturity_ea_slope
2017-12-01,AT,PSPP,46187.555555555555,1557.3953336596508,0.3862867638358759,0.4086633545848128,single_maturity_ea_slope
2018-01-01,AT,PSPP,46675.555555555555,917.0928609769189,0.5441315793755934,0.41132506777421385,single_maturity_ea_slope
2018-02-01,AT,PSPP,47194.666666666664,955.6576464230768,0.7046018021334349,0.41726370816525477,single_maturity_ea_slope
2018-03-01,AT,PSPP,47685.33333333333,936.5724363819577,0.6766848678262241,0.42235891649386814,single_maturity_ea_slope
2018-04-01,AT,PSPP,48246.22222222222,1015.0349206349222,0.6195368002763172,0.4265072710882284,single_maturity_ea_slope
2018-05-01,AT,PSPP,48758.22222222222,976.2631083739628,0.6026762386618083,0.430034620036649,single_maturity_ea_slope
2018-06-01,AT,PSPP,49319.11111111111,1035.0061800423543,0.5367254689399218,0.43227362405519415,single_maturity_ea_slope
2018-07-01,AT,PSPP,49896.0,1060.9791039567262,0.42777015058061196,0.4321778630472625,single_maturity_ea_slope
2018-08-01,AT,PSPP,50403.555555555555,1001.9669705377189,0.42237204330345346,0.431982934189684,single_maturity_ea_slope
2018-09-01,AT,PSPP,50941.33333333333,1042.6210826210786,0.4830279581287884,0.43302767751773075,single_maturity_ea_slope
2018-10-01,AT,PSPP,51193.777777777774,768.8813192754806,0.49433472288453495,0.433948450392261,single_maturity_ea_slope
2018-11-01,AT,PSPP,51394.666666666664,725.630358525809,0.4145927213388704,0.4336751709739191,single_maturity_ea_slope
2018-12-01,AT,PSPP,51723.555555555555,859.606223323697,0.32540417849498526,0.43187578928136783,single_maturity_ea_slope
2019-01-01,AT,PSPP,51978.666666666664,793.8981481481466,0.24740783234975208,0.4290583109043283,single_maturity_ea_slope
2019-02-01,AT,PSPP,52118.22222222222,685.7794591565075,0.252947887952399,0.42674102329446223,single_maturity_ea_slope
2019-03-01,AT,PSPP,51876.44444444444,306.60419004863127,0.1888636836386271,0.42533510217097037,single_maturity_ea_slope
2019-04-01,AT,PSPP,52112.0,786.2609105921273,0.12272511376915227,0.4207693513835301,single_maturity_ea_slope
2019-05-01,AT,PSPP,52291.555555555555,739.1775486827025,0.03725990898419426,0.4153481783754287,single_maturity_ea_slope
2019-06-01,AT,PSPP,51833.777777777774,101.60985118622784,-0.14270174252425474,0.41425423207538853,single_maturity_ea_slope
2019-07-01,AT,PSPP,51917.33333333333,641.6280983826196,-0.27105645712867726,0.40578471782872805,single_maturity_ea_slope
2019-08-01,AT,PSPP,51981.33333333333,628.8099796924862,-0.5042193977423453,0.3947765417636215,single_maturity_ea_slope
2019-09-01,AT,PSPP,52105.777777777774,694.4152046783634,-0.4337924705290924,0.38373417861696135,single_maturity_ea_slope
2019-10-01,AT,PSPP,51755.555555555555,215.89878796658786,-0.3262171370283977,0.38077261001011714,single_maturity_ea_slope
2019-11-01,AT,PSPP,52332.44444444444,1139.9388840537608,-0.22064350000460864,0.367672178402533,single_maturity_ea_slope
2019-12-01,AT,PSPP,52956.44444444444,1195.5644871608174,-0.18877091830356524,0.35510971102907635,single_maturity_ea_slope
2020-01-01,AT,PSPP,53633.777777777774,1257.9961013645247,-0.2242014938404105,0.3415217955885094,single_maturity_ea_slope
2020-02-01,AT,PSPP,54157.33333333333,1111.6452241715392,-0.38434226139341765,0.32662255179865507,single_maturity_ea_slope
2020-03-01,AT,PSPP,55066.666666666664,1503.9461279461302,-0.206155971493172,0.3120716402279965,single_maturity_ea_slope
2020-04-01,AT,PSPP,56209.777777777774,1746.1188494670737,-0.07272324473206448,0.30011824655930797,single_maturity_ea_slope
2020-05-01,AT,PSPP,57472.88888888888,1875.4180585814556,-0.22508955027907712,0.2829800061516831,single_maturity_ea_slope
2020-06-01,AT,PSPP,58312.0,1461.1120731120786,-0.2549872406745922,0.26950026888874007,single_maturity_ea_slope
2020-07-01,AT,PSPP,57712.0,15.885086607520066,-0.35265216406323596,0.2693290229558228,single_maturity_ea_slope
2020-08-01,AT,PSPP,58048.88888888888,947.9858816885444,-0.3841163181230065,0.25865772554333333,single_maturity_ea_slope
2020-09-01,AT,PSPP,58739.555555555555,1307.6829176114938,-0.4262780805078237,0.24340941723111895,single_maturity_ea_slope
2020-10-01,AT,PSPP,59311.11111111111,1199.1149097815755,-0.5015762125286118,0.22834776420384062,single_maturity_ea_slope
2020-11-01,AT,PSPP,60070.22222222222,1394.4057888222396,-0.5107442991217147,0.21119127279348468,single_maturity_ea_slope
2020-12-01,AT,PSPP,60588.44444444444,1168.3328523328491,-0.5167922661272436,0.19715349558567913,single_maturity_ea_slope
2021-01-01,AT,PSPP,61134.22222222222,1204.920994101154,-0.49815819897461816,0.18344929476712005,single_maturity_ea_slope
2021-02-01,AT,PSPP,61652.44444444444,1191.210137482261,-0.33348543651406914,0.17346140381052216,single_maturity_ea_slope
2021-03-01,AT,PSPP,62210.666666666664,1243.2493827160533,-0.2561387164496434,0.1648760580338891,single_maturity_ea_slope
2021-04-01,AT,PSPP,62805.33333333333,1288.6723189052482,-0.22372804697517634,0.15690247798010176,single_maturity_ea_slope
2021-05-01,AT,PSPP,63262.22222222222,1167.035127393338,-0.1289515123794862,0.15162916262163476,single_maturity_ea_slope
2021-06-01,AT,PSPP,63844.44444444444,1301.4380273861823,-0.17566149357249036,0.14495750137239544,single_maturity_ea_slope
2021-07-01,AT,PSPP,64406.22222222222,1287.6127532716923,-0.3010912521987843,0.13604007004569002,single_maturity_ea_slope
2021-08-01,AT,PSPP,64712.88888888888,1043.9173789173765,-0.38454954634656946,0.12764216729143482,single_maturity_ea_slope
2021-09-01,AT,PSPP,62924.44444444444,0.0,-0.24296106898399872,0.12764216729143482,single_maturity_ea_slope
2021-10-01,AT,PSPP,63482.666666666664,1266.8308308308347,-0.09401233398800324,0.12321893224543973,single_maturity_ea_slope
2021-11-01,AT,PSPP,63978.666666666664,1217.721994846142,-0.163592589227125,0.11775997668620496,single_maturity_ea_slope
2021-12-01,AT,PSPP,64365.33333333333,1119.0231990231964,-0.17777762171609113,0.11262190916338051,single_maturity_ea_slope
2022-01-01,AT,PSPP,65364.44444444444,1744.0802469135785,0.03327952024176323,0.11050486381193196,single_maturity_ea_slope
2022-02-01,AT,PSPP,65726.22222222222,1124.668119099495,0.42494507060030884,0.11588537807216542,single_maturity_ea_slope
2022-03-01,AT,PSPP,66376.88888888889,1421.0162004479914,0.5918396149764582,0.12607474808685554,single_maturity_ea_slope
2022-04-01,AT,PSPP,67222.22222222222,1603.0603754439323,1.2011662586498868,0.15171264792989322,single_maturity_ea_slope
2022-05-01,AT,PSPP,68259.55555555555,1803.66053604904,1.4342508596032038,0.18560187471349465,single_maturity_ea_slope
2022-06-01,AT,PSPP,68896.0,1412.4739528068394,1.9646871416876561,0.22207585868097324,single_maturity_ea_slope
2022-07-01,AT,PSPP,69416.0,1313.0018416206262,1.52038702529646,0.24663338076180125,single_maturity_ea_slope
2022-08-01,AT,PSPP,69460.44444444444,853.4887334887269,1.5247940844424048,0.2623386612117692,single_maturity_ea_slope
2022-09-01,AT,PSPP,68313.77777777778,0.0,2.3812145028775147,0.2623386612117692,single_maturity_ea_slope
2022-10-01,AT,PSPP,69106.66666666666,1578.1047254150574,2.7816371116452845,0.3198688096204123,single_maturity_ea_slope
2022-11-01,AT,PSPP,66487.11111111111,0.0,2.644270515988397,0.3198688096204123,single_maturity_ea_slope
2022-12-01,AT,PSPP,66792.0,1046.6014180177517,2.7100766724192935,0.3573223210972732,single_maturity_ea_slope
2023-01-01,AT,PSPP,67299.55555555555,1261.7560975609676,2.786832494852809,0.402871645316687,single_maturity_ea_slope
2023-02-01,AT,PSPP,67679.11111111111,1147.8153221714929,3.0359787995726695,0.44752827107544657,single_maturity_ea_slope
2023-03-01,AT,PSPP,68232.0,1335.125494426467,3.0370660626772152,0.49819889372095505,single_maturity_ea_slope
2023-04-01,AT,PSPP,67675.55555555555,230.00092208390151,2.975010811406876,0.5066165420168528,single_maturity_ea_slope
2023-05-01,AT,PSPP,68109.33333333333,1223.6418715634434,2.950384442562691,0.5505209025669082,single_maturity_ea_slope
2023-06-01,AT,PSPP,68272.88888888889,967.4900849858421,3.010568109125909,0.5853820505229647,single_maturity_ea_slope
2023-07-01,AT,PSPP,65697.77777777778,0.0,3.1140131542646503,0.5853820505229647,single_maturity_ea_slope
2023-08-01,AT,PSPP,65697.77777777778,759.3363127343711,3.1192372819757823,0.6146684031749853,single_maturity_ea_slope
2023-09-01,AT,PSPP,65697.77777777778,767.8562152615449,3.22988261366,0.6452342541624212,single_maturity_ea_slope
2023-10-01,AT,PSPP,62480.0,0.0,3.399710160308166,0.6452342541624212,single_maturity_ea_slope
2023-11-01,AT,PSPP,62480.0,704.5557059088859,3.127998525141045,0.6732311449041739,single_maturity_ea_slope
2023-12-01,AT,PSPP,62480.0,713.2420091324201,2.5754151641073686,0.6949455743471328,single_maturity_ea_slope
2024-01-01,AT,PSPP,62326.22222222222,565.3750767341895,2.626570457374364,0.7124677749157693,single_maturity_ea_slope
2024-02-01,AT,PSPP,62326.22222222222,725.3983033312642,2.7893942453316827,0.7366405690314107,single_maturity_ea_slope
2024-03-01,AT,PSPP,62326.22222222222,733.5948943293575,2.7726242713672,0.7606045956596569,single_maturity_ea_slope
2024-04-01,AT,PSPP,62326.22222222222,743.0403221533408,2.8878989879490957,0.7859657591347337,single_maturity_ea_slope
2024-05-01,AT,PSPP,62326.22222222222,751.6428150292115,2.9389007108645,0.8119297599997816,single_maturity_ea_slope
2024-06-01,AT,PSPP,62326.22222222222,760.446830432189,2.954508326694075,0.8380715189882428,single_maturity_ea_slope
2024-07-01,AT,PSPP,60462.22222222222,0.0,2.8686819932315863,0.8380715189882428,single_maturity_ea_slope
2024-08-01,AT,PSPP,60462.22222222222,729.1633167175859,2.605555189033114,0.8593870480529423,single_maturity_ea_slope
2024-09-01,AT,PSPP,60426.666666666664,702.1484735101141,2.5097416290752625,0.8785639117414118,single_maturity_ea_slope
2024-10-01,AT,PSPP,57392.0,0.0,2.573429877698956,0.8785639117414118,single_maturity_ea_slope
2024-11-01,AT,PSPP,57185.777777777774,465.5006242197213,2.6161426077714283,0.8927080573500631,single_maturity_ea_slope
2024-12-01,AT,PSPP,57185.777777777774,677.8778778778778,2.459807482873473,0.9112843900376331,single_maturity_ea_slope
2025-01-01,AT,PSPP,57185.777777777774,685.6807887023714,2.7258222970534094,0.9330414392824266,single_maturity_ea_slope
2025-02-01,AT,PSPP,57185.777777777774,693.6654267076392,2.669001732363275,0.9540986965978178,single_maturity_ea_slope
2025-03-01,AT,PSPP,57185.777777777774,701.838215240277,2.884165981600476,0.9777863166886701,single_maturity_ea_slope
2025-04-01,AT,PSPP,55514.666666666664,0.0,2.681743310403625,0.9777863166886701,single_maturity_ea_slope
2025-05-01,AT,PSPP,55514.666666666664,674.37641723356,2.663709636238953,0.9982664347590088,single_maturity_ea_slope
2025-06-01,AT,PSPP,55432.88888888888,599.5509736540631,2.639489971239381,1.0160175783310699,single_maturity_ea_slope
2025-07-01,AT,PSPP,55432.88888888888,688.4362753215212,2.679120917683891,1.0366721155808565,single_maturity_ea_slope
2025-08-01,AT,PSPP,55432.88888888888,697.7956808772518,2.673027492432905,1.057270748219981,single_maturity_ea_slope
2025-09-01,AT,PSPP,55342.22222222222,613.5112917795868,2.6673249352314543,1.0751194428412805,single_maturity_ea_slope
2025-10-01,AT,PSPP,52328.88888888888,0.0,2.6377339102217388,1.0751194428412805,single_maturity_ea_slope
2025-11-01,AT,PSPP,52328.88888888888,637.5351960147282,2.6670454885766,1.0945142533400052,single_maturity_ea_slope
2025-12-01,AT,PSPP,52328.88888888888,645.0799912338373,2.789504999748571,1.1154091096813334,single_maturity_ea_slope
2026-01-01,AT,PSPP,52328.88888888888,652.8055001108893,2.7533710234219044,1.1358427662898736,single_maturity_ea_slope
2026-02-01,AT,PSPP,52328.88888888888,660.7182940516274,2.730430657829,1.155976451789105,single_maturity_ea_slope
2026-03-01,AT,PSPP,49629.33333333333,0.0,2.999022492331364,1.155976451789105,single_maturity_ea_slope
2026-04-01,AT,PSPP,49629.33333333333,602.0054989487303,3.0564775211707502,1.1790295943095033,single_maturity_ea_slope
2026-05-01,AT,PSPP,49629.33333333333,609.098347242677,3.0588287571564248,1.2021002762295687,single_maturity_ea_slope
2026-06-01,AT,PSPP,49629.33333333333,617.2802653399667,2.9766214064006817,1.2241714345650303,single_maturity_ea_slope
2026-07-01,AT,PSPP,48912.88888888888,0.0,3.098137298933827,1.2241714345650303,single_maturity_ea_slope
2026-08-01,AT,PSPP,48912.88888888888,612.0231342453563,3.179314499758619,1.2486351866320171,single_maturity_ea_slope
2020-03-01,BE,PEPP,394.66666666666663,394.66666666666663,-0.16136947128686027,-0.16136947128686027,single_maturity_ea_slope
2020-04-01,BE,PEPP,2536.8888888888887,2148.62083873757,-0.10245377538278666,-0.11147075774735586,single_maturity_ea_slope
2020-05-01,BE,PEPP,5743.11111111111,3245.2993770110215,-0.20543251541364674,-0.16456637573519578,single_maturity_ea_slope
2020-06-01,BE,PEPP,8949.333333333332,3291.5328447877464,-0.27202988523703037,-0.2040910708120859,single_maturity_ea_slope
2020-07-01,BE,PEPP,11424.888888888889,2603.4762721555185,-0.3682330020374426,-0.24149534032989295,single_maturity_ea_slope
2020-08-01,BE,PEPP,13174.22222222222,1911.8033118442663,-0.40404990402533025,-0.2650847673174025,single_maturity_ea_slope
2020-09-01,BE,PEPP,15360.0,2370.9129973143476,-0.4466226491174101,-0.29310628577212605,single_maturity_ea_slope
2020-10-01,BE,PEPP,17545.777777777777,2392.229390681003,-0.5118174795080082,-0.32292584420678044,single_maturity_ea_slope
2020-11-01,BE,PEPP,19731.555555555555,2418.233763174939,-0.5404509711098379,-0.3495849996258665,single_maturity_ea_slope
2020-12-01,BE,PEPP,21480.888888888887,2008.27763196267,-0.5349426084931564,-0.36691433556385983,single_maturity_ea_slope
2021-01-01,BE,PEPP,23185.777777777777,1981.561852424296,-0.5049486290569793,-0.3787113730811633,single_maturity_ea_slope
2021-02-01,BE,PEPP,24935.11111111111,2050.2909888081217,-0.40878797143224666,-0.3811844231629714,single_maturity_ea_slope
2021-03-01,BE,PEPP,27091.555555555555,2466.582642343837,-0.2600956273861907,-0.37015975087227015,single_maturity_ea_slope
2021-04-01,BE,PEPP,29632.0,2881.47611055164,-0.20388103389830606,-0.3539904693302327,single_maturity_ea_slope
2021-05-01,BE,PEPP,32077.333333333332,2816.104104104103,-0.08664805738801601,-0.3305201871952391,single_maturity_ea_slope
2021-06-01,BE,PEPP,34392.88888888889,2718.1325301204847,-0.13041789056579234,-0.31470573893596443,single_maturity_ea_slope
2021-07-01,BE,PEPP,36997.33333333333,3027.793642978275,-0.23601178538926668,-0.30826557066375965,single_maturity_ea_slope
2021-08-01,BE,PEPP,38955.555555555555,2413.630067290337,-0.3285289080750076,-0.3095210578399003,single_maturity_ea_slope
2021-09-01,BE,PEPP,41090.666666666664,2620.357194264517,-0.2105298155754809,-0.30320837335753403,single_maturity_ea_slope
2021-10-01,BE,PEPP,43057.777777777774,2482.031746031744,-0.07270735818949195,-0.28992132356847383,single_maturity_ea_slope
2021-11-01,BE,PEPP,45037.33333333333,2514.301926367499,-0.12514867256919646,-0.2807225508357744,single_maturity_ea_slope
2021-12-01,BE,PEPP,46582.22222222222,2108.419085752421,-0.13637033596195694,-0.2741888358176575,single_maturity_ea_slope
2022-01-01,BE,PEPP,48181.33333333333,2185.4935660736246,0.07320361151003257,-0.2584311988655066,single_maturity_ea_slope
2022-02-01,BE,PEPP,49590.22222222222,2020.0169118890594,0.4392640135843672,-0.23001115827409302,single_maturity_ea_slope
2022-03-01,BE,PEPP,50488.0,1528.6966355668678,0.6203500405898641,-0.20426356867418924,single_maturity_ea_slope
2022-04-01,BE,PEPP,50871.11111111111,1031.390515322717,1.1742435437157979,-0.1763149131412182,single_maturity_ea_slope
2022-05-01,BE,PEPP,50713.777777777774,494.86039886039646,1.429075723960895,-0.16064965833641418,single_maturity_ea_slope
2022-06-01,BE,PEPP,50965.33333333333,909.8340833044875,1.9728604569503065,-0.12256219587900369,single_maturity_ea_slope
2022-07-01,BE,PEPP,50718.22222222222,415.46472525567845,1.544906189027306,-0.10890291793009936,single_maturity_ea_slope
2022-08-01,BE,PEPP,50944.0,893.4742262009275,1.495811119026107,-0.08075886500054509,single_maturity_ea_slope
2022-09-01,BE,PEPP,50553.777777777774,278.33420822396806,2.3311825171288487,-0.06747942626446102,single_maturity_ea_slope
2022-10-01,BE,PEPP,50769.777777777774,887.900289444149,2.63917982763844,-0.020143321200416717,single_maturity_ea_slope
2022-11-01,BE,PEPP,49933.33333333333,0.0,2.553215671176418,-0.020143321200416717,single_maturity_ea_slope
2022-12-01,BE,PEPP,50073.777777777774,803.0417551309279,2.6553201177025074,0.022763544450904644,single_maturity_ea_slope
2023-01-01,BE,PEPP,49596.444444444445,183.96853906204626,2.766389320304429,0.03294050030672476,single_maturity_ea_slope
2023-02-01,BE,PEPP,49943.11111111111,1004.7935833923071,2.9566913948934266,0.0917627497213123,single_maturity_ea_slope
2023-03-01,BE,PEPP,50156.444444444445,879.2414814814839,3.0203783776268436,0.14310132389440045,single_maturity_ea_slope
2023-04-01,BE,PEPP,50408.88888888888,928.7719045906684,2.9996664578145116,0.19573286365847317,single_maturity_ea_slope
2023-05-01,BE,PEPP,50736.88888888888,1015.5189428380917,2.942674913089358,0.25071399764531593,single_maturity_ea_slope
2023-06-01,BE,PEPP,49950.22222222222,0.0,3.027922934874295,0.25071399764531593,single_maturity_ea_slope
2023-07-01,BE,PEPP,50194.666666666664,926.8245294474812,3.150943757673095,0.30426558511730484,single_maturity_ea_slope
2023-08-01,BE,PEPP,50450.666666666664,949.6797494011424,3.1527643064688475,0.3578855217919958,single_maturity_ea_slope
2023-09-01,BE,PEPP,50615.11111111111,869.8508575689792,3.251107347134857,0.40760726359331556,single_maturity_ea_slope
2023-10-01,BE,PEPP,49543.11111111111,0.0,3.404431112515227,0.40760726359331556,single_maturity_ea_slope
2023-11-01,BE,PEPP,49726.22222222222,866.6529310767704,3.1275329532714546,0.45501145932602777,single_maturity_ea_slope
2023-12-01,BE,PEPP,49845.33333333333,814.3882674620913,2.5788993478538953,0.4897121878025537,single_maturity_ea_slope
2024-01-01,BE,PEPP,50327.11111111111,1183.4294294294327,2.6427950515300003,0.5403413927912882,single_maturity_ea_slope
2024-02-01,BE,PEPP,50752.88888888888,1139.0304862685775,2.8333203569455243,0.5918019697500119,single_maturity_ea_slope
2024-03-01,BE,PEPP,51184.0,1156.5669271329702,2.84070795796665,0.6426188322109889,single_maturity_ea_slope
2024-04-01,BE,PEPP,51614.22222222222,1169.4481032158642,2.9156222345863334,0.6941193567382499,single_maturity_ea_slope
2024-05-01,BE,PEPP,52130.666666666664,1271.038336582197,2.9976856781650003,0.750284399171233,single_maturity_ea_slope
2024-06-01,BE,PEPP,49954.666666666664,0.0,3.0454266975068247,0.750284399171233,single_maturity_ea_slope
2024-07-01,BE,PEPP,50182.22222222222,937.9461509290852,2.956191977661782,0.791514588487845,single_maturity_ea_slope
2024-08-01,BE,PEPP,50252.444444444445,793.7260028194324,2.635303499847864,0.8206368176417816,single_maturity_ea_slope
2024-09-01,BE,PEPP,50372.444444444445,852.1160321160321,2.551997504605334,0.8499250567774503,single_maturity_ea_slope
2024-10-01,BE,PEPP,48595.555555555555,0.0,2.590317759810652,0.8499250567774503,single_maturity_ea_slope
2024-11-01,BE,PEPP,48732.444444444445,831.5080363382266,2.682024147548452,0.8811856498938236,single_maturity_ea_slope
2024-12-01,BE,PEPP,48777.777777777774,751.6006441223784,2.5581395239486837,0.9070252774727038,single_maturity_ea_slope
2025-01-01,BE,PEPP,48777.777777777774,718.1651616280591,2.823861433126819,0.9352472467844545,single_maturity_ea_slope
2025-02-01,BE,PEPP,48777.777777777774,728.4614363467408,2.72451754209885,0.9619687267025309,single_maturity_ea_slope
2025-03-01,BE,PEPP,48777.777777777774,739.057239057239,2.9199592517047614,0.9916352498086252,single_maturity_ea_slope
2025-04-01,BE,PEPP,48777.777777777774,749.9658329916633,2.6451795074175504,1.0170587470043344,single_maturity_ea_slope
2025-05-01,BE,PEPP,48777.777777777774,762.6294211660064,2.631704319879953,1.0423033619648663,single_maturity_ea_slope
2025-06-01,BE,PEPP,45113.777777777774,0.0,2.6660833366743812,1.0423033619648663,single_maturity_ea_slope
2025-07-01,BE,PEPP,45113.777777777774,665.3949524745983,2.7463393192214123,1.067436635670715,single_maturity_ea_slope
2025-08-01,BE,PEPP,45113.777777777774,674.9517920074472,2.751884318155405,1.0926378278084272,single_maturity_ea_slope
2025-09-01,BE,PEPP,45113.777777777774,686.0367666937009,2.778489746174363,1.1182742620901476,single_maturity_ea_slope
2025-10-01,BE,PEPP,45113.777777777774,696.2002743484223,2.7288696212999994,1.1431291287446208,single_maturity_ea_slope
2025-11-01,BE,PEPP,45113.777777777774,706.6694514062934,2.7349155386618005,1.1680631263936996,single_maturity_ea_slope
2025-12-01,BE,PEPP,45113.777777777774,718.8301111819275,2.844863471270714,1.1947807864459146,single_maturity_ea_slope
2026-01-01,BE,PEPP,45113.777777777774,729.9964041711613,2.8658471151369045,1.2218206946771604,single_maturity_ea_slope
2026-02-01,BE,PEPP,45113.777777777774,741.5150851048286,2.7960784401686745,1.24769606853468,single_maturity_ea_slope
2026-03-01,BE,PEPP,43313.777777777774,0.0,3.124357039412,1.24769606853468,single_maturity_ea_slope
2026-04-01,BE,PEPP,43313.777777777774,702.2337512609886,3.2024922020265003,1.2793886128519922,single_maturity_ea_slope
2026-05-01,BE,PEPP,43238.22222222222,636.3737307327058,3.2337337290995247,1.3081523739144556,single_maturity_ea_slope
2026-06-01,BE,PEPP,40711.11111111111,0.0,3.186255333378318,1.3081523739144556,single_maturity_ea_slope
2026-07-01,BE,PEPP,40711.11111111111,644.979580340797,3.315488072953131,1.3399542702870582,single_maturity_ea_slope
2026-08-01,BE,PEPP,40711.11111111111,656.207464718103,3.426450578632595,1.373585738829056,single_maturity_ea_slope
2015-03-01,BE,PSPP,1358.2222222222222,1358.2222222222222,0.39946599674043765,0.39946599674043765,single_maturity_ea_slope
2015-04-01,BE,PSPP,2718.222222222222,1372.4516155319236,0.36238781956961386,0.38074493569434203,single_maturity_ea_slope
2015-05-01,BE,PSPP,4190.222222222222,1496.8375568551003,0.7707800510098389,0.5200738729522152,single_maturity_ea_slope
2015-06-01,BE,PSPP,5663.11111111111,1511.3454070810897,1.0912623013653961,0.6725100499797844,single_maturity_ea_slope
2015-07-01,BE,PSPP,7122.666666666666,1513.0013002810285,0.987869977113835,0.7394990025926188,single_maturity_ea_slope
2015-08-01,BE,PSPP,8333.333333333332,1278.1928959676393,0.8442244041811094,0.7555621143131509,single_maturity_ea_slope
2015-09-01,BE,PSPP,9784.888888888889,1529.147113594042,0.872019566466688,0.7737616645420059,single_maturity_ea_slope
2015-10-01,BE,PSPP,11276.444444444443,1580.1867954911424,0.7509068613105081,0.7705589831952492,single_maturity_ea_slope
2015-11-01,BE,PSPP,12844.444444444443,1665.7839441939338,0.7865001838643809,0.7726263825476049,single_maturity_ea_slope
2015-12-01,BE,PSPP,14129.777777777777,1397.8854227518798,0.822462343639157,0.7775567476697142,single_maturity_ea_slope
2016-01-01,BE,PSPP,15648.888888888889,1642.7961406784939,0.7948339537512611,0.7793704820296421,single_maturity_ea_slope
2016-02-01,BE,PSPP,17166.222222222223,1653.4579757210242,0.6703927193925379,0.7688736966288746,single_maturity_ea_slope
2016-03-01,BE,PSPP,18686.222222222223,1667.3242552542242,0.5857336321538998,0.7525325727796243,single_maturity_ea_slope
2016-04-01,BE,PSPP,21008.0,2480.6742252456534,0.5277474224703111,0.7259894116700335,single_maturity_ea_slope
2016-05-01,BE,PSPP,23403.555555555555,2574.7435460025013,0.5248102842858829,0.7038566780948653,single_maturity_ea_slope
2016-06-01,BE,PSPP,25484.44444444444,2283.2017826955566,0.39653847759600397,0.6763234326767275,single_maturity_ea_slope
2016-07-01,BE,PSPP,27589.333333333332,2322.2587664430057,0.179971282646201,0.6345443103715651,single_maturity_ea_slope
2016-08-01,BE,PSPP,29104.0,1746.4318996415782,0.14330640494270025,0.6050667970278982,single_maturity_ea_slope
2016-09-01,BE,PSPP,31216.888888888887,2355.664998331663,0.17907465009360582,0.5729209033845875,single_maturity_ea_slope
2016-10-01,BE,PSPP,33418.666666666664,2460.366983285472,0.27411320085761176,0.5509219226059181,single_maturity_ea_slope
2016-11-01,BE,PSPP,35527.11111111111,2387.771313941826,0.5666049407342805,0.5519759756834626,single_maturity_ea_slope
2016-12-01,BE,PSPP,37186.666666666664,1955.023878169586,0.6115684286111345,0.5551089445369665,single_maturity_ea_slope
2017-01-01,BE,PSPP,39399.11111111111,2519.265126512652,0.7082828663601687,0.5649032192974329,single_maturity_ea_slope
2017-02-01,BE,PSPP,41505.777777777774,2433.6845211745585,0.8734662072591991,0.5829957598499914,single_maturity_ea_slope
2017-03-01,BE,PSPP,43637.33333333333,2472.998281598478,0.8809627662143897,0.5998820321866497,single_maturity_ea_slope
2017-04-01,BE,PSPP,45391.11111111111,2109.2464429238653,0.798388346369927,0.6091062773491902,single_maturity_ea_slope
2017-05-01,BE,PSPP,47062.22222222222,2041.2278031456096,0.7885493889599984,0.6168892559508676,single_maturity_ea_slope
2017-06-01,BE,PSPP,48738.666666666664,2053.5455840455847,0.6534405468054115,0.6184293009922895,single_maturity_ea_slope
2017-07-01,BE,PSPP,50449.777777777774,2104.672695951764,0.856575255350032,0.6283643157706678,single_maturity_ea_slope
2017-08-01,BE,PSPP,51822.22222222222,1783.8092338914264,0.7480428254175102,0.6324838540971207,single_maturity_ea_slope
2017-09-01,BE,PSPP,53468.44444444444,2067.130459894589,0.7220375516761159,0.6359460677071328,single_maturity_ea_slope
2017-10-01,BE,PSPP,55096.0,2066.109069699627,0.703626705428337,0.6384841027630141,single_maturity_ea_slope
2017-11-01,BE,PSPP,56717.33333333333,2078.6374501991986,0.5833789237607201,0.6364645492677728,single_maturity_ea_slope
2017-12-01,BE,PSPP,58191.11111111111,1947.3694054776252,0.5274692774746931,0.6328170152444701,single_maturity_ea_slope
2018-01-01,BE,PSPP,58824.88888888888,1125.0907726368678,0.6842146653580845,0.6338000518973276,single_maturity_ea_slope
2018-02-01,BE,PSPP,59497.777777777774,1175.665716999052,0.939931605993907,0.639849158040203,single_maturity_ea_slope
2018-03-01,BE,PSPP,60132.44444444444,1143.194681861346,0.8410349296242,0.6436739568865809,single_maturity_ea_slope
2018-04-01,BE,PSPP,60844.44444444444,1230.740894103213,0.7711140096751583,0.646251771277783,single_maturity_ea_slope
2018-05-01,BE,PSPP,61487.11111111111,1168.093648052202,0.7887512563668903,0.6489588872956833,single_maturity_ea_slope
2018-06-01,BE,PSPP,62211.555555555555,1251.597317482092,0.7567770148973274,0.6511280161348048,single_maturity_ea_slope
2018-07-01,BE,PSPP,62945.777777777774,1272.5707472789477,0.6387781163674349,0.6508783390042548,single_maturity_ea_slope
2018-08-01,BE,PSPP,63589.33333333333,1192.8206321504742,0.6604920877273925,0.6510586755045473,single_maturity_ea_slope
2018-09-01,BE,PSPP,64238.22222222222,1207.2778363189339,0.7146370587176679,0.6522535524838116,single_maturity_ea_slope
2018-10-01,BE,PSPP,64549.33333333333,880.5988967691078,0.7848881088374837,0.6540629878097407,single_maturity_ea_slope
2018-11-01,BE,PSPP,64802.666666666664,830.4911778731545,0.735270080486862,0.6551037130995808,single_maturity_ea_slope
2018-12-01,BE,PSPP,65215.11111111111,996.8840788840797,0.6734503500809268,0.6553841614496052,single_maturity_ea_slope
2019-01-01,BE,PSPP,65461.33333333333,840.1667678607536,0.6830483287486446,0.6557392185931382,single_maturity_ea_slope
2019-02-01,BE,PSPP,65595.55555555555,735.0053842388611,0.6018435057566217,0.6551353112279711,single_maturity_ea_slope
2019-03-01,BE,PSPP,65076.44444444444,80.92141318047072,0.45967051847998947,0.6548922541987922,single_maturity_ea_slope
2019-04-01,BE,PSPP,65262.22222222222,785.6712553261258,0.38445958568297023,0.6516366008220109,single_maturity_ea_slope
2019-05-01,BE,PSPP,65427.555555555555,772.3108465608489,0.3167528148855189,0.6476836122376138,single_maturity_ea_slope
2019-06-01,BE,PSPP,65514.666666666664,701.8006597352692,0.06164435789483805,0.6414058922055317,single_maturity_ea_slope
2019-07-01,BE,PSPP,65720.88888888889,827.3320692706399,-0.08960235094057506,0.6322035431095169,single_maturity_ea_slope
2019-08-01,BE,PSPP,65768.88888888889,677.5104299702001,-0.35251077652352514,0.6220596250144508,single_maturity_ea_slope
2019-09-01,BE,PSPP,64714.666666666664,0.0,-0.30460129801013713,0.6220596250144508,single_maturity_ea_slope
2019-10-01,BE,PSPP,65029.33333333333,930.9968253968229,-0.22910790613111467,0.6098738277940573,single_maturity_ea_slope
2019-11-01,BE,PSPP,65678.22222222222,1274.6522966384414,-0.1170462777804169,0.5957661015083471,single_maturity_ea_slope
2019-12-01,BE,PSPP,66442.66666666666,1401.6022075626202,-0.0761890273451591,0.5815912671852601,single_maturity_ea_slope
2020-01-01,BE,PSPP,67296.0,1502.4410577048425,-0.11415841497725143,0.566058057360515,single_maturity_ea_slope
2020-02-01,BE,PSPP,67923.55555555555,1291.224194608802,-0.2119835438165823,0.5512675162642034,single_maturity_ea_slope
2020-03-01,BE,PSPP,69669.33333333333,2419.622574955911,-0.09459317609505201,0.5288367129718542,single_maturity_ea_slope
2020-04-01,BE,PSPP,71435.55555555555,2459.0357995226695,0.05966206842429106,0.5126862506677774,single_maturity_ea_slope
2020-05-01,BE,PSPP,73142.22222222222,2419.5963628299005,-0.04965436508956481,0.494083625983719,single_maturity_ea_slope
2020-06-01,BE,PSPP,74658.66666666666,2248.1593526299343,-0.13009812692459524,0.4752879508371617,single_maturity_ea_slope
2020-07-01,BE,PSPP,75619.55555555555,1712.2844873859383,-0.2549012901368558,0.45875397756807296,single_maturity_ea_slope
2020-08-01,BE,PSPP,76010.66666666666,1159.6025293586254,-0.2979856209490196,0.44720931954850224,single_maturity_ea_slope
2020-09-01,BE,PSPP,74752.88888888889,0.0,-0.3301463648182591,0.44720931954850224,single_maturity_ea_slope
2020-10-01,BE,PSPP,75548.44444444444,1541.5923708139198,-0.41768215939645886,0.42956090712481576,single_maturity_ea_slope
2020-11-01,BE,PSPP,76327.11111111111,1538.1001653040303,-0.4565219601342938,0.4117050734011953,single_maturity_ea_slope
2020-12-01,BE,PSPP,76793.77777777777,1240.4613859601595,-0.463051405959345,0.3975750010676629,single_maturity_ea_slope
2021-01-01,BE,PSPP,77374.22222222222,1366.6215306215386,-0.43842061969777335,0.38280923564824343,single_maturity_ea_slope
2021-02-01,BE,PSPP,77892.44444444444,1318.2038415586771,-0.31904351721699353,0.37093151115732237,single_maturity_ea_slope
2021-03-01,BE,PSPP,78487.11111111111,1408.0798292026411,-0.17529048289131186,0.3611321420481968,single_maturity_ea_slope
2021-04-01,BE,PSPP,79225.77777777777,1566.589779653061,-0.11175450539441509,0.3517814053360128,single_maturity_ea_slope
2021-05-01,BE,PSPP,79715.55555555555,1332.9640035949133,0.0073476114587508745,0.3460219541766961,single_maturity_ea_slope
2021-06-01,BE,PSPP,80336.0,1477.6009557945122,-0.04732710132513235,0.3387871784799927,single_maturity_ea_slope
2021-07-01,BE,PSPP,81036.44444444444,1574.4218160719402,-0.1797698614775863,0.3287123594009471,single_maturity_ea_slope
2021-08-01,BE,PSPP,81374.22222222222,1228.679761555754,-0.2819521699112861,0.31949185777554406,single_maturity_ea_slope
2021-09-01,BE,PSPP,79345.77777777777,0.0,-0.13567519564739333,0.31949185777554406,single_maturity_ea_slope
2021-10-01,BE,PSPP,79952.88888888889,1462.4989698625013,0.004843462248935643,0.3137363064662467,single_maturity_ea_slope
2021-11-01,BE,PSPP,80480.88888888889,1398.946502057613,-0.06624066842087781,0.30713141594851573,single_maturity_ea_slope
2021-12-01,BE,PSPP,80913.77777777777,1320.023907505376,-0.08866080771590532,0.30067447855181395,single_maturity_ea_slope
2022-01-01,BE,PSPP,81923.55555555555,1913.6403534902224,0.12572427907645667,0.2965878424274801,single_maturity_ea_slope
2022-02-01,BE,PSPP,82315.55555555555,1317.0627321088025,0.48542450523524794,0.29960926078955447,single_maturity_ea_slope
2022-03-01,BE,PSPP,80676.44444444444,0.0,0.6812043808105737,0.29960926078955447,single_maturity_ea_slope
2022-04-01,BE,PSPP,82587.55555555555,2805.1319936958216,1.2223541931302664,0.3309508026758308,single_maturity_ea_slope
2022-05-01,BE,PSPP,83673.77777777777,2007.5470276166361,1.4840206969502252,0.3586158860551493,single_maturity_ea_slope
2022-06-01,BE,PSPP,84419.55555555555,1689.3251140179455,2.026369453110405,0.3919894091242843,single_maturity_ea_slope
2022-07-01,BE,PSPP,84912.88888888889,1458.3488289386876,1.6222662458526835,0.41311897858765495,single_maturity_ea_slope
2022-08-01,BE,PSPP,84977.77777777777,1046.313864488609,1.557865787927828,0.4272140101272411,single_maturity_ea_slope
2022-09-01,BE,PSPP,82655.11111111111,0.0,2.3766358656699587,0.4272140101272411,single_maturity_ea_slope
2022-10-01,BE,PSPP,83352.88888888889,1631.1010739737058,2.71189353909478,0.47192203744411365,single_maturity_ea_slope
2022-11-01,BE,PSPP,83608.88888888889,1207.5169964485035,2.584901800478964,0.5024386369459567,single_maturity_ea_slope
2022-12-01,BE,PSPP,83864.0,1220.1259874833268,2.6671198218678405,0.5339322905796898,single_maturity_ea_slope
2023-01-01,BE,PSPP,84205.33333333333,1321.510986442258,2.7672508626822756,0.5689817929381205,single_maturity_ea_slope
2023-02-01,BE,PSPP,84449.77777777777,1238.3695310040853,2.9515924706457954,0.6039203391979141,single_maturity_ea_slope
2023-03-01,BE,PSPP,84850.66666666666,1409.124058155578,3.015788191510002,0.6439744854916182,single_maturity_ea_slope
2023-04-01,BE,PSPP,85050.66666666666,1224.7665056360706,3.0017764204690818,0.6779278564652063,single_maturity_ea_slope
2023-05-01,BE,PSPP,85361.77777777777,1350.3421309872906,2.9522711196342164,0.7139058036042564,single_maturity_ea_slope
2023-06-01,BE,PSPP,82766.22222222222,0.0,3.0147633766590904,0.7139058036042564,single_maturity_ea_slope
2023-07-01,BE,PSPP,82766.22222222222,998.1454681888835,3.130247702894452,0.7430464439719625,single_maturity_ea_slope
2023-08-01,BE,PSPP,82766.22222222222,1009.8367767474648,3.154242170971456,0.7724656207289109,single_maturity_ea_slope
2023-09-01,BE,PSPP,82766.22222222222,1023.3212440927574,3.2523537987122855,0.8031269483498724,single_maturity_ea_slope
2023-10-01,BE,PSPP,80702.22222222222,0.0,3.416172096274977,0.8031269483498724,single_maturity_ea_slope
2023-11-01,BE,PSPP,80702.22222222222,991.9152190538621,3.1332431942774543,0.8317665285603885,single_maturity_ea_slope
2023-12-01,BE,PSPP,80702.22222222222,1003.7589828634603,2.5821453476068426,0.8535374093942995,single_maturity_ea_slope
2024-01-01,BE,PSPP,80702.22222222222,1017.4258979100127,2.657238808451364,0.8762769630889171,single_maturity_ea_slope
2024-02-01,BE,PSPP,80702.22222222222,1029.8905337190176,2.8375816746880242,0.9013063749265778,single_maturity_ea_slope
2024-03-01,BE,PSPP,80702.22222222222,1042.6643697961526,2.83339542361475,0.9262687657365025,single_maturity_ea_slope
2024-04-01,BE,PSPP,80702.22222222222,1055.7590557590559,2.913741949354905,0.9522691998497731,single_maturity_ea_slope
2024-05-01,BE,PSPP,80702.22222222222,1070.8893606982779,2.9905507351614546,0.9793164601378793,single_maturity_ea_slope
2024-06-01,BE,PSPP,76964.44444444444,0.0,3.0388003004844246,0.9793164601378793,single_maturity_ea_slope
2024-07-01,BE,PSPP,76964.44444444444,989.7690900777319,2.9533882693903473,1.004703186079912,single_maturity_ea_slope
2024-08-01,BE,PSPP,76964.44444444444,1002.1412037037035,2.6559619487813637,1.0262039512192538,single_maturity_ea_slope
2024-09-01,BE,PSPP,76964.44444444444,1014.8265353961555,2.5834808151296196,1.0467376651421223,single_maturity_ea_slope
2024-10-01,BE,PSPP,74442.66666666666,0.0,2.627368617494978,1.0467376651421223,single_maturity_ea_slope
2024-11-01,BE,PSPP,74442.66666666666,967.7933784018026,2.7194615292724995,1.0684839452270205,single_maturity_ea_slope
2024-12-01,BE,PSPP,74419.55555555555,956.9134632262608,2.595142049536789,1.0881142652800195,single_maturity_ea_slope
2025-01-01,BE,PSPP,74419.55555555555,993.8509021842355,2.8658825967527277,1.1118558295357983,single_maturity_ea_slope
2025-02-01,BE,PSPP,74419.55555555555,1005.1263581247374,2.768325815165525,1.1342284657544603,single_maturity_ea_slope
2025-03-01,BE,PSPP,74419.55555555555,1020.0048732943468,2.980749874448571,1.1595371473429215,single_maturity_ea_slope
2025-04-01,BE,PSPP,74419.55555555555,1033.6049382716049,2.7188978118175,1.181194934349513,single_maturity_ea_slope
2025-05-01,BE,PSPP,74419.55555555555,1047.5725725725727,2.705784147756953,1.2026559311598652,single_maturity_ea_slope
2025-06-01,BE,PSPP,69231.11111111111,0.0,2.738681666314,1.2026559311598652,single_maturity_ea_slope
2025-07-01,BE,PSPP,69231.11111111111,915.7554379776602,2.825493129599347,1.2241220316683241,single_maturity_ea_slope
2025-08-01,BE,PSPP,69231.11111111111,929.0272559193654,2.828588729143595,1.245652717356398,single_maturity_ea_slope
2025-09-01,BE,PSPP,69231.11111111111,941.1515920488188,2.8533812951439086,1.2675087339114215,single_maturity_ea_slope
2025-10-01,BE,PSPP,69231.11111111111,953.5965717783901,2.798400201560869,1.2885953932454361,single_maturity_ea_slope
2025-11-01,BE,PSPP,69231.11111111111,967.9965200099429,2.8029702544154005,1.3097695383960228,single_maturity_ea_slope
2025-12-01,BE,PSPP,69231.11111111111,981.1665406903502,2.9159137938266664,1.332532353807455,single_maturity_ea_slope
2026-01-01,BE,PSPP,69231.11111111111,996.4178340689566,2.937470187883571,1.3556316317878252,single_maturity_ea_slope
2026-02-01,BE,PSPP,69231.11111111111,1008.6117586117585,2.8678555261027996,1.3776628656793604,single_maturity_ea_slope
2026-03-01,BE,PSPP,66620.44444444444,0.0,3.1820958616746364,1.3776628656793604,single_maturity_ea_slope
2026-04-01,BE,PSPP,66620.44444444444,952.2647862270502,3.25860368769675,1.4045488122490772,single_maturity_ea_slope
2026-05-01,BE,PSPP,66578.66666666666,923.735909822863,3.284020135540625,1.4306252604528067,single_maturity_ea_slope
2026-06-01,BE,PSPP,62133.33333333333,0.0,3.2443591290172953,1.4306252604528067,single_maturity_ea_slope
2026-07-01,BE,PSPP,62133.33333333333,847.4268048736133,3.3722021554420443,1.4571061237232545,single_maturity_ea_slope
2026-08-01,BE,PSPP,62133.33333333333,860.0959763750461,3.483705164509857,1.485159820301142,single_maturity_ea_slope
2020-03-01,CY,PEPP,20.444444444444443,20.444444444444443,1.2208385825500976,1.2208385825500976,single_maturity_ea_slope
2020-04-01,CY,PEPP,212.44444444444443,192.13156013156012,1.9735987045859011,1.9016235144873688,single_maturity_ea_slope
2020-05-01,CY,PEPP,427.55555555555554,216.54344959846577,1.7796583063084062,1.8398519702590403,single_maturity_ea_slope
2020-06-01,CY,PEPP,666.6666666666666,241.968338828002,1.1517413290200094,1.590100487073321,single_maturity_ea_slope
2020-07-01,CY,PEPP,832.0,170.0454245594195,1.0200257504766888,1.4735877459493145,single_maturity_ea_slope
2020-08-01,CY,PEPP,944.0,118.01851851851852,0.9499445983395245,1.408122080151347,single_maturity_ea_slope
2020-09-01,CY,PEPP,1061.3333333333333,124.08004574042302,0.7857885899457122,1.335365326447975,single_maturity_ea_slope
2020-10-01,CY,PEPP,1190.2222222222222,136.7227635075288,0.4881747451191725,1.238047165743026,single_maturity_ea_slope
2020-11-01,CY,PEPP,1319.111111111111,138.02196303117117,0.320948581785277,1.142088799700354,single_maturity_ea_slope
2020-12-01,CY,PEPP,1422.2222222222222,113.43279429664403,0.21242690933943148,1.067941353311865,single_maturity_ea_slope
2021-01-01,CY,PEPP,1521.7777777777776,110.92969360915606,0.22546005060837063,1.0065288434532877,single_maturity_ea_slope
2021-02-01,CY,PEPP,1612.4444444444443,102.9549239161643,0.31450222078852536,0.9623427950409603,single_maturity_ea_slope
2021-03-01,CY,PEPP,1688.0,88.85955262192896,0.3951960173489909,0.9324871025429289,single_maturity_ea_slope
2021-04-01,CY,PEPP,1760.8888888888887,87.01204819277088,0.40710943799248733,0.9065262443901388,single_maturity_ea_slope
2021-05-01,CY,PEPP,1830.2222222222222,84.41460165201187,0.5185179055732088,0.8886302922149318,single_maturity_ea_slope
2021-06-01,CY,PEPP,1894.2222222222222,79.97052549932131,0.3265345797349736,0.8648996607290427,single_maturity_ea_slope
2021-07-01,CY,PEPP,1956.4444444444443,79.21381015030096,0.20455700784227077,0.8381632728451678,single_maturity_ea_slope
2021-08-01,CY,PEPP,2006.2222222222222,67.71364543861799,0.09662129147964041,0.8131348835432006,single_maturity_ea_slope
2021-09-01,CY,PEPP,2051.5555555555557,63.97159255130285,0.16148609519780135,0.792815175085053,single_maturity_ea_slope
2021-10-01,CY,PEPP,2100.4444444444443,68.29444654643272,0.3086624317516447,0.7770732954379397,single_maturity_ea_slope
2021-11-01,CY,PEPP,2149.333333333333,69.05444615122013,0.47347332667423037,0.7673191417339204,single_maturity_ea_slope
2021-12-01,CY,PEPP,2184.0,55.37315350032143,0.5743475039276753,0.7624265372827053,single_maturity_ea_slope
2022-01-01,CY,PEPP,2235.5555555555557,72.69376693766948,0.7865184046914467,0.7632099347653364,single_maturity_ea_slope
2022-02-01,CY,PEPP,2298.6666666666665,84.74831161009998,1.534519107739311,0.7916469200345911,single_maturity_ea_slope
2022-03-01,CY,PEPP,2341.333333333333,65.07082521117593,1.8553468656456278,0.8212094911783809,single_maturity_ea_slope
2022-04-01,CY,PEPP,2341.333333333333,23.035550308277575,2.212097546568269,0.834893946662343,single_maturity_ea_slope
2022-05-01,CY,PEPP,2191.111111111111,0.0,2.6524428814153054,0.834893946662343,single_maturity_ea_slope
2022-06-01,CY,PEPP,2191.111111111111,20.44709883455684,3.377515446294304,0.8586212842848883,single_maturity_ea_slope
2022-07-01,CY,PEPP,2191.111111111111,20.631931366394642,3.3345779272068583,0.8819353769677692,single_maturity_ea_slope
2022-08-01,CY,PEPP,2200.0,29.804420686436973,3.0007489428918785,0.9106399273654655,single_maturity_ea_slope
2022-09-01,CY,PEPP,2207.111111111111,28.379479247228414,3.6601407459151742,0.9459935627250315,single_maturity_ea_slope
2022-10-01,CY,PEPP,2210.6666666666665,25.143105546861516,4.12763451826728,0.982180083091776,single_maturity_ea_slope
2022-11-01,CY,PEPP,2210.6666666666665,21.827277514481302,4.152387706943402,1.0134815011787783,single_maturity_ea_slope
2022-12-01,CY,PEPP,2216.0,27.448846205148875,4.180248238316293,1.0527071749762822,single_maturity_ea_slope
2023-01-01,CY,PEPP,2216.0,22.383838383838384,4.176128574806266,1.084256886085676,single_maturity_ea_slope
2023-02-01,CY,PEPP,2216.0,22.603019175846594,4.1247667419325875,1.1152698385116953,single_maturity_ea_slope
2023-03-01,CY,PEPP,2216.0,22.826534816646067,4.134505082334582,1.146370325160056,single_maturity_ea_slope
2023-04-01,CY,PEPP,2232.0,39.02576891105569,3.9717658507529294,1.1957714151529404,single_maturity_ea_slope
2023-05-01,CY,PEPP,2260.4444444444443,51.81127861529862,3.911998693296465,1.2580296177981092,single_maturity_ea_slope
2023-06-01,CY,PEPP,2278.222222222222,41.65234943435202,3.765216908250227,1.3038680966350922,single_maturity_ea_slope
2023-07-01,CY,PEPP,2121.777777777778,0.0,3.7340945892136665,1.3038680966350922,single_maturity_ea_slope
2023-08-01,CY,PEPP,2141.333333333333,40.455651869363095,3.8064055248181736,1.3511478832094816,single_maturity_ea_slope
2023-09-01,CY,PEPP,2154.6666666666665,34.6274197825512,3.9536954125885715,1.3929731488981503,single_maturity_ea_slope
2023-10-01,CY,PEPP,2177.777777777778,44.718277844631835,4.072626945027984,1.4479969002677833,single_maturity_ea_slope
2023-11-01,CY,PEPP,2185.777777777778,30.05121281670492,3.7339150917623183,1.4794248957175402,single_maturity_ea_slope
2023-12-01,CY,PEPP,2193.777777777778,30.349466030447623,3.15813446429579,1.5026487334018481,single_maturity_ea_slope
2024-01-01,CY,PEPP,2195.5555555555557,24.431410344669377,3.1769757183813487,1.5212800859621054,single_maturity_ea_slope
2024-02-01,CY,PEPP,2195.5555555555557,22.898994113011636,3.2467441665903807,1.5392761652344071,single_maturity_ea_slope
2024-03-01,CY,PEPP,2195.5555555555557,23.15986872948898,3.1518359485859997,1.5562862895313647,single_maturity_ea_slope
2024-04-01,CY,PEPP,2195.5555555555557,23.396798332859714,3.2286178255663174,1.5741073843313962,single_maturity_ea_slope
2024-05-01,CY,PEPP,2195.5555555555557,23.638625705809172,3.2510091519507274,1.5921618822601142,single_maturity_ea_slope
2024-06-01,CY,PEPP,2095.111111111111,0.0,3.287181383824083,1.5921618822601142,single_maturity_ea_slope
2024-07-01,CY,PEPP,2128.0,54.57740970784474,3.1691739018847827,1.6326079495107022,single_maturity_ea_slope
2024-08-01,CY,PEPP,2138.6666666666665,32.9447236180903,2.9152487173727275,1.6523661690860652,single_maturity_ea_slope
2024-09-01,CY,PEPP,2156.4444444444443,40.423549343498564,2.7887049492772387,1.6736673655394814,single_maturity_ea_slope
2024-10-01,CY,PEPP,2179.5555555555557,46.23900090566778,2.7757507516850435,1.697047927948278,single_maturity_ea_slope
2024-11-01,CY,PEPP,2200.0,44.09413580246904,2.814367656260317,1.7194421315096278,single_maturity_ea_slope
2024-12-01,CY,PEPP,2056.8888888888887,0.0,2.712731807802105,1.7194421315096278,single_maturity_ea_slope
2025-01-01,CY,PEPP,2056.8888888888887,21.109286626528004,2.937792081659697,1.7319457229520545,single_maturity_ea_slope
2025-02-01,CY,PEPP,2056.8888888888887,21.319329279528283,2.772370209764,1.7427295588435547,single_maturity_ea_slope
2025-03-01,CY,PEPP,2056.8888888888887,21.560680177032374,2.9340705259851587,1.7552174096521669,single_maturity_ea_slope
2025-04-01,CY,PEPP,2056.8888888888887,21.779848463457103,2.69125881901795,1.7651289027627746,single_maturity_ea_slope
2025-05-01,CY,PEPP,2056.8888888888887,22.00351828079684,2.6600224200209683,1.7747020041455108,single_maturity_ea_slope
2025-06-01,CY,PEPP,2056.8888888888887,22.260702260702256,2.644575328583492,1.7841162176134544,single_maturity_ea_slope
2025-07-01,CY,PEPP,2056.8888888888887,22.494410420919607,2.6625836510665795,1.7937232542872636,single_maturity_ea_slope
2025-08-01,CY,PEPP,2056.8888888888887,22.733077905491694,2.668482003894857,1.8033912333943325,single_maturity_ea_slope
2025-09-01,CY,PEPP,2056.8888888888887,23.007705692269447,2.6895776400461364,1.8133038330213103,single_maturity_ea_slope
2025-10-01,CY,PEPP,2056.8888888888887,23.257450123121764,2.605785794538507,1.8222645064893925,single_maturity_ea_slope
2025-11-01,CY,PEPP,1906.6666666666665,0.0,2.6723558255853503,1.8222645064893925,single_maturity_ea_slope
2025-12-01,CY,PEPP,1906.6666666666665,20.266439909297052,2.7972040548,1.8326273843413334,single_maturity_ea_slope
2026-01-01,CY,PEPP,1906.6666666666665,20.47537227949599,2.8756189779804444,1.8438278954414096,single_maturity_ea_slope
2026-02-01,CY,PEPP,1756.4444444444443,0.0,3.016845950718333,1.8438278954414096,single_maturity_ea_slope
2026-03-01,CY,PEPP,1756.4444444444443,17.571473033657906,3.3182405988272277,1.8585779224860857,single_maturity_ea_slope
2026-04-01,CY,PEPP,1756.4444444444443,17.741863075196406,3.3421870627070835,1.8735638733974092,single_maturity_ea_slope
2026-05-01,CY,PEPP,1756.4444444444443,17.93754538852578,3.3128944747073334,1.8882629195709175,single_maturity_ea_slope
2026-06-01,CY,PEPP,1756.4444444444443,18.11514484781811,3.265426322170182,1.9024663375020154,single_maturity_ea_slope
2026-07-01,CY,PEPP,1756.4444444444443,18.296296296296294,3.3810567572869568,1.917868321041442,single_maturity_ea_slope
2026-08-01,CY,PEPP,1756.4444444444443,18.504471601816732,3.473502379429635,1.9342572175689197,single_maturity_ea_slope
2015-03-01,CY,PSPP,0.0,0.0,5.489731925983347,,single_maturity_ea_slope
2015-04-01,CY,PSPP,0.0,0.0,5.535264506240301,,single_maturity_ea_slope
2015-05-01,CY,PSPP,0.0,0.0,3.078526752287498,,single_maturity_ea_slope
2015-06-01,CY,PSPP,0.0,0.0,2.7363283217631165,,single_maturity_ea_slope
2015-07-01,CY,PSPP,87.1111111111111,87.1111111111111,3.0148213305888083,3.0148213305888083,single_maturity_ea_slope
2015-08-01,CY,PSPP,87.1111111111111,1.3645224171539958,3.0658548526283878,3.015620727863865,single_maturity_ea_slope
2015-09-01,CY,PSPP,87.1111111111111,1.385354820469324,3.05164689952258,3.016193663163781,single_maturity_ea_slope
2015-10-01,CY,PSPP,167.11111111111111,81.33934672680061,3.048105172372871,3.031726210909262,single_maturity_ea_slope
2015-11-01,CY,PSPP,253.33333333333331,88.58254865034525,3.4192405192686186,3.1672275467235287,single_maturity_ea_slope
2015-12-01,CY,PSPP,253.33333333333331,3.633581946834959,3.2685129645470474,3.1686802922459543,single_maturity_ea_slope
2016-01-01,CY,PSPP,253.33333333333331,3.6843125848361447,3.2168983716301383,3.1693815441276323,single_maturity_ea_slope
2016-02-01,CY,PSPP,253.33333333333331,3.736479842674532,3.4718004497027435,3.1738419999620735,single_maturity_ea_slope
2016-03-01,CY,PSPP,239.1111111111111,0.0,3.4688804261818027,3.1738419999620735,single_maturity_ea_slope
2016-04-01,CY,PSPP,239.1111111111111,3.6695996180342405,3.4700116450828142,3.1783872676895246,single_maturity_ea_slope
2016-05-01,CY,PSPP,239.1111111111111,3.724472135687089,3.375088355462249,3.1814511475613743,single_maturity_ea_slope
2016-06-01,CY,PSPP,239.1111111111111,3.7810106121301565,3.3689700683002513,3.1844163423864673,single_maturity_ea_slope
2016-07-01,CY,PSPP,239.1111111111111,3.8467038467038464,3.4455542710262614,3.1886174030145207,single_maturity_ea_slope
2016-08-01,CY,PSPP,239.1111111111111,3.9070442992011616,3.429542354223385,3.192554085223816,single_maturity_ea_slope
2016-09-01,CY,PSPP,220.44444444444443,0.0,3.161707832536782,3.192554085223816,single_maturity_ea_slope
2016-10-01,CY,PSPP,220.44444444444443,3.6740740740740736,2.893379863387678,3.1875678481932135,single_maturity_ea_slope
2016-11-01,CY,PSPP,220.44444444444443,3.733815115928937,2.846053459928403,3.1817833903974004,single_maturity_ea_slope
2016-12-01,CY,PSPP,220.44444444444443,3.803389310635687,2.7800555112133383,3.174852267568138,single_maturity_ea_slope
2017-01-01,CY,PSPP,220.44444444444443,3.867446393762183,2.66241428096517,3.1658621274522964,single_maturity_ea_slope
2017-02-01,CY,PSPP,220.44444444444443,3.9336981521135694,2.520637220724773,3.15434847815309,single_maturity_ea_slope
2017-03-01,CY,PSPP,220.44444444444443,4.002259339949972,2.496727225498951,3.1424090944810836,single_maturity_ea_slope
2017-04-01,CY,PSPP,220.44444444444443,4.082304526748971,2.433446594707676,3.129280159300094,single_maturity_ea_slope
2017-05-01,CY,PSPP,220.44444444444443,4.156192391486509,2.208389993485423,3.111917976686695,single_maturity_ea_slope
2017-06-01,CY,PSPP,190.2222222222222,0.0,2.0914710180787037,3.111917976686695,single_maturity_ea_slope
2017-07-01,CY,PSPP,190.2222222222222,3.4460547504025762,1.7474278460880557,3.0871989525816472,single_maturity_ea_slope
2017-08-01,CY,PSPP,190.2222222222222,3.507046869878728,1.6809234680528555,3.061272044681042,single_maturity_ea_slope
2017-09-01,CY,PSPP,189.33333333333331,2.6733250104036643,1.3654647147320826,3.037327797420593,single_maturity_ea_slope
2017-10-01,CY,PSPP,189.33333333333331,3.618756371049948,0.9810259817492624,2.9980253926868135,single_maturity_ea_slope
2017-11-01,CY,PSPP,189.33333333333331,3.6863966770508823,0.691201624736139,2.9531105996971196,single_maturity_ea_slope
2017-12-01,CY,PSPP,189.33333333333331,3.756613756613756,0.7686661373359279,2.909768447666144,single_maturity_ea_slope
2018-01-01,CY,PSPP,189.33333333333331,3.8388753717220863,0.8469140038964228,2.8679425262596205,single_maturity_ea_slope
2018-02-01,CY,PSPP,189.33333333333331,3.915081334436173,1.023407547711257,2.82980077732355,single_maturity_ea_slope
2018-03-01,CY,PSPP,189.33333333333331,3.9943741209563988,0.9615018720192332,2.79038518860405,single_maturity_ea_slope
2018-04-01,CY,PSPP,189.33333333333331,4.07694516221648,1.2677429127423518,2.7575978872289055,single_maturity_ea_slope
2018-05-01,CY,PSPP,189.33333333333331,4.174015285126396,1.6395688939306308,2.732949981732912,single_maturity_ea_slope
2018-06-01,CY,PSPP,189.33333333333331,4.264264264264264,1.7424257729856294,2.7106408779322977,single_maturity_ea_slope
2018-07-01,CY,PSPP,189.33333333333331,4.370575561711295,1.265794170443445,2.677287999181401,single_maturity_ea_slope
2018-08-01,CY,PSPP,189.33333333333331,4.469625432798237,1.4092279559369558,2.6473526818243553,single_maturity_ea_slope
2018-09-01,CY,PSPP,189.33333333333331,4.573268921095007,1.1802508549255664,2.6119154396287323,single_maturity_ea_slope
2018-10-01,CY,PSPP,327.1111111111111,140.96520763187428,1.7231538474518764,2.2289126674181308,single_maturity_ea_slope
2018-11-01,CY,PSPP,447.1111111111111,125.02012141054499,1.8545990006154116,2.1242479903247613,single_maturity_ea_slope
2018-12-01,CY,PSPP,601.7777777777777,161.07962006757182,1.8848248586129015,2.060160899515343,single_maturity_ea_slope
2019-01-01,CY,PSPP,653.3333333333333,60.2769726247987,1.7560792186891294,2.0321061191823873,single_maturity_ea_slope
2019-02-01,CY,PSPP,703.1111111111111,59.346221441124825,1.5698945964170297,1.9930930713878154,single_maturity_ea_slope
2019-03-01,CY,PSPP,753.7777777777777,60.964134609125786,1.3413261761086828,1.9403793858574319,single_maturity_ea_slope
2019-04-01,CY,PSPP,857.7777777777777,114.46913580246914,1.1266918399895238,1.8317940242384445,single_maturity_ea_slope
2019-05-01,CY,PSPP,960.8888888888888,114.38579273279586,1.0089042046231982,1.7338358675390995,single_maturity_ea_slope
2019-06-01,CY,PSPP,1046.2222222222222,96.83822903363136,0.5822626271158968,1.62724635831587,single_maturity_ea_slope
2019-07-01,CY,PSPP,1170.6666666666665,136.14715386527456,0.47116859925746596,1.4927958772144354,single_maturity_ea_slope
2019-08-01,CY,PSPP,1252.4444444444443,94.97880018042405,0.29442067174892267,1.401917403773187,single_maturity_ea_slope
2019-09-01,CY,PSPP,1395.5555555555554,156.35608197029515,0.36393665103263495,1.285623499877342,single_maturity_ea_slope
2019-10-01,CY,PSPP,1485.3333333333333,104.33300885365972,0.3988744869411676,1.2233363414722855,single_maturity_ea_slope
2019-11-01,CY,PSPP,1615.111111111111,144.40872077751516,0.49145427777474476,1.1578980246583666,single_maturity_ea_slope
2019-12-01,CY,PSPP,1728.0,128.44872618283026,0.48747859083974127,1.1080632316709726,single_maturity_ea_slope
2020-01-01,CY,PSPP,1817.7777777777776,106.25375031782337,0.5378642157337845,1.074733643966955,single_maturity_ea_slope
2020-02-01,CY,PSPP,1854.2222222222222,53.54167711729801,0.49970242583812663,1.058129304182632,single_maturity_ea_slope
2020-03-01,CY,PSPP,1957.3333333333333,120.55112448791905,1.2068523620322753,1.0672890786348068,single_maturity_ea_slope
2020-04-01,CY,PSPP,2060.4444444444443,120.93746205221612,1.8278473815806466,1.1119299284034163,single_maturity_ea_slope
2020-05-01,CY,PSPP,2142.222222222222,100.34034034034039,1.6492480158683795,1.137097569373608,single_maturity_ea_slope
2020-06-01,CY,PSPP,2217.777777777778,94.52670523871384,1.0181689252182569,1.1320285615572445,single_maturity_ea_slope
2020-07-01,CY,PSPP,2345.777777777778,147.0138698369151,0.936178859745163,1.119754328745185,single_maturity_ea_slope
2020-08-01,CY,PSPP,2451.555555555555,125.40443254499439,0.8880447639789107,1.107901688319022,single_maturity_ea_slope
2020-09-01,CY,PSPP,2570.6666666666665,139.45934779400935,0.7215852672276075,1.0869439201158875,single_maturity_ea_slope
2020-10-01,CY,PSPP,2683.555555555555,134.3111111111109,0.44,1.0545645804903458,single_maturity_ea_slope
2020-11-01,CY,PSPP,2790.222222222222,129.07444518666995,0.2891050063142188,1.019154759343226,single_maturity_ea_slope
2020-12-01,CY,PSPP,2910.222222222222,143.3686953284943,0.1879479942146251,0.9782063298539794,single_maturity_ea_slope
2021-01-01,CY,PSPP,2985.777777777778,100.02765631423563,0.20620545388559167,0.9523432402193822,single_maturity_ea_slope
2021-02-01,CY,PSPP,3043.555555555555,83.01254601457401,0.2921308802008355,0.934336041758559,single_maturity_ea_slope
2021-03-01,CY,PSPP,3129.777777777778,111.91924650080719,0.3812931867446185,0.9145595131962776,single_maturity_ea_slope
2021-04-01,CY,PSPP,3206.222222222222,103.2772443225117,0.38976606594741137,0.8976551262530641,single_maturity_ea_slope
2021-05-01,CY,PSPP,3264.8888888888887,86.35425062368051,0.512152840557863,0.887458834088814,single_maturity_ea_slope
2021-06-01,CY,PSPP,3341.333333333333,105.02365390600674,0.32430355171730507,0.8697579286206003,single_maturity_ea_slope
2021-07-01,CY,PSPP,3408.0,96.38325625518826,0.20967734498680363,0.8510898781389541,single_maturity_ea_slope
2021-08-01,CY,PSPP,3464.0,86.73593073593074,0.10541997969728215,0.8324188698643856,single_maturity_ea_slope
2021-09-01,CY,PSPP,3544.0,111.791483113069,0.1688031141572595,0.8114858592696623,single_maturity_ea_slope
2021-10-01,CY,PSPP,3588.4444444444443,77.36900780379031,0.3195985753816757,0.8008804753226896,single_maturity_ea_slope
2021-11-01,CY,PSPP,3635.555555555555,80.82441855609812,0.48448852965293965,0.7938465585928207,single_maturity_ea_slope
2021-12-01,CY,PSPP,3680.8888888888887,79.87871109421866,0.5801832813563264,0.7892098668292262,single_maturity_ea_slope
2022-01-01,CY,PSPP,3758.222222222222,112.59088974031518,0.7912762058265329,0.7892717713501554,single_maturity_ea_slope
2022-02-01,CY,PSPP,3798.222222222222,76.41688199827735,1.5341199646295218,0.8042574602230823,single_maturity_ea_slope
2022-03-01,CY,PSPP,3856.0,94.92783863675888,1.85400921459002,0.8301004750434141,single_maturity_ea_slope
2022-04-01,CY,PSPP,3950.222222222222,132.24983563445096,2.211471370706416,0.8763475122034844,single_maturity_ea_slope
2022-05-01,CY,PSPP,3730.6666666666665,0.0,2.6535809759178717,0.8763475122034844,single_maturity_ea_slope
2022-06-01,CY,PSPP,3767.111111111111,71.21948794432006,3.3779124981980955,0.9236410939713522,single_maturity_ea_slope
2022-07-01,CY,PSPP,3816.0,84.28076328865531,3.335889615429348,0.9769183860652753,single_maturity_ea_slope
2022-08-01,CY,PSPP,3845.333333333333,65.63470319634672,3.0023847946345903,1.0114903919322873,single_maturity_ea_slope
2022-09-01,CY,PSPP,3907.555555555555,99.39675174013917,3.6601407459151742,1.0788642879494454,single_maturity_ea_slope
2022-10-01,CY,PSPP,3955.555555555555,86.4450566268748,4.125189738479013,1.1454389504402958,single_maturity_ea_slope
2022-11-01,CY,PSPP,3983.111111111111,67.03215790640951,4.150217766959367,1.1960066605754405,single_maturity_ea_slope
2022-12-01,CY,PSPP,4004.4444444444443,61.56677890011238,4.179302046139828,1.2418736690818477,single_maturity_ea_slope
2023-01-01,CY,PSPP,4018.6666666666665,54.76945231987754,4.175970044232623,1.2818617708205868,single_maturity_ea_slope
2023-02-01,CY,PSPP,4031.111111111111,53.28455284552835,4.124852533048446,1.3194413580196915,single_maturity_ea_slope
2023-03-01,CY,PSPP,4034.6666666666665,44.87485763746536,4.134829583228099,1.3507550094903846,single_maturity_ea_slope
2023-04-01,CY,PSPP,4046.222222222222,53.32229123533481,3.9723451560445517,1.3853030856011108,single_maturity_ea_slope
2023-05-01,CY,PSPP,4062.222222222222,58.2537826046598,3.9125673335582647,1.4215449980399846,single_maturity_ea_slope
2023-06-01,CY,PSPP,4069.333333333333,49.961556493201805,3.7653343636613634,1.4503210542650806,single_maturity_ea_slope
2023-07-01,CY,PSPP,3816.0,0.0,3.7334518234137937,1.4503210542650806,single_maturity_ea_slope
2023-08-01,CY,PSPP,3816.0,38.40579710144928,3.8024788978488693,1.473994140452518,single_maturity_ea_slope
2023-09-01,CY,PSPP,3816.0,38.78048780487805,3.949661569542857,1.4991533622928668,single_maturity_ea_slope
2023-10-01,CY,PSPP,3816.0,39.16256157635468,4.066176719912788,1.5254980190828906,single_maturity_ea_slope
2023-11-01,CY,PSPP,3816.0,39.552238805970156,3.7278946778836968,1.5483255134734462,single_maturity_ea_slope
2023-12-01,CY,PSPP,3816.0,40.0,3.1503652171926317,1.5651183824851775,single_maturity_ea_slope
2024-01-01,CY,PSPP,3816.0,40.406607369758575,3.167335896451955,1.5820838368897387,single_maturity_ea_slope
2024-02-01,CY,PSPP,3816.0,40.821566110397946,3.2394550289376824,1.5998135244383902,single_maturity_ea_slope
2024-03-01,CY,PSPP,3816.0,41.298701298701296,3.146296515118,1.616550353341849,single_maturity_ea_slope
2024-04-01,CY,PSPP,3816.0,41.73228346456693,3.222069002223778,1.6341085187933138,single_maturity_ea_slope
2024-05-01,CY,PSPP,3816.0,42.23107569721115,3.245527701468273,1.6519418430814385,single_maturity_ea_slope
2024-06-01,CY,PSPP,3545.7777777777774,0.0,3.2834698053900997,1.6519418430814385,single_maturity_ea_slope
2024-07-01,CY,PSPP,3545.7777777777774,37.21429237802033,3.165178583529565,1.667823840777158,single_maturity_ea_slope
2024-08-01,CY,PSPP,3545.7777777777774,37.64095305496579,2.9096003638977272,1.6810061817869306,single_maturity_ea_slope
2024-09-01,CY,PSPP,3545.7777777777774,38.02850469517136,2.7830103459569213,1.6928251882666603,single_maturity_ea_slope
2024-10-01,CY,PSPP,3545.7777777777774,38.4741512345679,2.7703326205871304,1.7045168921763876,single_maturity_ea_slope
2024-11-01,CY,PSPP,3545.7777777777774,38.879142300194935,2.81003550647619,1.7166388068068679,single_maturity_ea_slope
2024-12-01,CY,PSPP,3256.8888888888887,0.0,2.7154337020298245,1.7166388068068679,single_maturity_ea_slope
2025-01-01,CY,PSPP,3256.8888888888887,33.220000906659415,2.9407763348070457,1.7291249097036463,single_maturity_ea_slope
2025-02-01,CY,PSPP,3256.8888888888887,33.54850524195394,2.7753709697190003,1.739902063185469,single_maturity_ea_slope
2025-03-01,CY,PSPP,3256.8888888888887,33.925925925925924,2.938117586326984,1.7523834748848595,single_maturity_ea_slope
2025-04-01,CY,PSPP,3256.8888888888887,34.268612046389826,2.6961588467405333,1.7623137713058996,single_maturity_ea_slope
2025-05-01,CY,PSPP,3256.8888888888887,34.6182917611489,2.664999288346286,1.7719086428730806,single_maturity_ea_slope
2025-06-01,CY,PSPP,3256.8888888888887,34.97518136693394,2.650195102620444,1.7813404132741477,single_maturity_ea_slope
2025-07-01,CY,PSPP,3256.8888888888887,35.385581148293014,2.66757138948955,1.790969172250847,single_maturity_ea_slope
2025-08-01,CY,PSPP,3256.8888888888887,35.75855170058068,2.673594158287238,1.8006598286631919,single_maturity_ea_slope
2025-09-01,CY,PSPP,3256.8888888888887,36.187654320987654,2.694683960829545,1.8105934301317066,single_maturity_ea_slope
2025-10-01,CY,PSPP,3256.8888888888887,36.57781770989318,2.610618764224087,1.8195784406224116,single_maturity_ea_slope
2025-11-01,CY,PSPP,2987.555555555555,0.0,2.6857230644346504,1.8195784406224116,single_maturity_ea_slope
2025-12-01,CY,PSPP,2987.555555555555,31.15931951977008,2.8112871065499996,1.8299216682603714,single_maturity_ea_slope
2026-01-01,CY,PSPP,2987.555555555555,31.51429910923581,2.889017791856667,1.8410935682983072,single_maturity_ea_slope
2026-02-01,CY,PSPP,2698.6666666666665,0.0,3.0498031511966666,1.8410935682983072,single_maturity_ea_slope
2026-03-01,CY,PSPP,2698.6666666666665,25.938741509675765,3.345065866131864,1.8555492805035507,single_maturity_ea_slope
2026-04-01,CY,PSPP,2698.6666666666665,26.180313025481826,3.36896214766685,1.8702312058737807,single_maturity_ea_slope
2026-05-01,CY,PSPP,2698.6666666666665,26.426426426426424,3.338974330061917,1.8846137276539228,single_maturity_ea_slope
2026-06-01,CY,PSPP,2698.6666666666665,26.708894167326473,3.289257077619212,1.8985155818697315,single_maturity_ea_slope
2026-07-01,CY,PSPP,2698.6666666666665,26.96509459099387,3.4046771085481744,1.9135651574760308,single_maturity_ea_slope
2026-08-01,CY,PSPP,2698.6666666666665,27.226257734732307,3.4980354737835238,1.929550531934339,single_maturity_ea_slope
2020-03-01,DE,PEPP,2771.555555555555,2771.555555555555,-0.6136607613938638,-0.6136607613938638,single_maturity_ea_slope
2020-04-01,DE,PEPP,18357.333333333332,15664.604727594487,-0.7425427435801149,-0.7236378082120197,single_maturity_ea_slope
2020-05-01,DE,PEPP,41554.666666666664,23682.977072310405,-0.7888112441514594,-0.7607816746628983,single_maturity_ea_slope
2020-06-01,DE,PEPP,64731.555555555555,24110.282120395328,-0.715754203774652,-0.7440104876125303,single_maturity_ea_slope
2020-07-01,DE,PEPP,82680.0,19307.209254594647,-0.7619890609815447,-0.7482087952822769,single_maturity_ea_slope
2020-08-01,DE,PEPP,95335.11111111111,14261.171717171715,-0.7540557017610119,-0.7490834335591475,single_maturity_ea_slope
2020-09-01,DE,PEPP,111153.77777777777,17580.217130656147,-0.7597893003554008,-0.7507766865156623,single_maturity_ea_slope
2020-10-01,DE,PEPP,126971.55555555555,17763.747276688457,-0.8238430250367653,-0.7609989127949485,single_maturity_ea_slope
2020-11-01,DE,PEPP,142772.44444444444,17991.564450578946,-0.8222370422763808,-0.768715876370695,single_maturity_ea_slope
2020-12-01,DE,PEPP,155441.77777777778,15087.565793435722,-0.8087258535562775,-0.7725993443277093,single_maturity_ea_slope
2021-01-01,DE,PEPP,167777.77777777778,14880.888306774359,-0.7760240759170651,-0.7729030975954952,single_maturity_ea_slope
2021-02-01,DE,PEPP,180433.77777777778,15279.167257313598,-0.701475443073786,-0.7668545899730539,single_maturity_ea_slope
2021-03-01,DE,PEPP,196016.88888888888,18287.454303224073,-0.6569384644433411,-0.756599932151444,single_maturity_ea_slope
2021-04-01,DE,PEPP,214421.3333333333,21159.038161264125,-0.618068743111597,-0.7429297125429191,single_maturity_ea_slope
2021-05-01,DE,PEPP,232121.77777777775,20629.697632058283,-0.5356967244910502,-0.7245119926554262,single_maturity_ea_slope
2021-06-01,DE,PEPP,248879.1111111111,19852.290370370378,-0.568009236764654,-0.7120282685701224,single_maturity_ea_slope
2021-07-01,DE,PEPP,267725.3333333333,22196.77568359959,-0.6913139707465921,-0.7103108718019215,single_maturity_ea_slope
2021-08-01,DE,PEPP,281888.8888888889,17762.014336917568,-0.7586438294734381,-0.7133563649765231,single_maturity_ea_slope
2021-09-01,DE,PEPP,297333.3333333333,19245.53517919213,-0.6180366673588702,-0.7071865939212411,single_maturity_ea_slope
2021-10-01,DE,PEPP,311569.77777777775,18232.860215053755,-0.4742633562091636,-0.6935560779439467,single_maturity_ea_slope
2021-11-01,DE,PEPP,325894.2222222222,18532.57218320427,-0.5466699970717471,-0.6852031317704615,single_maturity_ea_slope
2021-12-01,DE,PEPP,337072.0,15558.076463560366,-0.5770730245296416,-0.6802122204029625,single_maturity_ea_slope
2022-01-01,DE,PEPP,348952.0,16388.72124130551,-0.33074159047672247,-0.6637991414239492,single_maturity_ea_slope
2022-02-01,DE,PEPP,358318.2222222222,14011.483138090134,-0.023079815667858578,-0.6387447973456504,single_maturity_ea_slope
2022-03-01,DE,PEPP,363504.0,9902.973962904485,0.09480633426350732,-0.6187605942645712,single_maturity_ea_slope
2022-04-01,DE,PEPP,364148.44444444444,5370.185474085623,0.6142505904599078,-0.6005770791222933,single_maturity_ea_slope
2022-05-01,DE,PEPP,366660.44444444444,7253.516203703703,0.794652758804404,-0.5729757319068165,single_maturity_ea_slope
2022-06-01,DE,PEPP,363760.8888888889,1786.799818223125,1.2954163141765527,-0.563798157653277,single_maturity_ea_slope
2022-07-01,DE,PEPP,353968.0,0.0,0.8496491260575341,-0.563798157653277,single_maturity_ea_slope
2022-08-01,DE,PEPP,352771.55555555556,3239.244778613205,0.8429800535706993,-0.5508807358724939,single_maturity_ea_slope
2022-09-01,DE,PEPP,351248.8888888889,2806.8811432934945,1.6989570547067674,-0.5329019536767055,single_maturity_ea_slope
2022-10-01,DE,PEPP,351216.8888888889,4272.520697167756,2.024482148302438,-0.5017916145899927,single_maturity_ea_slope
2022-11-01,DE,PEPP,353516.44444444444,6610.023018600345,1.9857684684839096,-0.45527940937953915,single_maturity_ea_slope
2022-12-01,DE,PEPP,350512.8888888889,1322.3921248708266,2.0470906289669912,-0.44583863120241723,single_maturity_ea_slope
2023-01-01,DE,PEPP,354042.6666666666,7863.5177492031835,2.168284059824926,-0.3877772670933222,single_maturity_ea_slope
2023-02-01,DE,PEPP,352503.11111111107,2799.202614379078,2.3628849179916744,-0.3659344505703877,single_maturity_ea_slope
2023-03-01,DE,PEPP,354600.0,6429.522997924222,2.360045776747493,-0.3165076243903905,single_maturity_ea_slope
2023-04-01,DE,PEPP,351488.0,1227.20704845815,2.30051267513726,-0.3073703970667311,single_maturity_ea_slope
2023-05-01,DE,PEPP,352400.0,5232.15732546706,2.2527304882795764,-0.2693600378124763,single_maturity_ea_slope
2023-06-01,DE,PEPP,350750.2222222222,2687.986870178862,2.3454100012247494,-0.24932165411897672,single_maturity_ea_slope
2023-07-01,DE,PEPP,353408.8888888889,7040.853351102246,2.453379867273309,-0.1954765877887215,single_maturity_ea_slope
2023-08-01,DE,PEPP,352086.2222222222,3099.36647758868,2.4789281247646517,-0.1719341717825608,single_maturity_ea_slope
2023-09-01,DE,PEPP,349612.44444444444,1931.7054832610638,2.592225957524857,-0.1566614223045506,single_maturity_ea_slope
2023-10-01,DE,PEPP,350873.77777777775,5642.4416597047975,2.715817529486477,-0.11046875721894282,single_maturity_ea_slope
2023-11-01,DE,PEPP,350341.3333333333,3891.077716142775,2.5039313821544544,-0.08143183477931332,single_maturity_ea_slope
2023-12-01,DE,PEPP,348863.11111111107,2958.7247551502605,1.9826189692685268,-0.06392652104644603,single_maturity_ea_slope
2024-01-01,DE,PEPP,349780.44444444444,5328.854718147624,2.0218201488304546,-0.03215047078643913,single_maturity_ea_slope
2024-02-01,DE,PEPP,349126.2222222222,3735.5925925925667,2.219302820767524,-0.00806029450302102,single_maturity_ea_slope
2024-03-01,DE,PEPP,349505.77777777775,4741.452384918658,2.26980065336085,0.022841538629561123,single_maturity_ea_slope
2024-04-01,DE,PEPP,348036.44444444444,2858.375653513859,2.3486137782160483,0.04194278751131034,single_maturity_ea_slope
2024-05-01,DE,PEPP,348214.2222222222,4474.524005486943,2.442768971003409,0.07279320574661535,single_maturity_ea_slope
2024-06-01,DE,PEPP,345689.77777777775,1761.7965971880367,2.4007295514149245,0.08465745686400096,single_maturity_ea_slope
2024-07-01,DE,PEPP,346283.55555555556,4880.605379188744,2.3503029629626955,0.11659002041487412,single_maturity_ea_slope
2024-08-01,DE,PEPP,342742.2222222222,752.8575837742119,2.044624374037364,0.12082508452658657,single_maturity_ea_slope
2024-09-01,DE,PEPP,340531.55555555556,2045.9431473202349,1.9799449669704052,0.13199483817049576,single_maturity_ea_slope
2024-10-01,DE,PEPP,337677.3333333333,1374.932715129411,2.029184191546761,0.13971969101448958,single_maturity_ea_slope
2024-11-01,DE,PEPP,338192.0,4758.977040388824,2.11866191544369,0.16756701031924712,single_maturity_ea_slope
2024-12-01,DE,PEPP,336424.8888888889,2509.469566683514,1.9897293885935259,0.18115893286973703,single_maturity_ea_slope
2025-01-01,DE,PEPP,332439.11111111107,268.45703366489215,2.2752401954925006,0.18284998192271393,single_maturity_ea_slope
2025-02-01,DE,PEPP,324847.11111111107,0.0,2.2011939834096,0.18284998192271393,single_maturity_ea_slope
2025-03-01,DE,PEPP,319127.11111111107,0.0,2.4698772964890474,0.18284998192271393,single_maturity_ea_slope
2025-04-01,DE,PEPP,313230.2222222222,0.0,2.190307226431225,0.18284998192271393,single_maturity_ea_slope
2025-05-01,DE,PEPP,311928.0,2570.5550060446526,2.2307425526029525,0.19972637807632548,single_maturity_ea_slope
2025-06-01,DE,PEPP,307496.0,0.0,2.211786924537524,0.19972637807632548,single_maturity_ea_slope
2025-07-01,DE,PEPP,307124.44444444444,3464.472388556215,2.292767664897217,0.2233366242728337,single_maturity_ea_slope
2025-08-01,DE,PEPP,301950.2222222222,0.0,2.3349110630715,0.2233366242728337,single_maturity_ea_slope
2025-09-01,DE,PEPP,299015.11111111107,809.3112874779408,2.354359778054727,0.22910443007309528,single_maturity_ea_slope
2025-10-01,DE,PEPP,294878.2222222222,0.0,2.2992095867608695,0.22910443007309528,single_maturity_ea_slope
2025-11-01,DE,PEPP,294184.0,2989.9134877006263,2.33546845470455,0.2505122775673606,single_maturity_ea_slope
2025-12-01,DE,PEPP,292822.2222222222,2341.4447801275273,2.4898018533519046,0.268417929838641,single_maturity_ea_slope
2026-01-01,DE,PEPP,292239.11111111107,3142.3624540570977,2.469522586770238,0.29208577020776366,single_maturity_ea_slope
2026-02-01,DE,PEPP,287044.44444444444,0.0,2.410134920689525,0.29208577020776366,single_maturity_ea_slope
2026-03-01,DE,PEPP,283799.1111111111,373.48215386341326,2.640671478462819,0.2951765298842748,single_maturity_ea_slope
2026-04-01,DE,PEPP,275358.2222222222,0.0,2.7417925820492504,0.2951765298842748,single_maturity_ea_slope
2026-05-01,DE,PEPP,273950.2222222222,2027.1075626524726,2.7977941914085998,0.3136947670550716,single_maturity_ea_slope
2026-06-01,DE,PEPP,272128.8888888889,1611.6268448900214,2.7298035360689776,0.32800366960568206,single_maturity_ea_slope
2026-07-01,DE,PEPP,271662.2222222222,2979.7478329393025,2.8335617069359134,0.3554860743028328,single_maturity_ea_slope
2026-08-01,DE,PEPP,266597.3333333333,0.0,2.9497937496688333,0.3554860743028328,single_maturity_ea_slope
2015-03-01,DE,PSPP,9840.0,9840.0,0.08974650314707147,0.08974650314707147,single_maturity_ea_slope
2015-04-01,DE,PSPP,19749.333333333332,10013.130801687763,-0.012951185608583299,0.03767763716637728,single_maturity_ea_slope
2015-05-01,DE,PSPP,30544.0,11026.466353677622,0.2659797135551515,0.12009530229784522,single_maturity_ea_slope
2015-06-01,DE,PSPP,41184.0,11011.039844509232,0.37937555659734035,0.18941701002381228,single_maturity_ea_slope
2015-07-01,DE,PSPP,51828.44444444444,11141.11593503778,0.2796873303614714,0.20882164612962661,single_maturity_ea_slope
2015-08-01,DE,PSPP,60651.555555555555,9432.28417698376,0.23536612906366017,0.21294973656476085,single_maturity_ea_slope
2015-09-01,DE,PSPP,71185.77777777778,11259.372336468467,0.25143854290967127,0.2190374666556844,single_maturity_ea_slope
2015-10-01,DE,PSPP,82025.77777777777,11691.097295286663,0.1442179028724777,0.2083734678070523,single_maturity_ea_slope
2015-11-01,DE,PSPP,93495.11111111111,12445.830687830698,0.108462952802931,0.19507363491849083,single_maturity_ea_slope
2015-12-01,DE,PSPP,102777.77777777777,10397.296031367552,0.1349243869128739,0.18898876374205095,single_maturity_ea_slope
2016-01-01,DE,PSPP,113752.88888888888,12200.40650664971,0.021170369690931556,0.1709896373311456,single_maturity_ea_slope
2016-02-01,DE,PSPP,124810.66666666666,12421.721289634961,-0.19077704572371232,0.134984983011137,single_maturity_ea_slope
2016-03-01,DE,PSPP,135842.66666666666,12513.608103830325,-0.18211646959096114,0.10577410689697074,single_maturity_ea_slope
2016-04-01,DE,PSPP,152718.22222222222,18458.803418803425,-0.18709922979806842,0.07037498248340675,single_maturity_ea_slope
2016-05-01,DE,PSPP,170116.44444444444,19141.580923389138,-0.16570535838311218,0.04381111345901307,single_maturity_ea_slope
2016-06-01,DE,PSPP,185128.0,16919.546184138384,-0.25887809049519456,0.01614720542919965,single_maturity_ea_slope
2016-07-01,DE,PSPP,200458.66666666666,17365.93491644678,-0.36073693911388477,-0.01650264520589017,single_maturity_ea_slope
2016-08-01,DE,PSPP,211452.44444444444,13166.065019505855,-0.3232775572795292,-0.03560395400998824,single_maturity_ea_slope
2016-09-01,DE,PSPP,226730.66666666666,17520.084440674767,-0.28802487996836007,-0.05510919343084582,single_maturity_ea_slope
2016-10-01,DE,PSPP,242744.88888888888,18378.95591711862,-0.19537857958599897,-0.06572941648257348,single_maturity_ea_slope
2016-11-01,DE,PSPP,258113.77777777775,17881.775937428098,-0.030678852271776635,-0.0633011604588384,single_maturity_ea_slope
2016-12-01,DE,PSPP,270174.2222222222,14706.137123593451,-0.00289397493932958,-0.06001307343782883,single_maturity_ea_slope
2017-01-01,DE,PSPP,285919.1111111111,18510.8002548003,-0.00860565622658055,-0.05668488586787377,single_maturity_ea_slope
2017-02-01,DE,PSPP,300994.6666666666,18095.402525465845,-0.04973837753778659,-0.056267270945418564,single_maturity_ea_slope
2017-03-01,DE,PSPP,316085.3333333333,18369.4756717502,0.016781008894569405,-0.05202202936703512,single_maturity_ea_slope
2017-04-01,DE,PSPP,327187.55555555556,14628.386137141182,-0.11928663790245306,-0.05502939517393134,single_maturity_ea_slope
2017-05-01,DE,PSPP,337782.2222222222,14339.945461945423,-0.034549197130660125,-0.054159944671005995,single_maturity_ea_slope
2017-06-01,DE,PSPP,348352.8888888889,14507.522403522422,-0.12926870749332886,-0.05728792808696457,single_maturity_ea_slope
2017-07-01,DE,PSPP,359169.77777777775,14963.947089947076,0.04576799313140817,-0.05299435037572515,single_maturity_ea_slope
2017-08-01,DE,PSPP,367883.55555555556,13057.872816212472,-0.076225532033942,-0.053818931444605006,single_maturity_ea_slope
2017-09-01,DE,PSPP,378262.2222222222,14887.043572984712,-0.1016419595145805,-0.055701074203898436,single_maturity_ea_slope
2017-10-01,DE,PSPP,388529.77777777775,14944.38817452468,-0.09389097447723233,-0.05717000844439702,single_maturity_ea_slope
2017-11-01,DE,PSPP,398807.11111111107,15138.817039261463,-0.15909281424694383,-0.06103902347994648,single_maturity_ea_slope
2017-12-01,DE,PSPP,408282.6666666666,14541.702800361343,-0.1487251147511141,-0.06416211731442395,single_maturity_ea_slope
2018-01-01,DE,PSPP,412569.77777777775,9537.659807956115,0.02220010685628626,-0.062165622275850506,single_maturity_ea_slope
2018-02-01,DE,PSPP,417083.5555555555,9835.885334250634,0.2051070431828691,-0.05586265670596644,single_maturity_ea_slope
2018-03-01,DE,PSPP,421319.11111111107,9657.858669902358,0.08619464259655785,-0.05260629048969485,single_maturity_ea_slope
2018-04-01,DE,PSPP,425512.8888888889,9637.177146138418,0.050542358796790365,-0.05027014079478318,single_maturity_ea_slope
2018-05-01,DE,PSPP,431640.0,11693.73707773709,-0.0047136687706826885,-0.04903595164169469,single_maturity_ea_slope
2018-06-01,DE,PSPP,436963.5555555555,10935.100017333974,-0.11831340052007105,-0.05076963359937565,single_maturity_ea_slope
2018-07-01,DE,PSPP,442604.44444444444,11295.179204048814,-0.1348331256931088,-0.052914917542262116,single_maturity_ea_slope
2018-08-01,DE,PSPP,447424.0,10618.88003726998,-0.1302851800242653,-0.05475117472951287,single_maturity_ea_slope
2018-09-01,DE,PSPP,453040.0,11487.706036745407,-0.04744040848313891,-0.054565796101705824,single_maturity_ea_slope
2018-10-01,DE,PSPP,455595.5555555555,8473.005921281732,-0.016471473105770573,-0.05385733127939608,single_maturity_ea_slope
2018-11-01,DE,PSPP,457821.3333333333,8242.623466572786,-0.11888828814718394,-0.055028149788942986,single_maturity_ea_slope
2018-12-01,DE,PSPP,460939.5555555555,9164.4627575277,-0.20088712850730228,-0.05792813778564317,single_maturity_ea_slope
2019-01-01,DE,PSPP,459606.2222222222,4725.283327491548,-0.25980142722851535,-0.06000362859222555,single_maturity_ea_slope
2019-02-01,DE,PSPP,458093.3333333333,4518.68883056286,-0.29824169427854735,-0.06235363809487061,single_maturity_ea_slope
2019-03-01,DE,PSPP,454637.3333333333,2518.091462354373,-0.3203301571169211,-0.0637824879107766,single_maturity_ea_slope
2019-04-01,DE,PSPP,456578.6666666666,7851.855087536815,-0.3639504702498751,-0.06894452387809785,single_maturity_ea_slope
2019-05-01,DE,PSPP,460893.3333333333,10306.51268591428,-0.4601546812764459,-0.07769277896984272,single_maturity_ea_slope
2019-06-01,DE,PSPP,459898.6666666666,5053.802274715642,-0.5960016666134378,-0.08338844809270428,single_maturity_ea_slope
2019-07-01,DE,PSPP,460271.11111111107,6379.48032044583,-0.6578052547968389,-0.0913500181883294,single_maturity_ea_slope
2019-08-01,DE,PSPP,461453.3333333333,7260.815871338876,-0.8520121276453264,-0.1033187853812665,single_maturity_ea_slope
2019-09-01,DE,PSPP,460539.5555555555,5180.428948758552,-0.7873214573289355,-0.1110128633383953,single_maturity_ea_slope
2019-10-01,DE,PSPP,462907.5555555555,8402.323317027718,-0.6684738947136719,-0.1211314448263068,single_maturity_ea_slope
2019-11-01,DE,PSPP,467914.6666666666,11120.523096789353,-0.5613366490760343,-0.1315934211008682,single_maturity_ea_slope
2019-12-01,DE,PSPP,469184.8888888889,7459.569664903024,-0.5272303645295371,-0.13788365211940035,single_maturity_ea_slope
2020-01-01,DE,PSPP,469592.0,6535.440380819704,-0.5166836608184794,-0.14315551550954925,single_maturity_ea_slope
2020-02-01,DE,PSPP,472259.5555555555,8849.651395471248,-0.6586447000654962,-0.15281524505401417,single_maturity_ea_slope
2020-03-01,DE,PSPP,474078.2222222222,8045.717768401331,-0.7140269036406808,-0.16233972941475786,single_maturity_ea_slope
2020-04-01,DE,PSPP,474636.44444444444,6673.782364407777,-0.6259713167876906,-0.16885877435454022,single_maturity_ea_slope
2020-05-01,DE,PSPP,480521.77777777775,12065.49537037035,-0.7101115512008835,-0.18244917373964312,single_maturity_ea_slope
2020-06-01,DE,PSPP,480822.2222222222,6537.746855890152,-0.6251353962294206,-0.1884683848440143,single_maturity_ea_slope
2020-07-01,DE,PSPP,486000.8888888889,11371.637071383613,-0.6938008754323672,-0.20029235022088196,single_maturity_ea_slope
2020-08-01,DE,PSPP,489745.77777777775,10063.153175015876,-0.6931780081095434,-0.21042002073518024,single_maturity_ea_slope
2020-09-01,DE,PSPP,493245.3333333333,9768.7027365307,-0.6960116268213395,-0.22003714173083797,single_maturity_ea_slope
2020-10-01,DE,PSPP,499653.3333333333,12683.385920271416,-0.7654399590158922,-0.23388184955552233,single_maturity_ea_slope
2020-11-01,DE,PSPP,511333.3333333333,18066.16223585549,-0.7659630257636254,-0.25268106373809157,single_maturity_ea_slope
2020-12-01,DE,PSPP,515836.44444444444,11038.557600545344,-0.7572352478269826,-0.26347818845396886,single_maturity_ea_slope
2021-01-01,DE,PSPP,515610.6666666666,6287.308641975277,-0.7234197826136378,-0.26908667358958277,single_maturity_ea_slope
2021-02-01,DE,PSPP,522919.11111111107,13858.376693766932,-0.6375070117718655,-0.27885053136354393,single_maturity_ea_slope
2021-03-01,DE,PSPP,527188.4444444444,10901.995828400679,-0.5924022666997254,-0.2853346258968092,single_maturity_ea_slope
2021-04-01,DE,PSPP,532521.7777777778,11969.643056954274,-0.5688810338983061,-0.2917079789416789,single_maturity_ea_slope
2021-05-01,DE,PSPP,538255.1111111111,12436.779679982135,-0.49293724789537563,-0.29635752899978207,single_maturity_ea_slope
2021-06-01,DE,PSPP,541812.4444444444,10292.257146034846,-0.5369003856325174,-0.3009268757552713,single_maturity_ea_slope
2021-07-01,DE,PSPP,545909.3333333333,10825.80648010155,-0.6596637355986452,-0.30804090657469374,single_maturity_ea_slope
2021-08-01,DE,PSPP,549414.2222222222,10345.857978279131,-0.7340794178430983,-0.3160635127479238,single_maturity_ea_slope
2021-09-01,DE,PSPP,550971.5555555555,8370.505731922322,-0.5815000007646934,-0.320096094143465,single_maturity_ea_slope
2021-10-01,DE,PSPP,554195.5555555555,10016.055665132586,-0.4300158920069056,-0.32208269039647297,single_maturity_ea_slope
2021-11-01,DE,PSPP,562005.3333333333,14702.75732448864,-0.5078805489488734,-0.32694339306899617,single_maturity_ea_slope
2021-12-01,DE,PSPP,564360.8888888889,9366.600133067263,-0.5481658712416229,-0.3306149843048254,single_maturity_ea_slope
2022-01-01,DE,PSPP,566144.0,8771.235044851699,-0.29363235716036984,-0.33004201468003,single_maturity_ea_slope
2022-02-01,DE,PSPP,569517.3333333333,10446.596701649098,0.006471700439923872,-0.32386937890465095,single_maturity_ea_slope
2022-03-01,DE,PSPP,573316.4444444444,10957.448634154527,0.11872957016308461,-0.31541025428519237,single_maturity_ea_slope
2022-04-01,DE,PSPP,583153.7777777778,17021.749930381546,0.6292294502275778,-0.2878370455754765,single_maturity_ea_slope
2022-05-01,DE,PSPP,592509.3333333333,16707.46904241604,0.810240985633035,-0.25687364351501946,single_maturity_ea_slope
2022-06-01,DE,PSPP,592650.6666666666,7577.4444444444825,1.3032833428480484,-0.2369259685123567,single_maturity_ea_slope
2022-07-01,DE,PSPP,589407.1111111111,4127.721393034876,0.8555820661523763,-0.22927494309760224,single_maturity_ea_slope
2022-08-01,DE,PSPP,590478.2222222221,8468.288710397042,0.8422247743661807,-0.2139081291845612,single_maturity_ea_slope
2022-09-01,DE,PSPP,588816.8888888889,5661.065255731999,1.6954929237284622,-0.1955505647806235,single_maturity_ea_slope
2022-10-01,DE,PSPP,591640.0,10103.240795691847,2.0200328289819853,-0.15771577921825486,single_maturity_ea_slope
2022-11-01,DE,PSPP,594044.4444444444,9774.150473343234,1.9820064690958432,-0.12250971438291883,single_maturity_ea_slope
2022-12-01,DE,PSPP,591640.0,5006.289642936414,2.0454299375247595,-0.1041652247847568,single_maturity_ea_slope
2023-01-01,DE,PSPP,594056.0,9841.200803212852,2.1683085390062056,-0.06651916005432776,single_maturity_ea_slope
2023-02-01,DE,PSPP,591245.3333333333,4611.322338830508,2.363836537217112,-0.04756399392227915,single_maturity_ea_slope
2023-03-01,DE,PSPP,588081.7777777778,4190.242122719785,2.3605488108424892,-0.030405537238047033,single_maturity_ea_slope
2023-04-01,DE,PSPP,579749.3333333333,0.0,2.3003661499529153,-0.030405537238047033,single_maturity_ea_slope
2023-05-01,DE,PSPP,577320.0,4717.477975016513,2.2524601726022566,-0.011751465482188816,single_maturity_ea_slope
2023-06-01,DE,PSPP,570393.7777777778,159.19751268202253,2.345092903436431,-0.011093667701202759,single_maturity_ea_slope
2023-07-01,DE,PSPP,569905.7777777778,6595.8770215819395,2.452357839876833,0.017417401717979633,single_maturity_ea_slope
2023-08-01,DE,PSPP,562519.1111111111,0.0,2.4790389646023474,0.017417401717979633,single_maturity_ea_slope
2023-09-01,DE,PSPP,555978.6666666666,424.8739199823376,2.5923378185638573,0.019385132850015627,single_maturity_ea_slope
2023-10-01,DE,PSPP,551072.8888888889,1999.0740188773234,2.716732411337886,0.029170039661865283,single_maturity_ea_slope
2023-11-01,DE,PSPP,548256.8888888889,4068.968626797713,2.504394374668454,0.04754027880986655,single_maturity_ea_slope
2023-12-01,DE,PSPP,545721.7777777778,4366.410652344174,1.982794428714632,0.06302456893577461,single_maturity_ea_slope
2024-01-01,DE,PSPP,540163.5555555555,1321.7800190507942,2.022238808451364,0.06781876544939919,single_maturity_ea_slope
2024-02-01,DE,PSPP,532980.4444444444,0.0,2.219237262033024,0.06781876544939919,single_maturity_ea_slope
2024-03-01,DE,PSPP,529318.2222222222,3067.3288439956013,2.270626262078,0.08058374252464899,single_maturity_ea_slope
2024-04-01,DE,PSPP,519904.0,0.0,2.348864482913572,0.08058374252464899,single_maturity_ea_slope
2024-05-01,DE,PSPP,511823.11111111107,0.0,2.4435070685555,0.08058374252464899,single_maturity_ea_slope
2024-06-01,DE,PSPP,506376.0,928.3636162321209,2.4015578510427247,0.08483889663259439,single_maturity_ea_slope
2024-07-01,DE,PSPP,503627.5555555555,3606.6760374832156,2.350664731771913,0.10106537124574907,single_maturity_ea_slope
2024-08-01,DE,PSPP,496682.6666666666,0.0,2.042958370091114,0.10106537124574907,single_maturity_ea_slope
2024-09-01,DE,PSPP,493832.0,3401.632762672076,1.9752224703917625,0.11397501296773052,single_maturity_ea_slope
2024-10-01,DE,PSPP,485064.8888888889,0.0,2.027300249630609,0.11397501296773052,single_maturity_ea_slope
2024-11-01,DE,PSPP,483317.3333333333,4358.497929954116,2.1180164433449997,0.13204721899767138,single_maturity_ea_slope
2024-12-01,DE,PSPP,481504.0,4317.02350752581,1.988453439435315,0.14869121217975598,single_maturity_ea_slope
2025-01-01,DE,PSPP,477505.77777777775,2137.1498470947754,2.2716176813868185,0.15819269297894908,single_maturity_ea_slope
2025-02-01,DE,PSPP,466982.2222222222,0.0,2.1982239309983,0.15819269297894908,single_maturity_ea_slope
2025-03-01,DE,PSPP,462533.3333333333,1420.6714708675618,2.4593961546366665,0.16526084109073663,single_maturity_ea_slope
2025-04-01,DE,PSPP,453842.6666666666,0.0,2.177597173948475,0.16526084109073663,single_maturity_ea_slope
2025-05-01,DE,PSPP,452419.5555555555,4281.296463884685,2.2169310592699523,0.1846760240603631,single_maturity_ea_slope
2025-06-01,DE,PSPP,448729.77777777775,2013.9483386563816,2.1947716910282384,0.1936975533403636,single_maturity_ea_slope
2025-07-01,DE,PSPP,448359.11111111107,5355.849129374377,2.2745014009638473,0.21855368138485717,single_maturity_ea_slope
2025-08-01,DE,PSPP,439557.3333333333,0.0,2.3193304795895235,0.21855368138485717,single_maturity_ea_slope
2025-09-01,DE,PSPP,437458.6666666666,3493.665818490227,2.3347727575549997,0.23545439181582953,single_maturity_ea_slope
2025-10-01,DE,PSPP,429853.3333333333,0.0,2.2842337694739125,0.23545439181582953,single_maturity_ea_slope
2025-11-01,DE,PSPP,428513.77777777775,4137.678559293231,2.3216448405671,0.25559840103570786,single_maturity_ea_slope
2025-12-01,DE,PSPP,428439.11111111107,5453.116844398559,2.4723125431842856,0.2838124480596081,single_maturity_ea_slope
2026-01-01,DE,PSPP,427283.5555555555,4423.078703703696,2.452735929095238,0.306264328395743,single_maturity_ea_slope
2026-02-01,DE,PSPP,418515.5555555555,0.0,2.3957795035027,0.306264328395743,single_maturity_ea_slope
2026-03-01,DE,PSPP,414468.44444444444,1343.3519949625497,2.628956355105182,0.3137925081874424,single_maturity_ea_slope
2026-04-01,DE,PSPP,400034.6666666666,0.0,2.73366048267675,0.3137925081874424,single_maturity_ea_slope
2026-05-01,DE,PSPP,398969.77777777775,4009.1175376289657,2.789659625660775,0.3386716916102778,single_maturity_ea_slope
2026-06-01,DE,PSPP,396458.6666666666,2580.3868186716445,2.7216006472728864,0.35418119861316705,single_maturity_ea_slope
2026-07-01,DE,PSPP,395325.3333333333,3973.0379529452357,2.826222237437348,0.37902532581764664,single_maturity_ea_slope
2026-08-01,DE,PSPP,386953.77777777775,0.0,2.944405082762738,0.37902532581764664,single_maturity_ea_slope
2020-03-01,EE,PEPP,0.0,0.0,,,missing
2020-04-01,EE,PEPP,0.0,0.0,,,missing
2020-05-01,EE,PEPP,0.0,0.0,,,missing
2020-06-01,EE,PEPP,64.88888888888889,64.88888888888889,0.06986373353175218,0.06986373353175218,single_maturity_ea_slope
2020-07-01,EE,PEPP,144.88888888888889,80.58144165671047,0.015447149362907545,0.039599392104426215,single_maturity_ea_slope
2020-08-01,EE,PEPP,164.44444444444443,20.85664112388249,-0.035194248379607884,0.030113245441373723,single_maturity_ea_slope
2020-09-01,EE,PEPP,170.66666666666666,7.708524142363627,-0.029317084627825125,0.02742894778047299,single_maturity_ea_slope
2020-10-01,EE,PEPP,170.66666666666666,1.557746136059389,-0.12095968404540551,0.026074542597688412,single_maturity_ea_slope
2020-11-01,EE,PEPP,183.11111111111111,14.010768477728842,-0.1811697095459358,0.010217223959266443,single_maturity_ea_slope
2020-12-01,EE,PEPP,183.11111111111111,1.6954732510288066,-0.2210401157074972,0.008075952295685298,single_maturity_ea_slope
2021-01-01,EE,PEPP,187.55555555555554,6.155123733599054,-0.2355345533729007,8.123947177947666e-05,single_maturity_ea_slope
2021-02-01,EE,PEPP,221.33333333333331,35.531944964043724,-0.171266718436352,-0.02742625846538773,single_maturity_ea_slope
2021-03-01,EE,PEPP,226.66666666666666,7.4221718887630646,-0.02836131929843315,-0.027456876916399402,single_maturity_ea_slope
2021-04-01,EE,PEPP,228.44444444444443,3.93650793650793,-0.00033006273477090287,-0.026989433203430818,single_maturity_ea_slope
2021-05-01,EE,PEPP,225.77777777777777,0.0,0.08282358668893466,-0.026989433203430818,single_maturity_ea_slope
2021-06-01,EE,PEPP,225.77777777777777,2.104565415527384,0.05117034337571541,-0.026260874510485758,single_maturity_ea_slope
2021-07-01,EE,PEPP,225.77777777777777,2.123568263523117,0.01703519569040665,-0.025853650373908514,single_maturity_ea_slope
2021-08-01,EE,PEPP,225.77777777777777,2.1453608682799103,-0.05214924338466194,-0.02610351347739344,single_maturity_ea_slope
2021-09-01,EE,PEPP,227.55555555555554,3.942888803648291,-0.05713904397172845,-0.026641270709479664,single_maturity_ea_slope
2021-10-01,EE,PEPP,227.55555555555554,2.202434722759926,0.08499225221410589,-0.025560806879402376,single_maturity_ea_slope
2021-11-01,EE,PEPP,227.55555555555554,2.2230906169944857,0.11477711379630193,-0.02418978381691992,single_maturity_ea_slope
2021-12-01,EE,PEPP,227.55555555555554,2.246796559592768,0.03413489342753591,-0.023613908251710048,single_maturity_ea_slope
2022-01-01,EE,PEPP,227.55555555555554,2.2682970051391105,0.22330229042731842,-0.021152622379710162,single_maturity_ea_slope
2022-02-01,EE,PEPP,227.55555555555554,2.290212918232242,0.7213473851162696,-0.013679796217311009,single_maturity_ea_slope
2022-03-01,EE,PEPP,227.55555555555554,2.315380093157871,1.1192950529783354,-0.002151765598714687,single_maturity_ea_slope
2022-04-01,EE,PEPP,227.55555555555554,2.33821984746769,1.4308263810549207,0.012572629660776019,single_maturity_ea_slope
2022-05-01,EE,PEPP,227.55555555555554,2.3615146902818136,1.8352651276647998,0.03148807692109175,single_maturity_ea_slope
2022-06-01,EE,PEPP,227.55555555555554,2.385278360121127,2.3986043597227322,0.05630061657310056,single_maturity_ea_slope
2022-07-01,EE,PEPP,227.55555555555554,2.412590707756102,2.519649360193632,0.08241754557671095,single_maturity_ea_slope
2022-08-01,EE,PEPP,227.55555555555554,2.437398838427116,2.2589469710393466,0.10573084276461409,single_maturity_ea_slope
2022-09-01,EE,PEPP,227.55555555555554,2.4659249626739874,2.8632790746840966,0.1356132466649119,single_maturity_ea_slope
2022-10-01,EE,PEPP,227.55555555555554,2.4918479583394166,3.953139526120811,0.1774170824013979,single_maturity_ea_slope
2022-11-01,EE,PEPP,227.55555555555554,2.5183217746298756,3.6904472026603856,0.21629523778275012,single_maturity_ea_slope
2022-12-01,EE,PEPP,227.55555555555554,2.548785344484269,3.429721850353119,0.2522879193751602,single_maturity_ea_slope
2023-01-01,EE,PEPP,227.55555555555554,2.5764895330112716,3.7690739642791664,0.29210660194880156,single_maturity_ea_slope
2023-02-01,EE,PEPP,227.55555555555554,2.6048026048026047,3.82222160549543,0.33251542753884994,single_maturity_ea_slope
2023-03-01,EE,PEPP,227.55555555555554,2.6337448559670777,3.9372849374538363,0.37423729686656965,single_maturity_ea_slope
2023-04-01,EE,PEPP,227.55555555555554,2.667083398447674,3.834193590240387,0.4147899960387897,single_maturity_ea_slope
2023-05-01,EE,PEPP,227.55555555555554,2.6974342763816446,3.855556921122795,0.4555767068624502,single_maturity_ea_slope
2023-06-01,EE,PEPP,227.55555555555554,2.728483879563016,3.905556121129886,0.4969433665059446,single_maturity_ea_slope
2023-07-01,EE,PEPP,227.55555555555554,2.764280315300723,4.081525237140047,0.5404878498712763,single_maturity_ea_slope
2023-08-01,EE,PEPP,227.55555555555554,2.796897192177428,4.0841498044400435,0.5840431836294961,single_maturity_ea_slope
2023-09-01,EE,PEPP,227.55555555555554,2.8345236118031334,4.182273897970143,0.6288641940223791,single_maturity_ea_slope
2023-10-01,EE,PEPP,227.55555555555554,2.8688294951532467,3.982207608252204,0.6711403338891192,single_maturity_ea_slope
2023-11-01,EE,PEPP,227.55555555555554,2.903975951449152,3.571314058802454,0.7081512287961296,single_maturity_ea_slope
2023-12-01,EE,PEPP,227.55555555555554,2.9445594662985966,3.0910048612071583,0.7389852561306408,single_maturity_ea_slope
2024-01-01,EE,PEPP,227.55555555555554,2.981597950151409,3.1520055631900004,0.7706023985187352,single_maturity_ea_slope
2024-02-01,EE,PEPP,227.55555555555554,3.019580089643784,3.375942706325524,0.805174324046957,single_maturity_ea_slope
2024-03-01,EE,PEPP,227.55555555555554,3.0634835158260034,3.41646197027845,0.8403289773349416,single_maturity_ea_slope
2024-04-01,EE,PEPP,227.55555555555554,3.1035945929562945,3.5445567396218576,0.8772115163732248,single_maturity_ea_slope
2024-05-01,EE,PEPP,227.55555555555554,3.144769977274123,3.6436261416285003,0.915442785378964,single_maturity_ea_slope
2024-06-01,EE,PEPP,227.55555555555554,3.192418007232822,3.69532316005335,0.9544422294681107,single_maturity_ea_slope
2024-07-01,EE,PEPP,227.55555555555554,3.2360005056250785,3.696191977661782,0.9934318447723439,single_maturity_ea_slope
2024-08-01,EE,PEPP,227.55555555555554,3.2864753835291096,3.364970299058614,1.0276828334246586,single_maturity_ea_slope
2024-09-01,EE,PEPP,227.55555555555554,3.3326824187984116,3.2004233390791197,1.0595038718788834,single_maturity_ea_slope
2024-10-01,EE,PEPP,227.55555555555554,3.3802073017759287,3.142106321287848,1.0904397371404544,single_maturity_ea_slope
2024-11-01,EE,PEPP,227.55555555555554,3.435319377348363,3.2520145124890467,1.123072206575065,single_maturity_ea_slope
2024-12-01,EE,PEPP,227.55555555555554,3.4858387799564268,3.168362311996421,1.1544032437291911,single_maturity_ea_slope
2025-01-01,EE,PEPP,227.55555555555554,3.537866224433388,3.202126348492728,1.1862397347858382,single_maturity_ea_slope
2025-02-01,EE,PEPP,227.55555555555554,3.5914702581369244,2.9422421490141,1.213954419353835,single_maturity_ea_slope
2025-03-01,EE,PEPP,227.55555555555554,3.653750089202883,3.0774677119623806,1.2438759558440171,single_maturity_ea_slope
2025-04-01,EE,PEPP,227.55555555555554,3.710951656157135,2.8757783447210254,1.2704888454212675,single_maturity_ea_slope
2025-05-01,EE,PEPP,227.55555555555554,3.769972756056255,2.7740366107899526,1.295398516815712,single_maturity_ea_slope
2025-06-01,EE,PEPP,227.55555555555554,3.838656470235417,2.6862694322334293,1.3188612515562268,single_maturity_ea_slope
2025-07-01,EE,PEPP,227.55555555555554,3.9018442310623374,2.6716990205729556,1.3420580582951969,single_maturity_ea_slope
2025-08-01,EE,PEPP,227.55555555555554,3.9754639335352127,2.6495455698196193,1.3649002580073635,single_maturity_ea_slope
2025-09-01,EE,PEPP,227.55555555555554,4.04327568506673,2.703356150972727,1.3886823456577784,single_maturity_ea_slope
2025-10-01,EE,PEPP,227.55555555555554,4.113440989796738,2.7014907958537386,1.4124135179317472,single_maturity_ea_slope
2025-11-01,EE,PEPP,227.55555555555554,4.186084539285422,2.7572779686799,1.4371534820735454,single_maturity_ea_slope
2025-12-01,EE,PEPP,227.55555555555554,4.270937604270937,2.818392814959873,1.4630776437268176,single_maturity_ea_slope
2026-01-01,EE,PEPP,227.55555555555554,4.349303431872238,2.6787276118390473,1.4863125437289624,single_maturity_ea_slope
2026-02-01,EE,PEPP,227.55555555555554,4.430598823122187,2.5262679397294,1.5065608964548276,single_maturity_ea_slope
2026-03-01,EE,PEPP,227.55555555555554,4.525766816936268,2.8228487307230004,1.5327400498810047,single_maturity_ea_slope
2026-04-01,EE,PEPP,227.55555555555554,4.61385960169415,2.9587717615697837,1.5616539126484172,single_maturity_ea_slope
2026-05-01,EE,PEPP,227.55555555555554,4.705449866740189,2.99523066506675,1.5912977660896566,single_maturity_ea_slope
2026-06-01,EE,PEPP,227.55555555555554,4.800750117205813,3.210625008664318,1.6254607880849026,single_maturity_ea_slope
2026-07-01,EE,PEPP,227.55555555555554,4.912684705430819,3.3558998442978267,1.6628191442207603,single_maturity_ea_slope
2026-08-01,EE,PEPP,227.55555555555554,5.01665686850872,3.4278660627302857,1.7017311133237039,single_maturity_ea_slope
2015-03-01,EE,PSPP,0.0,0.0,,,missing
2015-04-01,EE,PSPP,0.0,0.0,,,missing
2015-05-01,EE,PSPP,0.0,0.0,,,missing
2015-06-01,EE,PSPP,4.444444444444445,4.444444444444445,,,missing
2015-07-01,EE,PSPP,17.77777777777778,13.458882611424984,,,missing
2015-08-01,EE,PSPP,26.666666666666664,9.405084527035743,,,missing
2015-09-01,EE,PSPP,33.77777777777778,7.9104716227018415,,,missing
2015-10-01,EE,PSPP,36.44444444444444,3.7091906721536327,,,missing
2015-11-01,EE,PSPP,42.666666666666664,7.381396663839411,,,missing
2015-12-01,EE,PSPP,42.666666666666664,1.4053579270970575,,,missing
2016-01-01,EE,PSPP,48.0,6.784580498866215,,,missing
2016-02-01,EE,PSPP,54.22222222222222,7.90998593530239,,,missing
2016-03-01,EE,PSPP,54.22222222222222,1.98180636777128,,,missing
2016-04-01,EE,PSPP,58.666666666666664,6.4983164983164965,,,missing
2016-05-01,EE,PSPP,58.666666666666664,2.3060796645702304,,,missing
2016-06-01,EE,PSPP,58.666666666666664,2.40831964969896,,,missing
2016-07-01,EE,PSPP,58.666666666666664,2.5071225071225074,,,missing
2016-08-01,EE,PSPP,58.666666666666664,2.6284348864994023,,,missing
2016-09-01,EE,PSPP,58.666666666666664,2.746566791510612,,,missing
2016-10-01,EE,PSPP,58.666666666666664,2.8758169934640523,,,missing
2016-11-01,EE,PSPP,58.666666666666664,3.036576949620428,,,missing
2016-12-01,EE,PSPP,58.666666666666664,3.195352214960058,,,missing
2017-01-01,EE,PSPP,58.666666666666664,3.3950617283950613,,,missing
2017-02-01,EE,PSPP,58.666666666666664,3.56853203568532,,,missing
2017-03-01,EE,PSPP,58.666666666666664,3.8194444444444446,,,missing
2017-04-01,EE,PSPP,58.666666666666664,4.074074074074074,,,missing
2017-05-01,EE,PSPP,58.666666666666664,4.365079365079365,,,missing
2017-06-01,EE,PSPP,58.666666666666664,4.746494066882416,,,missing
2017-07-01,EE,PSPP,58.666666666666664,5.146198830409357,,,missing
2017-08-01,EE,PSPP,58.666666666666664,5.684754521963824,,,missing
2017-09-01,EE,PSPP,58.666666666666664,6.267806267806268,,,missing
2017-10-01,EE,PSPP,58.666666666666664,6.984126984126985,,,missing
2017-11-01,EE,PSPP,58.666666666666664,8.014571948998178,,,missing
2017-12-01,EE,PSPP,58.666666666666664,9.224318658280922,,,missing
2018-01-01,EE,PSPP,58.666666666666664,11.11111111111111,,,missing
2018-02-01,EE,PSPP,58.666666666666664,13.213213213213214,,,missing
2018-03-01,EE,PSPP,58.666666666666664,17.46031746031746,,,missing
2018-04-01,EE,PSPP,58.666666666666664,24.44444444444444,,,missing
2018-05-01,EE,PSPP,58.666666666666664,40.74074074074074,,,missing
2018-06-01,EE,PSPP,58.666666666666664,58.666666666666664,,,missing
2018-07-01,EE,PSPP,7.111111111111111,0.0,,,missing
2018-08-01,EE,PSPP,7.111111111111111,0.0,,,missing
2018-09-01,EE,PSPP,7.111111111111111,0.0,,,missing
2018-10-01,EE,PSPP,7.111111111111111,0.0,,,missing
2018-11-01,EE,PSPP,7.111111111111111,0.0,,,missing
2018-12-01,EE,PSPP,7.111111111111111,0.0,,,missing
2019-01-01,EE,PSPP,7.111111111111111,0.0,,,missing
2019-02-01,EE,PSPP,7.111111111111111,0.0,,,missing
2019-03-01,EE,PSPP,7.111111111111111,0.0,,,missing
2019-04-01,EE,PSPP,7.111111111111111,0.0,,,missing
2019-05-01,EE,PSPP,7.111111111111111,0.0,,,missing
2019-06-01,EE,PSPP,7.111111111111111,0.0,,,missing
2019-07-01,EE,PSPP,7.111111111111111,0.0,,,missing
2019-08-01,EE,PSPP,7.111111111111111,0.0,,,missing
2019-09-01,EE,PSPP,7.111111111111111,0.0,,,missing
2019-10-01,EE,PSPP,7.111111111111111,0.0,,,missing
2019-11-01,EE,PSPP,7.111111111111111,0.0,,,missing
2019-12-01,EE,PSPP,7.111111111111111,0.0,,,missing
2020-01-01,EE,PSPP,7.111111111111111,0.0,,,missing
2020-02-01,EE,PSPP,7.111111111111111,0.0,,,missing
2020-03-01,EE,PSPP,7.111111111111111,0.0,,,missing
2020-04-01,EE,PSPP,7.111111111111111,0.0,,,missing
2020-05-01,EE,PSPP,7.111111111111111,0.0,,,missing
2020-06-01,EE,PSPP,96.0,88.9485058499143,0.1367629415476193,0.1367629415476193,single_maturity_ea_slope
2020-07-01,EE,PSPP,131.55555555555554,36.36691458192471,0.04308942987258148,0.11086805186934628,single_maturity_ea_slope
2020-08-01,EE,PSPP,164.44444444444443,34.010993593388676,-0.011242607121263626,0.0856126845953416,single_maturity_ea_slope
2020-09-01,EE,PSPP,199.1111111111111,36.08087757520161,-0.005626020813622854,0.06907934026508122,single_maturity_ea_slope
2020-10-01,EE,PSPP,200.0,2.615485412571806,-0.09836123767552667,0.06688964831969996,single_maturity_ea_slope
2020-11-01,EE,PSPP,233.77777777777777,35.528478057889814,-0.1614798484587492,0.03218309608659148,single_maturity_ea_slope
2020-12-01,EE,PSPP,250.66666666666666,18.952605147520398,-0.20298246479619847,0.014402510901591399,single_maturity_ea_slope
2021-01-01,EE,PSPP,269.3333333333333,20.898385565052223,-0.21698343903579304,-0.0035514227473962177,single_maturity_ea_slope
2021-02-01,EE,PSPP,288.0,21.085249042145612,-0.15046975896713166,-0.014307706455905952,single_maturity_ea_slope
2021-03-01,EE,PSPP,312.0,26.611534276387378,-0.004250144129684538,-0.013449862979684339,single_maturity_ea_slope
2021-04-01,EE,PSPP,330.66666666666663,21.520673252835675,0.025684995332843047,-0.010902861472003124,single_maturity_ea_slope
2021-05-01,EE,PSPP,344.88888888888886,17.27040314650935,0.08361921981585285,-0.006169643027803509,single_maturity_ea_slope
2021-06-01,EE,PSPP,353.77777777777777,12.103736846466179,0.05117034337571541,-0.004207880164777984,single_maturity_ea_slope
2021-07-01,EE,PSPP,353.77777777777777,3.3274809798511833,0.01703519569040665,-0.004008076968246901,single_maturity_ea_slope
2021-08-01,EE,PSPP,355.55555555555554,5.1394062249250325,-0.05214924338466194,-0.004703937309872238,single_maturity_ea_slope
2021-09-01,EE,PSPP,359.1111111111111,6.965179218343763,-0.05713904397172845,-0.00572094821243882,single_maturity_ea_slope
2021-10-01,EE,PSPP,361.77777777777777,6.142383963522194,0.08499225221410589,-0.004180789192715832,single_maturity_ea_slope
2021-11-01,EE,PSPP,363.55555555555554,5.312144500890099,0.11477711379630193,-0.0024426186145358932,single_maturity_ea_slope
2021-12-01,EE,PSPP,363.55555555555554,3.5896085659118833,0.03413489342753591,-0.002081466244452246,single_maturity_ea_slope
2022-01-01,EE,PSPP,367.1111111111111,7.179514442672325,0.22330229042731842,0.0023263162693245402,single_maturity_ea_slope
2022-02-01,EE,PSPP,368.88888888888886,5.472535337269631,0.7213473851162696,0.012993127675215078,single_maturity_ea_slope
2022-03-01,EE,PSPP,368.88888888888886,3.753448197892642,1.1192950529783354,0.02424976102180768,single_maturity_ea_slope
2022-04-01,EE,PSPP,382.22222222222223,17.123806914189196,1.4308263810549207,0.08726531859830157,single_maturity_ea_slope
2022-05-01,EE,PSPP,390.22222222222223,11.966606706332735,1.8352651276647998,0.1408697138547342,single_maturity_ea_slope
2022-06-01,EE,PSPP,396.4444444444444,10.312601910086137,2.3986043597227322,0.19959955342676722,single_maturity_ea_slope
2022-07-01,EE,PSPP,396.4444444444444,4.203185373668833,2.519649360193632,0.2241971976885024,single_maturity_ea_slope
2022-08-01,EE,PSPP,396.4444444444444,4.246405788822241,2.2589469710393466,0.24599186107058085,single_maturity_ea_slope
2022-09-01,EE,PSPP,397.3333333333333,5.184992534797501,2.8632790746840966,0.28014609260751133,single_maturity_ea_slope
2022-10-01,EE,PSPP,434.66666666666663,41.56749076442169,3.963407601231535,0.6323790805124476,single_maturity_ea_slope
2022-11-01,EE,PSPP,473.77777777777777,43.690405955892714,3.699609171481865,0.9152301008012028,single_maturity_ea_slope
2022-12-01,EE,PSPP,502.2222222222222,33.42319368548873,3.4355172774339673,1.082956741958029,single_maturity_ea_slope
2023-01-01,EE,PSPP,520.8888888888889,23.971083884898917,3.7732750244806974,1.2067640386830403,single_maturity_ea_slope
2023-02-01,EE,PSPP,538.6666666666666,23.349973850615637,3.823680054465037,1.3202013911665185,single_maturity_ea_slope
2023-03-01,EE,PSPP,538.6666666666666,5.829725829725829,3.941341198622794,1.348568705100028,single_maturity_ea_slope
2023-04-01,EE,PSPP,538.6666666666666,5.890930300379119,3.844041780197966,1.3758595305057362,single_maturity_ea_slope
2023-05-01,EE,PSPP,538.6666666666666,5.953433539640436,3.8700572477986785,1.4034258182742259,single_maturity_ea_slope
2023-06-01,EE,PSPP,538.6666666666666,6.017277330950253,3.9101663255713635,1.4314278346649445,single_maturity_ea_slope
2023-07-01,EE,PSPP,538.6666666666666,6.0907583295642995,4.0794345371645875,1.4613691135263154,single_maturity_ea_slope
2023-08-01,EE,PSPP,538.6666666666666,6.157597927145251,4.090882449517696,1.4914275650122708,single_maturity_ea_slope
2023-09-01,EE,PSPP,538.6666666666666,6.234567901234567,4.1872513304000005,1.522629228963518,single_maturity_ea_slope
2023-10-01,EE,PSPP,538.6666666666666,6.30461922596754,3.992228166674909,1.5515337109123875,single_maturity_ea_slope
2023-11-01,EE,PSPP,538.6666666666666,6.376262626262625,3.5762082890488482,1.5755000293088892,single_maturity_ea_slope
2023-12-01,EE,PSPP,538.6666666666666,6.458832933653077,3.0932419691450006,1.5936983739112407,single_maturity_ea_slope
2024-01-01,EE,PSPP,538.6666666666666,6.53404496199256,3.162681383523182,1.6127301911069218,single_maturity_ea_slope
2024-02-01,EE,PSPP,538.6666666666666,6.611029291441662,3.3792862017850243,1.6344110454353227,single_maturity_ea_slope
2024-03-01,EE,PSPP,538.6666666666666,6.6998341625207285,3.4104468210535,1.6565010426445042,single_maturity_ea_slope
2024-04-01,EE,PSPP,538.6666666666666,6.7807989258140315,3.5429584971751433,1.6802479894538025,single_maturity_ea_slope
2024-05-01,EE,PSPP,538.6666666666666,6.863744478423377,3.6373523124357274,1.7051856082481693,single_maturity_ea_slope
2024-06-01,EE,PSPP,538.6666666666666,6.959517657192075,3.690042749926125,1.7308297573654554,single_maturity_ea_slope
2024-07-01,EE,PSPP,538.6666666666666,7.046921332635618,3.6938857015030213,1.7565107613442303,single_maturity_ea_slope
2024-08-01,EE,PSPP,538.6666666666666,7.1365483130189,3.382296740099614,1.7780500562403005,single_maturity_ea_slope
2024-09-01,EE,PSPP,538.6666666666666,7.240143369175626,3.2271841530247625,1.7975276650680487,single_maturity_ea_slope
2024-10-01,EE,PSPP,538.6666666666666,7.334785766158315,3.174133333862435,1.816272295634421,single_maturity_ea_slope
2024-11-01,EE,PSPP,538.6666666666666,7.444260180578588,3.2849335895222613,1.8365688862077745,single_maturity_ea_slope
2024-12-01,EE,PSPP,538.6666666666666,7.544351073762837,3.2008990155307893,1.8556771513243433,single_maturity_ea_slope
2025-01-01,EE,PSPP,538.6666666666666,7.660219946909366,3.238351489549546,1.8753397556790816,single_maturity_ea_slope
2025-02-01,EE,PSPP,538.6666666666666,7.752830550758011,2.980110317258175,1.8912403106816589,single_maturity_ea_slope
2025-03-01,EE,PSPP,538.6666666666666,7.875243664717348,3.1309215354095232,1.909364305195224,single_maturity_ea_slope
2025-04-01,EE,PSPP,538.6666666666666,7.987346777382364,2.9405996123830502,1.9246554574370363,single_maturity_ea_slope
2025-05-01,EE,PSPP,538.6666666666666,8.102687525070195,2.8380717162429527,1.9383951725213613,single_maturity_ea_slope
2025-06-01,EE,PSPP,538.6666666666666,8.236493374108052,2.743187218556429,1.950700861298656,single_maturity_ea_slope
2025-07-01,EE,PSPP,538.6666666666666,8.359197186012828,2.732242293212456,1.96282906477342,single_maturity_ea_slope
2025-08-01,EE,PSPP,538.6666666666666,8.501683501683502,2.7071276319263813,1.9745762012499501,single_maturity_ea_slope
2025-09-01,EE,PSPP,538.6666666666666,8.63247863247863,2.756228771233636,1.9871026847432782,single_maturity_ea_slope
2025-10-01,EE,PSPP,538.6666666666666,8.76736111111111,2.7489179867260862,1.9995020223406548,single_maturity_ea_slope
2025-11-01,EE,PSPP,538.6666666666666,8.906525573192239,2.8051416005195997,2.0128227825618676,single_maturity_ea_slope
2025-12-01,EE,PSPP,538.6666666666666,9.068462401795733,2.874246715320397,2.027324868971944,single_maturity_ea_slope
2026-01-01,EE,PSPP,538.6666666666666,9.217430983344741,2.7347740981947615,2.0394304341537173,single_maturity_ea_slope
2026-02-01,EE,PSPP,538.6666666666666,9.371375550916259,2.5773250741904494,2.0487883784828185,single_maturity_ea_slope
2026-03-01,EE,PSPP,538.6666666666666,9.550827423167847,2.85628132684,2.063105629340215,single_maturity_ea_slope
2026-04-01,EE,PSPP,538.6666666666666,9.716209716209717,2.9830314308742336,2.0796988075785627,single_maturity_ea_slope
2026-05-01,EE,PSPP,538.6666666666666,9.887420460107684,3.0180105891065,2.0969218579002944,single_maturity_ea_slope
2026-06-01,EE,PSPP,538.6666666666666,10.087390761548063,3.230810154596894,2.1181557211343134,single_maturity_ea_slope
2026-07-01,EE,PSPP,538.6666666666666,10.27205695397915,3.3792705458293484,2.1422044401407025,single_maturity_ea_slope
2026-08-01,EE,PSPP,538.6666666666666,10.488058151609552,3.4512814720445717,2.167692700107678,single_maturity_ea_slope
2020-03-01,ES,PEPP,1378.6666666666665,1378.6666666666665,0.6209502994900683,0.6209502994900683,single_maturity_ea_slope
2020-04-01,ES,PEPP,8390.222222222223,7025.498381877023,0.7367192842140445,0.7178887110491393,single_maturity_ea_slope
2020-05-01,ES,PEPP,19904.0,11598.22043299338,0.648542116391484,0.677479894172284,single_maturity_ea_slope
2020-06-01,ES,PEPP,31797.333333333332,12097.854500616522,0.40903265875000894,0.5753444238425467,single_maturity_ea_slope
2020-07-01,ES,PEPP,40988.444444444445,9515.044824775878,0.2811625883435595,0.5070531434744502,single_maturity_ea_slope
2020-08-01,ES,PEPP,47094.22222222222,6516.319088319085,0.21088008711424838,0.4660723596428594,single_maturity_ea_slope
2020-09-01,ES,PEPP,54248.88888888888,7623.545820611529,0.18983737443159598,0.427253314494723,single_maturity_ea_slope
2020-10-01,ES,PEPP,61403.555555555555,7693.491546373553,0.0912010444676978,0.38514801171216057,single_maturity_ea_slope
2020-11-01,ES,PEPP,68558.22222222222,7758.794525339978,0.024532983037737238,0.3443368906016205,single_maturity_ea_slope
2020-12-01,ES,PEPP,74281.77777777777,6394.117197009207,-0.02173937124709594,0.31282533297161474,single_maturity_ea_slope
2021-01-01,ES,PEPP,79863.11111111111,6313.029331932415,0.01007109982012315,0.2888931779671228,single_maturity_ea_slope
2021-02-01,ES,PEPP,85586.66666666666,6512.093382482,0.1373155222378815,0.27735998141618196,single_maturity_ea_slope
2021-03-01,ES,PEPP,92646.22222222222,7908.629629629636,0.2008392214722282,0.27082788183501444,single_maturity_ea_slope
2021-04-01,ES,PEPP,100960.0,9239.499422684079,0.24904167668822424,0.26883408597649383,single_maturity_ea_slope
2021-05-01,ES,PEPP,108962.66666666666,9017.544028950533,0.382946735296988,0.2782778328210499,single_maturity_ea_slope
2021-06-01,ES,PEPP,116543.11111111111,8677.089640365011,0.3200877269870099,0.2813907426796715,single_maturity_ea_slope
2021-07-01,ES,PEPP,125067.55555555555,9701.647586980915,0.2189926249633436,0.2765504422077729,single_maturity_ea_slope
2021-08-01,ES,PEPP,131477.3333333333,7679.241394866231,0.1090023206028092,0.266764401995055,single_maturity_ea_slope
2021-09-01,ES,PEPP,138464.0,8337.646252911378,0.20128031060567425,0.2628212601733687,single_maturity_ea_slope
2021-10-01,ES,PEPP,144904.0,7875.157545605307,0.3340322405321206,0.26669139273908243,single_maturity_ea_slope
2021-11-01,ES,PEPP,151383.1111111111,7996.112786152971,0.35473150486017413,0.27134170452788625,single_maturity_ea_slope
2021-12-01,ES,PEPP,156440.0,6672.158960497005,0.30549706192711773,0.2727984289840372,single_maturity_ea_slope
2022-01-01,ES,PEPP,161442.66666666666,6691.354058721925,0.5424690379111501,0.2839755332825443,single_maturity_ea_slope
2022-02-01,ES,PEPP,165654.22222222222,5965.604519774018,1.0129996554191327,0.310229434569818,single_maturity_ea_slope
2022-03-01,ES,PEPP,168589.3333333333,4730.2370563020595,1.1150008687182071,0.3328095087915683,single_maturity_ea_slope
2022-04-01,ES,PEPP,169356.44444444444,2606.0000000000127,1.6111112483013825,0.3524795859716273,single_maturity_ea_slope
2022-05-01,ES,PEPP,169299.55555555553,1800.0896686159683,1.94995243979468,0.3694648306795954,single_maturity_ea_slope
2022-06-01,ES,PEPP,169533.3333333333,2104.9046075253,2.5323252316672784,0.3963186341998844,single_maturity_ea_slope
2022-07-01,ES,PEPP,174556.44444444444,6904.30655422401,2.150694816300067,0.4657102342132764,single_maturity_ea_slope
2022-08-01,ES,PEPP,174283.55555555553,1674.4163815756692,2.008043169697994,0.48052808392254565,single_maturity_ea_slope
2022-09-01,ES,PEPP,174377.77777777778,2051.584705999826,2.8424805249718474,0.5083168627801992,single_maturity_ea_slope
2022-10-01,ES,PEPP,173897.77777777778,1483.7137137137136,3.165871451010087,0.5309913916780801,single_maturity_ea_slope
2022-11-01,ES,PEPP,173117.3333333333,1175.2210726245587,3.0025539493483393,0.5477697947654887,single_maturity_ea_slope
2022-12-01,ES,PEPP,172635.55555555553,1473.0249924721434,3.05701220622077,0.5691800817272336,single_maturity_ea_slope
2023-01-01,ES,PEPP,171888.0,1188.688898858504,3.183628821286916,0.587260262969375,single_maturity_ea_slope
2023-02-01,ES,PEPP,172656.88888888888,2707.1838821229762,3.377536172920247,0.6310105588232298,single_maturity_ea_slope
2023-03-01,ES,PEPP,174112.88888888888,3416.2280754869307,3.4114206905811444,0.6855643326081288,single_maturity_ea_slope
2023-04-01,ES,PEPP,174522.66666666666,2373.1617300656576,3.3476004396288617,0.7217627378576928,single_maturity_ea_slope
2023-05-01,ES,PEPP,172720.0,186.87581699347356,3.3365178847879857,0.7245917935797893,single_maturity_ea_slope
2023-06-01,ES,PEPP,173184.0,2452.0294659300184,3.3655823065263637,0.7619843157353385,single_maturity_ea_slope
2023-07-01,ES,PEPP,170300.44444444444,0.0,3.479314018577111,0.7619843157353385,single_maturity_ea_slope
2023-08-01,ES,PEPP,171103.1111111111,2754.757960160977,3.5114461576322173,0.8062506171832755,single_maturity_ea_slope
2023-09-01,ES,PEPP,171591.1111111111,2465.613397030873,3.6504754327914286,0.847119627029538,single_maturity_ea_slope
2023-10-01,ES,PEPP,171105.77777777778,1497.9203780757373,3.851283536466318,0.8734191383462707,single_maturity_ea_slope
2023-11-01,ES,PEPP,171544.88888888888,2433.3509453509287,3.5556937918206817,0.911466996291781,single_maturity_ea_slope
2023-12-01,ES,PEPP,171891.55555555553,2365.7920066959514,3.003568992293895,0.9402611866947805,single_maturity_ea_slope
2024-01-01,ES,PEPP,171000.0,1114.6484075111753,3.037150546409667,0.9539295749142737,single_maturity_ea_slope
2024-02-01,ES,PEPP,172500.44444444444,3516.0031431714533,3.161214133387968,0.9989197166525273,single_maturity_ea_slope
2024-03-01,ES,PEPP,173976.88888888888,3530.0211640211573,3.10590849798,1.0416708834192308,single_maturity_ea_slope
2024-04-01,ES,PEPP,172244.44444444444,318.20252501441246,3.175059738031794,1.0456120829311506,single_maturity_ea_slope
2024-05-01,ES,PEPP,171088.0,851.0665630665692,3.2246088863095457,1.056451366343104,single_maturity_ea_slope
2024-06-01,ES,PEPP,171816.0,2741.7476459510353,3.2656322382520666,1.0917042907217211,single_maturity_ea_slope
2024-07-01,ES,PEPP,169981.3333333333,173.46797568955503,3.1707585120047823,1.0938259903227447,single_maturity_ea_slope
2024-08-01,ES,PEPP,170236.44444444444,2264.3467297084444,2.917521429534091,1.1180833038330138,single_maturity_ea_slope
2024-09-01,ES,PEPP,170559.1111111111,2355.0979518200047,2.8141124567063343,1.1415022508370052,single_maturity_ea_slope
2024-10-01,ES,PEPP,167496.0,0.0,2.786007717468174,1.1415022508370052,single_maturity_ea_slope
2024-11-01,ES,PEPP,167996.44444444444,2500.1579114931483,2.889253438897857,1.1675126463224699,single_maturity_ea_slope
2024-12-01,ES,PEPP,168073.77777777778,2106.2758990875027,2.7175066005457893,1.1869369429181496,single_maturity_ea_slope
2025-01-01,ES,PEPP,164650.66666666666,0.0,2.9917713026956823,1.1869369429181496,single_maturity_ea_slope
2025-02-01,ES,PEPP,164650.66666666666,1988.5346215780994,2.91252927167175,1.2077774299803912,single_maturity_ea_slope
2025-03-01,ES,PEPP,164643.55555555553,2007.7037037036907,3.128262209970952,1.231196290151888,single_maturity_ea_slope
2025-04-01,ES,PEPP,161267.55555555553,0.0,2.921017278913975,1.231196290151888,single_maturity_ea_slope
2025-05-01,ES,PEPP,161267.55555555553,1942.0466709484049,2.8953431780569527,1.251236594678683,single_maturity_ea_slope
2025-06-01,ES,PEPP,158869.3333333333,0.0,2.8648617157424763,1.251236594678683,single_maturity_ea_slope
2025-07-01,ES,PEPP,155271.1111111111,0.0,2.934429189048391,1.251236594678683,single_maturity_ea_slope
2025-08-01,ES,PEPP,155271.1111111111,1888.9429575560964,2.9312931401317854,1.2716752387839518,single_maturity_ea_slope
2025-09-01,ES,PEPP,155160.88888888888,1801.0420701351309,2.9291206664369995,1.2909141653300218,single_maturity_ea_slope
2025-10-01,ES,PEPP,151394.66666666666,0.0,2.844185404047826,1.2909141653300218,single_maturity_ea_slope
2025-11-01,ES,PEPP,151394.66666666666,1855.326797385621,2.8652920688420003,1.3102080121867863,single_maturity_ea_slope
2025-12-01,ES,PEPP,151394.66666666666,1880.2119556217917,2.95763959032119,1.3306679175287437,single_maturity_ea_slope
2026-01-01,ES,PEPP,151394.66666666666,1858.0592374406806,2.957381239050238,1.3506324894669066,single_maturity_ea_slope
2026-02-01,ES,PEPP,148194.66666666666,0.0,2.8522818121552995,1.3506324894669066,single_maturity_ea_slope
2026-03-01,ES,PEPP,148148.44444444444,1816.4558404558436,3.1173450675139094,1.3722942449637978,single_maturity_ea_slope
2026-04-01,ES,PEPP,144878.22222222222,0.0,3.1897925820492503,1.3722942449637978,single_maturity_ea_slope
2026-05-01,ES,PEPP,144784.0,1702.3827160493859,3.2437522153169,1.394299008629272,single_maturity_ea_slope
2026-06-01,ES,PEPP,143511.1111111111,546.9200603318088,3.1774363879362952,1.4010945354391469,single_maturity_ea_slope
2026-07-01,ES,PEPP,139796.44444444444,0.0,3.304904523433696,1.4010945354391469,single_maturity_ea_slope
2026-08-01,ES,PEPP,139796.44444444444,1746.582264423344,3.397488083121881,1.4260369835611202,single_maturity_ea_slope
2015-03-01,ES,PSPP,4841.777777777777,4841.777777777777,1.3106512567298767,1.3106512567298767,single_maturity_ea_slope
2015-04-01,ES,PSPP,9704.888888888889,4904.621551592745,1.292273175252189,1.3013634085613528,single_maturity_ea_slope
2015-05-01,ES,PSPP,14957.333333333332,5335.819778541427,1.7535841082988086,1.462686827659563,single_maturity_ea_slope
2015-06-01,ES,PSPP,20215.11111111111,5384.836334805754,2.198478083977636,1.6586845379900388,single_maturity_ea_slope
2015-07-01,ES,PSPP,25451.555555555555,5410.832911586535,2.0528852924946186,1.7424890194721165,single_maturity_ea_slope
2015-08-01,ES,PSPP,29791.11111111111,4558.663299663299,1.915803148213186,1.7690097073060913,single_maturity_ea_slope
2015-09-01,ES,PSPP,34936.88888888889,5402.509173082082,1.9816347208895304,1.8018892401678899,single_maturity_ea_slope
2015-10-01,ES,PSPP,40307.555555555555,5672.366916138934,1.6816467518233473,1.7849678589677889,single_maturity_ea_slope
2015-11-01,ES,PSPP,45937.777777777774,5975.439381827868,1.6819616657522638,1.7715691424149398,single_maturity_ea_slope
2015-12-01,ES,PSPP,50504.0,4961.283950617288,1.642272094955385,1.758867586767401,single_maturity_ea_slope
2016-01-01,ES,PSPP,55932.44444444444,5859.660291438973,1.6864169768756305,1.7512774310699326,single_maturity_ea_slope
2016-02-01,ES,PSPP,61376.88888888888,5922.990341470835,1.6932907310525234,1.7456816006139666,single_maturity_ea_slope
2016-03-01,ES,PSPP,66808.88888888889,5959.837021748278,1.50537043437141,1.7242441031621853,single_maturity_ea_slope
2016-04-01,ES,PSPP,75091.55555555555,8863.815665352191,1.4792695871876531,1.6953272837376545,single_maturity_ea_slope
2016-05-01,ES,PSPP,83641.77777777777,9198.681251199383,1.5316678239133004,1.677328488821226,single_maturity_ea_slope
2016-06-01,ES,PSPP,91853.33333333333,8927.911994214159,1.454903858197003,1.6557093765310682,single_maturity_ea_slope
2016-07-01,ES,PSPP,99367.11111111111,8302.895761741125,1.1468755860602622,1.6131923517822397,single_maturity_ea_slope
2016-08-01,ES,PSPP,104800.0,6292.763509095806,0.9770421228599888,1.574994422899941,single_maturity_ea_slope
2016-09-01,ES,PSPP,112344.0,8456.574016022292,1.0012099540250492,1.5318034128746212,single_maturity_ea_slope
2016-10-01,ES,PSPP,120190.22222222222,8835.862814188393,1.0195102323500302,1.4941418445700856,single_maturity_ea_slope
2016-11-01,ES,PSPP,127711.11111111111,8590.958531180755,1.3535720689979809,1.484685900587054,single_maturity_ea_slope
2016-12-01,ES,PSPP,133627.55555555556,7068.240179573521,1.3372195609872244,1.4768856568247501,single_maturity_ea_slope
2017-01-01,ES,PSPP,141440.0,9033.456465237161,1.335648936839037,1.4678651833993837,single_maturity_ea_slope
2017-02-01,ES,PSPP,148877.3333333333,8754.279329608918,1.5488647884290634,1.472628119113917,single_maturity_ea_slope
2017-03-01,ES,PSPP,156396.44444444444,8927.3340900492,1.5482635747168247,1.4769454997527083,single_maturity_ea_slope
2017-04-01,ES,PSPP,162262.22222222222,7369.011576743991,1.4346398306678805,1.4750242209671816,single_maturity_ea_slope
2017-05-01,ES,PSPP,167633.77777777778,6945.694304315964,1.3768403058991798,1.4709560941928312,single_maturity_ea_slope
2017-06-01,ES,PSPP,173136.88888888888,7142.721613632396,1.2560464255824118,1.4620900463805286,single_maturity_ea_slope
2017-07-01,ES,PSPP,178747.55555555553,7308.087145969489,1.3918839965657042,1.459219674650821,single_maturity_ea_slope
2017-08-01,ES,PSPP,183268.44444444444,6281.601611067348,1.273709167775848,1.452861225424124,single_maturity_ea_slope
2017-09-01,ES,PSPP,188700.44444444444,7250.139329805996,1.314344904527067,1.4475392314621465,single_maturity_ea_slope
2017-10-01,ES,PSPP,194042.66666666666,7209.803818069848,1.384381034097135,1.4451925402919676,single_maturity_ea_slope
2017-11-01,ES,PSPP,199363.55555555553,7259.764455102571,1.25808670662695,1.4383791371260863,single_maturity_ea_slope
2017-12-01,ES,PSPP,204666.66666666666,7312.014331138891,1.2240925015609405,1.4307234354148946,single_maturity_ea_slope
2018-01-01,ES,PSPP,207026.66666666666,4427.340067340067,1.2605051105896004,1.4270832550370307,single_maturity_ea_slope
2018-02-01,ES,PSPP,209536.88888888888,4611.589118960614,1.2937102989163747,1.4241479185601404,single_maturity_ea_slope
2018-03-01,ES,PSPP,211988.44444444444,4586.2019378792065,1.123134287664176,1.4176357272897104,single_maturity_ea_slope
2018-04-01,ES,PSPP,214746.66666666666,4858.781521116833,1.0241508099514753,1.408732877830497,single_maturity_ea_slope
2018-05-01,ES,PSPP,217261.3333333333,4650.174489525315,1.1980772437553204,1.4042240890800008,single_maturity_ea_slope
2018-06-01,ES,PSPP,220008.88888888888,4915.832335329347,1.1752216949306789,1.3991073077548808,single_maturity_ea_slope
2018-07-01,ES,PSPP,222845.3333333333,5021.673773893076,1.1456291009501889,1.393395342221097,single_maturity_ea_slope
2018-08-01,ES,PSPP,225336.0,4717.33866240343,1.213370812505492,1.3896265850131568,single_maturity_ea_slope
2018-09-01,ES,PSPP,228039.1111111111,4965.520749665311,1.2744568623922263,1.3871187799063007,single_maturity_ea_slope
2018-10-01,ES,PSPP,228151.1111111111,2421.022996264794,1.402919921070577,1.387286453541286,single_maturity_ea_slope
2018-11-01,ES,PSPP,230403.55555555553,4521.250243083172,1.4089669564539946,1.3877118939335922,single_maturity_ea_slope
2018-12-01,ES,PSPP,231840.88888888888,3745.061253561263,1.2537849843894173,1.3855484943618133,single_maturity_ea_slope
2019-01-01,ES,PSPP,229104.0,0.0,1.1939129707912792,1.3855484943618133,single_maturity_ea_slope
2019-02-01,ES,PSPP,229842.66666666666,3025.133732534921,1.1478932440200282,1.3824205332876163,single_maturity_ea_slope
2019-03-01,ES,PSPP,230425.77777777775,2896.3424584004133,0.9787565076242492,1.377346668428689,single_maturity_ea_slope
2019-04-01,ES,PSPP,226672.88888888888,0.0,0.8895027691380384,1.377346668428689,single_maturity_ea_slope
2019-05-01,ES,PSPP,228109.3333333333,3693.243417850341,0.7268529694840342,1.366814738249095,single_maturity_ea_slope
2019-06-01,ES,PSPP,228478.22222222222,2661.9059107358426,0.36229367433643633,1.355111475979805,single_maturity_ea_slope
2019-07-01,ES,PSPP,226763.55555555553,565.5551119982065,0.23181497599012496,1.3523099408023271,single_maturity_ea_slope
2019-08-01,ES,PSPP,227244.44444444444,2765.8904563572196,0.044504889703308875,1.3363920796706552,single_maturity_ea_slope
2019-09-01,ES,PSPP,227600.0,2664.950316169835,0.0814556471031806,1.3216981286919922,single_maturity_ea_slope
2019-10-01,ES,PSPP,227080.0,1812.9233292332924,0.09961457242785254,1.3119414623654835,single_maturity_ea_slope
2019-11-01,ES,PSPP,229709.3333333333,4937.0569105690865,0.28250499999645484,1.289816168948887,single_maturity_ea_slope
2019-12-01,ES,PSPP,230224.0,2846.267695222647,0.32558272415047185,1.277895315759893,single_maturity_ea_slope
2020-01-01,ES,PSPP,230402.66666666666,2535.587223587214,0.31351384227368184,1.2672822730455324,single_maturity_ea_slope
2020-02-01,ES,PSPP,232185.77777777775,4099.181342983498,0.18155363875718994,1.2481140078580009,single_maturity_ea_slope
2020-03-01,ES,PSPP,236992.0,7151.533108866468,0.4414137136460369,1.2237708069778477,single_maturity_ea_slope
2020-04-01,ES,PSPP,240792.88888888888,6221.150326797373,0.7327519789510466,1.2110847930488728,single_maturity_ea_slope
2020-05-01,ES,PSPP,245306.66666666666,6963.847872292319,0.6436518782956895,1.1949763172794718,single_maturity_ea_slope
2020-06-01,ES,PSPP,250129.77777777775,7334.440622440607,0.4106511879761993,1.171977911649121,single_maturity_ea_slope
2020-07-01,ES,PSPP,248457.77777777775,845.4091966362498,0.2860987098631442,1.16896359496724,single_maturity_ea_slope
2020-08-01,ES,PSPP,249512.88888888888,3580.088527551955,0.20501437905098036,1.155132551831904,single_maturity_ea_slope
2020-09-01,ES,PSPP,252902.22222222222,5940.589865939568,0.1787479403057992,1.1321975990366109,single_maturity_ea_slope
2020-10-01,ES,PSPP,256240.88888888888,5940.541380887051,0.07754781645256256,1.1077472051008455,single_maturity_ea_slope
2020-11-01,ES,PSPP,258451.55555555553,4840.396642948357,0.008870593536565857,1.087166951094648,single_maturity_ea_slope
2020-12-01,ES,PSPP,260337.77777777775,4561.704163791117,-0.04102822562961953,1.0673984308316182,single_maturity_ea_slope
2021-01-01,ES,PSPP,262221.3333333333,4548.766220766227,-0.0034206196977733666,1.0488228806897493,single_maturity_ea_slope
2021-02-01,ES,PSPP,259883.55555555553,373.36090432864285,0.11595648278300649,1.0474826810715174,single_maturity_ea_slope
2021-03-01,ES,PSPP,261200.0,4020.1851389467092,0.1747187817060838,1.0340497849840822,single_maturity_ea_slope
2021-04-01,ES,PSPP,263992.0,5536.850777637663,0.21941341611121934,1.0169639641543389,single_maturity_ea_slope
2021-05-01,ES,PSPP,265794.6666666666,4598.007623888145,0.3495301439664237,1.0054179620010546,single_maturity_ea_slope
2021-06-01,ES,PSPP,268236.44444444444,5281.464387464419,0.2843912787043151,0.9912212455252962,single_maturity_ea_slope
2021-07-01,ES,PSPP,265116.44444444444,0.0,0.1985112763852121,0.9912212455252962,single_maturity_ea_slope
2021-08-01,ES,PSPP,266184.0,3874.8029554332034,0.08905862730948796,0.9780885914989687,single_maturity_ea_slope
2021-09-01,ES,PSPP,268638.2222222222,5283.5589569160675,0.18332035497791344,0.9624571418861523,single_maturity_ea_slope
2021-10-01,ES,PSPP,271330.6666666666,5533.373190449325,0.3230960969020897,0.9494183530577641,single_maturity_ea_slope
2021-11-01,ES,PSPP,269792.0,1334.381476775416,0.34951377713341714,0.946451246716782,single_maturity_ea_slope
2021-12-01,ES,PSPP,271406.2222222222,4485.57173265216,0.3064696914985596,0.9358741746437801,single_maturity_ea_slope
2022-01-01,ES,PSPP,270478.2222222222,1934.9348335677441,0.5519846401813224,0.9331279231105855,single_maturity_ea_slope
2022-02-01,ES,PSPP,271631.1111111111,4027.869992441466,1.019785088285548,0.9344129150756462,single_maturity_ea_slope
2022-03-01,ES,PSPP,273479.1111111111,4742.619683622241,1.1207973566258405,0.9376451565350596,single_maturity_ea_slope
2022-04-01,ES,PSPP,279712.0,9081.629629629617,1.622382413814731,0.9598770599364954,single_maturity_ea_slope
2022-05-01,ES,PSPP,277572.44444444444,777.7577527464823,1.9647476683280445,0.9626927065247145,single_maturity_ea_slope
2022-06-01,ES,PSPP,280058.6666666666,5406.807706696563,2.5474132040113577,0.9932872926546591,single_maturity_ea_slope
2022-07-01,ES,PSPP,281593.77777777775,4511.92517006804,2.1723376719711425,1.0121789994430614,single_maturity_ea_slope
2022-08-01,ES,PSPP,281623.1111111111,3053.321496754525,2.0238564032108726,1.0231474755475896,single_maturity_ea_slope
2022-09-01,ES,PSPP,283264.0,4688.758056758044,2.850567909858624,1.0533960503204522,single_maturity_ea_slope
2022-10-01,ES,PSPP,280033.77777777775,0.0,3.184940733358574,1.0533960503204522,single_maturity_ea_slope
2022-11-01,ES,PSPP,280624.8888888889,3613.928228746894,3.010028187071125,1.078593844216333,single_maturity_ea_slope
2022-12-01,ES,PSPP,281175.1111111111,3607.1382231905363,3.06020560481634,1.1040155378254788,single_maturity_ea_slope
2023-01-01,ES,PSPP,277686.2222222222,0.0,3.186006779891556,1.1040155378254788,single_maturity_ea_slope
2023-02-01,ES,PSPP,278535.1111111111,3869.844309061064,3.37830829296298,1.1356135609274811,single_maturity_ea_slope
2023-03-01,ES,PSPP,279835.55555555556,4358.58136924803,3.4134488211656233,1.1710920057869272,single_maturity_ea_slope
2023-04-01,ES,PSPP,280546.6666666666,3783.5260820767617,3.3514624749063437,1.2004970549950325,single_maturity_ea_slope
2023-05-01,ES,PSPP,279581.3333333333,2143.5614657210594,3.342488607536879,1.2169197914387937,single_maturity_ea_slope
2023-06-01,ES,PSPP,279857.77777777775,3403.7524235644973,3.3680488701602274,1.2430827620492162,single_maturity_ea_slope
2023-07-01,ES,PSPP,275414.2222222222,0.0,3.4799567843769843,1.2430827620492162,single_maturity_ea_slope
2023-08-01,ES,PSPP,275414.2222222222,3093.151642208246,3.514718346773304,1.2685952910780134,single_maturity_ea_slope
2023-09-01,ES,PSPP,275414.2222222222,3126.8644666464825,3.65338876388,1.2956706029853928,single_maturity_ea_slope
2023-10-01,ES,PSPP,269455.1111111111,0.0,3.8587522181786515,1.2956706029853928,single_maturity_ea_slope
2023-11-01,ES,PSPP,268584.8888888889,2172.405500351274,3.5629816612526968,1.314009382335056,single_maturity_ea_slope
2023-12-01,ES,PSPP,268434.6666666666,2915.8153221714606,3.0121151641073687,1.3324547005893785,single_maturity_ea_slope
2024-01-01,ES,PSPP,264200.8888888889,0.0,3.0467903683390607,1.3324547005893785,single_maturity_ea_slope
2024-02-01,ES,PSPP,264200.8888888889,3032.608917457402,3.1681388141580316,1.3535254548773568,single_maturity_ea_slope
2024-03-01,ES,PSPP,264147.55555555556,3013.065098524728,3.1108939881012,1.3735713181887388,single_maturity_ea_slope
2024-04-01,ES,PSPP,259240.88888888888,0.0,3.18095367904008,1.3735713181887388,single_maturity_ea_slope
2024-05-01,ES,PSPP,256644.44444444444,383.3358876117559,3.227219100825,1.3763400113494835,single_maturity_ea_slope
2024-06-01,ES,PSPP,256644.44444444444,2982.850353840591,3.2682017925525164,1.3983281771003322,single_maturity_ea_slope
2024-07-01,ES,PSPP,252566.22222222222,0.0,3.1740274088408693,1.3983281771003322,single_maturity_ea_slope
2024-08-01,ES,PSPP,252566.22222222222,2947.785039941903,2.92214280965,1.4161131284606225,single_maturity_ea_slope
2024-09-01,ES,PSPP,252215.1111111111,2630.0765921728967,2.8185786623826674,1.4307379134540665,single_maturity_ea_slope
2024-10-01,ES,PSPP,247435.55555555553,0.0,2.790221819433217,1.4307379134540665,single_maturity_ea_slope
2024-11-01,ES,PSPP,247435.55555555553,2883.864283864283,2.8986671639404755,1.4478466459772181,single_maturity_ea_slope
2024-12-01,ES,PSPP,243701.3333333333,0.0,2.727668998255649,1.4478466459772181,single_maturity_ea_slope
2025-01-01,ES,PSPP,237728.88888888888,0.0,3.004688122489546,1.4478466459772181,single_maturity_ea_slope
2025-02-01,ES,PSPP,237728.88888888888,2786.32077928843,2.926556074601,1.465177980114862,single_maturity_ea_slope
2025-03-01,ES,PSPP,237698.66666666666,2791.8206183391403,3.149795203627206,1.4849641621938992,single_maturity_ea_slope
2025-04-01,ES,PSPP,230913.77777777775,0.0,2.9526384364463,1.4849641621938992,single_maturity_ea_slope
2025-05-01,ES,PSPP,230913.77777777775,2698.8520076879117,2.918327758126778,1.5017168923941433,single_maturity_ea_slope
2025-06-01,ES,PSPP,230096.88888888888,1916.4654882155005,2.8867578141770163,1.5132528290127596,single_maturity_ea_slope
2025-07-01,ES,PSPP,224152.0,0.0,2.9596915529444345,1.5132528290127596,single_maturity_ea_slope
2025-08-01,ES,PSPP,224152.0,2634.602726845322,2.9584726143634286,1.5302394273361102,single_maturity_ea_slope
2025-09-01,ES,PSPP,223954.66666666666,2463.5403608736847,2.9576632813088177,1.54594133848034,single_maturity_ea_slope
2025-10-01,ES,PSPP,217481.77777777775,0.0,2.873453915796188,1.54594133848034,single_maturity_ea_slope
2025-11-01,ES,PSPP,217481.77777777775,2556.2033119155826,2.89515239248955,1.5617994843901801,single_maturity_ea_slope
2025-12-01,ES,PSPP,217481.77777777775,2585.3753896549897,2.9902778351166663,1.5787809198481744,single_maturity_ea_slope
2026-01-01,ES,PSPP,217481.77777777775,2552.603025560772,2.9904531411353967,1.5953498426332355,single_maturity_ea_slope
2026-02-01,ES,PSPP,212916.44444444444,0.0,2.8851398311016663,1.5953498426332355,single_maturity_ea_slope
2026-03-01,ES,PSPP,212880.88888888888,2521.078023268218,3.1432856978058186,1.613681535469887,single_maturity_ea_slope
2026-04-01,ES,PSPP,206858.66666666666,0.0,3.2196242753431665,1.613681535469887,single_maturity_ea_slope
2026-05-01,ES,PSPP,206728.0,2321.4275327959635,3.26669379884825,1.6322438404322333,single_maturity_ea_slope
2026-06-01,ES,PSPP,206455.1111111111,2205.864108713013,3.1993107580592044,1.6489871249696861,single_maturity_ea_slope
2026-07-01,ES,PSPP,200924.44444444444,0.0,3.327837581852522,1.6489871249696861,single_maturity_ea_slope
2026-08-01,ES,PSPP,200924.44444444444,2388.545464151741,3.420417279662492,1.6700454958053115,single_maturity_ea_slope
2020-03-01,FI,PEPP,176.0,176.0,0.05551836445584807,0.05551836445584807,single_maturity_ea_slope
2020-04-01,FI,PEPP,1222.2222222222222,1047.7563923756393,0.0051798210535112,0.012365384847294148,single_maturity_ea_slope
2020-05-01,FI,PEPP,2872.8888888888887,1662.400750981396,-0.19072349207165185,-0.10515224794796488,single_maturity_ea_slope
2020-06-01,FI,PEPP,4490.666666666666,1646.9738030713636,-0.2741117535714201,-0.16711896696705322,single_maturity_ea_slope
2020-07-01,FI,PEPP,5739.555555555556,1298.389182833628,-0.32944136507786526,-0.20383917009056704,single_maturity_ea_slope
2020-08-01,FI,PEPP,6621.333333333333,946.064914376742,-0.3751351053497167,-0.22831416117857012,single_maturity_ea_slope
2020-09-01,FI,PEPP,7723.555555555555,1177.3963063881315,-0.43208133988463465,-0.2593768915293708,single_maturity_ea_slope
2020-10-01,FI,PEPP,8825.777777777777,1189.5532438816024,-0.504820654068295,-0.2924582166284259,single_maturity_ea_slope
2020-11-01,FI,PEPP,9928.0,1203.8080622058526,-0.5245091286378075,-0.3205952793519467,single_maturity_ea_slope
2020-12-01,FI,PEPP,10810.666666666666,998.2160148975786,-0.5295539286092921,-0.3398897295992378,single_maturity_ea_slope
2021-01-01,FI,PEPP,11648.0,964.219092331769,-0.500268708130937,-0.3531658691175183,single_maturity_ea_slope
2021-02-01,FI,PEPP,12552.888888888889,1039.3302554632191,-0.3742582360119804,-0.3549122348558584,single_maturity_ea_slope
2021-03-01,FI,PEPP,13643.555555555555,1236.7663976825982,-0.31621038188679496,-0.3514039740447167,single_maturity_ea_slope
2021-04-01,FI,PEPP,14888.888888888889,1408.2220099755923,-0.2972178812652847,-0.34627894093740935,single_maturity_ea_slope
2021-05-01,FI,PEPP,16155.555555555555,1435.7049147239877,-0.16463841176024085,-0.33013698905244004,single_maturity_ea_slope
2021-06-01,FI,PEPP,17322.666666666664,1349.7836072164414,-0.21258678954893245,-0.3209774678673922,single_maturity_ea_slope
2021-07-01,FI,PEPP,18626.666666666664,1498.5492662473794,-0.26113087291118486,-0.3161627002783247,single_maturity_ea_slope
2021-08-01,FI,PEPP,19628.44444444444,1203.6272214997828,-0.3474997985516821,-0.3180843087191455,single_maturity_ea_slope
2021-09-01,FI,PEPP,20704.0,1296.8957049065332,-0.23961290440168798,-0.3131688707739516,single_maturity_ea_slope
2021-10-01,FI,PEPP,21696.0,1231.9629114510894,-0.11006602250241888,-0.3016360916312245,single_maturity_ea_slope
2021-11-01,FI,PEPP,22665.777777777777,1223.7103620474404,-0.1679672872562247,-0.2944194012268674,single_maturity_ea_slope
2021-12-01,FI,PEPP,23432.888888888887,1037.714952775123,-0.2090989004366111,-0.29064102119578666,single_maturity_ea_slope
2022-01-01,FI,PEPP,23828.44444444444,679.384151593453,0.011500412834535956,-0.2820265225742546,single_maturity_ea_slope
2022-02-01,FI,PEPP,24264.888888888887,716.1210224308825,0.39524849816115226,-0.2620383461380531,single_maturity_ea_slope
2022-03-01,FI,PEPP,25050.666666666664,1081.8354752996038,0.5686783940961362,-0.2261630997236959,single_maturity_ea_slope
2022-04-01,FI,PEPP,24924.44444444444,178.53041362530377,1.0747118333673025,-0.21684510909015572,single_maturity_ea_slope
2022-05-01,FI,PEPP,23927.11111111111,0.0,1.3245365760955043,-0.21684510909015572,single_maturity_ea_slope
2022-06-01,FI,PEPP,24403.555555555555,754.5373211426217,1.9496343112269912,-0.14985939570116646,single_maturity_ea_slope
2022-07-01,FI,PEPP,24403.555555555555,287.2358233940154,1.5264935195165446,-0.13012831148250228,single_maturity_ea_slope
2022-08-01,FI,PEPP,23645.333333333332,0.0,1.479409194898674,-0.13012831148250228,single_maturity_ea_slope
2022-09-01,FI,PEPP,23448.888888888887,66.9839572192505,2.4602135360190136,-0.12272875629170205,single_maturity_ea_slope
2022-10-01,FI,PEPP,23871.11111111111,688.0826404635932,2.765426671221819,-0.039477934686345265,single_maturity_ea_slope
2022-11-01,FI,PEPP,23295.11111111111,0.0,2.6326527248737377,-0.039477934686345265,single_maturity_ea_slope
2022-12-01,FI,PEPP,23567.11111111111,532.9219434488252,2.6767218503531187,0.02194335965108643,single_maturity_ea_slope
2023-01-01,FI,PEPP,23957.333333333332,657.423028470648,2.752994698992345,0.0968872616888153,single_maturity_ea_slope
2023-02-01,FI,PEPP,23319.11111111111,0.0,2.936222501847121,0.0968872616888153,single_maturity_ea_slope
2023-03-01,FI,PEPP,23900.44444444444,841.8238506603105,2.9583941932616944,0.19767554574885446,single_maturity_ea_slope
2023-04-01,FI,PEPP,23453.333333333332,0.0,2.9092693731424695,0.19767554574885446,single_maturity_ea_slope
2023-05-01,FI,PEPP,23282.666666666664,86.83589518372003,2.915478848453177,0.20781196551994024,single_maturity_ea_slope
2023-06-01,FI,PEPP,23449.777777777777,426.49910873440484,2.973401236393636,0.25811186048401275,single_maturity_ea_slope
2023-07-01,FI,PEPP,23784.0,600.8181496639891,3.063273845714619,0.3289742988238217,single_maturity_ea_slope
2023-08-01,FI,PEPP,23690.666666666664,177.8020975832169,3.088318741403173,0.34968360332539195,single_maturity_ea_slope
2023-09-01,FI,PEPP,23067.555555555555,0.0,3.189077992577143,0.34968360332539195,single_maturity_ea_slope
2023-10-01,FI,PEPP,23553.777777777777,752.4682466399922,3.371623021998697,0.4462249512685972,single_maturity_ea_slope
2023-11-01,FI,PEPP,23296.0,13.704215972542784,3.1122287029274696,0.4477932673398688,single_maturity_ea_slope
2023-12-01,FI,PEPP,23451.555555555555,428.98278560250316,2.563345917004211,0.486491581683745,single_maturity_ea_slope
2024-01-01,FI,PEPP,23871.11111111111,702.3770166693457,2.649518702765,0.5501358975770583,single_maturity_ea_slope
2024-02-01,FI,PEPP,23376.0,0.0,2.775027392092159,0.5501358975770583,single_maturity_ea_slope
2024-03-01,FI,PEPP,23327.11111111111,231.39888089528216,2.76749821849225,0.572131555640124,single_maturity_ea_slope
2024-04-01,FI,PEPP,23132.44444444444,85.03490540900486,2.8459243402978576,0.5804900218120587,single_maturity_ea_slope
2024-05-01,FI,PEPP,23267.555555555555,416.5277101919458,2.927538808416591,0.6225060752156466,single_maturity_ea_slope
2024-06-01,FI,PEPP,23592.0,614.7083610556672,2.9686613884961996,0.6836370216131007,single_maturity_ea_slope
2024-07-01,FI,PEPP,23911.11111111111,621.1080389144888,2.896252606086891,0.7411112778347427,single_maturity_ea_slope
2024-08-01,FI,PEPP,23416.888888888887,0.0,2.609959562987864,0.7411112778347427,single_maturity_ea_slope
2024-09-01,FI,PEPP,22981.333333333332,0.0,2.527747192233834,0.7411112778347427,single_maturity_ea_slope
2024-10-01,FI,PEPP,22979.555555555555,290.1598915989164,2.538764481966,0.7638100135688665,single_maturity_ea_slope
2024-11-01,FI,PEPP,22077.333333333332,0.0,2.636053052726666,0.7638100135688665,single_maturity_ea_slope
2024-12-01,FI,PEPP,22144.0,342.90957624291076,2.4611952106472628,0.790094769649572,single_maturity_ea_slope
2025-01-01,FI,PEPP,22144.0,280.8726534753932,2.7347911898502275,0.8147611372320258,single_maturity_ea_slope
2025-02-01,FI,PEPP,20736.888888888887,0.0,2.638726863391525,0.8147611372320258,single_maturity_ea_slope
2025-03-01,FI,PEPP,20736.888888888887,251.17355727820842,2.860599009267619,0.8395411502169531,single_maturity_ea_slope
2025-04-01,FI,PEPP,20527.11111111111,41.761388754111124,2.630475268417425,0.8431847167928016,single_maturity_ea_slope
2025-05-01,FI,PEPP,19984.0,0.0,2.6521323101779526,0.8431847167928016,single_maturity_ea_slope
2025-06-01,FI,PEPP,19984.0,241.3526570048309,2.606667809146191,0.8644828217729149,single_maturity_ea_slope
2025-07-01,FI,PEPP,19048.888888888887,0.0,2.7636915529444344,0.8644828217729149,single_maturity_ea_slope
2025-08-01,FI,PEPP,18559.11111111111,0.0,2.8159436628114287,0.8644828217729149,single_maturity_ea_slope
2025-09-01,FI,PEPP,17823.11111111111,0.0,2.8377477532995905,0.8644828217729149,single_maturity_ea_slope
2025-10-01,FI,PEPP,17823.11111111111,199.36365896097436,2.7665185460354347,0.8857583891584018,single_maturity_ea_slope
2025-11-01,FI,PEPP,17823.11111111111,201.52771496055078,2.7838868701881503,0.9072207193373905,single_maturity_ea_slope
2025-12-01,FI,PEPP,17823.11111111111,204.019129019129,2.9096273282666663,0.9301420404102988,single_maturity_ea_slope
2026-01-01,FI,PEPP,17823.11111111111,206.28600823045264,2.9860237224755557,0.9539369672860539,single_maturity_ea_slope
2026-02-01,FI,PEPP,17823.11111111111,208.60382854764876,2.88183312536,0.976501294978867,single_maturity_ea_slope
2026-03-01,FI,PEPP,17823.11111111111,210.97432659932656,3.0894623787596367,1.0015126714440747,single_maturity_ea_slope
2026-04-01,FI,PEPP,16675.555555555555,0.0,3.1837618677993835,1.0015126714440747,single_maturity_ea_slope
2026-05-01,FI,PEPP,16675.555555555555,188.04189846138425,3.20451879292725,1.0263548694761357,single_maturity_ea_slope
2026-06-01,FI,PEPP,16675.555555555555,190.36022323693558,3.1207557655518183,1.0502635555043969,single_maturity_ea_slope
2026-07-01,FI,PEPP,16675.555555555555,192.46947778803732,3.2328688926288702,1.0754552145201457,single_maturity_ea_slope
2026-08-01,FI,PEPP,16675.555555555555,194.89896628746558,3.320828626298111,1.1016984755273682,single_maturity_ea_slope
2015-03-01,FI,PSPP,688.0,688.0,0.18518536967508856,0.18518536967508856,single_maturity_ea_slope
2015-04-01,FI,PSPP,1386.6666666666665,706.6965452847804,0.08893314721878653,0.13613168235356155,single_maturity_ea_slope
2015-05-01,FI,PSPP,2134.222222222222,763.7171717171718,0.43104902883868335,0.2416658855882322,single_maturity_ea_slope
2015-06-01,FI,PSPP,2877.333333333333,767.7102607448386,0.6524962769371172,0.351280820782054,single_maturity_ea_slope
2015-07-01,FI,PSPP,3632.8888888888887,788.6740331491714,0.5675394331916108,0.3982290091986982,single_maturity_ea_slope
2015-08-01,FI,PSPP,4243.555555555556,651.9119991926534,0.4775511695221086,0.41041479713990137,single_maturity_ea_slope
2015-09-01,FI,PSPP,4976.888888888889,781.1857865985062,0.5570200652171962,0.4334263519925986,single_maturity_ea_slope
2015-10-01,FI,PSPP,5727.11111111111,805.5209876543205,0.5003339415953381,0.44283693729690793,single_maturity_ea_slope
2015-11-01,FI,PSPP,6535.11111111111,870.8800078075441,0.47939857208502124,0.44770920285572796,single_maturity_ea_slope
2015-12-01,FI,PSPP,7187.555555555555,724.1957741667885,0.5278249962660584,0.45578142137053795,single_maturity_ea_slope
2016-01-01,FI,PSPP,7956.444444444444,847.803640267409,0.4528121427927905,0.45546502813675627,single_maturity_ea_slope
2016-02-01,FI,PSPP,8737.777777777777,867.3303549983184,0.2595222081164562,0.436015328227954,single_maturity_ea_slope
2016-03-01,FI,PSPP,9512.0,869.2807272023986,0.25350585944870846,0.41933618990354843,single_maturity_ea_slope
2016-04-01,FI,PSPP,10688.888888888889,1281.3245498462888,0.1918564407672474,0.3920671827886736,single_maturity_ea_slope
2016-05-01,FI,PSPP,11903.111111111111,1331.8894270756891,0.1838651774551991,0.3687705801600751,single_maturity_ea_slope
2016-06-01,FI,PSPP,12991.11111111111,1219.9050433412117,0.09948729010580448,0.34348405610411825,single_maturity_ea_slope
2016-07-01,FI,PSPP,14055.11111111111,1207.7705966258422,-0.09509100810384105,0.3057968359337336,single_maturity_ea_slope
2016-08-01,FI,PSPP,14829.333333333332,929.1506956692145,-0.14415464924764132,0.2776045547248455,single_maturity_ea_slope
2016-09-01,FI,PSPP,15900.444444444443,1233.713450292398,-0.1420839775346095,0.24504097519780446,single_maturity_ea_slope
2016-10-01,FI,PSPP,17018.666666666664,1291.6563893736654,-0.05939972528505355,0.2219350066947444,single_maturity_ea_slope
2016-11-01,FI,PSPP,18090.666666666664,1262.621266427718,0.12028827599192393,0.21484066759641196,single_maturity_ea_slope
2016-12-01,FI,PSPP,18925.333333333332,1039.7762660619815,0.10162083765282154,0.2086202597468143,single_maturity_ea_slope
2017-01-01,FI,PSPP,19616.0,904.3673592291491,0.13572751649804232,0.20525964505886263,single_maturity_ea_slope
2017-02-01,FI,PSPP,20261.333333333332,869.8754578754567,0.12071640431147901,0.20162996832211916,single_maturity_ea_slope
2017-03-01,FI,PSPP,20910.222222222223,881.7777777777794,0.12006288274896415,0.19819030887268155,single_maturity_ea_slope
2017-04-01,FI,PSPP,21509.333333333332,835.5451027689818,0.027302823050019243,0.1915520649210499,single_maturity_ea_slope
2017-05-01,FI,PSPP,22074.666666666664,809.2033257747531,0.1250899366190259,0.18911572574219934,single_maturity_ea_slope
2017-06-01,FI,PSPP,22646.222222222223,823.5494672754975,0.20069280342737267,0.1895367361900645,single_maturity_ea_slope
2017-07-01,FI,PSPP,23227.555555555555,840.91864078659,0.38304887374958135,0.196542551472824,single_maturity_ea_slope
2017-08-01,FI,PSPP,23696.888888888887,737.4260798194305,0.272189276894063,0.1988966102034921,single_maturity_ea_slope
2017-09-01,FI,PSPP,23876.44444444444,442.85432098765347,0.23210141332354217,0.19951248458853604,single_maturity_ea_slope
2017-10-01,FI,PSPP,24811.555555555555,1201.4703753284764,0.24673039004161484,0.20179895608605697,single_maturity_ea_slope
2017-11-01,FI,PSPP,25359.11111111111,828.4834943639282,0.1575354852380414,0.20035286616436518,single_maturity_ea_slope
2017-12-01,FI,PSPP,25922.666666666664,853.0431253170971,0.16835245908354868,0.19929982144413427,single_maturity_ea_slope
2018-01-01,FI,PSPP,26171.555555555555,547.6748117412034,0.33865094647611044,0.20221593015635075,single_maturity_ea_slope
2018-02-01,FI,PSPP,26434.666666666664,566.8663984318564,0.4988285156112719,0.20857650621984286,single_maturity_ea_slope
2018-03-01,FI,PSPP,26683.555555555555,558.2833957553075,0.38632238927078383,0.21229537250678132,single_maturity_ea_slope
2018-04-01,FI,PSPP,27165.333333333332,796.2939913038919,0.3548942598476875,0.2164753557141602,single_maturity_ea_slope
2018-05-01,FI,PSPP,27597.333333333332,753.5593434343434,0.3531534824171287,0.22020742207637364,single_maturity_ea_slope
2018-06-01,FI,PSPP,28076.44444444444,805.7840909090893,0.27978558605746046,0.221917294449869,single_maturity_ea_slope
2018-07-01,FI,PSPP,28569.777777777777,825.6776094276117,0.2032249309394777,0.2213770779267354,single_maturity_ea_slope
2018-08-01,FI,PSPP,29004.44444444444,773.3316474369082,0.2302477790007904,0.22161359319213408,single_maturity_ea_slope
2018-09-01,FI,PSPP,28688.888888888887,14.640760979559559,0.3710731713006863,0.22168986669187354,single_maturity_ea_slope
2018-10-01,FI,PSPP,29034.666666666664,674.6279484436288,0.4307408952105507,0.22654722111266662,single_maturity_ea_slope
2018-11-01,FI,PSPP,29336.0,637.3827160493851,0.354288566710608,0.22932265490762907,single_maturity_ea_slope
2018-12-01,FI,PSPP,29451.555555555555,458.4260557893088,0.2649243483319211,0.2298768104891613,single_maturity_ea_slope
2019-01-01,FI,PSPP,29647.11111111111,543.6826897819798,0.18422655271588428,0.22903965455709094,single_maturity_ea_slope
2019-02-01,FI,PSPP,29760.888888888887,466.7195767195763,0.09753317094550579,0.22697732871070153,single_maturity_ea_slope
2019-03-01,FI,PSPP,29887.11111111111,484.6144294583605,0.07341576201226463,0.22448735399365274,single_maturity_ea_slope
2019-04-01,FI,PSPP,30055.11111111111,530.004737295435,0.06416688142691124,0.22166019392654512,single_maturity_ea_slope
2019-05-01,FI,PSPP,30216.0,529.2113289760365,-0.038804546760429603,0.21709834286848473,single_maturity_ea_slope
2019-06-01,FI,PSPP,30328.888888888887,486.4793933399255,-0.2041441673438631,0.2103415572319306,single_maturity_ea_slope
2019-07-01,FI,PSPP,29236.44444444444,0.0,-0.3089330432177749,0.2103415572319306,single_maturity_ea_slope
2019-08-01,FI,PSPP,29340.44444444444,454.5568878230748,-0.5208455732688009,0.19901363931010002,single_maturity_ea_slope
2019-09-01,FI,PSPP,29401.777777777777,415.6865271068193,-0.46703491702623073,0.1895969498377641,single_maturity_ea_slope
2019-10-01,FI,PSPP,29747.555555555555,705.0370370370366,-0.381031920964393,0.1760726625205493,single_maturity_ea_slope
2019-11-01,FI,PSPP,29943.11111111111,563.9007209289518,-0.2676918771782766,0.16771551008804822,single_maturity_ea_slope
2019-12-01,FI,PSPP,30119.11111111111,551.7920571173584,-0.24093205767705703,0.16022895176229707,single_maturity_ea_slope
2020-01-01,FI,PSPP,30634.666666666664,897.5838547832451,-0.26297875635329615,0.14782913001272002,single_maturity_ea_slope
2020-02-01,FI,PSPP,30811.555555555555,569.0377197473988,-0.415593898277033,0.13742365227911152,single_maturity_ea_slope
2020-03-01,FI,PSPP,31109.333333333332,695.2436647173486,-0.285992995133704,0.12796096985852112,single_maturity_ea_slope
2020-04-01,FI,PSPP,29947.555555555555,0.0,-0.12328491233049446,0.12796096985852112,single_maturity_ea_slope
2020-05-01,FI,PSPP,30290.666666666664,704.2731414482483,-0.2866734787276418,0.11832051166484961,single_maturity_ea_slope
2020-06-01,FI,PSPP,30621.333333333332,700.2453229217516,-0.3474357166082848,0.10766964885232443,single_maturity_ea_slope
2020-07-01,FI,PSPP,31283.555555555555,1033.6600355814335,-0.3626557963041952,0.09212932398381675,single_maturity_ea_slope
2020-08-01,FI,PSPP,31479.11111111111,578.9324618736375,-0.4049597546419855,0.08298735669498322,single_maturity_ea_slope
2020-09-01,FI,PSPP,30372.44444444444,0.0,-0.4406504480727504,0.08298735669498322,single_maturity_ea_slope
2020-10-01,FI,PSPP,30952.888888888887,934.4356384356392,-0.5151782753211561,0.06492935615585088,single_maturity_ea_slope
2020-11-01,FI,PSPP,31505.777777777777,916.1857068335958,-0.530774084438276,0.04760634379813373,single_maturity_ea_slope
2020-12-01,FI,PSPP,31904.888888888887,772.0488215488199,-0.5344787424941917,0.03352078761650292,single_maturity_ea_slope
2021-01-01,FI,PSPP,32315.555555555555,790.4867724867737,-0.5044848704802797,0.020360365369779865,single_maturity_ea_slope
2021-02-01,FI,PSPP,32682.666666666664,754.5877964295214,-0.38922433843223214,0.010903743538844044,single_maturity_ea_slope
2021-03-01,FI,PSPP,33095.11111111111,806.5914134105169,-0.33267721003355766,0.0025300158896911975,single_maturity_ea_slope
2021-04-01,FI,PSPP,32279.11111111111,0.0,-0.27339029500522705,0.0025300158896911975,single_maturity_ea_slope
2021-05-01,FI,PSPP,32786.666666666664,876.0385591070515,-0.16782094426791366,-0.0020216517499683463,single_maturity_ea_slope
2021-06-01,FI,PSPP,33495.11111111111,1080.6818044202248,-0.2148178175666009,-0.008887278906289051,single_maturity_ea_slope
2021-07-01,FI,PSPP,34263.11111111111,1146.2194118237478,-0.26369104148345135,-0.017411344859452334,single_maturity_ea_slope
2021-08-01,FI,PSPP,34707.555555555555,832.9150919627118,-0.36744349184500336,-0.025811448330574156,single_maturity_ea_slope
2021-09-01,FI,PSPP,35504.88888888889,1193.5383054287188,-0.2455995562776082,-0.033199882265219735,single_maturity_ea_slope
2021-10-01,FI,PSPP,35716.444444444445,613.5583735909815,-0.09844636989551094,-0.03432072532380678,single_maturity_ea_slope
2021-11-01,FI,PSPP,36099.555555555555,786.4133293184768,-0.1528938516011489,-0.03690379000613954,single_maturity_ea_slope
2021-12-01,FI,PSPP,36592.0,901.7364575459821,-0.1908734182160447,-0.0406980627190733,single_maturity_ea_slope
2022-01-01,FI,PSPP,37355.555555555555,1174.5169212339015,0.042609700794196126,-0.03807873671892938,single_maturity_ea_slope
2022-02-01,FI,PSPP,37704.88888888888,770.0040040039992,0.4072227914548262,-0.028984850759118618,single_maturity_ea_slope
2022-03-01,FI,PSPP,38246.22222222222,961.9590460607888,0.6031914276437506,-0.013084517226011054,single_maturity_ea_slope
2022-04-01,FI,PSPP,37776.0,0.0,1.1128777103673202,-0.013084517226011054,single_maturity_ea_slope
2022-05-01,FI,PSPP,38369.777777777774,988.7589572006093,1.3529889386596667,0.022118119951711573,single_maturity_ea_slope
2022-06-01,FI,PSPP,38768.0,798.9091246635146,1.9817955154341067,0.0625020487756828,single_maturity_ea_slope
2022-07-01,FI,PSPP,39213.33333333333,848.1596009975015,1.5881428659735473,0.09550069481733639,single_maturity_ea_slope
2022-08-01,FI,PSPP,39410.666666666664,608.3745632424901,1.513216797581379,0.1173856941784464,single_maturity_ea_slope
2022-09-01,FI,PSPP,38467.555555555555,0.0,2.481298503759538,0.1173856941784464,single_maturity_ea_slope
2022-10-01,FI,PSPP,38952.0,877.7732333560562,2.8045431478341003,0.17794009155552973,single_maturity_ea_slope
2022-11-01,FI,PSPP,39199.11111111111,648.3472050542491,2.6449490514499336,0.21874403630462252,single_maturity_ea_slope
2022-12-01,FI,PSPP,39434.666666666664,642.8613651057533,2.6835817436324905,0.2589256599174402,single_maturity_ea_slope
2023-01-01,FI,PSPP,39743.11111111111,720.7684371950377,2.757909146775268,0.30424643053761335,single_maturity_ea_slope
2023-02-01,FI,PSPP,39988.444444444445,664.0344617689775,2.937023218928474,0.3479654234098121,single_maturity_ea_slope
2023-03-01,FI,PSPP,40247.11111111111,684.8009851283484,2.961314701303344,0.3924313269387708,single_maturity_ea_slope
2023-04-01,FI,PSPP,39063.11111111111,0.0,2.9177658507529296,0.3924313269387708,single_maturity_ea_slope
2023-05-01,FI,PSPP,39264.88888888888,611.7600522436753,2.9254300530346655,0.4318962911054742,single_maturity_ea_slope
2023-06-01,FI,PSPP,39210.666666666664,360.4893207529488,2.9782169082502272,0.4553062830216299,single_maturity_ea_slope
2023-07-01,FI,PSPP,39210.666666666664,418.9173789173789,3.065161970251746,0.4831893566031482,single_maturity_ea_slope
2023-08-01,FI,PSPP,39210.666666666664,423.258491652274,3.0972627250554776,0.5114069015993953,single_maturity_ea_slope
2023-09-01,FI,PSPP,37552.0,0.0,3.2011795217142858,0.5114069015993953,single_maturity_ea_slope
2023-10-01,FI,PSPP,37552.0,395.6173619890434,3.3950475237328335,0.5417865963121369,single_maturity_ea_slope
2023-11-01,FI,PSPP,37552.0,399.65942954448695,3.1312405362283786,0.5693457059323608,single_maturity_ea_slope
2023-12-01,FI,PSPP,37552.0,403.78494623655916,2.5885959700894743,0.5910580743641577,single_maturity_ea_slope
2024-01-01,FI,PSPP,37552.0,408.5291557876414,2.683214083426091,0.6138186923913763,single_maturity_ea_slope
2024-02-01,FI,PSPP,37552.0,412.8408091468777,2.795801434402349,0.6378070690625611,single_maturity_ea_slope
2024-03-01,FI,PSPP,37368.88888888888,231.91983495431202,2.7818649683436,0.6511135806800794,single_maturity_ea_slope
2024-04-01,FI,PSPP,36067.555555555555,0.0,2.8703257373964286,0.6511135806800794,single_maturity_ea_slope
2024-05-01,FI,PSPP,36067.555555555555,392.3798472101344,2.942920980338364,0.6760462112246647,single_maturity_ea_slope
2024-06-01,FI,PSPP,36067.555555555555,396.52105931789305,2.981907539921233,0.7013964896843896,single_maturity_ea_slope
2024-07-01,FI,PSPP,36067.555555555555,401.2856648370667,2.91183409934913,0.7259896985146604,single_maturity_ea_slope
2024-08-01,FI,PSPP,36067.555555555555,405.6180336882091,2.6450069499977276,0.7475710891071377,single_maturity_ea_slope
2024-09-01,FI,PSPP,34907.555555555555,0.0,2.5807600599803497,0.7475710891071377,single_maturity_ea_slope
2024-10-01,FI,PSPP,34907.555555555555,387.86172839506173,2.5964963583913043,0.7681147032102952,single_maturity_ea_slope
2024-11-01,FI,PSPP,34687.11111111111,168.974961574693,2.6769957630769836,0.7774136356785661,single_maturity_ea_slope
2024-12-01,FI,PSPP,34687.11111111111,391.14920062146047,2.5039611213130524,0.7968830480109351,single_maturity_ea_slope
2025-01-01,FI,PSPP,34687.11111111111,395.97158802638256,2.783850330043182,0.819565322919979,single_maturity_ea_slope
2025-02-01,FI,PSPP,34687.11111111111,399.8053378412991,2.6547578984930005,0.8407178422327155,single_maturity_ea_slope
2025-03-01,FI,PSPP,34687.11111111111,404.8449009233323,2.884508148447587,0.8645716039765865,single_maturity_ea_slope
2025-04-01,FI,PSPP,34595.555555555555,316.7202343586532,2.654838381001133,0.8809613888515014,single_maturity_ea_slope
2025-05-01,FI,PSPP,34595.555555555555,412.44105335664705,2.6521323101779526,0.9020769220098996,single_maturity_ea_slope
2025-06-01,FI,PSPP,34595.555555555555,417.2160583159136,2.60780215804681,0.922647655681353,single_maturity_ea_slope
2025-07-01,FI,PSPP,32960.0,0.0,2.765686648313623,0.922647655681353,single_maturity_ea_slope
2025-08-01,FI,PSPP,32960.0,386.31036099390525,2.796517476120381,0.9446104993339435,single_maturity_ea_slope
2025-09-01,FI,PSPP,31608.888888888887,0.0,2.8203862626359997,0.9446104993339435,single_maturity_ea_slope
2025-10-01,FI,PSPP,31608.888888888887,362.3210555810281,2.7491198551673475,0.9652949256960871,single_maturity_ea_slope
2025-11-01,FI,PSPP,31608.888888888887,366.3524442383969,2.7667004202390504,0.9861735243811005,single_maturity_ea_slope
2025-12-01,FI,PSPP,31608.888888888887,370.4745533156222,2.893666536283333,1.008530451384174,single_maturity_ea_slope
2026-01-01,FI,PSPP,31608.888888888887,375.22422707607893,2.96879667606327,1.0318004682963189,single_maturity_ea_slope
2026-02-01,FI,PSPP,31608.888888888887,379.5495783968406,2.86357559508685,1.053795846860086,single_maturity_ea_slope
2026-03-01,FI,PSPP,31608.888888888887,383.97581254724105,3.074591341601455,1.078343897087751,single_maturity_ea_slope
2026-04-01,FI,PSPP,29396.44444444444,0.0,3.1735243353147666,1.078343897087751,single_maturity_ea_slope
2026-05-01,FI,PSPP,29396.44444444444,337.89016602809704,3.1940868507854168,1.1026627816130115,single_maturity_ea_slope
2026-06-01,FI,PSPP,29396.44444444444,341.6602097215765,3.1116440061154247,1.1260121682297293,single_maturity_ea_slope
2026-07-01,FI,PSPP,29396.44444444444,346.003347980749,3.223142865638957,1.150695909960064,single_maturity_ea_slope
2026-08-01,FI,PSPP,29396.44444444444,349.95767195767195,3.3117163341095237,1.176422343580891,single_maturity_ea_slope
2020-03-01,FR,PEPP,2176.0,2176.0,-0.0358662319527754,-0.0358662319527754,single_maturity_ea_slope
2020-04-01,FR,PEPP,14181.333333333332,12026.946364719903,-0.01984201841783423,-0.022276370393808947,single_maturity_ea_slope
2020-05-01,FR,PEPP,20955.555555555555,6918.5174331841,-0.1283481217043105,-0.05729616543882836,single_maturity_ea_slope
2020-06-01,FR,PEPP,38929.777777777774,18172.89074284751,-0.10528067878967687,-0.0796959161759479,single_maturity_ea_slope
2020-07-01,FR,PEPP,52817.777777777774,14246.469408635154,-0.19689315443605407,-0.11130737239195716,single_maturity_ea_slope
2020-08-01,FR,PEPP,62621.33333333333,10284.59178303987,-0.21154876544814813,-0.12777048092812437,single_maturity_ea_slope
2020-09-01,FR,PEPP,74877.33333333333,12833.261553588987,-0.25839025800347715,-0.15015746626342152,single_maturity_ea_slope
2020-10-01,FR,PEPP,87131.55555555555,12970.61461921163,-0.36073332461904956,-0.18150429910056806,single_maturity_ea_slope
2020-11-01,FR,PEPP,99386.66666666666,13098.428528412267,-0.3822020611617944,-0.20795478164857514,single_maturity_ea_slope
2020-12-01,FR,PEPP,109191.11111111111,10784.589086127557,-0.4036121793466207,-0.22727947405588358,single_maturity_ea_slope
2021-01-01,FR,PEPP,118750.22222222222,10642.356261022926,-0.37745859758948247,-0.2407384782219713,single_maturity_ea_slope
2021-02-01,FR,PEPP,128554.66666666666,10976.938739687548,-0.2376844777621185,-0.24047770530078513,single_maturity_ea_slope
2021-03-01,FR,PEPP,140649.77777777778,13371.975102635424,-0.17783053339357036,-0.2345216601777181,single_maturity_ea_slope
2021-04-01,FR,PEPP,154890.66666666666,15619.808278867089,-0.11839607528172506,-0.22281108128111973,single_maturity_ea_slope
2021-05-01,FR,PEPP,168596.44444444444,15222.52931192062,0.09145066408918834,-0.19443646966769856,single_maturity_ea_slope
2021-06-01,FR,PEPP,181581.3333333333,14647.57571772955,0.034730219087131003,-0.17595033805990998,single_maturity_ea_slope
2021-07-01,FR,PEPP,196181.3333333333,16403.549198781617,-0.11304678503372388,-0.17069070652763776,single_maturity_ea_slope
2021-08-01,FR,PEPP,207155.55555555553,12927.441391211996,-0.21561241196503983,-0.17349402364205405,single_maturity_ea_slope
2021-09-01,FR,PEPP,219122.66666666666,14027.130557765415,-0.06775973376656488,-0.16672544642876058,single_maturity_ea_slope
2021-10-01,FR,PEPP,230155.55555555553,13230.268217676146,0.08448698290779794,-0.1522847443057374,single_maturity_ea_slope
2021-11-01,FR,PEPP,241252.44444444444,13438.724008501802,-0.004934302060335682,-0.14407673658823367,single_maturity_ea_slope
2021-12-01,FR,PEPP,249913.77777777775,11122.08858062467,-0.038995605786929,-0.13940023713583638,single_maturity_ea_slope
2022-01-01,FR,PEPP,258766.22222222222,11433.131947312886,0.20797159788092967,-0.12405222150064185,single_maturity_ea_slope
2022-02-01,FR,PEPP,263546.6666666666,7452.545045665209,0.602965379810698,-0.1034936938922579,single_maturity_ea_slope
2022-03-01,FR,PEPP,268698.6666666666,7897.277777777777,0.6908232629594867,-0.08014805645506425,single_maturity_ea_slope
2022-04-01,FR,PEPP,267534.2222222222,1631.0056873352814,1.2176955017456574,-0.07223583420882554,single_maturity_ea_slope
2022-05-01,FR,PEPP,265759.1111111111,990.9581839904872,1.4464032221673664,-0.06657315797864206,single_maturity_ea_slope
2022-06-01,FR,PEPP,265657.77777777775,2656.648309579778,1.9817807749530647,-0.04608907481396195,single_maturity_ea_slope
2022-07-01,FR,PEPP,264680.8888888889,1800.795947767102,1.5768636454173237,-0.03504707365445631,single_maturity_ea_slope
2022-08-01,FR,PEPP,264767.1111111111,2874.685021304516,1.5760356619244302,-0.0175548882065917,single_maturity_ea_slope
2022-09-01,FR,PEPP,266432.0,4482.759377512877,2.3473227671274843,0.022234542064995408,single_maturity_ea_slope
2022-10-01,FR,PEPP,265687.1111111111,2097.962156779071,2.662918645273881,0.04308634512526299,single_maturity_ea_slope
2022-11-01,FR,PEPP,266444.44444444444,3610.5024818632874,2.5259926048418073,0.07673140472345492,single_maturity_ea_slope
2022-12-01,FR,PEPP,267178.6666666666,3629.0988459123732,2.592442152860456,0.11090240754571123,single_maturity_ea_slope
2023-01-01,FR,PEPP,268304.8888888889,4055.812865497102,2.6709763311628785,0.14960159338250031,single_maturity_ea_slope
2023-02-01,FR,PEPP,267581.3333333333,2218.384015594536,2.8631367107312617,0.17209816612579432,single_maturity_ea_slope
2023-03-01,FR,PEPP,263901.3333333333,0.0,2.901260073399415,0.17209816612579432,single_maturity_ea_slope
2023-04-01,FR,PEPP,264454.2222222222,3442.7414221054037,2.8538486784340917,0.20700996861052826,single_maturity_ea_slope
2023-05-01,FR,PEPP,262182.2222222222,616.3161011601374,2.8726161289767758,0.21327605325219748,single_maturity_ea_slope
2023-06-01,FR,PEPP,262914.6666666666,3626.2879568309963,2.9012234242715906,0.2503499499035438,single_maturity_ea_slope
2023-07-01,FR,PEPP,263708.44444444444,3730.7155198093856,3.0297960929270156,0.28967111341082963,single_maturity_ea_slope
2023-08-01,FR,PEPP,264651.55555555556,3920.848740339268,3.052845763002347,0.3306079211369192,single_maturity_ea_slope
2023-09-01,FR,PEPP,265173.3333333333,3547.0584768581766,3.1792682519228572,0.3687126756647898,single_maturity_ea_slope
2023-10-01,FR,PEPP,264910.2222222222,2780.6599326599194,3.356980964128212,0.4000793697397286,single_maturity_ea_slope
2023-11-01,FR,PEPP,265441.77777777775,3606.1867326937027,3.100644383485727,0.4367681751149724,single_maturity_ea_slope
2023-12-01,FR,PEPP,265902.2222222222,3580.3525048320466,2.5369574546490528,0.4650470585509937,single_maturity_ea_slope
2024-01-01,FR,PEPP,268314.6666666666,5573.431394304425,2.595884662155561,0.5093088104098588,single_maturity_ea_slope
2024-02-01,FR,PEPP,266134.2222222222,986.6314132829775,2.7428496765053336,0.5175891494167715,single_maturity_ea_slope
2024-03-01,FR,PEPP,262237.3333333333,0.0,2.7416170164277998,0.5175891494167715,single_maturity_ea_slope
2024-04-01,FR,PEPP,264484.44444444444,5329.355273468122,2.8747146203660483,0.5650851716694837,single_maturity_ea_slope
2024-05-01,FR,PEPP,261721.77777777775,307.0227999587137,2.9563919506641816,0.5678903860810662,single_maturity_ea_slope
2024-06-01,FR,PEPP,262945.77777777775,4282.9268089969355,3.068059768418983,0.6086137723439863,single_maturity_ea_slope
2024-07-01,FR,PEPP,262970.6666666666,3115.45985477719,3.0343056689665215,0.6373513719393246,single_maturity_ea_slope
2024-08-01,FR,PEPP,263358.2222222222,3518.158730158736,2.7859539961363637,0.6660541973767715,single_maturity_ea_slope
2024-09-01,FR,PEPP,263981.3333333333,3794.5733247698695,2.7249641256539054,0.6956497926156178,single_maturity_ea_slope
2024-10-01,FR,PEPP,264588.44444444444,3818.562854825642,2.7999759204888046,0.7260196056405508,single_maturity_ea_slope
2024-11-01,FR,PEPP,259425.77777777775,0.0,2.923671550503095,0.7260196056405508,single_maturity_ea_slope
2024-12-01,FR,PEPP,259705.77777777775,3431.430731022567,2.8389547022293677,0.7539373150004671,single_maturity_ea_slope
2025-01-01,FR,PEPP,259514.66666666666,3000.946137878307,3.125005749094091,0.7813556060409418,single_maturity_ea_slope
2025-02-01,FR,PEPP,256794.66666666666,469.70829236315967,2.95361911443785,0.7853289369373205,single_maturity_ea_slope
2025-03-01,FR,PEPP,248220.44444444444,0.0,3.1819358085642855,0.7853289369373205,single_maturity_ea_slope
2025-04-01,FR,PEPP,248158.22222222222,2948.700199471673,2.949475268417425,0.8110440579684778,single_maturity_ea_slope
2025-05-01,FR,PEPP,241368.88888888888,0.0,2.9613879004809522,0.8110440579684778,single_maturity_ea_slope
2025-06-01,FR,PEPP,241333.3333333333,2871.1025476343334,2.949936506947429,0.8364901058664583,single_maturity_ea_slope
2025-07-01,FR,PEPP,241273.77777777775,2880.665367121501,3.0412516797594775,0.8628136473933109,single_maturity_ea_slope
2025-08-01,FR,PEPP,241273.77777777775,2978.688614540466,3.0833080759148808,0.8902271588565401,single_maturity_ea_slope
2025-09-01,FR,PEPP,241200.88888888888,2941.526125825989,3.165598889672454,0.9179760839247397,single_maturity_ea_slope
2025-10-01,FR,PEPP,238636.44444444444,449.0599144872076,3.114721678117391,0.9221098632013076,single_maturity_ea_slope
2025-11-01,FR,PEPP,233138.66666666666,0.0,3.1280386491074,0.9221098632013076,single_maturity_ea_slope
2025-12-01,FR,PEPP,232865.77777777775,2631.1802026241326,3.244453426550238,0.9483503201112384,single_maturity_ea_slope
2026-01-01,FR,PEPP,232865.77777777775,2940.2244668911335,3.1981181393285714,0.9767564794447905,single_maturity_ea_slope
2026-02-01,FR,PEPP,225606.22222222222,0.0,3.0838031264579246,0.9767564794447905,single_maturity_ea_slope
2026-03-01,FR,PEPP,223816.0,1003.3169335754806,3.3807130127693643,0.9875328774568358,single_maturity_ea_slope
2026-04-01,FR,PEPP,220631.1111111111,0.0,3.474232211861,0.9875328774568358,single_maturity_ea_slope
2026-05-01,FR,PEPP,213334.22222222222,0.0,3.51202134681255,0.9875328774568358,single_maturity_ea_slope
2026-06-01,FR,PEPP,213211.55555555553,2468.8569268977235,3.460158591462137,1.016164342133978,single_maturity_ea_slope
2026-07-01,FR,PEPP,212911.1111111111,2316.2904052801023,3.6275734214331745,1.0445742347087503,single_maturity_ea_slope
2026-08-01,FR,PEPP,212911.1111111111,2648.148148148148,3.769508833211667,1.0784664560831647,single_maturity_ea_slope
2015-03-01,FR,PSPP,7784.0,7784.0,0.376425241092449,0.376425241092449,single_maturity_ea_slope
2015-04-01,FR,PSPP,15449.777777777777,7748.621541081311,0.3026171082044639,0.3394077967881405,single_maturity_ea_slope
2015-05-01,FR,PSPP,23880.888888888887,8595.9614928629,0.667963990581304,0.45767208767061607,single_maturity_ea_slope
2015-06-01,FR,PSPP,32259.555555555555,8633.151842379466,0.9186432793223521,0.581035048627674,single_maturity_ea_slope
2015-07-01,FR,PSPP,40672.88888888888,8752.76468387579,0.8217688482023735,0.6328407195965802,single_maturity_ea_slope
2015-08-01,FR,PSPP,47861.33333333333,7619.666760908492,0.7344960536756815,0.6490245514333777,single_maturity_ea_slope
2015-09-01,FR,PSPP,56292.44444444444,8939.841269841269,0.7161545367314727,0.6596855099142983,single_maturity_ea_slope
2015-10-01,FR,PSPP,65136.88888888888,9444.321303400588,0.5999711970711348,0.6510274182166026,single_maturity_ea_slope
2015-11-01,FR,PSPP,74222.22222222222,9781.240265906936,0.578206165388816,0.6414308021487037,single_maturity_ea_slope
2015-12-01,FR,PSPP,81570.66666666666,8148.597767236829,0.6171214695120137,0.639002392749332,single_maturity_ea_slope
2016-01-01,FR,PSPP,90432.0,9746.431712962973,0.5250307764644289,0.6267189468967928,single_maturity_ea_slope
2016-02-01,FR,PSPP,99311.11111111111,9860.36111111111,0.31597883093020884,0.5958663089506622,single_maturity_ea_slope
2016-03-01,FR,PSPP,108068.44444444444,9839.153715807306,0.23232426055746364,0.5627674139430731,single_maturity_ea_slope
2016-04-01,FR,PSPP,121342.22222222222,14449.457112464948,0.24964484290263855,0.5254807129223221,single_maturity_ea_slope
2016-05-01,FR,PSPP,135029.3333333333,15005.475107441192,0.25481722776568466,0.49540255072785183,single_maturity_ea_slope
2016-06-01,FR,PSPP,147192.0,13633.574437182298,0.17157061764058093,0.465407803969319,single_maturity_ea_slope
2016-07-01,FR,PSPP,159253.3333333333,13654.320346320326,-0.030287173537989653,0.42290710476712434,single_maturity_ea_slope
2016-08-01,FR,PSPP,167936.88888888888,10409.317728651935,-0.04327755727952923,0.39401134339168004,single_maturity_ea_slope
2016-09-01,FR,PSPP,180033.77777777778,13904.994927744297,-0.029129078845090556,0.3613298905134961,single_maturity_ea_slope
2016-10-01,FR,PSPP,192620.44444444444,14512.573574858547,0.11518076572882699,0.3427843135155422,single_maturity_ea_slope
2016-11-01,FR,PSPP,204602.66666666666,14058.768626323603,0.4131071822272139,0.3476163763447497,single_maturity_ea_slope
2016-12-01,FR,PSPP,214104.0,11721.414351851861,0.4362491861715268,0.3524686999311775,single_maturity_ea_slope
2017-01-01,FR,PSPP,226761.77777777775,14987.020597621095,0.534657400231076,0.36450982004765586,single_maturity_ea_slope
2017-02-01,FR,PSPP,238813.3333333333,14521.727426773185,0.6850307169602852,0.38400000945451507,single_maturity_ea_slope
2017-03-01,FR,PSPP,250997.3333333333,14792.271443133828,0.6839451025872891,0.4016769671206897,single_maturity_ea_slope
2017-04-01,FR,PSPP,261044.44444444444,12781.286855482947,0.5648523323830971,0.4096663773362781,single_maturity_ea_slope
2017-05-01,FR,PSPP,270616.8888888889,12416.065843621393,0.4864005098319665,0.4131869855489858,single_maturity_ea_slope
2017-06-01,FR,PSPP,280216.0,12550.866007368639,0.3459388948476294,0.410174945638188,single_maturity_ea_slope
2017-07-01,FR,PSPP,289095.1111111111,11892.186379928327,0.529325994848556,0.4150763307883129,single_maturity_ea_slope
2017-08-01,FR,PSPP,297335.11111111107,11356.592400939044,0.4014998771760875,0.41455778372083696,single_maturity_ea_slope
2017-09-01,FR,PSPP,307157.3333333333,13027.646016003091,0.38410808329777635,0.4132663025307249,single_maturity_ea_slope
2017-10-01,FR,PSPP,316480.0,12608.474682641583,0.5014127122497902,0.41677803083996584,single_maturity_ea_slope
2017-11-01,FR,PSPP,325759.11111111107,12664.648124375935,0.41657326605154216,0.4167700701294126,single_maturity_ea_slope
2017-12-01,FR,PSPP,333958.2222222222,11697.383352424602,0.3865590771656108,0.4157118851750089,single_maturity_ea_slope
2018-01-01,FR,PSPP,337494.2222222222,7150.266474266474,0.5707210024891891,0.4189959606398843,single_maturity_ea_slope
2018-02-01,FR,PSPP,341248.8888888889,7421.487855521773,0.699762567863214,0.42510207858953847,single_maturity_ea_slope
2018-03-01,FR,PSPP,344795.55555555556,7283.513894972521,0.5530939272073518,0.42780579791779083,single_maturity_ea_slope
2018-04-01,FR,PSPP,348853.3333333333,7838.4307992202475,0.5055106565305291,0.4295517584656787,single_maturity_ea_slope
2018-05-01,FR,PSPP,352552.0,7513.7731116943905,0.5095085432948536,0.4312558393954337,single_maturity_ea_slope
2018-06-01,FR,PSPP,356589.3333333333,7913.234828496023,0.4628584858983291,0.4319571479865844,single_maturity_ea_slope
2018-07-01,FR,PSPP,360707.55555555556,8059.30680813442,0.39593017909159295,0.43115219563330015,single_maturity_ea_slope
2018-08-01,FR,PSPP,364370.6666666666,7687.068669740645,0.4216555154451176,0.43095184571652734,single_maturity_ea_slope
2018-09-01,FR,PSPP,368120.8888888889,7847.958014694882,0.4888431021152154,0.43218602764791997,single_maturity_ea_slope
2018-10-01,FR,PSPP,369897.77777777775,5922.3943943943805,0.5378484716290959,0.43387777791928295,single_maturity_ea_slope
2018-11-01,FR,PSPP,371374.2222222222,5653.248619893599,0.4720700159934974,0.4344591597284234,single_maturity_ea_slope
2018-12-01,FR,PSPP,373561.77777777775,6421.18781983078,0.429054528575912,0.4343662590255366,single_maturity_ea_slope
2019-01-01,FR,PSPP,375777.77777777775,6521.691306797807,0.36663984780440667,0.4331908549079396,single_maturity_ea_slope
2019-02-01,FR,PSPP,375117.3333333333,3688.8353909465077,0.28169762621580546,0.4317010981469752,single_maturity_ea_slope
2019-03-01,FR,PSPP,376401.77777777775,5674.862671660418,0.1800574081150222,0.42790716446379184,single_maturity_ea_slope
2019-04-01,FR,PSPP,375751.11111111107,3760.9809866124715,0.1124877110664419,0.4247500571873097,single_maturity_ea_slope
2019-05-01,FR,PSPP,371684.44444444444,306.60045520384574,0.045363456033532035,0.4244371032653724,single_maturity_ea_slope
2019-06-01,FR,PSPP,372460.44444444444,5150.816907302783,-0.14831723446643608,0.41651638907807015,single_maturity_ea_slope
2019-07-01,FR,PSPP,373689.77777777775,5631.939059626984,-0.2884520126237159,0.405891696315647,single_maturity_ea_slope
2019-08-01,FR,PSPP,374035.55555555556,4807.212565000563,-0.5083377660324013,0.39414175625402503,single_maturity_ea_slope
2019-09-01,FR,PSPP,375022.2222222222,5490.948405052413,-0.43807605125325777,0.38195670488370775,single_maturity_ea_slope
2019-10-01,FR,PSPP,373112.0,2567.1204499628884,-0.32687819096464377,0.37707971203228613,single_maturity_ea_slope
2019-11-01,FR,PSPP,373246.2222222222,4569.6953558408295,-0.1919166944503333,0.37011342521841534,single_maturity_ea_slope
2019-12-01,FR,PSPP,377920.8888888889,9150.041033839614,-0.14651301319391344,0.3576051113103449,single_maturity_ea_slope
2020-01-01,FR,PSPP,384527.11111111107,11170.484165324713,-0.18738602754534636,0.34177315899562066,single_maturity_ea_slope
2020-02-01,FR,PSPP,386173.3333333333,6297.009729613529,-0.3435977611680552,0.3305973812291647,single_maturity_ea_slope
2020-03-01,FR,PSPP,394060.44444444444,12557.809385582983,-0.19538884757656133,0.3138353973916441,single_maturity_ea_slope
2020-04-01,FR,PSPP,401460.44444444444,12097.907063000053,-0.08927760235178084,0.30168769100046566,single_maturity_ea_slope
2020-05-01,FR,PSPP,406312.8888888889,9577.732161540065,-0.1886610582191087,0.2901290397388377,single_maturity_ea_slope
2020-06-01,FR,PSPP,416784.8888888889,15240.930620761606,-0.19645782519839902,0.2723356003719432,single_maturity_ea_slope
2020-07-01,FR,PSPP,420975.11111111107,9075.183414075083,-0.2926539119159961,0.2601558222432344,single_maturity_ea_slope
2020-08-01,FR,PSPP,423627.5555555555,7621.4613366907915,-0.31370984755006537,0.24983143480094913,single_maturity_ea_slope
2020-09-01,FR,PSPP,430562.6666666666,11949.641835016846,-0.35920329551072117,0.23292855989854888,single_maturity_ea_slope
2020-10-01,FR,PSPP,431536.0,5991.546231546269,-0.4341782753211561,0.22366629337941865,single_maturity_ea_slope
2020-11-01,FR,PSPP,430672.8888888889,4097.072796934853,-0.4430616317949168,0.2173235842940243,single_maturity_ea_slope
2020-12-01,FR,PSPP,434254.2222222222,8552.165384220767,-0.45409152166684225,0.20410079281888918,single_maturity_ea_slope
2021-01-01,FR,PSPP,438341.3333333333,9120.192036264372,-0.4284741620165286,0.1909393484678425,single_maturity_ea_slope
2021-02-01,FR,PSPP,437938.6666666666,4670.728395061708,-0.30738239598328965,0.1856246190346085,single_maturity_ea_slope
2021-03-01,FR,PSPP,439820.44444444444,6978.829298572347,-0.26021038188679496,0.1785503540565685,single_maturity_ea_slope
2021-04-01,FR,PSPP,439615.11111111107,4871.079922027251,-0.21089405952213053,0.17423518195310228,single_maturity_ea_slope
2021-05-01,FR,PSPP,437154.6666666666,2571.7798127798187,-0.006412210521750006,0.17317243379410258,single_maturity_ea_slope
2021-06-01,FR,PSPP,441690.6666666666,9595.66049382716,-0.05822928164905358,0.16814526780067343,single_maturity_ea_slope
2021-07-01,FR,PSPP,445896.8888888889,9339.77250891061,-0.19113192648785016,0.16061983457628812,single_maturity_ea_slope
2021-08-01,FR,PSPP,448410.6666666666,7747.3093375064955,-0.2901079722077395,0.15283249139792546,single_maturity_ea_slope
2021-09-01,FR,PSPP,453924.44444444444,10821.669191919224,-0.1568943283636001,0.14544852866063201,single_maturity_ea_slope
2021-10-01,FR,PSPP,451458.6666666666,2847.008322929639,0.003149414659442573,0.14455115578506372,single_maturity_ea_slope
2021-11-01,FR,PSPP,455413.3333333333,9291.057525610737,-0.07102551993259132,0.14015309549857086,single_maturity_ea_slope
2021-12-01,FR,PSPP,458695.11111111107,8711.121284374476,-0.09649666807644407,0.13565885794843238,single_maturity_ea_slope
2022-01-01,FR,PSPP,464637.3333333333,11482.018250134217,0.1439847821671901,0.13586460640420794,single_maturity_ea_slope
2022-02-01,FR,PSPP,464832.8888888889,5839.838030450281,0.5501663054654817,0.14106960561164683,single_maturity_ea_slope
2022-03-01,FR,PSPP,468394.6666666666,9266.648775432255,0.6294886293095259,0.15073241321801248,single_maturity_ea_slope
2022-04-01,FR,PSPP,469404.44444444444,6666.718196457358,1.179832429152234,0.16534820964559663,single_maturity_ea_slope
2022-05-01,FR,PSPP,468149.3333333333,4373.23954169996,1.4024790671651046,0.1769049271268309,single_maturity_ea_slope
2022-06-01,FR,PSPP,472274.6666666666,9804.000646935125,1.932361814468415,0.2133466456306753,single_maturity_ea_slope
2022-07-01,FR,PSPP,471242.6666666666,4721.8336582196225,1.497425593040341,0.2262130680125412,single_maturity_ea_slope
2022-08-01,FR,PSPP,472662.2222222222,7220.179222058106,1.5090434040249214,0.24580901730156168,single_maturity_ea_slope
2022-09-01,FR,PSPP,477722.6666666666,10930.566429320521,2.308998047874419,0.2930159562401691,single_maturity_ea_slope
2022-10-01,FR,PSPP,472782.2222222222,914.0000000000064,2.608482148302438,0.29749230073890576,single_maturity_ea_slope
2022-11-01,FR,PSPP,473104.8888888889,6150.849879465282,2.4986398686674898,0.32610948177179616,single_maturity_ea_slope
2022-12-01,FR,PSPP,474643.5555555555,7440.6737635839045,2.5804299375247597,0.3614489757425897,single_maturity_ea_slope
2023-01-01,FR,PSPP,477353.77777777775,8694.129881772871,2.6663158827605895,0.403427929681325,single_maturity_ea_slope
2023-02-01,FR,PSPP,476155.5555555555,4838.117911538219,2.8644221490481514,0.428433581876265,single_maturity_ea_slope
2023-03-01,FR,PSPP,471858.6666666666,1687.9722920507356,2.8979889656756113,0.4372678819665562,single_maturity_ea_slope
2023-04-01,FR,PSPP,471950.2222222222,6076.571621850167,2.8408093542524036,0.4682145606939477,single_maturity_ea_slope
2023-05-01,FR,PSPP,462656.0,0.0,2.8503789098929766,0.4682145606939477,single_maturity_ea_slope
2023-06-01,FR,PSPP,463608.8888888889,6803.369414938446,2.9012638813196134,0.5039190817454166,single_maturity_ea_slope
2023-07-01,FR,PSPP,459779.5555555555,2060.007226738895,3.0391904426136187,0.5152781716875999,single_maturity_ea_slope
2023-08-01,FR,PSPP,459779.5555555555,5921.941725342033,3.0435771319452822,0.5478425580896824,single_maturity_ea_slope
2023-09-01,FR,PSPP,459597.3333333333,5813.859618617084,3.171794493517286,0.5810352837478847,single_maturity_ea_slope
2023-10-01,FR,PSPP,449437.3333333333,0.0,3.3400728839322498,0.5810352837478847,single_maturity_ea_slope
2023-11-01,FR,PSPP,448335.11111111107,4740.696827873088,3.0903880737744545,0.6075691877783127,single_maturity_ea_slope
2023-12-01,FR,PSPP,448157.3333333333,5724.474869814547,2.530522347730369,0.6321317603866885,single_maturity_ea_slope
2024-01-01,FR,PSPP,447134.2222222222,4942.774582889585,2.579912265085455,0.6536631920982342,single_maturity_ea_slope
2024-02-01,FR,PSPP,443663.11111111107,2500.232668565989,2.735680471387524,0.6653962559654583,single_maturity_ea_slope
2024-03-01,FR,PSPP,436294.2222222222,0.0,2.74551841745885,0.6653962559654583,single_maturity_ea_slope
2024-04-01,FR,PSPP,435875.5555555555,5445.502986857805,2.8742746968371433,0.6929923301064856,single_maturity_ea_slope
2024-05-01,FR,PSPP,425605.3333333333,0.0,2.9605507351614544,0.6929923301064856,single_maturity_ea_slope
2024-06-01,FR,PSPP,425348.44444444444,5454.4011451064725,3.072527648809525,0.7235059956357136,single_maturity_ea_slope
2024-07-01,FR,PSPP,419871.11111111107,239.71565113496672,3.034654460222608,0.7248254921297494,single_maturity_ea_slope
2024-08-01,FR,PSPP,419845.3333333333,5700.7785657998675,2.7562991258931135,0.7524094151339648,single_maturity_ea_slope
2024-09-01,FR,PSPP,419663.11111111107,5619.952091394852,2.6782638817095483,0.7781996491349894,single_maturity_ea_slope
2024-10-01,FR,PSPP,419347.5555555555,5562.079053843752,2.7434576630042393,0.804266142881112,single_maturity_ea_slope
2024-11-01,FR,PSPP,407158.2222222222,0.0,2.8681609500157137,0.804266142881112,single_maturity_ea_slope
2024-12-01,FR,PSPP,407068.44444444444,5574.638224200854,2.7834509138472097,0.831370280348809,single_maturity_ea_slope
2025-01-01,FR,PSPP,406844.44444444444,5515.825781788557,3.0619740036552274,0.8616118670141203,single_maturity_ea_slope
2025-02-01,FR,PSPP,402824.8888888889,1726.834902699302,2.88827796138925,0.870299805233473,single_maturity_ea_slope
2025-03-01,FR,PSPP,387943.11111111107,0.0,3.0897017602633334,0.870299805233473,single_maturity_ea_slope
2025-04-01,FR,PSPP,387584.8888888889,5038.8716997465235,2.837626806569225,0.8958764173134649,single_maturity_ea_slope
2025-05-01,FR,PSPP,375692.44444444444,0.0,2.8521515441199523,0.8958764173134649,single_maturity_ea_slope
2025-06-01,FR,PSPP,375600.0,5082.382614018984,2.851248152593572,0.9223352759698327,single_maturity_ea_slope
2025-07-01,FR,PSPP,375522.6666666666,5165.547738693428,2.935307348945934,0.9500249582782634,single_maturity_ea_slope
2025-08-01,FR,PSPP,375510.2222222222,5300.553103188085,2.9802365236495,0.9786826181131226,single_maturity_ea_slope
2025-09-01,FR,PSPP,375417.77777777775,5302.817369093237,3.0653594318209088,1.0081571574301276,single_maturity_ea_slope
2025-10-01,FR,PSPP,367878.2222222222,0.0,3.0280758780999992,1.0081571574301276,single_maturity_ea_slope
2025-11-01,FR,PSPP,357744.0,0.0,3.0450969642827,1.0081571574301276,single_maturity_ea_slope
2025-12-01,FR,PSPP,356576.8888888889,3877.2205301748318,3.159193039483095,1.0315463358735943,single_maturity_ea_slope
2026-01-01,FR,PSPP,356576.8888888889,5096.868051585032,3.111946629930238,1.0612833326439866,single_maturity_ea_slope
2026-02-01,FR,PSPP,343818.6666666666,0.0,2.9998791490580246,1.0612833326439866,single_maturity_ea_slope
2026-03-01,FR,PSPP,341560.0,2540.588870277351,3.3171166288279097,1.0780626538920424,single_maturity_ea_slope
2026-04-01,FR,PSPP,333782.2222222222,0.0,3.4164943063162503,1.0780626538920424,single_maturity_ea_slope
2026-05-01,FR,PSPP,320843.55555555556,0.0,3.462474446348525,1.0780626538920424,single_maturity_ea_slope
2026-06-01,FR,PSPP,320635.55555555556,4111.380123257344,3.4143591290172957,1.1080200392270005,single_maturity_ea_slope
2026-07-01,FR,PSPP,320207.11111111107,3944.653694611089,3.5822021554420442,1.1384996609693225,single_maturity_ea_slope
2026-08-01,FR,PSPP,320207.11111111107,4425.195012591364,3.724378747873119,1.174235966758485,single_maturity_ea_slope
2020-03-01,GR,PEPP,267.55555555555554,267.55555555555554,1.8075288031922097,1.8075288031922097,single_maturity_ea_slope
2020-04-01,GR,PEPP,1978.6666666666665,1714.296296296296,1.9012260526375757,1.8887071291848012,single_maturity_ea_slope
2020-05-01,GR,PEPP,4168.888888888889,2210.9109159347554,1.8196979629504142,1.8521090995913987,single_maturity_ea_slope
2020-06-01,GR,PEPP,6931.555555555555,2802.3250465076944,1.2531007919841328,1.609938930136631,single_maturity_ea_slope
2020-07-01,GR,PEPP,8840.888888888889,1976.3437312022004,1.0718815230297318,1.4896584473789434,single_maturity_ea_slope
2020-08-01,GR,PEPP,10036.444444444443,1282.7438088976542,1.0042346041827888,1.4276171106288709,single_maturity_ea_slope
2020-09-01,GR,PEPP,11525.333333333332,1589.4141737891737,0.995317048493915,1.3680002799294921,single_maturity_ea_slope
2020-10-01,GR,PEPP,13012.444444444443,1604.0958181079986,0.8157266270789932,1.299919308612305,single_maturity_ea_slope
2020-11-01,GR,PEPP,14495.11111111111,1612.0664722001231,0.6775055114517218,1.2306978720502757,single_maturity_ea_slope
2020-12-01,GR,PEPP,15684.444444444443,1331.2752752752758,0.5688502275958291,1.174521103521284,single_maturity_ea_slope
2021-01-01,GR,PEPP,16844.444444444445,1311.8045339183568,0.5913953433441371,1.129108681724419,single_maturity_ea_slope
2021-02-01,GR,PEPP,18033.777777777777,1349.9401644207123,0.7391779218075197,1.099919944863995,single_maturity_ea_slope
2021-03-01,GR,PEPP,19498.666666666664,1636.247476667087,0.8276201515067754,1.0770696722071782,single_maturity_ea_slope
2021-04-01,GR,PEPP,21208.888888888887,1887.8057073466914,0.8185755573403558,1.05406108048332,single_maturity_ea_slope
2021-05-01,GR,PEPP,22826.666666666664,1804.410027768,0.9478314442733355,1.0456638044542554,single_maturity_ea_slope
2021-06-01,GR,PEPP,24399.11111111111,1772.4678116602415,0.7735598757114157,1.025896877170444,single_maturity_ea_slope
2021-07-01,GR,PEPP,26129.777777777777,1946.282706885041,0.6635175978452033,0.998904970439266,single_maturity_ea_slope
2021-08-01,GR,PEPP,27158.22222222222,1266.420562639139,0.5401407667666971,0.9775122439132152,single_maturity_ea_slope
2021-09-01,GR,PEPP,28608.0,1696.5809604588262,0.7447897660331797,0.9637107714215323,single_maturity_ea_slope
2021-10-01,GR,PEPP,29942.22222222222,1599.4057594858452,0.8909655933354295,0.9598249857927227,single_maturity_ea_slope
2021-11-01,GR,PEPP,31052.44444444444,1389.9515030725797,1.1573872672789156,0.9686681540203792,single_maturity_ea_slope
2021-12-01,GR,PEPP,31760.888888888887,1004.8595307793482,1.2282380222134428,0.9768804952073474,single_maturity_ea_slope
2022-01-01,GR,PEPP,32777.777777777774,1315.2813061088125,1.5602631635261401,1.000290023551511,single_maturity_ea_slope
2022-02-01,GR,PEPP,33438.22222222222,967.0080226129617,2.4164934010329846,1.041245550988793,single_maturity_ea_slope
2022-03-01,GR,PEPP,34224.88888888889,1105.8555004030425,2.553372771979274,1.0901045614612674,single_maturity_ea_slope
2022-04-01,GR,PEPP,34022.22222222222,122.54132353561744,2.8514901844960594,1.0964487245230885,single_maturity_ea_slope
2022-05-01,GR,PEPP,34378.666666666664,685.3522385494551,3.487647652881941,1.1441182154389993,single_maturity_ea_slope
2022-06-01,GR,PEPP,34096.0,47.38965693804647,3.8775891486995153,1.1479174367487524,single_maturity_ea_slope
2022-07-01,GR,PEPP,35345.777777777774,1588.031746031742,3.275064942200846,1.2434869214093478,single_maturity_ea_slope
2022-08-01,GR,PEPP,34314.666666666664,0.0,3.385841387663744,1.2434869214093478,single_maturity_ea_slope
2022-09-01,GR,PEPP,34556.444444444445,578.1960784313758,4.396674723820842,1.2962458452865722,single_maturity_ea_slope
2022-10-01,GR,PEPP,34672.88888888889,459.67492164393315,4.7912780908177846,1.3425811442792792,single_maturity_ea_slope
2022-11-01,GR,PEPP,35204.444444444445,884.3525527969964,4.376360095876638,1.418791128637953,single_maturity_ea_slope
2022-12-01,GR,PEPP,35056.0,210.63801622920272,4.198355853963362,1.4354924636369037,single_maturity_ea_slope
2023-01-01,GR,PEPP,33562.666666666664,0.0,4.278268737550442,1.4354924636369037,single_maturity_ea_slope
2023-02-01,GR,PEPP,33498.666666666664,261.5982408485319,4.255967817554616,1.4575181579214977,single_maturity_ea_slope
2023-03-01,GR,PEPP,33531.555555555555,357.4883720930249,4.278642468726918,1.4875948758259492,single_maturity_ea_slope
2023-04-01,GR,PEPP,33365.33333333333,157.56645637525878,4.193545058349249,1.500373617675419,single_maturity_ea_slope
2023-05-01,GR,PEPP,33908.444444444445,872.5476566614063,3.93564605957965,1.563039165957855,single_maturity_ea_slope
2023-06-01,GR,PEPP,33488.88888888889,0.0,3.6924991437406818,1.563039165957855,single_maturity_ea_slope
2023-07-01,GR,PEPP,33756.444444444445,597.4303476052877,3.8438133791762223,1.6034049021435712,single_maturity_ea_slope
2023-08-01,GR,PEPP,33923.555555555555,499.6213991769531,3.8464055248181737,1.636439502765555,single_maturity_ea_slope
2023-09-01,GR,PEPP,34006.22222222222,416.82304526748726,4.04548823172,1.665967834987779,single_maturity_ea_slope
2023-10-01,GR,PEPP,34539.555555555555,867.9085224539793,4.248058713546046,1.7308505077149021,single_maturity_ea_slope
2023-11-01,GR,PEPP,34870.22222222222,673.7293956650309,3.828984913975894,1.7713886728159371,single_maturity_ea_slope
2023-12-01,GR,PEPP,34901.33333333333,379.1173209137265,3.2159037113989473,1.787079783130171,single_maturity_ea_slope
2024-01-01,GR,PEPP,34985.777777777774,435.28213376223107,3.207579522503682,1.8047531977814222,single_maturity_ea_slope
2024-02-01,GR,PEPP,34945.777777777774,311.6865478264754,3.387677873069429,1.8188715365016899,single_maturity_ea_slope
2024-03-01,GR,PEPP,34972.444444444445,379.2269751591833,3.3218069288284,1.8351687571205444,single_maturity_ea_slope
2024-04-01,GR,PEPP,34027.555555555555,0.0,3.440556383763826,1.8351687571205444,single_maturity_ea_slope
2024-05-01,GR,PEPP,34209.777777777774,517.7996931843054,3.509541675010454,1.8605120899183005,single_maturity_ea_slope
2024-06-01,GR,PEPP,34075.555555555555,202.75352420979215,3.6060320708589666,1.8708981370991695,single_maturity_ea_slope
2024-07-01,GR,PEPP,34139.555555555555,401.6491830712996,3.4422494892291304,1.8893849620337806,single_maturity_ea_slope
2024-08-01,GR,PEPP,34092.444444444445,291.97863417649035,3.227328644593182,1.9008435410651356,single_maturity_ea_slope
2024-09-01,GR,PEPP,34011.555555555555,256.12618074776873,3.100594727871016,1.9098783436287015,single_maturity_ea_slope
2024-10-01,GR,PEPP,34024.88888888889,350.34835072885255,3.06427968393687,1.921765013030529,single_maturity_ea_slope
2024-11-01,GR,PEPP,34116.444444444445,430.71912103490973,3.1011909294253965,1.936655230997487,single_maturity_ea_slope
2024-12-01,GR,PEPP,34052.444444444445,278.5345827755466,2.9581355962575433,1.945010508041263,single_maturity_ea_slope
2025-01-01,GR,PEPP,34052.444444444445,345.21942867441646,3.2437605879543945,1.958177074139328,single_maturity_ea_slope
2025-02-01,GR,PEPP,32788.444444444445,0.0,3.19997720135,1.958177074139328,single_maturity_ea_slope
2025-03-01,GR,PEPP,32730.666666666664,266.3468213171621,3.472922305266682,1.9705033607232485,single_maturity_ea_slope
2025-04-01,GR,PEPP,32730.666666666664,326.65335994677315,3.27829908515475,1.983555214260489,single_maturity_ea_slope
2025-05-01,GR,PEPP,32730.666666666664,329.8132473465001,3.197800355944016,1.995790655027151,single_maturity_ea_slope
2025-06-01,GR,PEPP,32730.666666666664,333.44199945666935,3.119533520879111,2.0072387282326516,single_maturity_ea_slope
2025-07-01,GR,PEPP,32730.666666666664,336.73525377229083,3.170465939927101,2.019206086377656,single_maturity_ea_slope
2025-08-01,GR,PEPP,32730.666666666664,340.51879594950753,3.1665362551832383,2.031142521758488,single_maturity_ea_slope
2025-09-01,GR,PEPP,32699.555555555555,312.4097397145272,3.1796195837235453,2.0421150078947914,single_maturity_ea_slope
2025-10-01,GR,PEPP,32699.555555555555,346.6873998680614,3.0931488974571884,2.0532582849257754,single_maturity_ea_slope
2025-11-01,GR,PEPP,32699.555555555555,350.7030840364174,3.08707898118615,2.064346022980906,single_maturity_ea_slope
2025-12-01,GR,PEPP,32699.555555555555,354.35149063237486,3.2231210030499997,2.0769031857471507,single_maturity_ea_slope
2026-01-01,GR,PEPP,32699.555555555555,358.54775828460043,3.200306047836191,2.0892211995858463,single_maturity_ea_slope
2026-02-01,GR,PEPP,30747.555555555555,0.0,3.20388875024,2.0892211995858463,single_maturity_ea_slope
2026-03-01,GR,PEPP,30747.555555555555,320.68789690817226,3.551415331522591,2.1044714512747986,single_maturity_ea_slope
2026-04-01,GR,PEPP,30747.555555555555,323.9312637542726,3.6154119777473164,2.1203894930623304,single_maturity_ea_slope
2026-05-01,GR,PEPP,30747.555555555555,327.24090629582327,3.588304896801583,2.136012262365643,single_maturity_ea_slope
2026-06-01,GR,PEPP,30747.555555555555,331.0460331132166,3.481595566721152,2.1504995933772224,single_maturity_ea_slope
2026-07-01,GR,PEPP,29906.666666666664,0.0,3.64480431136487,2.1504995933772224,single_maturity_ea_slope
2026-08-01,GR,PEPP,29906.666666666664,318.6984938903097,3.7171938694529207,2.16719497142577,single_maturity_ea_slope
2020-03-01,IE,PEPP,182.2222222222222,182.2222222222222,0.16960853001158038,0.16960853001158038,single_maturity_ea_slope
2020-04-01,IE,PEPP,1176.888888888889,996.3172302737521,0.1615269473700202,0.16276691555699116,single_maturity_ea_slope
2020-05-01,IE,PEPP,2666.6666666666665,1502.114139296529,-0.004188756626428994,0.0687219871235643,single_maturity_ea_slope
2020-06-01,IE,PEPP,4156.444444444444,1517.2465320697706,-0.019546360734117932,0.03650097551889768,single_maturity_ea_slope
2020-07-01,IE,PEPP,5307.555555555556,1192.8424810352524,-0.13121406583293888,-0.0011920121359652394,single_maturity_ea_slope
2020-08-01,IE,PEPP,6120.0,865.7974355537684,-0.20548633990156862,-0.030093565253226748,single_maturity_ea_slope
2020-09-01,IE,PEPP,7136.0,1077.1510791366907,-0.21677482113101265,-0.05827236517241814,single_maturity_ea_slope
2020-10-01,IE,PEPP,8152.888888888889,1085.6364804110467,-0.28595813041528445,-0.08859094012010746,single_maturity_ea_slope
2020-11-01,IE,PEPP,9169.777777777777,1093.658087465997,-0.30246213693241986,-0.11409886078495281,single_maturity_ea_slope
2020-12-01,IE,PEPP,9982.22222222222,898.2074240345835,-0.335033726121172,-0.13397873641337732,single_maturity_ea_slope
2021-01-01,IE,PEPP,10775.111111111111,885.5227253980054,-0.2848048559632951,-0.14637396418112852,single_maturity_ea_slope
2021-02-01,IE,PEPP,11585.777777777777,909.4483966915204,-0.10624927869456915,-0.14322429813509963,single_maturity_ea_slope
2021-03-01,IE,PEPP,12588.444444444443,1110.1813082570316,-0.040714996311454546,-0.1341839507506924,single_maturity_ea_slope
2021-04-01,IE,PEPP,13768.888888888889,1296.488364470666,0.01262651181969586,-0.12036017324467575,single_maturity_ea_slope
2021-05-01,IE,PEPP,14905.777777777777,1261.7427961149394,0.17275371671962586,-0.09554869781431943,single_maturity_ea_slope
2021-06-01,IE,PEPP,15984.0,1211.7865392273998,0.12664267958773667,-0.07870382042016236,single_maturity_ea_slope
2021-07-01,IE,PEPP,17195.555555555555,1357.7685083546767,-0.026063750732928142,-0.07454733773671508,single_maturity_ea_slope
2021-08-01,IE,PEPP,18105.777777777777,1069.617435010094,-0.1380445006654541,-0.07829849791198326,single_maturity_ea_slope
2021-09-01,IE,PEPP,19097.777777777777,1162.680408915703,-0.009761290845194628,-0.07412592512023793,single_maturity_ea_slope
2021-10-01,IE,PEPP,20011.555555555555,1093.809619574325,0.14311295868227544,-0.062251886633369204,single_maturity_ea_slope
2021-11-01,IE,PEPP,20931.555555555555,1108.6458857047091,0.1203492870773539,-0.052580362726704105,single_maturity_ea_slope
2021-12-01,IE,PEPP,21649.777777777777,912.8981481481485,0.049223262285023994,-0.048287647036875235,single_maturity_ea_slope
2022-01-01,IE,PEPP,22516.44444444444,1069.3799417394898,0.3221490972378356,-0.030694388696818044,single_maturity_ea_slope
2022-02-01,IE,PEPP,23072.888888888887,767.272575946734,0.7311942579231957,-0.005358321449590026,single_maturity_ea_slope
2022-03-01,IE,PEPP,22694.222222222223,0.0,0.8931834214985921,-0.005358321449590026,single_maturity_ea_slope
2022-04-01,IE,PEPP,22782.222222222223,295.594422083994,1.3742351741475551,0.01254160675162377,single_maturity_ea_slope
2022-05-01,IE,PEPP,22960.888888888887,389.84781444403006,1.5891841517469278,0.03931106908822047,single_maturity_ea_slope
2022-06-01,IE,PEPP,23113.777777777777,367.6371949952213,2.085721342486721,0.07186033645397952,single_maturity_ea_slope
2022-07-01,IE,PEPP,23113.777777777777,218.38414378096917,1.6664103948731241,0.08692600216088754,single_maturity_ea_slope
2022-08-01,IE,PEPP,23186.666666666664,293.271972201032,1.6439942268061158,0.10662027196076962,single_maturity_ea_slope
2022-09-01,IE,PEPP,23401.777777777777,438.74794238683324,2.37871841626423,0.14921867602991332,single_maturity_ea_slope
2022-10-01,IE,PEPP,22761.777777777777,0.0,2.6545369327428063,0.14921867602991332,single_maturity_ea_slope
2022-11-01,IE,PEPP,22954.666666666664,407.460700519522,2.5061318846502214,0.19105546333742432,single_maturity_ea_slope
2022-12-01,IE,PEPP,22990.222222222223,251.45723601705825,2.572716761485373,0.21710505787253948,single_maturity_ea_slope
2023-01-01,IE,PEPP,23108.44444444444,335.43898547072826,2.645246696155082,0.2523516262723671,single_maturity_ea_slope
2023-02-01,IE,PEPP,23212.44444444444,322.8299663299663,2.853368355365631,0.28852559084927853,single_maturity_ea_slope
2023-03-01,IE,PEPP,22314.666666666664,0.0,2.8503344830231843,0.28852559084927853,single_maturity_ea_slope
2023-04-01,IE,PEPP,22380.44444444444,268.5646431600626,2.7552725535984504,0.31812647833216096,single_maturity_ea_slope
2023-05-01,IE,PEPP,22470.222222222223,294.72690272690596,2.7605111882190285,0.35016160792249573,single_maturity_ea_slope
2023-06-01,IE,PEPP,22525.333333333332,262.93780573025697,2.7663719142975,0.378365986820673,single_maturity_ea_slope
2023-07-01,IE,PEPP,22588.44444444444,273.3139231056348,2.8947015037133492,0.4088129498093587,single_maturity_ea_slope
2023-08-01,IE,PEPP,22661.333333333332,284.62908803066443,2.9401858003559562,0.4406072990349115,single_maturity_ea_slope
2023-09-01,IE,PEPP,22702.222222222223,254.7557568893938,3.0607800202028574,0.47000988695023427,single_maturity_ea_slope
2023-10-01,IE,PEPP,22798.222222222223,310.983164983165,3.2311617361145455,0.5076738649868752,single_maturity_ea_slope
2023-11-01,IE,PEPP,22850.666666666664,270.0677951720306,2.9687582861797424,0.5367609657292514,single_maturity_ea_slope
2023-12-01,IE,PEPP,22885.333333333332,254.80796403339872,2.4123575820536844,0.55764407668038,single_maturity_ea_slope
2024-01-01,IE,PEPP,23008.888888888887,345.82957782957703,2.5305572643013035,0.5872974744634789,single_maturity_ea_slope
2024-02-01,IE,PEPP,23116.44444444444,332.8678243460844,2.7260959244873972,0.6180953416910809,single_maturity_ea_slope
2024-03-01,IE,PEPP,22021.333333333332,0.0,2.724917974293,0.6180953416910809,single_maturity_ea_slope
2024-04-01,IE,PEPP,22129.777777777777,314.86864141982335,2.8514540304489047,0.6498721911106212,single_maturity_ea_slope
2024-05-01,IE,PEPP,22263.11111111111,342.4204249601063,2.8832994687176363,0.6842236846507134,single_maturity_ea_slope
2024-06-01,IE,PEPP,22313.777777777777,262.4542533400993,2.8932972518604667,0.7102067682607324,single_maturity_ea_slope
2024-07-01,IE,PEPP,22376.888888888887,277.3370882403124,2.810756179737391,0.7362407831041946,single_maturity_ea_slope
2024-08-01,IE,PEPP,22396.44444444444,236.38587424633855,2.5651118648636366,0.7555438153608522,single_maturity_ea_slope
2024-09-01,IE,PEPP,22430.222222222223,252.83533298557094,2.461419870859302,0.7747725923319854,single_maturity_ea_slope
2024-10-01,IE,PEPP,22473.777777777777,265.0229945585388,2.494885727636174,0.7950571007313058,single_maturity_ea_slope
2024-11-01,IE,PEPP,22512.0,262.24313308523875,2.5373909294253965,0.8153536129077956,single_maturity_ea_slope
2024-12-01,IE,PEPP,22525.333333333332,239.9033816425109,2.397654838566456,0.832205723782038,single_maturity_ea_slope
2025-01-01,IE,PEPP,22525.333333333332,229.19549586216252,2.680970036065985,0.851016919470723,single_maturity_ea_slope
2025-02-01,IE,PEPP,22525.333333333332,231.45636388546376,2.6029712737010002,0.8690189165343306,single_maturity_ea_slope
2025-03-01,IE,PEPP,20809.777777777777,0.0,2.949142315591095,0.8690189165343306,single_maturity_ea_slope
2025-04-01,IE,PEPP,20809.777777777777,199.55674892383752,2.7697192736683167,0.8872458091037014,single_maturity_ea_slope
2025-05-01,IE,PEPP,20809.777777777777,201.41093474426808,2.749343060556175,0.9052684305850455,single_maturity_ea_slope
2025-06-01,IE,PEPP,20809.777777777777,203.53851504086248,2.711578907088508,0.9229357865758853,single_maturity_ea_slope
2025-07-01,IE,PEPP,20809.777777777777,205.46779006494646,2.7675825612033043,0.9411491236081465,single_maturity_ea_slope
2025-08-01,IE,PEPP,20809.777777777777,207.68241295187406,2.776098905051428,0.9594619956784387,single_maturity_ea_slope
2025-09-01,IE,PEPP,20809.777777777777,209.69143266603967,2.7693213008940454,0.977699191418217,single_maturity_ea_slope
2025-10-01,IE,PEPP,20809.777777777777,211.7397006285895,2.695746497382014,0.9951803402375475,single_maturity_ea_slope
2025-11-01,IE,PEPP,20809.777777777777,214.0923639689072,2.7152874727595,1.0128769156750161,single_maturity_ea_slope
2025-12-01,IE,PEPP,20809.777777777777,216.22794864690127,2.8273037168999995,1.031730061988659,single_maturity_ea_slope
2026-01-01,IE,PEPP,20809.777777777777,218.68198589510067,2.8629889662587145,1.050974060562325,single_maturity_ea_slope
2026-02-01,IE,PEPP,20809.777777777777,220.62953538780508,2.8264635028716665,1.0697981640643324,single_maturity_ea_slope
2026-03-01,IE,PEPP,20809.777777777777,223.18508985175652,3.0212578056195913,1.0907275896494382,single_maturity_ea_slope
2026-04-01,IE,PEPP,20809.777777777777,225.50691133265906,3.05918692277335,1.112058965170937,single_maturity_ea_slope
2026-05-01,IE,PEPP,19063.11111111111,0.0,3.1277778040933333,1.112058965170937,single_maturity_ea_slope
2026-06-01,IE,PEPP,19063.11111111111,191.16637696661763,3.007947127326879,1.1310710807160225,single_maturity_ea_slope
2026-07-01,IE,PEPP,19063.11111111111,193.02461635389943,3.131935230198957,1.1513309445220465,single_maturity_ea_slope
2026-08-01,IE,PEPP,19063.11111111111,195.15879515879513,3.219624127147905,1.1725051171533514,single_maturity_ea_slope
2015-03-01,IE,PSPP,641.7777777777777,641.7777777777777,0.7569592443520115,0.7569592443520115,single_maturity_ea_slope
2015-04-01,IE,PSPP,1295.111111111111,659.1911078658067,0.6749202231050155,0.7152026777994803,single_maturity_ea_slope
2015-05-01,IE,PSPP,1984.0,700.1311728395062,1.209445477731745,0.8896153749688643,single_maturity_ea_slope
2015-06-01,IE,PSPP,2680.8888888888887,714.2194269741437,1.590631150682698,1.076373986153858,single_maturity_ea_slope
2015-07-01,IE,PSPP,3366.222222222222,708.2000075817887,1.438128286099301,1.1524813792643995,single_maturity_ea_slope
2015-08-01,IE,PSPP,3934.222222222222,596.9791857973676,1.248803148213186,1.1670972519715415,single_maturity_ea_slope
2015-09-01,IE,PSPP,4666.666666666666,768.3931124106557,1.1943592557054148,1.1715860953786033,single_maturity_ea_slope
2015-10-01,IE,PSPP,5385.777777777777,762.4655022915895,1.012417583937279,1.149052581365853,single_maturity_ea_slope
2015-11-01,IE,PSPP,6132.444444444444,794.8227626768403,1.0067182693019978,1.1306047092060345,single_maturity_ea_slope
2015-12-01,IE,PSPP,6740.444444444444,662.3656422379827,1.027300828945907,1.1204533102058438,single_maturity_ea_slope
2016-01-01,IE,PSPP,7435.555555555555,754.4251241738035,0.9780458239336843,1.1060043850769228,single_maturity_ea_slope
2016-02-01,IE,PSPP,8149.333333333333,779.1395530551654,0.9285814621050468,1.0890413758034383,single_maturity_ea_slope
2016-03-01,IE,PSPP,8867.555555555555,790.2382467302929,0.7826488631990443,1.061736998576267,single_maturity_ea_slope
2016-04-01,IE,PSPP,9825.777777777777,1036.2542140873718,0.8010306695463242,1.0342421744303838,single_maturity_ea_slope
2016-05-01,IE,PSPP,10814.22222222222,1075.8312976797492,0.7710020830439404,1.008054259728977,single_maturity_ea_slope
2016-06-01,IE,PSPP,11778.666666666666,1060.6221589786167,0.7014423357930067,0.9804450735675363,single_maturity_ea_slope
2016-07-01,IE,PSPP,12655.111111111111,981.9880525686985,0.4090430341406118,0.936106468319102,single_maturity_ea_slope
2016-08-01,IE,PSPP,13274.666666666666,733.6889530222855,0.3364108469556527,0.9029613759700011,single_maturity_ea_slope
2016-09-01,IE,PSPP,14147.555555555555,990.6974322565375,0.36355365570995346,0.8651887839980167,single_maturity_ea_slope
2016-10-01,IE,PSPP,15056.0,1034.6717424062185,0.4358458395389257,0.8356836689320427,single_maturity_ea_slope
2016-11-01,IE,PSPP,15926.22222222222,1006.7474307822498,0.7583333998255697,0.8307941110942398,single_maturity_ea_slope
2016-12-01,IE,PSPP,16502.222222222223,720.8892123564631,0.7264005674069322,0.8262337447102203,single_maturity_ea_slope
2017-01-01,IE,PSPP,16988.444444444445,638.0086665031481,0.8593068188962443,0.8274758188758443,single_maturity_ea_slope
2017-02-01,IE,PSPP,17483.555555555555,651.8889299044322,0.917608423596373,0.8308364881089452,single_maturity_ea_slope
2017-03-01,IE,PSPP,17985.777777777777,665.5588772629135,0.896861059406866,0.833279709641411,single_maturity_ea_slope
2017-04-01,IE,PSPP,18449.777777777777,633.7412021307831,0.7530966931439249,0.8305254606809278,single_maturity_ea_slope
2017-05-01,IE,PSPP,18908.44444444444,634.178251310669,0.6592496307198461,0.8247809687606303,single_maturity_ea_slope
2017-06-01,IE,PSPP,19368.888888888887,640.9374231046633,0.5309925408713938,0.8150591928245147,single_maturity_ea_slope
2017-07-01,IE,PSPP,19901.333333333332,718.8271319818672,0.6849763702653623,0.8103606602843012,single_maturity_ea_slope
2017-08-01,IE,PSPP,20335.11111111111,625.0631808278863,0.5492488267155049,0.8023345721871905,single_maturity_ea_slope
2017-09-01,IE,PSPP,20848.0,709.2495601047182,0.5093515745013012,0.7923672821724707,single_maturity_ea_slope
2017-10-01,IE,PSPP,20819.555555555555,157.3666072489594,0.5692390330146442,0.7906807459033525,single_maturity_ea_slope
2017-11-01,IE,PSPP,21860.44444444444,1227.243664717347,0.48526495636903355,0.7735347270397747,single_maturity_ea_slope
2017-12-01,IE,PSPP,22474.666666666664,812.2334943639296,0.4387710989877181,0.7614363838059707,single_maturity_ea_slope
2018-01-01,IE,PSPP,22836.44444444444,566.9134720700981,0.8069596835502586,0.7625664972078581,single_maturity_ea_slope
2018-02-01,IE,PSPP,23219.555555555555,593.3914466953161,1.018540102776847,0.7691080758251136,single_maturity_ea_slope
2018-03-01,IE,PSPP,23584.0,577.3116570916359,0.900167143832088,0.7723162647552354,single_maturity_ea_slope
2018-04-01,IE,PSPP,24088.0,718.0885984023239,0.8497161409812641,0.7746236364189543,single_maturity_ea_slope
2018-05-01,IE,PSPP,24548.44444444444,679.1082062454583,0.8854600863452856,0.7776898161464082,single_maturity_ea_slope
2018-06-01,IE,PSPP,25050.666666666664,725.065762930687,0.8267041150564587,0.7791084845797325,single_maturity_ea_slope
2018-07-01,IE,PSPP,25562.666666666664,740.8986354775828,0.729058763252277,0.7776578624392068,single_maturity_ea_slope
2018-08-01,IE,PSPP,26017.777777777777,690.2349766985549,0.7583834721416643,0.7771465252123486,single_maturity_ea_slope
2018-09-01,IE,PSPP,26321.777777777777,544.1049997949223,0.8274018567767407,0.7781853675504836,single_maturity_ea_slope
2018-10-01,IE,PSPP,26472.888888888887,395.9193121693105,0.8953393886516384,0.7799374823138899,single_maturity_ea_slope
2018-11-01,IE,PSPP,26597.333333333332,372.3179359134423,0.8618133654934532,0.7810836069815199,single_maturity_ea_slope
2018-12-01,IE,PSPP,26786.666666666664,440.0623428858711,0.7921610606498357,0.7812655919322847,single_maturity_ea_slope
2019-01-01,IE,PSPP,26968.0,435.5727663882586,0.8102987777333488,0.7817345204793196,single_maturity_ea_slope
2019-02-01,IE,PSPP,27137.777777777777,427.79538206403834,0.7199892635065676,0.780761178593569,single_maturity_ea_slope
2019-03-01,IE,PSPP,27308.44444444444,432.10961250267366,0.5464519100539167,0.7770536335724518,single_maturity_ea_slope
2019-04-01,IE,PSPP,27477.333333333332,434.43191149142297,0.4321804245069245,0.7716009964617478,single_maturity_ea_slope
2019-05-01,IE,PSPP,27641.777777777777,432.88263644652943,0.3676986902708774,0.765275705209631,single_maturity_ea_slope
2019-06-01,IE,PSPP,27796.44444444444,425.6644880174268,0.14911374941792666,0.7558400285002556,single_maturity_ea_slope
2019-07-01,IE,PSPP,27959.11111111111,436.46931091848467,0.02146064425745009,0.744375641720598,single_maturity_ea_slope
2019-08-01,IE,PSPP,28102.22222222222,420.15343286211134,-0.13918625744031143,0.7311655986804761,single_maturity_ea_slope
2019-09-01,IE,PSPP,28257.777777777777,435.6813751550622,-0.10018485486154652,0.7183477503810315,single_maturity_ea_slope
2019-10-01,IE,PSPP,28261.333333333332,284.8954378512316,-0.07401670959497358,0.7103601222992253,single_maturity_ea_slope
2019-11-01,IE,PSPP,28643.555555555555,665.9705488621155,-0.025545277781125905,0.6932501192393206,single_maturity_ea_slope
2019-12-01,IE,PSPP,29089.777777777777,735.9021934555919,-0.07028346675707797,0.673934535428261,single_maturity_ea_slope
2020-01-01,IE,PSPP,29686.22222222222,886.414318624842,-0.08979102079094715,0.6511301090696364,single_maturity_ea_slope
2020-02-01,IE,PSPP,30073.777777777777,684.180477839953,-0.2190017307971139,0.6313345508799469,single_maturity_ea_slope
2020-03-01,IE,PSPP,30646.22222222222,872.2229310650334,-0.007758005497428319,0.6131453209414811,single_maturity_ea_slope
2020-04-01,IE,PSPP,29624.888888888887,0.0,0.1471454657916526,0.6131453209414811,single_maturity_ea_slope
2020-05-01,IE,PSPP,30032.0,686.6966989639716,0.04362690475467222,0.6001229975399536,single_maturity_ea_slope
2020-06-01,IE,PSPP,30443.555555555555,696.5973171349018,0.01767981146825974,0.5867957644557416,single_maturity_ea_slope
2020-07-01,IE,PSPP,31088.888888888887,935.2719576719564,-0.10900151899480803,0.565863537197269,single_maturity_ea_slope
2020-08-01,IE,PSPP,31384.0,593.9278055448779,-0.18691159770122,0.5516176130340326,single_maturity_ea_slope
2020-09-01,IE,PSPP,32013.333333333332,932.3847045191181,-0.2021569306924622,0.5296640148907654,single_maturity_ea_slope
2020-10-01,IE,PSPP,32235.555555555555,526.4158114785257,-0.28030851882281477,0.5164369325197075,single_maturity_ea_slope
2020-11-01,IE,PSPP,32889.777777777774,961.2275132275099,-0.3069371053613259,0.49237323150488244,single_maturity_ea_slope
2020-12-01,IE,PSPP,33356.444444444445,780.9802922188292,-0.34283134810559646,0.47281843999426226,single_maturity_ea_slope
2021-01-01,IE,PSPP,33654.22222222222,618.7597297066079,-0.2982965754811916,0.458640875128917,single_maturity_ea_slope
2021-02-01,IE,PSPP,33933.33333333333,605.5975509852094,-0.13435327797729943,0.44805789457283624,single_maturity_ea_slope
2021-03-01,IE,PSPP,34281.777777777774,680.7332549941253,-0.0721934750039875,0.4377272632233514,single_maturity_ea_slope
2021-04-01,IE,PSPP,34564.444444444445,621.9558370722315,-0.03217719929675046,0.42927175849795607,single_maturity_ea_slope
2021-05-01,IE,PSPP,34775.11111111111,555.2085769980483,0.10671616718541538,0.4241219365381298,single_maturity_ea_slope
2021-06-01,IE,PSPP,35048.88888888889,622.5053260239815,0.053018755004678425,0.41753075164375636,single_maturity_ea_slope
2021-07-01,IE,PSPP,35288.0,591.8575773841459,-0.07918724860745667,0.40919969541297596,single_maturity_ea_slope
2021-08-01,IE,PSPP,35492.444444444445,561.75509653031,-0.182624520968172,0.3998326237726284,single_maturity_ea_slope
2021-09-01,IE,PSPP,35785.777777777774,653.589570081648,-0.051667853976636494,0.39158644270661147,single_maturity_ea_slope
2021-10-01,IE,PSPP,36006.22222222222,585.4564576816726,0.09731785723152075,0.38680167404646265,single_maturity_ea_slope
2021-11-01,IE,PSPP,36245.33333333333,607.2728925244246,0.08034670783888345,0.3816671704664887,single_maturity_ea_slope
2021-12-01,IE,PSPP,36474.666666666664,601.3092501368387,0.008372820284466342,0.3755131636913314,single_maturity_ea_slope
2022-01-01,IE,PSPP,37077.33333333333,978.3842878725425,0.27932888702205994,0.37297508512490446,single_maturity_ea_slope
2022-02-01,IE,PSPP,37304.88888888888,611.8562741846315,0.6968679504813304,0.3782874151635282,single_maturity_ea_slope
2022-03-01,IE,PSPP,35736.88888888889,0.0,0.8615256798492099,0.3782874151635282,single_maturity_ea_slope
2022-04-01,IE,PSPP,36744.0,1360.3820570273697,1.3529451948445637,0.41437240741315307,single_maturity_ea_slope
2022-05-01,IE,PSPP,37317.33333333333,937.8571428571379,1.5668016265297866,0.44333519436075053,single_maturity_ea_slope
2022-06-01,IE,PSPP,37708.444444444445,764.8824786324842,2.0622952801630197,0.4761743692850807,single_maturity_ea_slope
2022-07-01,IE,PSPP,38079.11111111111,751.0989148955226,1.6296831246434202,0.4989269795533212,single_maturity_ea_slope
2022-08-01,IE,PSPP,38193.777777777774,503.07049276938875,1.6129130436945966,0.5135998805029582,single_maturity_ea_slope
2022-09-01,IE,PSPP,38743.11111111111,939.8627584639878,2.3645654927123716,0.5585021507704125,single_maturity_ea_slope
2022-10-01,IE,PSPP,37760.0,0.0,2.6325339146483984,0.5585021507704125,single_maturity_ea_slope
2022-11-01,IE,PSPP,37965.33333333333,581.7288676235996,2.4945588714020372,0.5881676372777902,single_maturity_ea_slope
2022-12-01,IE,PSPP,38158.22222222222,574.9876543209893,2.5658568682060015,0.6179684724751138,single_maturity_ea_slope
2023-01-01,IE,PSPP,38324.444444444445,552.1265731751209,2.640649309519444,0.6471085123471375,single_maturity_ea_slope
2023-02-01,IE,PSPP,38452.444444444445,517.4760614272809,2.851652533048446,0.6767762948134456,single_maturity_ea_slope
2023-03-01,IE,PSPP,36599.11111111111,0.0,2.845629220067193,0.6767762948134456,single_maturity_ea_slope
2023-04-01,IE,PSPP,36686.22222222222,442.1665157590636,2.7440726512937528,0.7016927122480161,single_maturity_ea_slope
2023-05-01,IE,PSPP,36818.666666666664,492.11328976034935,2.7434519803650477,0.7289825888594746,single_maturity_ea_slope
2023-06-01,IE,PSPP,36868.444444444445,414.1747162839832,2.7594420450404544,0.7517924736230455,single_maturity_ea_slope
2023-07-01,IE,PSPP,36868.444444444445,368.83197723533857,2.8922911319638254,0.773206025627255,single_maturity_ea_slope
2023-08-01,IE,PSPP,36868.444444444445,372.4085297418631,2.9262244600206517,0.7949536865807236,single_maturity_ea_slope
2023-09-01,IE,PSPP,36868.444444444445,376.5159767610748,3.045765159977143,0.8179399148629583,single_maturity_ea_slope
2023-10-01,IE,PSPP,36868.444444444445,380.2438577191052,3.2067187777832724,0.8425766605613938,single_maturity_ea_slope
2023-11-01,IE,PSPP,36868.444444444445,384.0462962962963,2.9456272223303026,0.8644834372464865,single_maturity_ea_slope
2023-12-01,IE,PSPP,36868.444444444445,388.4159760265955,2.383611367772,0.8804877348710703,single_maturity_ea_slope
2024-01-01,IE,PSPP,36868.444444444445,392.3844662031124,2.494407932066076,0.8976644078935799,single_maturity_ea_slope
2024-02-01,IE,PSPP,36868.444444444445,396.43488649940264,2.6983972014071433,0.9170271261034032,single_maturity_ea_slope
2024-03-01,IE,PSPP,34652.444444444445,0.0,2.7044220704614,0.9170271261034032,single_maturity_ea_slope
2024-04-01,IE,PSPP,34652.444444444445,355.6285349388798,2.826241060580127,0.9366208651682301,single_maturity_ea_slope
2024-05-01,IE,PSPP,34652.444444444445,359.16712732633135,2.8629397954970908,0.9565868573980068,single_maturity_ea_slope
2024-06-01,IE,PSPP,34652.444444444445,362.7768471989578,2.8704567691897998,0.9766231839452408,single_maturity_ea_slope
2024-07-01,IE,PSPP,34652.444444444445,366.9255023765825,2.7813361082126082,0.9957328083021592,single_maturity_ea_slope
2024-08-01,IE,PSPP,34652.444444444445,370.6936718489992,2.523519443820455,1.0120762682456583,single_maturity_ea_slope
2024-09-01,IE,PSPP,34652.444444444445,375.02645502645504,2.414724123632699,1.0272564398407562,single_maturity_ea_slope
2024-10-01,IE,PSPP,34652.444444444445,378.9637406435307,2.4455205331885215,1.0427667645711562,single_maturity_ea_slope
2024-11-01,IE,PSPP,34652.444444444445,382.98457608802437,2.4929863941380948,1.058794832979279,single_maturity_ea_slope
2024-12-01,IE,PSPP,34652.444444444445,387.6112353964703,2.3528033943863154,1.0732692016751073,single_maturity_ea_slope
2025-01-01,IE,PSPP,34652.444444444445,391.8186843559978,2.6320282844494702,1.0908942478394488,single_maturity_ea_slope
2025-02-01,IE,PSPP,34652.444444444445,396.11847787430776,2.553758810439,1.1076165222175876,single_maturity_ea_slope
2025-03-01,IE,PSPP,32169.777777777777,0.0,2.873057581164778,1.1076165222175876,single_maturity_ea_slope
2025-04-01,IE,PSPP,32169.777777777777,345.9115890083632,2.67759875248375,1.124498051575288,single_maturity_ea_slope
2025-05-01,IE,PSPP,32169.777777777777,349.975824388357,2.654782562375143,1.1411460553916486,single_maturity_ea_slope
2025-06-01,IE,PSPP,32169.777777777777,353.6695006351998,2.6235357805095876,1.1574432159580288,single_maturity_ea_slope
2025-07-01,IE,PSPP,32169.777777777777,357.441975308642,2.673813078851449,1.174291769990178,single_maturity_ea_slope
2025-08-01,IE,PSPP,32169.777777777777,361.7833758184635,2.6799904024746666,1.1912249529915782,single_maturity_ea_slope
2025-09-01,IE,PSPP,32169.777777777777,365.7318983376282,2.6733224701659544,1.2080746291759163,single_maturity_ea_slope
2025-10-01,IE,PSPP,32169.777777777777,370.27828933906284,2.6039200733559995,1.2241409901816724,single_maturity_ea_slope
2025-11-01,IE,PSPP,32169.777777777777,374.4154769294434,2.6255360119142,1.240451453656213,single_maturity_ea_slope
2025-12-01,IE,PSPP,32169.777777777777,378.64616028457834,2.7390499259333327,1.2580903245634296,single_maturity_ea_slope
2026-01-01,IE,PSPP,32169.777777777777,383.5214327345944,2.7728634492835718,1.2761491362553723,single_maturity_ea_slope
2026-02-01,IE,PSPP,32169.777777777777,387.4009847998288,2.7342670693657998,1.293708359919997,single_maturity_ea_slope
2026-03-01,IE,PSPP,32169.777777777777,392.5058294018762,2.9462809580248184,1.3138715199749609,single_maturity_ea_slope
2026-04-01,IE,PSPP,32169.777777777777,397.1577503429355,2.9845190019237497,1.3344967975298843,single_maturity_ea_slope
2026-05-01,IE,PSPP,28840.888888888887,0.0,3.0636958737935,1.3344967975298843,single_maturity_ea_slope
2026-06-01,IE,PSPP,28840.888888888887,322.605021128511,2.947669334132273,1.3525412330623494,single_maturity_ea_slope
2026-07-01,IE,PSPP,28840.888888888887,326.1068395396753,3.0721896358323484,1.371985470995072,single_maturity_ea_slope
2026-08-01,IE,PSPP,28840.888888888887,330.1383801383801,3.1593428095926352,1.3924451474900075,single_maturity_ea_slope
2020-03-01,IT,PEPP,1882.6666666666665,1882.6666666666665,1.4624206033871257,1.4624206033871257,single_maturity_ea_slope
2020-04-01,IT,PEPP,15158.22222222222,13298.09706257982,1.6482114326801487,1.625412308156685,single_maturity_ea_slope
2020-05-01,IT,PEPP,33213.33333333333,18233.77945413589,1.6027955819924697,1.6129959573883323,single_maturity_ea_slope
2020-06-01,IT,PEPP,52272.0,19444.68867193554,1.3023187429960452,1.4974269776033196,single_maturity_ea_slope
2020-07-01,IT,PEPP,65272.88888888888,13623.174603174597,1.0479163544124608,1.4036091336262422,single_maturity_ea_slope
2020-08-01,IT,PEPP,74471.11111111111,9975.280423280426,0.8853572984183007,1.3341901695615634,single_maturity_ea_slope
2020-09-01,IT,PEPP,84660.44444444444,11080.989357173261,0.8280831318566462,1.2679471119541958,single_maturity_ea_slope
2020-10-01,IT,PEPP,94826.66666666666,11184.265084709526,0.6260842060898335,1.1922430390433165,single_maturity_ea_slope
2020-11-01,IT,PEPP,105039.11111111111,11371.128054740966,0.5231082072966518,1.119805089243549,single_maturity_ea_slope
2020-12-01,IT,PEPP,113232.88888888888,9477.2468773759,0.44883656511332426,1.0636470735598684,single_maturity_ea_slope
2021-01-01,IT,PEPP,121164.44444444444,9321.257186494306,0.4821993006497073,1.018915929397399,single_maturity_ea_slope
2021-02-01,IT,PEPP,129338.66666666666,9659.080610021783,0.41097463336021656,0.9735145491611387,single_maturity_ea_slope
2021-03-01,IT,PEPP,139394.66666666666,11634.070603546445,0.49221101192734396,0.9333442939583002,single_maturity_ea_slope
2021-04-01,IT,PEPP,151195.55555555553,13494.21574344022,0.5702277345237082,0.900936111224214,single_maturity_ea_slope
2021-05-01,IT,PEPP,162619.55555555553,13258.007224109117,0.7346201927756217,0.8873767478331213,single_maturity_ea_slope
2021-06-01,IT,PEPP,173425.77777777778,12764.5502033826,0.6458271785000571,0.8695981243558887,single_maturity_ea_slope
2021-07-01,IT,PEPP,185576.88888888888,14248.665269042613,0.5492921150294903,0.845004905136187,single_maturity_ea_slope
2021-08-01,IT,PEPP,194691.55555555553,11327.075928575203,0.45148035983315854,0.8221098063134057,single_maturity_ea_slope
2021-09-01,IT,PEPP,204652.44444444444,12291.965942954464,0.5747385177216074,0.8072520338451145,single_maturity_ea_slope
2021-10-01,IT,PEPP,213814.22222222222,11615.64401811884,0.7459966404902891,0.803924281200765,single_maturity_ea_slope
2021-11-01,IT,PEPP,223011.55555555553,11703.360316716135,0.84245296521858,0.8059462171065798,single_maturity_ea_slope
2021-12-01,IT,PEPP,230259.55555555553,9850.842618528894,0.9079139712838158,0.8103085476780136,single_maturity_ea_slope
2022-01-01,IT,PEPP,238582.22222222222,11013.872318321144,1.1942790082478074,0.8280340998475447,single_maturity_ea_slope
2022-02-01,IT,PEPP,245024.88888888888,9235.061589679557,1.6790467843807306,0.8601090233008368,single_maturity_ea_slope
2022-03-01,IT,PEPP,249800.88888888888,7660.002929483155,1.7238019639208506,0.8865936786787685,single_maturity_ea_slope
2022-04-01,IT,PEPP,248493.3333333333,1603.8767158767087,2.3467699396859913,0.896018248242427,single_maturity_ea_slope
2022-05-01,IT,PEPP,248268.44444444444,2671.3038073038197,2.8818810222561826,0.9173856145256315,single_maturity_ea_slope
2022-06-01,IT,PEPP,249476.44444444444,4121.948878455922,3.51985494790045,0.9603846462530903,single_maturity_ea_slope
2022-07-01,IT,PEPP,256945.77777777775,10385.140304399752,3.170772740072768,1.0497233023696546,single_maturity_ea_slope
2022-08-01,IT,PEPP,258133.3333333333,4186.455856416647,3.141048800528168,1.0836408199811183,single_maturity_ea_slope
2022-09-01,IT,PEPP,255840.88888888888,682.8129706470017,4.057992656655821,1.091579058556545,single_maturity_ea_slope
2022-10-01,IT,PEPP,257574.22222222222,4710.997310159331,4.393136508026403,1.1519640929345973,single_maturity_ea_slope
2022-11-01,IT,PEPP,255135.1111111111,525.6013914466826,4.176455173822941,1.158194817955587,single_maturity_ea_slope
2022-12-01,IT,PEPP,255715.55555555553,3541.622614257705,4.2236467257796075,1.2006508733804606,single_maturity_ea_slope
2023-01-01,IT,PEPP,255696.0,2940.1152263374706,4.220805719690025,1.2353780621105606,single_maturity_ea_slope
2023-02-01,IT,PEPP,257872.88888888888,5161.202614379072,4.261821246954753,1.2959508758917637,single_maturity_ea_slope
2023-03-01,IT,PEPP,257535.1111111111,2655.1759001341143,4.217122687007079,1.3260680314111066,single_maturity_ea_slope
2023-04-01,IT,PEPP,259279.1111111111,4766.712571726656,4.178000488476513,1.3784993369588308,single_maturity_ea_slope
2023-05-01,IT,PEPP,260352.0,4133.312768859527,4.229409881515494,1.4237600031211508,single_maturity_ea_slope
2023-06-01,IT,PEPP,259672.88888888888,2398.3356973995146,4.039350653714772,1.4479175671007594,single_maturity_ea_slope
2023-07-01,IT,PEPP,261185.77777777775,4617.53844518836,4.1457146617997385,1.4956122842790003,single_maturity_ea_slope
2023-08-01,IT,PEPP,258729.77777777775,635.6877104377099,4.156428800949217,1.5021497936986916,single_maturity_ea_slope
2023-09-01,IT,PEPP,259732.44444444444,4091.6086172132204,4.445737322274571,1.5485206201204886,single_maturity_ea_slope
2023-10-01,IT,PEPP,257218.66666666666,543.3366813140788,4.785870224545393,1.5553590460135875,single_maturity_ea_slope
2023-11-01,IT,PEPP,255599.1111111111,1390.9625468164727,4.336743200155636,1.5704952535297343,single_maturity_ea_slope
2023-12-01,IT,PEPP,254637.3333333333,2025.5891122539056,3.709511304069685,1.5875106988542351,single_maturity_ea_slope
2024-01-01,IT,PEPP,253668.44444444444,1949.9251108054536,3.679416430663773,1.603590978468149,single_maturity_ea_slope
2024-02-01,IT,PEPP,255801.77777777775,5029.0918315575655,3.7735966416885716,1.6462535348043135,single_maturity_ea_slope
2024-03-01,IT,PEPP,257077.3333333333,4179.7537592088065,3.6223255348756,1.678381977493797,single_maturity_ea_slope
2024-04-01,IT,PEPP,257200.0,3033.415458937217,3.7695555318784764,1.7030452674906524,single_maturity_ea_slope
2024-05-01,IT,PEPP,256711.1111111111,2427.2108843537258,3.7748293153404546,1.722634044810053,single_maturity_ea_slope
2024-06-01,IT,PEPP,258284.44444444444,4524.035759897839,3.863485840819583,1.7601325867862108,single_maturity_ea_slope
2024-07-01,IT,PEPP,257008.88888888888,1697.331696337215,3.72975383036,1.7731403102970589,single_maturity_ea_slope
2024-08-01,IT,PEPP,255224.0,1181.5110290345874,3.539250703086364,1.7813161828935749,single_maturity_ea_slope
2024-09-01,IT,PEPP,253466.66666666666,1192.5510864539897,3.4061205673631436,1.788960826110202,single_maturity_ea_slope
2024-10-01,IT,PEPP,254099.55555555553,3587.0458430458298,3.329425848566087,1.8107071004910313,single_maturity_ea_slope
2024-11-01,IT,PEPP,252386.66666666666,1248.644392644405,3.4146671639404755,1.818642447336817,single_maturity_ea_slope
2024-12-01,IT,PEPP,247310.22222222222,0.0,3.1713150597843507,1.818642447336817,single_maturity_ea_slope
2025-01-01,IT,PEPP,245923.55555555553,1479.7012311337567,3.5082849731190158,1.8288088834877902,single_maturity_ea_slope
2025-02-01,IT,PEPP,242686.22222222222,0.0,3.4081577465020003,1.8288088834877902,single_maturity_ea_slope
2025-03-01,IT,PEPP,238925.3333333333,0.0,3.665221093267968,1.8288088834877902,single_maturity_ea_slope
2025-04-01,IT,PEPP,237657.77777777775,1490.1237303785715,3.439558458624367,1.8389083474651593,single_maturity_ea_slope
2025-05-01,IT,PEPP,235244.44444444444,333.52031643295686,3.351290747447286,1.8410525437194039,single_maturity_ea_slope
2025-06-01,IT,PEPP,232053.3333333333,0.0,3.2424903943001904,1.8410525437194039,single_maturity_ea_slope
2025-07-01,IT,PEPP,229232.0,0.0,3.2626743867365935,1.8410525437194039,single_maturity_ea_slope
2025-08-01,IT,PEPP,226947.55555555553,350.40613026817664,3.2568315084190473,1.8432385008543948,single_maturity_ea_slope
2025-09-01,IT,PEPP,225197.3333333333,869.2093977634172,3.2750885644424543,1.848765109509288,single_maturity_ea_slope
2025-10-01,IT,PEPP,225197.3333333333,2628.3535636476813,3.1655541339848408,1.8641337956026067,single_maturity_ea_slope
2025-11-01,IT,PEPP,222468.44444444444,0.0,3.1868812091392504,1.8641337956026067,single_maturity_ea_slope
2025-12-01,IT,PEPP,219407.1111111111,0.0,3.2872386271,1.8641337956026067,single_maturity_ea_slope
2026-01-01,IT,PEPP,216941.3333333333,80.73001134839251,3.222109606207524,1.8646391368435613,single_maturity_ea_slope
2026-02-01,IT,PEPP,213904.0,0.0,3.118526419618333,1.8646391368435613,single_maturity_ea_slope
2026-03-01,IT,PEPP,211264.0,0.0,3.5144529693122277,1.8646391368435613,single_maturity_ea_slope
2026-04-01,IT,PEPP,205385.77777777775,0.0,3.6116743453100333,1.8646391368435613,single_maturity_ea_slope
2026-05-01,IT,PEPP,205342.22222222222,2301.0309487569984,3.6378125444075,1.8845090245079794,single_maturity_ea_slope
2026-06-01,IT,PEPP,201951.1111111111,0.0,3.54826028841197,1.8845090245079794,single_maturity_ea_slope
2026-07-01,IT,PEPP,199342.22222222222,0.0,3.698289635832348,1.8845090245079794,single_maturity_ea_slope
2026-08-01,IT,PEPP,196453.3333333333,0.0,3.8044551017812225,1.8845090245079794,single_maturity_ea_slope
2015-03-01,IT,PSPP,6763.555555555555,6763.555555555555,1.2242442925705013,1.2242442925705013,single_maturity_ea_slope
2015-04-01,IT,PSPP,13505.777777777777,6809.3209876543215,1.2557038585839366,1.2401055251957156,single_maturity_ea_slope
2015-05-01,IT,PSPP,20819.555555555555,7443.5910974411545,1.6771562134580522,1.39636374135211,single_maturity_ea_slope
2015-06-01,IT,PSPP,28076.44444444444,7453.596707818928,2.04670599522953,1.5690134118632006,single_maturity_ea_slope
2015-07-01,IT,PSPP,35408.0,7590.65895574423,1.9075845109405296,1.641595250582346,single_maturity_ea_slope
2015-08-01,IT,PSPP,41380.444444444445,6297.05023835717,1.7218464527312476,1.653807440625366,single_maturity_ea_slope
2015-09-01,IT,PSPP,48699.555555555555,7691.9079079079065,1.8214425474762057,1.6802847624267527,single_maturity_ea_slope
2015-10-01,IT,PSPP,56135.11111111111,7872.87196679438,1.6068161751794574,1.6699808943212038,single_maturity_ea_slope
2015-11-01,IT,PSPP,64024.88888888888,8394.408406248747,1.4698593185153799,1.6437426256202379,single_maturity_ea_slope
2015-12-01,IT,PSPP,70408.0,6958.667465739747,1.4783826752175195,1.627399526725173,single_maturity_ea_slope
2016-01-01,IT,PSPP,78016.0,8238.218403150733,1.4403238085174381,1.607644981189365,single_maturity_ea_slope
2016-02-01,IT,PSPP,85570.66666666666,8251.48695962843,1.4788645761738104,1.5952268258326832,single_maturity_ea_slope
2016-03-01,IT,PSPP,93152.88888888889,8346.518994879134,1.2958328742865959,1.5684010630105338,single_maturity_ea_slope
2016-04-01,IT,PSPP,104706.66666666666,12383.1304210193,1.370791751904995,1.5450308044613073,single_maturity_ea_slope
2016-05-01,IT,PSPP,116655.11111111111,12886.676224611716,1.4493356478266006,1.534459535975348,single_maturity_ea_slope
2016-06-01,IT,PSPP,128008.0,12400.438378033206,1.3860769551920078,1.5200853636628568,single_maturity_ea_slope
2016-07-01,IT,PSPP,138556.44444444444,11704.168532562893,1.1599473375546732,1.4896637100944816,single_maturity_ea_slope
2016-08-01,IT,PSPP,146090.66666666666,8789.262479871173,1.1090640494270028,1.4667656674358835,single_maturity_ea_slope
2016-09-01,IT,PSPP,156586.66666666666,11826.516089860352,1.1873452579564925,1.4456618912403154,single_maturity_ea_slope
2016-10-01,IT,PSPP,167540.44444444444,12394.052489575672,1.358628922979682,1.439223498525513,single_maturity_ea_slope
2016-11-01,IT,PSPP,177946.66666666666,11966.18911649079,1.8241729256998125,1.4651097808152578,single_maturity_ea_slope
2016-12-01,IT,PSPP,186317.3333333333,10038.708161479804,1.735886464073446,1.479699127128514,single_maturity_ea_slope
2017-01-01,IT,PSPP,197252.44444444444,12691.496229260949,1.8297190531060035,1.502219895290455,single_maturity_ea_slope
2017-02-01,IT,PSPP,207728.0,12345.601483166905,2.1743775180944445,1.5421672791049186,single_maturity_ea_slope
2017-03-01,IT,PSPP,218296.88888888888,12554.05708460753,2.2195019963340634,1.5811201874526382,single_maturity_ea_slope
2017-04-01,IT,PSPP,226973.3333333333,10779.497323913502,2.075957722858375,1.6046211856110624,single_maturity_ea_slope
2017-05-01,IT,PSPP,235345.77777777775,10576.925148925142,1.9984632867920817,1.6223212627657093,single_maturity_ea_slope
2017-06-01,IT,PSPP,243632.88888888888,10572.909263575943,1.8640310299506921,1.6328107145315274,single_maturity_ea_slope
2017-07-01,IT,PSPP,252186.66666666666,10928.367338098335,2.0307878633468475,1.6500568304024017,single_maturity_ea_slope
2017-08-01,IT,PSPP,258992.88888888888,9287.397612488518,1.9020681991539268,1.6590938730582987,single_maturity_ea_slope
2017-09-01,IT,PSPP,267174.2222222222,10756.839388314309,1.8835617158336555,1.6681312888407522,single_maturity_ea_slope
2017-10-01,IT,PSPP,275281.77777777775,10809.560230133051,1.8282472278550363,1.6744186025182177,single_maturity_ea_slope
2017-11-01,IT,PSPP,283350.2222222222,10879.737109658672,1.5363732169840894,1.6691181037501774,single_maturity_ea_slope
2017-12-01,IT,PSPP,290424.0,9985.309037767764,1.555846721358484,1.6652236261645914,single_maturity_ea_slope
2018-01-01,IT,PSPP,293464.8888888889,6032.483450075526,1.7520770064149351,1.667008989929664,single_maturity_ea_slope
2018-02-01,IT,PSPP,296698.6666666666,6275.495117007529,1.8452637909922314,1.6707792702151096,single_maturity_ea_slope
2018-03-01,IT,PSPP,299740.44444444444,6144.022305869264,1.729803628548504,1.6719891402240175,single_maturity_ea_slope
2018-04-01,IT,PSPP,303270.2222222222,6675.668252635482,1.5373966468553708,1.6690264529267276,single_maturity_ea_slope
2018-05-01,IT,PSPP,306478.2222222222,6394.950632852272,1.9360431447984652,1.6745980023513036,single_maturity_ea_slope
2018-06-01,IT,PSPP,309987.55555555556,6729.995609733353,2.49838721727667,1.6924829067625706,single_maturity_ea_slope
2018-07-01,IT,PSPP,313604.44444444444,6911.824640967485,2.402353327982862,1.7081284116532185,single_maturity_ea_slope
2018-08-01,IT,PSPP,316802.6666666666,6561.633252299887,2.9156607902935225,1.7331388848676113,single_maturity_ea_slope
2018-09-01,IT,PSPP,320029.3333333333,6659.725473197534,2.708238442427084,1.7534304478151195,single_maturity_ea_slope
2018-10-01,IT,PSPP,321587.55555555556,5058.1055701370915,3.2107228317220184,1.7763515422325447,single_maturity_ea_slope
2018-11-01,IT,PSPP,322862.2222222222,4828.905786422989,3.119653526467177,1.7964427089225867,single_maturity_ea_slope
2018-12-01,IT,PSPP,324759.11111111107,5479.470138580644,2.7241991732914577,1.812096199982442,single_maturity_ea_slope
2019-01-01,IT,PSPP,327721.77777777775,6610.006189477906,2.5060761037311803,1.8260934737988403,single_maturity_ea_slope
2019-02-01,IT,PSPP,327953.77777777775,3942.6179549114327,2.559029190432045,1.834904732311471,single_maturity_ea_slope
2019-03-01,IT,PSPP,329313.77777777775,5119.213408731978,2.443596084775698,1.8443668961915891,single_maturity_ea_slope
2019-04-01,IT,PSPP,329260.44444444444,3726.668707274787,2.3738534008034775,1.850359783648784,single_maturity_ea_slope
2019-05-01,IT,PSPP,325766.2222222222,259.31681613211185,2.4028125692711977,1.85079954777305,single_maturity_ea_slope
2019-06-01,IT,PSPP,326375.11111111107,4368.886836975466,2.066629482254557,1.8536886668500878,single_maturity_ea_slope
2019-07-01,IT,PSPP,328215.11111111107,5649.233322958813,1.44221262504955,1.8466063476994874,single_maturity_ea_slope
2019-08-01,IT,PSPP,326067.55555555556,1688.5256869773511,1.2439185164442175,1.8434853567668896,single_maturity_ea_slope
2019-09-01,IT,PSPP,325168.0,2938.339401548434,0.7421391608562709,1.8335331815153593,single_maturity_ea_slope
2019-10-01,IT,PSPP,322514.6666666666,1131.2104283053613,0.8469868372701075,1.8300729000833516,single_maturity_ea_slope
2019-11-01,IT,PSPP,323396.44444444444,4640.689976690008,1.1021329166610536,1.8196270716188396,single_maturity_ea_slope
2019-12-01,IT,PSPP,323367.11111111107,3729.3422180897387,1.1970106756121985,1.8124465342929377,single_maturity_ea_slope
2020-01-01,IT,PSPP,327413.3333333333,7846.964007731311,1.1084006887185023,1.7955729929689783,single_maturity_ea_slope
2020-02-01,IT,PSPP,329427.55555555556,5884.356185973233,0.7989668037039241,1.7777712465883786,single_maturity_ea_slope
2020-03-01,IT,PSPP,339965.3333333333,14377.259777259751,1.4181309050806887,1.7625619234331593,single_maturity_ea_slope
2020-04-01,IT,PSPP,349671.11111111107,13684.77278401995,1.6561770105320728,1.7583984300405453,single_maturity_ea_slope
2020-05-01,IT,PSPP,352207.11111111107,6605.728946823918,1.6076858200882642,1.7555717788492262,single_maturity_ea_slope
2020-06-01,IT,PSPP,354275.55555555556,6133.623473889453,1.3050162917063624,1.7477712471193545,single_maturity_ea_slope
2020-07-01,IT,PSPP,361276.44444444444,11124.20773846471,1.0558141488437962,1.7264649188887404,single_maturity_ea_slope
2020-08-01,IT,PSPP,362811.55555555556,5793.4378961705825,0.8887789614552071,1.7130886041143827,single_maturity_ea_slope
2020-09-01,IT,PSPP,365693.3333333333,7152.158610587963,0.8338129652394236,1.6958919033314142,single_maturity_ea_slope
2020-10-01,IT,PSPP,367505.77777777775,6098.582903578677,0.6339385208146873,1.6782692940157855,single_maturity_ea_slope
2020-11-01,IT,PSPP,366196.44444444444,2897.463573463592,0.542280858733755,1.6692809896205882,single_maturity_ea_slope
2020-12-01,IT,PSPP,365509.3333333333,3504.698005697993,0.46637088527560755,1.6577468473723327,single_maturity_ea_slope
2021-01-01,IT,PSPP,368880.0,7595.231314532305,0.4983690704533399,1.6338752837293378,single_maturity_ea_slope
2021-02-01,IT,PSPP,372257.77777777775,7683.0999066292925,0.4292451241027827,1.6090126900658825,single_maturity_ea_slope
2021-03-01,IT,PSPP,374738.6666666666,6862.454069889084,0.5084315791868164,1.588858145057819,single_maturity_ea_slope
2021-04-01,IT,PSPP,377566.2222222222,7232.100297758978,0.5867116139534534,1.5696625078439257,single_maturity_ea_slope
2021-05-01,IT,PSPP,378086.2222222222,4945.295619107152,0.7540620263206406,1.558994609224102,single_maturity_ea_slope
2021-06-01,IT,PSPP,374799.11111111107,1082.817486001939,0.6675143943568359,1.556419068523855,single_maturity_ea_slope
2021-07-01,IT,PSPP,379873.77777777775,9442.954674954693,0.5655879892260167,1.5317888531215713,single_maturity_ea_slope
2021-08-01,IT,PSPP,379332.44444444444,3892.300861085194,0.4602383446502983,1.5207937562668128,single_maturity_ea_slope
2021-09-01,IT,PSPP,382680.8888888889,7794.441214773135,0.5847619564287824,1.5017286682239288,single_maturity_ea_slope
2021-10-01,IT,PSPP,385401.77777777775,7218.783680718788,0.7560988877288117,1.4877626192805848,single_maturity_ea_slope
2021-11-01,IT,PSPP,382039.11111111107,1098.0020576131483,0.8476706929453371,1.48592295880673,single_maturity_ea_slope
2021-12-01,IT,PSPP,381702.2222222222,4091.0099417915953,0.9103455452124205,1.47975403239185,single_maturity_ea_slope
2022-01-01,IT,PSPP,387205.3333333333,9958.085693536686,1.1948076528183724,1.4724258263430638,single_maturity_ea_slope
2022-02-01,IT,PSPP,389025.77777777775,6377.946013810413,1.6774502119415742,1.4757871317823372,single_maturity_ea_slope
2022-03-01,IT,PSPP,392024.0,7609.7179284547965,1.7215725454948378,1.4805581602634523,single_maturity_ea_slope
2022-04-01,IT,PSPP,393235.55555555556,5761.509130300224,2.3477092034787708,1.49326326432195,single_maturity_ea_slope
2022-05-01,IT,PSPP,398113.77777777775,9474.243208144999,2.881122292587805,1.5262912947654228,single_maturity_ea_slope
2022-06-01,IT,PSPP,398205.3333333333,4731.576275576281,3.521840207419408,1.5500029106115165,single_maturity_ea_slope
2022-07-01,IT,PSPP,400210.6666666666,6679.104851330185,3.168805207739034,1.5770190577975538,single_maturity_ea_slope
2022-08-01,IT,PSPP,397771.55555555556,2278.129184347051,3.1372318131285075,1.5859547550892963,single_maturity_ea_slope
2022-09-01,IT,PSPP,393920.8888888889,759.5738937824972,4.05683731595771,1.5907192089194346,single_maturity_ea_slope
2022-10-01,IT,PSPP,398814.2222222222,9490.916070131738,4.392158596111096,1.6573874083413251,single_maturity_ea_slope
2022-11-01,IT,PSPP,396176.8888888889,2004.3591971860315,4.174526338281577,1.6701222515548468,single_maturity_ea_slope
2022-12-01,IT,PSPP,394275.55555555556,2709.6639768260075,4.2234101777354915,1.6876697566399337,single_maturity_ea_slope
2023-01-01,IT,PSPP,393402.6666666666,3709.5792138023207,4.220567923829561,1.711553647593947,single_maturity_ea_slope
2023-02-01,IT,PSPP,395460.44444444444,6668.685732145679,4.261735455838894,1.7545575972377898,single_maturity_ea_slope
2023-03-01,IT,PSPP,392783.11111111107,1931.7627557627166,4.216879311336941,1.7666676428213355,single_maturity_ea_slope
2023-04-01,IT,PSPP,393157.3333333333,4990.854933918429,4.177807386712638,1.7972753605641054,single_maturity_ea_slope
2023-05-01,IT,PSPP,392837.3333333333,4320.6672961913755,4.229409881515494,1.8240254761792525,single_maturity_ea_slope
2023-06-01,IT,PSPP,390916.44444444444,2729.1742424242548,4.039233198303636,1.8394908983756324,single_maturity_ea_slope
2023-07-01,IT,PSPP,387465.77777777775,1183.240925135642,4.145068659839858,1.846531659443857,single_maturity_ea_slope
2023-08-01,IT,PSPP,380187.55555555556,0.0,4.157519530662913,1.846531659443857,single_maturity_ea_slope
2023-09-01,IT,PSPP,376832.0,1132.0218235232333,4.4471138969199995,1.854343936126012,single_maturity_ea_slope
2023-10-01,IT,PSPP,370296.8888888889,0.0,4.78688868114253,1.854343936126012,single_maturity_ea_slope
2023-11-01,IT,PSPP,367946.6666666666,2008.2628164887792,4.335475744602242,1.8678860203604217,single_maturity_ea_slope
2023-12-01,IT,PSPP,367466.6666666666,3900.3174603174602,3.704461293452632,1.8873795615564366,single_maturity_ea_slope
2024-01-01,IT,PSPP,364271.11111111107,1185.3059926879605,3.6661933412486367,1.893167664342062,single_maturity_ea_slope
2024-02-01,IT,PSPP,360348.44444444444,420.09812960317504,3.7625973764750236,1.895347065800843,single_maturity_ea_slope
2024-03-01,IT,PSPP,355281.77777777775,0.0,3.6134624413267997,1.895347065800843,single_maturity_ea_slope
2024-04-01,IT,PSPP,352179.55555555556,1127.322751322783,3.757767649861905,1.9013086529055572,single_maturity_ea_slope
2024-05-01,IT,PSPP,346917.3333333333,0.0,3.766476628891,1.9013086529055572,single_maturity_ea_slope
2024-06-01,IT,PSPP,346699.55555555556,3935.9259259259516,3.8567623397989,1.92350804929895,single_maturity_ea_slope
2024-07-01,IT,PSPP,343195.55555555556,653.0690114575009,3.7212628776361956,1.926929008427295,single_maturity_ea_slope
2024-08-01,IT,PSPP,340872.8888888889,1810.227788482105,3.525288389822364,1.935417200543757,single_maturity_ea_slope
2024-09-01,IT,PSPP,332402.6666666666,0.0,3.3947313607225085,1.935417200543757,single_maturity_ea_slope
2024-10-01,IT,PSPP,328753.77777777775,302.6406720558057,3.320997644636,1.9366927235191034,single_maturity_ea_slope
2024-11-01,IT,PSPP,324638.2222222222,0.0,3.4081689392642853,1.9366927235191034,single_maturity_ea_slope
2024-12-01,IT,PSPP,318032.8888888889,0.0,3.164830513637824,1.9366927235191034,single_maturity_ea_slope
2025-01-01,IT,PSPP,316058.6666666666,1774.3974016449001,3.5011227655653796,1.9454756517992817,single_maturity_ea_slope
2025-02-01,IT,PSPP,311507.55555555556,0.0,3.4015560746010003,1.9454756517992817,single_maturity_ea_slope
2025-03-01,IT,PSPP,305881.77777777775,0.0,3.658745796721047,1.9454756517992817,single_maturity_ea_slope
2025-04-01,IT,PSPP,303873.77777777775,1557.055685055684,3.43269841981275,1.9530962128191043,single_maturity_ea_slope
2025-05-01,IT,PSPP,301153.77777777775,831.5869305490619,3.3433277581267777,1.956935109983356,single_maturity_ea_slope
2025-06-01,IT,PSPP,295301.3333333333,0.0,3.2396805072817143,1.956935109983356,single_maturity_ea_slope
2025-07-01,IT,PSPP,291510.2222222222,0.0,3.2606792913674054,1.956935109983356,single_maturity_ea_slope
2025-08-01,IT,PSPP,288708.44444444444,558.1832897905074,3.254786646662095,1.9594443508952284,single_maturity_ea_slope
2025-09-01,IT,PSPP,286708.44444444444,1341.5329218106995,3.2730460361290907,1.9655908036455194,single_maturity_ea_slope
2025-10-01,IT,PSPP,286708.44444444444,3355.669995838535,3.163620946110609,1.9796126920170678,single_maturity_ea_slope
2025-11-01,IT,PSPP,282902.2222222222,0.0,3.1859264063643002,1.9796126920170678,single_maturity_ea_slope
2025-12-01,IT,PSPP,277512.8888888889,0.0,3.290994107566666,1.9796126920170678,single_maturity_ea_slope
2026-01-01,IT,PSPP,276416.0,2133.0097248086204,3.220195489939492,1.9891858541075358,single_maturity_ea_slope
2026-02-01,IT,PSPP,272432.8888888889,0.0,3.1175570901925,1.9891858541075358,single_maturity_ea_slope
2026-03-01,IT,PSPP,267352.0,0.0,3.5183978615629097,1.9891858541075358,single_maturity_ea_slope
2026-04-01,IT,PSPP,263076.44444444444,0.0,3.60773683281595,1.9891858541075358,single_maturity_ea_slope
2026-05-01,IT,PSPP,262991.1111111111,2938.533844189036,3.6340868507854167,2.0075651720573204,single_maturity_ea_slope
2026-06-01,IT,PSPP,257282.66666666666,0.0,3.54826028841197,2.0075651720573204,single_maturity_ea_slope
2026-07-01,IT,PSPP,254059.55555555553,0.0,3.698984352045913,2.0075651720573204,single_maturity_ea_slope
2026-08-01,IT,PSPP,251431.1111111111,240.34005821540313,3.802352265122318,2.0092807880466275,single_maturity_ea_slope
2020-03-01,LT,PEPP,0.0,0.0,,,missing_wam
2020-04-01,LT,PEPP,500.4444444444444,500.4444444444444,0.2802452105275152,0.2802452105275152,single_maturity_ea_slope
2020-05-01,LT,PEPP,933.3333333333333,437.5537327036208,0.25240386242730983,0.26719297575814477,single_maturity_ea_slope
2020-06-01,LT,PEPP,1266.6666666666665,342.5269240872077,0.08691549972222959,0.2184430631143653,single_maturity_ea_slope
2020-07-01,LT,PEPP,1416.0,160.79430570635796,0.12100463999528135,0.20737841368318205,single_maturity_ea_slope
2020-08-01,LT,PEPP,1685.3333333333333,279.1748679455101,0.23848009914187737,0.21253039683042138,single_maturity_ea_slope
2020-09-01,LT,PEPP,1767.111111111111,93.47173651586645,0.23965967818727799,0.21396540622112034,single_maturity_ea_slope
2020-10-01,LT,PEPP,1806.2222222222222,51.37249822678629,0.23506297495312936,0.21456546240409718,single_maturity_ea_slope
2020-11-01,LT,PEPP,1848.8888888888887,55.44413003835739,0.2240563669509222,0.21485007385318866,single_maturity_ea_slope
2020-12-01,LT,PEPP,1889.7777777777776,54.26337448559673,0.2124444649168243,0.2147809988221904,single_maturity_ea_slope
2021-01-01,LT,PEPP,1941.3333333333333,65.26151564967937,0.21484637001541015,0.21478319639592808,single_maturity_ea_slope
2021-02-01,LT,PEPP,2026.6666666666665,99.03170571079116,0.24202818633509668,0.2161145045336333,single_maturity_ea_slope
2021-03-01,LT,PEPP,2102.222222222222,90.2287865624096,0.23845986196976246,0.217073582249325,single_maturity_ea_slope
2021-04-01,LT,PEPP,2133.333333333333,46.53234220135603,0.23389232818285782,0.21744043333112661,single_maturity_ea_slope
2021-05-01,LT,PEPP,2226.6666666666665,109.33493349334948,0.22331757035133465,0.2177290155400648,single_maturity_ea_slope
2021-06-01,LT,PEPP,2246.222222222222,36.470373746581686,0.21266894806079845,0.21764685868562444,single_maturity_ea_slope
2021-07-01,LT,PEPP,2308.4444444444443,79.16205798558734,0.2123392443121863,0.21746484794769816,single_maturity_ea_slope
2021-08-01,LT,PEPP,2367.111111111111,75.35100061032396,0.22930918805668846,0.21784188258481013,single_maturity_ea_slope
2021-09-01,LT,PEPP,2458.6666666666665,108.76840540365856,0.23111946668196146,0.21842926666148857,single_maturity_ea_slope
2021-10-01,LT,PEPP,2512.0,71.57811417829242,0.2136186268689135,0.21829219001963204,single_maturity_ea_slope
2021-11-01,LT,PEPP,2611.555555555555,118.51690821256003,0.19536875343146487,0.2172518848175249,single_maturity_ea_slope
2021-12-01,LT,PEPP,2651.555555555555,59.838617103886016,0.18896091403304724,0.21661343220629348,single_maturity_ea_slope
2022-01-01,LT,PEPP,2781.333333333333,150.90234402662705,0.17382540343659933,0.21429195072104937,single_maturity_ea_slope
2022-02-01,LT,PEPP,2829.333333333333,70.41564581990113,0.16653770910150062,0.21310345669503142,single_maturity_ea_slope
2022-03-01,LT,PEPP,2857.777777777778,51.4023585415994,0.16562927444037942,0.21224954672459964,single_maturity_ea_slope
2022-04-01,LT,PEPP,2858.6666666666665,24.259659070257495,0.1627764868764244,0.21182970079465124,single_maturity_ea_slope
2022-05-01,LT,PEPP,2858.6666666666665,23.539745278875714,0.1621325780870436,0.2114204688882974,single_maturity_ea_slope
2022-06-01,LT,PEPP,2865.777777777778,30.862080425390698,0.1606258691548513,0.21087345263522117,single_maturity_ea_slope
2022-07-01,LT,PEPP,2875.555555555555,33.8034130710183,0.1560649353325317,0.21022915454589597,single_maturity_ea_slope
2022-08-01,LT,PEPP,2881.777777777778,30.550103402895683,0.15182074128644238,0.20960995931216378,single_maturity_ea_slope
2022-09-01,LT,PEPP,2851.555555555555,0.0,0.15711164825472287,0.20960995931216378,single_maturity_ea_slope
2022-10-01,LT,PEPP,2857.777777777778,30.470143613001156,0.15022088084692994,0.20897674221461654,single_maturity_ea_slope
2022-11-01,LT,PEPP,2864.0,30.773577701412705,2.8727668667198847,0.23759907195509095,single_maturity_ea_slope
2022-12-01,LT,PEPP,2868.4444444444443,29.305555555555458,2.8752690391176747,0.26454691259032215,single_maturity_ea_slope
2023-01-01,LT,PEPP,2894.222222222222,51.04596351107983,2.8757196745116476,0.31060067739896213,single_maturity_ea_slope
2023-02-01,LT,PEPP,2904.0,35.54542576764804,2.8781697895283362,0.3420281351394927,single_maturity_ea_slope
2023-03-01,LT,PEPP,2936.8888888888887,59.164676076727986,2.8735911073530467,0.393027375793612,single_maturity_ea_slope
2023-04-01,LT,PEPP,2857.777777777778,0.0,2.8688000976953023,0.393027375793612,single_maturity_ea_slope
2023-05-01,LT,PEPP,2877.333333333333,45.16288331342059,2.860097590837022,0.4317507322282811,single_maturity_ea_slope
2023-06-01,LT,PEPP,2863.111111111111,11.615900383141813,2.8715432103981815,0.4416491906820859,single_maturity_ea_slope
2023-07-01,LT,PEPP,2875.555555555555,38.46326588311311,2.8766656524131586,0.4742198309593608,single_maturity_ea_slope
2023-08-01,LT,PEPP,2787.555555555555,0.0,2.8677838272066083,0.4742198309593608,single_maturity_ea_slope
2023-09-01,LT,PEPP,2796.4444444444443,33.760012689349125,2.8652092421657143,0.5030849968748818,single_maturity_ea_slope
2023-10-01,LT,PEPP,2816.8888888888887,45.69222743870621,2.8538596140068333,0.5412164719525158,single_maturity_ea_slope
2023-11-01,LT,PEPP,2828.4444444444443,37.266480061660886,2.8524328417136817,0.5716681567756223,single_maturity_ea_slope
2023-12-01,LT,PEPP,2836.4444444444443,34.07341855129466,2.842707613904842,0.5989495224025191,single_maturity_ea_slope
2024-01-01,LT,PEPP,2785.777777777778,0.0,2.8424046944753636,0.5989495224025191,single_maturity_ea_slope
2024-02-01,LT,PEPP,2822.222222222222,61.983294625758774,2.8468344236802223,0.6483188849649686,single_maturity_ea_slope
2024-03-01,LT,PEPP,2858.6666666666665,62.63433143611307,2.8517488893131997,0.6965967645785262,single_maturity_ea_slope
2024-04-01,LT,PEPP,2832.0,0.0,2.8502028537914446,0.6965967645785262,single_maturity_ea_slope
2024-05-01,LT,PEPP,2876.4444444444443,70.84265473527208,2.852331726136182,0.7496893900513883,single_maturity_ea_slope
2024-06-01,LT,PEPP,2748.4444444444443,0.0,2.8605855897299333,0.7496893900513883,single_maturity_ea_slope
2024-07-01,LT,PEPP,2769.777777777778,46.2286634460549,2.8509431392347824,0.7847601286373898,single_maturity_ea_slope
2024-08-01,LT,PEPP,2726.222222222222,0.0,2.8430289590727273,0.7847601286373898,single_maturity_ea_slope
2024-09-01,LT,PEPP,2736.8888888888887,35.44149602164855,2.8327347924413653,0.8112804912996505,single_maturity_ea_slope
2024-10-01,LT,PEPP,2751.111111111111,39.39596108249525,2.8234106307551303,0.8400942314451324,single_maturity_ea_slope
2024-11-01,LT,PEPP,2723.555555555555,0.0,2.831263314928571,0.8400942314451324,single_maturity_ea_slope
2024-12-01,LT,PEPP,2728.0,29.66255144032957,2.8259621154456136,0.8616873063215486,single_maturity_ea_slope
2025-01-01,LT,PEPP,2728.0,25.51440329218107,2.8149432813878033,0.8799556936678472,single_maturity_ea_slope
2025-02-01,LT,PEPP,2728.0,25.716440422322776,2.810382369044,0.8981535318595532,single_maturity_ea_slope
2025-03-01,LT,PEPP,2727.111111111111,25.062404870623794,2.77963290352273,0.9154445023580516,single_maturity_ea_slope
2025-04-01,LT,PEPP,2727.111111111111,26.181942310974566,2.7506392681237997,0.9330634997252343,single_maturity_ea_slope
2025-05-01,LT,PEPP,2601.777777777778,0.0,2.7844441281539045,0.9330634997252343,single_maturity_ea_slope
2025-06-01,LT,PEPP,2601.777777777778,24.19808201058201,2.782590583359492,0.9502652025120113,single_maturity_ea_slope
2025-07-01,LT,PEPP,2601.777777777778,24.443609336506743,2.7672771116408548,0.9673359645293813,single_maturity_ea_slope
2025-08-01,LT,PEPP,2556.4444444444443,0.0,2.773667188638476,0.9673359645293813,single_maturity_ea_slope
2025-09-01,LT,PEPP,2553.777777777778,21.323990657324142,2.765618414451636,0.9823515851111927,single_maturity_ea_slope
2025-10-01,LT,PEPP,2440.8888888888887,0.0,2.806538860779188,0.9823515851111927,single_maturity_ea_slope
2025-11-01,LT,PEPP,2391.111111111111,0.0,2.8188926224032,0.9823515851111927,single_maturity_ea_slope
2025-12-01,LT,PEPP,2391.111111111111,21.47190293742018,2.8124013515999997,0.9987852216637144,single_maturity_ea_slope
2026-01-01,LT,PEPP,2336.8888888888887,0.0,2.824490628227079,0.9987852216637144,single_maturity_ea_slope
2026-02-01,LT,PEPP,2336.8888888888887,20.827886710239653,2.816993587320833,1.0149902873112824,single_maturity_ea_slope
2026-03-01,LT,PEPP,2336.8888888888887,21.03031757459403,2.821615594689909,1.031248614411522,single_maturity_ea_slope
2026-04-01,LT,PEPP,2336.8888888888887,21.21358831598483,2.8154247950970333,1.047444839726387,single_maturity_ea_slope
2026-05-01,LT,PEPP,2336.8888888888887,21.423623843865865,2.8121923760780834,1.0636233099899708,single_maturity_ea_slope
2026-06-01,LT,PEPP,2274.6666666666665,0.0,2.829534870813818,1.0636233099899708,single_maturity_ea_slope
2026-07-01,LT,PEPP,2274.6666666666665,20.603864734299517,2.8244227029147826,1.0795725798534204,single_maturity_ea_slope
2026-08-01,LT,PEPP,2232.0,0.0,2.830933811292222,1.0795725798534204,single_maturity_ea_slope
2015-03-01,LT,PSPP,34.666666666666664,34.666666666666664,0.8422013635071265,0.8422013635071265,single_maturity_ea_slope
2015-04-01,LT,PSPP,108.44444444444444,74.33120476798636,0.2650240025101775,0.44658599724750364,single_maturity_ea_slope
2015-05-01,LT,PSPP,217.77777777777777,110.81481481481481,0.5729582635330589,0.5108897082553916,single_maturity_ea_slope
2015-06-01,LT,PSPP,336.0,121.30340187386028,0.8369955079495386,0.6286210858556764,single_maturity_ea_slope
2015-07-01,LT,PSPP,448.0,116.92091388400704,1.0118485755782602,0.7286373990785301,single_maturity_ea_slope
2015-08-01,LT,PSPP,575.1111111111111,133.8378378378378,1.0484278718130027,0.8030579147059058,single_maturity_ea_slope
2015-09-01,LT,PSPP,686.2222222222222,119.88875322208654,1.0234123108203599,0.8415556680016488,single_maturity_ea_slope
2015-10-01,LT,PSPP,787.5555555555555,112.02215299411566,1.0383452426083726,0.8695470797550591,single_maturity_ea_slope
2015-11-01,LT,PSPP,891.5555555555555,115.67787004085936,0.946165718005339,0.8794882223153795,single_maturity_ea_slope
2015-12-01,LT,PSPP,984.0,104.82716049382717,0.9185283630635789,0.8836472335957789,single_maturity_ea_slope
2016-01-01,LT,PSPP,1080.888888888889,110.05100766898522,0.9439904343526753,0.8897910936331365,single_maturity_ea_slope
2016-02-01,LT,PSPP,1177.7777777777776,110.8322440087144,0.9961175487062593,0.8997967159462696,single_maturity_ea_slope
2016-03-01,LT,PSPP,1288.888888888889,125.84807029251493,1.0226435973622157,0.9117915768694466,single_maturity_ea_slope
2016-04-01,LT,PSPP,1381.3333333333333,108.74298881582635,0.9275859397881305,0.913034959758119,single_maturity_ea_slope
2016-05-01,LT,PSPP,1481.7777777777776,117.99186991869908,0.48174512129258223,0.8786919595588584,single_maturity_ea_slope
2016-06-01,LT,PSPP,1575.111111111111,112.01434414747591,0.5423379536372687,0.8547720766319293,single_maturity_ea_slope
2016-07-01,LT,PSPP,1639.111111111111,84.2248473434914,0.5530235470400156,0.8392668899068061,single_maturity_ea_slope
2016-08-01,LT,PSPP,1681.7777777777776,63.975963482983616,0.5594774377904994,0.8286235100215226,single_maturity_ea_slope
2016-09-01,LT,PSPP,1746.6666666666665,86.82130643945983,0.4549892003304761,0.8100513236295478,single_maturity_ea_slope
2016-10-01,LT,PSPP,1857.7777777777776,133.19844882819083,-0.02363693512622622,0.7502777682555706,single_maturity_ea_slope
2016-11-01,LT,PSPP,1945.7777777777776,111.45679012345678,-0.08456553428693886,0.7024568116077242,single_maturity_ea_slope
2016-12-01,LT,PSPP,2012.4444444444443,91.34675009865276,-0.16939756055654004,0.6628825199166596,single_maturity_ea_slope
2017-01-01,LT,PSPP,2074.6666666666665,87.32756708804608,-0.16167371329908403,0.6281750216322695,single_maturity_ea_slope
2017-02-01,LT,PSPP,2132.4444444444443,83.62066101976421,-0.18707823393915074,0.5962060686745488,single_maturity_ea_slope
2017-03-01,LT,PSPP,2199.111111111111,92.87665246367297,-0.1546662861914092,0.5644939326232559,single_maturity_ea_slope
2017-04-01,LT,PSPP,2249.777777777778,77.73598118059004,-0.13054274213978245,0.5404785127880724,single_maturity_ea_slope
2017-05-01,LT,PSPP,2296.0,73.91520323868916,-0.14151577609679483,0.5185230482974146,single_maturity_ea_slope
2017-06-01,LT,PSPP,2329.777777777778,61.587855297157674,-0.10805203625071708,0.5019594875973197,single_maturity_ea_slope
2017-07-01,LT,PSPP,2382.222222222222,80.95371730026639,-0.13726986291571303,0.48023691627347714,single_maturity_ea_slope
2017-08-01,LT,PSPP,2385.777777777778,32.36811266999956,-0.11622553203394198,0.47214464384556437,single_maturity_ea_slope
2017-09-01,LT,PSPP,2411.555555555555,54.549820442728866,-0.12285194898802332,0.45868571389127166,single_maturity_ea_slope
2017-10-01,LT,PSPP,2464.8888888888887,82.54306632213624,-0.12966332629037625,0.43898335162123414,single_maturity_ea_slope
2017-11-01,LT,PSPP,2526.222222222222,91.36365605371468,-0.12880976237674552,0.41844847772112803,single_maturity_ea_slope
2017-12-01,LT,PSPP,2581.333333333333,85.93373461309014,-0.09631257223323814,0.40131185344842624,single_maturity_ea_slope
2018-01-01,LT,PSPP,2645.333333333333,95.4950382300309,-0.08158252977052133,0.38387963913899054,single_maturity_ea_slope
2018-02-01,LT,PSPP,2466.6666666666665,0.0,0.09952124195734963,0.38387963913899054,single_maturity_ea_slope
2018-03-01,LT,PSPP,2469.333333333333,27.52223565766477,0.10956171299946388,0.3808221974779482,single_maturity_ea_slope
2018-04-01,LT,PSPP,2506.6666666666665,62.675424192665716,0.09498334761558097,0.37367522759794786,single_maturity_ea_slope
2018-05-01,LT,PSPP,2484.4444444444443,3.159173754556548,0.10139921076970199,0.37332900643438655,single_maturity_ea_slope
2018-06-01,LT,PSPP,2538.6666666666665,79.16644355198567,0.10828901901948745,0.3650639303303816,single_maturity_ea_slope
2018-07-01,LT,PSPP,2576.0,63.291070211315756,0.10389058183717359,0.35864702787044056,single_maturity_ea_slope
2018-08-01,LT,PSPP,2612.4444444444443,63.17752871177519,0.09326536182880699,0.35222922332666223,single_maturity_ea_slope
2018-09-01,LT,PSPP,2757.333333333333,170.2622809289474,0.1558522027040949,0.3401031596951719,single_maturity_ea_slope
2018-10-01,LT,PSPP,2768.8888888888887,38.49316139116853,0.15047586665183493,0.33746695640634417,single_maturity_ea_slope
2018-11-01,LT,PSPP,2793.777777777778,51.87611002815706,0.15064943633227917,0.3339980454916549,single_maturity_ea_slope
2018-12-01,LT,PSPP,2812.4444444444443,46.18614832326401,0.1548862356902992,0.33105665952747176,single_maturity_ea_slope
2019-01-01,LT,PSPP,2832.0,47.25890902723064,0.15246403090930916,0.3280764007743645,single_maturity_ea_slope
2019-02-01,LT,PSPP,2841.777777777778,37.9400689472289,0.15476791231057319,0.32576259001376445,single_maturity_ea_slope
2019-03-01,LT,PSPP,2854.222222222222,40.2396105025212,0.17641839028133077,0.32365709437952295,single_maturity_ea_slope
2019-04-01,LT,PSPP,2817.777777777778,0.0,0.16475950485754326,0.32365709437952295,single_maturity_ea_slope
2019-05-01,LT,PSPP,2854.222222222222,64.90684624017948,0.1530936788939018,0.3197783727800163,single_maturity_ea_slope
2019-06-01,LT,PSPP,2855.111111111111,28.74039378957392,0.19584138276678187,0.31853078634311277,single_maturity_ea_slope
2019-07-01,LT,PSPP,2956.4444444444443,128.03657978966635,0.2292838326237796,0.31466571296676615,single_maturity_ea_slope
2019-08-01,LT,PSPP,2973.333333333333,44.50888556718133,0.24976027796507144,0.3136941203952935,single_maturity_ea_slope
2019-09-01,LT,PSPP,3088.8888888888887,142.54659888646827,0.26510757256922673,0.3114519396651436,single_maturity_ea_slope
2019-10-01,LT,PSPP,3160.8888888888887,99.01022113404065,0.28401542729470086,0.31059253104546913,single_maturity_ea_slope
2019-11-01,LT,PSPP,3228.4444444444443,95.51812534402778,0.2766516111099688,0.30958834060624085,single_maturity_ea_slope
2019-12-01,LT,PSPP,3293.333333333333,93.60148622475177,0.2714900090585459,0.308505528727026,single_maturity_ea_slope
2020-01-01,LT,PSPP,3358.222222222222,94.59066859066884,0.26648952695053674,0.30732206871855916,single_maturity_ea_slope
2020-02-01,LT,PSPP,3390.222222222222,62.651900531418605,0.26398343024488613,0.30652116308794247,single_maturity_ea_slope
2020-03-01,LT,PSPP,3412.4444444444443,52.76476476476471,0.2750344487054444,0.30603430121966724,single_maturity_ea_slope
2020-04-01,LT,PSPP,3470.222222222222,88.89050976578334,0.2673514684227718,0.3050434319017079,single_maturity_ea_slope
2020-05-01,LT,PSPP,3442.6666666666665,3.673946084313151,0.2697913756568012,0.3050058116013579,single_maturity_ea_slope
2020-06-01,LT,PSPP,3499.555555555555,88.2428658166361,0.1241416719246072,0.3004452410502774,single_maturity_ea_slope
2020-07-01,LT,PSPP,3629.333333333333,162.21711366538958,0.11014517265219517,0.29193956659421666,single_maturity_ea_slope
2020-08-01,LT,PSPP,3712.8888888888887,116.7912087912089,0.11600718952549019,0.28640550522091324,single_maturity_ea_slope
2020-09-01,LT,PSPP,3823.111111111111,142.96374681559863,0.13227641468550785,0.2806419080782139,single_maturity_ea_slope
2020-10-01,LT,PSPP,3882.6666666666665,92.70775041430619,0.14163876232447334,0.27732288276657036,single_maturity_ea_slope
2020-11-01,LT,PSPP,3977.7777777777774,127.9927732610657,0.15284005051375035,0.2733174043779984,single_maturity_ea_slope
2020-12-01,LT,PSPP,4080.0,135.47011404584163,0.15876879652877515,0.2695139943365458,single_maturity_ea_slope
2021-01-01,LT,PSPP,4171.555555555556,124.53324711714635,0.17141098973474975,0.26658533006435614,single_maturity_ea_slope
2021-02-01,LT,PSPP,4165.333333333333,27.892559880783224,0.1686106935931869,0.26592925690144714,single_maturity_ea_slope
2021-03-01,LT,PSPP,4263.111111111111,131.8751364330937,0.1693528312281836,0.26294176045109946,single_maturity_ea_slope
2021-04-01,LT,PSPP,4382.222222222222,153.535457938558,0.17738643016067246,0.2599442454577671,single_maturity_ea_slope
2021-05-01,LT,PSPP,4376.888888888889,29.183224812714712,0.19308485657997668,0.2594984556225683,single_maturity_ea_slope
2021-06-01,LT,PSPP,4481.777777777777,139.13684576595352,0.19529362498919484,0.25750521587258357,single_maturity_ea_slope
2021-07-01,LT,PSPP,4585.777777777777,139.13466429741123,0.19140354658731182,0.2554996599971827,single_maturity_ea_slope
2021-08-01,LT,PSPP,4565.333333333333,15.203703703703795,0.19261608849726522,0.25529024195054534,single_maturity_ea_slope
2021-09-01,LT,PSPP,4676.444444444444,146.07843137254923,0.20286652786310008,0.2536526786240496,single_maturity_ea_slope
2021-10-01,LT,PSPP,4753.777777777777,113.05319618426829,0.19966906540708235,0.2523688533589556,single_maturity_ea_slope
2021-11-01,LT,PSPP,4822.222222222222,105.09089663206211,0.1875468175764294,0.250956183940589,single_maturity_ea_slope
2021-12-01,LT,PSPP,4886.222222222222,101.48618021006081,0.1814967609317464,0.24951352104066948,single_maturity_ea_slope
2022-01-01,LT,PSPP,4976.888888888889,128.29930855069517,0.18464528438698136,0.24784128159643526,single_maturity_ea_slope
2022-02-01,LT,PSPP,5024.888888888889,86.76081689165801,0.17345998932661888,0.2465569981383361,single_maturity_ea_slope
2022-03-01,LT,PSPP,5016.0,30.17274737424011,0.17501139850767847,0.24612662985616018,single_maturity_ea_slope
2022-04-01,LT,PSPP,5145.777777777777,169.32366235677455,0.16832946062927331,0.24356668611522098,single_maturity_ea_slope
2022-05-01,LT,PSPP,5150.222222222222,44.89867225716272,0.17066289043521773,0.24293112448558565,single_maturity_ea_slope
2022-06-01,LT,PSPP,5231.11111111111,121.80263390177574,0.1702225295292393,0.24123815750689356,single_maturity_ea_slope
2022-07-01,LT,PSPP,5277.333333333333,88.259437837066,0.1728689986610555,0.2400947346559979,single_maturity_ea_slope
2022-08-01,LT,PSPP,5307.555555555556,73.08555338964736,0.16777813652848414,0.2390989281047365,single_maturity_ea_slope
2022-09-01,LT,PSPP,5261.333333333333,0.0,0.16500714011702552,0.2390989281047365,single_maturity_ea_slope
2022-10-01,LT,PSPP,5304.888888888889,86.4561861274191,0.16393031089545693,0.23787387097413423,single_maturity_ea_slope
2022-11-01,LT,PSPP,5329.777777777777,68.61530571125012,2.8804911517596588,0.2718948002059217,single_maturity_ea_slope
2022-12-01,LT,PSPP,5355.555555555556,70.23705186668201,2.879881725977942,0.30609803291873705,single_maturity_ea_slope
2023-01-01,LT,PSPP,5434.666666666666,124.69806681042566,2.8783354289767518,0.3651178496506895,single_maturity_ea_slope
2023-02-01,LT,PSPP,5473.777777777777,85.84887054236918,2.879113491802788,0.4045465029846608,single_maturity_ea_slope
2023-03-01,LT,PSPP,5489.777777777777,63.56497895184026,2.8766738658414543,0.433170744283162,single_maturity_ea_slope
2023-04-01,LT,PSPP,5474.666666666666,32.84292258715719,2.8711173188617916,0.4477961626868111,single_maturity_ea_slope
2023-05-01,LT,PSPP,5487.11111111111,60.773069679849236,2.8640780726696176,0.4745579442341524,single_maturity_ea_slope
2023-06-01,LT,PSPP,5441.777777777777,3.105147520402056,2.8734224969763633,0.47592676681785767,single_maturity_ea_slope
2023-07-01,LT,PSPP,5441.777777777777,48.448876226654,2.877428936800508,0.4973076622058798,single_maturity_ea_slope
2023-08-01,LT,PSPP,5352.888888888889,0.0,2.8675656812638692,0.4973076622058798,single_maturity_ea_slope
2023-09-01,LT,PSPP,5352.888888888889,47.70845712022183,2.8654333445571427,0.5184139517099017,single_maturity_ea_slope
2023-10-01,LT,PSPP,5352.888888888889,48.120180590515005,2.855217556136348,0.5394208161869464,single_maturity_ea_slope
2023-11-01,LT,PSPP,5352.888888888889,48.539072260508604,2.8543340250437725,0.5604120494917779,single_maturity_ea_slope
2023-12-01,LT,PSPP,5352.888888888889,49.019129019129025,2.8450383880357895,0.5813335361084814,single_maturity_ea_slope
2024-01-01,LT,PSPP,5150.222222222222,0.0,2.8505985431153484,0.5813335361084814,single_maturity_ea_slope
2024-02-01,LT,PSPP,5150.222222222222,46.09937542268369,2.8548524750981903,0.601683687728511,single_maturity_ea_slope
2024-03-01,LT,PSPP,5150.222222222222,46.498936639781704,2.8586731811482,0.622060985430025,single_maturity_ea_slope
2024-04-01,LT,PSPP,5008.888888888889,0.0,2.861008412306635,0.622060985430025,single_maturity_ea_slope
2024-05-01,LT,PSPP,5008.888888888889,44.73820015084752,2.8625115627464544,0.6420721552881568,single_maturity_ea_slope
2024-06-01,LT,PSPP,4809.777777777777,0.0,2.8702927948649664,0.6420721552881568,single_maturity_ea_slope
2024-07-01,LT,PSPP,4809.777777777777,41.882425790471764,2.8643819373386954,0.6614235118020069,single_maturity_ea_slope
2024-08-01,LT,PSPP,4714.666666666666,0.0,2.8645953996136364,0.6614235118020069,single_maturity_ea_slope
2024-09-01,LT,PSPP,4714.666666666666,40.88333911434847,2.8577910470507617,0.6804693627840459,single_maturity_ea_slope
2024-10-01,LT,PSPP,4714.666666666666,41.22653608487816,2.851705315377565,0.6994553364863327,single_maturity_ea_slope
2024-11-01,LT,PSPP,4638.222222222222,0.0,2.8588807698023806,0.6994553364863327,single_maturity_ea_slope
2024-12-01,LT,PSPP,4638.222222222222,40.55808169134507,2.854602194259438,0.718300622056227,single_maturity_ea_slope
2025-01-01,LT,PSPP,4638.222222222222,40.94475831763967,2.846576364749697,0.7370883669599476,single_maturity_ea_slope
2025-02-01,LT,PSPP,4638.222222222222,41.29471351693574,2.841590272576,0.7558250292250477,single_maturity_ea_slope
2025-03-01,LT,PSPP,4638.222222222222,41.6507024265645,2.821722331077714,0.7743765495362246,single_maturity_ea_slope
2025-04-01,LT,PSPP,4638.222222222222,42.012882447665056,2.8015995564386666,0.7927390767726598,single_maturity_ea_slope
2025-05-01,LT,PSPP,4382.222222222222,0.0,2.848148042717968,0.7927390767726598,single_maturity_ea_slope
2025-06-01,LT,PSPP,4382.222222222222,38.04012345679012,2.8425348397536507,0.8105324427707586,single_maturity_ea_slope
2025-07-01,LT,PSPP,4382.222222222222,38.359788359788354,2.832117711139478,0.8282283922487761,single_maturity_ea_slope
2025-08-01,LT,PSPP,4342.222222222222,0.0,2.8309233178331428,0.8282283922487761,single_maturity_ea_slope
2025-09-01,LT,PSPP,4338.666666666666,34.73564569860856,2.8238304713824998,0.8442053114504191,single_maturity_ea_slope
2025-10-01,LT,PSPP,4121.777777777777,0.0,2.8693674666917244,0.8442053114504191,single_maturity_ea_slope
2025-11-01,LT,PSPP,4026.6666666666665,0.0,2.8839599836851,0.8442053114504191,single_maturity_ea_slope
2025-12-01,LT,PSPP,4026.6666666666665,33.622801157871294,2.8781222597666667,0.8611885859019576,single_maturity_ea_slope
2026-01-01,LT,PSPP,3922.6666666666665,0.0,2.8911727815536667,0.8611885859019576,single_maturity_ea_slope
2026-02-01,LT,PSPP,3922.6666666666665,32.365236523652364,2.8868486987705997,0.8779019531698506,single_maturity_ea_slope
2026-03-01,LT,PSPP,3922.6666666666665,32.65623265623265,2.880564700123009,0.8945741372104197,single_maturity_ea_slope
2026-04-01,LT,PSPP,3922.6666666666665,32.91932415799485,2.8744874825082833,0.9111897241968065,single_maturity_ea_slope
2026-05-01,LT,PSPP,3922.6666666666665,33.220415537488705,2.868077780409333,0.9277622856484709,single_maturity_ea_slope
2026-06-01,LT,PSPP,3793.7777777777774,0.0,2.8864238524608,0.9277622856484709,single_maturity_ea_slope
2026-07-01,LT,PSPP,3793.7777777777774,31.48885937730559,2.8821351224170084,0.9439838397385151,single_maturity_ea_slope
2026-08-01,LT,PSPP,3793.7777777777774,31.773683230969663,2.8764952722351587,0.9601690276153714,single_maturity_ea_slope
2020-03-01,LU,PEPP,31.11111111111111,31.11111111111111,-0.5199542425543021,-0.5199542425543021,single_maturity_ea_slope
2020-04-01,LU,PEPP,120.88888888888889,90.19797106669067,-0.43757731147903756,-0.4584909259998854,single_maturity_ea_slope
2020-05-01,LU,PEPP,407.1111111111111,287.9239239239239,-0.5409944429404052,-0.5168404421066937,single_maturity_ea_slope
2020-06-01,LU,PEPP,626.6666666666666,224.73508623126943,-0.5275720831788167,-0.5206890212796936,single_maturity_ea_slope
2020-07-01,LU,PEPP,717.3333333333333,98.6273712737127,-0.5969432326285286,-0.5311733415592741,single_maturity_ea_slope
2020-08-01,LU,PEPP,816.0,108.29271783861164,-0.6334950611698296,-0.5447526272339646,single_maturity_ea_slope
2020-09-01,LU,PEPP,883.5555555555555,78.23059480202336,-0.6749522184100462,-0.5562805853760882,single_maturity_ea_slope
2020-10-01,LU,PEPP,1048.888888888889,175.68911809136847,-0.6770614791853128,-0.5765114114820912,single_maturity_ea_slope
2020-11-01,LU,PEPP,1106.6666666666665,70.0368812009764,-0.6644315939096042,-0.582075557902432,single_maturity_ea_slope
2020-12-01,LU,PEPP,1127.111111111111,33.6567971983446,-0.6727918013185121,-0.5847844462960889,single_maturity_ea_slope
2021-01-01,LU,PEPP,1157.3333333333333,43.93403622600698,-0.6667104625302891,-0.5878944755861976,single_maturity_ea_slope
2021-02-01,LU,PEPP,1179.5555555555554,36.63843215412717,-0.6307461206586544,-0.5892254998718154,single_maturity_ea_slope
2021-03-01,LU,PEPP,1219.5555555555554,54.93864685354047,-0.6287632944448381,-0.591006601949142,single_maturity_ea_slope
2021-04-01,LU,PEPP,1357.3333333333333,152.6576649856299,-0.6049108615290436,-0.5925703974801994,single_maturity_ea_slope
2021-05-01,LU,PEPP,1535.111111111111,193.84469696969703,-0.5495074055677868,-0.5871326590927622,single_maturity_ea_slope
2021-06-01,LU,PEPP,1626.6666666666665,109.77862192676994,-0.5556154497550643,-0.5850056616697684,single_maturity_ea_slope
2021-07-01,LU,PEPP,1642.6666666666665,35.504396482813746,-0.5960559347611312,-0.5852445009212371,single_maturity_ea_slope
2021-08-01,LU,PEPP,1645.3333333333333,22.621315192743836,-0.6556160257489396,-0.5862120230709869,single_maturity_ea_slope
2021-09-01,LU,PEPP,1649.7777777777776,24.69719350073845,-0.5871169760800474,-0.5862255702285949,single_maturity_ea_slope
2021-10-01,LU,PEPP,1674.6666666666665,45.65648427884079,-0.4340777580574701,-0.5820775601602525,single_maturity_ea_slope
2021-11-01,LU,PEPP,1693.3333333333333,40.103771974739786,-0.42078620016273377,-0.5782576436703886,single_maturity_ea_slope
2021-12-01,LU,PEPP,1696.8888888888887,25.56976945744484,-0.3994261449661334,-0.5755629002351885,single_maturity_ea_slope
2022-01-01,LU,PEPP,1702.2222222222222,27.707923112986553,-0.248061928479779,-0.5702320029960602,single_maturity_ea_slope
2022-02-01,LU,PEPP,1704.8888888888887,25.399335232668417,0.22447864696103015,-0.5583924500827985,single_maturity_ea_slope
2022-03-01,LU,PEPP,1630.2222222222222,0.0,0.37197051101664347,-0.5583924500827985,single_maturity_ea_slope
2022-04-01,LU,PEPP,1633.7777777777776,24.848949262742238,1.256378232988949,-0.5307906885454986,single_maturity_ea_slope
2022-05-01,LU,PEPP,1648.0,35.69669353896501,1.4961989797105093,-0.48688484570910107,single_maturity_ea_slope
2022-06-01,LU,PEPP,1658.6666666666665,32.56990962254105,1.9900266711109371,-0.4382477169435104,single_maturity_ea_slope
2022-07-01,LU,PEPP,1658.6666666666665,22.32992281457548,1.5761520753462182,-0.41112871058527495,single_maturity_ea_slope
2022-08-01,LU,PEPP,1659.5555555555554,23.511183851609406,1.6121949765266996,-0.38246396655802184,single_maturity_ea_slope
2022-09-01,LU,PEPP,1671.111111111111,34.0793823139101,2.4207901241939327,-0.32529651237345303,single_maturity_ea_slope
2022-10-01,LU,PEPP,1678.2222222222222,29.82877167542744,2.782798082557384,-0.2700531466319012,single_maturity_ea_slope
2022-11-01,LU,PEPP,1688.0,32.97045636017449,2.592177273134606,-0.21414731538327825,single_maturity_ea_slope
2022-12-01,LU,PEPP,1697.7777777777776,33.49896945849711,2.6268490253580365,-0.1580914222647077,single_maturity_ea_slope
2023-01-01,LU,PEPP,1708.4444444444443,34.851535295979815,2.676501924538316,-0.10026693145547928,single_maturity_ea_slope
2023-02-01,LU,PEPP,1715.5555555555554,31.4895991882293,2.88891225996414,-0.04539954209301863,single_maturity_ea_slope
2023-03-01,LU,PEPP,1726.2222222222222,35.31545338441897,2.9762079444111973,0.016417202565893525,single_maturity_ea_slope
2023-04-01,LU,PEPP,1731.5555555555554,30.307613168724203,2.8984356462660124,0.06686149807610436,single_maturity_ea_slope
2023-05-01,LU,PEPP,1739.5555555555554,33.138727577751965,2.849674073058939,0.11987438836741043,single_maturity_ea_slope
2023-06-01,LU,PEPP,1745.7777777777776,31.699017119052215,2.9315332817939317,0.17092717671777732,single_maturity_ea_slope
2023-07-01,LU,PEPP,1641.7777777777776,0.0,3.044454771371333,0.17092717671777732,single_maturity_ea_slope
2023-08-01,LU,PEPP,1650.6666666666665,31.428397095612933,3.016838199693978,0.22511281185239648,single_maturity_ea_slope
2023-09-01,LU,PEPP,1654.2222222222222,26.40531561461804,3.0922032280254284,0.2708783845292006,single_maturity_ea_slope
2023-10-01,LU,PEPP,1666.6666666666665,35.41975308641965,3.2009063094295453,0.33314690391097146,single_maturity_ea_slope
2023-11-01,LU,PEPP,1674.6666666666665,31.22556670382757,2.9260699607574545,0.3814941323362018,single_maturity_ea_slope
2023-12-01,LU,PEPP,1679.111111111111,28.018018018018147,2.41172388840779,0.4153709934384366,single_maturity_ea_slope
2024-01-01,LU,PEPP,1679.111111111111,23.959918822932522,2.4441204130463636,0.44432004337576436,single_maturity_ea_slope
2024-02-01,LU,PEPP,1679.111111111111,24.292695473251026,2.697533652131524,0.476918619891328,single_maturity_ea_slope
2024-03-01,LU,PEPP,1679.111111111111,24.678293814096286,2.71959506360585,0.5098797669182904,single_maturity_ea_slope
2024-04-01,LU,PEPP,1679.111111111111,25.03147154309945,2.810186320155762,0.544171754891419,single_maturity_ea_slope
2024-05-01,LU,PEPP,1679.111111111111,25.394904886737915,2.8810229870799544,0.5795143325107253,single_maturity_ea_slope
2024-06-01,LU,PEPP,1679.111111111111,25.769047131846396,2.8666035701805748,0.6146139217935652,single_maturity_ea_slope
2024-07-01,LU,PEPP,1679.111111111111,26.2033569149674,2.7995434749216948,0.6487108249322688,single_maturity_ea_slope
2024-08-01,LU,PEPP,1679.111111111111,26.601887058160823,2.4489770588068636,0.67723215309885,single_maturity_ea_slope
2024-09-01,LU,PEPP,1679.111111111111,27.064976001146213,2.325137803291405,0.7037941397234883,single_maturity_ea_slope
2024-10-01,LU,PEPP,1679.111111111111,27.49035872807975,2.351451328074544,0.7307695357344748,single_maturity_ea_slope
2024-11-01,LU,PEPP,1679.111111111111,27.929326532120943,2.4310954354558327,0.7590517363286423,single_maturity_ea_slope
2024-12-01,LU,PEPP,1679.111111111111,28.44022884673291,2.352425812228491,0.7860397796196289,single_maturity_ea_slope
2025-01-01,LU,PEPP,1679.111111111111,28.91031527395164,2.5705948692186062,0.8167655903909612,single_maturity_ea_slope
2025-02-01,LU,PEPP,1679.111111111111,29.39620292561469,2.4188521640734,0.8448133245240571,single_maturity_ea_slope
2025-03-01,LU,PEPP,1679.111111111111,29.898702120924344,2.5599009509899044,0.8753526341121243,single_maturity_ea_slope
2025-04-01,LU,PEPP,1453.3333333333333,0.0,2.364740460183075,0.8753526341121243,single_maturity_ea_slope
2025-05-01,LU,PEPP,1453.3333333333333,23.068783068783066,2.363659597455953,0.898976554165201,single_maturity_ea_slope
2025-06-01,LU,PEPP,1453.3333333333333,23.47114556416882,2.385291100438477,0.9229803420572112,single_maturity_ea_slope
2025-07-01,LU,PEPP,1453.3333333333333,23.840769903762027,2.381927516274608,0.9469132025266568,single_maturity_ea_slope
2025-08-01,LU,PEPP,1453.3333333333333,24.270763749721663,2.3415249354973335,0.9702033116277036,single_maturity_ea_slope
2025-09-01,LU,PEPP,1453.3333333333333,24.666214075582708,2.379525166072727,0.9941225555931656,single_maturity_ea_slope
2025-10-01,LU,PEPP,1453.3333333333333,25.074764205198985,2.373003541320637,1.017912772738222,single_maturity_ea_slope
2025-11-01,LU,PEPP,1453.3333333333333,25.55086732301922,2.4257633825992,1.0426640141211505,single_maturity_ea_slope
2025-12-01,LU,PEPP,1453.3333333333333,25.989508822126847,2.564486654331079,1.069878295956092,single_maturity_ea_slope
2026-01-01,LU,PEPP,1453.3333333333333,26.501337223437876,2.492805576809048,1.0958251829154821,single_maturity_ea_slope
2026-02-01,LU,PEPP,1453.3333333333333,26.91358024691358,2.3662925859675,1.119352357046075,single_maturity_ea_slope
2026-03-01,LU,PEPP,1453.3333333333333,27.462836986646508,2.676270634930334,1.1487725814958911,single_maturity_ea_slope
2026-04-01,LU,PEPP,1453.3333333333333,27.970233512958686,2.813236716956017,1.1808061483831145,single_maturity_ea_slope
2026-05-01,LU,PEPP,1453.3333333333333,28.49673202614379,2.8620572989662496,1.213771857218078,single_maturity_ea_slope
2026-06-01,LU,PEPP,1453.3333333333333,29.11324786324786,2.807102769956,1.2456895437713216,single_maturity_ea_slope
2026-07-01,LU,PEPP,1453.3333333333333,29.684095860566448,2.9199813233898553,1.279886679792942,single_maturity_ea_slope
2026-08-01,LU,PEPP,1453.3333333333333,30.3536619326093,3.0087005346422857,1.3159939031607226,single_maturity_ea_slope
2015-03-01,LU,PSPP,162.66666666666666,162.66666666666666,-0.09227840989206651,-0.09227840989206651,single_maturity_ea_slope
2015-04-01,LU,PSPP,344.88888888888886,184.195374413715,-0.13806281864023778,-0.11673056414629325,single_maturity_ea_slope
2015-05-01,LU,PSPP,419.55555555555554,78.95632946379217,0.07821347650307814,-0.08004396639612588,single_maturity_ea_slope
2015-06-01,LU,PSPP,651.5555555555555,237.46296296296296,0.1613705850736406,0.00794087880330613,single_maturity_ea_slope
2015-07-01,LU,PSPP,722.6666666666666,79.74327268444912,0.03014632383229865,0.010391157665888918,single_maturity_ea_slope
2015-08-01,LU,PSPP,799.1111111111111,86.08000000000001,-0.04743685240773432,0.004161942431706854,single_maturity_ea_slope
2015-09-01,LU,PSPP,921.7777777777777,133.2537243125478,-0.07074545564710466,-0.0066667952675552,single_maturity_ea_slope
2015-10-01,LU,PSPP,927.1111111111111,17.70286873024397,-0.17374704885636155,-0.009857135412603933,single_maturity_ea_slope
2015-11-01,LU,PSPP,953.7777777777777,39.290728637133824,-0.29491499402451904,-0.021600049988259682,single_maturity_ea_slope
2015-12-01,LU,PSPP,991.1111111111111,50.44908935337982,-0.2909930900364639,-0.03531257262695188,single_maturity_ea_slope
2016-01-01,LU,PSPP,1141.3333333333333,163.8289096345109,0.16832097428146342,-0.006082670213096414,single_maturity_ea_slope
2016-02-01,LU,PSPP,1239.111111111111,113.39536580915896,-0.04253347182621087,-0.009418409797619886,single_maturity_ea_slope
2016-03-01,LU,PSPP,1367.111111111111,144.76286676286676,-0.04541042508533372,-0.01322959037487943,single_maturity_ea_slope
2016-04-01,LU,PSPP,1398.2222222222222,49.84892787524363,-0.10789931047024126,-0.016604722005603267,single_maturity_ea_slope
2016-05-01,LU,PSPP,1412.4444444444443,33.641975308641925,-0.11250098520740681,-0.01888880456298487,single_maturity_ea_slope
2016-06-01,LU,PSPP,1435.5555555555554,42.86005468555801,-0.21135542357844864,-0.02463510242253016,single_maturity_ea_slope
2016-07-01,LU,PSPP,1440.888888888889,25.643966547192505,-0.3637791747983452,-0.03067095939509002,single_maturity_ea_slope
2016-08-01,LU,PSPP,1440.888888888889,20.666794160770063,-0.4018745088814614,-0.03599516406356924,single_maturity_ea_slope
2016-09-01,LU,PSPP,1449.7777777777776,29.844224678430407,-0.42312202313810277,-0.04396431708713446,single_maturity_ea_slope
2016-10-01,LU,PSPP,1452.4444444444443,24.04981973123573,-0.3589917838035406,-0.04918059493782731,single_maturity_ea_slope
2016-11-01,LU,PSPP,1519.111111111111,88.59366612989808,-0.2662264751173702,-0.06183858295651269,single_maturity_ea_slope
2016-12-01,LU,PSPP,1549.3333333333333,53.49291938997816,-0.2880356779147011,-0.0696483568163528,single_maturity_ea_slope
2017-01-01,LU,PSPP,1558.2222222222222,32.88723667905826,-0.26235546644680013,-0.07371555867868763,single_maturity_ea_slope
2017-02-01,LU,PSPP,1624.0,89.56016822683495,-0.16801712314240058,-0.0789160906844905,single_maturity_ea_slope
2017-03-01,LU,PSPP,1683.5555555555554,83.98395507420766,-0.08706456675149554,-0.07932257637822146,single_maturity_ea_slope
2017-04-01,LU,PSPP,1727.111111111111,68.78870237143629,-0.14864774459142593,-0.08208371220346662,single_maturity_ea_slope
2017-05-01,LU,PSPP,1799.111111111111,97.6552452630884,-0.07523599784537116,-0.08171202019345042,single_maturity_ea_slope
2017-06-01,LU,PSPP,1848.8888888888887,76.31333988856095,-0.09197566907675514,-0.08213565480472183,single_maturity_ea_slope
2017-07-01,LU,PSPP,1903.111111111111,81.30026687495949,0.05098066985915206,-0.07644897016639392,single_maturity_ea_slope
2017-08-01,LU,PSPP,1944.8888888888887,69.60103963612718,-0.05653626972685144,-0.07573636151277222,single_maturity_ea_slope
2017-09-01,LU,PSPP,1993.7777777777776,77.3729089370566,-0.08725024755529331,-0.07618318305236857,single_maturity_ea_slope
2017-10-01,LU,PSPP,2028.4444444444443,64.02146315927241,-0.08078997477583683,-0.07632858193051593,single_maturity_ea_slope
2017-11-01,LU,PSPP,2055.111111111111,56.69100717058073,-0.14237916661530092,-0.07815061196565194,single_maturity_ea_slope
2017-12-01,LU,PSPP,2120.0,95.14670854600209,-0.10510025647736698,-0.07936012610328143,single_maturity_ea_slope
2018-01-01,LU,PSPP,2144.0,55.43534994068802,0.03906601399644194,-0.07629809507783687,single_maturity_ea_slope
2018-02-01,LU,PSPP,2166.222222222222,54.29882306004384,0.17006207358625014,-0.07012279733132455,single_maturity_ea_slope
2018-03-01,LU,PSPP,2190.222222222222,56.821548821548824,0.08778056338741158,-0.06602626619894343,single_maturity_ea_slope
2018-04-01,LU,PSPP,2225.777777777778,68.92274358453528,0.03668955401671126,-0.06284560000239844,single_maturity_ea_slope
2018-05-01,LU,PSPP,2235.5555555555557,44.18992647564082,-0.004062793972503309,-0.06168364816897715,single_maturity_ea_slope
2018-06-01,LU,PSPP,2240.0,39.52849271116681,-0.08349667244114933,-0.06206857494172316,single_maturity_ea_slope
2018-07-01,LU,PSPP,2245.333333333333,41.02485659655801,-0.11899023373651041,-0.06310859998149203,single_maturity_ea_slope
2018-08-01,LU,PSPP,2286.222222222222,76.80272979313312,-0.11642158044808953,-0.06489958180007602,single_maturity_ea_slope
2018-09-01,LU,PSPP,2305.777777777778,56.62141518950868,-0.07928505168096533,-0.06525283599077562,single_maturity_ea_slope
2018-10-01,LU,PSPP,2309.333333333333,41.60469380271326,-0.05149241342825661,-0.06500492974049724,single_maturity_ea_slope
2018-11-01,LU,PSPP,2316.4444444444443,45.75457385095959,-0.12319906491252075,-0.06615438439796029,single_maturity_ea_slope
2018-12-01,LU,PSPP,2322.6666666666665,45.53730104850263,-0.14726198350776692,-0.06774454850157015,single_maturity_ea_slope
2019-01-01,LU,PSPP,2324.4444444444443,41.85139176443529,-0.20968255075784092,-0.07030012815970574,single_maturity_ea_slope
2019-02-01,LU,PSPP,2326.222222222222,42.5575048732944,-0.26371979611015073,-0.07383868023042262,single_maturity_ea_slope
2019-03-01,LU,PSPP,2328.0,43.287810294234326,-0.32058642044354835,-0.07842681140262055,single_maturity_ea_slope
2019-04-01,LU,PSPP,2334.222222222222,48.48801742919385,-0.37694881234967215,-0.08462790907323489,single_maturity_ea_slope
2019-05-01,LU,PSPP,2336.0,44.90826968875754,-0.4627164967484488,-0.09189644685643693,single_maturity_ea_slope
2019-06-01,LU,PSPP,2336.8888888888887,44.831703034863104,-0.5746740189935037,-0.10115822256552169,single_maturity_ea_slope
2019-07-01,LU,PSPP,2352.0,59.98224953063683,-0.6674199433594965,-0.11559940106735503,single_maturity_ea_slope
2019-08-01,LU,PSPP,2354.6666666666665,48.784313725490044,-0.8170443597997205,-0.13013203594616157,single_maturity_ea_slope
2019-09-01,LU,PSPP,2376.0,68.38902211564097,-0.7653996273956626,-0.14841710722603946,single_maturity_ea_slope
2019-10-01,LU,PSPP,2379.555555555555,51.96631350176547,-0.6805013547667846,-0.16003711616111044,single_maturity_ea_slope
2019-11-01,LU,PSPP,2407.111111111111,76.63879721305473,-0.5889359562489505,-0.17369261011761236,single_maturity_ea_slope
2019-12-01,LU,PSPP,2417.777777777778,61.19376807538046,-0.5772315901225561,-0.18390615041017594,single_maturity_ea_slope
2020-01-01,LU,PSPP,2488.8888888888887,121.73459892052833,-0.5710336970091809,-0.20284103208637513,single_maturity_ea_slope
2020-02-01,LU,PSPP,2506.6666666666665,70.82315051624519,-0.6896559032462843,-0.21659545877269354,single_maturity_ea_slope
2020-03-01,LU,PSPP,2548.4444444444443,95.7542348550101,-0.6355682041807325,-0.2323377735597029,single_maturity_ea_slope
2020-04-01,LU,PSPP,2632.0,138.2901870943109,-0.519791096996049,-0.24744110710031603,single_maturity_ea_slope
2020-05-01,LU,PSPP,2092.4444444444443,0.0,-0.5871314713741014,-0.24744110710031603,single_maturity_ea_slope
2020-06-01,LU,PSPP,2129.777777777778,72.13779847711999,-0.6053220993167414,-0.2595629102126753,single_maturity_ea_slope
2020-07-01,LU,PSPP,2189.333333333333,95.33811230585388,-0.6640102070440558,-0.2771752313791381,single_maturity_ea_slope
2020-08-01,LU,PSPP,2242.6666666666665,90.49106132609202,-0.6840974888914348,-0.29359444672968665,single_maturity_ea_slope
2020-09-01,LU,PSPP,2353.777777777778,148.79032258064535,-0.7330609993624028,-0.3213746266374771,single_maturity_ea_slope
2020-10-01,LU,PSPP,2466.6666666666665,150.53728584630676,-0.750656751757136,-0.34757312635822635,single_maturity_ea_slope
2020-11-01,LU,PSPP,2583.111111111111,155.15547185603674,-0.7326169991067432,-0.3707009211730124,single_maturity_ea_slope
2020-12-01,LU,PSPP,2656.8888888888887,113.5669199698775,-0.725500955706118,-0.385866608867232,single_maturity_ea_slope
2021-01-01,LU,PSPP,2749.333333333333,132.481950304735,-0.7126956725703711,-0.4016155001532392,single_maturity_ea_slope
2021-02-01,LU,PSPP,2814.222222222222,105.94822779769041,-0.6884737293945338,-0.41241497461453464,single_maturity_ea_slope
2021-03-01,LU,PSPP,2872.8888888888887,100.9222555889221,-0.6945774366982285,-0.42232711295937103,single_maturity_ea_slope
2021-04-01,LU,PSPP,2936.8888888888887,107.05888622435384,-0.6954447610955357,-0.4322831148116355,single_maturity_ea_slope
2021-05-01,LU,PSPP,2985.777777777778,92.6707745312399,-0.6686339034598849,-0.43961882840965294,single_maturity_ea_slope
2021-06-01,LU,PSPP,3048.8888888888887,107.62181143576467,-0.6640868995627276,-0.44754225930771685,single_maturity_ea_slope
2021-07-01,LU,PSPP,3125.333333333333,121.73394071433276,-0.6776161561039175,-0.4565038000860352,single_maturity_ea_slope
2021-08-01,LU,PSPP,3191.111111111111,112.12020561486759,-0.723304626685876,-0.4658778903307886,single_maturity_ea_slope
2021-09-01,LU,PSPP,3308.4444444444443,164.15127803860213,-0.6608669142053302,-0.47555243618155935,single_maturity_ea_slope
2021-10-01,LU,PSPP,3360.0,100.52601802513001,-0.5123009537007479,-0.4766518951501697,single_maturity_ea_slope
2021-11-01,LU,PSPP,3392.8888888888887,82.97833432717134,-0.48811882709300514,-0.4769323366687751,single_maturity_ea_slope
2021-12-01,LU,PSPP,3441.7777777777774,100.57823820163836,-0.45603598682183677,-0.47632168769950695,single_maturity_ea_slope
2022-01-01,LU,PSPP,3468.4444444444443,79.8790627362059,-0.31708510244819504,-0.4726544330016373,single_maturity_ea_slope
2022-02-01,LU,PSPP,3508.4444444444443,93.92482034273078,0.16105100263213123,-0.4556894588843006,single_maturity_ea_slope
2022-03-01,LU,PSPP,3232.8888888888887,0.0,0.31933939203757333,-0.4556894588843006,single_maturity_ea_slope
2022-04-01,LU,PSPP,3273.7777777777774,87.74235104669867,1.2170587260988155,-0.4108571982905031,single_maturity_ea_slope
2022-05-01,LU,PSPP,3307.555555555555,81.55620419017973,1.4494342992246163,-0.3649869745931978,single_maturity_ea_slope
2022-06-01,LU,PSPP,3360.0,100.88550413330765,1.9520026991987087,-0.29541832241695837,single_maturity_ea_slope
2022-07-01,LU,PSPP,3411.555555555555,100.67836257309907,1.5276997312383407,-0.24161631408660278,single_maturity_ea_slope
2022-08-01,LU,PSPP,3437.333333333333,75.65432098765436,1.5812285291414407,-0.20149623392360871,single_maturity_ea_slope
2022-09-01,LU,PSPP,3470.222222222222,82.44675124951966,2.402974593448363,-0.13961830660647534,single_maturity_ea_slope
2022-10-01,LU,PSPP,3480.8888888888887,61.13528537263251,2.753135953754367,-0.08881250301286811,single_maturity_ea_slope
2022-11-01,LU,PSPP,3506.6666666666665,77.02761418662483,2.578257875398761,-0.03022750259931304,single_maturity_ea_slope
2022-12-01,LU,PSPP,3511.111111111111,56.814018319394556,2.622377933013566,0.012694857030981941,single_maturity_ea_slope
2023-01-01,LU,PSPP,3554.6666666666665,95.80423280423291,2.676563122491516,0.08449057781042374,single_maturity_ea_slope
2023-02-01,LU,PSPP,3592.8888888888887,91.21367521367516,2.890742296936136,0.15573367515967387,single_maturity_ea_slope
2023-03-01,LU,PSPP,3622.222222222222,82.70363768402999,2.977402650386814,0.22015884685670095,single_maturity_ea_slope
2023-04-01,LU,PSPP,3640.0,71.67989417989423,2.8979667656761077,0.27289098648721133,single_maturity_ea_slope
2023-05-01,LU,PSPP,3666.6666666666665,80.64056939501765,2.8480521789950193,0.3295262041729701,single_maturity_ea_slope
2023-06-01,LU,PSPP,3677.333333333333,65.62270183852903,2.933594417418,0.37599628899665655,single_maturity_ea_slope
2023-07-01,LU,PSPP,3171.555555555555,0.0,3.0357675385012852,0.37599628899665655,single_maturity_ea_slope
2023-08-01,LU,PSPP,3171.555555555555,41.68711298048837,3.0173369789636086,0.4107142265619424,single_maturity_ea_slope
2023-09-01,LU,PSPP,3171.555555555555,42.21985563838598,3.092586751587714,0.4464154050101023,single_maturity_ea_slope
2023-10-01,LU,PSPP,3171.555555555555,42.83570442403506,3.203498474675204,0.48365315581595186,single_maturity_ea_slope
2023-11-01,LU,PSPP,3171.555555555555,43.398406616797416,2.9269187803664543,0.5170859092991279,single_maturity_ea_slope
2023-12-01,LU,PSPP,3171.555555555555,43.976089233992724,2.4121186721615264,0.5433620152733708,single_maturity_ea_slope
2024-01-01,LU,PSPP,3171.555555555555,44.64464464464464,2.44579505153,0.5701417595900463,single_maturity_ea_slope
2024-02-01,LU,PSPP,3171.555555555555,45.25621511922881,2.6980581220075237,0.6005058629350446,single_maturity_ea_slope
2024-03-01,LU,PSPP,3171.555555555555,45.88477366255143,2.7185335666837998,0.631148624852706,single_maturity_ea_slope
2024-04-01,LU,PSPP,3171.555555555555,46.61310340322686,2.8099356154582384,0.6631707734506709,single_maturity_ea_slope
2024-05-01,LU,PSPP,3171.555555555555,47.28019611740542,2.8800388570104998,0.6962188963421412,single_maturity_ea_slope
2024-06-01,LU,PSPP,3171.555555555555,47.96665994488135,2.8657752705527746,0.729031303695599,single_maturity_ea_slope
2024-07-01,LU,PSPP,3171.555555555555,48.76315429820965,2.7991817061124777,0.7608601844215658,single_maturity_ea_slope
2024-08-01,LU,PSPP,3171.555555555555,49.4936884449993,2.451642665120864,0.7872456788145011,single_maturity_ea_slope
2024-09-01,LU,PSPP,3171.555555555555,50.24644416279397,2.3298602998700484,0.8116850739516297,single_maturity_ea_slope
2024-10-01,LU,PSPP,3171.555555555555,51.121140482842605,2.356475173184283,0.8365849788393256,single_maturity_ea_slope
2024-11-01,LU,PSPP,3171.555555555555,51.9246161682311,2.4362592122453566,0.8627747992945651,single_maturity_ea_slope
2024-12-01,LU,PSPP,3171.555555555555,52.859259259259254,2.353291430515789,0.8876167431482523,single_maturity_ea_slope
2025-01-01,LU,PSPP,3171.555555555555,53.718759409816315,2.5733195580752124,0.9161686200948471,single_maturity_ea_slope
2025-02-01,LU,PSPP,3171.555555555555,54.60667278849097,2.422718703427267,0.9421078432927193,single_maturity_ea_slope
2025-03-01,LU,PSPP,3171.555555555555,55.52443199502023,2.5673140988531427,0.9705603337612141,single_maturity_ea_slope
2025-04-01,LU,PSPP,3026.6666666666665,0.0,2.314703742451067,0.9705603337612141,single_maturity_ea_slope
2025-05-01,LU,PSPP,3026.6666666666665,52.21992178513917,2.3140326447877624,0.9937396351936942,single_maturity_ea_slope
2025-06-01,LU,PSPP,3026.6666666666665,53.09941520467836,2.3426744938821433,1.017405159030334,single_maturity_ea_slope
2025-07-01,LU,PSPP,3026.6666666666665,54.00904116107542,2.335681643634391,1.0409290077920053,single_maturity_ea_slope
2025-08-01,LU,PSPP,3026.6666666666665,55.07035419699175,2.2986997540070475,1.0638142105979558,single_maturity_ea_slope
2025-09-01,LU,PSPP,3026.6666666666665,56.04938271604938,2.3400738197499997,1.0874486478044751,single_maturity_ea_slope
2025-10-01,LU,PSPP,3026.6666666666665,57.19324766943814,2.335751936338376,1.1110371453202328,single_maturity_ea_slope
2025-11-01,LU,PSPP,3026.6666666666665,58.24993584808827,2.3877204316139,1.1356076473659156,single_maturity_ea_slope
2025-12-01,LU,PSPP,3026.6666666666665,59.346405228758165,2.5195844991392855,1.1627444483810798,single_maturity_ea_slope
2026-01-01,LU,PSPP,3026.6666666666665,60.630341880341874,2.4477485975819047,1.1884857173955197,single_maturity_ea_slope
2026-02-01,LU,PSPP,3026.6666666666665,61.66802499320837,2.32524665434195,1.2116471056788618,single_maturity_ea_slope
2026-03-01,LU,PSPP,3026.6666666666665,63.05555555555555,2.6493934498166674,1.2416001545150661,single_maturity_ea_slope
2026-04-01,LU,PSPP,3026.6666666666665,64.3424036281179,2.7937338455544007,1.274596193865392,single_maturity_ea_slope
2026-05-01,LU,PSPP,3026.6666666666665,65.85436611546271,2.8432973615217496,1.3087280730572188,single_maturity_ea_slope
2026-06-01,LU,PSPP,3026.6666666666665,67.25925925925925,2.790550950291288,1.341657470329087,single_maturity_ea_slope
2026-07-01,LU,PSPP,3026.6666666666665,68.72540115046927,2.9011931123547106,1.37706926964847,single_maturity_ea_slope
2026-08-01,LU,PSPP,3026.6666666666665,70.45313469894475,2.989499899004571,1.4146025710766847,single_maturity_ea_slope
2020-03-01,LV,PEPP,24.888888888888886,24.888888888888886,-0.13645800549742831,-0.13645800549742831,single_maturity_ea_slope
2020-04-01,LV,PEPP,185.77777777777777,161.23923923923923,0.09683131378704274,0.06601719263451718,single_maturity_ea_slope
2020-05-01,LV,PEPP,352.0,167.64515250544662,0.2934319108268634,0.1743267810246849,single_maturity_ea_slope
2020-06-01,LV,PEPP,547.5555555555555,198.4006897294967,0.022769154654333205,0.11941155406632689,single_maturity_ea_slope
2020-07-01,LV,PEPP,699.5555555555555,156.618383565752,-0.17592334582350158,0.053291180546364524,single_maturity_ea_slope
2020-08-01,LV,PEPP,728.8888888888888,35.233768181136526,-0.19586570806326792,0.04124718291129663,single_maturity_ea_slope
2020-09-01,LV,PEPP,744.0,21.360158512421975,-0.21411382525101413,0.03391579633570679,single_maturity_ea_slope
2020-10-01,LV,PEPP,778.6666666666666,41.2835289932408,-0.2596604608604661,0.018350902595528715,single_maturity_ea_slope
2020-11-01,LV,PEPP,807.1111111111111,35.59867695700112,-0.2916172063888264,0.004679359202307465,single_maturity_ea_slope
2020-12-01,LV,PEPP,804.4444444444443,4.757092633472248,-0.3285777087650474,0.0027086392178156727,single_maturity_ea_slope
2021-01-01,LV,PEPP,789.3333333333333,0.0,-0.3030701032829622,0.0027086392178156727,single_maturity_ea_slope
2021-02-01,LV,PEPP,862.2222222222222,79.70523891767418,-0.26967279949791123,-0.022470748520095615,single_maturity_ea_slope
2021-03-01,LV,PEPP,982.2222222222222,127.44578775666858,-0.22344142030295006,-0.04854719537893893,single_maturity_ea_slope
2021-04-01,LV,PEPP,1145.7777777777776,172.10851813150651,-0.2410735415807612,-0.07746678588656318,single_maturity_ea_slope
2021-05-01,LV,PEPP,1193.7777777777776,57.71327380279567,-0.07352576315760939,-0.07727625685506911,single_maturity_ea_slope
2021-06-01,LV,PEPP,1209.7777777777776,26.255822833142417,0.11768971982331564,-0.07304490772947908,single_maturity_ea_slope
2021-07-01,LV,PEPP,1246.2222222222222,47.04537134400449,0.05863793498973616,-0.0680738294379102,single_maturity_ea_slope
2021-08-01,LV,PEPP,1266.6666666666665,31.504279572437085,-0.03578133208507622,-0.06727065691315029,single_maturity_ea_slope
2021-09-01,LV,PEPP,1361.7777777777776,106.5225225225225,-0.029888765632668974,-0.06434652830653019,single_maturity_ea_slope
2021-10-01,LV,PEPP,1415.111111111111,65.21621097537343,0.13924209604053794,-0.054964029241011965,single_maturity_ea_slope
2021-11-01,LV,PEPP,1444.4444444444443,41.72051042639271,0.23217211879062924,-0.04667055232410928,single_maturity_ea_slope
2021-12-01,LV,PEPP,1445.3333333333333,13.639987445072215,0.2727663719996283,-0.04365594279647903,single_maturity_ea_slope
2022-01-01,LV,PEPP,1519.111111111111,86.77070598106202,0.3414089463487454,-0.021661269704257365,single_maturity_ea_slope
2022-02-01,LV,PEPP,1588.4444444444443,83.33693870862005,0.7516822614602435,0.0189118096267635,single_maturity_ea_slope
2022-03-01,LV,PEPP,1676.4444444444443,103.14535130095771,1.1438186556644765,0.08812311704581907,single_maturity_ea_slope
2022-04-01,LV,PEPP,1680.0,19.68762295783091,1.5480462172558698,0.10523169772698757,single_maturity_ea_slope
2022-05-01,LV,PEPP,1680.0,16.317016317016314,1.9361301935451856,0.12301431715024122,single_maturity_ea_slope
2022-06-01,LV,PEPP,1680.0,16.489988221436985,2.4900451625274758,0.14624783545979397,single_maturity_ea_slope
2022-07-01,LV,PEPP,1680.0,16.646848989298455,2.3657207863120915,0.1682402348935266,single_maturity_ea_slope
2022-08-01,LV,PEPP,1680.0,16.826923076923077,2.1983923024081546,0.18857429005693432,single_maturity_ea_slope
2022-09-01,LV,PEPP,1680.0,16.990291262135923,2.9091650092831207,0.21608835477402763,single_maturity_ea_slope
2022-10-01,LV,PEPP,1680.0,17.15686274509804,3.720032103791754,0.251872094040957,single_maturity_ea_slope
2022-11-01,LV,PEPP,1680.0,17.326732673267326,3.6937079470072636,0.2873695760228702,single_maturity_ea_slope
2022-12-01,LV,PEPP,1680.0,17.521902377972467,3.476226921566316,0.3206284135859015,single_maturity_ea_slope
2023-01-01,LV,PEPP,1697.7777777777776,35.56685020471534,3.683116493907055,0.39106938144004477,single_maturity_ea_slope
2023-02-01,LV,PEPP,1714.6666666666665,35.09757376424045,3.6736228603877974,0.4582600868419302,single_maturity_ea_slope
2023-03-01,LV,PEPP,1736.8888888888887,40.90050835148869,3.8909355725058985,0.5390932208826253,single_maturity_ea_slope
2023-04-01,LV,PEPP,1596.4444444444443,0.0,3.8477520054330263,0.5390932208826253,single_maturity_ea_slope
2023-05-01,LV,PEPP,1600.0,19.66173437359888,3.7805282972234555,0.5789258680453,single_maturity_ea_slope
2023-06-01,LV,PEPP,1608.8888888888887,25.24880708929768,3.7682707489397727,0.6289772756938147,single_maturity_ea_slope
2023-07-01,LV,PEPP,1620.4444444444443,28.23143541551512,3.8021261189515556,0.6842599772633585,single_maturity_ea_slope
2023-08-01,LV,PEPP,1632.0,28.605686494575483,3.804625643910261,0.7389537284940805,single_maturity_ea_slope
2023-09-01,LV,PEPP,1637.3333333333333,22.65817409766447,3.8318179858428567,0.781754211069479,single_maturity_ea_slope
2023-10-01,LV,PEPP,1652.4444444444443,32.69415807560135,4.063955240747151,0.8466936404469433,single_maturity_ea_slope
2023-11-01,LV,PEPP,1649.7777777777776,15.170600652465861,3.9077550334565454,0.8748417586914384,single_maturity_ea_slope
2023-12-01,LV,PEPP,1655.111111111111,23.375522504131578,3.3975459594724216,0.9104705019345646,single_maturity_ea_slope
2024-01-01,LV,PEPP,1671.111111111111,34.341213553979514,3.260466208075515,0.9587627452563525,single_maturity_ea_slope
2024-02-01,LV,PEPP,1685.3333333333333,32.88968324893253,3.3174279518107306,1.004792661119002,single_maturity_ea_slope
2024-03-01,LV,PEPP,1699.5555555555554,33.22688317546229,3.3277103932425995,1.0502064846678596,single_maturity_ea_slope
2024-04-01,LV,PEPP,1552.888888888889,0.0,3.4094233840815082,1.0502064846678596,single_maturity_ea_slope
2024-05-01,LV,PEPP,1569.7777777777776,33.0446201507373,3.378056731142455,1.0992089156179572,single_maturity_ea_slope
2024-06-01,LV,PEPP,1576.0,22.71841576759627,3.3809002510896495,1.132100040245221,single_maturity_ea_slope
2024-07-01,LV,PEPP,1584.0,24.773094934014473,3.3111832651743476,1.1661799869625742,single_maturity_ea_slope
2024-08-01,LV,PEPP,1586.6666666666665,19.72093023255799,3.0639520104227276,1.1897676947390183,single_maturity_ea_slope
2024-09-01,LV,PEPP,1591.111111111111,21.751018033740674,2.9856073616405086,1.2143174202155778,single_maturity_ea_slope
2024-10-01,LV,PEPP,1597.3333333333333,23.807446703998377,2.9519044166570434,1.2402152769422101,single_maturity_ea_slope
2024-11-01,LV,PEPP,1602.6666666666665,23.176645814715442,2.9524542443539676,1.2649764808302237,single_maturity_ea_slope
2024-12-01,LV,PEPP,1604.4444444444443,19.899291421679532,2.8978803636219643,1.285228743437245,single_maturity_ea_slope
2025-01-01,LV,PEPP,1563.5555555555554,0.0,3.060190492003106,1.285228743437245,single_maturity_ea_slope
2025-02-01,LV,PEPP,1563.5555555555554,17.58384565402109,2.9845606343310003,1.3043395384315517,single_maturity_ea_slope
2025-03-01,LV,PEPP,1563.5555555555554,17.77575665706634,3.1538869777465237,1.32536668076119,single_maturity_ea_slope
2025-04-01,LV,PEPP,1563.5555555555554,17.97190293742018,3.0904984752579163,1.3456555519623017,single_maturity_ea_slope
2025-05-01,LV,PEPP,1563.5555555555554,18.197806745292777,3.0173138791219682,1.3651115380791505,single_maturity_ea_slope
2025-06-01,LV,PEPP,1563.5555555555554,18.403431680267836,2.9765043302016507,1.384078025745376,single_maturity_ea_slope
2025-07-01,LV,PEPP,1563.5555555555554,18.613756613756614,2.8707356946217386,1.4017763313272376,single_maturity_ea_slope
2025-08-01,LV,PEPP,1563.5555555555554,18.856193385860532,2.8524841786619284,1.4192716020379792,single_maturity_ea_slope
2025-09-01,LV,PEPP,1451.5555555555554,0.0,2.9154925834194088,1.4192716020379792,single_maturity_ea_slope
2025-10-01,LV,PEPP,1451.5555555555554,16.50245060886261,3.0319194187900433,1.437605478990595,single_maturity_ea_slope
2025-11-01,LV,PEPP,1451.5555555555554,16.707591569470022,3.2664744341138,1.4586559964298582,single_maturity_ea_slope
2025-12-01,LV,PEPP,1451.5555555555554,16.894268570246222,3.3933608868666663,1.4811735114489086,single_maturity_ea_slope
2026-01-01,LV,PEPP,1451.5555555555554,17.109329980617108,3.3795819667333493,1.5035498487342036,single_maturity_ea_slope
2026-02-01,LV,PEPP,1451.5555555555554,17.28042328042328,3.2392011722499996,1.524212364490344,single_maturity_ea_slope
2026-03-01,LV,PEPP,1451.5555555555554,17.50549391649247,3.4557753142291823,1.5475066595909088,single_maturity_ea_slope
2026-04-01,LV,PEPP,1451.5555555555554,17.710536304972614,3.53992468142175,1.5718162987054871,single_maturity_ea_slope
2026-05-01,LV,PEPP,1451.5555555555554,17.920438957475994,3.537970733248125,1.5960898102430503,single_maturity_ea_slope
2026-06-01,LV,PEPP,1451.5555555555554,18.16260705149594,3.4664871101353185,1.619493179861322,single_maturity_ea_slope
2026-07-01,LV,PEPP,1451.5555555555554,18.38342902172689,3.4935617069359135,1.6432275836996526,single_maturity_ea_slope
2026-08-01,LV,PEPP,1451.5555555555554,18.638361011242367,3.5753635825831664,1.668036725955476,single_maturity_ea_slope
2015-03-01,LV,PSPP,66.66666666666666,66.66666666666666,0.29058800499592563,0.29058800499592563,single_maturity_ea_slope
2015-04-01,LV,PSPP,224.0,158.27018924489414,0.1549017946212109,0.19471710234445855,single_maturity_ea_slope
2015-05-01,LV,PSPP,406.2222222222222,185.18989577813102,0.446789080973565,0.3096324883012976,single_maturity_ea_slope
2015-06-01,LV,PSPP,447.1111111111111,46.3313088007622,0.7622382049121927,0.35653316846819794,single_maturity_ea_slope
2015-07-01,LV,PSPP,466.66666666666663,25.64366981360444,0.6915786284936544,0.37494415807414083,single_maturity_ea_slope
2015-08-01,LV,PSPP,487.1111111111111,26.851180669961572,0.44207121953474093,0.3786444244281782,single_maturity_ea_slope
2015-09-01,LV,PSPP,504.0,23.722658685621674,0.4827186627427902,0.3835430705263996,single_maturity_ea_slope
2015-10-01,LV,PSPP,560.0,63.01168614357262,0.5575788861695008,0.4031257315854063,single_maturity_ea_slope
2015-11-01,LV,PSPP,587.5555555555555,35.50558394851409,0.6046253619904098,0.41530221766453923,single_maturity_ea_slope
2015-12-01,LV,PSPP,608.0,28.814181703070606,0.48483199581368575,0.4185973552654663,single_maturity_ea_slope
2016-01-01,LV,PSPP,644.4444444444445,45.34895528217146,0.44073100661233533,0.4201548796941634,single_maturity_ea_slope
2016-02-01,LV,PSPP,671.1111111111111,36.3082651772059,0.3414975263443716,0.415899381616009,single_maturity_ea_slope
2016-03-01,LV,PSPP,710.2222222222222,49.37274889568465,0.16005286303914623,0.3981136160875711,single_maturity_ea_slope
2016-04-01,LV,PSPP,777.7777777777777,78.57700531071107,0.08289573328771171,0.3662679167651196,single_maturity_ea_slope
2016-05-01,LV,PSPP,829.3333333333333,63.04754399789859,0.027840803471171516,0.3405400249056156,single_maturity_ea_slope
2016-06-01,LV,PSPP,909.3333333333333,90.45553874600773,0.16233795363726866,0.3228134511934827,single_maturity_ea_slope
2016-07-01,LV,PSPP,933.3333333333333,35.56912637828668,-0.0015961807761483704,0.31045027205291703,single_maturity_ea_slope
2016-08-01,LV,PSPP,997.3333333333333,75.82033096926713,-0.1662561773191118,0.2742095894661141,single_maturity_ea_slope
2016-09-01,LV,PSPP,1037.3333333333333,52.650093015389814,-0.2180713750871843,0.2492237553657571,single_maturity_ea_slope
2016-10-01,LV,PSPP,1117.3333333333333,91.82550539595684,-0.07147680551559071,0.22286770725982338,single_maturity_ea_slope
2016-11-01,LV,PSPP,1152.0,47.43910989178487,0.2533129796633258,0.2241214369674927,single_maturity_ea_slope
2016-12-01,LV,PSPP,1166.2222222222222,27.500230520977357,0.5253923472823834,0.23122558858204278,single_maturity_ea_slope
2017-01-01,LV,PSPP,1200.888888888889,47.62469135802476,0.5424117523836283,0.24356656795412307,single_maturity_ea_slope
2017-02-01,LV,PSPP,1250.6666666666665,63.156664686076276,0.6200754922297527,0.2625796659406299,single_maturity_ea_slope
2017-03-01,LV,PSPP,1308.4444444444443,71.40159767610753,0.6067810088945693,0.28136267649451563,single_maturity_ea_slope
2017-04-01,LV,PSPP,1346.6666666666665,52.38287638287633,0.6115576019068609,0.2942066566629275,single_maturity_ea_slope
2017-05-01,LV,PSPP,1370.6666666666665,38.70802388233581,0.5536464716177704,0.3015333122222423,single_maturity_ea_slope
2017-06-01,LV,PSPP,1402.6666666666665,46.38567030506577,0.5758619166890324,0.3106052581837765,single_maturity_ea_slope
2017-07-01,LV,PSPP,1427.5555555555554,39.77919320594482,0.6831337284108424,0.3209858573374889,single_maturity_ea_slope
2017-08-01,LV,PSPP,1449.7777777777776,37.43487733257549,0.5537311595787977,0.3269956003289228,single_maturity_ea_slope
2017-09-01,LV,PSPP,1473.7777777777776,39.44946481007862,0.41663243241812886,0.32939496141748664,single_maturity_ea_slope
2017-10-01,LV,PSPP,1516.4444444444443,58.534213800363744,0.39443109940476273,0.33190533310940307,single_maturity_ea_slope
2017-11-01,LV,PSPP,1542.2222222222222,42.210855849347446,0.37284354958328614,0.3330258182959143,single_maturity_ea_slope
2017-12-01,LV,PSPP,1548.4444444444443,23.132553606237767,0.28631329696315433,0.33232796962094924,single_maturity_ea_slope
2018-01-01,LV,PSPP,1596.4444444444443,64.60708327374994,0.329220798065605,0.33220222437994157,single_maturity_ea_slope
2018-02-01,LV,PSPP,1638.2222222222222,59.077782594037515,0.47216803938370155,0.3372496897831228,single_maturity_ea_slope
2018-03-01,LV,PSPP,1585.7777777777776,0.0,0.6121826707739838,0.3372496897831228,single_maturity_ea_slope
2018-04-01,LV,PSPP,1611.5555555555554,42.153012988205106,0.5792648196266339,0.3435800126047389,single_maturity_ea_slope
2018-05-01,LV,PSPP,1646.2222222222222,50.84694332887111,0.659648959496324,0.3533424490569198,single_maturity_ea_slope
2018-06-01,LV,PSPP,1702.2222222222222,71.98894932228265,0.7615120041221601,0.3706044122899755,single_maturity_ea_slope
2018-07-01,LV,PSPP,1738.6666666666665,52.93884582256665,0.9040253051740773,0.3868459880608309,single_maturity_ea_slope
2018-08-01,LV,PSPP,1768.0,46.20049152761624,0.7948752082124964,0.39750840351820466,single_maturity_ea_slope
2018-09-01,LV,PSPP,1787.5555555555554,36.6080246913579,0.7923654899137811,0.4055948307754735,single_maturity_ea_slope
2018-10-01,LV,PSPP,1826.6666666666665,56.19401970778115,0.871094632186632,0.41991507074689693,single_maturity_ea_slope
2018-11-01,LV,PSPP,1833.7777777777776,24.587830080367365,0.9082329468059588,0.4264625799965161,single_maturity_ea_slope
2018-12-01,LV,PSPP,1844.4444444444443,28.15119925417416,0.923088738292063,0.43404243526357134,single_maturity_ea_slope
2019-01-01,LV,PSPP,1849.7777777777776,22.980142024918067,0.8180380518655901,0.4388128860239116,single_maturity_ea_slope
2019-02-01,LV,PSPP,1837.3333333333333,5.233095480802,0.6873474862700826,0.4395207626349627,single_maturity_ea_slope
2019-03-01,LV,PSPP,1840.8888888888887,21.19508448540694,0.5808596453860517,0.4411480686494992,single_maturity_ea_slope
2019-04-01,LV,PSPP,1871.111111111111,47.34358465608483,0.48733121782321787,0.4423166127405511,single_maturity_ea_slope
2019-05-01,LV,PSPP,1896.0,41.91136988516904,0.4346849658690729,0.44214791401963155,single_maturity_ea_slope
2019-06-01,LV,PSPP,1922.6666666666665,43.63766559255266,0.27604832473224633,0.4383780466484198,single_maturity_ea_slope
2019-07-01,LV,PSPP,1952.8888888888887,47.03462749213007,0.11519578103961128,0.43059431785490837,single_maturity_ea_slope
2019-08-01,LV,PSPP,1976.8888888888887,40.86432546536173,-0.08952213214094912,0.4198429761826583,single_maturity_ea_slope
2019-09-01,LV,PSPP,2005.3333333333333,45.25472411186709,-0.12094937254409101,0.40763881633719407,single_maturity_ea_slope
2019-10-01,LV,PSPP,2048.0,59.27810912303961,0.0026652659743276463,0.3959171042715911,single_maturity_ea_slope
2019-11-01,LV,PSPP,2056.8888888888887,25.283381364072806,0.11834869005984941,0.39250521940554595,single_maturity_ea_slope
2019-12-01,LV,PSPP,2095.111111111111,54.37749153489017,0.18753374351431448,0.38718529406313373,single_maturity_ea_slope
2020-01-01,LV,PSPP,2126.222222222222,47.41294048483611,0.14239291232097667,0.38172663291973175,single_maturity_ea_slope
2020-02-01,LV,PSPP,2145.777777777778,36.02258020101896,-0.00687971216276264,0.3752028430952065,single_maturity_ea_slope
2020-03-01,LV,PSPP,2205.333333333333,76.29851574420827,-0.037648924948575024,0.36091929845005266,single_maturity_ea_slope
2020-04-01,LV,PSPP,2259.5555555555557,71.52709771918852,0.32177328706551134,0.3596801164459925,single_maturity_ea_slope
2020-05-01,LV,PSPP,2296.0,54.29243461470939,0.2808949442667896,0.35781712044897684,single_maturity_ea_slope
2020-06-01,LV,PSPP,2304.0,26.067359143846396,0.03430258466469859,0.35415689059110206,single_maturity_ea_slope
2020-07-01,LV,PSPP,2418.6666666666665,133.28936307791773,-0.15787263539230525,0.3259396540714977,single_maturity_ea_slope
2020-08-01,LV,PSPP,2449.777777777778,50.92974980880606,-0.1832956699225532,0.3153528866185128,single_maturity_ea_slope
2020-09-01,LV,PSPP,2475.555555555555,46.070834253736436,-0.1976220991585887,0.3058062676815987,single_maturity_ea_slope
2020-10-01,LV,PSPP,2530.6666666666665,75.97019061528687,-0.23517881062643056,0.2895659859959743,single_maturity_ea_slope
2020-11-01,LV,PSPP,2577.777777777778,68.82984323149122,-0.26297740844382755,0.27481239647179373,single_maturity_ea_slope
2020-12-01,LV,PSPP,2487.111111111111,0.0,-0.2886198825021889,0.27481239647179373,single_maturity_ea_slope
2021-01-01,LV,PSPP,2239.111111111111,0.0,-0.24509223394711382,0.27481239647179373,single_maturity_ea_slope
2021-02-01,LV,PSPP,2305.777777777778,83.00577284815493,-0.18564639525091864,0.2582363247271406,single_maturity_ea_slope
2021-03-01,LV,PSPP,2400.8888888888887,112.10033729573934,-0.13193217272821928,0.24001889685310046,single_maturity_ea_slope
2021-04-01,LV,PSPP,2491.555555555555,108.59445108190613,-0.1469741906675624,0.2231518027928888,single_maturity_ea_slope
2021-05-01,LV,PSPP,2557.333333333333,84.56778950896603,-0.00010500101900770553,0.2157689817327184,single_maturity_ea_slope
2021-06-01,LV,PSPP,2625.777777777778,88.04988244914684,0.18723915960092224,0.21481229472505942,single_maturity_ea_slope
2021-07-01,LV,PSPP,2666.6666666666665,61.281695488591836,0.12638823652180572,0.21278025364680542,single_maturity_ea_slope
2021-08-01,LV,PSPP,2681.777777777778,36.016306052054134,0.028539077435107085,0.21030589255513826,single_maturity_ea_slope
2021-09-01,LV,PSPP,2752.8888888888887,92.47645350895803,0.04240750320116597,0.20466576386705732,single_maturity_ea_slope
2021-10-01,LV,PSPP,2832.0,101.36207206236324,0.18351363766614898,0.20390869347855148,single_maturity_ea_slope
2021-11-01,LV,PSPP,2912.0,103.15996074582924,0.26646159918459456,0.20612468087455868,single_maturity_ea_slope
2021-12-01,LV,PSPP,2967.111111111111,79.11374876360014,0.30328422736457233,0.20871530039069733,single_maturity_ea_slope
2022-01-01,LV,PSPP,3005.333333333333,62.6308361668677,0.38390717923208245,0.2123662810455822,single_maturity_ea_slope
2022-02-01,LV,PSPP,3053.333333333333,73.06951395840285,0.7896008568902109,0.22618011834807736,single_maturity_ea_slope
2022-03-01,LV,PSPP,3131.555555555555,104.34588181610764,1.188407024184733,0.2582422718738507,single_maturity_ea_slope
2022-04-01,LV,PSPP,3249.7777777777774,145.7790292932848,1.5734063396609037,0.31723810305788513,single_maturity_ea_slope
2022-05-01,LV,PSPP,3329.7777777777774,108.7489187701502,1.9679968396170477,0.37115107855710744,single_maturity_ea_slope
2022-06-01,LV,PSPP,3347.555555555555,47.58244818395199,2.5226034186383828,0.40173201076068676,single_maturity_ea_slope
2022-07-01,LV,PSPP,3347.555555555555,30.256286655418968,2.418844159322913,0.41996332085253624,single_maturity_ea_slope
2022-08-01,LV,PSPP,3384.0,67.20111070276485,2.2392885959759425,0.45609236317461255,single_maturity_ea_slope
2022-09-01,LV,PSPP,3428.4444444444443,76.0587942202291,2.9288058011510056,0.5109486122963969,single_maturity_ea_slope
2022-10-01,LV,PSPP,3442.6666666666665,46.65170050868116,3.751814241039232,0.5548656996417657,single_maturity_ea_slope
2022-11-01,LV,PSPP,3462.222222222222,52.53128991060036,3.7086564224528344,0.6027172481974831,single_maturity_ea_slope
2022-12-01,LV,PSPP,3492.4444444444443,63.84908918242246,3.4832050888677455,0.6553785082270882,single_maturity_ea_slope
2023-01-01,LV,PSPP,3536.0,78.0386168158681,3.687634615255871,0.7222996259940552,single_maturity_ea_slope
2023-02-01,LV,PSPP,3573.333333333333,72.70748299319698,3.675224294550503,0.7823835028931018,single_maturity_ea_slope
2023-03-01,LV,PSPP,3594.6666666666665,57.559340362260215,3.8955597102385107,0.8322330120528619,single_maturity_ea_slope
2023-04-01,LV,PSPP,3444.4444444444443,0.0,3.851614040710508,0.8322330120528619,single_maturity_ea_slope
2023-05-01,LV,PSPP,3399.111111111111,0.0,3.789910861543145,0.8322330120528619,single_maturity_ea_slope
2023-06-01,LV,PSPP,3405.333333333333,39.546840958605614,3.772381688329545,0.8663775672883853,single_maturity_ea_slope
2023-07-01,LV,PSPP,3405.333333333333,33.70282396410662,3.8036526877262538,0.895447986136741,single_maturity_ea_slope
2023-08-01,LV,PSPP,3405.333333333333,34.06696011738028,3.8135696275625652,0.9246408797084279,single_maturity_ea_slope
2023-09-01,LV,PSPP,3405.333333333333,34.397306397306394,3.8407820815,0.9540968514436965,single_maturity_ea_slope
2023-10-01,LV,PSPP,3405.333333333333,34.734122127022985,4.077874147574681,0.9859591249660443,single_maturity_ea_slope
2023-11-01,LV,PSPP,3381.333333333333,10.819359236537146,3.92138018065553,0.9953516845811861,single_maturity_ea_slope
2023-12-01,LV,PSPP,3381.333333333333,34.96002205679625,3.4146383030993688,1.0203649870886113,single_maturity_ea_slope
2024-01-01,LV,PSPP,3381.333333333333,35.3104984683932,3.282637798513121,1.0439893898812649,single_maturity_ea_slope
2024-02-01,LV,PSPP,3381.333333333333,35.66807313642756,3.333464054646667,1.0681399665138112,single_maturity_ea_slope
2024-03-01,LV,PSPP,3381.333333333333,36.07910086783326,3.3393432035253996,1.0923738892305375,single_maturity_ea_slope
2024-04-01,LV,PSPP,3063.111111111111,0.0,3.4241582366022225,1.0923738892305375,single_maturity_ea_slope
2024-05-01,LV,PSPP,3063.111111111111,29.995212603908254,3.3911078037197275,1.1148840137359153,single_maturity_ea_slope
2024-06-01,LV,PSPP,3063.111111111111,30.27986468081367,3.3951755527588166,1.1374254484830773,single_maturity_ea_slope
2024-07-01,LV,PSPP,3063.111111111111,30.569971168773566,3.330070224671739,1.1593081308801698,single_maturity_ea_slope
2024-08-01,LV,PSPP,3063.111111111111,30.903058021702087,3.090653317759091,1.1787930500375439,single_maturity_ea_slope
2024-09-01,LV,PSPP,3063.111111111111,31.205288418002354,3.0163582195702228,1.1975131516016502,single_maturity_ea_slope
2024-10-01,LV,PSPP,3063.111111111111,31.552442430069128,2.9850152178109566,1.215925822246575,single_maturity_ea_slope
2024-11-01,LV,PSPP,3063.111111111111,31.867572941230865,2.9822377741198407,1.2343019349377242,single_maturity_ea_slope
2024-12-01,LV,PSPP,3063.111111111111,32.18906169725842,2.9281415789724208,1.2521018471280847,single_maturity_ea_slope
2025-01-01,LV,PSPP,3040.8888888888887,10.089076418190388,3.084661367811364,1.2581819223036732,single_maturity_ea_slope
2025-02-01,LV,PSPP,3040.8888888888887,32.363653564164416,3.009767017953,1.2768237389878934,single_maturity_ea_slope
2025-03-01,LV,PSPP,3040.8888888888887,32.7399751172361,3.187072872549492,1.297390590124431,single_maturity_ea_slope
2025-04-01,LV,PSPP,3040.8888888888887,33.081906972246394,3.1306787025830998,1.317334977770848,single_maturity_ea_slope
2025-05-01,LV,PSPP,3040.8888888888887,33.4310563862015,3.0591195730546348,1.3364838849309602,single_maturity_ea_slope
2025-06-01,LV,PSPP,3040.8888888888887,33.83276467388617,3.014906119454159,1.3551579195829762,single_maturity_ea_slope
2025-07-01,LV,PSPP,3040.8888888888887,34.19803068925876,2.911635149690101,1.3726621619368575,single_maturity_ea_slope
2025-08-01,LV,PSPP,3040.8888888888887,34.61849827970046,2.8959885245683807,1.3900042197992382,single_maturity_ea_slope
2025-09-01,LV,PSPP,2723.555555555555,0.0,2.9931086593272274,1.3900042197992382,single_maturity_ea_slope
2025-10-01,LV,PSPP,2723.555555555555,28.089475614228082,3.104413964073739,1.407685838448934,single_maturity_ea_slope
2025-11-01,LV,PSPP,2723.555555555555,28.370370370370367,3.33903944501,1.427804105183945,single_maturity_ea_slope
2025-12-01,LV,PSPP,2723.555555555555,28.693168516177362,3.4637761456166665,1.4492534524282847,single_maturity_ea_slope
2026-01-01,LV,PSPP,2723.555555555555,28.986329880327318,3.4523183849185557,1.470571725443294,single_maturity_ea_slope
2026-02-01,LV,PSPP,2723.555555555555,29.28554360812425,3.3119008791874998,1.4903709636555975,single_maturity_ea_slope
2026-03-01,LV,PSPP,2723.555555555555,29.590999082524505,3.5161680211182276,1.512380927339459,single_maturity_ea_slope
2026-04-01,LV,PSPP,2723.555555555555,29.942343398807772,3.5994243952863667,1.535325556494548,single_maturity_ea_slope
2026-05-01,LV,PSPP,2723.555555555555,30.261728395061724,3.5937153188958333,1.5581965538545621,single_maturity_ea_slope
2026-06-01,LV,PSPP,2723.555555555555,30.588000399321153,3.5191666204161822,1.580220027198695,single_maturity_ea_slope
2026-07-01,LV,PSPP,2723.555555555555,30.96356929917639,3.5445107709780874,1.6025516636673103,single_maturity_ea_slope
2026-08-01,LV,PSPP,2723.555555555555,31.305236270753507,3.62723997293373,1.6258239430841654,single_maturity_ea_slope
2020-03-01,MT,PEPP,12.444444444444443,12.444444444444443,0.15607208218668817,0.15607208218668817,single_maturity_ea_slope
2020-04-01,MT,PEPP,67.55555555555556,55.260325073274714,0.42095777769079207,0.3727481130540487,single_maturity_ea_slope
2020-05-01,MT,PEPP,109.33333333333333,42.64387464387464,0.5080723845781835,0.42552937468041024,single_maturity_ea_slope
2020-06-01,MT,PEPP,109.33333333333333,1.4191761855313259,0.5655306037705793,0.4273466284328787,single_maturity_ea_slope
2020-07-01,MT,PEPP,109.33333333333333,1.4393540459891168,0.4678983468727726,0.4278804846524666,single_maturity_ea_slope
2020-08-01,MT,PEPP,110.22222222222221,2.3420166578061283,0.3615000547482562,0.4264700243164868,single_maturity_ea_slope
2020-09-01,MT,PEPP,210.66666666666666,101.6594160297864,0.38250809424116217,0.4052557325174371,single_maturity_ea_slope
2020-10-01,MT,PEPP,211.55555555555554,3.245339299030571,0.26394575366001816,0.4030879859577835,single_maturity_ea_slope
2020-11-01,MT,PEPP,231.1111111111111,21.918776685532706,0.25633580190578586,0.3891698825187694,single_maturity_ea_slope
2020-12-01,MT,PEPP,232.0,3.5091962711010583,0.16124369337513234,0.38572230608329905,single_maturity_ea_slope
2021-01-01,MT,PEPP,235.55555555555554,6.248220365211996,0.1961042217485371,0.38069259844868747,single_maturity_ea_slope
2021-02-01,MT,PEPP,243.55555555555554,10.804232804232804,0.24437600430361822,0.3746455336840839,single_maturity_ea_slope
2021-03-01,MT,PEPP,256.88888888888886,15.976080246913561,0.2446168711347309,0.36655897004844984,single_maturity_ea_slope
2021-04-01,MT,PEPP,256.88888888888886,2.8167641325536064,0.26656627954923984,0.3654625589684146,single_maturity_ea_slope
2021-05-01,MT,PEPP,270.22222222222223,16.050009400263246,0.3613257770933419,0.36521685235170587,single_maturity_ea_slope
2021-06-01,MT,PEPP,272.0,4.661070801915866,0.3371349547102045,0.3647356328180324,single_maturity_ea_slope
2021-07-01,MT,PEPP,285.3333333333333,16.01577909270215,0.3907934678246757,0.3661982608405808,single_maturity_ea_slope
2021-08-01,MT,PEPP,321.77777777777777,38.85354047056176,0.43237447021137715,0.3741888065107429,single_maturity_ea_slope
2021-09-01,MT,PEPP,339.55555555555554,20.545044528532653,0.5493793102051634,0.3847888295128376,single_maturity_ea_slope
2021-10-01,MT,PEPP,372.4444444444444,35.52600876738805,0.7018224370848024,0.4150294167740024,single_maturity_ea_slope
2021-11-01,MT,PEPP,424.88888888888886,55.315585705965,0.6675468175764294,0.44790424191443323,single_maturity_ea_slope
2021-12-01,MT,PEPP,466.66666666666663,44.99956189128163,0.6195580462811513,0.46445641190044906,single_maturity_ea_slope
2022-01-01,MT,PEPP,482.66666666666663,19.587535875358753,0.8252463888842249,0.4790979587601995,single_maturity_ea_slope
2022-02-01,MT,PEPP,515.5555555555555,36.63746505125818,1.2240368460120454,0.5320363320410431,single_maturity_ea_slope
2022-03-01,MT,PEPP,541.3333333333333,29.66582872465219,1.2818916228236978,0.5731294575791572,single_maturity_ea_slope
2022-04-01,MT,PEPP,542.2222222222222,5.004866180048686,1.724028565270355,0.5837525854862448,single_maturity_ea_slope
2022-05-01,MT,PEPP,540.4444444444445,2.356273931754324,1.9965274801745874,0.5899121171273055,single_maturity_ea_slope
2022-06-01,MT,PEPP,541.3333333333333,5.039767878477468,2.607732959387456,0.6086978597357016,single_maturity_ea_slope
2022-07-01,MT,PEPP,535.1111111111111,0.0,2.6423464020399505,0.6086978597357016,single_maturity_ea_slope
2022-08-01,MT,PEPP,536.0,4.998805256869798,2.6354285232661976,0.6275994117788274,single_maturity_ea_slope
2022-09-01,MT,PEPP,536.8888888888889,5.040066088393251,3.310872647111255,0.6527887474480388,single_maturity_ea_slope
2022-10-01,MT,PEPP,537.7777777777777,5.078096823415088,3.8121482336768673,0.6826217640470894,single_maturity_ea_slope
2022-11-01,MT,PEPP,538.6666666666666,5.11670160726767,3.4426790095981397,0.7088390709984417,single_maturity_ea_slope
2022-12-01,MT,PEPP,539.5555555555555,5.159953483454935,3.589796410976238,0.7363906469372661,single_maturity_ea_slope
2023-01-01,MT,PEPP,539.5555555555555,4.315063624084737,3.551315836243767,0.7589028445484827,single_maturity_ea_slope
2023-02-01,MT,PEPP,539.5555555555555,4.3484490293000935,3.610459601122779,0.7818844431669086,single_maturity_ea_slope
2023-03-01,MT,PEPP,539.5555555555555,4.382355064616273,3.58138985509077,0.8046224663306827,single_maturity_ea_slope
2023-04-01,MT,PEPP,539.5555555555555,4.41679400422033,3.6022940304855107,0.8275241654478636,single_maturity_ea_slope
2023-05-01,MT,PEPP,539.5555555555555,4.456190581066696,3.6418408939167355,0.8507676138164534,single_maturity_ea_slope
2023-06-01,MT,PEPP,539.5555555555555,4.4918044918044915,3.680126169247682,0.8743220473448519,single_maturity_ea_slope
2023-07-01,MT,PEPP,536.0,0.9407407407407531,3.78,0.8794218414298048,single_maturity_ea_slope
2023-08-01,MT,PEPP,536.0,4.5072317524386145,3.7880366865153476,0.9038804257308941,single_maturity_ea_slope
2023-09-01,MT,PEPP,536.0,4.543913190912173,3.9261902593457143,0.9295019061786293,single_maturity_ea_slope
2023-10-01,MT,PEPP,536.0,4.581196581196581,4.17151286169053,0.9572114015248848,single_maturity_ea_slope
2023-11-01,MT,PEPP,536.0,4.619096863150638,3.8495434916845,0.9821367039219862,single_maturity_ea_slope
2023-12-01,MT,PEPP,536.0,4.6624913013221985,3.2936845810833684,1.002244114126939,single_maturity_ea_slope
2024-01-01,MT,PEPP,536.8888888888889,5.595597705186772,3.3554184540800454,1.0267695181892145,single_maturity_ea_slope
2024-02-01,MT,PEPP,537.7777777777777,5.648542159180368,3.458132587041905,1.052307309757024,single_maturity_ea_slope
2024-03-01,MT,PEPP,539.5555555555555,6.591399132752566,3.3808889545353997,1.080754076500315,single_maturity_ea_slope
2024-04-01,MT,PEPP,539.5555555555555,4.871393603787969,3.4447870301312227,1.1020978193102726,single_maturity_ea_slope
2024-05-01,MT,PEPP,540.4444444444445,5.80825026339252,3.5075521551670907,1.1279496546347731,single_maturity_ea_slope
2024-06-01,MT,PEPP,541.3333333333333,5.865357069776871,3.522876926828583,1.153898737653671,single_maturity_ea_slope
2024-07-01,MT,PEPP,543.1111111111111,6.806887154713291,3.4625892917647825,1.182833877729956,single_maturity_ea_slope
2024-08-01,MT,PEPP,544.0,5.985652318985677,3.322489491890909,1.2063765883710098,single_maturity_ea_slope
2024-09-01,MT,PEPP,544.8888888888889,6.046264694728884,3.171095299824159,1.228177747510731,single_maturity_ea_slope
2024-10-01,MT,PEPP,520.8888888888889,0.0,3.1612368201187824,1.228177747510731,single_maturity_ea_slope
2024-11-01,MT,PEPP,520.8888888888889,4.759584145549058,3.202346352374603,1.2462165688271039,single_maturity_ea_slope
2024-12-01,MT,PEPP,520.8888888888889,4.801704359226484,3.0181236308277892,1.2625505203573462,single_maturity_ea_slope
2025-01-01,MT,PEPP,520.8888888888889,4.849989654458929,3.287330683905682,1.2814032220663623,single_maturity_ea_slope
2025-02-01,MT,PEPP,520.8888888888889,4.888221554888221,3.192782977008,1.299340344391265,single_maturity_ea_slope
2025-03-01,MT,PEPP,520.8888888888889,4.938271604938272,3.432061139727825,1.319559540403178,single_maturity_ea_slope
2025-04-01,MT,PEPP,520.8888888888889,4.983628864225879,3.24357928475735,1.337967689507217,single_maturity_ea_slope
2025-05-01,MT,PEPP,520.8888888888889,5.035662112228238,3.2926384342212383,1.3568643517724337,single_maturity_ea_slope
2025-06-01,MT,PEPP,520.8888888888889,5.082834591031313,3.2332521651008252,1.3751741469844594,single_maturity_ea_slope
2025-07-01,MT,PEPP,500.4444444444444,0.0,3.386279563956261,1.3751741469844594,single_maturity_ea_slope
2025-08-01,MT,PEPP,500.4444444444444,4.749852358052814,3.415263432825905,1.3945371812084673,single_maturity_ea_slope
2025-09-01,MT,PEPP,500.4444444444444,4.799045305374419,3.4162143954746815,1.41392418940051,single_maturity_ea_slope
2025-10-01,MT,PEPP,500.4444444444444,4.843635737944681,3.305643442740884,1.4322335124099985,single_maturity_ea_slope
2025-11-01,MT,PEPP,491.55555555555554,0.0,3.3268304420314503,1.4322335124099985,single_maturity_ea_slope
2025-12-01,MT,PEPP,491.55555555555554,4.752083870413337,3.5904359239,1.4530978048644647,single_maturity_ea_slope
2026-01-01,MT,PEPP,491.55555555555554,4.7965998785670925,3.5302695124336823,1.4733668496299723,single_maturity_ea_slope
2026-02-01,MT,PEPP,491.55555555555554,4.841957797040538,3.4207232684216664,1.4925488474510096,single_maturity_ea_slope
2026-03-01,MT,PEPP,491.55555555555554,4.888181737823742,3.6721854910779093,1.5142238339628127,single_maturity_ea_slope
2026-04-01,MT,PEPP,491.55555555555554,4.935296742525658,3.756124575201167,1.536732877549543,single_maturity_ea_slope
2026-05-01,MT,PEPP,491.55555555555554,4.989398655659313,3.7866201683294167,1.559569735961844,single_maturity_ea_slope
2026-06-01,MT,PEPP,491.55555555555554,5.0384948293927385,3.7489308450303334,1.582010911741554,single_maturity_ea_slope
2026-07-01,MT,PEPP,479.1111111111111,0.0,3.851203527480348,1.582010911741554,single_maturity_ea_slope
2026-08-01,MT,PEPP,479.1111111111111,4.863084765642621,3.7745307460186828,1.604265477659917,single_maturity_ea_slope
2015-03-01,MT,PSPP,4.444444444444445,4.444444444444445,1.328309675751548,1.328309675751548,single_maturity_ea_slope
2015-04-01,MT,PSPP,51.55555555555555,47.15483842756569,1.0531355647708893,1.0766240794483628,single_maturity_ea_slope
2015-05-01,MT,PSPP,127.1111111111111,75.94436065024298,1.5654381716380654,1.3686730858938025,single_maturity_ea_slope
2015-06-01,MT,PSPP,185.77777777777777,59.54938271604939,1.9403909165225894,1.551932054264214,single_maturity_ea_slope
2015-07-01,MT,PSPP,207.1111111111111,22.73564143853997,1.871059574612222,1.5869643074199138,single_maturity_ea_slope
2015-08-01,MT,PSPP,216.88888888888889,11.42151675485011,1.613032108228432,1.5883370555824494,single_maturity_ea_slope
2015-09-01,MT,PSPP,232.88888888888889,17.807407407407407,1.61,1.5899934715614505,single_maturity_ea_slope
2015-10-01,MT,PSPP,242.66666666666666,11.778541428025958,1.3328400729914405,1.5775117739306215,single_maturity_ea_slope
2015-11-01,MT,PSPP,244.44444444444443,3.884259259259253,1.2351283937070574,1.5720712501425993,single_maturity_ea_slope
2015-12-01,MT,PSPP,250.66666666666666,8.339724339724345,1.2376238583324075,1.560944126257612,single_maturity_ea_slope
2016-01-01,MT,PSPP,304.0,55.51380190211089,1.1929797095323535,1.4937497060697442,single_maturity_ea_slope
2016-02-01,MT,PSPP,322.66666666666663,21.3249387897866,1.1044870907487923,1.468023461922415,single_maturity_ea_slope
2016-03-01,MT,PSPP,376.0,55.93380614657214,1.057021743480784,1.4068827958446963,single_maturity_ea_slope
2016-04-01,MT,PSPP,429.3333333333333,56.423405654174864,1.0105181847474902,1.3547921718410545,single_maturity_ea_slope
2016-05-01,MT,PSPP,488.0,62.05471380471382,1.062988420349039,1.3176860278124094,single_maturity_ea_slope
2016-06-01,MT,PSPP,520.8888888888889,36.63351749539597,1.00377014103922,1.2956086839191296,single_maturity_ea_slope
2016-07-01,MT,PSPP,531.5555555555555,14.656318082788633,0.8124616799526029,1.2822871108551837,single_maturity_ea_slope
2016-08-01,MT,PSPP,541.3333333333333,13.898363479758764,0.6540645764207977,1.2661579265022076,single_maturity_ea_slope
2016-09-01,MT,PSPP,547.5555555555555,10.395312981807031,0.652344523238898,1.2545047118199528,single_maturity_ea_slope
2016-10-01,MT,PSPP,580.4444444444445,36.99596626329302,0.6660942158658163,1.217001010878992,single_maturity_ea_slope
2016-11-01,MT,PSPP,668.4444444444445,92.1915398934463,0.9479441865704074,1.179892821622569,single_maturity_ea_slope
2016-12-01,MT,PSPP,717.3333333333333,53.71589960844718,0.9407690030573598,1.1619865701838552,single_maturity_ea_slope
2017-01-01,MT,PSPP,743.1111111111111,30.97132927888797,1.2940712820385487,1.1674915869201035,single_maturity_ea_slope
2017-02-01,MT,PSPP,786.6666666666666,49.001987035408305,1.4347175986275724,1.184137271955544,single_maturity_ea_slope
2017-03-01,MT,PSPP,813.3333333333333,32.47832939322297,1.6579410827262993,1.203057382079286,single_maturity_ea_slope
2017-04-01,MT,PSPP,824.0,16.712855585290985,1.526738691772224,1.2096224779343296,single_maturity_ea_slope
2017-05-01,MT,PSPP,835.5555555555555,17.702974236546293,1.4686490231054459,1.2151104915382807,single_maturity_ea_slope
2017-06-01,MT,PSPP,849.7777777777777,20.534971961989136,1.3331094080239345,1.2179619481248656,single_maturity_ea_slope
2017-07-01,MT,PSPP,859.5555555555555,16.233093622337062,1.4405562427797847,1.2221657415871694,single_maturity_ea_slope
2017-08-01,MT,PSPP,883.5555555555555,30.547498137991738,1.3070920722384525,1.2251019315201335,single_maturity_ea_slope
2017-09-01,MT,PSPP,902.2222222222222,25.477918251276215,1.3286554494525151,1.228026186764052,single_maturity_ea_slope
2017-10-01,MT,PSPP,915.5555555555555,20.32080407545095,1.304726850784601,1.2297285620667422,single_maturity_ea_slope
2017-11-01,MT,PSPP,894.2222222222222,0.0,1.2567096410270082,1.2297285620667422,single_maturity_ea_slope
2017-12-01,MT,PSPP,912.8888888888888,25.135288065843582,1.1875787798391024,1.2285680189479693,single_maturity_ea_slope
2018-01-01,MT,PSPP,919.1111111111111,12.86624615882264,1.3930657728593,1.2308707531536718,single_maturity_ea_slope
2018-02-01,MT,PSPP,923.5555555555555,11.174900735533438,1.4674682384899138,1.2337335516036458,single_maturity_ea_slope
2018-03-01,MT,PSPP,951.1111111111111,34.42111871014635,1.3099930391777592,1.2364934151399858,single_maturity_ea_slope
2018-04-01,MT,PSPP,954.6666666666666,10.676782802568953,1.3106996188358058,1.2373233210612116,single_maturity_ea_slope
2018-05-01,MT,PSPP,969.7777777777777,22.37645865043123,1.3815886262186046,1.2406520698833834,single_maturity_ea_slope
2018-06-01,MT,PSPP,984.8888888888888,22.607847179275726,1.4247277414476276,1.2448774751032978,single_maturity_ea_slope
2018-07-01,MT,PSPP,975.1111111111111,0.0,1.4027921579073954,1.2448774751032978,single_maturity_ea_slope
2018-08-01,MT,PSPP,982.2222222222222,14.61427447761702,1.515852385441401,1.2489092528686891,single_maturity_ea_slope
2018-09-01,MT,PSPP,984.0,9.377764022146616,1.5705890874839221,1.25197494146595,single_maturity_ea_slope
2018-10-01,MT,PSPP,1008.0,31.550644567219152,1.6143192797281272,1.2633164071677896,single_maturity_ea_slope
2018-11-01,MT,PSPP,1024.0,23.90960451977401,1.5818565584112703,1.2707540722458177,single_maturity_ea_slope
2018-12-01,MT,PSPP,1025.7777777777778,9.85858585858591,1.4279378289485143,1.272264740145434,single_maturity_ea_slope
2019-01-01,MT,PSPP,1028.4444444444443,10.82329657902162,1.280321075159415,1.2723495246018692,single_maturity_ea_slope
2019-02-01,MT,PSPP,1029.3333333333333,9.137561045164533,1.1936346326513365,1.2716507595788498,single_maturity_ea_slope
2019-03-01,MT,PSPP,1035.5555555555554,14.53402239448746,1.0495751029924838,1.2685339277017176,single_maturity_ea_slope
2019-04-01,MT,PSPP,1036.4444444444443,9.324499475037133,1.0134950524695996,1.2662394392021523,single_maturity_ea_slope
2019-05-01,MT,PSPP,1036.4444444444443,8.509396095602991,0.9613912694582162,1.2637365806656669,single_maturity_ea_slope
2019-06-01,MT,PSPP,1051.5555555555554,23.800283180564847,0.720308549976717,1.2514369537459835,single_maturity_ea_slope
2019-07-01,MT,PSPP,1043.5555555555554,0.798155585304178,0.5155379388118819,1.2508741069422247,single_maturity_ea_slope
2019-08-01,MT,PSPP,1051.5555555555554,16.61019435276861,0.21548357431097656,1.2345192525675213,single_maturity_ea_slope
2019-09-01,MT,PSPP,1014.2222222222222,0.0,0.21622916782169263,1.2345192525675213,single_maturity_ea_slope
2019-10-01,MT,PSPP,1021.3333333333333,15.13756111286973,0.28094318277322755,1.2203859470528857,single_maturity_ea_slope
2019-11-01,MT,PSPP,1023.1111111111111,9.937999360818203,0.3911437481115494,1.212331095186315,single_maturity_ea_slope
2019-12-01,MT,PSPP,1024.888888888889,10.023354108460541,0.4133466767128966,1.2045170737442603,single_maturity_ea_slope
2020-01-01,MT,PSPP,1024.888888888889,8.332429990966576,0.3914059550425974,1.1979064142426208,single_maturity_ea_slope
2020-02-01,MT,PSPP,1039.111111111111,22.67840117345063,0.2643579326101628,1.1775318972588804,single_maturity_ea_slope
2020-03-01,MT,PSPP,1053.3333333333333,22.74511519393404,0.40500907648268825,1.1608504537001805,single_maturity_ea_slope
2020-04-01,MT,PSPP,1043.5555555555554,0.0,0.5817319153349808,1.1608504537001805,single_maturity_ea_slope
2020-05-01,MT,PSPP,1064.0,29.01222404670693,0.7026986211636699,1.1483579691015353,single_maturity_ea_slope
2020-06-01,MT,PSPP,1056.888888888889,1.6159230096238222,0.7632565314344946,1.1477691709026823,single_maturity_ea_slope
2020-07-01,MT,PSPP,1056.888888888889,8.746184118577366,0.6474384371694795,1.1436287311994946,single_maturity_ea_slope
2020-08-01,MT,PSPP,1058.6666666666665,10.611686912589443,0.5370335729841831,1.137548443508997,single_maturity_ea_slope
2020-09-01,MT,PSPP,1069.3333333333333,19.444997236042084,0.5074815840345094,1.1260911663821238,single_maturity_ea_slope
2020-10-01,MT,PSPP,1069.3333333333333,8.94689870593485,0.3821167961358435,1.1198664812227674,single_maturity_ea_slope
2020-11-01,MT,PSPP,1079.111111111111,18.852229011088532,0.36194505682796907,1.1066254830364093,single_maturity_ea_slope
2020-12-01,MT,PSPP,1079.111111111111,9.232641265495475,0.2593295699160507,1.0993762024655644,single_maturity_ea_slope
2021-01-01,MT,PSPP,1079.111111111111,9.318748800614085,0.3002434317773007,1.092475228625424,single_maturity_ea_slope
2021-02-01,MT,PSPP,1085.3333333333333,15.638549544308654,0.38770640064554274,1.0823202265673948,single_maturity_ea_slope
2021-03-01,MT,PSPP,1088.888888888889,13.116279069767542,0.3638332372468771,1.073665646696035,single_maturity_ea_slope
2021-04-01,MT,PSPP,1092.4444444444443,13.250079138967902,0.3937510078797972,1.0654190737761284,single_maturity_ea_slope
2021-05-01,MT,PSPP,1118.2222222222222,35.31045181306966,0.49419650928868114,1.047381400729542,single_maturity_ea_slope
2021-06-01,MT,PSPP,1118.2222222222222,9.850442408581943,0.4598414956819683,1.0422057496984674,single_maturity_ea_slope
2021-07-01,MT,PSPP,1152.0,43.48456790123462,0.46439831427733563,1.0203952404455086,single_maturity_ea_slope
2021-08-01,MT,PSPP,1085.3333333333333,0.0,0.4581200491651473,1.0203952404455086,single_maturity_ea_slope
2021-09-01,MT,PSPP,1096.0,19.47333116953378,0.5831522301398147,1.0126264649516703,single_maturity_ea_slope
2021-10-01,MT,PSPP,1126.2222222222222,38.7900771315405,0.6987709705150268,1.001816450198691,single_maturity_ea_slope
2021-11-01,MT,PSPP,1163.5555555555554,46.1457137889062,0.6621054708946656,0.9883437753899426,single_maturity_ea_slope
2021-12-01,MT,PSPP,1209.7777777777776,54.88736636547176,0.6255293687621919,0.9718829611602184,single_maturity_ea_slope
2022-01-01,MT,PSPP,1209.7777777777776,9.074240757409074,0.8333612995970113,0.970843944796858,single_maturity_ea_slope
2022-02-01,MT,PSPP,1220.4444444444443,19.865098675317725,1.2284594139336489,0.9750371358413059,single_maturity_ea_slope
2022-03-01,MT,PSPP,1246.2222222222222,34.8422789991418,1.2854359808046774,0.9837153659068395,single_maturity_ea_slope
2022-04-01,MT,PSPP,1253.3333333333333,16.441915410468845,1.7265127903703137,0.9934597907101446,single_maturity_ea_slope
2022-05-01,MT,PSPP,1246.2222222222222,2.0587259779533955,2.004702362841588,0.9951303365535232,single_maturity_ea_slope
2022-06-01,MT,PSPP,1256.0,18.960081212954826,2.617329619761844,1.0196184178857104,single_maturity_ea_slope
2022-07-01,MT,PSPP,1260.4444444444443,13.715185513236786,2.6548675899263827,1.0374119397293409,single_maturity_ea_slope
2022-08-01,MT,PSPP,1253.3333333333333,2.184201901016083,2.64889068264242,1.040220286750924,single_maturity_ea_slope
2022-09-01,MT,PSPP,1258.6666666666665,14.650411339082092,3.317310398690288,1.066724767785936,single_maturity_ea_slope
2022-10-01,MT,PSPP,1264.0,14.757312568633473,3.8201875059630295,1.09887169047056,single_maturity_ea_slope
2022-11-01,MT,PSPP,1272.0,17.515206263173745,3.4447775671166827,1.131174383319183,single_maturity_ea_slope
2022-12-01,MT,PSPP,1273.7777777777776,11.449310624492929,3.5896167736023306,1.1532720137456445,single_maturity_ea_slope
2023-01-01,MT,PSPP,1283.5555555555554,19.525082474577474,3.5527883196594106,1.1897727741290014,single_maturity_ea_slope
2023-02-01,MT,PSPP,1286.2222222222222,12.561482851954713,3.611094932086621,1.2134198517807104,single_maturity_ea_slope
2023-03-01,MT,PSPP,1288.0,11.767077422249887,3.5839022854471616,1.2350764125920741,single_maturity_ea_slope
2023-04-01,MT,PSPP,1288.888888888889,10.957681884511178,3.608411445113539,1.2552536757494557,single_maturity_ea_slope
2023-05-01,MT,PSPP,1288.0,9.253453642499888,3.6520680823430416,1.2724732495080655,single_maturity_ea_slope
2023-06-01,MT,PSPP,1288.888888888889,11.10138492441064,3.686434631631773,1.293265045237424,single_maturity_ea_slope
2023-07-01,MT,PSPP,1280.888888888889,2.2195439968988975,3.7835028511933997,1.2975801676660796,single_maturity_ea_slope
2023-08-01,MT,PSPP,1280.888888888889,10.243833084524065,3.7967381833795653,1.3175670359939227,single_maturity_ea_slope
2023-09-01,MT,PSPP,1280.888888888889,10.323089046493303,3.936159190500229,1.338671099134689,single_maturity_ea_slope
2023-10-01,MT,PSPP,1280.888888888889,10.413730803974707,4.186994877779773,1.3618282030261126,single_maturity_ea_slope
2023-11-01,MT,PSPP,1267.5555555555554,0.0,3.8672863570231817,1.3618282030261126,single_maturity_ea_slope
2023-12-01,MT,PSPP,1267.5555555555554,10.386394260533887,3.3157348490309158,1.3778385819674825,single_maturity_ea_slope
2024-01-01,MT,PSPP,1267.5555555555554,10.479129923574366,3.382875900758909,1.3944146180024646,single_maturity_ea_slope
2024-02-01,MT,PSPP,1267.5555555555554,10.562962962962962,3.48,1.4117944961857773,single_maturity_ea_slope
2024-03-01,MT,PSPP,1267.5555555555554,10.648148148148147,3.3977842266127998,1.4284778776577787,single_maturity_ea_slope
2024-04-01,MT,PSPP,1267.5555555555554,10.734718458295694,3.4647609413259683,1.445722822302665,single_maturity_ea_slope
2024-05-01,MT,PSPP,1267.5555555555554,10.8338081671415,3.5234744637113633,1.4634813833403462,single_maturity_ea_slope
2024-06-01,MT,PSPP,1267.5555555555554,10.923436362939983,3.54057830089835,1.4813812188932416,single_maturity_ea_slope
2024-07-01,MT,PSPP,1254.2222222222222,0.0,3.4894668879726085,1.4813812188932416,single_maturity_ea_slope
2024-08-01,MT,PSPP,1254.2222222222222,10.85342871428022,3.3610009928568183,1.4976465336558202,single_maturity_ea_slope
2024-09-01,MT,PSPP,1254.2222222222222,10.955819551207393,3.21380482472654,1.5126374341718116,single_maturity_ea_slope
2024-10-01,MT,PSPP,1237.3333333333333,0.0,3.187123446475478,1.5126374341718116,single_maturity_ea_slope
2024-11-01,MT,PSPP,1232.0,5.418607345614721,3.227797732356349,1.5201810869239623,single_maturity_ea_slope
2024-12-01,MT,PSPP,1232.0,10.807017543859649,3.0429810577228067,1.5335389814046536,single_maturity_ea_slope
2025-01-01,MT,PSPP,1232.0,10.898796886058033,3.315382663490758,1.54930192975998,single_maturity_ea_slope
2025-02-01,MT,PSPP,1232.0,10.99214846538187,3.2203899685939996,1.5642117088359437,single_maturity_ea_slope
2025-03-01,MT,PSPP,1232.0,11.087113030957523,3.470103506940984,1.581363362886565,single_maturity_ea_slope
2025-04-01,MT,PSPP,1232.0,11.195928753180663,3.2886595398051166,1.5968785953194853,single_maturity_ea_slope
2025-05-01,MT,PSPP,1232.0,11.294462779611294,3.3394209964792223,1.612853498153733,single_maturity_ea_slope
2025-06-01,MT,PSPP,1232.0,11.394746577876433,3.277273728390286,1.6282476919221065,single_maturity_ea_slope
2025-07-01,MT,PSPP,1220.4444444444443,0.0,3.402240326909768,1.6282476919221065,single_maturity_ea_slope
2025-08-01,MT,PSPP,1220.4444444444443,11.37625321070511,3.431622326881524,1.645057671740893,single_maturity_ea_slope
2025-09-01,MT,PSPP,1220.4444444444443,11.491943921322452,3.4325546219815903,1.661889093117924,single_maturity_ea_slope
2025-10-01,MT,PSPP,1220.4444444444443,11.596773512394948,3.321108945734739,1.6776551502503527,single_maturity_ea_slope
2025-11-01,MT,PSPP,1187.5555555555554,0.0,3.3535649197300503,1.6776551502503527,single_maturity_ea_slope
2025-12-01,MT,PSPP,1187.5555555555554,11.106954316830858,3.6176631572833333,1.695799632171724,single_maturity_ea_slope
2026-01-01,MT,PSPP,1187.5555555555554,11.220290585369948,3.557067140186127,1.7133853040161535,single_maturity_ea_slope
2026-02-01,MT,PSPP,1187.5555555555554,11.310052910052908,3.448833821770833,1.7299133851376265,single_maturity_ea_slope
2026-03-01,MT,PSPP,1187.5555555555554,11.427593875630826,3.694276887681727,1.74881603623986,single_maturity_ea_slope
2026-04-01,MT,PSPP,1187.5555555555554,11.534144867478199,3.7781746451680336,1.7685262014392398,single_maturity_ea_slope
2026-05-01,MT,PSPP,1187.5555555555554,11.656414954412599,3.8074840526130833,1.7885395293855868,single_maturity_ea_slope
2026-06-01,MT,PSPP,1187.5555555555554,11.767296428414143,3.7685561730471817,1.8081591948994753,single_maturity_ea_slope
2026-07-01,MT,PSPP,1176.0,0.18382320636188432,3.8609295544702613,1.8084800680537447,single_maturity_ea_slope
2026-08-01,MT,PSPP,1176.0,11.750599520383693,3.78364303820727,1.8282159090824572,single_maturity_ea_slope
2020-03-01,NL,PEPP,632.8888888888888,632.8888888888888,-0.3404524278684164,-0.3404524278684164,single_maturity_ea_slope
2020-04-01,NL,PEPP,4078.222222222222,3457.457641549596,-0.48101922973866895,-0.4596229234403005,single_maturity_ea_slope
2020-05-01,NL,PEPP,9234.666666666666,5243.809959059316,-0.5823614073340042,-0.5293187021222574,single_maturity_ea_slope
2020-06-01,NL,PEPP,14392.888888888889,5380.637122671806,-0.5784222724225685,-0.5476755792754983,single_maturity_ea_slope
2020-07-01,NL,PEPP,18377.777777777777,4318.057613168724,-0.6318498447763639,-0.5674532331558494,single_maturity_ea_slope
2020-08-01,NL,PEPP,21190.222222222223,3229.741850842669,-0.6460139146305888,-0.5794271859595911,single_maturity_ea_slope
2020-09-01,NL,PEPP,24706.666666666664,3966.916855631139,-0.6764330727684427,-0.5950025079028243,single_maturity_ea_slope
2020-10-01,NL,PEPP,28222.22222222222,4035.476992143658,-0.7420422283179652,-0.6160276208083316,single_maturity_ea_slope
2020-11-01,NL,PEPP,31737.777777777777,4091.989832970228,-0.7520301408382253,-0.6335625891705564,single_maturity_ea_slope
2020-12-01,NL,PEPP,34551.11111111111,3440.066701772862,-0.7477516133340046,-0.6449317708582125,single_maturity_ea_slope
2021-01-01,NL,PEPP,37294.22222222222,3391.5929262595914,-0.7298885938890516,-0.6526578727276112,single_maturity_ea_slope
2021-02-01,NL,PEPP,40107.555555555555,3460.802469135805,-0.6687569149314311,-0.6540470275698335,single_maturity_ea_slope
2021-03-01,NL,PEPP,43576.0,4125.084188314052,-0.6539701604230437,-0.6540397510081521,single_maturity_ea_slope
2021-04-01,NL,PEPP,47661.33333333333,4738.450839328532,-0.6154447610955357,-0.650202668628054,single_maturity_ea_slope
2021-05-01,NL,PEPP,51594.666666666664,4590.912435614425,-0.5036305102520895,-0.637160624012272,single_maturity_ea_slope
2021-06-01,NL,PEPP,55319.11111111111,4390.010319917442,-0.500075434965267,-0.6262818267478794,single_maturity_ea_slope
2021-07-01,NL,PEPP,59507.555555555555,4845.129049277199,-0.5717325586338492,-0.6218404034514822,single_maturity_ea_slope
2021-08-01,NL,PEPP,62657.777777777774,3866.8353671590635,-0.6603407708648943,-0.6242163987012785,single_maturity_ea_slope
2021-09-01,NL,PEPP,66091.55555555555,4161.0036108531895,-0.5265817587788353,-0.6180695001172357,single_maturity_ea_slope
2021-10-01,NL,PEPP,69256.0,3910.7357221720445,-0.3570793519417571,-0.6033319539753156,single_maturity_ea_slope
2021-11-01,NL,PEPP,72440.0,3960.76087931808,-0.41699511397517275,-0.5931437200403581,single_maturity_ea_slope
2021-12-01,NL,PEPP,74926.22222222222,3304.198735320683,-0.44541447385888194,-0.5866289542624309,single_maturity_ea_slope
2022-01-01,NL,PEPP,74572.44444444444,467.78167641325217,-0.22487469693563153,-0.5843597244657861,single_maturity_ea_slope
2022-02-01,NL,PEPP,74596.44444444444,810.6291608063758,0.1531799469442827,-0.576344983691622,single_maturity_ea_slope
2022-03-01,NL,PEPP,75709.33333333333,1906.8059221418112,0.24624324031104305,-0.5556273782399067,single_maturity_ea_slope
2022-04-01,NL,PEPP,75986.66666666666,1086.1937321937273,0.785120655196204,-0.5364620144431524,single_maturity_ea_slope
2022-05-01,NL,PEPP,76556.44444444444,1392.144300144303,0.9667460881365684,-0.5091268553050383,single_maturity_ea_slope
2022-06-01,NL,PEPP,76971.55555555555,1253.4427410327526,1.7241045949938196,-0.47275981386720795,single_maturity_ea_slope
2022-07-01,NL,PEPP,73549.33333333333,0.0,1.331240268972345,-0.47275981386720795,single_maturity_ea_slope
2022-08-01,NL,PEPP,72387.55555555555,0.0,1.3076696367237508,-0.47275981386720795,single_maturity_ea_slope
2022-09-01,NL,PEPP,73663.11111111111,2037.2091283202458,2.0819222836982334,-0.40210814560863484,single_maturity_ea_slope
2022-10-01,NL,PEPP,74114.66666666666,1234.5393046107251,2.4143855131468412,-0.35519338124008204,single_maturity_ea_slope
2022-11-01,NL,PEPP,75164.44444444444,1851.8845598845628,2.295545978185784,-0.2898850652100567,single_maturity_ea_slope
2022-12-01,NL,PEPP,76703.11111111111,2379.432264479249,2.398840124375177,-0.20647724284481184,single_maturity_ea_slope
2023-01-01,NL,PEPP,74123.55555555555,0.0,2.4806897187442707,-0.20647724284481184,single_maturity_ea_slope
2023-02-01,NL,PEPP,73079.11111111111,0.0,2.6715942633491774,-0.20647724284481184,single_maturity_ea_slope
2023-03-01,NL,PEPP,72549.33333333333,248.98512835085398,2.740314701303344,-0.19636402282298315,single_maturity_ea_slope
2023-04-01,NL,PEPP,72920.0,1151.7749066896404,2.6753590013644546,-0.15100501955608822,single_maturity_ea_slope
2023-05-01,NL,PEPP,72851.55555555555,722.7881944444364,2.6620377296312743,-0.12309574467410395,single_maturity_ea_slope
2023-06-01,NL,PEPP,73488.0,1440.5454991415336,2.7212234242715905,-0.06734009508578058,single_maturity_ea_slope
2023-07-01,NL,PEPP,70834.66666666666,0.0,2.831322661701714,-0.06734009508578058,single_maturity_ea_slope
2023-08-01,NL,PEPP,71846.22222222222,1782.167682042362,2.865953849399043,0.005421165118301495,single_maturity_ea_slope
2023-09-01,NL,PEPP,71644.44444444444,583.9420627977026,2.98266363084,0.029687346821065178,single_maturity_ea_slope
2023-10-01,NL,PEPP,74586.66666666666,3746.8543476090613,3.1194127326462726,0.1848994177202062,single_maturity_ea_slope
2023-11-01,NL,PEPP,75101.33333333333,1366.112633181131,2.864446750145909,0.2336410751523897,single_maturity_ea_slope
2023-12-01,NL,PEPP,76336.88888888889,2118.26986365774,2.308957454649053,0.29122896232240164,single_maturity_ea_slope
2024-01-01,NL,PEPP,72622.22222222222,0.0,2.382128288207288,0.29122896232240164,single_maturity_ea_slope
2024-02-01,NL,PEPP,71953.77777777778,144.97650338511198,2.54969903804546,0.29577945438397846,single_maturity_ea_slope
2024-03-01,NL,PEPP,71768.88888888889,626.4978699944855,2.5437103932425997,0.3154024967201914,single_maturity_ea_slope
2024-04-01,NL,PEPP,71976.88888888889,1027.279553526129,2.629590884875715,0.34843140990133264,single_maturity_ea_slope
2024-05-01,NL,PEPP,73411.55555555555,2283.0505526743054,2.752520714697182,0.4231969883508849,single_maturity_ea_slope
2024-06-01,NL,PEPP,73471.11111111111,934.752927462519,2.7364517274384745,0.45262789808707454,single_maturity_ea_slope
2024-07-01,NL,PEPP,70934.22222222222,0.0,2.6643906196004346,0.45262789808707454,single_maturity_ea_slope
2024-08-01,NL,PEPP,69300.44444444444,0.0,2.3944125432409096,0.45262789808707454,single_maturity_ea_slope
2024-09-01,NL,PEPP,68969.77777777778,460.43429731101935,2.3152457103514292,0.46506252019521266,single_maturity_ea_slope
2024-10-01,NL,PEPP,68584.0,403.7114367114335,2.369252037929739,0.4762713019223715,single_maturity_ea_slope
2024-11-01,NL,PEPP,68317.33333333333,522.7440147329602,2.4175408324476186,0.4911253218109142,single_maturity_ea_slope
2024-12-01,NL,PEPP,68736.0,1219.3855289889093,2.290830513637824,0.5230523246530921,single_maturity_ea_slope
2025-01-01,NL,PEPP,67165.33333333333,0.0,2.565478674377955,0.5230523246530921,single_maturity_ea_slope
2025-02-01,NL,PEPP,65774.22222222222,0.0,2.46695896243,0.5230523246530921,single_maturity_ea_slope
2025-03-01,NL,PEPP,65104.88888888888,81.5139523084705,2.717458741541428,0.525799810180898,single_maturity_ea_slope
2025-04-01,NL,PEPP,63976.88888888888,0.0,2.4542785362476,0.525799810180898,single_maturity_ea_slope
2025-05-01,NL,PEPP,63307.555555555555,54.059802000105265,2.5342167260883013,0.5275148443479073,single_maturity_ea_slope
2025-06-01,NL,PEPP,63307.555555555555,724.6743996743996,2.5022369103248256,0.5501192636013061,single_maturity_ea_slope
2025-07-01,NL,PEPP,60314.666666666664,0.0,2.605586103381985,0.5501192636013061,single_maturity_ea_slope
2025-08-01,NL,PEPP,60314.666666666664,667.4929909989671,2.627459573016381,0.5731088641924424,single_maturity_ea_slope
2025-09-01,NL,PEPP,60230.22222222222,589.3118856121529,2.623598904202818,0.5931715189083604,single_maturity_ea_slope
2025-10-01,NL,PEPP,60230.22222222222,681.0291974471079,2.539785794538507,0.6151820828571408,single_maturity_ea_slope
2025-11-01,NL,PEPP,60171.555555555555,628.8929477422653,2.5732032507635,0.635646664380041,single_maturity_ea_slope
2025-12-01,NL,PEPP,60171.555555555555,695.4641187650897,2.7060552374499998,0.659576490698464,single_maturity_ea_slope
2026-01-01,NL,PEPP,57819.555555555555,0.0,2.6969072339599682,0.659576490698464,single_maturity_ea_slope
2026-02-01,NL,PEPP,57819.555555555555,652.0022051821782,2.5960050198575,0.6814126265708033,single_maturity_ea_slope
2026-03-01,NL,PEPP,57819.555555555555,660.0405885337392,2.8139758184631822,0.7057569552453739,single_maturity_ea_slope
2026-04-01,NL,PEPP,57276.44444444444,116.92947742262243,2.9373743253195,0.710312787148367,single_maturity_ea_slope
2026-05-01,NL,PEPP,57276.44444444444,662.0023629732367,2.95710629588775,0.736281274304393,single_maturity_ea_slope
2026-06-01,NL,PEPP,57276.44444444444,669.4301594722351,2.8758403878273033,0.7612878090580503,single_maturity_ea_slope
2026-07-01,NL,PEPP,54427.555555555555,0.0,3.0199315141815655,0.7612878090580503,single_maturity_ea_slope
2026-08-01,NL,PEPP,54427.555555555555,613.7523179471759,3.102053210675286,0.7876834495814742,single_maturity_ea_slope
2015-03-01,NL,PSPP,2210.6666666666665,2210.6666666666665,0.07836834489713623,0.07836834489713623,single_maturity_ea_slope
2015-04-01,NL,PSPP,4456.888888888889,2272.690932311622,0.12125971838792138,0.10023984271479894,single_maturity_ea_slope
2015-05-01,NL,PSPP,6827.555555555555,2424.9659952350003,0.4297730261960826,0.21728125786570443,single_maturity_ea_slope
2015-06-01,NL,PSPP,9194.666666666666,2450.782135076253,0.6333314298768576,0.3281768852794591,single_maturity_ea_slope
2015-07-01,NL,PSPP,11556.444444444443,2475.9688690180487,0.5232547476101252,0.36997232820200215,single_maturity_ea_slope
2015-08-01,NL,PSPP,13523.555555555555,2112.365566169488,0.4143794401581512,0.3769086737365659,single_maturity_ea_slope
2015-09-01,NL,PSPP,15837.333333333332,2484.529741863075,0.4140148966361314,0.38272982509215003,single_maturity_ea_slope
2015-10-01,NL,PSPP,18256.0,2620.159457167092,0.29065832428548755,0.36951542908129636,single_maturity_ea_slope
2015-11-01,NL,PSPP,20818.666666666664,2794.224251648907,0.23831236514860882,0.35190571425175127,single_maturity_ea_slope
2015-12-01,NL,PSPP,22766.222222222223,2214.0515446321924,0.2630960117132156,0.343268828554842,single_maturity_ea_slope
2016-01-01,NL,PSPP,25290.666666666664,2816.3190883190855,0.16162014822284526,0.3230407874150154,single_maturity_ea_slope
2016-02-01,NL,PSPP,27774.22222222222,2798.5862813486124,-0.02326154663842117,0.2881466703619183,single_maturity_ea_slope
2016-03-01,NL,PSPP,30226.666666666664,2792.3150051666944,-0.058440195903519565,0.25612925613827414,single_maturity_ea_slope
2016-04-01,NL,PSPP,33981.33333333333,4109.439749608761,0.07233762581950925,0.23390291722836287,single_maturity_ea_slope
2016-05-01,NL,PSPP,37852.444444444445,4254.30160878064,0.09815148689632486,0.21864557950732108,single_maturity_ea_slope
2016-06-01,NL,PSPP,41213.33333333333,3778.133646874382,0.023205237039581827,0.20072905409886058,single_maturity_ea_slope
2016-07-01,NL,PSPP,44621.33333333333,3854.031746031746,-0.13828717353798967,0.17144756011095466,single_maturity_ea_slope
2016-08-01,NL,PSPP,47212.444444444445,3070.9103942652387,-0.1612573609865545,0.14980693098352632,single_maturity_ea_slope
2016-09-01,NL,PSPP,50627.555555555555,3913.763883021169,-0.13424883024917753,0.12784799642946315,single_maturity_ea_slope
2016-10-01,NL,PSPP,54179.555555555555,4079.3703703703704,-0.038406546851740275,0.11533010382502196,single_maturity_ea_slope
2016-11-01,NL,PSPP,57584.88888888888,3968.9991214685297,0.15979440204059708,0.11839477519904947,single_maturity_ea_slope
2016-12-01,NL,PSPP,60288.0,3303.704445371535,0.16417278629515902,0.12090335101444365,single_maturity_ea_slope
2017-01-01,NL,PSPP,63862.22222222222,4203.796157059312,0.20014869592597162,0.12611975697107822,single_maturity_ea_slope
2017-02-01,NL,PSPP,67262.22222222222,4071.103638316753,0.18213344004586807,0.12951003313840292,single_maturity_ea_slope
2017-03-01,NL,PSPP,70701.33333333333,4155.88671023965,0.17588621250645164,0.1322360658512329,single_maturity_ea_slope
2017-04-01,NL,PSPP,73347.55555555555,3399.646490480247,0.20565024876389426,0.13563880050816998,single_maturity_ea_slope
2017-05-01,NL,PSPP,75696.0,3138.146808307023,0.2777936817958485,0.1415321487299808,single_maturity_ea_slope
2017-06-01,NL,PSPP,78051.55555555555,3180.1307189542404,0.19026966224234287,0.1435179088187184,single_maturity_ea_slope
2017-07-01,NL,PSPP,80449.77777777777,3242.9360269360236,0.37042212806741287,0.15266443336597002,single_maturity_ea_slope
2017-08-01,NL,PSPP,82382.22222222222,2811.100820348535,0.21990956339529838,0.15495901628799877,single_maturity_ea_slope
2017-09-01,NL,PSPP,84692.44444444444,3215.9194762044335,0.1952341680971889,0.15648833387895844,single_maturity_ea_slope
2017-10-01,NL,PSPP,86980.44444444444,3225.2780483006245,0.19610832545564783,0.15795746282998113,single_maturity_ea_slope
2017-11-01,NL,PSPP,89257.77777777777,3247.6640388715305,0.12063817335312293,0.15659959220617983,single_maturity_ea_slope
2017-12-01,NL,PSPP,91362.66666666666,3107.334730957374,0.125536794235391,0.15554311569890467,single_maturity_ea_slope
2018-01-01,NL,PSPP,92300.44444444444,1959.7315436241643,0.3013645897162749,0.1586392106753662,single_maturity_ea_slope
2018-02-01,NL,PSPP,93298.66666666666,2039.048163183478,0.44708596657639,0.1649432324669911,single_maturity_ea_slope
2018-03-01,NL,PSPP,94243.55555555555,2007.0321797207057,0.3154944455714239,0.16814940532003533,single_maturity_ea_slope
2018-04-01,NL,PSPP,95390.22222222222,2193.8172839506224,0.4040736005526344,0.17357527146381757,single_maturity_ea_slope
2018-05-01,NL,PSPP,96433.77777777777,2111.9944245320507,0.36929490371211143,0.17786172359299168,single_maturity_ea_slope
2018-06-01,NL,PSPP,97574.22222222222,2230.830896024934,0.2529412470713246,0.17957826016197237,single_maturity_ea_slope
2018-07-01,NL,PSPP,98215.11111111111,1720.7275589002033,0.19881607412855062,0.17991530643001388,single_maturity_ea_slope
2018-08-01,NL,PSPP,99343.11111111111,2223.6616589816053,0.1946555154451176,0.18024524614365542,single_maturity_ea_slope
2018-09-01,NL,PSPP,101011.55555555555,2785.663417803762,0.26984310211521545,0.1827161463126599,single_maturity_ea_slope
2018-10-01,NL,PSPP,101456.88888888889,1589.0330112721513,0.2955076788849282,0.1844827042133816,single_maturity_ea_slope
2018-11-01,NL,PSPP,101819.55555555555,1522.4390590865116,0.22017929135205272,0.1850164511762265,single_maturity_ea_slope
2018-12-01,NL,PSPP,102384.88888888888,1740.5359597824922,0.12098943845391652,0.18392799643207405,single_maturity_ea_slope
2019-01-01,NL,PSPP,99850.66666666666,0.0,0.0711449862459339,0.18392799643207405,single_maturity_ea_slope
2019-02-01,NL,PSPP,100154.66666666666,1433.0215588723051,-0.016012586804439954,0.18106722942233483,single_maturity_ea_slope
2019-03-01,NL,PSPP,100387.55555555555,1373.0831815421993,-0.09189102300407659,0.1773337548537421,single_maturity_ea_slope
2019-04-01,NL,PSPP,101320.88888888889,2084.0389220031684,-0.048255553214053226,0.17269367615371592,single_maturity_ea_slope
2019-05-01,NL,PSPP,101915.55555555555,1767.3621399176857,-0.14105011376975712,0.16725290812843868,single_maturity_ea_slope
2019-06-01,NL,PSPP,101832.88888888889,1103.5013449203489,-0.3140619677687255,0.16203719031194608,single_maturity_ea_slope
2019-07-01,NL,PSPP,99145.77777777777,0.0,-0.39557191603956354,0.16203719031194608,single_maturity_ea_slope
2019-08-01,NL,PSPP,99112.0,1085.7544916190013,-0.6451371034551044,0.1531947381873096,single_maturity_ea_slope
2019-09-01,NL,PSPP,99586.66666666666,1604.5344277245686,-0.5742690607180245,0.1414738848910158,single_maturity_ea_slope
2019-10-01,NL,PSPP,101002.66666666666,2551.2789177686577,-0.46272021399415875,0.12621223173275617,single_maturity_ea_slope
2019-11-01,NL,PSPP,101470.22222222222,1628.505747126443,-0.35011736111652725,0.11856757044697872,single_maturity_ea_slope
2019-12-01,NL,PSPP,102010.66666666666,1716.5017256477554,-0.3067667849928348,0.1114106016813949,single_maturity_ea_slope
2020-01-01,NL,PSPP,98571.55555555555,0.0,-0.3096915187377507,0.1114106016813949,single_maturity_ea_slope
2020-02-01,NL,PSPP,98694.22222222222,1217.9061728395109,-0.46723152228481,0.10427004371583724,single_maturity_ea_slope
2020-03-01,NL,PSPP,99340.44444444444,1753.156073974375,-0.44581528910267726,0.09456216040780231,single_maturity_ea_slope
2020-04-01,NL,PSPP,100657.77777777777,2430.0175228992384,-0.34495376841593517,0.08395163996701818,single_maturity_ea_slope
2020-05-01,NL,PSPP,101550.22222222222,2032.1384863124072,-0.4554469841433037,0.07315764385817779,single_maturity_ea_slope
2020-06-01,NL,PSPP,102414.22222222222,2026.4338624338625,-0.4397466498412569,0.06300898865787757,single_maturity_ea_slope
2020-07-01,NL,PSPP,100016.88888888889,0.0,-0.5094669164700314,0.06300898865787757,single_maturity_ea_slope
2020-08-01,NL,PSPP,100344.0,1432.5143923764597,-0.5322470152969934,0.05451109348911959,single_maturity_ea_slope
2020-09-01,NL,PSPP,101416.0,2185.4487350199734,-0.566512231696519,0.04112844538186974,single_maturity_ea_slope
2020-10-01,NL,PSPP,103023.11111111111,2723.5355937178906,-0.6424046347475121,0.02305845455031527,single_maturity_ea_slope
2020-11-01,NL,PSPP,104361.77777777777,2466.821628461566,-0.649951745450855,0.007150368727234899,single_maturity_ea_slope
2020-12-01,NL,PSPP,105475.55555555555,2262.630461372869,-0.6527274811692183,-0.007005135987547399,single_maturity_ea_slope
2021-01-01,NL,PSPP,105828.44444444444,1514.0024463036366,-0.6344527450890266,-0.015981524330907163,single_maturity_ea_slope
2021-02-01,NL,PSPP,106360.88888888888,1689.7983863128154,-0.5257750365857962,-0.024080819695587462,single_maturity_ea_slope
2021-03-01,NL,PSPP,107335.11111111111,2132.8375695957507,-0.48839239346266483,-0.033307075282199866,single_maturity_ea_slope
2021-04-01,NL,PSPP,108773.33333333333,2605.9236050672052,-0.4650978774394911,-0.043651649722558306,single_maturity_ea_slope
2021-05-01,NL,PSPP,109720.0,2134.667249162667,-0.37456505107961313,-0.05008976492658607,single_maturity_ea_slope
2021-06-01,NL,PSPP,110917.33333333333,2398.82260183968,-0.41373856540758497,-0.05795444157819785,single_maturity_ea_slope
2021-07-01,NL,PSPP,107814.22222222222,0.0,-0.5147688079009212,-0.05795444157819785,single_maturity_ea_slope
2021-08-01,NL,PSPP,108416.0,1749.2258644340411,-0.6072876895485497,-0.06681759762106329,single_maturity_ea_slope
2021-09-01,NL,PSPP,109687.11111111111,2438.3807062876813,-0.48933148043977576,-0.07621022077949635,single_maturity_ea_slope
2021-10-01,NL,PSPP,110767.11111111111,2271.733062919504,-0.337257591612326,-0.08156406577337974,single_maturity_ea_slope
2021-11-01,NL,PSPP,111908.44444444444,2355.8849902534066,-0.40713940604685395,-0.0884180441407379,single_maturity_ea_slope
2021-12-01,NL,PSPP,112857.77777777777,2189.4535066981825,-0.43860606685878906,-0.09521173093345013,single_maturity_ea_slope
2022-01-01,NL,PSPP,109853.33333333333,0.0,-0.21218722724206837,-0.09521173093345013,single_maturity_ea_slope
2022-02-01,NL,PSPP,110535.11111111111,1856.931108258454,0.14878937273660225,-0.09111264209823955,single_maturity_ea_slope
2022-03-01,NL,PSPP,111565.33333333333,2220.3073978371103,0.24223028714421996,-0.0844786479201162,single_maturity_ea_slope
2022-04-01,NL,PSPP,114772.44444444444,4412.962098285054,0.782302863817867,-0.05115118872632454,single_maturity_ea_slope
2022-05-01,NL,PSPP,116680.88888888888,3155.428847361044,0.9656079936340018,-0.023654729919825694,single_maturity_ea_slope
2022-06-01,NL,PSPP,117968.88888888888,2569.081344849461,1.7233104911862365,0.014390010536037987,single_maturity_ea_slope
2022-07-01,NL,PSPP,115244.44444444444,0.0,1.3253376719711425,0.014390010536037987,single_maturity_ea_slope
2022-08-01,NL,PSPP,115163.55555555555,1147.206213886519,1.2951281066962956,0.027148132627600657,single_maturity_ea_slope
2022-09-01,NL,PSPP,116974.22222222222,3044.209463962682,2.077878591254845,0.08051760969349392,single_maturity_ea_slope
2022-10-01,NL,PSPP,118108.44444444444,2392.0095579450385,2.4099849095279597,0.1276955068568543,single_maturity_ea_slope
2022-11-01,NL,PSPP,118886.22222222222,2061.0072915157693,2.2948226648577723,0.1652647456701881,single_maturity_ea_slope
2022-12-01,NL,PSPP,119620.44444444444,2039.516713023956,2.400495960683991,0.2033752161810274,single_maturity_ea_slope
2023-01-01,NL,PSPP,116746.66666666666,0.0,2.481482371612484,0.2033752161810274,single_maturity_ea_slope
2023-02-01,NL,PSPP,117064.0,1572.6738351254576,2.6715656663105576,0.23653364696269588,single_maturity_ea_slope
2023-03-01,NL,PSPP,117979.55555555555,2194.105140527151,2.73877332205914,0.28306863269058175,single_maturity_ea_slope
2023-04-01,NL,PSPP,118024.88888888888,1344.0955036939135,2.6720762713785953,0.310275219840805,single_maturity_ea_slope
2023-05-01,NL,PSPP,118688.88888888888,1982.4192235130572,2.6557826867514813,0.3494514151428779,single_maturity_ea_slope
2023-06-01,NL,PSPP,118855.11111111111,1506.4309946803282,2.7192266822822724,0.3794871694278437,single_maturity_ea_slope
2023-07-01,NL,PSPP,113281.77777777777,0.0,2.830800414489317,0.3794871694278437,single_maturity_ea_slope
2023-08-01,NL,PSPP,113281.77777777777,1237.240910635406,2.8652994115708257,0.4066367133568846,single_maturity_ea_slope
2023-09-01,NL,PSPP,113078.22222222222,1045.1412894375937,2.9813190164914283,0.4304335747622753,single_maturity_ea_slope
2023-10-01,NL,PSPP,113078.22222222222,1259.7841156664686,3.121449645840545,0.4604137003313291,single_maturity_ea_slope
2023-11-01,NL,PSPP,112976.88888888888,1172.0700700700602,2.867615389029394,0.4853870296528678,single_maturity_ea_slope
2023-12-01,NL,PSPP,112976.88888888888,1286.1667678607566,2.317892088817685,0.506248881419316,single_maturity_ea_slope
2024-01-01,NL,PSPP,107913.77777777777,0.0,2.391768110136682,0.506248881419316,single_maturity_ea_slope
2024-02-01,NL,PSPP,107913.77777777777,1191.101299975472,2.5537080637544443,0.528847768641558,single_maturity_ea_slope
2024-03-01,NL,PSPP,107913.77777777777,1203.8574049283552,2.5459261666298,0.5513497588020695,single_maturity_ea_slope
2024-04-01,NL,PSPP,107913.77777777777,1216.8896907733172,2.6325378553798573,0.5748182759037586,single_maturity_ea_slope
2024-05-01,NL,PSPP,107913.77777777777,1231.892440385591,2.7585242080827275,0.5997464258144773,single_maturity_ea_slope
2024-06-01,NL,PSPP,107358.22222222222,683.1241710029667,2.7437713468529665,0.6133889323358916,single_maturity_ea_slope
2024-07-01,NL,PSPP,102446.22222222222,0.0,2.6774662069447825,0.6133889323358916,single_maturity_ea_slope
2024-08-01,NL,PSPP,102446.22222222222,1138.2913580246914,2.4026283301136364,0.6332693700889777,single_maturity_ea_slope
2024-09-01,NL,PSPP,102156.44444444444,857.6933492632384,2.3232181549998736,0.6474579789554679,single_maturity_ea_slope
2024-10-01,NL,PSPP,102078.22222222222,1078.440418679552,2.374068154461217,0.6656993448416718,single_maturity_ea_slope
2024-11-01,NL,PSPP,101914.66666666666,1001.7209538305365,2.420789944785714,0.6829501595412403,single_maturity_ea_slope
2024-12-01,NL,PSPP,101914.66666666666,1177.9318847280013,2.2962343020932625,0.7015965319701818,single_maturity_ea_slope
2025-01-01,NL,PSPP,101827.55555555555,1104.037400654513,2.5607038693421975,0.7217533944333105,single_maturity_ea_slope
2025-02-01,NL,PSPP,101827.55555555555,1203.6354084581035,2.451955162655,0.7422049519773022,single_maturity_ea_slope
2025-03-01,NL,PSPP,101827.55555555555,1217.450449014294,2.6900320369347615,0.7654931763311694,single_maturity_ea_slope
2025-04-01,NL,PSPP,101179.55555555555,574.7132031166611,2.41137230515535,0.7748419865811811,single_maturity_ea_slope
2025-05-01,NL,PSPP,100855.11111111111,901.083118001729,2.482320816844952,0.7900973398433573,single_maturity_ea_slope
2025-06-01,NL,PSPP,100855.11111111111,1235.9694989106754,2.45332432014,0.8104800234254239,single_maturity_ea_slope
2025-07-01,NL,PSPP,95273.77777777777,0.0,2.5636891006290283,0.8104800234254239,single_maturity_ea_slope
2025-08-01,NL,PSPP,95273.77777777777,1118.2368283776734,2.5834950452419045,0.8312900588927534,single_maturity_ea_slope
2025-09-01,NL,PSPP,95069.33333333333,923.3228114478177,2.5807058096221813,0.8482805584862564,single_maturity_ea_slope
2025-10-01,NL,PSPP,95069.33333333333,1139.9200639488408,2.498673312691304,0.868069440431161,single_maturity_ea_slope
2025-11-01,NL,PSPP,94915.55555555555,996.0690211256217,2.53286226324485,0.8855402179838077,single_maturity_ea_slope
2025-12-01,NL,PSPP,94915.55555555555,1163.1808278867102,2.664477327290476,0.9073409178527619,single_maturity_ea_slope
2026-01-01,NL,PSPP,91560.88888888889,0.0,2.653839617929254,0.9073409178527619,single_maturity_ea_slope
2026-02-01,NL,PSPP,91560.88888888889,1099.4343046216245,2.55157559508685,0.9270843697888099,single_maturity_ea_slope
2026-03-01,NL,PSPP,91560.88888888889,1113.8794268721279,2.7777545470759097,0.9495986055222296,single_maturity_ea_slope
2026-04-01,NL,PSPP,90909.33333333333,465.5855973103346,2.89992468142175,0.9595870599273248,single_maturity_ea_slope
2026-05-01,NL,PSPP,90909.33333333333,1124.0026376524893,2.92223122727105,0.9838531846472028,single_maturity_ea_slope
2026-06-01,NL,PSPP,90909.33333333333,1137.504170837504,2.8434871101353183,1.0071218774085655,single_maturity_ea_slope
2026-07-01,NL,PSPP,85861.33333333333,0.0,2.990058716998261,1.0071218774085655,single_maturity_ea_slope
2026-08-01,NL,PSPP,85861.33333333333,1026.5582655826558,3.0726955840197383,1.0318178805961693,single_maturity_ea_slope
2020-03-01,PT,PEPP,253.33333333333331,253.33333333333331,0.5745295271324709,0.5745295271324709,single_maturity_ea_slope
2020-04-01,PT,PEPP,1629.3333333333333,1378.7205040091637,0.8569154526360567,0.8134807948505957,single_maturity_ea_slope
2020-05-01,PT,PEPP,3688.8888888888887,2078.36134195137,0.6569459788187939,0.7252873251882554,single_maturity_ea_slope
2020-06-01,PT,PEPP,6023.11111111111,2377.950160687002,0.36676560660715696,0.583741409367946,single_maturity_ea_slope
2020-07-01,PT,PEPP,7826.666666666666,1873.853304284677,0.25882692453987927,0.5059506835155151,single_maturity_ea_slope
2020-08-01,PT,PEPP,8950.222222222223,1217.2656449553012,0.20669388780624343,0.4652505749157692,single_maturity_ea_slope
2020-09-01,PT,PEPP,10354.666666666666,1510.3893097643088,0.1697967044892788,0.4221540290021077,single_maturity_ea_slope
2020-10-01,PT,PEPP,11759.111111111111,1532.4695021430935,0.02582212353697061,0.3705033087977816,single_maturity_ea_slope
2020-11-01,PT,PEPP,13163.555555555555,1548.9762919261434,-0.07036795711138528,0.3186252933328372,single_maturity_ea_slope
2020-12-01,PT,PEPP,14287.11111111111,1287.526103083651,-0.10652788716080866,0.28031133234817784,single_maturity_ea_slope
2021-01-01,PT,PEPP,15382.22222222222,1274.9589347655815,-0.11272303700696998,0.2477345905978621,single_maturity_ea_slope
2021-02-01,PT,PEPP,16504.888888888887,1317.1813634575387,-0.02794680613035519,0.22573369132087232,single_maturity_ea_slope
2021-03-01,PT,PEPP,17890.666666666664,1591.3693184963734,0.011265400358922123,0.20665680255053392,single_maturity_ea_slope
2021-04-01,PT,PEPP,19523.555555555555,1840.5335809346968,0.14521537847035676,0.20086456844859354,single_maturity_ea_slope
2021-05-01,PT,PEPP,21094.222222222223,1790.5265265265277,0.3231353870012684,0.21124319922873394,single_maturity_ea_slope
2021-06-01,PT,PEPP,22584.0,1729.2671308911088,0.2321821824333991,0.21284650667693214,single_maturity_ea_slope
2021-07-01,PT,PEPP,24256.888888888887,1931.0507544581599,0.10054857922894922,0.20390665464084326,single_maturity_ea_slope
2021-08-01,PT,PEPP,25514.666666666664,1543.2872985980325,-0.028281130636758384,0.18986247900688646,single_maturity_ea_slope
2021-09-01,PT,PEPP,26886.22222222222,1677.0472541507015,0.05573851772160743,0.18149640142521045,single_maturity_ea_slope
2021-10-01,PT,PEPP,28150.22222222222,1594.4599584835573,0.17056437457174656,0.18087719924110993,single_maturity_ea_slope
2021-11-01,PT,PEPP,29421.333333333332,1616.5973926798688,0.19970633846821848,0.18191179332412055,single_maturity_ea_slope
2021-12-01,PT,PEPP,29851.555555555555,793.9874711506764,0.1934475229193795,0.1822186190355034,single_maturity_ea_slope
2022-01-01,PT,PEPP,30096.888888888887,605.3376212681555,0.41572696683351706,0.1869151638619187,single_maturity_ea_slope
2022-02-01,PT,PEPP,31003.555555555555,1274.4194634517225,0.9262832307232589,0.21730732496016156,single_maturity_ea_slope
2022-03-01,PT,PEPP,30883.555555555555,257.72363006281137,1.0084758352927887,0.22390963537443742,single_maturity_ea_slope
2022-04-01,PT,PEPP,31447.11111111111,947.6793808734099,1.648350046012509,0.2668360842197685,single_maturity_ea_slope
2022-05-01,PT,PEPP,30936.888888888887,0.0,2.010571508977315,0.2668360842197685,single_maturity_ea_slope
2022-06-01,PT,PEPP,31306.666666666664,754.5649530127138,2.511216857183796,0.32093098645020635,single_maturity_ea_slope
2022-07-01,PT,PEPP,31393.777777777777,481.2030882846613,2.025671479359253,0.347061208678269,single_maturity_ea_slope
2022-08-01,PT,PEPP,31576.0,583.471938195865,1.9581614239119585,0.3768316598186977,single_maturity_ea_slope
2022-09-01,PT,PEPP,31551.11111111111,379.30977982590724,2.7811005307935464,0.40573595713108596,single_maturity_ea_slope
2022-10-01,PT,PEPP,30496.888888888887,0.0,3.0972912757619095,0.40573595713108596,single_maturity_ea_slope
2022-11-01,PT,PEPP,30601.777777777777,481.3936899862842,2.939263668728683,0.4455906434380407,single_maturity_ea_slope
2022-12-01,PT,PEPP,30769.777777777777,551.480924533556,3.0630467010380906,0.492502814757449,single_maturity_ea_slope
2023-01-01,PT,PEPP,30143.11111111111,0.0,3.108262028561774,0.492502814757449,single_maturity_ea_slope
2023-02-01,PT,PEPP,30529.777777777777,758.2533420994971,3.2671777239071935,0.5614160750640411,single_maturity_ea_slope
2023-03-01,PT,PEPP,30192.0,27.760749255002565,3.2459139500337515,0.563884400195951,single_maturity_ea_slope
2023-04-01,PT,PEPP,30432.0,604.6376811594203,3.1447764204690816,0.6151628099771286,single_maturity_ea_slope
2023-05-01,PT,PEPP,30100.44444444444,33.33653077537684,3.072028171536796,0.6178838119174075,single_maturity_ea_slope
2023-06-01,PT,PEPP,30285.333333333332,546.8470952915413,3.058873218918204,0.6619595350459562,single_maturity_ea_slope
2023-07-01,PT,PEPP,30213.333333333332,290.09150326797385,3.219714661799738,0.6865176670973034,single_maturity_ea_slope
2023-08-01,PT,PEPP,30349.333333333332,499.8407193320488,3.2394084307279996,0.7285627012222478,single_maturity_ea_slope
2023-09-01,PT,PEPP,30153.777777777777,165.23062291963936,3.378993384962857,0.7430859996330533,single_maturity_ea_slope
2023-10-01,PT,PEPP,28620.44444444444,0.0,3.499431189243409,0.7430859996330533,single_maturity_ea_slope
2023-11-01,PT,PEPP,28733.333333333332,436.06463916491174,3.217981661252697,0.7806456684377507,single_maturity_ea_slope
2023-12-01,PT,PEPP,28763.555555555555,358.22831050228353,2.7501151641073687,0.8051739201226591,single_maturity_ea_slope
2024-01-01,PT,PEPP,28792.0,357.6975986975995,2.8338984217602428,0.8303777921237271,single_maturity_ea_slope
2024-02-01,PT,PEPP,27291.555555555555,0.0,2.979632744524508,0.8303777921237271,single_maturity_ea_slope
2024-03-01,PT,PEPP,27475.555555555555,481.2936335027838,2.9519116567509998,0.8675410349284464,single_maturity_ea_slope
2024-04-01,PT,PEPP,27672.0,498.50640085996366,3.05575923755527,0.9069614158365036,single_maturity_ea_slope
2024-05-01,PT,PEPP,27914.666666666664,548.0971302428231,3.100049744371364,0.9500221277408426,single_maturity_ea_slope
2024-06-01,PT,PEPP,28020.44444444444,416.35484349502997,3.115337985620783,0.9821964833943503,single_maturity_ea_slope
2024-07-01,PT,PEPP,28080.0,373.82702756592676,3.005654834791739,1.0091346394095333,single_maturity_ea_slope
2024-08-01,PT,PEPP,28115.555555555555,354.3566454738109,2.7384125432409094,1.030929731307427,single_maturity_ea_slope
2024-09-01,PT,PEPP,28079.11111111111,284.5093860984264,2.6242457103514294,1.0470738802181538,single_maturity_ea_slope
2024-10-01,PT,PEPP,28104.888888888887,349.4189846831613,2.5652419650975653,1.0659487725151544,single_maturity_ea_slope
2024-11-01,PT,PEPP,28152.888888888887,374.1941607345507,2.6362917201095235,1.0868209879264974,single_maturity_ea_slope
2024-12-01,PT,PEPP,28179.555555555555,357.5656898082862,2.5267497559467365,1.1050920043801422,single_maturity_ea_slope
2025-01-01,PT,PEPP,28055.11111111111,209.12037037036953,2.78233221367697,1.1175940077541129,single_maturity_ea_slope
2025-02-01,PT,PEPP,28055.11111111111,335.42696211275836,2.7707268633915247,1.1373588673384913,single_maturity_ea_slope
2025-03-01,PT,PEPP,27949.333333333332,232.56171946186458,3.0397433518233328,1.153188289869358,single_maturity_ea_slope
2025-04-01,PT,PEPP,27949.333333333332,341.01187571172926,2.798391247424325,1.173261532396871,single_maturity_ea_slope
2025-05-01,PT,PEPP,27903.11111111111,298.32084155161033,2.7482537332089523,1.1901002639961007,single_maturity_ea_slope
2025-06-01,PT,PEPP,27903.11111111111,348.092703481925,2.7057121333325718,1.209007597695408,single_maturity_ea_slope
2025-07-01,PT,PEPP,27869.333333333332,318.5342312008983,2.7570256574660865,1.226700763752035,single_maturity_ea_slope
2025-08-01,PT,PEPP,27869.333333333332,356.7502986857825,2.7545439217943097,1.2462584078641994,single_maturity_ea_slope
2025-09-01,PT,PEPP,27863.11111111111,354.9666493865557,2.760946625437545,1.265555025507263,single_maturity_ea_slope
2025-10-01,PT,PEPP,25704.0,0.0,2.7278127151608693,1.265555025507263,single_maturity_ea_slope
2025-11-01,PT,PEPP,25704.0,310.88534107402035,2.72686226324485,1.2832292785036055,single_maturity_ea_slope
2025-12-01,PT,PEPP,25704.0,315.0,2.8424773272904758,1.3023377104740328,single_maturity_ea_slope
2026-01-01,PT,PEPP,25704.0,318.75,2.8665474654685714,1.3217351528722785,single_maturity_ea_slope
2026-02-01,PT,PEPP,25704.0,322.5903614457832,2.7964477092710993,1.3402430915821029,single_maturity_ea_slope
2026-03-01,PT,PEPP,25704.0,326.5243902439024,3.0924875058350914,1.3625022939989344,single_maturity_ea_slope
2026-04-01,PT,PEPP,25704.0,331.0664605873261,3.14964912368075,1.385520671506428,single_maturity_ea_slope
2026-05-01,PT,PEPP,25704.0,335.21126760563385,3.149348518073425,1.4085231212529985,single_maturity_ea_slope
2026-06-01,PT,PEPP,25704.0,339.4611727416799,3.070562017813386,1.4304729217886614,single_maturity_ea_slope
2026-07-01,PT,PEPP,23834.666666666664,0.0,3.2212406459330443,1.4304729217886614,single_maturity_ea_slope
2026-08-01,PT,PEPP,23834.666666666664,296.00927305845335,3.3071824165749284,1.4537802925634533,single_maturity_ea_slope
2015-03-01,PT,PSPP,954.6666666666666,954.6666666666666,1.7890113296323533,1.7890113296323533,single_maturity_ea_slope
2015-04-01,PT,PSPP,1918.2222222222222,970.9491945477075,1.9011884666403263,1.8457921861789839,single_maturity_ea_slope
2015-05-01,PT,PSPP,2961.777777777778,1058.3156526794571,2.464727316628185,2.0669528490289357,single_maturity_ea_slope
2015-06-01,PT,PSPP,3996.4444444444443,1057.9510831586301,2.9771172749567767,2.307894379343807,single_maturity_ea_slope
2015-07-01,PT,PSPP,5027.555555555556,1062.5890919274664,2.78878322430297,2.409531693031679,single_maturity_ea_slope
2015-08-01,PT,PSPP,5886.222222222222,897.4954862183772,2.5829907310009226,2.435979675751979,single_maturity_ea_slope
2015-09-01,PT,PSPP,6906.666666666666,1065.5703431122013,2.663036139176608,2.4710102694253226,single_maturity_ea_slope
2015-10-01,PT,PSPP,7959.11111111111,1106.5888993414862,2.4597800685363085,2.46944888707148,single_maturity_ea_slope
2015-11-01,PT,PSPP,9068.444444444443,1172.1419753086416,2.6228793408098396,2.489280543561095,single_maturity_ea_slope
2015-12-01,PT,PSPP,9973.333333333332,977.9037394882804,2.5197300686714503,2.4922661756938886,single_maturity_ea_slope
2016-01-01,PT,PSPP,11037.333333333332,1145.4016759168571,2.7263271881775966,2.51655590835567,single_maturity_ea_slope
2016-02-01,PT,PSPP,12116.444444444443,1170.088141554017,3.2365821511044577,2.58608902692944,single_maturity_ea_slope
2016-03-01,PT,PSPP,13194.666666666666,1177.5047889580833,2.852510871740392,2.609864769513409,single_maturity_ea_slope
2016-04-01,PT,PSPP,14443.555555555555,1357.2194854953473,3.137269483658025,2.659423477687855,single_maturity_ea_slope
2016-05-01,PT,PSPP,15733.333333333332,1407.7806826434273,3.160353007267514,2.7042454426311537,single_maturity_ea_slope
2016-06-01,PT,PSPP,17011.555555555555,1407.6507623121645,3.2091280445756962,2.746022831958333,single_maturity_ea_slope
2016-07-01,PT,PSPP,17863.11111111111,992.4730137692356,3.059576932724041,2.763443872527972,single_maturity_ea_slope
2016-08-01,PT,PSPP,18504.888888888887,791.9889374743054,2.9044697055605377,2.7694796234222645,single_maturity_ea_slope
2016-09-01,PT,PSPP,19413.333333333332,1065.3187144418077,3.2402690515912984,2.7953144854615752,single_maturity_ea_slope
2016-10-01,PT,PSPP,20320.888888888887,1072.8035410282594,3.3055873125805673,2.822253390487677,single_maturity_ea_slope
2016-11-01,PT,PSPP,21230.222222222223,1084.2721150902994,3.4777860344989904,2.855732821790516,single_maturity_ea_slope
2016-12-01,PT,PSPP,21875.555555555555,831.5633528265096,3.674381290123174,2.8868524001428977,single_maturity_ea_slope
2017-01-01,PT,PSPP,22487.11111111111,806.3165558721106,3.860017408610209,2.921747013952801,single_maturity_ea_slope
2017-02-01,PT,PSPP,23070.222222222223,785.0427841634759,3.937307283494215,2.9563049065386227,single_maturity_ea_slope
2017-03-01,PT,PSPP,23659.555555555555,798.7580085532143,3.8757278414015093,2.9873450683347635,single_maturity_ea_slope
2017-04-01,PT,PSPP,24127.11111111111,685.4151831389393,3.646599879048486,3.006073512645383,single_maturity_ea_slope
2017-05-01,PT,PSPP,24575.11111111111,672.6472170494517,3.142412993754708,3.0098052708509715,single_maturity_ea_slope
2017-06-01,PT,PSPP,25027.555555555555,683.8485038711035,2.814961749607955,3.0044814009190777,single_maturity_ea_slope
2017-07-01,PT,PSPP,25487.11111111111,698.4592931992695,2.8496417837589627,3.000238112258805,single_maturity_ea_slope
2017-08-01,PT,PSPP,25855.11111111111,613.8247599451303,2.6431717325812683,2.9917610191282376,single_maturity_ea_slope
2017-09-01,PT,PSPP,26294.22222222222,691.11024474767,2.4282188197276544,2.976949027959158,single_maturity_ea_slope
2017-10-01,PT,PSPP,26728.888888888887,693.0611460517132,2.109758969511168,2.9544634043235845,single_maturity_ea_slope
2017-11-01,PT,PSPP,27162.666666666664,698.9453262786592,1.761324536507904,2.923761748794138,single_maturity_ea_slope
2017-12-01,PT,PSPP,27621.333333333332,731.056023532559,1.6141539466115546,2.8891002550604004,single_maturity_ea_slope
2018-01-01,PT,PSPP,28031.11111111111,689.4591602538135,1.6310765975677675,2.858157638086131,single_maturity_ea_slope
2018-02-01,PT,PSPP,28465.777777777777,719.8835074390643,1.8143048273958873,2.8317591876915507,single_maturity_ea_slope
2018-03-01,PT,PSPP,28876.44444444444,702.0853580853557,1.5744998764040479,2.8011909037232923,single_maturity_ea_slope
2018-04-01,PT,PSPP,29430.22222222222,848.6761074800286,1.4515581700067388,2.7622716918216805,single_maturity_ea_slope
2018-05-01,PT,PSPP,29935.11111111111,805.4426289034147,1.6211494620430802,2.731568331969715,single_maturity_ea_slope
2018-06-01,PT,PSPP,30486.22222222222,857.949068379571,1.6441179209214363,2.700965095521882,single_maturity_ea_slope
2018-07-01,PT,PSPP,31053.333333333332,881.5317198386525,1.5470918470958774,2.6682093247245184,single_maturity_ea_slope
2018-08-01,PT,PSPP,31552.888888888887,821.8192887781921,1.602265361828807,2.6404459933684206,single_maturity_ea_slope
2018-09-01,PT,PSPP,32038.22222222222,814.4206183655483,1.6628048784755147,2.6155940813051353,single_maturity_ea_slope
2018-10-01,PT,PSPP,32273.777777777777,571.8089374008798,1.7324491736753607,2.599947008480878,single_maturity_ea_slope
2018-11-01,PT,PSPP,32456.888888888887,524.4158676442923,1.6720184862237462,2.5849541839135806,single_maturity_ea_slope
2018-12-01,PT,PSPP,32752.0,641.8727445394132,1.4844089081289986,2.563385729570098,single_maturity_ea_slope
2019-01-01,PT,PSPP,33145.777777777774,743.6923076923036,1.4399486155847274,2.5381791543782763,single_maturity_ea_slope
2019-02-01,PT,PSPP,33482.666666666664,694.217239231471,1.3294834326820992,2.5131185038828914,single_maturity_ea_slope
2019-03-01,PT,PSPP,33824.0,705.5921090803622,1.1057966440934555,2.4837607934050143,single_maturity_ea_slope
2019-04-01,PT,PSPP,34261.33333333333,807.7231712658734,0.9670400101898948,2.448003559177604,single_maturity_ea_slope
2019-05-01,PT,PSPP,34652.444444444445,767.7748460861974,0.8050209730989957,2.411600912196345,single_maturity_ea_slope
2019-06-01,PT,PSPP,33949.33333333333,0.0,0.41398016581295904,2.411600912196345,single_maturity_ea_slope
2019-07-01,PT,PSPP,34409.777777777774,824.0834047415032,0.27860560405944096,2.3605175821272306,single_maturity_ea_slope
2019-08-01,PT,PSPP,34760.88888888889,723.0282941826448,0.04526947827779032,2.3123603013256187,single_maturity_ea_slope
2019-09-01,PT,PSPP,35121.777777777774,737.5781919761057,0.07753474711574851,2.265427637435835,single_maturity_ea_slope
2019-10-01,PT,PSPP,35682.666666666664,942.9795957837748,0.05762999972255334,2.2070825551180917,single_maturity_ea_slope
2019-11-01,PT,PSPP,36153.777777777774,859.8111837327507,0.21388152777314945,2.1596801357838618,single_maturity_ea_slope
2019-12-01,PT,PSPP,36612.444444444445,854.0491882959122,0.2615178119989513,2.1154021855819223,single_maturity_ea_slope
2020-01-01,PT,PSPP,36878.22222222222,667.7589420777786,0.2320259999352545,2.081299639052332,single_maturity_ea_slope
2020-02-01,PT,PSPP,37132.444444444445,661.2666176109925,0.11741310816088618,2.046326110563052,single_maturity_ea_slope
2020-03-01,PT,PSPP,37502.22222222222,782.3604938271565,0.5894481623514812,2.0159331449341162,single_maturity_ea_slope
2020-04-01,PT,PSPP,37912.88888888888,830.1546109868233,0.8415421447419396,1.9902182460571627,single_maturity_ea_slope
2020-05-01,PT,PSPP,38264.88888888888,780.1039847435511,0.6656397354335395,1.9632141437522106,single_maturity_ea_slope
2020-06-01,PT,PSPP,38631.11111111111,802.4384658256107,0.3818718793849334,1.9303667877205817,single_maturity_ea_slope
2020-07-01,PT,PSPP,38977.777777777774,790.0908070605016,0.2647502703633809,1.8966042601092121,single_maturity_ea_slope
2020-08-01,PT,PSPP,39271.11111111111,742.5931048614336,0.21959990553956432,1.8648931158280488,single_maturity_ea_slope
2020-09-01,PT,PSPP,39555.555555555555,739.6033585741521,0.17735768230232213,1.833339852150699,single_maturity_ea_slope
2020-10-01,PT,PSPP,39954.666666666664,856.9300411522618,0.04517572950903953,1.7949880979492125,single_maturity_ea_slope
2020-11-01,PT,PSPP,40344.88888888888,857.8564294631678,-0.05687909075249471,1.7556117055959013,single_maturity_ea_slope
2020-12-01,PT,PSPP,40791.11111111111,923.1121618072013,-0.09406834133711675,1.713753023636368,single_maturity_ea_slope
2021-01-01,PT,PSPP,41256.88888888888,947.9422117152574,-0.09737678930560836,1.6721394544405084,single_maturity_ea_slope
2021-02-01,PT,PSPP,41673.777777777774,904.5589703178371,-0.0038135957681087185,1.6357617021406885,single_maturity_ea_slope
2021-03-01,PT,PSPP,42112.88888888888,934.5197865483156,0.03174329512622645,1.600167208889521,single_maturity_ea_slope
2021-04-01,PT,PSPP,40891.555555555555,0.0,0.16183611001355463,1.600167208889521,single_maturity_ea_slope
2021-05-01,PT,PSPP,41329.777777777774,892.5728395061697,0.33109171827045036,1.5727597952736025,single_maturity_ea_slope
2021-06-01,PT,PSPP,41888.0,1016.8304976081314,0.2448246745335202,1.5405241924848931,single_maturity_ea_slope
2021-07-01,PT,PSPP,42440.0,1016.8024855747892,0.11462950637641456,1.506361768804333,single_maturity_ea_slope
2021-08-01,PT,PSPP,42863.11111111111,896.5604640785348,-0.005404541270889934,1.4747404079323738,single_maturity_ea_slope
2021-09-01,PT,PSPP,43618.666666666664,1231.8123456790115,0.09170411455777017,1.435682790841045,single_maturity_ea_slope
2021-10-01,PT,PSPP,44256.88888888888,1124.1699346405196,0.2207557378270123,1.40482240955196,single_maturity_ea_slope
2021-11-01,PT,PSPP,44849.777777777774,1084.6320987654335,0.24406311870119382,1.3767509931887612,single_maturity_ea_slope
2021-12-01,PT,PSPP,45363.555555555555,1012.7739702319174,0.23293498878404822,1.3512144790904101,single_maturity_ea_slope
2022-01-01,PT,PSPP,46005.33333333333,1147.8415389954841,0.44725292364702174,1.3286604718088002,single_maturity_ea_slope
2022-02-01,PT,PSPP,46297.777777777774,808.4306864064611,0.9564202207841935,1.3221605822657565,single_maturity_ea_slope
2022-03-01,PT,PSPP,46748.444444444445,969.2349661489494,1.040853776588143,1.3163282514680457,single_maturity_ea_slope
2022-04-01,PT,PSPP,47821.33333333333,1594.4021022360994,1.6817887534756344,1.328513001496314,single_maturity_ea_slope
2022-05-01,PT,PSPP,48450.666666666664,1164.9665471923558,2.039882602447659,1.3456174470037283,single_maturity_ea_slope
2022-06-01,PT,PSPP,48872.0,969.1699080355821,2.5455753493028226,1.3694135488579144,single_maturity_ea_slope
2022-07-01,PT,PSPP,49211.555555555555,895.9307832422578,2.0842337781864173,1.3824273510169764,single_maturity_ea_slope
2022-08-01,PT,PSPP,49304.0,656.5383870803412,2.009137491413251,1.3907727036200643,single_maturity_ea_slope
2022-09-01,PT,PSPP,49709.33333333333,975.9814814814766,2.8111261511322376,1.4186595926401733,single_maturity_ea_slope
2022-10-01,PT,PSPP,47652.444444444445,0.0,3.1432278784595824,1.4186595926401733,single_maturity_ea_slope
2022-11-01,PT,PSPP,47869.33333333333,749.199483665966,2.959759471561692,1.4427792357011244,single_maturity_ea_slope
2022-12-01,PT,PSPP,47728.0,391.2582702863125,3.07331322046341,1.456145811013753,single_maturity_ea_slope
2023-01-01,PT,PSPP,48208.88888888888,1009.7895981087414,3.112342208868308,1.4908367141547327,single_maturity_ea_slope
2023-02-01,PT,PSPP,48646.22222222222,972.2743995660131,3.266879337383684,1.526333833894377,single_maturity_ea_slope
2023-03-01,PT,PSPP,48726.22222222222,620.5135802469135,3.249718694155211,1.548280614519124,single_maturity_ea_slope
2023-04-01,PT,PSPP,48961.777777777774,780.5915983097183,3.153759050212106,1.5738765596634643,single_maturity_ea_slope
2023-05-01,PT,PSPP,49117.33333333333,703.2264479244336,3.0854983666205813,1.5955188672109335,single_maturity_ea_slope
2023-06-01,PT,PSPP,49176.0,607.3410783437641,3.0631663255713635,1.613644834959207,single_maturity_ea_slope
2023-07-01,PT,PSPP,49016.88888888888,396.17344173441165,3.220474710027079,1.626631855072424,single_maturity_ea_slope
2023-08-01,PT,PSPP,49016.88888888888,559.5535261288686,3.2461005954604345,1.6451189411499125,single_maturity_ea_slope
2023-09-01,PT,PSPP,49016.88888888888,565.7535651995485,3.383699535182857,1.665185660840967,single_maturity_ea_slope
2023-10-01,PT,PSPP,46673.777777777774,0.0,3.50180758797006,1.665185660840967,single_maturity_ea_slope
2023-11-01,PT,PSPP,46622.22222222222,470.5224956500132,3.2201997084711365,1.6808792304647897,single_maturity_ea_slope
2023-12-01,PT,PSPP,46408.88888888888,313.11452373782754,2.753222862948632,1.688114188547332,single_maturity_ea_slope
2024-01-01,PT,PSPP,46395.555555555555,516.4485032978232,2.834862403953182,1.7008791267491525,single_maturity_ea_slope
2024-02-01,PT,PSPP,44489.777777777774,0.0,2.9727080637544443,1.7008791267491525,single_maturity_ea_slope
2024-03-01,PT,PSPP,44452.444444444445,458.9827953790519,2.9469261666297997,1.7137448793682906,single_maturity_ea_slope
2024-04-01,PT,PSPP,44452.444444444445,501.2679797524182,3.049537855379857,1.7288079485610237,single_maturity_ea_slope
2024-05-01,PT,PSPP,44452.444444444445,506.7538126361656,3.093785229534273,1.7443685650791863,single_maturity_ea_slope
2024-06-01,PT,PSPP,44452.444444444445,513.0706884169488,3.1076293227194327,1.7601033383668163,single_maturity_ea_slope
2024-07-01,PT,PSPP,44452.444444444445,518.8193796036934,2.9951217227643476,1.774517651910205,single_maturity_ea_slope
2024-08-01,PT,PSPP,44452.444444444445,524.6983527436786,2.7240349162136366,1.785725362773088,single_maturity_ea_slope
2024-09-01,PT,PSPP,44452.444444444445,531.4735108135395,2.6055877348642627,1.7955276388621741,single_maturity_ea_slope
2024-10-01,PT,PSPP,44088.0,169.32650229480123,2.5476277462372607,1.7984161908617513,single_maturity_ea_slope
2024-11-01,PT,PSPP,44042.666666666664,490.2351797861977,2.6175077737135712,1.8075334296615677,single_maturity_ea_slope
2024-12-01,PT,PSPP,44042.666666666664,541.3307112422157,2.507850905596526,1.816141068254672,single_maturity_ea_slope
2025-01-01,PT,PSPP,44042.666666666664,548.6131871782096,2.7574852237038643,1.8278668300315677,single_maturity_ea_slope
2025-02-01,PT,PSPP,44042.666666666664,555.2529836947385,2.743996391689825,1.8394166227907491,single_maturity_ea_slope
2025-03-01,PT,PSPP,44042.666666666664,562.055470478135,2.9999150127842853,1.8542264542097582,single_maturity_ea_slope
2025-04-01,PT,PSPP,44042.666666666664,569.0267011197243,2.750093047989875,1.8658009580053672,single_maturity_ea_slope
2025-05-01,PT,PSPP,44042.666666666664,577.078965758211,2.698030121088953,1.8767054281715565,single_maturity_ea_slope
2025-06-01,PT,PSPP,44042.666666666664,584.4302901627742,2.66033817730781,1.8871039519127486,single_maturity_ea_slope
2025-07-01,PT,PSPP,44017.777777777774,567.0824372759839,2.7083156203104344,1.8976836480706392,single_maturity_ea_slope
2025-08-01,PT,PSPP,44017.777777777774,600.3515790749832,2.706603664926691,1.9087163815247592,single_maturity_ea_slope
2025-09-01,PT,PSPP,44017.777777777774,608.3164424789632,2.7148595183793636,1.919857110337012,single_maturity_ea_slope
2025-10-01,PT,PSPP,40448.0,0.0,2.6807458608304344,1.919857110337012,single_maturity_ea_slope
2025-11-01,PT,PSPP,40448.0,522.5839793281654,2.68007464616425,1.9296790423244439,single_maturity_ea_slope
2025-12-01,PT,PSPP,40448.0,529.9790356394129,2.7943817243295235,1.9410090040907577,single_maturity_ea_slope
2026-01-01,PT,PSPP,40409.777777777774,498.50813871195635,2.817306602955238,1.951819295782288,single_maturity_ea_slope
2026-02-01,PT,PSPP,40278.22222222222,409.84018101703066,2.7500686691290497,1.959941666870669,single_maturity_ea_slope
2026-03-01,PT,PSPP,40275.555555555555,543.9975871637134,3.057342135762182,1.9747641367036635,single_maturity_ea_slope
2026-04-01,PT,PSPP,40275.555555555555,553.8442733162206,3.1163075162535,1.9904619279515985,single_maturity_ea_slope
2026-05-01,PT,PSPP,40275.555555555555,562.1936844717414,3.118289267036275,2.0062049114675764,single_maturity_ea_slope
2026-06-01,PT,PSPP,40275.555555555555,569.8295919008992,3.041851907027068,2.0208575288354242,single_maturity_ea_slope
2026-07-01,PT,PSPP,37169.777777777774,0.0,3.1905483189390442,2.0208575288354242,single_maturity_ea_slope
2026-08-01,PT,PSPP,37169.777777777774,494.8053484794698,3.276871165228143,2.0375776251665307,single_maturity_ea_slope
2020-03-01,SI,PEPP,52.44444444444444,52.44444444444444,0.03446246032739263,0.03446246032739263,single_maturity_ea_slope
2020-04-01,SI,PEPP,410.66666666666663,358.80571626366014,0.14552579737343857,0.13150018808576638,single_maturity_ea_slope
2020-05-01,SI,PEPP,834.6666666666666,428.67516697024894,0.5943795767030099,0.3692296999099481,single_maturity_ea_slope
2020-06-01,SI,PEPP,1314.6666666666665,490.2438226149565,0.2475448024530678,0.3238529737813198,single_maturity_ea_slope
2020-07-01,SI,PEPP,1685.3333333333333,386.6835607537363,-0.06494167723880809,0.2346477720061204,single_maturity_ea_slope
2020-08-01,SI,PEPP,1916.4444444444443,251.20330631060241,-0.24905855423471357,0.17124461477539962,single_maturity_ea_slope
2020-09-01,SI,PEPP,2205.333333333333,311.60634318529037,-0.22970736069825753,0.11459142000351424,single_maturity_ea_slope
2020-10-01,SI,PEPP,2494.222222222222,313.1981187536746,-0.2448754357135512,0.06945336375422917,single_maturity_ea_slope
2020-11-01,SI,PEPP,2783.111111111111,313.9011454294244,-0.2556269664485125,0.03278824909178326,single_maturity_ea_slope
2020-12-01,SI,PEPP,3014.222222222222,257.4963131504658,-0.2796585400060717,0.00609682081710067,single_maturity_ea_slope
2021-01-01,SI,PEPP,3239.111111111111,251.95625798211984,-0.20035636891526717,-0.009962268034469035,single_maturity_ea_slope
2021-02-01,SI,PEPP,3469.333333333333,258.63547758284597,-0.00810399928273033,-0.009823735878603388,single_maturity_ea_slope
2021-03-01,SI,PEPP,3754.6666666666665,315.4804773490906,0.002540050502258445,-0.008784886474499213,single_maturity_ea_slope
2021-04-01,SI,PEPP,4026.6666666666665,305.3570244018005,-0.02480371111644632,-0.009999653186522194,single_maturity_ea_slope
2021-05-01,SI,PEPP,4300.444444444444,310.41048034934505,0.1431668173388713,0.0010560593807269463,single_maturity_ea_slope
2021-06-01,SI,PEPP,4593.777777777777,331.5391297480847,0.10389208763485247,0.008477874053402548,single_maturity_ea_slope
2021-07-01,SI,PEPP,4937.777777777777,384.3813095796218,0.10671780856053642,0.016125361724640522,single_maturity_ea_slope
2021-08-01,SI,PEPP,5181.333333333333,286.5975515264219,-0.1158094854384156,0.008827586861424251,single_maturity_ea_slope
2021-09-01,SI,PEPP,5336.0,200.30913789053352,0.014080088744478428,0.00902476154732436,single_maturity_ea_slope
2021-10-01,SI,PEPP,5361.777777777777,72.98230714791184,0.13035647934113773,0.01067627883539852,single_maturity_ea_slope
2021-11-01,SI,PEPP,5459.555555555556,145.51440329218158,0.11289615838750561,0.013400761556796512,single_maturity_ea_slope
2021-12-01,SI,PEPP,5408.0,0.0,0.1437390015710702,0.013400761556796512,single_maturity_ea_slope
2022-01-01,SI,PEPP,5609.777777777777,250.71009771986928,0.3582370789253547,0.028812057734571024,single_maturity_ea_slope
2022-02-01,SI,PEPP,5769.777777777777,212.05807143446341,0.6592874028015088,0.051984074216177366,single_maturity_ea_slope
2022-03-01,SI,PEPP,5776.888888888889,58.92305236270774,1.0078963746654153,0.061734178747677254,single_maturity_ea_slope
2022-04-01,SI,PEPP,5792.888888888889,68.04404404404404,1.526518405180524,0.0789397292648968,single_maturity_ea_slope
2022-05-01,SI,PEPP,5805.333333333333,64.97336073832255,1.7892714484307046,0.09808178250988224,single_maturity_ea_slope
2022-06-01,SI,PEPP,5815.11111111111,62.88181485546978,2.0546623805625517,0.1192393041058959,single_maturity_ea_slope
2022-07-01,SI,PEPP,5814.222222222222,52.77585004716808,2.0383831212092627,0.13665942367464634,single_maturity_ea_slope
2022-08-01,SI,PEPP,5822.222222222222,62.1967022951363,1.6521999050908593,0.1528493965992617,single_maturity_ea_slope
2022-09-01,SI,PEPP,5836.444444444444,69.1074241662481,1.6664951197547841,0.17077197909331865,single_maturity_ea_slope
2022-10-01,SI,PEPP,5844.444444444444,63.58518518518518,2.4488805052933107,0.19555687591068333,single_maturity_ea_slope
2022-11-01,SI,PEPP,5854.222222222222,66.01762039175394,3.5276920046821525,0.23313311126270594,single_maturity_ea_slope
2022-12-01,SI,PEPP,5860.444444444444,63.14775919443404,3.5030868148456875,0.26836768280557816,single_maturity_ea_slope
2023-01-01,SI,PEPP,5890.666666666666,87.8130677847654,3.2379516764031564,0.31263572499474834,single_maturity_ea_slope
2023-02-01,SI,PEPP,5923.555555555556,91.18923198733245,3.3754816678980806,0.35978621874962247,single_maturity_ea_slope
2023-03-01,SI,PEPP,5639.11111111111,0.0,3.531238475875051,0.35978621874962247,single_maturity_ea_slope
2023-04-01,SI,PEPP,5662.222222222222,76.3303552703328,3.317407093626731,0.39965682842797606,single_maturity_ea_slope
2023-05-01,SI,PEPP,5695.11111111111,87.0003397893304,3.1136070232448407,0.44111600007780205,single_maturity_ea_slope
2023-06-01,SI,PEPP,5715.555555555556,75.437792369427,3.363908608674318,0.4796930062503487,single_maturity_ea_slope
2023-07-01,SI,PEPP,5734.222222222222,74.30875735548572,3.3942151078011427,0.5174617754501248,single_maturity_ea_slope
2023-08-01,SI,PEPP,5760.888888888889,83.08365035637792,3.446623670760913,0.559706204641705,single_maturity_ea_slope
2023-09-01,SI,PEPP,5771.555555555556,67.88646095439927,3.43391951498,0.5935134109985905,single_maturity_ea_slope
2023-10-01,SI,PEPP,5802.666666666666,88.84976212707234,3.613305916092742,0.6397521252249343,single_maturity_ea_slope
2023-11-01,SI,PEPP,5818.666666666666,74.6127946127946,3.474548819539015,0.6761027387999605,single_maturity_ea_slope
2023-12-01,SI,PEPP,5830.222222222222,70.83292583537093,3.1892998513612634,0.7066362412803979,single_maturity_ea_slope
2024-01-01,SI,PEPP,5856.888888888889,86.50063856960438,2.9693856738636972,0.7400548829098785,single_maturity_ea_slope
2024-02-01,SI,PEPP,5880.888888888889,84.63031976075453,3.1489309078861907,0.774720381971242,single_maturity_ea_slope
2024-03-01,SI,PEPP,5902.222222222222,82.6692625040557,3.1443286936466,0.8079102152533795,single_maturity_ea_slope
2024-04-01,SI,PEPP,5926.222222222222,86.33863775055156,3.1509099137362067,0.8420451826291228,single_maturity_ea_slope
2024-05-01,SI,PEPP,5950.222222222222,87.23327168397591,3.1728363021115453,0.8762157610329112,single_maturity_ea_slope
2024-06-01,SI,PEPP,5960.0,73.92420104451202,3.255190130421983,0.9057231065970821,single_maturity_ea_slope
2024-07-01,SI,PEPP,5974.222222222222,79.0612126486795,3.125008682261739,0.9350925211081655,single_maturity_ea_slope
2024-08-01,SI,PEPP,5980.444444444444,71.90188605492075,2.8657362235500004,0.9583043283233598,single_maturity_ea_slope
2024-09-01,SI,PEPP,5706.666666666666,0.0,2.821552250937397,0.9583043283233598,single_maturity_ea_slope
2024-10-01,SI,PEPP,5714.666666666666,68.65759637188208,2.839964853650087,0.9809111217537353,single_maturity_ea_slope
2024-11-01,SI,PEPP,5726.222222222222,72.92439862542965,2.9386998060444443,1.0058438884010914,single_maturity_ea_slope
2024-12-01,SI,PEPP,5730.666666666666,66.57793209876533,2.7646321078338243,1.0262771973790175,single_maturity_ea_slope
2025-01-01,SI,PEPP,5730.666666666666,62.83625730994152,2.956755848927273,1.0474447264530116,single_maturity_ea_slope
2025-02-01,SI,PEPP,5730.666666666666,63.504728132387704,2.7811623062320003,1.0666570223282221,single_maturity_ea_slope
2025-03-01,SI,PEPP,5730.666666666666,64.18757467144563,3.0727905104985394,1.0891271554842517,single_maturity_ea_slope
2025-04-01,SI,PEPP,5728.888888888889,63.1074879227057,2.8412785362476,1.1084282580618792,single_maturity_ea_slope
2025-05-01,SI,PEPP,5728.888888888889,65.66814407254573,2.788262989437667,1.127683585106535,single_maturity_ea_slope
2025-06-01,SI,PEPP,5728.888888888889,66.3988049245351,2.756807249269397,1.1465654078251588,single_maturity_ea_slope
2025-07-01,SI,PEPP,5376.0,0.0,2.8035811987511736,1.1465654078251588,single_maturity_ea_slope
2025-08-01,SI,PEPP,5376.0,59.337748344370866,2.919504434773333,1.1661342712572578,single_maturity_ea_slope
2025-09-01,SI,PEPP,5375.11111111111,59.08433734939688,2.9316201683594993,1.185540858800046,single_maturity_ea_slope
2025-10-01,SI,PEPP,5375.11111111111,60.69456990866204,2.856752388475623,1.2044118110321549,single_maturity_ea_slope
2025-11-01,SI,PEPP,5375.11111111111,61.35971588026382,2.8522032507635,1.223222215595298,single_maturity_ea_slope
2025-12-01,SI,PEPP,5375.11111111111,62.0396019287986,2.988994107566666,1.2436027775986611,single_maturity_ea_slope
2026-01-01,SI,PEPP,5375.11111111111,62.822710508545,2.9153243155374446,1.2631413649986,single_maturity_ea_slope
2026-02-01,SI,PEPP,5187.555555555556,0.0,2.833127702154166,1.2631413649986,single_maturity_ea_slope
2026-03-01,SI,PEPP,4856.0,0.0,3.0787916763204093,1.2631413649986,single_maturity_ea_slope
2026-04-01,SI,PEPP,4854.222222222222,50.43727598566258,3.22281193776625,1.2835031121528981,single_maturity_ea_slope
2026-05-01,SI,PEPP,4854.222222222222,52.74035443526969,3.296382677210917,1.3053727293308426,single_maturity_ea_slope
2026-06-01,SI,PEPP,4836.444444444444,35.308641975309044,3.1931847118567878,1.319154770698913,single_maturity_ea_slope
2026-07-01,SI,PEPP,4836.444444444444,53.524174905317004,3.198405095249392,1.3399521403818533,single_maturity_ea_slope
2026-08-01,SI,PEPP,4836.444444444444,54.09893114591101,3.3612588839930955,1.3625618355005473,single_maturity_ea_slope
2015-03-01,SI,PSPP,185.77777777777777,185.77777777777777,0.7117145331843212,0.7117145331843212,single_maturity_ea_slope
2015-04-01,SI,PSPP,380.4444444444444,196.6213991769547,0.9283150161591176,0.8236580525254945,single_maturity_ea_slope
2015-05-01,SI,PSPP,585.7777777777777,209.56613756613754,1.3355203727667002,1.0067804130655775,single_maturity_ea_slope
2015-06-01,SI,PSPP,788.4444444444445,209.12365275328247,1.8150869731864856,1.221172208946683,single_maturity_ea_slope
2015-07-01,SI,PSPP,994.6666666666666,215.33507987876914,2.0433822531176067,1.3991722078126403,single_maturity_ea_slope
2015-08-01,SI,PSPP,1165.3333333333333,181.36200716845875,1.780334635873964,1.4584929026156195,single_maturity_ea_slope
2015-09-01,SI,PSPP,1367.111111111111,213.97766610831943,1.7819237291352796,1.509115688754717,single_maturity_ea_slope
2015-10-01,SI,PSPP,1584.888888888889,231.93006671267545,1.5584604744443638,1.5163367245744241,single_maturity_ea_slope
2015-11-01,SI,PSPP,1805.3333333333333,236.70972450282784,1.4021034504231698,1.5013588108816251,single_maturity_ea_slope
2015-12-01,SI,PSPP,1980.4444444444443,194.01116694584027,1.3288228184160829,1.4844565901037083,single_maturity_ea_slope
2016-01-01,SI,PSPP,2204.4444444444443,245.35019884049638,1.301818906282006,1.4641293860526599,single_maturity_ea_slope
2016-02-01,SI,PSPP,2453.333333333333,273.1883205957278,1.3018053221852197,1.4460539627917006,single_maturity_ea_slope
2016-03-01,SI,PSPP,2664.0,237.11484835417593,1.2117770516874222,1.4252016601455384,single_maturity_ea_slope
2016-04-01,SI,PSPP,2873.777777777778,237.49313358302126,1.1485868535795944,1.4023418142260649,single_maturity_ea_slope
2016-05-01,SI,PSPP,3088.8888888888887,243.92958060346723,1.2249103497527927,1.3883300500378122,single_maturity_ea_slope
2016-06-01,SI,PSPP,3314.6666666666665,256.9032200277666,1.1991987951141299,1.3736714332645459,single_maturity_ea_slope
2016-07-01,SI,PSPP,3512.8888888888887,231.82589889159226,0.7949951439575559,1.3354828781524954,single_maturity_ea_slope
2016-08-01,SI,PSPP,3648.8888888888887,171.4837261503928,0.6535776081215687,1.3034359564326894,single_maturity_ea_slope
2016-09-01,SI,PSPP,3843.555555555555,230.82291804289412,0.6028693648833212,1.261363759840902,single_maturity_ea_slope
2016-10-01,SI,PSPP,4043.555555555555,237.46155512237382,0.47905525353248835,1.215421966302731,single_maturity_ea_slope
2016-11-01,SI,PSPP,4235.555555555556,230.7313750532146,0.7428807651521488,1.1896803416963055,single_maturity_ea_slope
2016-12-01,SI,PSPP,4384.888888888889,189.1262265647832,0.8071817156783728,1.1731826552923712,single_maturity_ea_slope
2017-01-01,SI,PSPP,4527.111111111111,183.3717050383721,0.8342804650678655,1.1594553420152174,single_maturity_ea_slope
2017-02-01,SI,PSPP,4662.222222222222,177.5474732325119,0.8470570620535816,1.1475585420332264,single_maturity_ea_slope
2017-03-01,SI,PSPP,4795.555555555556,175.60955950509873,0.8751457945551494,1.137582996544492,single_maturity_ea_slope
2017-04-01,SI,PSPP,4896.0,143.97708383765018,0.8900335798102721,1.130303290023433,single_maturity_ea_slope
2017-05-01,SI,PSPP,5001.777777777777,149.74329501915668,0.8808546242889428,1.1228352922824758,single_maturity_ea_slope
2017-06-01,SI,PSPP,5143.11111111111,185.44072114442454,0.786807793290761,1.1107194385917474,single_maturity_ea_slope
2017-07-01,SI,PSPP,5290.666666666666,192.38741670540844,1.0892459723259398,1.1099385871484657,single_maturity_ea_slope
2017-08-01,SI,PSPP,5416.0,171.30714865021494,1.0342797134987647,1.107545509985427,single_maturity_ea_slope
2017-09-01,SI,PSPP,5557.333333333333,187.91056071551398,0.9368605752521191,1.1017741265056835,single_maturity_ea_slope
2017-10-01,SI,PSPP,5703.11111111111,190.95934959349552,0.9912917272317766,1.0980748040313641,single_maturity_ea_slope
2017-11-01,SI,PSPP,5928.888888888889,272.0092232310136,0.8336524663250415,1.0859434728439612,single_maturity_ea_slope
2017-12-01,SI,PSPP,6139.555555555556,258.49571546376995,0.7159611824650682,1.0703659874714453,single_maturity_ea_slope
2018-01-01,SI,PSPP,6235.555555555556,145.24250525790467,0.908259069941467,1.0665900905827208,single_maturity_ea_slope
2018-02-01,SI,PSPP,6337.777777777777,152.1866096866092,1.1662226778231632,1.0689825294150817,single_maturity_ea_slope
2018-03-01,SI,PSPP,6434.666666666666,146.20244147041512,1.1563512874514124,1.070967640127859,single_maturity_ea_slope
2018-04-01,SI,PSPP,6547.555555555555,162.77002583979308,0.9395793930326145,1.0677013725577287,single_maturity_ea_slope
2018-05-01,SI,PSPP,6648.0,151.2952952952961,1.0096312601469277,1.066379811967322,single_maturity_ea_slope
2018-06-01,SI,PSPP,6750.222222222222,153.94957983193225,1.0398162774715587,1.0657739882122148,single_maturity_ea_slope
2018-07-01,SI,PSPP,6853.333333333333,155.92975134759192,0.8338869920858141,1.0604980035361355,single_maturity_ea_slope
2018-08-01,SI,PSPP,6885.333333333333,84.88065843621398,0.8238336245218323,1.0575804645664708,single_maturity_ea_slope
2018-09-01,SI,PSPP,6954.666666666666,122.70801033591701,0.7992750852116124,1.053022929219505,single_maturity_ea_slope
2018-10-01,SI,PSPP,6991.11111111111,90.70994590095702,0.9629501281571238,1.051854231028093,single_maturity_ea_slope
2018-11-01,SI,PSPP,7019.555555555555,83.30250401060184,1.0509565584112703,1.0518435781632254,single_maturity_ea_slope
2018-12-01,SI,PSPP,7063.11111111111,99.00228190275593,0.9944980909315765,1.051039777401288,single_maturity_ea_slope
2019-01-01,SI,PSPP,7120.888888888889,113.9948353319896,1.0096893860935938,1.0503778191652329,single_maturity_ea_slope
2019-02-01,SI,PSPP,6908.444444444444,0.0,0.9205325797976134,1.0503778191652329,single_maturity_ea_slope
2019-03-01,SI,PSPP,6954.666666666666,99.97606944012122,0.7148189785145735,1.0455540288152323,single_maturity_ea_slope
2019-04-01,SI,PSPP,6999.11111111111,98.96519285042322,0.5597038393732513,1.0386842625075923,single_maturity_ea_slope
2019-05-01,SI,PSPP,7032.888888888889,89.11546840958655,0.4138805700495779,1.0307672209337657,single_maturity_ea_slope
2019-06-01,SI,PSPP,7058.666666666666,81.86142122984188,0.21534451562070947,1.021310525397308,single_maturity_ea_slope
2019-07-01,SI,PSPP,7103.11111111111,101.27750939345133,0.009522911797243636,1.006884265137875,single_maturity_ea_slope
2019-08-01,SI,PSPP,7123.555555555555,78.1370298173416,-0.048342706791460965,0.99530966580659,single_maturity_ea_slope
2019-09-01,SI,PSPP,7152.888888888889,87.70399504716183,-0.15243221691127193,0.981236813570108,single_maturity_ea_slope
2019-10-01,SI,PSPP,7219.555555555555,125.80099941210992,-0.08644631203422978,0.9626323990430788,single_maturity_ea_slope
2019-11-01,SI,PSPP,7259.555555555555,100.22318614911208,-0.010574972222241899,0.9491965980790146,single_maturity_ea_slope
2019-12-01,SI,PSPP,7296.888888888889,98.37904099861778,0.014498572722649438,0.9365946937937675,single_maturity_ea_slope
2020-01-01,SI,PSPP,7035.555555555555,0.0,0.10368714605111692,0.9365946937937675,single_maturity_ea_slope
2020-02-01,SI,PSPP,7063.11111111111,84.92309922446918,0.0495874517423582,0.9259297894981157,single_maturity_ea_slope
2020-03-01,SI,PSPP,7118.222222222222,113.21501956052815,0.024272999642184195,0.9115889768747422,single_maturity_ea_slope
2020-04-01,SI,PSPP,7200.888888888889,141.74885642614757,0.2714047281977749,0.8989870069579428,single_maturity_ea_slope
2020-05-01,SI,PSPP,7252.444444444444,112.04689366786151,0.7356531216926272,0.8964635743946364,single_maturity_ea_slope
2020-06-01,SI,PSPP,7304.888888888889,114.05202552195406,0.4097493149007945,0.8888644516714798,single_maturity_ea_slope
2020-07-01,SI,PSPP,7448.888888888889,207.14737974489012,0.07222996252949529,0.8661545284656978,single_maturity_ea_slope
2020-08-01,SI,PSPP,7540.444444444444,156.55458599961227,-0.12399640523725487,0.8455970307419127,single_maturity_ea_slope
2020-09-01,SI,PSPP,7670.222222222222,196.62568951930615,-0.11024391125217319,0.8210941051622781,single_maturity_ea_slope
2020-10-01,SI,PSPP,7808.0,206.58134991827183,-0.1634268685887793,0.7950459914609019,single_maturity_ea_slope
2020-11-01,SI,PSPP,7942.222222222222,203.9614147909963,-0.20998228847367068,0.7692362137759027,single_maturity_ea_slope
2020-12-01,SI,PSPP,8073.777777777777,202.34184987126173,-0.25667607520987323,0.7435252026392823,single_maturity_ea_slope
2021-01-01,SI,PSPP,7906.666666666666,0.0,-0.1788539409336196,0.7435252026392823,single_maturity_ea_slope
2021-02-01,SI,PSPP,8035.555555555555,195.7811618725322,0.011568800215180901,0.7256915539368534,single_maturity_ea_slope
2021-03-01,SI,PSPP,8180.444444444444,212.66516719148368,0.021962941610417147,0.7073968800943498,single_maturity_ea_slope
2021-04-01,SI,PSPP,8098.666666666666,0.0,0.02923654102285723,0.7073968800943498,single_maturity_ea_slope
2021-05-01,SI,PSPP,8225.777777777777,193.21188377407788,0.2219789997961985,0.6959951007606802,single_maturity_ea_slope
2021-06-01,SI,PSPP,8388.444444444443,230.53612027869394,0.1554297884598761,0.6811389697246569,single_maturity_ea_slope
2021-07-01,SI,PSPP,8560.888888888889,241.93122745011493,0.1429908139606964,0.6659308709438201,single_maturity_ea_slope
2021-08-01,SI,PSPP,8654.222222222223,164.46069199808045,-0.08864099631261399,0.6515913487701671,single_maturity_ea_slope
2021-09-01,SI,PSPP,8828.444444444443,246.41293144996706,0.04933481645823108,0.6347816153515846,single_maturity_ea_slope
2021-10-01,SI,PSPP,8968.888888888889,214.75794986906178,0.16316491023123067,0.6234888634878478,single_maturity_ea_slope
2021-11-01,SI,PSPP,9095.111111111111,202.3329561740971,0.13956454454648598,0.6127233173807392,single_maturity_ea_slope
2021-12-01,SI,PSPP,9198.22222222222,181.1673341724819,0.15589687121409326,0.6037257059475698,single_maturity_ea_slope
2022-01-01,SI,PSPP,9309.333333333332,190.790790790791,0.379911506318525,0.5991387299946803,single_maturity_ea_slope
2022-02-01,SI,PSPP,9371.555555555555,143.71148459383795,0.6808411307301216,0.6003916248033346,single_maturity_ea_slope
2022-03-01,SI,PSPP,9214.22222222222,0.0,1.0261776057587204,0.6003916248033346,single_maturity_ea_slope
2022-04-01,SI,PSPP,9395.555555555555,260.41179387420436,1.540920450003136,0.626459779806245,single_maturity_ea_slope
2022-05-01,SI,PSPP,9504.888888888889,190.0511645666291,1.808619054974335,0.6500971678467907,single_maturity_ea_slope
2022-06-01,SI,PSPP,9576.888888888889,154.08021492995584,2.0761031833672954,0.6730398286536554,single_maturity_ea_slope
2022-07-01,SI,PSPP,9663.111111111111,169.87778554235618,2.071831170882743,0.6976306227489926,single_maturity_ea_slope
2022-08-01,SI,PSPP,9727.111111111111,148.85345197673965,1.682190520373904,0.7126972892818675,single_maturity_ea_slope
2022-09-01,SI,PSPP,9822.22222222222,181.34436564223637,1.6826698895283365,0.7306055652200848,single_maturity_ea_slope
2022-10-01,SI,PSPP,9887.111111111111,152.2441203209629,2.4791957746678284,0.7575307787882878,single_maturity_ea_slope
2022-11-01,SI,PSPP,9933.333333333332,134.72124756335143,3.543363793455735,0.7953137552217614,single_maturity_ea_slope
2022-12-01,SI,PSPP,9976.888888888889,133.04504504504604,3.51112944834564,0.8315300371960063,single_maturity_ea_slope
2023-01-01,SI,PSPP,10031.111111111111,144.592592592593,3.243658777054293,0.8662994604732429,single_maturity_ea_slope
2023-02-01,SI,PSPP,10079.111111111111,139.05946905511178,3.377655042833181,0.9009481284005743,single_maturity_ea_slope
2023-03-01,SI,PSPP,9794.666666666666,0.0,3.53521361182063,0.9009481284005743,single_maturity_ea_slope
2023-04-01,SI,PSPP,9808.888888888889,101.7058473264265,3.327062181820436,0.9261038813414735,single_maturity_ea_slope
2023-05-01,SI,PSPP,9830.22222222222,109.79733846400391,3.128391670051624,0.9507020371375372,single_maturity_ea_slope
2023-06-01,SI,PSPP,9838.22222222222,97.43069707261846,3.3701337454645452,0.9746623535989244,single_maturity_ea_slope
2023-07-01,SI,PSPP,9838.22222222222,90.29205416870613,3.39630409665073,0.9968874063068154,single_maturity_ea_slope
2023-08-01,SI,PSPP,9838.22222222222,91.1959790713962,3.4579672597833477,1.0197005306438245,single_maturity_ea_slope
2023-09-01,SI,PSPP,9838.22222222222,92.01479818763768,3.445572839334286,1.0423891979529383,single_maturity_ea_slope
2023-10-01,SI,PSPP,9831.111111111111,85.73734323224856,3.6302801927116817,1.0649582540807352,single_maturity_ea_slope
2023-11-01,SI,PSPP,9831.111111111111,93.62962962962963,3.490392013956439,1.0880576232224086,single_maturity_ea_slope
2023-12-01,SI,PSPP,9819.555555555555,82.82915173237653,3.2087229691191577,1.1059456947053892,single_maturity_ea_slope
2024-01-01,SI,PSPP,9819.555555555555,95.26150131505194,2.992039255397773,1.1242430711187805,single_maturity_ea_slope
2024-02-01,SI,PSPP,9819.555555555555,96.15702659180918,3.1656959244873972,1.1442337962790685,single_maturity_ea_slope
2024-03-01,SI,PSPP,9819.555555555555,97.06954878959624,3.1565154472762,1.1641258647942636,single_maturity_ea_slope
2024-04-01,SI,PSPP,9813.333333333332,91.77733422044759,3.165972207424048,1.1828477521086842,single_maturity_ea_slope
2024-05-01,SI,PSPP,9813.333333333332,99.00457358084475,3.184582267431091,1.2030428138048344,single_maturity_ea_slope
2024-06-01,SI,PSPP,9809.777777777777,96.29521096187842,3.2683234079576162,1.2233161201951108,single_maturity_ea_slope
2024-07-01,SI,PSPP,9809.777777777777,100.92363968907179,3.1409899556826084,1.2430452748811962,single_maturity_ea_slope
2024-08-01,SI,PSPP,9809.777777777777,101.93035928696777,2.8883296374500005,1.2601409145587608,single_maturity_ea_slope
2024-09-01,SI,PSPP,9500.444444444443,0.0,2.838066600566318,1.2601409145587608,single_maturity_ea_slope
2024-10-01,SI,PSPP,9496.888888888889,93.8249738052944,2.857423276076696,1.2759213430214351,single_maturity_ea_slope
2024-11-01,SI,PSPP,9496.888888888889,98.31147918104439,2.9544038490119044,1.2932969383215436,single_maturity_ea_slope
2024-12-01,SI,PSPP,9496.888888888889,99.42304113158384,2.7797627155090523,1.3088587659721667,single_maturity_ea_slope
2025-01-01,SI,PSPP,9496.888888888889,100.43241210753901,2.9734676665524247,1.3264624980002997,single_maturity_ea_slope
2025-02-01,SI,PSPP,9496.888888888889,101.4624881291548,2.79796656198,1.3421836952650399,single_maturity_ea_slope
2025-03-01,SI,PSPP,9496.888888888889,102.6468751501177,3.0946446363443965,1.3611251235084398,single_maturity_ea_slope
2025-04-01,SI,PSPP,9490.666666666666,97.36513476827574,2.8687186914940668,1.3765915871487924,single_maturity_ea_slope
2025-05-01,SI,PSPP,9490.666666666666,104.75349521707138,2.8161334520594448,1.3924805702052012,single_maturity_ea_slope
2025-06-01,SI,PSPP,9490.666666666666,105.8753532649115,2.7830328614418414,1.4079932017451013,single_maturity_ea_slope
2025-07-01,SI,PSPP,8834.666666666666,0.0,2.836500272342782,1.4079932017451013,single_maturity_ea_slope
2025-08-01,SI,PSPP,8834.666666666666,93.42921601804849,2.9532446537630475,1.4243346934119578,single_maturity_ea_slope
2025-09-01,SI,PSPP,8834.666666666666,94.38746438746439,2.9653218855299994,1.4407982317892873,single_maturity_ea_slope
2025-10-01,SI,PSPP,8834.666666666666,95.48926358264879,2.888649988400449,1.4564472996298747,single_maturity_ea_slope
2025-11-01,SI,PSPP,8834.666666666666,96.4904616280763,2.88371174233685,1.4720355962955254,single_maturity_ea_slope
2025-12-01,SI,PSPP,8834.666666666666,97.64220453875625,3.0190379512999996,1.4891333234728514,single_maturity_ea_slope
2026-01-01,SI,PSPP,8834.666666666666,98.68930592791182,2.9469072339599682,1.5054176611681944,single_maturity_ea_slope
2026-02-01,SI,PSPP,8562.666666666666,0.0,2.861238255503333,1.5054176611681944,single_maturity_ea_slope
2026-03-01,SI,PSPP,8233.777777777777,0.0,3.0819475901209548,1.5054176611681944,single_maturity_ea_slope
2026-04-01,SI,PSPP,8233.777777777777,88.08063519231683,3.2259619477615167,1.5238231413414223,single_maturity_ea_slope
2026-05-01,SI,PSPP,8233.777777777777,88.9945717442475,3.2993632321085835,1.5430140199705529,single_maturity_ea_slope
2026-06-01,SI,PSPP,8201.777777777777,57.57547625954936,3.195988330144909,1.5546176973355927,single_maturity_ea_slope
2026-07-01,SI,PSPP,8201.777777777777,90.2881745682274,3.201183960103653,1.5727437019895785,single_maturity_ea_slope
2026-08-01,SI,PSPP,8201.777777777777,91.25253424318845,3.364062666204968,1.5926738195264654,single_maturity_ea_slope
2020-03-01,SK,PEPP,94.22222222222221,94.22222222222221,-0.29592739585433714,-0.29592739585433714,single_maturity_ea_slope
2020-04-01,SK,PEPP,1006.2222222222222,913.0277292999806,0.5746144947415597,0.49398647016615255,single_maturity_ea_slope
2020-05-01,SK,PEPP,2047.111111111111,1052.1441710166544,0.42112725395249073,0.4565393578780274,single_maturity_ea_slope
2020-06-01,SK,PEPP,3054.222222222222,1031.727646838758,-0.12516001426166634,0.2600391425306969,single_maturity_ea_slope
2020-07-01,SK,PEPP,3368.8888888888887,350.16436799421444,-0.29869223900424535,0.20196426159918446,single_maturity_ea_slope
2020-08-01,SK,PEPP,3601.7777777777774,273.16733088899497,-0.3718902595407423,0.15844177977769552,single_maturity_ea_slope
2020-09-01,SK,PEPP,3855.111111111111,297.4727668845317,-0.4289061156733043,0.11312012793735253,single_maturity_ea_slope
2020-10-01,SK,PEPP,3954.6666666666665,141.33179213023175,-0.4561640231550424,0.09277506321081194,single_maturity_ea_slope
2020-11-01,SK,PEPP,4183.111111111111,270.8037703513285,-0.49279429912171474,0.05486682053930634,single_maturity_ea_slope
2020-12-01,SK,PEPP,4587.555555555556,448.85114413776824,-0.612950248771119,-0.010473086957119768,single_maturity_ea_slope
2021-01-01,SK,PEPP,4782.222222222222,239.11972437553771,-0.4933422728907972,-0.034617415949896514,single_maturity_ea_slope
2021-02-01,SK,PEPP,5084.444444444444,348.13449394094596,-0.25674455810640795,-0.0498265742109728,single_maturity_ea_slope
2021-03-01,SK,PEPP,5235.555555555556,199.0413943355122,-0.13251756443263457,-0.05297025778343319,single_maturity_ea_slope
2021-04-01,SK,PEPP,5553.777777777777,366.16687016686967,-0.1204376451690351,-0.05741845918179855,single_maturity_ea_slope
2021-05-01,SK,PEPP,5672.888888888889,167.6241944250332,0.03173387616176279,-0.05478415967659497,single_maturity_ea_slope
2021-06-01,SK,PEPP,5848.888888888889,225.97259415864067,-0.014567504318031697,-0.05323038388902228,single_maturity_ea_slope
2021-07-01,SK,PEPP,5959.11111111111,162.63162086817948,-0.1829929500146625,-0.05677176716977341,single_maturity_ea_slope
2021-08-01,SK,PEPP,6068.444444444444,163.6651268336176,-0.2994908124478124,-0.06331786703013088,single_maturity_ea_slope
2021-09-01,SK,PEPP,6123.555555555556,110.62194576574399,-0.13495133521743385,-0.06461192463456279,single_maturity_ea_slope
2021-10-01,SK,PEPP,6373.333333333333,303.15605144893806,0.10402060501741486,-0.05659069474411203,single_maturity_ea_slope
2021-11-01,SK,PEPP,6452.444444444444,135.25393469579535,-0.0127063663605421,-0.05567080645426078,single_maturity_ea_slope
2021-12-01,SK,PEPP,6583.11111111111,188.4842692154514,-0.0534060350004646,-0.05560596267672096,single_maturity_ea_slope
2022-01-01,SK,PEPP,6757.333333333333,233.98176389897563,0.20900114521365926,-0.04644358533195019,single_maturity_ea_slope
2022-02-01,SK,PEPP,6923.555555555555,228.3757664949713,0.6750805476798218,-0.02264387352217603,single_maturity_ea_slope
2022-03-01,SK,PEPP,7079.11111111111,220.31009685330682,0.9443986783129202,0.007451605262111569,single_maturity_ea_slope
2022-04-01,SK,PEPP,7079.11111111111,66.80927813430644,1.4918947120816175,0.021461072106387764,single_maturity_ea_slope
2022-05-01,SK,PEPP,7079.11111111111,67.42010582010582,1.818488395726396,0.03857561804562593,single_maturity_ea_slope
2022-06-01,SK,PEPP,7079.11111111111,68.04220598914947,2.3289650967957236,0.06059012668413129,single_maturity_ea_slope
2022-07-01,SK,PEPP,7079.11111111111,68.75593542260208,2.051070136203251,0.07992268310914216,single_maturity_ea_slope
2022-08-01,SK,PEPP,7079.11111111111,69.40305010893246,1.9462524128644239,0.0982200334008606,single_maturity_ea_slope
2022-09-01,SK,PEPP,7079.11111111111,70.14577002686396,2.826025207250092,0.12524941483020297,single_maturity_ea_slope
2022-10-01,SK,PEPP,7079.11111111111,70.81943888666576,3.4665823550718637,0.15867611491265257,single_maturity_ea_slope
2022-11-01,SK,PEPP,7079.11111111111,71.50617283950616,3.324156722532662,0.19065066650477389,single_maturity_ea_slope
2022-12-01,SK,PEPP,7079.11111111111,72.2948438634713,3.1739515799413045,0.2211173833495097,single_maturity_ea_slope
2023-01-01,SK,PEPP,7136.888888888889,130.96958000183855,3.23643253435666,0.27645165645489767,single_maturity_ea_slope
2023-02-01,SK,PEPP,6897.777777777777,0.0,3.396388682704982,0.27645165645489767,single_maturity_ea_slope
2023-03-01,SK,PEPP,6967.11111111111,138.67167046419127,3.5665625868021644,0.34193721732045246,single_maturity_ea_slope
2023-04-01,SK,PEPP,6995.555555555555,98.99032446784562,3.6216539877942853,0.38834671613631266,single_maturity_ea_slope
2023-05-01,SK,PEPP,7037.333333333333,113.21931735657276,3.539552095914459,0.4390445167163868,single_maturity_ea_slope
2023-06-01,SK,PEPP,7061.333333333333,96.31127551719413,3.598800927295227,0.48214121756039346,single_maturity_ea_slope
2023-07-01,SK,PEPP,7095.11111111111,106.9673852957431,3.6791261189515554,0.5303396333958049,single_maturity_ea_slope
2023-08-01,SK,PEPP,7130.666666666666,109.83435697003546,3.751998227681217,0.5799631562193361,single_maturity_ea_slope
2023-09-01,SK,PEPP,7145.777777777777,90.52002256063189,3.8575952930171424,0.6214829661259711,single_maturity_ea_slope
2023-10-01,SK,PEPP,7191.11111111111,121.57936169203744,4.0484706684090455,0.6794226879481333,single_maturity_ea_slope
2023-11-01,SK,PEPP,6993.777777777777,0.0,3.8007946778836965,0.6794226879481333,single_maturity_ea_slope
2023-12-01,SK,PEPP,7009.777777777777,89.2179415596501,3.23485867954779,0.7119473622225068,single_maturity_ea_slope
2024-01-01,SK,PEPP,7063.11111111111,127.0894126449679,3.2858368519343033,0.7582603959996392,single_maturity_ea_slope
2024-02-01,SK,PEPP,7105.777777777777,117.55122043162784,3.433625227116127,0.8025190839058564,single_maturity_ea_slope
2024-03-01,SK,PEPP,7149.333333333333,119.37478067055541,3.4523932035253995,0.8467649075492027,single_maturity_ea_slope
2024-04-01,SK,PEPP,7192.888888888889,120.62900675578564,3.604480855062175,0.8930134372848633,single_maturity_ea_slope
2024-05-01,SK,PEPP,7248.888888888889,133.84511784511784,3.630822066144545,0.9435649527217723,single_maturity_ea_slope
2024-06-01,SK,PEPP,7010.666666666666,0.0,3.6326002510896496,0.9435649527217723,single_maturity_ea_slope
2024-07-01,SK,PEPP,7037.333333333333,101.0898796886061,3.513136686693478,0.9804763345101074,single_maturity_ea_slope
2024-08-01,SK,PEPP,7046.222222222222,84.36436436436416,3.2700164704613637,1.0078889809133187,single_maturity_ea_slope
2024-09-01,SK,PEPP,7061.333333333333,91.36892736892756,3.227024123632699,1.0366031044514081,single_maturity_ea_slope
2024-10-01,SK,PEPP,7080.888888888889,96.98245614035099,3.1845165040556522,1.0660217156369705,single_maturity_ea_slope
2024-11-01,SK,PEPP,6838.222222222222,0.0,3.213090437105555,1.0660217156369705,single_maturity_ea_slope
2024-12-01,SK,PEPP,6844.444444444444,79.75149342891318,3.0944707597526313,1.089657211830381,single_maturity_ea_slope
2025-01-01,SK,PEPP,6844.444444444444,74.46088386036166,3.2938129527040916,1.113636277766779,single_maturity_ea_slope
2025-02-01,SK,PEPP,6844.444444444444,75.14761137949544,3.078263370169,1.1352066235331626,single_maturity_ea_slope
2025-03-01,SK,PEPP,6844.444444444444,76.04938271604938,3.3105989829087297,1.159377649748447,single_maturity_ea_slope
2025-04-01,SK,PEPP,6844.444444444444,76.86932215234103,3.2387085695147,1.182730422881491,single_maturity_ea_slope
2025-05-01,SK,PEPP,6468.444444444444,0.0,3.2717585410161587,1.182730422881491,single_maturity_ea_slope
2025-06-01,SK,PEPP,6468.444444444444,69.64302804096086,3.217464844608127,1.2046375548983583,single_maturity_ea_slope
2025-07-01,SK,PEPP,6468.444444444444,70.46235778261921,3.194272294120362,1.2263111359356351,single_maturity_ea_slope
2025-08-01,SK,PEPP,6468.444444444444,71.20700621361122,3.205549296530286,1.248099314718051,single_maturity_ea_slope
2025-09-01,SK,PEPP,6468.444444444444,71.96756168718785,3.2189956966728634,1.2700274008546197,single_maturity_ea_slope
2025-10-01,SK,PEPP,6240.888888888889,0.0,3.1732149884004492,1.2700274008546197,single_maturity_ea_slope
2025-11-01,SK,PEPP,6240.888888888889,68.16173972137274,3.1462117423368503,1.2905187108314897,single_maturity_ea_slope
2025-12-01,SK,PEPP,6240.888888888889,68.88398332106942,3.2358268214166666,1.3119901027805534,single_maturity_ea_slope
2026-01-01,SK,PEPP,6240.888888888889,69.71502333432629,3.1669572339599683,1.3327113620653994,single_maturity_ea_slope
2026-02-01,SK,PEPP,6189.333333333333,18.159467778770633,3.026840325838333,1.337681926530724,single_maturity_ea_slope
2026-03-01,SK,PEPP,6189.333333333333,69.98341625207297,3.2952256676141367,1.3598160710477234,single_maturity_ea_slope
2026-04-01,SK,PEPP,6189.333333333333,70.75140984606004,3.3448368228206835,1.3825072090423847,single_maturity_ea_slope
2026-05-01,SK,PEPP,5955.555555555556,0.0,3.3280507350690836,1.3825072090423847,single_maturity_ea_slope
2026-06-01,SK,PEPP,5955.555555555556,66.61695252299279,3.444542334132273,1.4055724788979762,single_maturity_ea_slope
2026-07-01,SK,PEPP,5955.555555555556,67.43156199677938,3.5462469196187834,1.4298101876923692,single_maturity_ea_slope
2026-08-01,SK,PEPP,5955.555555555556,68.17256817256818,3.6589138095926352,1.4553264837306048,single_maturity_ea_slope
2015-03-01,SK,PSPP,449.77777777777777,449.77777777777777,0.4814117363155965,0.4814117363155965,single_maturity_ea_slope
2015-04-01,SK,PSPP,913.7777777777777,468.04767618590506,0.9131505345950706,0.7025534035439559,single_maturity_ea_slope
2015-05-01,SK,PSPP,1384.0,478.42784163473823,0.847001859917141,0.7524870474818841,single_maturity_ea_slope
2015-06-01,SK,PSPP,1869.3333333333333,497.86956521739125,1.0467498272742575,0.8308596307031163,single_maturity_ea_slope
2015-07-01,SK,PSPP,2262.222222222222,410.51080945198595,1.0892557038051698,0.8777490919091598,single_maturity_ea_slope
2015-08-01,SK,PSPP,2638.222222222222,397.7688820460183,0.8174881831427164,0.8686634606423156,single_maturity_ea_slope
2015-09-01,SK,PSPP,3053.333333333333,440.4688794907939,0.7192247841911382,0.8471056812638099,single_maturity_ea_slope
2015-10-01,SK,PSPP,3388.4444444444443,365.18728657735767,0.5612457080227283,0.81629731781546,single_maturity_ea_slope
2015-11-01,SK,PSPP,3862.222222222222,506.9198400278213,0.5039750567161125,0.7753047644293128,single_maturity_ea_slope
2015-12-01,SK,PSPP,4108.444444444444,283.73409306742633,0.5242786285053125,0.7579685988864323,single_maturity_ea_slope
2016-01-01,SK,PSPP,4619.555555555556,551.8694885361554,0.4957798458375372,0.7266465439170934,single_maturity_ea_slope
2016-02-01,SK,PSPP,5112.0,538.7140313390312,0.3582608775701513,0.6878252357392225,single_maturity_ea_slope
2016-03-01,SK,PSPP,5496.888888888889,436.5252525252523,0.22749119403215373,0.6512686602173244,single_maturity_ea_slope
2016-04-01,SK,PSPP,5789.333333333333,348.103505692813,0.18492168886225227,0.6232279504756283,single_maturity_ea_slope
2016-05-01,SK,PSPP,6076.444444444444,346.6721536351168,0.20624704410077283,0.5994384350510517,single_maturity_ea_slope
2016-06-01,SK,PSPP,6283.555555555556,270.24956128198045,0.5885066267780213,0.5989682686995832,single_maturity_ea_slope
2016-07-01,SK,PSPP,6480.0,262.6428805543849,0.3050849162198268,0.5870567918103451,single_maturity_ea_slope
2016-08-01,SK,PSPP,6589.333333333333,178.2108843537412,0.1199549334529077,0.574423854447766,single_maturity_ea_slope
2016-09-01,SK,PSPP,6707.555555555555,188.172682236376,0.11984977012524564,0.5616713063676736,single_maturity_ea_slope
2016-10-01,SK,PSPP,6853.333333333333,217.25641754286306,0.2102588639316031,0.5505312370597483,single_maturity_ea_slope
2016-11-01,SK,PSPP,7057.777777777777,277.852042273636,0.47166561433674653,0.5474264390583485,single_maturity_ea_slope
2016-12-01,SK,PSPP,7249.777777777777,266.6380898665162,0.7218796701222573,0.5538426186610537,single_maturity_ea_slope
2017-01-01,SK,PSPP,7546.666666666666,373.17022072577606,0.7387855779831787,0.5629877429921379,single_maturity_ea_slope
2017-02-01,SK,PSPP,7814.222222222222,346.6610761705102,0.7910243488376956,0.5731040940429032,single_maturity_ea_slope
2017-03-01,SK,PSPP,8075.555555555555,341.9255592225886,0.8141899945010951,0.5833118662225074,single_maturity_ea_slope
2017-04-01,SK,PSPP,8282.666666666666,290.1929583904895,0.8031997580969721,0.5910158968717306,single_maturity_ea_slope
2017-05-01,SK,PSPP,8470.222222222223,272.34944034944135,0.7786364460797692,0.5970486018273107,single_maturity_ea_slope
2017-06-01,SK,PSPP,8680.888888888889,296.5367216364777,0.6233184037410088,0.5979459708683427,single_maturity_ea_slope
2017-07-01,SK,PSPP,8876.444444444443,283.5613228800569,0.6814723425913023,0.6006142519136836,single_maturity_ea_slope
2017-08-01,SK,PSPP,8929.777777777777,143.54110207768804,0.5831013519457962,0.6003327420010603,single_maturity_ea_slope
2017-09-01,SK,PSPP,9088.0,249.3052268915186,0.5613382345528328,0.5992630308955472,single_maturity_ea_slope
2017-10-01,SK,PSPP,9290.666666666666,293.14854639585764,0.6011724212521075,0.5993232779184585,single_maturity_ea_slope
2017-11-01,SK,PSPP,9412.444444444443,213.94708994708952,0.5397375365079039,0.5979688799135224,single_maturity_ea_slope
2017-12-01,SK,PSPP,9584.888888888889,265.71083806755706,0.4646445592380898,0.5942728832888227,single_maturity_ea_slope
2018-01-01,SK,PSPP,9751.111111111111,260.747753670831,0.5007902408079317,0.5917731282602567,single_maturity_ea_slope
2018-02-01,SK,PSPP,9876.444444444443,221.3844672095251,0.5799286929224677,0.5915076304871053,single_maturity_ea_slope
2018-03-01,SK,PSPP,9998.22222222222,219.06347955520488,0.624385166485072,0.5922279852936736,single_maturity_ea_slope
2018-04-01,SK,PSPP,10149.333333333332,247.99310938845844,0.5893812163094753,0.5921584261345727,single_maturity_ea_slope
2018-05-01,SK,PSPP,10267.555555555555,216.34029389017826,0.58955209653231,0.592103510034136,single_maturity_ea_slope
2018-06-01,SK,PSPP,10432.0,263.9362618432394,0.8474090744866367,0.5985629038521355,single_maturity_ea_slope
2018-07-01,SK,PSPP,10567.111111111111,236.55023985479082,0.7841119902849504,0.6027165159831152,single_maturity_ea_slope
2018-08-01,SK,PSPP,10681.777777777777,217.78055338711016,0.7632383290710956,0.6059892417420922,single_maturity_ea_slope
2018-09-01,SK,PSPP,10890.666666666666,312.51498296899905,0.823937750572376,0.6122434203530019,single_maturity_ea_slope
2018-10-01,SK,PSPP,10965.333333333332,181.56366967674327,0.9024830739076674,0.6170492000756209,single_maturity_ea_slope
2018-11-01,SK,PSPP,10372.444444444443,0.0,0.9116826006085775,0.6170492000756209,single_maturity_ea_slope
2018-12-01,SK,PSPP,10386.666666666666,109.52215280329983,0.8445494020727131,0.6194480747758044,single_maturity_ea_slope
2019-01-01,SK,PSPP,10463.111111111111,172.93893224328087,0.7720900336601224,0.6219710086436235,single_maturity_ea_slope
2019-02-01,SK,PSPP,10530.666666666666,165.85611090233334,0.6726708277228072,0.6227695216990735,single_maturity_ea_slope
2019-03-01,SK,PSPP,10599.111111111111,167.71543489190628,0.5707299004907728,0.621946070787854,single_maturity_ea_slope
2019-04-01,SK,PSPP,10670.22222222222,171.25388426975567,0.461656574068651,0.6193734721719003,single_maturity_ea_slope
2019-05-01,SK,PSPP,10597.333333333332,27.0195588847276,0.3501351695904526,0.6186870070073347,single_maturity_ea_slope
2019-06-01,SK,PSPP,10658.666666666666,161.2327802916044,0.15849863288319663,0.6117257750504382,single_maturity_ea_slope
2019-07-01,SK,PSPP,10736.0,178.38250537226708,-0.07155735094057505,0.6003727799039338,single_maturity_ea_slope
2019-08-01,SK,PSPP,10793.777777777777,160.37716615698224,-0.4125852261154709,0.5853219480463535,single_maturity_ea_slope
2019-09-01,SK,PSPP,10861.333333333332,171.3019778717579,-0.40921332741820543,0.5696364097683355,single_maturity_ea_slope
2019-10-01,SK,PSPP,10960.0,203.9121447028436,-0.27383585486684847,0.5539435047976125,single_maturity_ea_slope
2019-11-01,SK,PSPP,11046.22222222222,193.16991933385236,0.0039040555526799886,0.5443247343344101,single_maturity_ea_slope
2019-12-01,SK,PSPP,11130.666666666666,192.86829821576663,0.03296127568000695,0.5354640072105118,single_maturity_ea_slope
2020-01-01,SK,PSPP,11255.111111111111,234.47475945696667,0.0434025227793981,0.5252130201646243,single_maturity_ea_slope
2020-02-01,SK,PSPP,11318.22222222222,175.30320751373222,-0.08854387861883542,0.5157067964063408,single_maturity_ea_slope
2020-03-01,SK,PSPP,11426.666666666666,222.08121374386513,-0.04398224960099273,0.5048290464655776,single_maturity_ea_slope
2020-04-01,SK,PSPP,10921.777777777777,0.0,0.6356118131601536,0.5048290464655776,single_maturity_ea_slope
2020-05-01,SK,PSPP,11039.111111111111,220.8769224286864,0.4939374656009857,0.5046111214136834,single_maturity_ea_slope
2020-06-01,SK,PSPP,11162.666666666666,229.7825677871859,-0.03206730543650156,0.4935636404953584,single_maturity_ea_slope
2020-07-01,SK,PSPP,11495.111111111111,441.1152647975086,-0.23008014988201878,0.4657944158984041,single_maturity_ea_slope
2020-08-01,SK,PSPP,11718.22222222222,336.207442389259,-0.29878777780666665,0.443857792836719,single_maturity_ea_slope
2020-09-01,SK,PSPP,12024.0,422.586213007267,-0.3518666907559401,0.41589187499585195,single_maturity_ea_slope
2020-10-01,SK,PSPP,12342.22222222222,439.0907385069012,-0.42791596519269376,0.38587230469195644,single_maturity_ea_slope
2020-11-01,SK,PSPP,12674.666666666666,457.2646530025179,-0.47220944434874684,0.3549152417930328,single_maturity_ea_slope
2020-12-01,SK,PSPP,12990.22222222222,444.67807660961614,-0.599407010587645,0.32224711830793656,single_maturity_ea_slope
2021-01-01,SK,PSPP,13230.22222222222,373.15110928887066,-0.5131582359327076,0.29868497177670483,single_maturity_ea_slope
2021-02-01,SK,PSPP,13448.888888888889,355.28606177429094,-0.2910314372313389,0.2831061368074277,single_maturity_ea_slope
2021-03-01,SK,PSPP,13502.22222222222,189.8425587585137,-0.17471212097794464,0.2766691675386731,single_maturity_ea_slope
2021-04-01,SK,PSPP,13772.444444444443,408.45136045136087,-0.18981113334933908,0.26283469434184514,single_maturity_ea_slope
2021-05-01,SK,PSPP,13968.888888888889,337.0944081336246,-0.07806349535294854,0.2546082080118983,single_maturity_ea_slope
2021-06-01,SK,PSPP,14224.888888888889,399.1825429365405,-0.11347641310133214,0.2442789213496607,single_maturity_ea_slope
2021-07-01,SK,PSPP,14423.11111111111,343.1375532011215,-0.2546776700381227,0.23240833790872192,single_maturity_ea_slope
2021-08-01,SK,PSPP,14570.666666666666,295.5759897828873,-0.359321892327776,0.2204046834097325,single_maturity_ea_slope
2021-09-01,SK,PSPP,14797.333333333332,375.8340158340152,-0.19947413876901893,0.20974027919930513,single_maturity_ea_slope
2021-10-01,SK,PSPP,14916.444444444443,269.85819070904665,0.009696366208397672,0.2061212204736723,single_maturity_ea_slope
2021-11-01,SK,PSPP,15032.0,266.2267115600459,-0.0828558169091643,0.20100324506262937,single_maturity_ea_slope
2021-12-01,SK,PSPP,15140.444444444443,259.7326892109491,-0.10301014314399887,0.1957879282227057,single_maturity_ea_slope
2022-01-01,SK,PSPP,15295.11111111111,307.972098465415,0.1587799110099718,0.19504275961044434,single_maturity_ea_slope
2022-02-01,SK,PSPP,15396.444444444443,256.96124451680066,0.6403550971281675,0.20247486595552514,single_maturity_ea_slope
2022-03-01,SK,PSPP,15523.555555555555,284.92624481800397,0.90961975086712,0.215454117769264,single_maturity_ea_slope
2022-04-01,SK,PSPP,15821.333333333332,457.88045471213746,1.4684131172621417,0.25171562774040823,single_maturity_ea_slope
2022-05-01,SK,PSPP,16018.666666666666,360.5071507150721,1.7930709518357442,0.2864045083877228,single_maturity_ea_slope
2022-06-01,SK,PSPP,16151.11111111111,298.0634132892187,2.304744930664439,0.3236523132789626,single_maturity_ea_slope
2022-07-01,SK,PSPP,16214.22222222222,231.56241598294184,2.012375333639813,0.34776970708061083,single_maturity_ea_slope
2022-08-01,SK,PSPP,16293.333333333332,249.28556768355276,1.915716513667142,0.3717590591537002,single_maturity_ea_slope
2022-09-01,SK,PSPP,16369.777777777777,247.88103254770002,2.811872283698234,0.4087087229698151,single_maturity_ea_slope
2022-10-01,SK,PSPP,16437.333333333332,240.89077133041474,3.444090381019802,0.45319254610960996,single_maturity_ea_slope
2022-11-01,SK,PSPP,16504.888888888887,243.61953727506344,3.3128248137271483,0.49540199656418527,single_maturity_ea_slope
2022-12-01,SK,PSPP,16572.444444444445,245.71713682594793,3.168747522970747,0.535039287894209,single_maturity_ea_slope
2023-01-01,SK,PSPP,16732.444444444445,339.5886914222415,3.2334997187442704,0.5898051441090386,single_maturity_ea_slope
2023-02-01,SK,PSPP,16007.11111111111,0.0,3.395702353778108,0.5898051441090386,single_maturity_ea_slope
2023-03-01,SK,PSPP,16117.333333333332,275.7217167539752,3.564696706664444,0.6406970746673212,single_maturity_ea_slope
2023-04-01,SK,PSPP,16173.333333333332,224.09901265470728,3.617019545461307,0.6819372391590947,single_maturity_ea_slope
2023-05-01,SK,PSPP,16259.555555555555,256.39618406285115,3.5327284127728666,0.7268912341177628,single_maturity_ea_slope
2023-06-01,SK,PSPP,16292.444444444443,205.49563576315148,3.5957470866056815,0.7630759428844617,single_maturity_ea_slope
2023-07-01,SK,PSPP,16292.444444444443,174.73664140330806,3.6780414516642694,0.7943389792291615,single_maturity_ea_slope
2023-08-01,SK,PSPP,16292.444444444443,176.7843364197531,3.7458901412845216,0.8263653590257691,single_maturity_ea_slope
2023-09-01,SK,PSPP,16292.444444444443,178.64522417153998,3.8513204260571428,0.8595337259888324,single_maturity_ea_slope
2023-10-01,SK,PSPP,16292.444444444443,180.7861123440351,4.038286102437681,0.8948061669170264,single_maturity_ea_slope
2023-11-01,SK,PSPP,15858.666666666666,0.0,3.788753850126454,0.8948061669170264,single_maturity_ea_slope
2023-12-01,SK,PSPP,15858.666666666666,174.34769862210493,3.22009711005179,0.9203700515161333,single_maturity_ea_slope
2024-01-01,SK,PSPP,15858.666666666666,176.44266429313157,3.265111234786106,0.946457514614375,single_maturity_ea_slope
2024-02-01,SK,PSPP,15858.666666666666,178.34757834757835,3.4172246673975555,0.9742439198413563,single_maturity_ea_slope
2024-03-01,SK,PSPP,15858.666666666666,180.2940730635137,3.4390985632021995,1.0022663691746991,single_maturity_ea_slope
2024-04-01,SK,PSPP,15858.666666666666,182.28352490421454,3.58876367904008,1.0319962233110826,single_maturity_ea_slope
2024-05-01,SK,PSPP,15858.666666666666,184.5747982619491,3.616726907761091,1.0620792154485363,single_maturity_ea_slope
2024-06-01,SK,PSPP,15309.333333333332,0.0,3.616611913220183,1.0620792154485363,single_maturity_ea_slope
2024-07-01,SK,PSPP,15309.333333333332,175.24420024420024,3.4924336733982604,1.0898992069543711,single_maturity_ea_slope
2024-08-01,SK,PSPP,15309.333333333332,177.19135802469134,3.2407477297272727,1.1147932870790573,single_maturity_ea_slope
2024-09-01,SK,PSPP,15309.333333333332,179.18227215980025,3.193995424374858,1.139128518086733,single_maturity_ea_slope
2024-10-01,SK,PSPP,15309.333333333332,181.4762130551604,3.1502016737688696,1.1629676972674126,single_maturity_ea_slope
2024-11-01,SK,PSPP,14442.666666666666,0.0,3.19142968818492,1.1629676972674126,single_maturity_ea_slope
2024-12-01,SK,PSPP,14442.666666666666,163.97214653345443,3.072315227085333,1.184645121538733,single_maturity_ea_slope
2025-01-01,SK,PSPP,14442.666666666666,165.7790021426385,3.2699389275253035,1.2085810008544648,single_maturity_ea_slope
2025-02-01,SK,PSPP,14442.666666666666,167.62612194367068,3.053657138538,1.2299955335573842,single_maturity_ea_slope
2025-03-01,SK,PSPP,14442.666666666666,169.51486697965572,3.2782225001741265,1.2540357561702569,single_maturity_ea_slope
2025-04-01,SK,PSPP,14442.666666666666,171.69123474401647,3.1985283421895168,1.2771514550054837,single_maturity_ea_slope
2025-05-01,SK,PSPP,13600.0,0.0,3.2329389680786824,1.2771514550054837,single_maturity_ea_slope
2025-06-01,SK,PSPP,13600.0,154.1950113378685,3.1809363133679365,1.298736317345194,single_maturity_ea_slope
2025-07-01,SK,PSPP,13600.0,156.10651974288336,3.155367934421188,1.3200475158883067,single_maturity_ea_slope
2025-08-01,SK,PSPP,13600.0,157.84586815227485,3.1656744922697144,1.3414684417980258,single_maturity_ea_slope
2025-09-01,SK,PSPP,13600.0,159.8495533615421,3.1781451304055905,1.3630560850585753,single_maturity_ea_slope
2025-10-01,SK,PSPP,12733.333333333332,0.0,3.159682673280826,1.3630560850585753,single_maturity_ea_slope
2025-11-01,SK,PSPP,12733.333333333332,141.67037531523513,3.1328445034875503,1.3827466549120353,single_maturity_ea_slope
2025-12-01,SK,PSPP,12733.333333333332,143.39339339339335,3.2217437696666664,1.403456081879993,single_maturity_ea_slope
2026-01-01,SK,PSPP,12733.333333333332,144.96053430479657,3.1535584200837463,1.423379833453351,single_maturity_ea_slope
2026-02-01,SK,PSPP,12733.333333333332,146.5623081645181,3.0055150784699998,1.4415904140819953,single_maturity_ea_slope
2026-03-01,SK,PSPP,12733.333333333332,148.40714840714838,3.277868141711137,1.4629922523993515,single_maturity_ea_slope
2026-04-01,SK,PSPP,12733.333333333332,150.08643721515006,3.3275117678467168,1.4849691443777502,single_maturity_ea_slope
2026-05-01,SK,PSPP,12088.888888888889,0.0,3.320599347824917,1.4849691443777502,single_maturity_ea_slope
2026-06-01,SK,PSPP,12088.888888888889,137.06223230032757,3.43753328841197,1.507107059842991,single_maturity_ea_slope
2026-07-01,SK,PSPP,12088.888888888889,138.761350882563,3.539299757483131,1.5304334223044251,single_maturity_ea_slope
2026-08-01,SK,PSPP,12088.888888888889,140.30743835757764,3.6519043540629523,1.5550558797296634,single_maturity_ea_slope
