ncb,month,stock_eur_m,approx_share,portfolio_yield_pct,ref_pct,carry_eur_m_pa,key_share,carry_per_keypp_eur_m_pa,carry_per_keypp_demeaned
AT,2015-03-01,1080.888888888889,1.0,0.20885779734735382,0.05,1.7170762806611757,0.029565,0.5807800712535686,-1.176114840690286
AT,2015-04-01,2152.0,1.0,0.1858999945698839,0.05,2.9245678831439013,0.029565,0.9891993516468464,-2.818736022488585
AT,2015-05-01,3320.0,1.0,0.3005394092409712,0.05,8.317908386800246,0.029565,2.813430876644764,-4.841053715436702
AT,2015-06-01,4484.444444444444,1.0,0.4264093448817922,0.05,16.87986795492126,0.029565,5.70940908334898,-6.779091854635601
AT,2015-07-01,5696.0,1.0,0.5080549893102352,0.05,26.090812191110995,0.029565,8.82489842418772,-7.538537451379787
AT,2015-08-01,6641.777777777777,1.0,0.5361042189072804,0.05,32.285961988223995,0.029565,10.920332145518008,-8.272490860804032
AT,2015-09-01,7778.666666666666,1.0,0.5631260209467233,0.05,39.914362749375776,0.029565,13.50054549277043,-9.108652837216765
AT,2015-10-01,8955.555555555555,1.0,0.5675088534229071,0.05,46.34579287320701,0.029565,15.675898147541691,-10.554701444275395
AT,2015-11-01,10209.777777777777,1.0,0.568886087406898,0.05,52.97711644405003,0.029565,17.918862318298675,-12.05800974742952
AT,2015-12-01,11236.444444444443,1.0,0.5778042686011748,0.05,59.30643341677734,0.029565,20.05967644741327,-12.315816280864329
AT,2016-01-01,12434.666666666666,1.0,0.5743002306251457,0.05,65.19498601080144,0.029565,22.05140741106086,-13.434385171827078
AT,2016-02-01,13642.666666666666,1.0,0.5513801022431377,0.05,68.40161608202379,0.029565,23.13601085135254,-15.072052904923485
AT,2016-03-01,14845.333333333332,1.0,0.526071112741435,0.0241935483870967,74.50539735361603,0.029565,25.200540285342814,-16.432378058466607
AT,2016-04-01,16676.444444444445,1.0,0.49122034787982144,0.0,81.91808841398516,0.029565,27.70779246202779,-18.34084354026372
AT,2016-05-01,18578.666666666664,1.0,0.46146341023235504,0.0,85.73374877570178,0.029565,28.998392956435577,-20.60138417347849
AT,2016-06-01,20222.222222222223,1.0,0.4403376174384802,0.0,89.04605152644822,0.029565,30.118738889378733,-22.60016400990458
AT,2016-07-01,21891.555555555555,1.0,0.4098058166684366,0.0,89.71286802586894,0.029565,30.344281422583776,-23.964312197567544
AT,2016-08-01,23095.11111111111,1.0,0.3874591780223011,0.0,89.48412767444825,0.029565,30.266912793657447,-24.9182374353897
AT,2016-09-01,24769.777777777777,1.0,0.3643787483228875,0.0,90.2558062290274,0.029565,30.527923635727177,-25.996119548399626
AT,2016-10-01,26511.11111111111,1.0,0.3506962686399688,0.0,92.97347744166284,0.029565,31.447142716611815,-27.013956278825333
AT,2016-11-01,28182.22222222222,1.0,0.3549500615932344,0.0,100.03281513611995,0.029565,33.83487743484524,-27.932161285646337
AT,2016-12-01,29511.11111111111,1.0,0.3589963483465745,0.0,105.9438112453891,0.029565,35.834199643290745,-28.46155438982268
AT,2017-01-01,31262.22222222222,1.0,0.3659144345440677,0.0,114.3929836703543,0.029565,38.692028976950546,-28.757715652128688
AT,2017-02-01,32940.444444444445,1.0,0.37312163228200906,0.0,122.90792399205948,0.029565,41.57210349807525,-29.43707833107358
AT,2017-03-01,34680.88888888889,1.0,0.3802484717786083,0.0,131.87354999923718,0.029565,44.60461694545482,-29.98113992173026
AT,2017-04-01,36069.33333333333,1.0,0.38126250649798393,0.0,137.51884434377948,0.029565,46.51406877854878,-30.558091789117988
AT,2017-05-01,37397.33333333333,1.0,0.38894715457005047,0.0,145.455863885077,0.029565,49.19866865722205,-30.175296278184668
AT,2017-06-01,38723.555555555555,1.0,0.39166631700841836,0.0,151.6671238591532,0.029565,51.29955144906247,-29.82104566116235
AT,2017-07-01,40078.22222222222,1.0,0.4011588791690268,0.0,160.7773470575385,0.029565,54.380973129558086,-29.344466163972996
AT,2017-08-01,41165.33333333333,1.0,0.4043168518563537,0.0,166.43837978950748,0.029565,56.29574827989429,-29.234764536558664
AT,2017-09-01,42468.444444444445,1.0,0.40691464693752327,0.0,172.81032077096933,0.029565,58.45097945914741,-29.04479337469852
AT,2017-10-01,43758.22222222222,1.0,0.40994995295259423,0.0,179.38681141289163,0.029565,60.67539706169174,-28.758211778783064
AT,2017-11-01,45043.555555555555,1.0,0.40944419870104143,0.0,184.42822511090287,0.029565,62.38059364481747,-28.48447347442147
AT,2017-12-01,46187.555555555555,1.0,0.4086633545848128,0.0,188.7516139340574,0.029565,63.84292708745387,-28.40926762167109
AT,2018-01-01,46675.555555555555,1.0,0.41132506777421385,0.0,191.98826052287973,0.029565,64.93768324805673,-28.288100506512052
AT,2018-02-01,47194.666666666664,1.0,0.41726370816525477,0.0,196.92621618956477,0.029565,66.6078864162235,-27.96466630575702
AT,2018-03-01,47685.33333333333,1.0,0.42235891649386814,0.0,201.40325719315598,0.029565,68.12219083144122,-27.60950076181429
AT,2018-04-01,48246.22222222222,1.0,0.4265072710882284,0.0,205.7736458031624,0.029565,69.6004213776974,-27.253038637074525
AT,2018-05-01,48758.22222222222,1.0,0.430034620036649,0.0,209.6772356699583,0.029565,70.92076295280172,-27.196465471123574
AT,2018-06-01,49319.11111111111,1.0,0.43227362405519415,0.0,213.19350895180793,0.029565,72.11009942560727,-27.486438417405026
AT,2018-07-01,49896.0,1.0,0.4321778630472625,0.0,215.6394665460621,0.029565,72.93741469509963,-27.745785684924925
AT,2018-08-01,50403.555555555555,1.0,0.431982934189684,0.0,217.73475822481635,0.029565,73.64612150340481,-28.199071405911937
AT,2018-09-01,50941.33333333333,1.0,0.43302767751773075,0.0,220.59007262989894,0.029565,74.61189671229458,-28.458136795873074
AT,2018-10-01,51193.777777777774,1.0,0.433948450392261,0.0,222.1546053639243,0.029565,75.14108079280375,-29.56858963323593
AT,2018-11-01,51394.666666666664,1.0,0.4336751709739191,0.0,222.88590853814247,0.029565,75.38843515580669,-30.538689169121596
AT,2018-12-01,51723.555555555555,1.0,0.43187578928136783,0.0,223.38151379994233,0.029565,75.55606757988916,-31.751355300748386
AT,2019-01-01,51978.666666666664,1.0,0.4290583109043283,0.0,223.0187892305911,0.029565,75.43338042637953,-32.47506754386674
AT,2019-02-01,52118.22222222222,1.0,0.42674102329446223,0.0,222.4098348339929,0.029565,75.22740904244644,-32.70088275902744
AT,2019-03-01,51876.44444444444,1.0,0.42533510217097037,0.0,220.64872798044442,0.029565,74.63173616791626,-33.49123669833327
AT,2019-04-01,52112.0,1.0,0.4207693513835301,0.0,219.27132439298524,0.029565,74.16584623473203,-33.821790361854895
AT,2019-05-01,52291.555555555555,1.0,0.4153481783754287,0.0,217.19202344417528,0.029565,73.46254809544233,-34.067494358518104
AT,2019-06-01,51833.777777777774,1.0,0.41425423207538853,0.0,214.7236180889967,0.029565,72.62764014510289,-34.07832057702477
AT,2019-07-01,51917.33333333333,1.0,0.40578471782872805,0.0,210.67260457086684,0.029565,71.25743432128085,-34.59302205517076
AT,2019-08-01,51981.33333333333,1.0,0.3947765417636215,0.0,205.21011009595392,0.029565,69.4098123104867,-34.956428585859214
AT,2019-09-01,52105.777777777774,1.0,0.38373417861696135,0.0,199.9476783675347,0.029565,67.62985907915937,-35.21268178664269
AT,2019-10-01,51755.555555555555,1.0,0.38077261001011714,0.0,197.07097971412506,0.029565,66.65685090956369,-34.834602735103545
AT,2019-11-01,52332.44444444444,1.0,0.367672178402533,0.0,192.41183850018425,0.029565,65.08095332324852,-35.48528399484127
AT,2019-12-01,52956.44444444444,1.0,0.35510971102907635,0.0,188.05347683794,0.029565,63.606790745117536,-36.067062694236355
AT,2020-01-01,53633.777777777774,1.0,0.3415217955885094,0.0,183.1710409086176,0.029565,61.95536644972691,-36.61536865700502
AT,2020-02-01,54157.33333333333,1.0,0.32662255179865507,0.0,176.89006411943694,0.029565,59.830902797036,-37.4903247154993
AT,2020-03-01,55414.666666666664,1.0,0.30914511696371844,0.0,171.31173608172136,0.029565,57.9441014989756,-34.18019728773348
AT,2020-04-01,58226.777777777774,1.0,0.28642370948624535,0.0,166.77529682542388,0.029565,56.40970635055771,-39.55962691748954
AT,2020-05-01,62386.88888888888,1.0,0.2503714339658116,0.0,156.19894831776867,0.029565,52.83238569855189,-46.863001088534986
AT,2020-06-01,66127.0,1.0,0.21935872053283398,0.0,145.05534112674712,0.029565,49.06319672814041,-46.59274965243257
AT,2020-07-01,67768.0,1.0,0.20322079591049722,0.0,137.71866897262575,0.029565,46.581657017630896,-48.837883894166886
AT,2020-08-01,69687.88888888888,1.0,0.18441506281401987,0.0,128.5149640682088,0.029565,43.46861629230806,-50.93298297736599
AT,2020-09-01,72353.55555555556,1.0,0.15993672665608166,0.0,115.71990837484509,0.029565,39.140845044764106,-54.017784710866636
AT,2020-10-01,74901.11111111111,1.0,0.13454402919784184,0.0,100.77497280284129,0.029565,34.08590319730806,-56.49695602286972
AT,2020-11-01,77637.22222222222,1.0,0.10889849105229127,0.0,84.54576349491415,0.029565,28.596571451011044,-58.97340639044724
AT,2020-12-01,79737.44444444444,1.0,0.08834118329968323,0.0,70.44100195514974,0.029565,23.82580820400803,-60.81441137094791
AT,2021-01-01,81826.22222222222,1.0,0.06937285490919476,0.0,56.7651864198975,0.029565,19.200130701808728,-62.88598791060565
AT,2021-02-01,83927.44444444444,1.0,0.05777033150906839,0.0,48.48516288264475,0.029565,16.399513912614495,-63.9072628194989
AT,2021-03-01,86435.66666666666,1.0,0.0489532913709671,0.0,42.313103751771216,0.029565,14.311890326998551,-64.69135993819476
AT,2021-04-01,89326.33333333333,1.0,0.041527178949359846,0.0,37.094706292235,0.029565,12.54683114907323,-65.06210189156104
AT,2021-05-01,91992.22222222222,1.0,0.03901556880850874,0.0,35.891288759587376,0.029565,12.139789873021266,-65.54789717861392
AT,2021-06-01,94699.44444444444,1.0,0.03415085863084517,0.0,32.34067339641798,0.029565,10.938837610829689,-66.23088002606696
AT,2021-07-01,97624.22222222222,1.0,0.02345011402820852,0.0,22.892991430262793,0.029565,7.743274625490543,-68.37011488348284
AT,2021-08-01,99702.88888888888,1.0,0.012437548230707592,0.0,12.400594892964355,0.029565,4.194349701662221,-69.67871304373301
AT,2021-09-01,99846.44444444444,1.0,0.0068174851194344665,0.0,6.807016492284402,0.029565,2.3023901546708614,-70.58424581681835
AT,2021-10-01,102183.66666666666,1.0,0.004758586665130029,0.0,4.862498335940917,0.029565,1.6446806480436047,-71.59378956914219
AT,2021-11-01,104309.66666666666,1.0,0.0005820231032019933,0.0,0.6071063588729885,0.029565,0.20534630775342075,-73.12804628096853
AT,2021-12-01,105187.33333333333,1.0,-0.0025474196031850613,0.0,-2.6795627494009477,0.029565,-0.9063293588367826,-74.22069104721803
AT,2022-01-01,107635.44444444444,1.0,-0.0005204055629789611,0.0,-0.560140840626018,0.029565,-0.18946079507052865,-75.61989289975419
AT,2022-02-01,108917.22222222222,1.0,0.009542718896042522,0.0,10.393664346044625,0.029565,3.5155299665295536,-76.38698667833478
AT,2022-03-01,110355.88888888889,1.0,0.02392443683960747,0.0,26.40202493600962,0.029565,8.930162332490992,-75.67590214130348
AT,2022-04-01,111260.22222222222,1.0,0.046483229122306735,0.0,51.71734401754319,0.029565,17.492759687990254,-74.06918214704575
AT,2022-05-01,112538.55555555555,1.0,0.07757730825680804,0.0,87.30438215109251,0.029565,29.52964050434382,-67.74247461155367
AT,2022-06-01,113353.0,1.0,0.11208321167404064,0.0,127.0496829288753,0.029565,42.97300285096408,-63.5272166748351
AT,2022-07-01,113838.0,1.0,0.1339496880016045,0.0806451612903225,60.68080711758921,0.029565,20.52454155846075,-72.11669474371823
AT,2022-08-01,114036.44444444444,1.0,0.15228654620883986,0.5,-396.5200595584153,0.029565,-134.11806513053114,-114.16779054900002
AT,2022-09-01,112432.77777777778,1.0,0.15248744107475523,0.925,-868.5573286818451,0.029565,-293.77890366373924,-162.7378131404091
AT,2022-10-01,113065.66666666666,1.0,0.1967259620373551,1.25,-1190.891312849384,0.029565,-402.8044352610803,-190.49574860817975
AT,2022-11-01,109935.11111111111,1.0,0.19469153100204883,1.975,-1957.184093513419,0.029565,-661.9936051119292,-256.065141951895
AT,2022-12-01,110339.0,1.0,0.23172120666501075,2.177419354838709,-2146.863879713377,0.029565,-726.1504751271358,-271.87435588184763
AT,2023-01-01,111335.55555555555,1.0,0.2830761427447462,2.5,-2468.224492718788,0.029565,-834.8467758223535,-299.48118486569626
AT,2023-02-01,112146.11111111111,1.0,0.3340660554205242,2.875,-2849.5586047480374,0.029565,-963.8283797558049,-333.2636224198649
AT,2023-03-01,113338.0,1.0,0.3933355718542282,3.161290322580645,-3137.144555378306,0.029565,-1061.100813589821,-361.07224042671476
AT,2023-04-01,111947.55555555555,1.0,0.3990848123268227,3.5,-3471.39875245109,0.029565,-1174.1582115511887,-389.8607315362549
AT,2023-05-01,112795.33333333333,1.0,0.44760708307889013,3.6774193548387095,-3643.077517972394,0.029565,-1232.2264562734294,-406.43105376871813
AT,2023-06-01,113230.88888888889,1.0,0.4873996685606183,3.8333333333333335,-3788.6304302547214,0.029565,-1281.4579503652026,-420.7766599678696
AT,2023-07-01,109355.77777777778,1.0,0.4868612279077512,4.0,-3841.8202286341507,0.029565,-1299.4487497494167,-409.9123688131333
AT,2023-08-01,109646.77777777778,1.0,0.5240956396400499,4.241935483870968,-4076.4915921375546,0.029565,-1378.8234710426364,-431.11676487490706
AT,2023-09-01,109825.77777777778,1.0,0.5599930660966708,4.341666666666667,-4153.252444842891,0.029565,-1404.786891541651,-440.11568216924945
AT,2023-10-01,105403.0,1.0,0.5588416364232186,4.5,-4154.099149960834,0.029565,-1405.073279202041,-412.16410568118965
AT,2023-11-01,105668.0,1.0,0.5944350411034589,4.5,-4126.932380766797,0.029565,-1395.8844514685597,-411.3449782158066
AT,2023-12-01,105823.0,1.0,0.6201321127296668,4.5,-4105.792594346084,0.029565,-1388.7341770154183,-409.86677674029477
AT,2024-01-01,105828.22222222222,1.0,0.6435692155048434,4.5,-4081.1921404617215,0.029565,-1380.4133740780387,-411.327928310748
AT,2024-02-01,106226.22222222222,1.0,0.6768368674865741,4.5,-4061.201765061784,0.029565,-1373.6518738582054,-413.9511576952674
AT,2024-03-01,106700.22222222222,1.0,0.7112462673691258,4.5,-4042.608652169881,0.029565,-1367.3629806087877,-417.2351275256317
AT,2024-04-01,106938.22222222222,1.0,0.7425584209020022,4.5,-4018.1412257259926,0.029565,-1359.0871725777076,-420.4824722796361
AT,2024-05-01,107515.22222222222,1.0,0.7814571218179651,4.5,-3997.999638906033,0.029565,-1352.2745269426798,-420.8910135971345
AT,2024-06-01,107902.22222222222,1.0,0.8165299356297243,4.341666666666667,-3803.700869160661,0.029565,-1286.5553421818572,-410.5163041429179
AT,2024-07-01,103524.22222222222,1.0,0.816857447665358,4.25,-3554.1341250845867,0.029565,-1202.1424404142015,-361.2105307726549
AT,2024-08-01,103586.22222222222,1.0,0.8398048936837825,4.25,-3532.4922810400644,0.029565,-1194.8223511043682,-360.88183155057436
AT,2024-09-01,103746.66666666666,1.0,0.8630132113060618,3.99,-3244.144560377004,0.029565,-1097.2922578647062,-339.6664130842064
AT,2024-10-01,98467.0,1.0,0.8630285086954116,3.577419354838709,-2672.7792344719205,0.029565,-904.0349177987216,-263.3407311967063
AT,2024-11-01,98490.77777777778,1.0,0.8842624014355763,3.4,-2477.7695276740897,0.029565,-838.0752672667307,-250.58262451444364
AT,2024-12-01,98591.77777777778,1.0,0.9048172800157499,3.287096774193548,-2348.731704945343,0.029565,-794.4298004212221,-242.43254657605314
AT,2025-01-01,98301.77777777778,1.0,0.9217358689904418,3.0,-2042.9705877002802,0.029565,-691.0098385592019,-218.10430618773944
AT,2025-02-01,98301.77777777778,1.0,0.9432306495298056,2.7857142857142856,-1811.1941696339868,0.029565,-612.6142971872101,-200.48341938774416
AT,2025-03-01,98301.77777777778,1.0,0.9673675876038589,2.588709677419355,-1593.8080981480075,0.029565,-539.0861147126695,-184.01973071792924
AT,2025-04-01,94872.66666666666,1.0,0.9674525851780641,2.433333333333333,-1390.720155928188,0.029565,-470.3940997558559,-160.49848229680822
AT,2025-05-01,94872.66666666666,1.0,0.9882067470386994,2.25,-1197.096906904465,0.029565,-404.9034016250516,-145.85583831196448
AT,2025-06-01,94790.88888888888,1.0,1.0072329157293016,2.083333333333333,-1020.0451511839066,0.029565,-345.01780861962,-131.89389560533868
AT,2025-07-01,94790.88888888888,1.0,1.0281695991761957,2.0,-921.2066754333358,0.029565,-311.5869018884951,-124.64786086826501
AT,2025-08-01,94790.88888888888,1.0,1.0490450245982923,2.0,-901.4186741163933,0.029565,-304.8938522294582,-122.50043307390575
AT,2025-09-01,94609.22222222222,1.0,1.0667452357044402,2.0,-882.9450738518623,0.029565,-298.6453826659436,-121.24504147227148
AT,2025-10-01,89364.88888888888,1.0,1.0667575113619598,2.0,-833.9911130352859,0.029565,-282.0873035803436,-110.08470982546584
AT,2025-11-01,89364.88888888888,1.0,1.0864307183499509,2.0,-816.4101734695868,0.029565,-276.14076559093076,-108.28419082701734
AT,2025-12-01,89364.88888888888,1.0,1.1076245886782135,2.0,-797.4702947994796,0.029565,-269.7345830541111,-106.25351683309881
AT,2026-01-01,89364.88888888888,1.0,1.1283533528485523,2.0,-778.9460577306164,0.029216,-266.6162574379164,-106.07939965182732
AT,2026-02-01,89364.88888888888,1.0,1.1487788750394303,2.0,-760.6928125197629,0.029216,-260.368569455012,-103.99085585309939
AT,2026-03-01,84916.33333333333,1.0,1.1487595191263016,2.0,-722.8422042069792,0.029216,-247.41313123185216,-96.03738413608048
AT,2026-04-01,84916.33333333333,1.0,1.1722569273360663,2.0,-702.8890667268814,0.029216,-240.58360717650652,-94.61089594478506
AT,2026-05-01,84916.33333333333,1.0,1.1957971047765323,2.0,-682.8996111842772,0.029216,-233.74165223996346,-93.62016621267136
AT,2026-06-01,84916.33333333333,1.0,1.2183146151223108,2.1166666666666667,-762.8476225962437,0.029216,-261.1061139773562,-100.10346857049055
AT,2026-07-01,83374.88888888888,1.0,1.2183457959377026,2.25,-860.1405463544913,0.029216,-294.40736115638396,-109.61883735737291
AT,2026-08-01,83374.88888888888,1.0,1.243240481792715,2.25,-839.3846296836368,0.029216,-287.30306328163914,-107.6311298998892
BE,2015-03-01,1358.2222222222222,1.0,0.3994659967404376,0.05,4.74652482683901,0.036695,1.2935072426322414,-0.463387669311613
BE,2015-04-01,2718.222222222222,1.0,0.38074493569434203,0.05,8.990382340918204,0.036695,2.4500292521919076,-1.357906121943524
BE,2015-05-01,4190.222222222222,1.0,0.5200738729522152,0.05,19.697139885304374,0.036695,5.367799396458476,-2.286685195622991
BE,2015-06-01,5663.11111111111,1.0,0.6725100499797844,0.05,35.25343580818849,0.036695,9.607149695650223,-2.8813512423343575
BE,2015-07-01,7122.666666666666,1.0,0.7394990025926188,0.05,49.11071562466359,0.036695,13.3834897464678,-2.979946129099707
BE,2015-08-01,8333.333333333332,1.0,0.7555621143131509,0.05,58.796842859429226,0.036695,16.023121095361557,-3.169701910960484
BE,2015-09-01,9784.888888888889,1.0,0.7737616645420059,0.05,70.819274695808,0.036695,19.29943444496744,-3.3097638850197555
BE,2015-10-01,11276.444444444443,1.0,0.7705589831952492,0.05,81.25343342946604,0.036695,22.142916863187367,-4.087682728629719
BE,2015-11-01,12844.444444444443,1.0,0.7726263825476049,0.05,92.81734424722568,0.036695,25.29427558174838,-4.682596483979815
BE,2015-12-01,14129.777777777777,1.0,0.7775567476697142,0.05,102.802151652958,0.036695,28.015302262694647,-4.360190465582953
BE,2016-01-01,15648.888888888889,1.0,0.7793704820296421,0.05,114.13837632117198,0.036695,31.10461270504755,-4.381179877840388
BE,2016-02-01,17166.222222222223,1.0,0.7688736966288746,0.05,123.40345626041622,0.036695,33.629501637938745,-4.578562118337281
BE,2016-03-01,18686.222222222223,1.0,0.7525325727796243,0.0241935483870967,136.099048629153,0.036695,37.08926246877041,-4.543655875039015
BE,2016-04-01,21008.0,1.0,0.7259894116700335,0.0,152.51585560364063,0.036695,41.56311639287114,-4.485519609420372
BE,2016-05-01,23403.555555555555,1.0,0.7038566780948653,0.0,164.72748868941963,0.036695,44.89099024101912,-4.708786888894949
BE,2016-06-01,25484.44444444444,1.0,0.6763234326767275,0.0,172.3572694652602,0.036695,46.97023285604584,-5.748670043237475
BE,2016-07-01,27589.333333333332,1.0,0.6345443103715651,0.0,175.06654493611234,0.036695,47.70855564412382,-6.600037976027501
BE,2016-08-01,29104.0,1.0,0.6050667970278982,0.0,176.0986406069995,0.036695,47.98981894181755,-7.1953312872295925
BE,2016-09-01,31216.888888888887,1.0,0.5729209033845875,0.0,178.84808183078513,0.036695,48.73908756800249,-7.784955616124314
BE,2016-10-01,33418.666666666664,1.0,0.5509219226059181,0.0,184.1107609092631,0.036695,50.173255459671104,-8.287843535766044
BE,2016-11-01,35527.11111111111,1.0,0.5519759756834626,0.0,196.1011181877034,0.036695,53.44082795686154,-8.326210763630037
BE,2016-12-01,37186.666666666664,1.0,0.5551089445369665,0.0,206.42651284181323,0.036695,56.254670347952924,-8.041083685160501
BE,2017-01-01,39399.11111111111,1.0,0.5649032192974329,0.0,222.56684704123924,0.036695,60.65318082606329,-6.7965638030159425
BE,2017-02-01,41505.777777777774,1.0,0.5829957598499914,0.0,241.97692453720438,0.036695,65.94275092988265,-5.06643089926618
BE,2017-03-01,43637.33333333333,1.0,0.5998820321866497,0.0,261.77252199206225,0.036695,71.33738165746348,-3.248375209721601
BE,2017-04-01,45391.11111111111,1.0,0.6091062773491902,0.0,276.4801071363235,0.036695,75.34544410309948,-1.7267164645672892
BE,2017-05-01,47062.22222222222,1.0,0.6168892559508676,0.0,290.3217925006105,0.036695,79.1175344053987,-0.25643053000801785
BE,2017-06-01,48738.666666666664,1.0,0.6184293009922895,0.0,301.4141955796287,0.036695,82.14039939491177,1.0198022846869463
BE,2017-07-01,50449.777777777774,1.0,0.6283643157706678,0.0,317.0084009411557,0.036695,86.39008064890467,2.6646413553735897
BE,2017-08-01,51822.22222222222,1.0,0.6324838540971207,0.0,327.76718838988563,0.036695,89.32202981056973,3.791516994116776
BE,2017-09-01,53468.44444444444,1.0,0.6359460677071328,0.0,340.0304699086173,0.036695,92.66397871879475,5.168205884948819
BE,2017-10-01,55096.0,1.0,0.6384841027630141,0.0,351.77920125831025,0.036695,95.86570411726673,6.432095276791927
BE,2017-11-01,56717.33333333333,1.0,0.6364645492677728,0.0,360.9857199567003,0.036695,98.37463413454158,7.509567015302636
BE,2017-12-01,58191.11111111111,1.0,0.6328170152444701,0.0,368.2432524709265,0.036695,100.35243288484168,8.100238175716711
BE,2018-01-01,58824.88888888888,1.0,0.6338000518973276,0.0,372.832176306323,0.036695,101.60299122668566,8.37720747211688
BE,2018-02-01,59497.777777777774,1.0,0.639849158040203,0.0,380.6960301637421,0.036695,103.74602266350786,9.173469941527344
BE,2018-03-01,60132.44444444444,1.0,0.6436739568865809,0.0,387.05688452818055,0.036695,105.47946165095533,9.747770057699825
BE,2018-04-01,60844.44444444444,1.0,0.646251771277783,0.0,393.2082999463488,0.036695,107.15582502966312,10.302365014891194
BE,2018-05-01,61487.11111111111,1.0,0.6489588872956833,0.0,399.02607209692707,0.036695,108.74126504889688,10.62403662497158
BE,2018-06-01,62211.555555555555,1.0,0.6511280161348048,0.0,405.07686749549083,0.036695,110.39020779274857,10.79366994973627
BE,2018-07-01,62945.777777777774,1.0,0.6508783390042548,0.0,409.70043287330935,0.036695,111.65020653312696,10.967006153102403
BE,2018-08-01,63589.33333333333,1.0,0.6510586755045473,0.0,414.00387136217154,0.036695,112.82296535281961,10.977772443502857
BE,2018-09-01,64238.22222222222,1.0,0.6522535524838116,0.0,418.9960864968897,0.036695,114.1834273053249,11.113393797157244
BE,2018-10-01,64549.33333333333,1.0,0.6540629878097407,0.0,422.1932982112688,0.036695,115.0547208642237,10.345050438184018
BE,2018-11-01,64802.666666666664,1.0,0.6551037130995808,0.0,424.5246755208776,0.036695,115.69006009562001,9.762935770691726
BE,2018-12-01,65215.11111111111,1.0,0.6553841614496052,0.0,427.40950909398384,0.036695,116.47622539691616,9.168802516278618
BE,2019-01-01,65461.33333333333,1.0,0.6557392185931382,0.0,429.2556356806495,0.036695,116.97932570667653,9.070877736430262
BE,2019-02-01,65595.55555555555,1.0,0.6551353112279711,0.0,429.73964704060546,0.036695,117.11122688121146,9.18293507973759
BE,2019-03-01,65076.44444444444,1.0,0.6548922541987922,0.0,426.18059397464685,0.036695,116.14132551427902,8.018352648029492
BE,2019-04-01,65262.22222222222,1.0,0.6516366008220109,0.0,425.2725265097959,0.036695,115.89386197296524,7.906225376378316
BE,2019-05-01,65427.555555555555,1.0,0.6476836122376138,0.0,423.7635552209938,0.036695,115.48264210955003,7.952599655589594
BE,2019-06-01,65514.666666666664,1.0,0.6414058922055317,0.0,420.21493225881335,0.036695,114.51558311999274,7.809622397865084
BE,2019-07-01,65720.88888888889,1.0,0.6322035431095169,0.0,415.48978811862435,0.036695,113.22790247135151,7.377446094899895
BE,2019-08-01,65768.88888888889,1.0,0.6220596250144508,0.0,409.12170359839297,0.036695,111.49249314576727,7.126252249421356
BE,2019-09-01,64714.666666666664,1.0,0.6220596250144508,0.0,402.5638127960184,0.036695,109.70535844011948,6.862817574317418
BE,2019-10-01,65029.33333333333,1.0,0.6098738277940573,0.0,396.5968843889568,0.036695,108.07927085133039,6.587817206663161
BE,2019-11-01,65678.22222222222,1.0,0.5957661015083471,0.0,391.2885840733222,0.036695,106.632670411043,6.066433092953204
BE,2019-12-01,66442.66666666666,1.0,0.5815912671852601,0.0,386.424747018345,0.036695,105.30719362810873,5.633340188754843
BE,2020-01-01,67296.0,1.0,0.566058057360515,0.0,380.9344302813322,0.036695,103.81099067484186,5.24025556810993
BE,2020-02-01,67923.55555555555,1.0,0.5512675162642034,0.0,374.44049766944744,0.036695,102.04128564367011,4.720058131134806
BE,2020-03-01,70113.33333333333,1.0,0.5244659102836703,0.0,367.7205318968907,0.036695,100.20998280334942,8.085684016640343
BE,2020-04-01,74289.55555555555,1.0,0.48870785843356007,0.0,363.0588959953654,0.036695,98.93960920980118,2.9702759417539255
BE,2020-05-01,79603.22222222222,1.0,0.44062426162248686,0.0,350.751110144374,0.036695,95.58553212818478,-4.109854658902094
BE,2020-06-01,84726.66666666666,1.0,0.39455790138443575,0.0,334.29575791298623,0.036695,91.10117397819492,-4.554772402378063
BE,2020-07-01,88472.55555555555,1.0,0.3570240747024222,0.0,315.86832283780865,0.036695,86.07939033596094,-9.340150575836844
BE,2020-08-01,90831.66666666666,1.0,0.33098431731242917,0.0,300.63857182016795,0.036695,81.92902897402043,-12.472570295653625
BE,2020-09-01,92032.88888888889,1.0,0.30820842742845805,0.0,283.65311956142455,0.036695,77.30020971833345,-15.858420037297293
BE,2020-10-01,95287.44444444444,1.0,0.2736816507218976,0.0,260.78425088626665,0.036695,71.0680612852614,-19.514797934916388
BE,2020-11-01,98525.11111111111,1.0,0.24018416009822183,0.0,236.64171060806206,0.036695,64.48881608068186,-23.081161760776425
BE,2020-12-01,100959.77777777777,1.0,0.21458480719360482,0.0,216.6443444875363,0.036695,59.03920002385511,-25.601019551100826
BE,2021-01-01,103458.22222222222,1.0,0.19081382792287,0.0,197.41259412317154,0.036695,53.79822703997045,-28.287891572443932
BE,2021-02-01,105944.44444444444,1.0,0.17178604109337275,0.0,181.9977668694788,0.036695,49.59742931447849,-30.709347417634902
BE,2021-03-01,108965.11111111111,1.0,0.15658672301308268,0.0,170.62489671645332,0.036695,46.49813236584094,-32.50511789935238
BE,2021-04-01,112561.77777777777,1.0,0.14276186354872206,0.0,160.69529159912685,0.036695,43.7921492299024,-33.81678381073187
BE,2021-05-01,115802.55555555555,1.0,0.13519434213858023,0.0,156.5585031629972,0.036695,42.66480533124328,-35.022881720391915
BE,2021-06-01,119028.0,1.0,0.12635860738194674,0.0,150.40212319458357,0.036695,40.987089029727095,-36.182628607169555
BE,2021-07-01,122658.44444444444,1.0,0.11256502828782992,0.0,138.07051268630102,0.036695,37.62651933132607,-38.48687017764731
BE,2021-08-01,125199.22222222222,1.0,0.09931084915939041,0.0,124.3364107298411,0.036695,33.883747303404036,-39.989315441991195
BE,2021-09-01,125572.77777777777,1.0,0.09025775071828271,0.0,113.33916473668977,0.036695,30.88681420811821,-41.999821763371
BE,2021-10-01,128392.88888888889,1.0,0.08598868078436685,0.0,110.40335137649349,0.036695,30.08675606390339,-43.1517141532824
BE,2021-11-01,131147.88888888888,1.0,0.08002294178699955,0.0,104.9483987804344,0.036695,28.600190429332173,-44.733202159389776
BE,2021-12-01,133318.77777777775,1.0,0.07470697051069504,0.0,99.59841999966348,0.036695,27.142231911612885,-46.17212977676836
BE,2022-01-01,136127.55555555556,1.0,0.07558738450059668,0.0,102.89525882904114,0.036695,28.04067552228945,-47.38975658239421
BE,2022-02-01,138104.55555555556,1.0,0.08566270819190391,0.0,118.30410242528139,0.036695,32.239842601248505,-47.66267404361583
BE,2022-03-01,137475.44444444444,1.0,0.09143046234037641,0.0,125.69443446004287,0.036695,34.25383143753724,-50.35223303625724
BE,2022-04-01,139817.55555555556,1.0,0.12331724191976028,0.0,172.41915323073968,0.036695,46.98709721508099,-44.574844619955016
BE,2022-05-01,140726.77777777775,1.0,0.14809691040608094,0.0,208.41201000292014,0.036695,56.795751465573005,-40.47636365032449
BE,2022-06-01,141755.55555555556,1.0,0.18386824795465223,0.0,260.6434563783837,0.036695,71.02969243177101,-35.47052709402817
BE,2022-07-01,141970.88888888888,1.0,0.20331874697241764,0.0806451612903225,174.1607800247432,0.036695,47.46171958706723,-45.17951671511175
BE,2022-08-01,142289.77777777775,1.0,0.22261082728447182,0.5,-394.69643743654126,0.036695,-107.56136733520678,-87.61109275367568
BE,2022-09-01,139528.11111111112,1.0,0.22557220774162276,0.925,-975.89838712426,0.036695,-265.94859984310125,-134.9075093197711
BE,2022-10-01,140468.88888888888,1.0,0.27184353432039404,1.25,-1374.0055189349682,0.036695,-374.4394383253763,-162.13075167247572
BE,2022-11-01,139783.88888888888,1.0,0.2924284438384594,1.975,-2351.9639545408963,0.036695,-640.9494357653349,-235.02097260530064
BE,2022-12-01,140197.0,1.0,0.3285379599187424,2.177419354838709,-2592.076249235946,0.036695,-706.3840439394866,-252.1079246941984
BE,2023-01-01,140001.3333333333,1.0,0.3553483992300033,2.5,-3002.540836432672,0.036695,-818.2424952807391,-282.8769043240819
BE,2023-02-01,140635.77777777775,1.0,0.39930607405834073,2.875,-3481.7114081452532,0.036695,-948.8244742186274,-318.25971688268737
BE,2023-03-01,141276.66666666666,1.0,0.4439253925797105,3.161290322580645,-3839.0025942743196,0.036695,-1046.192286217283,-346.1637130541768
BE,2023-04-01,141760.66666666666,1.0,0.4850303575675114,3.5,-4274.041064909912,0.036695,-1164.7475309742233,-380.45005095928946
BE,2023-05-01,142440.77777777775,1.0,0.5282951554120852,3.6774193548387095,-4485.6370028515,0.036695,-1222.4109559480858,-396.61555344337444
BE,2023-06-01,138960.22222222222,1.0,0.5265960833993455,3.8333333333333335,-4595.049430813269,0.036695,-1252.2276688413324,-391.5463784439994
BE,2023-07-01,139235.22222222222,1.0,0.5650920734958036,4.0,-4782.601684596843,0.036695,-1303.3387885534387,-413.80240761715527
BE,2023-08-01,139523.22222222222,1.0,0.6038175469488692,4.241935483870968,-5076.019373838346,0.036695,-1383.3000064963474,-435.59330032861806
BE,2023-09-01,139708.22222222222,1.0,0.6419218200390671,4.341666666666667,-5168.8477519817025,0.036695,-1408.5972889989653,-443.9260796265638
BE,2023-10-01,136438.22222222222,1.0,0.6415542981750085,4.5,-5264.394720979763,0.036695,-1434.6354328872499,-441.7262593663985
BE,2023-11-01,136644.22222222222,1.0,0.6775234018452879,4.5,-5223.193417174964,0.036695,-1423.4073898828083,-438.8679166300551
BE,2023-12-01,136778.22222222222,1.0,0.704377237588352,4.5,-5191.585336688653,0.036695,-1414.793660359355,-435.92626008423156
BE,2024-01-01,137320.22222222222,1.0,0.7377685932995681,4.5,-5166.30452819527,0.036695,-1407.9042180665676,-438.81877229927693
BE,2024-02-01,137799.22222222222,1.0,0.7730634666040045,4.5,-5135.689555735534,0.036695,-1399.5611270569652,-439.86041089402727
BE,2024-03-01,138284.22222222222,1.0,0.8081560106456228,4.5,-5105.237746336561,0.036695,-1391.2625007048812,-441.1346476217252
BE,2024-04-01,138768.22222222222,1.0,0.8442493048762014,4.5,-5073.020248499826,0.036695,-1382.482694781258,-443.8779944831865
BE,2024-05-01,139349.22222222222,1.0,0.8829252276264368,4.5,-5040.365562498775,0.036695,-1373.5837477854682,-442.20023443992284
BE,2024-06-01,133163.44444444444,1.0,0.8826580051995613,4.341666666666667,-4606.135077241271,0.036695,-1255.248692530664,-379.20965449172456
BE,2024-07-01,133419.44444444444,1.0,0.9144947286307302,4.25,-4450.212602476038,0.036695,-1212.7572155541732,-371.8253059126266
BE,2024-08-01,133498.44444444444,1.0,0.9391502602340744,4.25,-4419.932900480448,0.036695,-1204.5054913422669,-370.56497178847303
BE,2024-09-01,133633.44444444444,1.0,0.963276719045995,3.99,-4044.714574140737,0.036695,-1102.2522344027082,-344.6263896222083
BE,2024-10-01,129112.66666666666,1.0,0.963401571348356,3.577419354838709,-3375.028067405288,0.036695,-919.7514831462837,-279.0572965442684
BE,2024-11-01,129266.66666666666,1.0,0.9890478306575476,3.4,-3116.557504236676,0.036695,-849.3139403833427,-261.8212976310556
BE,2024-12-01,129294.55555555555,1.0,1.0112567505669845,3.287096774193548,-2942.5372437034157,0.036695,-801.8905147032063,-249.89326085803737
BE,2025-01-01,129294.55555555555,1.0,1.0368998815700254,3.0,-2538.1815732346204,0.036695,-691.6968451381988,-218.79131276673638
BE,2025-02-01,129294.55555555555,1.0,1.0611182474636915,2.7857142857142856,-2229.8087827848244,0.036695,-607.6601124907547,-195.52923469128876
BE,2025-03-01,129294.55555555555,1.0,1.0882764775675762,2.588709677419355,-1939.978437156358,0.036695,-528.6765055610732,-173.6101215663329
BE,2025-04-01,129294.55555555555,1.0,1.111532501605417,2.433333333333333,-1709.016510712246,0.036695,-465.7355254700221,-155.8399080109744
BE,2025-05-01,129294.55555555555,1.0,1.134599335916807,2.25,-1442.1523312900795,0.036695,-393.0105821747049,-133.9630188616178
BE,2025-06-01,119984.11111111111,1.0,1.134827167259475,2.083333333333333,-1138.056692197798,0.036695,-310.1394446648857,-97.01553165060437
BE,2025-07-01,119984.11111111111,1.0,1.1578444735031228,2.0,-1010.452822640376,0.036695,-275.36526029169534,-88.42621927146524
BE,2025-08-01,119984.11111111111,1.0,1.1809277748843363,2.0,-982.756528663028,0.036695,-267.8175578860957,-85.42413873054323
BE,2025-09-01,119984.11111111111,1.0,1.2043828993471175,2.0,-954.6141060663554,0.036695,-260.14827798510845,-82.74793679143633
BE,2025-10-01,119984.11111111111,1.0,1.2270635016154436,2.0,-927.4009870400577,0.036695,-252.73224881865588,-80.72965506377813
BE,2025-11-01,119984.11111111111,1.0,1.2498280556300778,2.0,-900.08713925719,0.036695,-245.2887693847091,-77.43219462079568
BE,2025-12-01,119984.11111111111,1.0,1.2742637611283298,2.0,-870.7681752213834,0.036695,-237.29886230314307,-73.81779608213077
BE,2026-01-01,119984.11111111111,1.0,1.2990299165416417,2.0,-841.052723792325,0.036261,-231.94416143854966,-71.4073036524606
BE,2026-02-01,119984.11111111111,1.0,1.3226872126999796,2.0,-812.6677272838201,0.036261,-224.11619295767355,-67.73847935576094
BE,2026-03-01,115348.44444444444,1.0,1.3227594630217185,2.0,-781.1864245516501,0.036261,-215.43433014854807,-64.05858305277638
BE,2026-04-01,115348.44444444444,1.0,1.35167591720836,2.0,-747.8317444588689,0.036261,-206.23583035737263,-60.26311912565117
BE,2026-05-01,115221.66666666666,1.0,1.3789210212048213,2.0,-715.617550684118,0.036261,-197.3518520405168,-57.23036601322471
BE,2026-06-01,107933.33333333333,1.0,1.3786556044603133,2.1166666666666667,-796.5599398080574,0.036261,-219.67401334989586,-58.67136794303022
BE,2026-07-01,107933.33333333333,1.0,1.4073943736857832,2.25,-909.4523393351446,0.036261,-250.80729691270088,-66.01877311368983
BE,2026-08-01,107933.33333333333,1.0,1.4378149197629562,2.25,-876.6184299358492,0.036261,-241.75241442206482,-62.08048104031488
CY,2015-07-01,87.1111111111111,1.0,3.014821330588808,0.05,2.582688803535139,0.002204,11.71818876377105,-4.645247111796458
CY,2015-08-01,87.1111111111111,1.0,3.015620727863865,0.05,2.5833851673836334,0.002204,11.72134830936313,-7.471474696958911
CY,2015-09-01,87.1111111111111,1.0,3.0161936631637816,0.05,2.5838842576893386,0.002204,11.723612784434387,-10.885585545552807
CY,2015-10-01,167.11111111111111,1.0,3.031726210909262,0.05,4.9827958013417,0.002204,22.607966430769967,-3.622633161047119
CY,2015-11-01,253.33333333333331,1.0,3.1672275467235287,0.05,7.896976451699605,0.002204,35.83020168647734,5.853329620749143
CY,2015-12-01,253.33333333333331,1.0,3.1686802922459543,0.05,7.900656740356417,0.002204,35.846899910873034,3.471407182595435
CY,2016-01-01,253.33333333333331,1.0,3.1693815441276323,0.05,7.902433245123335,0.002204,35.85496027732911,0.3691676944411739
CY,2016-02-01,253.33333333333331,1.0,3.1738419999620735,0.05,7.913733066570586,0.002204,35.90622988462154,-2.3018338716544875
CY,2016-03-01,239.1111111111111,1.0,3.1738419999620735,0.0241935483870967,7.531159408654832,0.002204,34.17041473981322,-7.462503603996204
CY,2016-04-01,239.1111111111111,1.0,3.1783872676895246,0.0,7.599877111186507,0.002204,34.482201048940595,-11.566434953350914
CY,2016-05-01,239.1111111111111,1.0,3.1814511475613743,0.0,7.607203188391196,0.002204,34.515440963662414,-15.084336166251653
CY,2016-06-01,239.1111111111111,1.0,3.1844163423864673,0.0,7.614293298684085,0.002204,34.54761024811291,-18.171292651170404
CY,2016-07-01,239.1111111111111,1.0,3.1886174030145207,0.0,7.624338501430275,0.002204,34.593187393059324,-19.715406227091997
CY,2016-08-01,239.1111111111111,1.0,3.192554085223816,0.0,7.633751546001835,0.002204,34.63589630672339,-20.549253922323757
CY,2016-09-01,220.44444444444443,1.0,3.192554085223816,0.0,7.037808116760056,0.002204,31.93197875117993,-24.592064432946874
CY,2016-10-01,220.44444444444443,1.0,3.1875678481932135,0.0,7.026816234239261,0.002204,31.88210632594946,-26.578992669487686
CY,2016-11-01,220.44444444444443,1.0,3.1817833903974004,0.0,7.014064718387158,0.002204,31.82425008342631,-29.942788637065266
CY,2016-12-01,220.44444444444443,1.0,3.174852267568138,0.0,6.998785443172428,0.002204,31.75492487827781,-32.54082915483562
CY,2017-01-01,220.44444444444443,1.0,3.1658621274522964,0.0,6.978967178739285,0.002204,31.665005348181875,-35.784739280897355
CY,2017-02-01,220.44444444444443,1.0,3.15434847815309,0.0,6.953585978506367,0.002204,31.549845637506206,-39.45933619164262
CY,2017-03-01,220.44444444444443,1.0,3.1424090944810836,0.0,6.927266270500521,0.002204,31.43042772459402,-43.155329142591064
CY,2017-04-01,220.44444444444443,1.0,3.129280159300094,0.0,6.898324262279318,0.002204,31.29911189781905,-45.773048669847725
CY,2017-05-01,220.44444444444443,1.0,3.111917976686695,0.0,6.860050295273781,0.002204,31.125455060225867,-48.24850987518085
CY,2017-06-01,190.2222222222222,1.0,3.1119179766866947,0.0,5.9195595289862455,0.002204,26.85825557616264,-54.26234153406218
CY,2017-07-01,190.2222222222222,1.0,3.0871989525816472,0.0,5.872538452021977,0.002204,26.64491130681478,-57.080527986716305
CY,2017-08-01,190.2222222222222,1.0,3.061272044681042,0.0,5.823219711659938,0.002204,26.42114206742259,-59.10937074903036
CY,2017-09-01,189.33333333333331,1.0,3.037327797420593,0.0,5.750673963116323,0.002204,26.091987128476966,-61.40378570536897
CY,2017-10-01,189.33333333333331,1.0,2.9980253926868135,0.0,5.6762614101537,0.002204,25.754362115034937,-63.67924672543987
CY,2017-11-01,189.33333333333331,1.0,2.9531105996971196,0.0,5.5912227354265465,0.002204,25.36852420792444,-65.4965429113145
CY,2017-12-01,189.33333333333331,1.0,2.909768447666144,0.0,5.509161594247899,0.002204,24.996195981161065,-67.2559987279639
CY,2018-01-01,189.33333333333331,1.0,2.8679425262596205,0.0,5.429971183051548,0.002204,24.636892845061475,-68.58889090950731
CY,2018-02-01,189.33333333333331,1.0,2.82980077732355,0.0,5.357756138399254,0.002204,24.30923837749208,-70.26331434448844
CY,2018-03-01,189.33333333333331,1.0,2.79038518860405,0.0,5.283129290423667,0.002204,23.970641063628253,-71.76105052962725
CY,2018-04-01,189.33333333333331,1.0,2.7575978872289055,0.0,5.221051999820061,0.002204,23.688983665245285,-73.16447634952664
CY,2018-05-01,189.33333333333331,1.0,2.732949981732912,0.0,5.174385298747646,0.002204,23.477247271994766,-74.63998115193053
CY,2018-06-01,189.33333333333331,1.0,2.7106408779322977,0.0,5.13214672888515,0.002204,23.28560221817219,-76.31093562484011
CY,2018-07-01,189.33333333333331,1.0,2.677287999181401,0.0,5.068998611783452,0.002204,22.999086260360492,-77.68411411966406
CY,2018-08-01,189.33333333333331,1.0,2.6473526818243553,0.0,5.012321077587446,0.002204,22.741928664189864,-79.1032642451269
CY,2018-09-01,189.33333333333331,1.0,2.6119154396287323,0.0,4.945226565697066,0.002204,22.437507103888684,-80.63252640427896
CY,2018-10-01,327.1111111111111,1.0,2.2289126674181308,0.0,7.291020992087751,0.002204,33.08085749586094,-71.62881293017874
CY,2018-11-01,447.1111111111111,1.0,2.1242479903247613,0.0,9.497748792296488,0.002204,43.0932340848298,-62.833890240098484
CY,2018-12-01,601.7777777777777,1.0,2.060160899515343,0.0,12.397590479750106,0.002204,56.25041052518197,-51.057012355455576
CY,2019-01-01,653.3333333333333,1.0,2.0321061191823873,0.0,13.276426645324927,0.002204,60.237870441583155,-47.67057752866312
CY,2019-02-01,703.1111111111111,1.0,1.9930930713878154,0.0,14.01365883971344,0.002204,63.58284410033321,-44.345447701140664
CY,2019-03-01,753.7777777777777,1.0,1.9403793858574319,0.0,14.626148615174241,0.002204,66.36183582202469,-41.76113704422484
CY,2019-04-01,857.7777777777777,1.0,1.8317940242384445,0.0,15.712722074578656,0.002204,71.29184244364181,-36.69579415294511
CY,2019-05-01,960.8888888888888,1.0,1.7338358675390995,0.0,16.660236202753477,0.002204,75.59090836095045,-31.939134093009983
CY,2019-06-01,1046.2222222222222,1.0,1.62724635831587,0.0,17.02461301100248,0.002204,77.2441606669804,-29.46180005514725
CY,2019-07-01,1170.6666666666665,1.0,1.4927958772144354,0.0,17.475663735923654,0.002204,79.29067030818355,-26.559786068268068
CY,2019-08-01,1252.4444444444443,1.0,1.401917403773187,0.0,17.55823663925707,0.002204,79.66532050479616,-24.700920391549758
CY,2019-09-01,1395.5555555555554,1.0,1.285623499877342,0.0,17.941590176066015,0.002204,81.40467412008174,-21.437866745720328
CY,2019-10-01,1485.3333333333333,1.0,1.2233363414722855,0.0,18.170622458668348,0.002204,82.44384055657146,-19.047613088095773
CY,2019-11-01,1615.111111111111,1.0,1.1578980246583666,0.0,18.70133965159335,0.002204,84.85181330124026,-15.714424016849534
CY,2019-12-01,1728.0,1.0,1.1080632316709726,0.0,19.147332643274407,0.002204,86.87537496948461,-12.79847846986928
CY,2020-01-01,1817.7777777777776,1.0,1.074733643966955,0.0,19.53626935033265,0.002204,88.64006057319715,-9.930674533534784
CY,2020-02-01,1854.2222222222222,1.0,1.058129304182632,0.0,19.620068697999738,0.002204,89.02027539927286,-8.30095211326244
CY,2020-03-01,1980.3333333333333,1.0,1.0690724342601485,0.0,21.17119777313181,0.002204,96.05806612128771,3.933767334578633
CY,2020-04-01,2299.4444444444443,1.0,1.1940092182640871,0.0,27.45557863552809,0.002204,124.57159090529989,28.602257637252634
CY,2020-05-01,2623.222222222222,1.0,1.2659562165604028,0.0,33.208844796416166,0.002204,150.67533936667954,50.97995257959266
CY,2020-06-01,2967.777777777778,1.0,1.2477899055195627,0.0,37.031631529363914,0.002204,168.02010675754954,72.36416037697656
CY,2020-07-01,3281.777777777778,1.0,1.2206716061872078,0.0,40.05972951149486,0.002204,181.7592083098678,86.33966739807002
CY,2020-08-01,3513.555555555555,1.0,1.1986456800062448,0.0,42.11508188128608,0.002204,191.08476352670635,96.6831642570323
CY,2020-09-01,3764.6666666666665,1.0,1.165733142488965,0.0,43.885967037567895,0.002204,199.11963265684165,105.9610029012109
CY,2020-10-01,4022.555555555555,1.0,1.1156409729130747,0.0,44.877277935968934,0.002204,203.61741350258137,113.03455428240359
CY,2020-11-01,4274.222222222223,1.0,1.0618371718161852,0.0,45.385280361583355,0.002204,205.92232468957965,118.35234684812137
CY,2020-12-01,4510.222222222223,1.0,1.0100398028977702,0.0,45.55503964358477,0.002204,206.69255736653707,122.05233779158114
CY,2021-01-01,4697.777777777777,1.0,0.9720899709343309,0.0,45.66662663455945,0.002204,207.19885042903562,125.11273181662123
CY,2021-02-01,4857.555555555555,1.0,0.9447948517244424,0.0,45.89393480854352,0.002204,208.2301942311412,127.92341749902782
CY,2021-03-01,5028.777777777777,1.0,0.9213294469005934,0.0,46.33161048585995,0.002204,210.21601853838453,131.21276827319122
CY,2021-04-01,5187.222222222223,1.0,0.9010430059845819,0.0,46.73910303821134,0.002204,212.0648958176558,134.45596277702154
CY,2021-05-01,5323.888888888889,1.0,0.8879118924324453,0.0,47.27144258433402,0.002204,214.48022951149738,136.7925424598622
CY,2021-06-01,5472.333333333333,1.0,0.8678660539400419,0.0,47.49252335844556,0.002204,215.48331832325573,138.31360068635908
CY,2021-07-01,5609.0,1.0,0.8460174127705065,0.0,47.453116682297704,0.002204,215.30452215198596,139.19113264301257
CY,2021-08-01,5721.0,1.0,0.8248111164774053,0.0,47.18744397367236,0.002204,214.0991105883501,140.22604784295487
CY,2021-09-01,5852.0,1.0,0.804122233313053,0.0,47.057233093479866,0.002204,213.50831712105204,140.62168114956285
CY,2021-10-01,5951.444444444444,1.0,0.7914279186210678,0.0,47.101392894555836,0.002204,213.70867919489945,140.47020897771364
CY,2021-11-01,6053.555555555555,1.0,0.7832505884433515,0.0,47.414509510634076,0.002204,215.12935349652486,141.7959609078029
CY,2021-12-01,6137.888888888889,1.0,0.778488486581544,0.0,47.78275831916786,0.002204,216.80017386192316,143.48581217354192
CY,2022-01-01,6273.222222222223,1.0,0.7788233101464964,0.0,48.85731696395672,0.002204,221.67566680561126,146.2452347009276
CY,2022-02-01,6384.222222222223,1.0,0.7991494210928142,0.0,51.01947493016769,0.002204,231.48582091727627,151.58330427241194
CY,2022-03-01,6490.0,1.0,0.8264920233484222,0.0,53.6393323153126,0.002204,243.37265115840563,158.76658668461116
CY,2022-04-01,6584.222222222223,1.0,0.859764127264433,0.0,56.60878072603975,0.002204,256.84564757731283,165.28370574227682
CY,2022-05-01,6195.666666666666,1.0,0.8598548497417239,0.0,53.273740307164736,0.002204,241.71388524121932,144.44177012532182
CY,2022-06-01,6232.111111111111,1.0,0.897923672054502,0.0,55.95960093540552,0.002204,253.90018573232996,147.3999662065308
CY,2022-07-01,6281.0,1.0,0.9396419782599333,0.0806451612903225,53.95359007386126,0.002204,244.79850305744674,152.15726675526776
CY,2022-08-01,6320.333333333333,1.0,0.9719980286914953,0.5,29.831848740064807,0.002204,135.35321569902362,155.30349028055474
CY,2022-09-01,6390.555555555555,1.0,1.0272384147582785,0.925,6.533602694247093,0.002204,29.6442953459487,160.68538586927886
CY,2022-10-01,6442.555555555555,1.0,1.0824166296245064,1.25,-10.796651738313608,0.002204,-48.986623132094415,163.32206352080613
CY,2022-11-01,6470.111111111111,1.0,1.125847112520702,1.975,-54.94113532311891,0.002204,-249.27919838075732,156.64926477927693
CY,2022-12-01,6497.444444444444,1.0,1.1692925067745032,2.177419354838709,-65.50248188250062,0.002204,-297.1981936592587,157.07792558602944
CY,2023-01-01,6511.666666666666,1.0,1.2062084852852708,2.5,-84.24739079984077,0.002204,-382.24768965444997,153.11790130220726
CY,2023-02-01,6524.111111111111,1.0,1.2414231284916004,2.875,-106.57637018262078,0.002204,-483.5588483784972,147.00590895744284
CY,2023-03-01,6527.666666666666,1.0,1.2726978653292997,3.161290322580645,-123.28102030117698,0.002204,-559.3512717839246,140.67730137918159
CY,2023-04-01,6557.222222222223,1.0,1.3127244832041234,3.5,-143.4245162485652,0.002204,-650.7464439590073,133.5510360559266
CY,2023-05-01,6605.222222222223,1.0,1.358591837954601,3.6774193548387095,-153.1637104402329,0.002204,-694.93516533681,130.86023716790135
CY,2023-06-01,6632.333333333333,1.0,1.3937257488815062,3.8333333333333335,-161.80290702612666,0.002204,-734.1329719878705,126.54831840946247
CY,2023-07-01,6203.0,1.0,1.3939639351512998,4.0,-161.65241710256487,0.002204,-733.4501683419459,156.08621259433755
CY,2023-08-01,6225.0,1.0,1.4264541189748516,4.241935483870968,-175.26371496478322,0.002204,-795.2074181705228,152.49928799720647
CY,2023-09-01,6240.0,1.0,1.4579064332433809,4.341666666666667,-179.94663856561303,0.002204,-816.4548029292788,148.21640644312265
CY,2023-10-01,6266.0,1.0,1.4951951558372774,4.5,-188.28107153523624,0.002204,-854.2698345518886,138.63933896896276
CY,2023-11-01,6275.0,1.0,1.5213252554556336,4.5,-186.91184022015898,0.002204,-848.0573512711388,136.48212198161434
CY,2023-12-01,6284.0,1.0,1.5405838353913428,4.5,-185.96971178400804,0.002204,-843.7827213430493,135.0846789320742
CY,2024-01-01,6286.0,1.0,1.5581918125831442,4.5,-184.92206266102355,0.002204,-839.0293224184372,130.05612334885348
CY,2024-02-01,6286.0,1.0,1.5760261752125173,4.5,-183.80099462614118,0.002204,-833.9428068336714,125.75790932926657
CY,2024-03-01,6286.0,1.0,1.5928703919018403,4.5,-182.74216716505032,0.002204,-829.1386894965985,120.98916358655742
CY,2024-04-01,6286.0,1.0,1.6105318719398403,4.5,-181.63196652986164,0.002204,-824.1014815329477,114.50321876512385
CY,2024-05-01,6286.0,1.0,1.6284521034650419,4.5,-180.50550077618743,0.002204,-818.9904753910502,112.39303795449518
CY,2024-06-01,5902.777777777777,1.0,1.6280714937373868,4.341666666666667,-160.17749284651998,0.002204,-726.7581345123411,149.2809035265982
CY,2024-07-01,5939.777777777777,1.0,1.6536302384495913,4.25,-154.21859412551305,0.002204,-699.7213889542335,141.21052068731308
CY,2024-08-01,5951.777777777777,1.0,1.669428486326666,4.25,-153.58988189047312,0.002204,-696.8687926065024,137.07172694729138
CY,2024-09-01,5971.777777777777,1.0,1.6850424341747237,3.99,-137.64694370316144,0.002204,-624.5324124462861,133.09343233421373
CY,2024-10-01,5997.777777777777,1.0,1.7014634445553074,3.577419354838709,-112.51566670788668,0.002204,-510.5066547544768,130.18753184753848
CY,2024-11-01,6020.777777777777,1.0,1.7177911875947685,3.4,-101.28205435311364,0.002204,-459.5374516928931,127.955191059394
CY,2024-12-01,5570.888888888889,1.0,1.7178032337935782,3.287096774193548,-87.42359947619298,0.002204,-396.65879980123856,155.33845404393043
CY,2025-01-01,5570.888888888889,1.0,1.730296600969978,3.0,-70.73376557840804,0.002204,-320.9336006279857,151.97193174347672
CY,2025-02-01,5570.888888888889,1.0,1.7410765301481579,2.7857142857142856,-58.195608653971675,0.002204,-264.045411315661,148.08546648380496
CY,2025-03-01,5570.888888888889,1.0,1.7535606164833266,2.588709677419355,-46.5252262413451,0.002204,-211.0944929280631,143.97189106667722
CY,2025-04-01,5570.888888888889,1.0,1.7634831025062043,2.433333333333333,-37.31661208134509,0.002204,-169.31312196617557,140.5824954928721
CY,2025-05-01,5570.888888888889,1.0,1.7730689313141759,2.25,-26.56929991307761,0.002204,-120.55036258202183,138.49720073106528
CY,2025-06-01,5570.888888888889,1.0,1.7824934090292717,2.083333333333333,-16.7594579163967,0.002204,-76.04109762430444,137.08281538997687
CY,2025-07-01,5570.888888888889,1.0,1.7921131451354935,2.0,-11.581145699107365,0.002204,-52.54603311754703,134.39300790268305
CY,2025-08-01,5570.888888888889,1.0,1.8017943819946123,2.0,-11.0418147506157,0.002204,-50.09897799734891,132.29444115820354
CY,2025-09-01,5570.888888888889,1.0,1.8117192598532532,2.0,-10.488910832752877,0.002204,-47.59033953154663,129.8100016621255
CY,2025-10-01,5570.888888888889,1.0,1.8206941613880134,2.0,-9.988929040364201,0.002204,-45.32181960237841,126.68077415249934
CY,2025-11-01,5132.555555555555,1.0,1.8207010025162502,2.0,-9.202620656407612,0.002204,-41.7541772069311,126.10239755698231
CY,2025-12-01,5132.555555555555,1.0,1.8310524423807575,2.0,-8.671327254561854,0.002204,-39.34359008421894,124.13747613679337
CY,2026-01-01,5132.555555555555,1.0,1.8422362995670625,2.0,-8.097309571220757,0.002178,-37.17772989541211,123.35912789067694
CY,2026-02-01,4674.666666666666,1.0,1.8422493791443082,2.0,-7.3743156896007385,0.002178,-33.85819875849742,122.51951484341518
CY,2026-03-01,4674.666666666666,1.0,1.856829499390635,2.0,-6.692743668485786,0.002178,-30.728850635839237,120.64689645993245
CY,2026-04-01,4674.666666666666,1.0,1.8716399375537631,2.0,-6.0004050524867525,0.002178,-27.550069111509426,118.42264212021203
CY,2026-05-01,4674.666666666666,1.0,1.8861562554408557,2.0,-5.321815578991463,0.002178,-24.43441496322986,115.68707106406224
CY,2026-06-01,4674.666666666666,1.0,1.9001855818261049,2.1166666666666667,-10.11976911268013,0.002178,-46.46358637594183,114.53905903092381
CY,2026-07-01,4674.666666666666,1.0,1.9153841216528538,2.25,-15.642176926467927,0.002178,-71.8189941527453,112.96952964626574
CY,2026-08-01,4674.666666666666,1.0,1.9315400664781068,2.25,-14.886940359036764,0.002178,-68.35142497262059,111.32050840912935
DE,2015-03-01,9840.0,1.0,0.08974650314707147,0.05,3.9110559096718327,0.266301,0.1468659865968146,-1.6100289253470397
DE,2015-04-01,19749.333333333332,1.0,0.03767763716637728,0.05,-2.43358451055493,0.266301,-0.09138473045744964,-3.8993201045928814
DE,2015-05-01,30544.0,1.0,0.12009530229784522,0.05,21.409909133853844,0.266301,0.803974041924508,-6.850510550156958
DE,2015-06-01,41184.0,1.0,0.18941701002381228,0.05,57.41750140820685,0.266301,2.156112872584288,-10.332388065400293
DE,2015-07-01,51828.44444444444,1.0,0.20882164612962661,0.05,82.31478863004568,0.266301,3.0910431665688702,-13.272392708998638
DE,2015-08-01,60651.555555555555,1.0,0.21294973656476085,0.05,98.83155000020736,0.266301,3.711272207021654,-15.481550799300386
DE,2015-09-01,71185.77777777778,1.0,0.2190374666556844,0.05,120.33063537470072,0.266301,4.518594949876294,-18.0906033801109
DE,2015-10-01,82025.77777777777,1.0,0.2083734678070523,0.05,129.90706876237311,0.266301,4.878204316257659,-21.352395275559427
DE,2015-11-01,93495.11111111111,1.0,0.19507363491849083,0.05,135.6367561599707,0.266301,5.093362629504609,-24.883509436223584
DE,2015-12-01,102777.77777777777,1.0,0.18898876374205095,0.05,142.84956273488567,0.266301,5.36421428139157,-27.01127844688603
DE,2016-01-01,113752.88888888888,1.0,0.1709896373311456,0.05,137.62920772036767,0.266301,5.168182159299727,-30.317610423588214
DE,2016-02-01,124810.66666666666,1.0,0.134984983011137,0.05,106.0703238627535,0.266301,3.983098969314929,-34.224964786961095
DE,2016-03-01,135842.66666666666,1.0,0.10577410689697074,0.0241935483870967,110.82120616137315,0.266301,4.161501690244241,-37.47141665356518
DE,2016-04-01,152718.22222222222,1.0,0.07037498248340675,0.0,107.47542213785908,0.266301,4.0358625066319345,-42.01277349565957
DE,2016-05-01,170116.44444444444,1.0,0.04381111345901307,0.0,74.52990848799449,0.266301,2.798709298425259,-46.80106783148881
DE,2016-06-01,185128.0,1.0,0.01614720542919965,0.0,29.892998466968724,0.266301,1.1225267072586556,-51.59637619202466
DE,2016-07-01,200458.66666666666,1.0,-0.01650264520589017,0.0,-33.08098254445802,0.266301,-1.2422402673838255,-55.55083388753515
DE,2016-08-01,211452.44444444444,1.0,-0.03560395400998824,0.0,-75.28543107299593,0.266301,-2.8270802990974846,-58.01223052814463
DE,2016-09-01,226730.66666666666,1.0,-0.05510919343084582,0.0,-124.94944166037959,0.266301,-4.692038019398335,-61.216081203525135
DE,2016-10-01,242744.88888888888,1.0,-0.06572941648257348,0.0,-159.554799007938,0.266301,-5.991520835743687,-64.45261983118084
DE,2016-11-01,258113.77777777775,1.0,-0.0633011604588384,0.0,-163.3890166374807,0.266301,-6.135501430241744,-67.90254015073332
DE,2016-12-01,270174.2222222222,1.0,-0.06001307343782883,0.0,-162.13985439230507,0.266301,-6.088593523580649,-70.38434755669408
DE,2017-01-01,285919.1111111111,1.0,-0.05668488586787377,0.0,-162.07292180777253,0.266301,-6.086080105135637,-73.53582473421487
DE,2017-02-01,300994.6666666666,1.0,-0.056267270945418564,0.0,-169.36148462459278,0.266301,-6.359776516971126,-77.36895834611995
DE,2017-03-01,316085.3333333333,1.0,-0.05202202936703512,0.0,-164.4340049315575,0.266301,-6.174742300312709,-80.7604991674978
DE,2017-04-01,327187.55555555556,1.0,-0.05502939517393134,0.0,-180.04933290659284,0.266301,-6.761121171403518,-83.83328173907029
DE,2017-05-01,337782.2222222222,1.0,-0.054159944671005995,0.0,-182.94266466405006,0.266301,-6.86977009714759,-86.24373503255431
DE,2017-06-01,348352.8888888889,1.0,-0.05728792808696457,0.0,-199.56415247553025,0.266301,-7.493931771774429,-88.61452888199925
DE,2017-07-01,359169.77777777775,1.0,-0.05299435037572515,0.0,-190.33969047926894,0.266301,-7.147539456452245,-90.87297874998333
DE,2017-08-01,367883.55555555556,1.0,-0.053818931444605006,0.0,-197.99099856041983,0.266301,-7.434857494354877,-92.96537031080783
DE,2017-09-01,378262.2222222222,1.0,-0.055701074203898436,0.0,-210.69612108531518,0.266301,-7.911953807357658,-95.4077266412036
DE,2017-10-01,388529.77777777775,1.0,-0.05717000844439702,0.0,-222.12250676455253,0.266301,-8.34103164331161,-97.77464048378641
DE,2017-11-01,398807.11111111107,1.0,-0.06103902347994648,0.0,-243.42796619080735,0.266301,-9.14108344282625,-100.00615056206519
DE,2017-12-01,408282.6666666666,1.0,-0.06416211731442395,0.0,-261.9628035611251,0.266301,-9.837094249031175,-102.08928895815615
DE,2018-01-01,412569.77777777775,1.0,-0.062165622275850506,0.0,-256.47656967764914,0.266301,-9.631077978589984,-102.85686173315877
DE,2018-02-01,417083.5555555555,1.0,-0.05586265670596644,0.0,-232.9939548170388,0.266301,-8.749270743145493,-103.321823465126
DE,2018-03-01,421319.11111111107,1.0,-0.05260629048969485,0.0,-221.64035547971127,0.266301,-8.322926142962709,-104.05461773621822
DE,2018-04-01,425512.8888888889,1.0,-0.05027014079478318,0.0,-213.90592834439377,0.266301,-8.032486860522257,-104.88594687529418
DE,2018-05-01,431640.0,1.0,-0.04903595164169469,0.0,-211.65878166621096,0.266301,-7.948103148925875,-106.06533157285118
DE,2018-06-01,436963.5555555555,1.0,-0.05076963359937565,0.0,-221.84479611835977,0.266301,-8.330603194068356,-107.92714103708066
DE,2018-07-01,442604.44444444444,1.0,-0.052914917542262116,0.0,-234.20377681616512,0.266301,-8.794701364852745,-109.4779017448773
DE,2018-08-01,447424.0,1.0,-0.05475117472951287,0.0,-244.96989602177567,0.266301,-9.19898520928482,-111.04417811860156
DE,2018-09-01,453040.0,1.0,-0.054565796101705824,0.0,-247.20488265916808,0.266301,-9.282912293200853,-112.3529458013685
DE,2018-10-01,455595.5555555555,1.0,-0.05385733127939608,0.0,-245.3716076497605,0.266301,-9.214070080463854,-113.92374050650353
DE,2018-11-01,457821.3333333333,1.0,-0.055028149788942986,0.0,-251.93060907240263,0.266301,-9.460370373089196,-115.38749469801748
DE,2018-12-01,460939.5555555555,1.0,-0.05792813778564317,0.0,-267.0137008507534,0.266301,-10.026762980640456,-117.334185861278
DE,2019-01-01,459606.2222222222,1.0,-0.06000362859222555,0.0,-275.78041056898104,0.266301,-10.355966014734493,-118.26441398498076
DE,2019-02-01,458093.3333333333,1.0,-0.06235363809487061,0.0,-285.6378592033959,0.266301,-10.726127923041817,-118.65441972451569
DE,2019-03-01,454637.3333333333,1.0,-0.0637824879107766,0.0,-289.9790021712104,0.266301,-10.889144320569972,-119.0121171868195
DE,2019-04-01,456578.6666666666,1.0,-0.06894452387809785,0.0,-314.7859878623008,0.266301,-11.820683657301352,-119.80832025388827
DE,2019-05-01,460893.3333333333,1.0,-0.07769277896984272,0.0,-358.0808387534071,0.266301,-13.44646992513761,-120.97651237909804
DE,2019-06-01,459898.6666666666,1.0,-0.08338844809270428,0.0,-383.50236093237237,0.266301,-14.401086024174612,-121.10704674630227
DE,2019-07-01,460271.11111111107,1.0,-0.0913500181883294,0.0,-420.4577437156258,0.266301,-15.788815803005837,-121.63927217945745
DE,2019-08-01,461453.3333333333,1.0,-0.1033187853812665,0.0,-476.76797910136696,0.266301,-17.90334918386964,-122.26959008021555
DE,2019-09-01,460539.5555555555,1.0,-0.1110128633383953,0.0,-511.25814742814197,0.266301,-19.1985064805668,-122.04104734636886
DE,2019-10-01,462907.5555555555,1.0,-0.1211314448263068,0.0,-560.7266102545832,0.266301,-21.05612109059234,-122.54757473525957
DE,2019-11-01,467914.6666666666,1.0,-0.1315934211008682,0.0,-615.7449176993904,0.266301,-23.122140649092206,-123.68837796718199
DE,2019-12-01,469184.8888888889,1.0,-0.13788365211940035,0.0,-646.9292599923506,0.266301,-24.29315924432693,-123.96701268368082
DE,2020-01-01,469592.0,1.0,-0.14315551550954925,0.0,-672.2468483916025,0.266301,-25.243872474816182,-123.81460758154812
DE,2020-02-01,472259.5555555555,1.0,-0.15281524505401417,0.0,-721.6845971132203,0.266301,-27.100333724365296,-124.4215612369006
DE,2020-03-01,477196.2222222222,1.0,-0.16528866092799924,0.0,-788.7512457101105,0.266301,-29.618786475083102,-121.74308526179217
DE,2020-04-01,495288.44444444444,1.0,-0.19199134838435855,0.0,-950.9109628808034,0.266301,-35.70812587563709,-131.67745914368433
DE,2020-05-01,527270.7777777778,1.0,-0.2337254196935882,0.0,-1232.365838282758,0.266301,-46.277176513898105,-145.97256330098497
DE,2020-06-01,553645.2222222222,1.0,-0.26154088854508173,0.0,-1448.0086335873923,0.266301,-54.37488532102366,-150.03083170159664
DE,2020-07-01,579015.8888888889,1.0,-0.2883114341793285,0.0,-1669.3690133817424,0.266301,-62.68729795914181,-158.10683887093958
DE,2020-08-01,596997.7777777778,1.0,-0.3071921202348555,0.0,-1833.9301313105263,0.266301,-68.86681354221449,-163.26841281188854
DE,2020-09-01,618293.3333333333,1.0,-0.32737764666310215,0.0,-2024.154164141516,0.266301,-76.01000988135665,-169.1686396369874
DE,2020-10-01,642496.3333333333,1.0,-0.35107315284852586,0.0,-2255.632134369507,0.266301,-84.70235314060056,-175.28521236077836
DE,2020-11-01,671952.3333333333,1.0,-0.37603058045019394,0.0,-2526.746259381955,0.266301,-94.88309316833038,-182.45307100978866
DE,2020-12-01,690708.4444444445,1.0,-0.39237632989997767,0.0,-2710.1764446203374,0.266301,-101.77117039066084,-186.41138996561676
DE,2021-01-01,704360.6666666666,1.0,-0.40409612901693864,0.0,-2846.2941883179024,0.266301,-106.88259482006835,-188.96871343248273
DE,2021-02-01,725907.111111111,1.0,-0.41531285048506683,0.0,-3014.7855150293562,0.266301,-113.20969560870428,-193.51647234081767
DE,2021-03-01,747707.4444444444,1.0,-0.42432341735812973,0.0,-3172.6977801078056,0.266301,-119.13953684393995,-198.14278710913328
DE,2021-04-01,773745.7777777778,1.0,-0.43238145929181826,0.0,-3345.533285164385,0.266301,-125.62976801305231,-203.23870105368658
DE,2021-05-01,799392.1111111111,1.0,-0.43622252218846674,0.0,-3487.1284292645196,0.266301,-130.94687700250915,-208.63456405414433
DE,2021-06-01,821801.4444444444,1.0,-0.44098974453089135,0.0,-3624.0600904067305,0.266301,-136.08886524672195,-213.2585828836186
DE,2021-07-01,847100.3333333333,1.0,-0.4510701184981383,0.0,-3821.0164773647907,0.266301,-143.4848715312669,-219.5982610402403
DE,2021-08-01,866539.2222222222,1.0,-0.4614596962465677,0.0,-3998.7292627240367,0.266301,-150.15825185500753,-224.03131460040277
DE,2021-09-01,885471.5555555555,1.0,-0.46632526589187595,0.0,-4129.177585841374,0.266301,-155.0567810801076,-227.94341705159684
DE,2021-10-01,904711.5555555555,1.0,-0.466004103923278,0.0,-4215.992977557016,0.266301,-158.31682860961902,-231.5552988268048
DE,2021-11-01,928636.3333333333,1.0,-0.4683864117675863,0.0,-4349.606400070082,0.266301,-163.33421204088913,-236.66760462961108
DE,2021-12-01,943566.8888888889,1.0,-0.4711130995660964,0.0,-4445.26721672383,0.266301,-166.92641847848222,-240.24078016686346
DE,2022-01-01,958715.0,1.0,-0.4667076233363951,0.0,-4474.39599106952,0.266301,-168.02024742939454,-243.4506795340782
DE,2022-02-01,972625.3333333333,1.0,-0.45437060669183,0.0,-4419.3236279051,0.266301,-165.95219799794592,-245.85471464281025
DE,2022-03-01,982258.4444444444,1.0,-0.4417035892353541,0.0,-4338.670804678467,0.266301,-162.9235641127321,-247.52962858652657
DE,2022-04-01,992820.7777777778,1.0,-0.4168827647935935,0.0,-4138.898707845259,0.266301,-155.42182371997322,-246.98376555500923
DE,2022-05-01,1005002.3333333333,1.0,-0.3866145350754676,0.0,-3885.4850985142675,0.266301,-145.90576447381974,-243.17787958971724
DE,2022-06-01,1001881.6666666666,1.0,-0.37044097061772285,0.0,-3711.3801704410184,0.266301,-139.36786457583779,-245.86808410163695
DE,2022-07-01,987621.1111111111,1.0,-0.36415645369148264,0.0806451612903225,-4392.954652123471,0.266301,-164.96200360206947,-257.6032399042484
DE,2022-08-01,987346.2222222221,1.0,-0.34935569708028036,0.5,-8386.08138835137,0.266301,-314.9098722254655,-294.9595976439344
DE,2022-09-01,983971.8888888889,1.0,-0.33102810187750303,0.925,-12358.963439019324,0.266301,-464.0975226912149,-333.05643216788474
DE,2022-10-01,986759.0,1.0,-0.2954909603883739,1.25,-15250.271145818715,0.266301,-572.6704423122223,-360.36175565932183
DE,2022-11-01,991750.4444444444,1.0,-0.2559550836889664,1.975,-22125.506957841255,0.266301,-830.8458082335873,-424.917345073553
DE,2022-12-01,985967.0,1.0,-0.24081386447802908,2.177419354838709,-23842.981525500665,0.266301,-895.3395415526289,-441.0634223073408
DE,2023-01-01,992354.0,1.0,-0.1954615148162546,2.5,-26748.520160739692,0.266301,-1004.4468537759786,-469.0812628193214
DE,2023-02-01,987811.3333333333,1.0,-0.17537675963035318,2.875,-30131.96734099472,0.266301,-1131.500345135569,-500.93558779962893
DE,2023-03-01,987006.7777777778,1.0,-0.14604129343236297,3.161290322580645,-32643.587213635696,0.266301,-1225.8154199058845,-525.7868467427783
DE,2023-04-01,975173.3333333333,1.0,-0.14271229234438443,3.5,-35522.75888499781,0.266301,-1333.9326132833828,-549.635133268449
DE,2023-05-01,973770.0,1.0,-0.11663138425185961,3.6774193548387095,-36945.327882042235,0.266301,-1387.3522022839657,-561.5567997792543
DE,2023-06-01,964987.7777777778,1.0,-0.10850768292221462,3.8333333333333335,-38038.284026297384,0.266301,-1428.3943367203797,-567.7130463230467
DE,2023-07-01,967490.7777777778,1.0,-0.07007020928792423,4.0,-39377.55392394136,0.266301,-1478.685920215897,-589.1495392796137
DE,2023-08-01,958616.1111111111,1.0,-0.06082204089050167,4.241935483870968,-41246.9268544091,0.266301,-1548.883663764278,-601.1769575965487
DE,2023-09-01,949292.6666666666,1.0,-0.05355504379455578,4.341666666666667,-41723.51738114962,0.266301,-1566.7803493471529,-602.1091399747514
DE,2023-10-01,945805.8888888889,1.0,-0.029108346904225535,4.5,-42836.57345917837,0.266301,-1608.5772662955965,-615.6680927747451
DE,2023-11-01,942390.8888888889,1.0,-0.0063994351842815034,4.5,-42467.89769411702,0.266301,-1594.7329410748368,-610.1934678220837
DE,2023-12-01,938192.7777777778,1.0,0.009917550403370801,4.5,-42125.6292583831,0.266301,-1581.8802504828407,-603.0128502077172
DE,2024-01-01,933666.5555555555,1.0,0.025685742549051555,4.5,-41775.175812273395,0.266301,-1568.7202005352362,-599.6347547679455
DE,2024-02-01,925747.4444444444,1.0,0.035625545884837365,4.5,-41328.83241940173,0.266301,-1551.9593399725022,-592.2586238095643
DE,2024-03-01,922512.2222222222,1.0,0.05597280776257722,4.5,-40996.694007269274,0.266301,-1539.4870468856395,-589.3591938024836
DE,2024-04-01,911445.0,1.0,0.06398425690908528,4.5,-40431.84368961499,0.266301,-1518.2760744276206,-579.6713741295491
DE,2024-05-01,903564.111111111,1.0,0.07720614858257602,4.5,-39962.777949836716,0.266301,-1500.6619558258028,-569.2784424802575
DE,2024-06-01,895277.0,1.0,0.08476008068239624,4.341666666666667,-38111.1055758024,0.266301,-1431.1288945892954,-555.0898565503561
DE,2024-07-01,893196.5555555555,1.0,0.10783646996366261,4.25,-36997.661975762974,0.266301,-1389.3174256109805,-548.385515969434
DE,2024-08-01,882267.6666666666,1.0,0.10970112809511631,4.25,-36528.51825018154,0.266301,-1371.7003785258614,-537.7598589720676
DE,2024-09-01,876930.0,1.0,0.12184720230499699,3.99,-33920.99232882679,0.266301,-1273.7838884880937,-516.1580437075938
DE,2024-10-01,864951.8888888889,1.0,0.12528207944713057,3.577419354838709,-29859.32657053688,0.266301,-1121.2622772928707,-480.56809069085546
DE,2024-11-01,863783.3333333333,1.0,0.14769243048005093,3.4,-28092.890734251727,0.266301,-1054.929975263019,-467.43733251073195
DE,2024-12-01,859982.0,1.0,0.16298025310305758,3.287096774193548,-26866.839740404423,0.266301,-1008.889930582477,-456.89267673730797
DE,2025-01-01,851499.7777777778,1.0,0.1690226172630177,3.0,-24105.766122944555,0.266301,-905.2074953884721,-432.3019630170097
DE,2025-02-01,832435.2222222222,1.0,0.1690176556617034,2.7857142857142856,-21782.304407259613,0.266301,-817.9580402349076,-405.8271624354416
DE,2025-03-01,821551.3333333333,1.0,0.17294729707589523,2.588709677419355,-19846.728045876764,0.266301,-745.2742590480983,-390.207875053358
DE,2025-04-01,806226.6666666666,1.0,0.17294866891781877,2.433333333333333,-18223.82393376172,0.266301,-684.3317874796459,-374.4361700205982
DE,2025-05-01,803338.5555555555,1.0,0.19125040685875275,2.25,-16538.72924404677,0.266301,-621.0539669038708,-362.0064035907837
DE,2025-06-01,794662.7777777778,1.0,0.19632202435587762,2.083333333333333,-14995.376484901051,0.266301,-563.0987673685435,-349.97485435426216
DE,2025-07-01,793874.111111111,1.0,0.22063534457151326,2.0,-14125.915341708183,0.266301,-530.4492037847467,-343.5101627645166
DE,2025-08-01,779251.3333333333,1.0,0.22063867878157442,2.0,-13865.696820412197,0.266301,-520.677609938085,-338.2841907825325
DE,2025-09-01,773850.6666666666,1.0,0.23269407070663828,2.0,-13676.308715876208,0.266301,-513.5658039540298,-336.1654627603576
DE,2025-10-01,761591.3333333333,1.0,0.23268844173681383,2.0,-13459.691660730708,0.266301,-505.43151023581237,-333.4289164809346
DE,2025-11-01,759470.7777777778,1.0,0.25338200481090634,2.0,-13265.053272869238,0.266301,-498.1225482769211,-330.2659735130077
DE,2025-12-01,757864.111111111,1.0,0.277120827371162,2.0,-13057.082927162008,0.266301,-490.31295140318684,-326.8318851821746
DE,2026-01-01,756052.5555555555,1.0,0.3000987908776821,2.0,-12852.14653348907,0.263152,-488.3925082647698,-327.85565047868073
DE,2026-02-01,741440.5555555555,1.0,0.3000890377826981,2.0,-12603.829282213752,0.263152,-478.95624134392864,-322.57852774201604
DE,2026-03-01,733742.4444444445,1.0,0.30569212105328164,2.0,-12431.85604739847,0.263152,-472.4211120340514,-321.0453649382797
DE,2026-04-01,709812.6666666666,1.0,0.305668082127423,2.0,-12026.582568435815,0.263152,-457.02037485695774,-311.0476636252363
DE,2026-05-01,707163.7777777778,1.0,0.3277863231450592,2.0,-11825.289409764078,0.263152,-449.371063482857,-309.2495774555649
DE,2026-06-01,702603.6666666666,1.0,0.34277488236660164,2.1166666666666667,-12463.428719191013,0.263152,-473.6209004374283,-312.61825503056264
DE,2026-07-01,700945.3333333333,1.0,0.3687619490522347,2.25,-13186.450327009314,0.263152,-501.09633698430235,-316.3078131852913
DE,2026-08-01,686875.7777777778,1.0,0.3687469907514916,2.25,-12921.871239243541,0.263152,-491.04210643443867,-311.37017305268876
EE,2020-06-01,169.0,1.0,0.10786565051117966,0.0,0.18229294936389362,0.00298,0.611721306590247,-95.04422507398274
EE,2020-07-01,294.55555555555554,1.0,0.07142967998132752,0.0,0.2104000907005547,0.00298,0.7060405728206535,-94.71350033897713
EE,2020-08-01,349.44444444444446,1.0,0.056230628572652715,0.0,0.19649480762332533,0.00298,0.6593785490715616,-93.74222072060249
EE,2020-09-01,391.1111111111111,1.0,0.048632783954455354,0.0,0.1902082216885365,0.00298,0.6382826231158942,-92.52034713251484
EE,2020-10-01,392.0,1.0,0.04689857612932695,0.0,0.18384241842696164,0.00298,0.6169208672045693,-89.96593835297321
EE,2020-11-01,439.77777777777777,1.0,0.02189387756105823,0.0,0.09628440820740941,0.00298,0.3231020409644611,-87.24687580049383
EE,2020-12-01,456.66666666666663,1.0,0.011548632639949088,0.0,0.052738755722434166,0.00298,0.17697569034373883,-84.4632438846122
EE,2021-01-01,480.3333333333333,1.0,-0.0019556731396667202,0.0,-0.009393749980865812,0.00298,-0.03152265094250273,-82.11764126335689
EE,2021-02-01,537.0,1.0,-0.020390610460302536,0.0,-0.10949757817182462,0.00298,-0.3674415374893444,-80.67421826960273
EE,2021-03-01,567.0,1.0,-0.019749313691963605,0.0,-0.11197860863343365,0.00298,-0.3757671430652136,-79.37901740825853
EE,2021-04-01,587.6666666666666,1.0,-0.017937885184385858,0.0,-0.10541497193357423,0.00298,-0.35374151655561825,-77.96267455718989
EE,2021-05-01,598.8888888888889,1.0,-0.014999706170935987,0.0,-0.08983157362371663,0.00298,-0.301448233636633,-77.98913528527183
EE,2021-06-01,607.7777777777778,1.0,-0.013424177253313267,0.0,-0.0815891661951373,0.00298,-0.2737891483058299,-77.44350678520247
EE,2021-07-01,607.7777777777778,1.0,-0.013137689546920114,0.0,-0.07984795757961448,0.00298,-0.26794616637454527,-76.38133567534793
EE,2021-08-01,609.5555555555555,1.0,-0.013621077506546227,0.0,-0.08302803466768066,0.00298,-0.2786175659989284,-74.15168031139416
EE,2021-09-01,615.1111111111111,1.0,-0.014427672026236174,0.0,-0.08874621370804828,0.00298,-0.2978060862686184,-73.18444205775783
EE,2021-10-01,617.7777777777778,1.0,-0.013040422421155728,0.0,-0.08056083184625094,0.00298,-0.27033836190017096,-73.50880857908597
EE,2021-11-01,619.5555555555555,1.0,-0.011428534795721838,0.0,-0.0708061222454944,0.00298,-0.23760443706541748,-73.57099702578736
EE,2021-12-01,619.5555555555555,1.0,-0.01097865892463912,0.0,-0.06801889129309747,0.00298,-0.2282513130640855,-73.54261300144533
EE,2022-01-01,623.1111111111111,1.0,-0.007319809737696856,0.0,-0.04561054778778218,0.00298,-0.15305552948920195,-75.58348763417287
EE,2022-02-01,624.8888888888889,1.0,0.002065955440439093,0.0,0.012909925996699401,0.00298,0.04332189931778323,-79.85919474554655
EE,2022-03-01,624.8888888888889,1.0,0.013433772875704625,0.0,0.08394615405884757,0.00298,0.28169850355317977,-84.3243659702413
EE,2022-04-01,638.2222222222222,1.0,0.05730501997155038,0.0,0.3657333719073171,0.00298,1.227293194319856,-90.33464864071615
EE,2022-05-01,646.2222222222222,1.0,0.09753833636245218,0.0,0.6303144047600243,0.00298,2.1151490092618266,-95.15696610663566
EE,2022-06-01,652.4444444444443,1.0,0.14337326757682717,0.0,0.9354309191234766,0.00298,3.1390299299445528,-103.36118959585463
EE,2022-07-01,652.4444444444443,1.0,0.16856703446207744,0.0806451612903225,0.5736413769606055,0.00298,1.924971063626193,-90.7162652385528
EE,2022-08-01,652.4444444444443,1.0,0.19095756505952033,0.5,-2.016330197744996,0.00298,-6.766208717265087,13.184065864266024
EE,2022-09-01,653.3333333333333,1.0,0.22351281419734995,0.925,-4.583049613910647,0.00298,-15.379361120505527,115.66172940282463
EE,2022-10-01,690.6666666666666,1.0,0.46374451750603535,1.25,-5.430404532424983,0.00298,-18.22283400142612,194.08585265147443
EE,2022-11-01,729.7777777777778,1.0,0.6700495398397966,1.975,-9.52323846925802,0.00298,-31.95717607133564,373.9712870886986
EE,2022-12-01,758.2222222222222,1.0,0.8024964595384906,2.177419354838709,-10.424970930587435,0.00298,-34.98312392814576,419.2929953171424
EE,2023-01-01,776.8888888888889,1.0,0.9053666224594009,2.5,-12.388529528626522,0.00298,-41.57224674035746,493.7933442162998
EE,2023-02-01,794.6666666666666,1.0,1.0020206780515648,2.875,-14.883942345083565,0.00298,-49.946115251958275,580.6186420839817
EE,2023-03-01,794.6666666666666,1.0,1.034690130635558,3.161290322580645,-16.89938285865696,0.00298,-56.709338451868994,643.3192347112372
EE,2023-04-01,794.6666666666666,1.0,1.0662532375230955,3.5,-19.340174272483136,0.00298,-64.8999136660508,719.3975663488831
EE,2023-05-01,794.6666666666666,1.0,1.0980784535241237,3.6774193548387095,-20.497162362446574,0.00298,-68.78242403505561,757.0129784696558
EE,2023-06-01,794.6666666666666,1.0,1.1303858583452668,3.8333333333333335,-21.479422601238504,0.00298,-72.07859933301512,788.6026910643179
EE,2023-07-01,794.6666666666666,1.0,1.1647093775837525,4.0,-22.531109479467776,0.00298,-75.60774993109992,813.9286310051835
EE,2023-08-01,794.6666666666666,1.0,1.199115817989632,4.241935483870968,-24.180273611537014,0.00298,-81.14185775683562,866.5648484108937
EE,2023-09-01,794.6666666666666,1.0,1.2347049224052986,4.341666666666667,-24.689989327730338,0.00298,-82.85231318030316,881.8188961920982
EE,2023-10-01,794.6666666666666,1.0,1.2679170525424754,4.5,-25.68428582246246,0.00298,-86.18887859886732,906.7202949219841
EE,2023-11-01,794.6666666666666,1.0,1.296085650620215,4.5,-25.460439363071355,0.00298,-85.43771598346093,899.1017572692922
EE,2023-12-01,794.6666666666666,1.0,1.3183545507335979,4.5,-25.28347583683701,0.00298,-84.84387864710406,894.0235216280195
EE,2024-01-01,794.6666666666666,1.0,1.3414407008771703,4.5,-25.10001789702942,0.00298,-84.2282479766088,884.8571977906819
EE,2024-02-01,794.6666666666666,1.0,1.3672743835115537,4.5,-24.894726232361517,0.00298,-83.53934977302522,876.1613663899127
EE,2024-03-01,794.6666666666666,1.0,1.393573128987732,4.5,-24.68573886831082,0.00298,-82.83804989366048,867.2898031894955
EE,2024-04-01,794.6666666666666,1.0,1.4215516759781799,4.5,-24.46340268156006,0.00298,-82.09195530724853,856.512744990823
EE,2024-05-01,794.6666666666666,1.0,1.4507718129614453,4.5,-24.231199992999713,0.00298,-81.31275165436145,850.0707616911839
EE,2024-06-01,794.6666666666666,1.0,1.480718338982418,4.341666666666667,-22.735002710664165,0.00298,-76.29195540491331,799.747082634026
EE,2024-07-01,794.6666666666666,1.0,1.5106866808378505,4.25,-21.768409842941878,0.00298,-73.04835517765731,767.8835544638893
EE,2024-08-01,794.6666666666666,1.0,1.5363210180178115,4.25,-21.56470231015179,0.00298,-72.36477285285837,761.5757467009355
EE,2024-09-01,794.6666666666666,1.0,1.5597750337050957,3.99,-19.31218773215684,0.00298,-64.80599910119746,692.8198456793024
EE,2024-10-01,794.6666666666666,1.0,1.5824470418913978,3.577419354838709,-15.853379980221298,0.00298,-53.199261678594965,587.4949249234203
EE,2024-11-01,794.6666666666666,1.0,1.6067176068630085,3.4,-14.250617417461958,0.00298,-47.82086381698644,539.6717789353007
EE,2024-12-01,794.6666666666666,1.0,1.629763409280267,3.287096774193548,-13.170275806510872,0.00298,-44.1955563976875,507.8016974474815
EE,2025-01-01,794.6666666666666,1.0,1.6533478026396473,3.0,-10.701396128356935,0.00298,-35.910725262942734,436.9948071085197
EE,2025-02-01,794.6666666666666,1.0,1.6730542517304132,2.7857142857142856,-8.84193840339184,0.00298,-29.670934239569934,382.45994355989603
EE,2025-03-01,794.6666666666666,1.0,1.6949787966793985,2.588709677419355,-7.102181398946853,0.00298,-23.832823486398837,331.2335605083415
EE,2025-04-01,794.6666666666666,1.0,1.7139172200091373,2.433333333333333,-5.716960047216276,0.00298,-19.18442968864522,290.7111877704025
EE,2025-05-01,794.6666666666666,1.0,1.7312553102806147,2.25,-4.1222911343033815,0.00298,-13.833191725850273,245.21437158723683
EE,2025-06-01,794.6666666666666,1.0,1.7471552152071348,2.083333333333333,-2.6714954453761885,0.00298,-8.96474981669862,204.15916319758267
EE,2025-07-01,794.6666666666666,1.0,1.762849143223388,2.0,-1.884558808518144,0.00298,-6.324022847376322,180.61501817285378
EE,2025-08-01,794.6666666666666,1.0,1.7781705282590494,2.0,-1.762804868768087,0.00298,-5.915452579758682,176.47796657579377
EE,2025-09-01,794.6666666666666,1.0,1.7943229781922447,2.0,-1.6344467332989618,0.00298,-5.484720581540141,171.915620612132
EE,2025-10-01,794.6666666666666,1.0,1.8103728397122816,2.0,-1.5069038337530691,0.00298,-5.0567242743391585,166.9458694805386
EE,2025-11-01,794.6666666666666,1.0,1.8273722696528778,2.0,-1.3718150304917978,0.00298,-4.603406142589925,163.25316862132348
EE,2025-12-01,794.6666666666666,1.0,1.8455539507721714,2.0,-1.2273312711971442,0.00298,-4.118561312742095,159.3625049082702
EE,2026-01-01,794.6666666666666,1.0,1.8612448050235948,2.0,-1.1026412827458332,0.002945,-3.74411301441709,156.79274477167198
EE,2026-02-01,794.6666666666666,1.0,1.8741110688362173,2.0,-1.000397372981527,0.002945,-3.396935052568852,152.98077854934374
EE,2026-03-01,794.6666666666666,1.0,1.8922496037426166,2.0,-0.8562564822586731,0.002945,-2.9074922996898915,148.4682547960818
EE,2026-04-01,794.6666666666666,1.0,1.9128118615607974,2.0,-0.6928550734635298,0.002945,-2.352648806327775,143.62006242539368
EE,2026-05-01,794.6666666666666,1.0,1.9340362444310955,2.0,-0.5241919775875614,0.002945,-1.7799388033533492,138.34154722393873
EE,2026-06-01,794.6666666666666,1.0,1.9594352057895363,2.1166666666666667,-1.2494660091035958,0.002945,-4.242668961302532,156.7599764455631
EE,2026-07-01,794.6666666666666,1.0,1.9877715931329356,2.25,-2.083841739903605,0.002945,-7.0758632933908485,177.7126605056202
EE,2026-08-01,794.6666666666666,1.0,2.01758426946586,2.25,-1.8469303386446316,0.002945,-6.271410317978375,173.40052306377157
ES,2015-03-01,4841.777777777777,1.0,1.3106512567298767,0.05,61.037932403623444,0.118249,5.161813833827215,3.40491892188336
ES,2015-04-01,9704.888888888889,1.0,1.3013634085613528,0.05,121.44342839709199,0.118249,10.270144220846856,6.462208846711424
ES,2015-05-01,14957.333333333332,1.0,1.462686827659563,0.05,211.30027776913303,0.118249,17.86909637875441,10.214611786672943
ES,2015-06-01,20215.11111111111,1.0,1.6586845379900388,0.05,325.19736678195073,0.118249,27.50106696732748,15.012566029342898
ES,2015-07-01,25451.555555555555,1.0,1.7424890194721165,0.05,430.76478306262317,0.118249,36.428619528505365,20.065183652937858
ES,2015-08-01,29791.11111111111,1.0,1.7690097073060913,0.05,512.1120919143435,0.118249,43.30794272377301,24.11511971745097
ES,2015-09-01,34936.88888888889,1.0,1.8018892401678899,0.05,612.0555972938555,0.118249,51.75989626075953,29.15069793077234
ES,2015-10-01,40307.555555555555,1.0,1.7849678589677889,0.05,699.3231336244743,0.118249,59.13987717650671,32.90927758468962
ES,2015-11-01,45937.777777777774,1.0,1.7715691424149398,0.05,790.8506069333696,0.118249,66.88010950903343,36.90323744330524
ES,2015-12-01,50504.0,1.0,1.758867586767401,0.05,863.0464860210081,0.118249,72.98552089413086,40.61002816585326
ES,2016-01-01,55932.44444444444,1.0,1.7512774310699326,0.05,951.5660539790615,0.118249,80.47138275833719,44.985590175449246
ES,2016-02-01,61376.88888888888,1.0,1.7456816006139666,0.05,1040.7566119181668,0.118249,88.01398844118484,49.80592468490881
ES,2016-03-01,66808.88888888889,1.0,1.7242441031621853,0.0241935483870967,1135.7848861946281,0.118249,96.05027409911526,54.417355755305834
ES,2016-04-01,75091.55555555555,1.0,1.6953272837376545,0.0,1273.0476291163516,0.118249,107.65821521673345,61.60957921444194
ES,2016-05-01,83641.77777777777,1.0,1.677328488821226,0.0,1402.947367223208,0.118249,118.64348681369042,69.04370968377634
ES,2016-06-01,91853.33333333333,1.0,1.6557093765310682,0.0,1520.824252656337,0.118249,128.61201808525541,75.8931151859721
ES,2016-07-01,99367.11111111111,1.0,1.6131923517822397,0.0,1602.9826366314044,0.118249,135.5599317230086,81.25133810285726
ES,2016-08-01,104800.0,1.0,1.574994422899941,0.0,1650.5941551991384,0.118249,139.58630983764246,84.40115960859532
ES,2016-09-01,112344.0,1.0,1.5318034128746212,0.0,1720.8892261598644,0.118249,145.53097499005185,89.00693180592503
ES,2016-10-01,120190.22222222222,1.0,1.4941418445700856,0.0,1795.812403303996,0.118249,151.867026639041,93.40592764360386
ES,2016-11-01,127711.11111111111,1.0,1.484685900587054,0.0,1896.1088601497333,0.118249,160.34882833256376,98.58178961207219
ES,2016-12-01,133627.55555555556,1.0,1.4768856568247501,0.0,1973.5262015655246,0.118249,166.89580474807605,102.60005071496262
ES,2017-01-01,141440.0,1.0,1.4678651833993837,0.0,2076.1485154000884,0.118249,175.5742979137319,108.12455328465266
ES,2017-02-01,148877.3333333333,1.0,1.472628119113917,0.0,2192.4094736536226,0.118249,185.4061745683788,114.39699273922996
ES,2017-03-01,156396.44444444444,1.0,1.4769454997527083,0.0,2309.890247995467,0.118249,195.34120778995734,120.75545092277225
ES,2017-04-01,162262.22222222222,1.0,1.4750242209671816,0.0,2393.4070792573702,0.118249,202.40400166237092,125.33184109470415
ES,2017-05-01,167633.77777777778,1.0,1.4709560941928312,0.0,2465.81927014789,0.118249,208.52770595505163,129.1537410196449
ES,2017-06-01,173136.88888888888,1.0,1.4620900463805286,0.0,2531.4172190573595,0.118249,214.07514812449654,132.95455101427171
ES,2017-07-01,178747.55555555553,1.0,1.459219674650821,0.0,2608.319498624073,0.118249,220.5785671442526,136.8531278507215
ES,2017-08-01,183268.44444444444,1.0,1.452861225424124,0.0,2662.6361677712853,0.118249,225.1719818155997,139.64146899914675
ES,2017-09-01,188700.44444444444,1.0,1.4475392314621465,0.0,2731.5129632767657,0.118249,230.99670722600322,143.5009343921573
ES,2017-10-01,194042.66666666666,1.0,1.4451925402919676,0.0,2804.290143650275,0.118249,237.15127769793187,147.71766885745706
ES,2017-11-01,199363.55555555553,1.0,1.4383791371260863,0.0,2867.6037901438854,0.118249,242.50554255375394,151.640475434515
ES,2017-12-01,204666.66666666666,1.0,1.4307234354148946,0.0,2928.2139644824842,0.118249,247.63118203811314,155.37898732898816
ES,2018-01-01,207026.66666666666,1.0,1.4270832550370307,0.0,2954.44289346133,0.118249,249.84929204148278,156.623508286914
ES,2018-02-01,209536.88888888888,1.0,1.4241479185601404,0.0,2984.1152417267854,0.118249,252.3586027557768,157.78605003379627
ES,2018-03-01,211988.44444444444,1.0,1.4176357272897104,0.0,3005.2239261701434,0.118249,254.1437074453182,158.4120158520627
ES,2018-04-01,214746.66666666666,1.0,1.408732877830497,0.0,3025.206897378398,0.118249,255.83361359321412,158.98015357844218
ES,2018-05-01,217261.3333333333,1.0,1.4042240890800008,0.0,3050.835978923064,0.118249,258.00099611185414,159.88376768792884
ES,2018-06-01,220008.88888888888,1.0,1.3991073077548808,0.0,3078.1604421547604,0.118249,260.3117525014808,160.71521465846848
ES,2018-07-01,222845.3333333333,1.0,1.393395342221097,0.0,3105.116495023744,0.118249,262.5913534172588,161.90815303723423
ES,2018-08-01,225336.0,1.0,1.3896265850131568,0.0,3131.328961605247,0.118249,264.8080712399468,162.96287833063005
ES,2018-09-01,228039.1111111111,1.0,1.3871187799063007,0.0,3163.1733357536177,0.118249,267.50106434334475,164.4310308351771
ES,2018-10-01,228151.1111111111,1.0,1.387286453541286,0.0,3165.1094580483723,0.118249,267.6647970002598,162.95512657422012
ES,2018-11-01,230403.55555555553,1.0,1.3877118939335922,0.0,3197.337544490336,0.118249,270.39023962065943,164.46311529573114
ES,2018-12-01,231840.88888888888,1.0,1.3855484943618133,0.0,3212.2679453150445,0.118249,271.6528634758048,164.34544059516725
ES,2019-01-01,229104.0,1.0,1.3855484943618133,0.0,3174.3470225226883,0.118249,268.44599299128856,160.5375450210423
ES,2019-02-01,229842.66666666666,1.0,1.3824205332876163,0.0,3177.3922182558117,0.118249,268.7035170069778,160.77522520550392
ES,2019-03-01,230425.77777777775,1.0,1.377346668428689,0.0,3173.7617734231167,0.118249,268.3965000484669,160.27352718221738
ES,2019-04-01,226672.88888888888,1.0,1.377346668428689,0.0,3122.071483342175,0.118249,264.0251911933441,156.03755459675716
ES,2019-05-01,228109.3333333333,1.0,1.366814738249095,0.0,3117.831987321755,0.118249,263.6666684134119,156.13662595945146
ES,2019-06-01,228478.22222222222,1.0,1.355111475979805,0.0,3096.1346094479745,0.118249,261.83177950324944,155.12581878112178
ES,2019-07-01,226763.55555555553,1.0,1.3523099408023271,0.0,3066.5461038945855,0.118249,259.3295591416913,153.47910276523965
ES,2019-08-01,227244.44444444444,1.0,1.3363920796706552,0.0,3036.8767570471377,0.118249,256.8205022492484,152.4542613529025
ES,2019-09-01,227600.0,1.0,1.3216981286919922,0.0,3008.184940902974,0.118249,254.39411250014578,151.5515716343437
ES,2019-10-01,227080.0,1.0,1.3119414623654835,0.0,2979.1566727395398,0.118249,251.93926990837465,150.4478162637074
ES,2019-11-01,229709.3333333333,1.0,1.289816168948887,0.0,2962.8281229180284,0.118249,250.5584083517009,149.9921710336111
ES,2019-12-01,230224.0,1.0,1.277895315759893,0.0,2942.0217117550555,0.118249,248.7988661007751,149.12501266142118
ES,2020-01-01,230402.66666666666,1.0,1.2672822730455324,0.0,2919.8521512908546,0.118249,246.92404597847374,148.35331087174183
ES,2020-02-01,232185.77777777775,1.0,1.2481140078580009,0.0,2897.9432166984934,0.118249,245.07126628542255,147.75003877288725
ES,2020-03-01,238543.0,1.0,1.2198512846816012,0.0,2909.869850018032,0.118249,246.0798695987308,153.95557081202173
ES,2020-04-01,250231.88888888888,1.0,1.1924809378861017,0.0,2983.96757551233,0.118249,252.34611502104283,156.37678175299558
ES,2020-05-01,267698.6666666666,1.0,1.1516896619871426,0.0,3083.0578692774207,0.118249,260.72591474578394,161.03052795869706
ES,2020-06-01,285901.77777777775,1.0,1.0973271931691337,0.0,3137.2779533095427,0.118249,265.3111614736313,169.6552150930583
ES,2020-07-01,294569.77777777775,1.0,1.0653480273095788,0.0,3138.193316605765,0.118249,265.3885712865026,169.96903037470483
ES,2020-08-01,302493.8888888889,1.0,1.0344454920818227,0.0,3129.1343974341085,0.118249,264.6224828484053,170.22088357873125
ES,2020-09-01,313932.22222222225,1.0,0.9951528911660786,0.0,3124.1055857463634,0.118249,264.1972097646799,171.03858000904916
ES,2020-10-01,325319.8888888889,1.0,0.9543092156481143,0.0,3104.5576800028725,0.118249,262.5440959334009,171.96123671322312
ES,2020-11-01,335579.5555555555,1.0,0.9164384428848525,0.0,3075.3800535732416,0.118249,260.07662251462943,172.50664467317114
ES,2020-12-01,343904.77777777775,1.0,0.8840412513346443,0.0,3040.260100866294,0.118249,257.10662253941206,172.4664029644561
ES,2021-01-01,352067.3333333333,1.0,0.8548922384333899,0.0,3009.7963067260775,0.118249,254.5303813754093,172.44426276299492
ES,2021-02-01,356168.5555555555,1.0,0.8392911858378858,0.0,2989.2912935038908,0.118249,252.7963275379826,172.48955080586921
ES,2021-03-01,365427.0,1.0,0.8163638195258157,0.0,2983.2138147786027,0.118249,252.28237150238922,173.2791212371959
ES,2021-04-01,377572.0,1.0,0.7919139298206498,0.0,2990.0452631024236,0.118249,252.86008871977128,175.251155679137
ES,2021-05-01,388377.6666666666,1.0,0.775911926753733,0.0,3013.4686365145235,0.118249,254.84094043201407,177.15325338037889
ES,2021-06-01,399347.44444444444,1.0,0.758174588151382,0.0,3027.7508422097353,0.118249,256.0487481678268,178.87903053093012
ES,2021-07-01,405817.44444444444,1.0,0.7434376717185162,0.0,3016.9997604053606,0.118249,255.1395580855111,179.0261685765377
ES,2021-08-01,414096.0,1.0,0.7240089009974837,0.0,2998.09189867454,0.118249,253.54057105553025,179.66750831013502
ES,2021-09-01,424410.2222222222,1.0,0.7056686036753557,0.0,2994.9296890110295,0.118249,253.27315148635753,180.38651551486834
ES,2021-10-01,434347.6666666666,1.0,0.6931809896930772,0.0,3010.8154545087873,0.118249,254.61656796326287,181.37809774607706
ES,2021-11-01,440098.0,1.0,0.6852021483522766,0.0,3015.560950855402,0.118249,255.01788183032428,181.68448924160234
ES,2021-12-01,447401.2222222222,1.0,0.6750389107664206,0.0,3020.1323372445418,0.118249,255.40447168640253,182.0901099980213
ES,2022-01-01,452101.2222222222,1.0,0.6723433936677824,0.0,3039.672700302411,0.118249,257.05694765303815,181.6265155483545
ES,2022-02-01,457992.1111111111,1.0,0.6804271917662637,0.0,3116.3028601443593,0.118249,263.5373542393051,183.63483759444077
ES,2022-03-01,463142.1111111111,1.0,0.6899567241816197,0.0,3195.4801381278194,0.118249,270.2331637584943,185.62709928469982
ES,2022-04-01,470238.0,1.0,0.7137782522590417,0.0,3356.4565778578726,0.118249,283.84650845739685,192.28456662236084
ES,2022-05-01,468034.44444444444,1.0,0.721284474651249,0.0,3375.859783798003,0.118249,285.48738541535255,188.21527029945506
ES,2022-06-01,470783.6666666666,1.0,0.7514419283285385,0.0,3537.6658630557986,0.118249,299.1708904985072,192.67067097270802
ES,2022-07-01,477969.77777777775,1.0,0.7876598870847537,0.0806451612903225,3379.316713735807,0.118249,285.77972868572306,193.13849238354408
ES,2022-08-01,477692.1111111111,1.0,0.8004290361556016,0.5,1435.1258052024566,0.118249,121.36473079708551,141.31500537861663
ES,2022-09-01,479439.0,1.0,0.8303626516697183,0.925,-453.7283564612193,0.118249,-38.37058718984678,92.67050333348337
ES,2022-10-01,475668.77777777775,1.0,0.8385393261289676,1.25,-1957.1899584385476,0.118249,-165.51429258924367,46.79439406365688
ES,2022-11-01,475381.8888888889,1.0,0.8611230027407935,1.975,-5295.169509469653,0.118249,-447.79824856613186,-41.869785406097606
ES,2022-12-01,475390.1111111111,1.0,0.8855148461233687,2.177419354838709,-6141.586279431311,0.118249,-519.377439084585,-65.10131983929688
ES,2023-01-01,471060.2222222222,1.0,0.8918833521600887,2.5,-7575.197854907236,0.118249,-640.6141155449294,-105.24852458827218
ES,2023-02-01,472774.1111111111,1.0,0.9282976774596307,2.875,-9203.504601369586,0.118249,-778.3156391487104,-147.75088181277033
ES,2023-03-01,475712.55555555556,1.0,0.9711735825109685,3.161290322580645,-10418.660313835482,0.118249,-881.0780906253314,-181.04951746222514
ES,2023-04-01,476884.6666666666,1.0,1.003397536121613,3.5,-11905.914337858232,0.118249,-1006.8511647335902,-222.5536847186563
ES,2023-05-01,473891.3333333333,1.0,1.015050192788224,3.6774193548387095,-12616.736720296538,0.118249,-1066.9635024648442,-241.16809996013285
ES,2023-06-01,474689.77777777775,1.0,1.045620383712293,3.8333333333333335,-13232.98840563845,0.118249,-1119.078250610022,-258.396960212689
ES,2023-07-01,467002.2222222222,1.0,1.045711775903195,4.0,-13796.591657381503,0.118249,-1166.7406622788778,-277.2042813425944
ES,2023-08-01,467905.2222222222,1.0,1.0783918387634661,4.241935483870968,-14802.385922737245,0.118249,-1251.79797907274,-304.09127290501067
ES,2023-09-01,468454.2222222222,1.0,1.1108323065393355,4.341666666666667,-15134.979973022799,0.118249,-1279.9245636768849,-315.2533543044834
ES,2023-10-01,461949.1111111111,1.0,1.1197185955472986,4.5,-15615.179900923438,0.118249,-1320.533780490612,-327.6246069697605
ES,2023-11-01,461572.8888888889,1.0,1.14570259511294,4.5,-15482.527433662231,0.118249,-1309.3157179901928,-324.7762447374396
ES,2023-12-01,461812.6666666666,1.0,1.168228808135347,4.5,-15386.541388381936,0.118249,-1301.1984362135777,-322.3310359384542
ES,2024-01-01,456575.8888888889,1.0,1.1729658339543965,4.5,-15190.435817259744,0.118249,-1284.6143153227295,-315.52886955543875
ES,2024-02-01,458263.8888888889,1.0,1.2033590222920254,4.5,-15107.315147149253,0.118249,-1277.5850237337527,-317.8843075708147
ES,2024-03-01,459871.55555555556,1.0,1.2323125690661711,4.5,-15027.16501932877,0.118249,-1270.8069429194977,-320.67908983634175
ES,2024-04-01,453015.8888888889,1.0,1.2332885988167785,4.5,-14798.72169150485,0.118249,-1251.4881048892464,-312.8834045911749
ES,2024-05-01,449118.44444444444,1.0,1.2392486764898791,4.5,-14644.63562135029,0.118249,-1238.4574602195612,-307.07394687401586
ES,2024-06-01,449937.44444444444,1.0,1.26660264146957,4.341666666666667,-13835.864490002286,0.118249,-1170.0618601427736,-294.0228221038343
ES,2024-07-01,443795.22222222225,1.0,1.26711980495131,4.25,-13237.879790238989,0.118249,-1119.4919018544756,-278.55999221292905
ES,2024-08-01,444082.22222222225,1.0,1.2875840474995317,4.25,-13155.56259332969,0.118249,-1112.5305578338666,-278.5900382800728
ES,2024-09-01,444094.1111111111,1.0,1.3057683443497972,3.99,-11920.51471132283,0.118249,-1008.0858790622186,-250.46003428171878
ES,2024-10-01,435868.5555555555,1.0,1.3056966758624875,3.577419354838709,-9901.724827081627,0.118249,-837.3622463683944,-196.6680597663791
ES,2024-11-01,436431.5555555555,1.0,1.3264484475098657,3.4,-9049.633295779064,0.118249,-765.3031565407795,-177.81051378849236
ES,2024-12-01,432784.3333333333,1.0,1.3338554832113496,3.287096774193548,-8453.3222995687,0.118249,-714.8747388619522,-162.87748501678323
ES,2025-01-01,422960.8888888889,1.0,1.3335835370547917,3.0,-7048.289884263835,0.118249,-596.0549251379575,-123.14939276649511
ES,2025-02-01,422960.8888888889,1.0,1.3524516738415806,2.7857142857142856,-6062.140283288899,0.118249,-512.658904793182,-100.52802699371608
ES,2025-03-01,422922.6666666666,1.0,1.3738235115837574,2.588709677419355,-5138.028969516331,0.118249,-434.5092955979611,-79.44291160322081
ES,2025-04-01,412339.77777777775,1.0,1.3733084538816482,2.433333333333333,-4370.904232320234,0.118249,-369.63561910208404,-59.74000164303635
ES,2025-05-01,412339.77777777775,1.0,1.3915076888624482,2.25,-3539.905287983889,0.118249,-299.3602726436493,-40.3127093305622
ES,2025-06-01,408824.8888888889,1.0,1.3987058950984983,2.083333333333333,-2798.9273636664093,0.118249,-236.69776181332688,-23.573848799045578
ES,2025-07-01,398832.0,1.0,1.3984952473405856,2.0,-2398.9934351265956,0.118249,-202.87642475848384,-15.937383738253743
ES,2025-08-01,398832.0,1.0,1.4169937688726697,2.0,-2325.2154117297537,0.118249,-196.63721568298703,-14.243796527434569
ES,2025-09-01,398510.6666666666,1.0,1.4342341071312164,2.0,-2254.6374314440086,0.118249,-190.6686256496045,-13.268284455932388
ES,2025-10-01,387800.77777777775,1.0,1.433935443719914,2.0,-2195.2027519784997,0.118249,-185.64239460616997,-13.639800851292222
ES,2025-11-01,387800.77777777775,1.0,1.4513025220071787,2.0,-2127.8530873032123,0.118249,-179.94681454415783,-12.090239780244417
ES,2025-12-01,387800.77777777775,1.0,1.469811673617682,2.0,-2056.0744533976117,0.118249,-173.87668846227973,-10.395622241267432
ES,2026-01-01,387800.77777777775,1.0,1.4878719383526515,2.0,-1986.0366062866744,0.116851,-169.963167305943,-9.42630951985393
ES,2026-02-01,379635.44444444444,1.0,1.487880866805011,2.0,-1944.185747389833,0.116851,-166.3816096901039,-10.003896088191283
ES,2026-03-01,379547.8888888889,1.0,1.5076835923261271,2.0,-1868.5765319798002,0.116851,-159.91104329272324,-8.535296196951549
ES,2026-04-01,369846.6666666666,1.0,1.507304392586332,2.0,-1822.2182808325367,0.116851,-155.943747236441,-9.971036004719537
ES,2026-05-01,369610.0,1.0,1.5273848536793582,2.0,-1746.8328423157245,0.116851,-149.49233145764472,-9.370845430352631
ES,2026-06-01,367905.1111111111,1.0,1.540202937495817,2.1166666666666667,-2120.839523321269,0.116851,-181.49947568452723,-20.496830277661587
ES,2026-07-01,358195.44444444444,1.0,1.5401462224603741,2.25,-2542.6638933637405,0.116851,-217.59881330615403,-32.81028950714298
ES,2026-08-01,358195.44444444444,1.0,1.5629099547917287,2.25,-2461.1252411673017,0.116851,-210.62081121832946,-30.948877836579527
FI,2015-03-01,688.0,1.0,0.18518536967508856,0.05,0.9300753433646092,0.018165,0.5120150527743513,-1.2448798591695032
FI,2015-04-01,1386.6666666666665,1.0,0.13613168235356155,0.05,1.1943593286360532,0.018165,0.6575058236366932,-3.1504295504987385
FI,2015-05-01,2134.222222222222,1.0,0.2416658855882322,0.05,4.090575922643072,0.018165,2.2518997647360703,-5.402584827345397
FI,2015-06-01,2877.333333333333,1.0,0.351280820782054,0.05,8.6688534833023,0.018165,4.772283778311203,-7.716217159673378
FI,2015-07-01,3632.8888888888887,1.0,0.3982290091986982,0.05,12.650772983067373,0.018165,6.96436718032886,-9.399068695238647
FI,2015-08-01,4243.555555555556,1.0,0.41041479713990137,0.05,15.294402147074571,0.018165,8.419709412097204,-10.773113594224837
FI,2015-09-01,4976.888888888889,1.0,0.4334263519925986,0.05,19.08270350939164,0.018165,10.505204244091185,-12.103994085896009
FI,2015-10-01,5727.11111111111,1.0,0.44283693729690793,0.05,22.498207884479804,0.018165,12.385470897043657,-13.845128694773429
FI,2015-11-01,6535.11111111111,1.0,0.44770920285572796,0.05,25.990738305736105,0.018165,14.308141098671129,-15.668730967057066
FI,2015-12-01,7187.555555555555,1.0,0.45578142137053795,0.05,29.165765095130396,0.018165,16.05602262324822,-16.319470105029378
FI,2016-01-01,7956.444444444444,1.0,0.45546502813675627,0.05,32.26059970535205,0.018165,17.759757613736333,-17.726034969151605
FI,2016-02-01,8737.777777777777,1.0,0.436015328227954,0.05,33.72916156871811,0.018165,18.568214461171547,-19.63984929510448
FI,2016-03-01,9512.0,1.0,0.41933618990354843,0.0241935483870967,37.58596806104489,0.018165,20.691421998923694,-20.941496344885728
FI,2016-04-01,10688.888888888889,1.0,0.3920671827886736,0.0,41.90762553807822,0.018165,23.070534290161422,-22.978101712130087
FI,2016-05-01,11903.111111111111,1.0,0.36877058016007513,0.0,43.89517190154281,0.018165,24.164696890472232,-25.435080239441834
FI,2016-06-01,12991.11111111111,1.0,0.34348405610411825,0.0,44.62239537743722,0.018165,24.565040119701194,-28.15386277958212
FI,2016-07-01,14055.11111111111,1.0,0.3057968359337336,0.0,42.9800850647484,0.018165,23.660933148774237,-30.647660471377083
FI,2016-08-01,14829.333333333332,1.0,0.2776045547248455,0.0,41.16690476866309,0.018165,22.66276067639036,-32.52238955265679
FI,2016-09-01,15900.444444444443,1.0,0.24504097519780446,0.0,38.96260412745178,0.018165,21.4492728474824,-35.074770336644406
FI,2016-10-01,17018.666666666664,1.0,0.2219350066947444,0.0,37.77037900602289,0.018165,20.79294192459284,-37.66815707084431
FI,2016-11-01,18090.666666666664,1.0,0.21484066759641196,0.0,38.86610903930823,0.018165,21.396151411675326,-40.37088730881625
FI,2016-12-01,18925.333333333332,1.0,0.2086202597468143,0.0,39.48207955795043,0.018165,21.73524886207015,-42.560505171043275
FI,2017-01-01,19616.0,1.0,0.20525964505886263,0.0,40.26373197474649,0.018165,22.16555572515634,-45.284188903922896
FI,2017-02-01,20261.333333333332,1.0,0.20162996832211916,0.0,40.85291998163896,0.018165,22.48990915587061,-48.51927267327822
FI,2017-03-01,20910.222222222223,1.0,0.19819030887268155,0.0,41.44203400818632,0.018165,22.814221859722718,-51.77153500746236
FI,2017-04-01,21509.333333333332,1.0,0.1915520649210499,0.0,41.20157215075169,0.018165,22.681845389899085,-54.39031517776769
FI,2017-05-01,22074.666666666664,1.0,0.18911572574219934,0.0,41.74666607183803,0.018165,22.981924619784216,-56.3920403156225
FI,2017-06-01,22646.222222222223,1.0,0.1895367361900645,0.0,42.922910470349095,0.018165,23.6294580073488,-57.49113910287602
FI,2017-07-01,23227.555555555555,1.0,0.196542551472824,0.0,45.65203033365657,0.018165,25.131863657394202,-58.593575636136876
FI,2017-08-01,23696.888888888887,1.0,0.1988966102034921,0.0,47.13230872368796,0.018165,25.946770560797116,-59.583742255655835
FI,2017-09-01,23876.44444444444,1.0,0.19951248458853604,0.0,47.63648754251258,0.018165,26.22432564960781,-61.27144718423813
FI,2017-10-01,24811.555555555555,1.0,0.20179895608605697,0.0,50.06946009982318,0.018165,27.5636994769189,-61.869909363555905
FI,2017-11-01,25359.11111111111,1.0,0.20035286616436518,0.0,50.807705944917096,0.018165,27.97011062202978,-62.894956497209165
FI,2017-12-01,25922.666666666664,1.0,0.19929982144413427,0.0,51.66382838022478,0.018165,28.44141391699685,-63.810780792128114
FI,2018-01-01,26171.555555555555,1.0,0.20221593015635075,0.0,52.923054503052754,0.018165,29.134629508974815,-64.09115424559397
FI,2018-02-01,26434.666666666664,1.0,0.20857650621984286,0.0,55.13650416419472,0.018165,30.353153957717986,-64.21939876426254
FI,2018-03-01,26683.555555555555,1.0,0.21229537250678132,0.0,56.64795366472061,0.018165,31.185220844877847,-64.54647074837766
FI,2018-04-01,27165.333333333332,1.0,0.2164753557141602,0.0,58.80625196427067,0.018165,32.37338396051234,-64.48007605425958
FI,2018-05-01,27597.333333333332,1.0,0.22020742207637364,0.0,60.77137629515709,0.018165,33.45520302513465,-64.66202539879065
FI,2018-06-01,28076.44444444444,1.0,0.221917294449869,0.0,62.30648588883166,0.018165,34.30029501174327,-65.29624283126903
FI,2018-07-01,28569.777777777777,1.0,0.2213770779267354,0.0,63.246939214606236,0.018165,34.81802323952999,-65.86517714049457
FI,2018-08-01,29004.44444444444,1.0,0.22161359319213408,0.0,64.27779151874964,0.018165,35.38551693848039,-66.45967597083636
FI,2018-09-01,28688.888888888887,1.0,0.22168986669187354,0.0,63.6003595331575,0.018165,35.01258438379163,-68.05744912437602
FI,2018-10-01,29034.666666666664,1.0,0.22654722111266662,0.0,65.77723049265904,0.018165,36.21097191998847,-68.49869850605121
FI,2018-11-01,29336.0,1.0,0.22932265490762907,0.0,67.27409404370206,0.018165,37.03500910746054,-68.89211521746775
FI,2018-12-01,29451.555555555555,1.0,0.2298768104891613,0.0,67.70229655055451,0.018165,37.270738535950734,-70.03668434468682
FI,2019-01-01,29647.11111111111,1.0,0.22903965455709094,0.0,67.90364087504581,0.018165,37.38158044318514,-70.52686752706113
FI,2019-02-01,29760.888888888887,1.0,0.22697732871070153,0.0,67.55047060055998,0.018165,37.187156950487186,-70.7411348509867
FI,2019-03-01,29887.11111111111,1.0,0.22448735399365274,0.0,67.09278491847631,0.018165,36.935196762166974,-71.18777610408256
FI,2019-04-01,30055.11111111111,1.0,0.22166019392654512,0.0,66.6202175737275,0.018165,36.67504408132535,-71.31259251526157
FI,2019-05-01,30216.0,1.0,0.21709834286848473,0.0,65.59843528114135,0.018165,36.11254350737206,-71.41749894658838
FI,2019-06-01,30328.888888888887,1.0,0.2103415572319306,0.0,63.794257180030854,0.018165,35.119326826331324,-71.58663389579633
FI,2019-07-01,29236.44444444444,1.0,0.2103415572319306,0.0,61.496392523692705,0.018165,33.854331144339504,-71.99612523211212
FI,2019-08-01,29340.44444444444,1.0,0.19901363931010002,0.0,58.391486278646944,0.018165,32.14505162600988,-72.22118927033603
FI,2019-09-01,29401.777777777777,1.0,0.1895969498377641,0.0,55.74487386474421,0.018165,30.688067087665406,-72.15447377813666
FI,2019-10-01,29747.555555555555,1.0,0.1760726625205493,0.0,52.37731310144624,0.018165,28.834193835092893,-72.65725980957434
FI,2019-11-01,29943.11111111111,1.0,0.16771551008804822,0.0,50.21924153623104,0.018165,27.64615553880046,-72.92008177928933
FI,2019-12-01,30119.11111111111,1.0,0.16022895176229707,0.0,48.25953601345487,0.018165,26.567319578009837,-73.10653386134405
FI,2020-01-01,30634.666666666664,1.0,0.14782913001272002,0.0,45.286961215630065,0.018165,24.930889741607523,-73.63984536512442
FI,2020-02-01,30811.555555555555,1.0,0.13742365227911152,0.0,42.34236496845193,0.018165,23.30986235532724,-74.01136515720806
FI,2020-03-01,31307.333333333332,1.0,0.1275028140738361,0.0,39.917731011476114,0.018165,21.975079004390924,-70.14921978231816
FI,2020-04-01,31322.555555555555,1.0,0.1228865458030342,0.0,38.491206579458606,0.018165,21.189764150541485,-74.77956911750576
FI,2020-05-01,33522.666666666664,1.0,0.09677497156058334,0.0,32.44155113301582,0.018165,17.859373043223684,-81.83601374386319
FI,2020-06-01,35673.33333333333,1.0,0.06875452774077064,0.0,24.527031862724243,0.018165,13.502357204912878,-82.1535891756601
FI,2020-07-01,37740.555555555555,1.0,0.04149232253784891,0.0,15.659433038687165,0.018165,8.620662283890539,-86.79887862790724
FI,2020-08-01,38928.11111111111,1.0,0.023418964074509316,0.0,9.11656035599618,0.018165,5.018750540047443,-89.3828487296266
FI,2020-09-01,39061.44444444444,1.0,0.0068303431710118375,0.0,2.6680307031096935,0.018165,1.468775504051579,-91.68985425157916
FI,2020-10-01,40881.88888888889,1.0,-0.02186950041898602,0.0,-8.940664861844954,0.018165,-4.921918448579661,-95.50477766875744
FI,2020-11-01,42674.77777777778,1.0,-0.04876074100259226,0.0,-20.80853786565402,0.018165,-11.455291971183057,-99.02526981264134
FI,2020-12-01,44066.88888888889,1.0,-0.06953660592513466,0.0,-30.64261887013362,0.018165,-16.869044244499655,-101.50926381945558
FI,2021-01-01,45419.555555555555,1.0,-0.0874057216570857,0.0,-39.699290306774294,0.018165,-21.8548253822044,-103.94094399461878
FI,2021-02-01,46804.666666666664,1.0,-0.09947100357091683,0.0,-46.55707165135572,0.018165,-25.630097248200233,-105.93687398031362
FI,2021-03-01,48444.11111111111,1.0,-0.10961019448682295,0.0,-53.09968440630149,0.018165,-29.231865899422786,-108.2351161646161
FI,2021-04-01,49029.11111111111,1.0,-0.11663490255260707,0.0,-57.18505596685389,0.018165,-31.480900614838365,-109.08983365547263
FI,2021-05-01,50961.666666666664,1.0,-0.11904090652589318,0.0,-60.66522998070393,0.018165,-33.39676850024989,-111.08445555188509
FI,2021-06-01,52983.11111111111,1.0,-0.1236788318167884,0.0,-65.52889288241323,0.018165,-36.07425977561972,-113.24397741251637
FI,2021-07-01,55218.11111111111,1.0,-0.13078600630350803,0.0,-72.21756227845584,0.018165,-39.75643395455868,-115.86982346353207
FI,2021-08-01,56789.555555555555,1.0,-0.13945856600851947,0.0,-79.19789982038928,0.018165,-43.5991741372911,-117.47223688268633
FI,2021-09-01,58796.88888888889,1.0,-0.14410775177288165,0.0,-84.73087469017705,0.018165,-46.645127822833494,-119.5317637943227
FI,2021-10-01,60124.444444444445,1.0,-0.14283954027702064,0.0,-85.88148003855713,0.018165,-47.278546676882534,-120.51701689406832
FI,2021-11-01,61598.555555555555,1.0,-0.1435035391608926,0.0,-88.39610729421085,0.018165,-48.662872168571894,-121.99626475729384
FI,2021-12-01,62954.0,1.0,-0.14536172620929028,0.0,-91.5110211177966,0.018165,-50.37766095116796,-123.69202263954921
FI,2022-01-01,64162.555555555555,1.0,-0.13999968171248456,0.0,-89.82737355637386,0.018165,-49.45079744364099,-124.88122954832465
FI,2022-02-01,65002.88888888888,1.0,-0.1268557981216075,0.0,-82.4599335021017,0.018165,-45.39495375838244,-125.29747040324678
FI,2022-03-01,66428.22222222222,1.0,-0.10348255003594092,0.0,-68.74161829909714,0.018165,-37.842894742139904,-122.44895921593438
FI,2022-04-01,65816.0,1.0,-0.09989391001607151,0.0,-65.74617581617763,0.018165,-36.193876034229355,-127.75581786926537
FI,2022-05-01,65287.777777777774,1.0,-0.07640586751257623,0.0,-49.88369299079407,0.018165,-27.461432970434387,-124.73354808633188
FI,2022-06-01,66222.0,1.0,-0.0255377430860463,0.0,-16.911604226441582,0.018165,-9.309994069056748,-115.81021359485592
FI,2022-07-01,66667.33333333333,1.0,0.002585342886519068,0.0806451612903225,-52.040399334658304,0.018165,-28.64871969978437,-121.28995600196335
FI,2022-08-01,66011.66666666666,1.0,0.017643930380326373,0.5,-318.4112808237735,0.018165,-175.2883461732857,-155.33807159175458
FI,2022-09-01,64847.555555555555,1.0,0.01970708240755353,0.925,-587.0603276762715,0.018165,-323.1821236863592,-192.14103316302905
FI,2022-10-01,65807.0,1.0,0.0892145593974682,1.25,-763.8780748973081,0.018165,-420.52192397319465,-208.2132373202941
FI,2022-11-01,65406.11111111111,1.0,0.11527934349840724,1.975,-1216.3709589477169,0.018165,-669.6234290931554,-263.6949659331212
FI,2022-12-01,65947.66666666666,1.0,0.16365145167714099,2.177419354838709,-1328.0329442173138,0.018165,-731.0943816225234,-276.81826237723527
FI,2023-01-01,66695.11111111111,1.0,0.22045101846457235,2.5,-1520.347726067255,0.018165,-836.9654423711836,-301.59985141452637
FI,2023-02-01,66222.44444444444,1.0,0.24850089065438902,2.875,-1739.3319135202253,0.018165,-957.5182568236858,-326.9534994877457
FI,2023-03-01,67135.11111111111,1.0,0.31443051100256547,3.161290322580645,-1911.242497680512,0.018165,-1052.1566185964834,-352.1280454333772
FI,2023-04-01,65448.11111111111,1.0,0.31391674188111957,3.5,-2085.2313108661538,0.018165,-1147.93906461115,-363.64158459621603
FI,2023-05-01,65457.88888888888,1.0,0.34222886003349245,3.6774193548387095,-2183.1452883223824,0.018165,-1201.8416120684738,-376.04620956376243
FI,2023-06-01,65591.66666666666,1.0,0.37599459107450944,3.8333333333333335,-2267.7261033599334,0.018165,-1248.404130668832,-387.7228402714991
FI,2023-07-01,65967.66666666666,1.0,0.4206385266359202,4.0,-2361.221245543905,0.018165,-1299.874068562568,-410.3376876262846
FI,2023-08-01,65862.66666666666,1.0,0.44596391904581817,4.241935483870968,-2500.128098502239,0.018165,-1376.3435719803133,-428.636865812584
FI,2023-09-01,63503.0,1.0,0.4453174048274529,4.341666666666667,-2474.298671745756,0.018165,-1362.1242343769645,-397.4530250045631
FI,2023-10-01,64050.0,1.0,0.502251975385303,4.5,-2560.5576097657136,0.018165,-1409.610575153159,-416.7014016323077
FI,2023-11-01,63760.0,1.0,0.5193826207593365,4.5,-2538.041641003847,0.018165,-1397.2153267293404,-412.67585347658724
FI,2023-12-01,63935.0,1.0,0.547908347666929,4.5,-2526.769797919149,0.018165,-1391.010073173217,-412.14267289809356
FI,2024-01-01,64407.0,1.0,0.5872656553808262,4.5,-2520.074809338871,0.018165,-1387.3244202250874,-418.23897445779664
FI,2024-02-01,63850.0,1.0,0.6016978056682659,4.5,-2489.0659510808123,0.018165,-1370.2537578204306,-410.5530416574926
FI,2024-03-01,63611.88888888888,1.0,0.6185296514912453,4.5,-2469.076605348557,0.018165,-1359.2494386724786,-409.12158558932265
FI,2024-04-01,62091.555555555555,1.0,0.6215136217237135,4.5,-2408.212524282075,0.018165,-1325.7432008158958,-387.13850051782424
FI,2024-05-01,62243.555555555555,1.0,0.6535303605849762,4.5,-2394.179466936868,0.018165,-1318.0178733481243,-386.634360002579
FI,2024-06-01,62608.555555555555,1.0,0.6938679013325657,4.341666666666667,-2283.83411654907,0.018165,-1257.271740461916,-381.23270242297656
FI,2024-07-01,62967.555555555555,1.0,0.7324496997029125,4.25,-2214.9154395341798,0.018165,-1219.3313732640681,-378.3994636225216
FI,2024-08-01,62411.555555555555,1.0,0.7448443942403757,4.25,-2187.622138197338,0.018165,-1204.3061592058011,-370.3656396520073
FI,2024-09-01,60761.555555555555,1.0,0.744822443864114,3.99,-1971.8203636479263,0.018165,-1085.5052924018312,-327.87944762133134
FI,2024-10-01,60759.555555555555,1.0,0.7662831421398977,3.577419354838709,-1708.0338688970746,0.018165,-940.2883946584501,-299.5942080564348
FI,2024-11-01,59524.11111111111,1.0,0.7717373953108955,3.4,-1564.4499531069255,0.018165,-861.2441250244566,-273.7514822721695
FI,2024-12-01,59599.11111111111,1.0,0.7940455964552734,3.287096774193548,-1485.8363414770984,0.018165,-817.9666069238086,-265.96935307863964
FI,2025-01-01,59599.11111111111,1.0,0.817557207838612,3.0,-1300.7165046367013,0.018165,-716.0564297477024,-243.15089737623998
FI,2025-02-01,58016.11111111111,1.0,0.8302803282497225,2.7857142857142856,-1134.466737467038,0.018165,-624.5343999268032,-212.40352212733723
FI,2025-03-01,58016.11111111111,1.0,0.8545065471402165,2.588709677419355,-1006.117214955112,0.018165,-553.8768042692607,-198.81042027452037
FI,2025-04-01,57688.555555555555,1.0,0.8658392094269975,2.433333333333333,-904.2647184997752,0.018165,-497.80606578572815,-187.91044832668047
FI,2025-05-01,57077.555555555555,1.0,0.8788801585044601,2.25,-782.601689262862,0.018165,-430.8294463324316,-171.7818830193445
FI,2025-06-01,57077.555555555555,1.0,0.8997373929134123,2.083333333333333,-675.5676304464805,0.018165,-371.90620998980484,-158.78229697552354
FI,2025-07-01,54390.0,1.0,0.8997303475243785,2.0,-598.4366639814905,0.018165,-329.44490172391437,-142.50586070368428
FI,2025-08-01,53839.0,1.0,0.913536635038605,2.0,-584.9410110615655,0.018165,-322.01542034768266,-139.6220011921302
FI,2025-09-01,51659.88888888889,1.0,0.9135101602249726,2.0,-561.2794440168461,0.018165,-308.98950950555803,-131.5891683118859
FI,2025-10-01,51659.88888888889,1.0,0.934424028982638,2.0,-550.4753626542681,0.018165,-303.04176309070635,-131.0391693358286
FI,2025-11-01,51659.88888888889,1.0,0.955529194167066,2.0,-539.5724577701761,0.018165,-297.03961341600666,-129.18303865209324
FI,2025-12-01,51659.88888888889,1.0,0.9781051821425428,2.0,-527.9097274664759,0.018165,-290.6191728414401,-127.1381066204278
FI,2026-01-01,51659.88888888889,1.0,1.0015789348719093,2.0,-515.7832128884326,0.01795,-287.34440829439137,-126.80755050830231
FI,2026-02-01,51659.88888888889,1.0,1.0237951423850193,2.0,-504.306344771835,0.01795,-280.9506099007437,-124.5728962988311
FI,2026-03-01,51659.88888888889,1.0,1.0485230256434708,2.0,-491.5319477559449,0.01795,-273.8339541815849,-122.4582070858132
FI,2026-04-01,48156.44444444444,1.0,1.0484132448208838,2.0,-458.25034709852264,0.01795,-255.29267247828557,-109.3199612465641
FI,2026-05-01,48156.44444444444,1.0,1.072935993263027,2.0,-446.44106336873114,0.01795,-248.7136843279839,-108.59219830069182
FI,2026-06-01,48156.44444444444,1.0,1.0965032625968265,2.1166666666666667,-491.2744229234458,0.01795,-273.69048630832634,-112.6878409014607
FI,2026-07-01,48156.44444444444,1.0,1.12138487043593,2.25,-543.500917860116,0.01795,-302.78602666301725,-117.99750286400621
FI,2026-08-01,48156.44444444444,1.0,1.1473126412169365,2.25,-531.0150253282777,0.01795,-295.8300976759207,-116.15816429417075
FR,2015-03-01,7784.0,1.0,0.376425241092449,0.05,25.408940766636235,0.200047,1.2701485534217576,-0.4867463585220968
FR,2015-04-01,15449.777777777777,1.0,0.3394077967881405,0.05,44.7128614753304,0.200047,2.2351178210785667,-1.5728175530568649
FR,2015-05-01,23880.888888888887,1.0,0.45767208767061607,0.05,97.35571828763352,0.200047,4.866642253452115,-2.7878423386293516
FR,2015-06-01,32259.555555555555,1.0,0.581035048627674,0.05,171.3095465315159,0.200047,8.5634649123214,-3.9250360256631804
FR,2015-07-01,40672.88888888888,1.0,0.6328407195965802,0.05,237.05815828071744,0.200047,11.850123135099123,-4.513312740468384
FR,2015-08-01,47861.33333333333,1.0,0.6490245514333777,0.05,286.70113731003363,0.200047,14.33168891860581,-4.861134087716231
FR,2015-09-01,56292.44444444444,1.0,0.6596855099142983,0.05,343.2068769543341,0.200047,17.15631211436983,-5.452886215617365
FR,2015-10-01,65136.88888888888,1.0,0.6510274182166026,0.05,391.49056159550594,0.200047,19.56992914642589,-6.660670445391197
FR,2015-11-01,74222.22222222222,1.0,0.6414308021487037,0.05,438.9730842614823,0.200047,21.943497491163694,-8.033374574564501
FR,2015-12-01,81570.66666666666,1.0,0.639002392749332,0.05,480.45317844824837,0.200047,24.0170149239053,-8.3584778043723
FR,2016-01-01,90432.0,1.0,0.6267189468967928,0.05,521.5384780577075,0.200047,26.070797265527975,-9.414995317359963
FR,2016-02-01,99311.11111111111,1.0,0.5958663089506622,0.05,542.1058966001132,0.200047,27.098926582258827,-11.1091371740172
FR,2016-03-01,108068.44444444444,1.0,0.5627674139430731,0.0241935483870967,582.0283986906571,0.200047,29.094582707596572,-12.53833563621285
FR,2016-04-01,121342.22222222222,1.0,0.5254807129223221,0.0,637.6299744091217,0.200047,31.87400832849889,-14.174627673792621
FR,2016-05-01,135029.3333333333,1.0,0.49540255072785183,0.0,668.9387615641467,0.200047,33.43907989443215,-16.16069723548192
FR,2016-06-01,147192.0,1.0,0.465407803969319,0.0,685.04305481852,0.200047,34.2441053761626,-18.474797523120714
FR,2016-07-01,159253.3333333333,1.0,0.42290710476712434,0.0,673.4936612451377,0.200047,33.666771370984705,-20.641822249166616
FR,2016-08-01,167936.88888888888,1.0,0.39401134339168004,0.0,661.6903919613042,0.200047,33.07674656262299,-22.108403666424152
FR,2016-09-01,180033.77777777778,1.0,0.3613298905134961,0.0,650.5158521317554,0.200047,32.518150841140105,-24.005892342986698
FR,2016-10-01,192620.44444444444,1.0,0.3427843135155422,0.0,660.2726681794753,0.200047,33.005877027872216,-25.45522196756493
FR,2016-11-01,204602.66666666666,1.0,0.3476163763447497,0.0,711.2323757713937,0.200047,35.55326377158336,-26.213774948908217
FR,2016-12-01,214104.0,1.0,0.3524686999311775,0.0,754.6495853006484,0.200047,37.72361421569173,-26.572139817421693
FR,2017-01-01,226761.77777777775,1.0,0.36450982004765586,0.0,826.568948114643,0.200047,41.31873750241908,-26.13100712666015
FR,2017-02-01,238813.3333333333,1.0,0.38400000945451507,0.0,917.0432225786425,0.200047,45.8413884026575,-25.16779342649133
FR,2017-03-01,250997.3333333333,1.0,0.4016769671206897,0.0,1008.1984760871412,0.200047,50.39808025549702,-24.18767661168806
FR,2017-04-01,261044.44444444444,1.0,0.4096663773362781,0.0,1069.4113187931687,0.200047,53.45800330888085,-23.614157258785923
FR,2017-05-01,270616.8888888889,1.0,0.4131869855489858,0.0,1118.1537655864483,0.200047,55.89455305935347,-23.47941187605325
FR,2017-06-01,280216.0,1.0,0.410174945638188,0.0,1149.375825669505,0.200047,57.45528929049199,-23.66530781973283
FR,2017-07-01,289095.1111111111,1.0,0.4150763307883129,0.0,1199.9653796883963,0.200047,59.98417270383442,-23.741266589696664
FR,2017-08-01,297335.11111111107,1.0,0.41455778372083696,0.0,1232.62584684611,0.200047,61.61681239139353,-23.913700425059425
FR,2017-09-01,307157.3333333333,1.0,0.4132663025307249,0.0,1269.3777544186403,0.200047,63.453976036563425,-24.041796797282508
FR,2017-10-01,316480.0,1.0,0.41677803083996584,0.0,1319.019112002324,0.200047,65.93546076683599,-23.498148073638816
FR,2017-11-01,325759.11111111107,1.0,0.4167700701294126,0.0,1357.6664758307286,0.200047,67.8673749584212,-22.99769216081775
FR,2017-12-01,333958.2222222222,1.0,0.4157118851750089,0.0,1388.3040212969454,0.200047,69.39889232515085,-22.85330238397411
FR,2018-01-01,337494.2222222222,1.0,0.4189959606398843,0.0,1414.0871585041057,0.200047,70.68774630482365,-22.538037449745133
FR,2018-02-01,341248.8888888889,1.0,0.42510207858953847,0.0,1450.6561198303712,0.200047,72.51576478679367,-22.056787935186847
FR,2018-03-01,344795.55555555556,1.0,0.42780579791779083,0.0,1475.0553776295242,0.200047,73.73544105282879,-21.996250540426715
FR,2018-04-01,348853.3333333333,1.0,0.4295517584656787,0.0,1498.505627799469,0.200047,74.90767808562333,-21.945781929148595
FR,2018-05-01,352552.0,1.0,0.4312558393954337,0.0,1520.4010869053893,0.200047,76.00219382971949,-22.11503459420581
FR,2018-06-01,356589.3333333333,1.0,0.4319571479865844,0.0,1540.3131142910413,0.200047,76.99756128764948,-22.598976555362825
FR,2018-07-01,360707.55555555556,1.0,0.43115219563330015,0.0,1555.1985455929837,0.200047,77.74165799002154,-22.941542390003022
FR,2018-08-01,364370.6666666666,1.0,0.43095184571652734,0.0,1570.2621132496154,0.200047,78.49465941751765,-23.350533491799098
FR,2018-09-01,368120.8888888889,1.0,0.43218602764791997,0.0,1590.967046631102,0.200047,79.52966286078282,-23.540370647384833
FR,2018-10-01,369897.77777777775,1.0,0.43387777791928295,0.0,1604.9042587950294,0.200047,80.22635974521134,-24.48331068082834
FR,2018-11-01,371374.2222222222,1.0,0.4344591597284234,0.0,1613.4693253146345,0.200047,80.65451245530473,-25.27261186962356
FR,2018-12-01,373561.77777777775,1.0,0.4343662590255366,0.0,1622.6263192826216,0.200047,81.11225458430377,-26.195168296333776
FR,2019-01-01,375777.77777777775,1.0,0.4331908549079396,0.0,1627.834968109613,0.200047,81.37262583840862,-26.535822131837648
FR,2019-02-01,375117.3333333333,1.0,0.4317010981469752,0.0,1619.3856473396495,0.200047,80.95025905610429,-26.97803274536959
FR,2019-03-01,376401.77777777775,1.0,0.42790716446379184,0.0,1610.6501742801918,0.200047,80.5135880208247,-27.609384845424827
FR,2019-04-01,375751.11111111107,1.0,0.4247500571873097,0.0,1596.0030593263957,0.200047,79.78140433630075,-28.20623226028617
FR,2019-05-01,371684.44444444444,1.0,0.4244371032653724,0.0,1577.5666892879922,0.200047,78.85980241083307,-28.670240043127365
FR,2019-06-01,372460.44444444444,1.0,0.41651638907807015,0.0,1551.3587939441315,0.200047,77.54971551406078,-29.156245208066878
FR,2019-07-01,373689.77777777775,1.0,0.405891696315647,0.0,1516.7757779803935,0.200047,75.82097097084153,-30.02948540561009
FR,2019-08-01,374035.55555555556,1.0,0.39414175625402503,0.0,1474.230307681166,0.200047,73.69419724770509,-30.672043648640823
FR,2019-09-01,375022.2222222222,1.0,0.38195670488370775,0.0,1432.422522581656,0.200047,71.60429911878988,-31.238241747012182
FR,2019-10-01,373112.0,1.0,0.37707971203228613,0.0,1406.9296551579034,0.200047,70.32995521841885,-31.161498426248386
FR,2019-11-01,373246.2222222222,1.0,0.37011342521841534,0.0,1381.4343775650048,0.200047,69.05549083790333,-31.510746480186455
FR,2019-12-01,377920.8888888889,1.0,0.3576051113103449,0.0,1351.4644153761558,0.200047,67.55734479278149,-32.1165086465724
FR,2020-01-01,384527.11111111107,1.0,0.34177315899562066,0.0,1314.2104548390446,0.200047,65.6950843971189,-32.875650709613026
FR,2020-02-01,386173.3333333333,1.0,0.3305973812291647,0.0,1276.678927005373,0.200047,63.81894889727779,-33.50227861525751
FR,2020-03-01,396508.44444444444,1.0,0.3116763775759764,0.0,1235.8231564272971,0.200047,61.7766403108918,-30.347658475817276
FR,2020-04-01,417414.44444444444,1.0,0.2893054586549529,0.0,1207.6027729920236,0.200047,60.36595265072826,-35.60338061731899
FR,2020-05-01,429887.8888888889,1.0,0.2710762833719784,0.0,1165.3241118662602,0.200047,58.25251625199379,-41.442870535093085
FR,2020-06-01,460580.8888888889,1.0,0.23886141012509,0.0,1100.150005966674,0.200047,54.99457657283908,-40.661369807733905
FR,2020-07-01,480395.11111111107,1.0,0.21420959482603252,0.0,1029.0524210751798,0.200047,51.44053252861477,-43.979008383183015
FR,2020-08-01,494076.5555555555,1.0,0.19599022929933263,0.0,968.3417741475778,0.200047,48.405713364738176,-45.995885904935875
FR,2020-09-01,514799.6666666666,1.0,0.17024394746522192,0.0,876.4152740711376,0.200047,43.81046824351965,-49.34816151211109
FR,2020-10-01,529559.0,1.0,0.1486679702715766,0.0,787.2846166904584,0.200047,39.35498241365571,-51.22787680652207
FR,2020-11-01,542482.8888888889,1.0,0.1296703604413153,0.0,703.4395173546822,0.200047,35.163712395321205,-52.40626544613708
FR,2020-12-01,557094.2222222222,1.0,0.10898088335093685,0.0,607.1262044748089,0.200047,30.34917816687123,-54.29104140808471
FR,2021-01-01,571935.3333333333,1.0,0.09010702666899291,0.0,515.3539233360601,0.200047,25.761642180890497,-56.324476431523884
FR,2021-02-01,582562.6666666666,1.0,0.07984265585579975,0.0,465.1335050910365,0.200047,23.251211219915145,-57.05556551219824
FR,2021-03-01,598051.4444444445,1.0,0.06926076284920699,0.0,414.2149926529235,0.200047,20.705883749964933,-58.29736651522838
FR,2021-04-01,613867.111111111,1.0,0.061529835455777324,0.0,377.71142338380037,0.200047,18.88113410267589,-58.72779893795838
FR,2021-05-01,626825.6666666666,1.0,0.061937760365227953,0.0,388.24177932774256,0.200047,19.40752819726077,-58.28015885437442
FR,2021-06-01,645969.6666666666,1.0,0.059329777079085176,0.0,383.2523632318429,0.200047,19.158116004331127,-58.01160163256552
FR,2021-07-01,666600.8888888889,1.0,0.05092666902158543,0.0,339.47762837939086,0.200047,16.969893493998455,-59.14349601497493
FR,2021-08-01,681460.6666666666,1.0,0.04123339544120031,0.0,280.98937146290655,0.200047,14.046167723730251,-59.82689502166498
FR,2021-09-01,700437.4444444445,1.0,0.0355815537700354,0.0,249.22652592046182,0.200047,12.458398572358588,-60.42823739913062
FR,2021-10-01,710383.6666666666,1.0,0.03635858459089116,0.0,258.2854463648743,0.200047,12.911238177272056,-60.32723203991374
FR,2021-11-01,726822.3333333333,1.0,0.03401638098257838,0.0,247.23865397313241,0.200047,12.359028326999775,-60.97436426172217
FR,2021-12-01,739848.111111111,1.0,0.03113241718468302,0.0,230.33260048410827,0.200047,11.513924252006191,-61.80043743637505
FR,2022-01-01,755749.3333333333,1.0,0.03574555334291518,0.0,270.1467810853925,0.200047,13.504165575359416,-61.926266529324245
FR,2022-02-01,761322.8888888889,1.0,0.04582674121315477,0.0,348.88947008762494,0.200047,17.44037501625243,-62.4621416286119
FR,2022-03-01,770680.6666666666,1.0,0.06017359077154009,0.0,463.74623051537696,0.200047,23.18186378777872,-61.42420068601575
FR,2022-04-01,770380.4444444445,1.0,0.07252771335860236,0.0,558.7393205173936,0.200047,27.93040238131007,-63.631539453725935
FR,2022-05-01,767128.3333333333,1.0,0.0820122849916611,0.0,629.1394749851132,0.200047,31.449583097227812,-65.82253201866968
FR,2022-06-01,771139.6666666666,1.0,0.11279902767990224,0.0,869.8380460540392,0.200047,43.48168410693683,-63.01853541886235
FR,2022-07-01,769008.6666666666,1.0,0.12505115564967859,0.0806451612903225,341.48594514295945,0.200047,17.070285739999072,-75.57095056217992
FR,2022-08-01,770525.2222222222,1.0,0.1440000683872964,0.5,-2743.0692641697433,0.200047,-137.12123971715363,-117.17096513562251
FR,2022-09-01,777458.6666666666,1.0,0.18862077558420726,0.925,-5725.044099753362,0.200047,-286.18495152405995,-155.1438610007298
FR,2022-10-01,771680.2222222222,1.0,0.19895222010546834,1.25,-8110.727843551856,0.200047,-405.4411135159165,-193.13242686301598
FR,2022-11-01,772854.8888888889,1.0,0.22938876528295085,1.975,-13491.041768504412,0.200047,-674.3936059278276,-268.46514276779334
FR,2022-12-01,775219.5555555555,1.0,0.26430451551496337,2.177419354838709,-14830.840354672922,0.200047,-741.3677963015152,-287.09167705622707
FR,2023-01-01,779196.7777777778,1.0,0.30510141574738714,2.5,-17102.57904398642,0.200047,-854.9280441089554,-319.5624531522982
FR,2023-02-01,777184.5555555555,1.0,0.3291464906488938,2.875,-19785.98028174591,0.200047,-989.0665834401871,-358.501826104247
FR,2023-03-01,768747.6666666666,1.0,0.3348598029832297,3.161290322580645,-21728.11866935967,0.200047,-1086.1506880562902,-386.12211489318395
FR,2023-04-01,769461.2222222222,1.0,0.36722020626644547,3.5,-24105.525690393024,0.200047,-1204.9931111385335,-420.6956311235997
FR,2023-05-01,757611.0,1.0,0.3689612665067179,3.6774193548387095,-25065.242407592883,0.200047,-1252.9676729764947,-427.17227047178335
FR,2023-06-01,759387.8888888889,1.0,0.40515476729632083,3.8333333333333335,-26033.17283996985,0.200047,-1301.3528240848327,-440.67153368749973
FR,2023-07-01,756451.5555555555,1.0,0.4267975588822894,4.0,-27029.545448984005,0.200047,-1351.159749907972,-461.6233689716885
FR,2023-08-01,757512.5555555555,1.0,0.4624605803395939,4.241935483870968,-28629.99692832138,0.200047,-1431.1635229881667,-483.45681682043744
FR,2023-09-01,757917.3333333333,1.0,0.49746405815685873,4.341666666666667,-29135.877898347975,0.200047,-1456.4516287846343,-491.78041941223285
FR,2023-10-01,747461.3333333333,1.0,0.5088854575142423,4.5,-29832.037974124607,0.200047,-1491.251454614396,-498.34228109354456
FR,2023-11-01,746957.111111111,1.0,0.5392855617911644,4.5,-29584.838147005386,0.200047,-1478.8943671739835,-494.3548939212303
FR,2023-12-01,747297.3333333333,1.0,0.5652484523944261,4.5,-29404.29338854851,0.200047,-1469.8692501536395,-491.00184987851605
FR,2024-01-01,748988.2222222222,1.0,0.5954861123560716,4.5,-29244.349153484036,0.200047,-1461.8739173036354,-492.7884715363447
FR,2024-02-01,743064.111111111,1.0,0.6058407010058594,4.5,-28936.100180321486,0.200047,-1446.4650897199901,-486.7643735570522
FR,2024-03-01,731311.2222222222,1.0,0.6057696458060103,4.5,-28478.94359940484,0.200047,-1423.6126310019565,-473.48477791880055
FR,2024-04-01,733420.5555555555,1.0,0.6411010445829852,4.5,-28301.958157146997,0.200047,-1414.7654379794246,-476.1607376813531
FR,2024-05-01,720042.3333333333,1.0,0.6418361141622209,4.5,-27780.413267410346,0.200047,-1388.6943202052692,-457.3108068597238
FR,2024-06-01,721162.4444444445,1.0,0.6763782945156129,4.341666666666667,-26432.68322054253,0.200047,-1321.3236499693837,-445.2846119304444
FR,2024-07-01,715713.111111111,1.0,0.6886678218794443,4.25,-25488.921329027722,0.200047,-1274.1466419905184,-433.2147323489719
FR,2024-08-01,716123.3333333333,1.0,0.7166821178713906,4.25,-25302.913794762135,0.200047,-1264.848450352274,-430.90793079848027
FR,2024-09-01,716642.111111111,1.0,0.7439906995642526,3.99,-23262.269577505747,0.200047,-1162.8402114256023,-405.2143666451025
FR,2024-10-01,717009.5555555555,1.0,0.7717825858801826,3.577419354838709,-20116.683727612777,0.200047,-1005.5978708809819,-364.9036842789666
FR,2024-11-01,699012.2222222222,1.0,0.7715963780990208,3.4,-18372.86256641941,0.200047,-918.4272979059626,-330.9346551536755
FR,2024-12-01,699237.4444444445,1.0,0.7990157315004781,3.287096774193548,-17397.59429863371,0.200047,-869.6753412264973,-317.6780873813283
FR,2025-01-01,698798.4444444445,1.0,0.8280812594370076,3.0,-15177.334373651562,0.200047,-758.6884269022561,-285.78289453079367
FR,2025-02-01,691718.8888888889,1.0,0.8348120161621356,2.7857142857142856,-13494.759502254246,0.200047,-674.5794489422109,-262.4485711427449
FR,2025-03-01,667191.111111111,1.0,0.8347358646551152,2.588709677419355,-11702.357369979647,0.200047,-584.9803981054276,-229.91401411068733
FR,2025-04-01,666762.8888888889,1.0,0.860356551388291,2.433333333333333,-10488.02543284824,0.200047,-524.2780662968323,-214.38244883778464
FR,2025-05-01,647232.4444444445,1.0,0.8602858361331434,2.25,-8994.68095358613,0.200047,-449.62838500882947,-190.58082169574237
FR,2025-06-01,647100.0,1.0,0.8863177150316992,2.083333333333333,-7745.888066029872,0.200047,-387.2034105000261,-174.0794974857448
FR,2025-07-01,646955.6666666666,1.0,0.9134350820825703,2.0,-7029.593308478827,0.200047,-351.3970871084708,-164.45804608824074
FR,2025-08-01,646943.2222222222,1.0,0.9415700403046409,2.0,-6847.440886218524,0.200047,-342.29160578356704,-159.89818662801457
FR,2025-09-01,646768.7777777778,1.0,0.9703218052648002,2.0,-6659.637075133139,0.200047,-332.9036214056266,-155.5032802119545
FR,2025-10-01,636344.2222222222,1.0,0.9718548353759369,2.0,-6542.542351142381,0.200047,-327.0502607458438,-155.04766699096604
FR,2025-11-01,620025.0,1.0,0.971757705186058,2.0,-6375.359288420144,0.200047,-318.6930715491932,-150.83649678527976
FR,2025-12-01,618550.8888888889,1.0,0.9963104427161559,2.0,-6208.33067826417,0.200047,-310.3436031664644,-146.8625369454521
FR,2026-01-01,618550.8888888889,1.0,1.0254837917528832,2.0,-6027.8786684788365,0.197682,-304.92804951785376,-144.3911917317647
FR,2026-02-01,597625.6666666666,1.0,1.0253854316224524,2.0,-5824.546811696774,0.197682,-294.64224419505945,-138.26453059314684
FR,2026-03-01,593353.0,1.0,1.039645785690567,2.0,-5698.29054123145,0.197682,-288.25540723138425,-136.87966013561257
FR,2026-04-01,581992.2222222222,1.0,1.039453210413255,2.0,-5590.30760620011,0.197682,-282.79295060754697,-136.8202393758255
FR,2026-05-01,560844.5555555555,1.0,1.039322442082901,2.0,-5387.9077800221185,0.197682,-272.5542932599892,-132.43280723269712
FR,2026-06-01,560498.5555555555,1.0,1.0687107799016395,2.1166666666666667,-5873.777608177389,0.197682,-297.13264779683476,-136.13000238996912
FR,2026-07-01,559732.111111111,1.0,1.098306348349819,2.25,-6446.399189914203,0.197682,-326.09945214608325,-141.3109283470722
FR,2026-08-01,559732.111111111,1.0,1.1332535189246988,2.25,-6250.788654281827,0.197682,-316.2042398539992,-136.53230647224925
GR,2020-03-01,301.0,1.0,1.8075288031922097,0.0,5.440661697608551,0.022593,2.4081183099227865,-89.71618047678629
GR,2020-04-01,2226.0,1.0,1.8887071291848012,0.0,42.042620695653675,0.022593,18.608693265902573,-77.36064000214468
GR,2020-05-01,4690.0,1.0,1.8521090995913985,0.0,86.86391677083658,0.022593,38.447269849438584,-61.24811693764829
GR,2020-06-01,7798.0,1.0,1.6099389301366305,0.0,125.54303777205445,0.022593,55.56722780155555,-40.08871857901743
GR,2020-07-01,9946.0,1.0,1.4896584473789434,0.0,148.1614291763097,0.022593,65.57846641716891,-29.84107449462887
GR,2020-08-01,11291.0,1.0,1.4276171106288706,0.0,161.19224796110578,0.022593,71.34610187275076,-23.055497396923286
GR,2020-09-01,12966.0,1.0,1.368000279929492,0.0,177.37491629565793,0.022593,78.50879311984153,-14.649836635789214
GR,2020-10-01,14639.0,1.0,1.2999193086123049,0.0,190.29518758775532,0.022593,84.22749860034318,-6.355360619834599
GR,2020-11-01,16307.0,1.0,1.2306978720502755,0.0,200.68990199523844,0.022593,88.82835479805182,1.258376956593537
GR,2020-12-01,17645.0,1.0,1.174521103521284,0.0,207.24424871633056,0.022593,91.7294067703849,7.089187195428963
GR,2021-01-01,18950.0,1.0,1.129108681724419,0.0,213.96609518677738,0.022593,94.70459663912602,12.618478026711642
GR,2021-02-01,20288.0,1.0,1.099919944863995,0.0,223.15175841400728,0.022593,98.77030868587939,18.463531953765994
GR,2021-03-01,21936.0,1.0,1.077069672207178,0.0,236.26600329536657,0.022593,104.57486978062525,25.571619515431934
GR,2021-04-01,23860.0,1.0,1.0540610804833197,0.0,251.49897380332007,0.022593,111.31721055341039,33.70827751277612
GR,2021-05-01,25680.0,1.0,1.0456638044542554,0.0,268.5264649838528,0.022593,118.85383303848663,41.16614598685143
GR,2021-06-01,27449.0,1.0,1.0258968771704438,0.0,281.59843381451515,0.022593,124.63968212035374,47.46996448345709
GR,2021-07-01,29396.0,1.0,0.9989049704392661,0.0,293.63810511032665,0.022593,129.9686208605881,53.855231351614705
GR,2021-08-01,30553.0,1.0,0.9775122439132153,0.0,298.6593158828047,0.022593,132.1910839121873,58.31802116679208
GR,2021-09-01,32184.0,1.0,0.9637107714215323,0.0,310.16067467430594,0.022593,137.2817574798858,64.3951215083966
GR,2021-10-01,33685.0,1.0,0.9598249857927226,0.0,323.31704646427863,0.022593,143.10496457499167,69.86649435780588
GR,2021-11-01,34934.0,1.0,0.9686681540203791,0.0,338.3945329254792,0.022593,149.77848578120626,76.44509319248431
GR,2021-12-01,35731.0,1.0,0.9768804952073471,0.0,349.0491697425372,0.022593,154.49438752823318,81.18002583985194
GR,2022-01-01,36875.0,1.0,1.0002900235515109,0.0,368.8569461846197,0.022593,163.26160588882385,87.83117378414019
GR,2022-02-01,37618.0,1.0,1.041245550988793,0.0,391.69575137096416,0.022593,173.37040294381632,93.46788629895198
GR,2022-03-01,38503.0,1.0,1.0901045614612672,0.0,419.72295929943175,0.022593,185.77566471890933,101.16960024511485
GR,2022-04-01,38275.0,1.0,1.0964487245230887,0.0,419.6657493112122,0.022593,185.7503427217334,94.1884008866974
GR,2022-05-01,38676.0,1.0,1.1441182154389995,0.0,442.49916100318745,0.022593,195.85675253538153,98.58463741948404
GR,2022-06-01,38358.0,1.0,1.1479174367487521,0.0,440.31817038808634,0.022593,194.89141344136962,88.39119391557044
GR,2022-07-01,39764.0,1.0,1.2434869214093478,0.0806451612903225,462.3923974937292,0.022593,204.66179679269212,112.02056049051313
GR,2022-08-01,38604.0,1.0,1.2434869214093478,0.5,287.01569114086465,0.022593,127.03744130521166,146.98771588674276
GR,2022-09-01,38876.0,1.0,1.2962458452865717,0.925,144.32553481360762,0.022593,63.88064215182032,194.92173267515048
GR,2022-10-01,39007.0,1.0,1.3425811442792788,1.25,36.113126949018266,0.022593,15.984210573637087,228.29289722653763
GR,2022-11-01,39605.0,1.0,1.4187911286379529,1.975,-220.2865235029388,0.022593,-97.50211282385642,308.42635033617785
GR,2022-12-01,39438.0,1.0,1.4354924636369035,2.177419354838709,-292.6011273521681,0.022593,-129.50963898205998,324.7664802632282
GR,2023-01-01,37758.0,1.0,1.4354924636369035,2.5,-401.93675557997796,0.022593,-177.90322470675784,357.4623662498994
GR,2023-02-01,37686.0,1.0,1.4575181579214973,2.875,-534.1922070057045,0.022593,-236.44146727114796,394.12329006479206
GR,2023-03-01,37723.0,1.0,1.4875948758259485,3.161290322580645,-631.3681333792741,0.022593,-279.4529869336849,420.57558622942133
GR,2023-04-01,37536.0,1.0,1.5003736176754188,3.5,-750.5797588693548,0.022593,-332.2178368828199,452.079643132114
GR,2023-05-01,38147.0,1.0,1.5630391659578544,3.6774193548387095,-806.5726106523798,0.022593,-357.0011112523259,468.7942912523854
GR,2023-06-01,37675.0,1.0,1.5630391659578544,3.8333333333333335,-855.3333275587117,0.022593,-378.5833344658575,482.0979559314755
GR,2023-07-01,37976.0,1.0,1.6034049021435703,4.0,-910.1309543619577,0.022593,-402.83758436770586,486.69879656857756
GR,2023-08-01,38164.0,1.0,1.6364395027655545,4.241935483870968,-994.3614862290699,0.022593,-440.11927863898995,507.58742752873934
GR,2023-09-01,38257.0,1.0,1.665967834987779,4.341666666666667,-1023.6421020353922,0.022593,-453.07931750338264,511.5918918690188
GR,2023-10-01,38857.0,1.0,1.7308505077149021,4.5,-1076.0084182172204,0.022593,-476.2574329293235,516.6517405915279
GR,2023-11-01,39229.0,1.0,1.7713886728159371,4.5,-1070.406937541036,0.022593,-473.7781337321455,510.7613395206077
GR,2023-12-01,39264.0,1.0,1.7870797831301708,4.5,-1065.2009939517698,0.022593,-471.4739051705262,507.39349510459726
GR,2024-01-01,39359.0,1.0,1.8047531977814217,4.5,-1060.8221888852102,0.022593,-469.53578050069063,499.5496652666001
GR,2024-02-01,39314.0,1.0,1.818871536501689,4.5,-1054.058844139726,0.022593,-466.54222287422044,493.1584932887175
GR,2024-03-01,39344.0,1.0,1.835168757120543,4.5,-1048.4512041984935,0.022593,-464.0601974941326,486.0676555890234
GR,2024-04-01,38281.0,1.0,1.835168757120543,4.5,-1020.124048086685,0.022593,-451.522174163097,487.0825261349745
GR,2024-05-01,38486.0,1.0,1.8605120899182994,4.5,-1015.8333170740433,0.022593,-449.62303238792697,481.76048095761837
GR,2024-06-01,38335.0,1.0,1.8708981370991686,4.341666666666667,-947.1691158097003,0.022593,-419.23122905754013,456.8078089813992
GR,2024-07-01,38407.0,1.0,1.8893849620337795,4.25,-906.6414176316863,0.022593,-401.293063175181,439.6388464663656
GR,2024-08-01,38354.0,1.0,1.9008435410651343,4.25,-900.9954682598784,0.022593,-398.79408146765746,435.14643808613636
GR,2024-09-01,38263.0,1.0,1.9098783436287001,3.99,-795.9169493773505,0.022593,-352.2847560648655,405.3410887156343
GR,2024-10-01,38278.0,1.0,1.9217650130305277,3.577419354838709,-633.7513689573357,0.022593,-280.5078426757561,360.1863439262592
GR,2024-11-01,38381.0,1.0,1.9366552309974858,3.4,-561.646355790855,0.022593,-248.59308449114994,338.89955826113714
GR,2024-12-01,38309.0,1.0,1.9450105080412619,3.287096774193548,-514.1398277002793,0.022593,-227.56598402172327,324.43126982344575
GR,2025-01-01,38309.0,1.0,1.9581770741393267,3.0,-399.1119446679653,0.022593,-176.65292111183348,296.2526112596289
GR,2025-02-01,36887.0,1.0,1.9581770741393267,2.7857142857142856,-305.2536512336551,0.022593,-135.1098354506507,277.0210423488153
GR,2025-03-01,36822.0,1.0,1.9705033607232472,2.588709677419355,-227.63592993384083,0.022593,-100.7550701251896,254.3113138695507
GR,2025-04-01,36822.0,1.0,1.9835552142604878,2.433333333333333,-165.6172990050031,0.022593,-73.30469570442311,236.59092175462456
GR,2025-05-01,36822.0,1.0,1.9957906550271498,2.25,-93.6049650059029,0.022593,-41.43095870663609,217.616604606451
GR,2025-06-01,36822.0,1.0,2.0072387282326503,2.083333333333333,-28.01955549017341,0.022593,-12.401874691352814,200.72203832292848
GR,2025-07-01,36822.0,1.0,2.019206086377655,2.0,7.072065125980074,0.022593,3.13020188818664,190.06924290841673
GR,2025-08-01,36822.0,1.0,2.0311425217584866,2.0,11.467299361909951,0.022593,5.075598354317688,187.46901750987016
GR,2025-09-01,36787.0,1.0,2.0421150078947896,2.0,15.492847954256256,0.022593,6.8573664206861675,184.25770761435828
GR,2025-10-01,36787.0,1.0,2.0532582849257737,2.0,19.59212527564436,0.022593,8.671767926191459,180.6743616810692
GR,2025-11-01,36787.0,1.0,2.0643460229809043,2.0,23.67097147398527,0.022593,10.477126310797713,178.33370107471112
GR,2025-12-01,36787.0,1.0,2.0769031857471494,2.0,28.290374940803844,0.022593,12.521743434162726,176.002809655175
GR,2026-01-01,36787.0,1.0,2.0892211995858445,2.0,32.82180269164462,0.022326,14.70115680894232,175.2380145950314
GR,2026-02-01,34591.0,1.0,2.0892211995858445,2.0,30.862505148739473,0.022326,13.823571239245489,170.2012848411581
GR,2026-03-01,34591.0,1.0,2.104471451274797,2.0,36.13771971046498,0.022326,16.18638345895592,167.56213055472762
GR,2026-04-01,34591.0,1.0,2.1203894930623286,2.0,41.64392954519008,0.022326,18.652660371401097,164.62537160312257
GR,2026-05-01,34591.0,1.0,2.136012262365641,2.0,47.048001674898806,0.022326,21.073188961255404,161.1946749885475
GR,2026-06-01,34591.0,1.0,2.15049959337722,2.1166666666666667,11.703147678447557,0.022326,5.241936611326507,166.24458201819215
GR,2026-07-01,33645.0,1.0,2.15049959337722,2.25,-33.47691180823427,0.022326,-14.994585598958288,169.79393820005276
GR,2026-08-01,33645.0,1.0,2.1671949714257677,2.25,-27.859751863800465,0.022326,-12.478613214996178,167.19332016675375
IE,2015-03-01,641.7777777777777,1.0,0.7569592443520115,0.05,4.537107328196908,0.021782,2.0829617703594288,0.32606685841557437
IE,2015-04-01,1295.111111111111,1.0,0.7152026777994803,0.05,8.615113791589714,0.021782,3.955152782843501,0.14721740870806954
IE,2015-05-01,1984.0,1.0,0.8896153749688643,0.05,16.657969039382266,0.021782,7.6475847210459404,-0.0068998710355261395
IE,2015-06-01,2680.8888888888887,1.0,1.076373986153858,0.05,27.51594615324476,0.021782,12.632424090186742,0.14392315220216112
IE,2015-07-01,3366.222222222222,1.0,1.1524813792643995,0.05,37.11197318466027,0.021782,17.037908908576014,0.6744730330085069
IE,2015-08-01,3934.222222222222,1.0,1.1670972519715415,0.05,43.94908833089816,0.021782,20.17679199839232,0.983968992070281
IE,2015-09-01,4666.666666666666,1.0,1.1715860953786033,0.05,52.34068445100148,0.021782,24.029329010651676,1.4201306806644816
IE,2015-10-01,5385.777777777777,1.0,1.149052581365853,0.05,59.192529693295135,0.021782,27.17497460898684,0.9443750171697545
IE,2015-11-01,6132.444444444444,1.0,1.1306047092060345,0.05,66.2674834561105,0.021782,30.423048138880958,0.4461760731527633
IE,2015-12-01,6740.444444444444,1.0,1.1204533102058438,0.05,72.15331067814145,0.021782,33.12520001751054,0.7497072892329371
IE,2016-01-01,7435.555555555555,1.0,1.1060043850769228,0.05,78.51979272149741,0.021782,36.04801796047076,0.5622253775828199
IE,2016-02-01,8149.333333333333,1.0,1.0890413758034383,0.05,84.67494518547487,0.021782,38.873815620914,0.6657518646379756
IE,2016-03-01,8867.555555555555,1.0,1.061736998576267,0.0241935483870967,92.00474185855255,0.021782,42.23888617140417,0.6059678275947462
IE,2016-04-01,9825.777777777777,1.0,1.0342421744303838,0.0,101.62233774358633,0.021782,46.65427313542665,0.60563713313514
IE,2016-05-01,10814.22222222222,1.0,1.008054259728977,0.0,109.01322776766874,0.021782,50.04739131744961,0.4476141875355424
IE,2016-06-01,11778.666666666666,1.0,0.9804450735675363,0.0,115.48335706527487,0.021782,53.01779316191116,0.29889026262784313
IE,2016-07-01,12655.111111111111,1.0,0.936106468319102,0.0,118.4653136840805,0.021782,54.38679353782045,0.07819991766913148
IE,2016-08-01,13274.666666666666,1.0,0.9029613759700011,0.0,119.86511278876442,0.021782,55.02943383930054,-0.15571638974660829
IE,2016-09-01,14147.555555555555,1.0,0.8651887839980167,0.0,122.40306387655495,0.021782,56.194593644548235,-0.3294495395785688
IE,2016-10-01,15056.0,1.0,0.8356836689320427,0.0,125.82053319440834,0.021782,57.763535577269465,-0.6975634181676824
IE,2016-11-01,15926.22222222222,1.0,0.8307941110942398,0.0,132.31411634200438,0.021782,60.74470495914259,-1.022333761348989
IE,2016-12-01,16502.222222222223,1.0,0.8262337447102203,0.0,136.3469286270688,0.021782,62.596147565452576,-1.6996064676608498
IE,2017-01-01,16988.444444444445,1.0,0.8274758188758443,0.0,140.57526978093455,0.021782,64.5373564323453,-2.9123881967339287
IE,2017-02-01,17483.555555555555,1.0,0.8308364881089452,0.0,145.25975897435416,0.021782,66.68798043079339,-4.321201398355441
IE,2017-03-01,17985.777777777777,1.0,0.833279709641411,0.0,149.87183684341608,0.021782,68.8053607765201,-5.780396090664979
IE,2017-04-01,18449.777777777777,1.0,0.8305254606809278,0.0,153.23010188349633,0.021782,70.34712234115156,-6.72503822651521
IE,2017-05-01,18908.44444444444,1.0,0.8247809687606303,0.0,155.95325126645446,0.021782,71.59730569573706,-7.776659239669655
IE,2017-06-01,19368.888888888887,1.0,0.8150591928245147,0.0,157.86790943685486,0.021782,72.47631504767921,-8.644282062545614
IE,2017-07-01,19901.333333333332,1.0,0.8103606602843012,0.0,161.27257620537972,0.021782,74.03937939830122,-9.68605989522986
IE,2017-08-01,20335.11111111111,1.0,0.8023345721871905,0.0,163.15562673712316,0.021782,74.9038778519526,-10.626634964500354
IE,2017-09-01,20848.0,1.0,0.7923672821724707,0.0,165.19273098731668,0.021782,75.83910154591713,-11.656671287928802
IE,2017-10-01,20819.555555555555,1.0,0.7906807459033525,0.0,164.61621716042953,0.021782,75.57442712351002,-13.859181716964784
IE,2017-11-01,21860.44444444444,1.0,0.7735347270397747,0.0,169.0981292630149,0.021782,77.63204906024006,-13.23301805899888
IE,2017-12-01,22474.666666666664,1.0,0.7614363838059707,0.0,171.13028913911253,0.021782,78.56500281843381,-13.687191890691153
IE,2018-01-01,22836.44444444444,1.0,0.7625664972078581,0.0,174.14307448681848,0.021782,79.94815649931985,-13.27762725524893
IE,2018-02-01,23219.555555555555,1.0,0.7691080758251136,0.0,178.5834769484766,0.021782,81.98672158134083,-12.585831140639684
IE,2018-03-01,23584.0,1.0,0.7723162647552354,0.0,182.14306787987474,0.021782,83.62091078866713,-12.110780804588373
IE,2018-04-01,24088.0,1.0,0.7746236364189543,0.0,186.5913415405977,0.021782,85.66308949618846,-11.190370518583464
IE,2018-05-01,24548.44444444444,1.0,0.7776898161464082,0.0,190.91075246680313,0.021782,87.64610800973425,-10.471120414191049
IE,2018-06-01,25050.666666666664,1.0,0.7791084845797325,0.0,195.17186944378682,0.021782,89.6023640821719,-9.994173760840397
IE,2018-07-01,25562.666666666664,1.0,0.7776578624392068,0.0,198.79008718245962,0.021782,91.26346854396273,-9.419731836061828
IE,2018-08-01,26017.777777777777,1.0,0.7771465252123486,0.0,202.1962559374706,0.021782,92.82722244856791,-9.017970460748842
IE,2018-09-01,26321.777777777777,1.0,0.7781853675504836,0.0,204.83222314582153,0.021782,94.03738093188024,-9.032652576287418
IE,2018-10-01,26472.888888888887,1.0,0.7799374823138899,0.0,206.4719830957535,0.021782,94.79018597729937,-9.919484448740306
IE,2018-11-01,26597.333333333332,1.0,0.7810836069815199,0.0,207.7474105608981,0.021782,95.37572792254986,-10.55139640237843
IE,2018-12-01,26786.666666666664,1.0,0.7812655919322847,0.0,209.27500989226132,0.021782,96.0770406263251,-11.230382254312445
IE,2019-01-01,26968.0,1.0,0.7817345204793196,0.0,210.8181654828629,0.021782,96.785495125729,-11.122952844517272
IE,2019-02-01,27137.777777777777,1.0,0.780761178593569,0.0,211.88123362188145,0.021782,97.27354403722407,-10.654747764249805
IE,2019-03-01,27308.44444444444,1.0,0.7770536335724518,0.0,212.2012598276699,0.021782,97.42046636106414,-10.702506505185383
IE,2019-04-01,27477.333333333332,1.0,0.7716009964617478,0.0,212.01537780111596,0.021782,97.33512891429436,-10.652507682292566
IE,2019-05-01,27641.777777777777,1.0,0.765275705209631,0.0,211.53580982136793,0.021782,97.11496181313376,-10.415080640826673
IE,2019-06-01,27796.44444444444,1.0,0.7558400285002556,0.0,210.09665361094656,0.021782,96.45425287436717,-10.251707847760485
IE,2019-07-01,27959.11111111111,1.0,0.744375641720598,0.0,208.12081275270833,0.021782,95.54715487682873,-10.30330149962289
IE,2019-08-01,28102.22222222222,1.0,0.7311655986804761,0.0,205.4737813536289,0.021782,94.33191688257686,-10.034324013769051
IE,2019-09-01,28257.777777777777,1.0,0.7183477503810315,0.0,202.9891109743377,0.021782,93.19121796636567,-9.651322899436394
IE,2019-10-01,28261.333333333332,1.0,0.7103601222992253,0.0,200.75724203005836,0.021782,92.16657884035368,-9.324874804313552
IE,2019-11-01,28643.555555555555,1.0,0.6932501192393206,0.0,198.57148304326992,0.021782,91.16310854984387,-9.40312876824592
IE,2019-12-01,29089.777777777777,1.0,0.673934535428261,0.0,196.04605872378016,0.021782,90.00369971709677,-9.670153722257126
IE,2020-01-01,29686.22222222222,1.0,0.6511301090696364,0.0,193.29593113421018,0.021782,88.74113081177586,-9.82960429495607
IE,2020-02-01,30073.777777777777,1.0,0.6313345508799469,0.0,189.8661498659666,0.021782,87.16653652831081,-10.154690984224487
IE,2020-03-01,30851.22222222222,1.0,0.6101981105688842,0.0,188.2535750874077,0.021782,86.42621205004487,-5.698086736664209
IE,2020-04-01,30948.888888888887,1.0,0.5938780376839181,0.0,183.7986540183095,0.021782,84.38098155280025,-11.588351715247
IE,2020-05-01,33032.0,1.0,0.5518606146612551,0.0,182.29059823490581,0.021782,83.68864118763466,-16.006745599452216
IE,2020-06-01,35119.555555555555,1.0,0.5135266586153167,0.0,180.34828016499424,0.021782,82.79693332338364,-12.859013057189344
IE,2020-07-01,37059.88888888889,1.0,0.4745009134392716,0.0,175.8495112973569,0.021782,80.7315725357437,-14.687968376054087
IE,2020-08-01,38269.0,1.0,0.4469615869422147,0.0,171.04772970691613,0.021782,78.5271002235406,-15.874499046133451
IE,2020-09-01,40041.33333333333,1.0,0.4117869896714777,0.0,164.88500115765527,0.021782,75.69782442275974,-17.460805332871004
IE,2020-10-01,41407.555555555555,1.0,0.382419950029471,0.0,158.35075326398098,0.021782,72.6979860728955,-17.884873147282278
IE,2020-11-01,43205.777777777774,1.0,0.3475693088387846,0.0,150.1700232006434,0.021782,68.94225654239438,-18.627721299063907
IE,2020-12-01,44586.444444444445,1.0,0.3199842686229931,0.0,142.6696081605527,0.021782,65.49885600980292,-19.141363565153014
IE,2021-01-01,45776.22222222222,1.0,0.29842691412284555,0.0,136.60856737979404,0.021782,62.71626452106971,-19.36985409134467
IE,2021-02-01,46967.33333333333,1.0,0.28396997318587436,0.0,133.3731238727869,0.021782,61.230889667058534,-19.075887065054857
IE,2021-03-01,48443.777777777774,1.0,0.2705353763838452,0.0,131.05755654566465,0.021782,60.16782505998745,-18.835425205205865
IE,2021-04-01,50054.444444444445,1.0,0.2591809959854912,0.0,129.7316076461155,0.021782,59.559088993717516,-18.049844046916753
IE,2021-05-01,51544.11111111111,1.0,0.25505593307808155,0.0,131.46631354124756,0.021782,60.35548321607178,-17.332203835563412
IE,2021-06-01,53030.88888888889,1.0,0.24926485488404723,0.0,132.18736823260923,0.021782,60.68651557827988,-16.48320205861677
IE,2021-07-01,54633.0,1.0,0.23790969932488318,0.0,129.97720603216342,0.021782,59.67184190256332,-16.44154760641006
IE,2021-08-01,55861.444444444445,1.0,0.22548960571337331,0.0,125.96175082357286,0.021782,57.82836783746803,-16.0446949079272
IE,2021-09-01,57270.777777777774,1.0,0.21687552361302928,0.0,124.20629918280996,0.021782,57.02244935396656,-15.864186617522655
IE,2021-10-01,58519.22222222222,1.0,0.2140457414198319,0.0,125.25790307867457,0.021782,57.505235092587725,-15.733235124598068
IE,2021-11-01,59793.33333333333,1.0,0.21065043094759073,0.0,125.95491434459608,0.021782,57.825229246440216,-15.508163342281733
IE,2021-12-01,60830.666666666664,1.0,0.20582749178084436,0.0,125.20623543356616,0.021782,57.48151475234881,-15.832846936032432
IE,2022-01-01,62408.33333333333,1.0,0.20912915469822985,0.0,130.5140199612536,0.021782,59.91829031367809,-15.512141791005568
IE,2022-02-01,63261.88888888888,1.0,0.22087364582829497,0.0,139.72884040873393,0.021782,64.14876522299785,-15.753751421866482
IE,2022-03-01,61267.88888888889,1.0,0.21841803694433112,0.0,133.82012018834507,0.021782,61.436103290948985,-23.16996118284549
IE,2022-04-01,62374.0,1.0,0.24925675953174423,0.0,155.47141119033014,0.021782,71.376095487251,-20.185846347785002
IE,2022-05-01,63148.33333333333,1.0,0.2780680110635183,0.0,175.59531451976073,0.021782,80.61487215120776,-16.65724296468973
IE,2022-06-01,63711.444444444445,1.0,0.3111588389140082,0.0,198.2437907886767,0.021782,91.01266678389345,-15.48755274190573
IE,2022-07-01,64082.11111111111,1.0,0.33174675984177215,0.0806451612903225,160.91120538551613,0.021782,73.87347598269953,-18.76776031947945
IE,2022-08-01,64278.777777777774,1.0,0.3484433007446367,0.5,-97.41879392168995,0.021782,-44.72444859135523,-24.774174009824115
IE,2022-09-01,65070.11111111111,1.0,0.39290836499841936,0.925,-346.2326181084564,0.021782,-158.95354793336534,-27.912457410035188
IE,2022-10-01,63367.0,1.0,0.3931081454098942,1.25,-542.9866614981124,0.021782,-249.2822796336941,-36.97359298079354
IE,2022-11-01,63789.33333333333,1.0,0.4274036937788352,1.975,-987.2013664297729,0.021782,-453.2188809245124,-47.29041776447815
IE,2022-12-01,64022.22222222222,1.0,0.4560257751520854,2.177419354838709,-1102.074422906036,0.021782,-505.95648834176666,-51.6803690964785
IE,2023-01-01,64321.444444444445,1.0,0.4875583832117494,2.5,-1294.4315165193343,0.021782,-594.2666038560895,-58.90101289943232
IE,2023-02-01,64566.444444444445,1.0,0.519747686988462,2.875,-1520.7026762070877,0.021782,-698.1464861845045,-67.58172884856447
IE,2023-03-01,61703.11111111111,1.0,0.5188159343582767,3.161290322580645,-1630.4889078475017,0.021782,-748.5487594562031,-48.52018629309691
IE,2023-04-01,61864.22222222222,1.0,0.545585833495981,3.5,-1827.7253453308606,0.021782,-839.0989557115328,-54.801475696598914
IE,2023-05-01,62097.666666666664,1.0,0.5747704245198715,3.6774193548387095,-1926.672590586291,0.021782,-884.5251081564095,-58.72970565169817
IE,2023-06-01,62209.444444444445,1.0,0.5996772974377034,3.8333333333333335,-2011.6394551749167,0.021782,-923.5329424180134,-62.851652020680376
IE,2023-07-01,62280.444444444445,1.0,0.6245244141634115,4.0,-2102.2611969727423,0.021782,-965.1369006394006,-75.60051970311713
IE,2023-08-01,62362.444444444445,1.0,0.6500955610763489,4.241935483870968,-2239.959176386171,0.021782,-1028.3533084134474,-80.6466022457181
IE,2023-09-01,62408.444444444445,1.0,0.6755532075512363,4.341666666666667,-2287.964381402354,0.021782,-1050.3922419439693,-85.72103257156789
IE,2023-10-01,62516.444444444445,1.0,0.7051794208874639,4.5,-2372.3868991072336,0.021782,-1089.1501694551619,-96.24099593431049
IE,2023-11-01,62575.444444444445,1.0,0.7298497698376484,4.5,-2359.188262747337,0.021782,-1083.090745912835,-98.55127266008185
IE,2023-12-01,62614.444444444445,1.0,0.747739885752128,4.5,-2349.4568246467816,0.021782,-1078.6230945949783,-99.7556943198548
IE,2024-01-01,62753.444444444445,1.0,0.7696419838981845,4.5,-2340.9281452133328,0.021782,-1074.7076233648577,-105.62217759756697
IE,2024-02-01,62874.444444444445,1.0,0.7933835686275843,4.5,-2330.5144889118983,0.021782,-1069.9267693103932,-110.22605314745522
IE,2024-03-01,59426.444444444445,1.0,0.7924069154166572,4.5,-2203.290744635984,0.021782,-1011.5190270112864,-61.391173928130456
IE,2024-04-01,59548.444444444445,1.0,0.8167370452642788,4.5,-2193.325794343604,0.021782,-1006.9441714918757,-68.33947119380423
IE,2024-05-01,59698.444444444445,1.0,0.8423190889810774,4.5,-2183.578606619681,0.021782,-1002.4692896059504,-71.08577626040505
IE,2024-06-01,59755.444444444445,1.0,0.8647028167702295,4.341666666666667,-2077.675201678282,0.021782,-953.8496013581315,-77.81056331919217
IE,2024-07-01,59826.444444444445,1.0,0.8865427619439863,4.25,-2012.2368759382266,0.021782,-923.8072151034004,-82.87530546185383
IE,2024-08-01,59848.444444444445,1.0,0.9040769418991644,4.25,-2002.482902581335,0.021782,-919.3292179695782,-85.38869841578435
IE,2024-09-01,59886.444444444445,1.0,0.9208688012500774,3.99,-1837.9935502664844,0.021782,-843.81303381989,-86.1871890393902
IE,2024-10-01,59935.444444444445,1.0,0.9382736138334803,3.577419354838709,-1581.7837294081107,0.021782,-726.1884718612206,-85.4942852592053
IE,2024-11-01,59978.444444444445,1.0,0.9560013644817568,3.4,-1465.8723638272897,0.021782,-672.9741822731107,-85.48153952082362
IE,2024-12-01,59993.444444444445,1.0,0.9714449165410012,3.287096774193548,-1389.2393107475264,0.021782,-637.7923564170078,-85.79510257183881
IE,2025-01-01,59993.444444444445,1.0,0.9895709876985689,3.0,-1206.1256125900522,0.021782,-553.7258344458968,-80.82030207443438
IE,2025-02-01,59993.444444444445,1.0,1.006833812013001,2.7857142857142856,-1067.2116687230505,0.021782,-489.95118387799585,-77.82030607852988
IE,2025-03-01,55580.77777777778,1.0,1.0071175948908808,2.588709677419355,-879.061180741079,0.021782,-403.57229856812006,-48.505914573379755
IE,2025-04-01,55580.77777777778,1.0,1.0245658003443052,2.433333333333333,-783.0039519161139,0.021782,-359.4729372491571,-49.577319790109414
IE,2025-05-01,55580.77777777778,1.0,1.04179280243024,2.25,-671.5309575763647,0.021782,-308.2962802205329,-49.24871690744578
IE,2025-06-01,55580.77777777778,1.0,1.058667098588538,2.083333333333333,-569.5174628974273,0.021782,-261.4624290227836,-48.338516008502324
IE,2025-07-01,55580.77777777778,1.0,1.076090508462816,2.0,-513.5160813590788,0.021782,-235.75249350797853,-48.813452487748435
IE,2025-08-01,55580.77777777778,1.0,1.093604825843461,2.0,-503.7814875364479,0.021782,-231.28339341495177,-48.88997425939931
IE,2025-09-01,55580.77777777778,1.0,1.1110389346610072,2.0,-494.0914742570315,0.021782,-226.83476001149185,-49.43441881781973
IE,2025-10-01,55580.77777777778,1.0,1.1277012138749614,2.0,-484.8304498744108,0.021782,-222.58307312203235,-50.580479367154595
IE,2025-11-01,55580.77777777778,1.0,1.1445955170952113,2.0,-475.4404647444597,0.021782,-218.27218104143776,-50.41560627752435
IE,2025-12-01,55580.77777777778,1.0,1.1627458490268399,2.0,-465.35236908761226,0.021782,-213.64079014214136,-50.15972392112906
IE,2026-01-01,55580.77777777778,1.0,1.1813038694595985,2.0,-455.03767699092606,0.021525,-211.3996176496753,-50.862759863586234
IE,2026-02-01,55580.77777777778,1.0,1.1993958690776538,2.0,-444.9820028876583,0.021525,-206.7279920500155,-50.3502784481029
IE,2026-03-01,55580.77777777778,1.0,1.21988178536316,2.0,-433.5957712812695,0.021525,-201.43822126888247,-50.062474173110786
IE,2026-04-01,55580.77777777778,1.0,1.240804476163389,2.0,-421.9667770024627,0.021525,-196.03566875840315,-50.062957526681686
IE,2026-05-01,50286.88888888889,1.0,1.2396330694652906,2.0,-382.3648735058443,0.021525,-177.63757189586264,-37.51608586857054
IE,2026-06-01,50286.88888888889,1.0,1.2580901943887524,2.1166666666666667,-431.7513966405367,0.021525,-200.58136893869303,-39.57872353182739
IE,2026-07-01,50286.88888888889,1.0,1.2778822747286176,2.25,-488.8477603764142,0.021525,-227.10697346174877,-42.31844966273772
IE,2026-08-01,50286.88888888889,1.0,1.298646664529131,2.25,-478.40599474897425,0.021525,-222.25597897745612,-42.584045595706186
IT,2015-03-01,6763.555555555555,1.0,1.2242442925705013,0.05,79.42066508594615,0.160201,4.9575636285632525,3.200668716619398
IT,2015-04-01,13505.777777777777,1.0,1.2401055251957156,0.05,160.73300755398847,0.160201,10.033208753627536,6.225273379492104
IT,2015-05-01,20819.555555555555,1.0,1.39636374135211,0.05,280.3069471106588,0.160201,17.497203332729438,9.842718740647971
IT,2015-06-01,28076.44444444444,1.0,1.5690134118632006,0.05,426.48495668543154,0.160201,26.62186607358453,14.13336513559995
IT,2015-07-01,35408.0,1.0,1.641595250582346,0.05,563.552046326197,0.160201,35.17781077060674,18.814374895039233
IT,2015-08-01,41380.444444444445,1.0,1.653807440625366,0.05,663.6626469638459,0.160201,41.42687292612692,22.234049919804878
IT,2015-09-01,48699.555555555555,1.0,1.6802847624267527,0.05,793.9414335917734,0.160201,49.5590810039746,26.949882673987403
IT,2015-10-01,56135.11111111111,1.0,1.6699808943212038,0.05,909.3780750059792,0.160201,56.764818884150486,30.5342192923334
IT,2015-11-01,64024.88888888888,1.0,1.6437426256202379,0.05,1020.3919452282177,0.160201,63.694480385778974,33.71760832005078
IT,2015-12-01,70408.0,1.0,1.627399526725173,0.05,1110.6154587766598,0.160201,69.3263749150542,36.9508821867766
IT,2016-01-01,78016.0,1.0,1.607644981189365,0.05,1215.212308524695,0.160201,75.85547584126785,40.36968325837991
IT,2016-02-01,85570.66666666666,1.0,1.5952268258326832,0.05,1322.260896377199,0.160201,82.53761814078558,44.32955438450956
IT,2016-03-01,93152.88888888889,1.0,1.5684010630105338,0.0241935483870967,1438.4739103110433,0.160201,89.79181842254688,48.15890007873746
IT,2016-04-01,104706.66666666666,1.0,1.5450308044613073,0.0,1617.7502543246194,0.160201,100.9825315899788,54.933895587687296
IT,2016-05-01,116655.11111111111,1.0,1.534459535975348,0.0,1790.0254766470819,0.160201,111.73622365947041,62.136446529556345
IT,2016-06-01,128008.0,1.0,1.5200853636628568,0.0,1945.8308723175496,0.160201,121.46184307947826,68.74294018019495
IT,2016-07-01,138556.44444444444,1.0,1.4896637100944816,0.0,2064.0250708861104,0.160201,128.83971204212898,74.53111842197765
IT,2016-08-01,146090.66666666666,1.0,1.4667656674358835,0.0,2142.807741994865,0.160201,133.75745107676389,78.57230084771675
IT,2016-09-01,156586.66666666666,1.0,1.4456618912403154,0.0,2263.7137667635016,0.160201,141.30459652333641,84.7805533392096
IT,2016-10-01,167540.44444444444,1.0,1.439223498525513,0.0,2411.281445978527,0.160201,150.51600464282538,92.05490564738824
IT,2016-11-01,177946.66666666666,1.0,1.4651097808152578,0.0,2607.1140179680574,0.160201,162.7401837671461,100.97314504665454
IT,2016-12-01,186317.3333333333,1.0,1.479699127128514,0.0,2756.935955022457,0.160201,172.09230622920313,107.7965521960897
IT,2017-01-01,197252.44444444444,1.0,1.502219895290455,0.0,2963.165464391196,0.160201,184.96547864190586,117.51573401282663
IT,2017-02-01,207728.0,1.0,1.5421672791049186,0.0,3203.513245539065,0.160201,199.96836758441364,128.9591857552648
IT,2017-03-01,218296.88888888888,1.0,1.5811201874526382,0.0,3451.536178803277,0.160201,215.45035167091822,140.86459480373316
IT,2017-04-01,226973.3333333333,1.0,1.6046211856110624,0.0,3642.0621923542813,0.160201,227.34328701782644,150.27112645015967
IT,2017-05-01,235345.77777777775,1.0,1.6223212627657093,0.0,3818.0645939102237,0.160201,238.32963551477357,158.95567057936685
IT,2017-06-01,243632.88888888888,1.0,1.6328107145315274,0.0,3978.063913900469,0.160201,248.3170463293281,167.19644921910327
IT,2017-07-01,252186.66666666666,1.0,1.6500568304024017,0.0,4161.22331869747,0.160201,259.7501462973059,176.0247070037748
IT,2017-08-01,258992.88888888888,1.0,1.6590938730582987,0.0,4296.935151212243,0.160201,268.2214936993054,182.69098088285247
IT,2017-09-01,267174.2222222222,1.0,1.6681312888407522,0.0,4456.816796605811,0.160201,278.2015590792699,190.70578624542395
IT,2017-10-01,275281.77777777775,1.0,1.6744186025182177,0.0,4609.369296453971,0.160201,287.7241275930844,198.29051875260961
IT,2017-11-01,283350.2222222222,1.0,1.6691181037501774,0.0,4729.4498561274695,0.160201,295.21974620180083,204.3546790825619
IT,2017-12-01,290424.0,1.0,1.6652236261645914,0.0,4836.209064052253,0.160201,301.88382494817466,209.63163023904968
IT,2018-01-01,293464.8888888889,1.0,1.667008989929664,0.0,4892.086080064877,0.160201,305.3717567346569,212.14597298008812
IT,2018-02-01,296698.6666666666,1.0,1.6707792702151096,0.0,4957.179817671294,0.160201,309.4350108720479,214.86245815006737
IT,2018-03-01,299740.44444444444,1.0,1.6719891402240175,0.0,5011.6276799703155,0.160201,312.8337326215389,217.1020410282834
IT,2018-04-01,303270.2222222222,1.0,1.6690264529267276,0.0,5061.660232738559,0.160201,315.956843761185,219.10338374641304
IT,2018-05-01,306478.2222222222,1.0,1.6745980023513036,0.0,5132.2781869751225,0.160201,320.3649282448376,222.2476998209123
IT,2018-06-01,309987.55555555556,1.0,1.6924829067625706,0.0,5246.486390868905,0.160201,327.4939851105115,227.89744726749922
IT,2018-07-01,313604.44444444444,1.0,1.7081284116532185,0.0,5356.766615762788,0.160201,334.37785130946673,233.69465092944216
IT,2018-08-01,316802.6666666666,1.0,1.7331388848676113,0.0,5490.630204297522,0.160201,342.7338283966718,240.88863548735506
IT,2018-09-01,320029.3333333333,1.0,1.7534304478151195,0.0,5611.491772606408,0.160201,350.27819880065715,247.2081652924895
IT,2018-10-01,321587.55555555556,1.0,1.7763515422325447,0.0,5712.525502739053,0.160201,356.58488416046424,251.87521373442456
IT,2018-11-01,322862.2222222222,1.0,1.7964427089225867,0.0,5800.03485097655,0.160201,362.04735619481465,256.12023186988637
IT,2018-12-01,324759.11111111107,1.0,1.812096199982442,0.0,5884.947511541201,0.160201,367.34773887436415,260.0403159937266
IT,2019-01-01,327721.77777777775,1.0,1.8260934737988403,0.0,5984.505996217538,0.160201,373.5623370776424,265.65388910739614
IT,2019-02-01,327953.77777777775,1.0,1.834904732311471,0.0,6017.63938823869,0.160201,375.63057585400156,267.7022840525277
IT,2019-03-01,329313.77777777775,1.0,1.8443668961915891,0.0,6073.754301931267,0.160201,379.13335759023147,271.01038472398193
IT,2019-04-01,329260.44444444444,1.0,1.850359783648784,0.0,6092.502847463246,0.160201,380.30367147915723,272.3160348825703
IT,2019-05-01,325766.2222222222,1.0,1.85079954777305,0.0,6029.2797676862365,0.160201,376.3571867645169,268.82714431055643
IT,2019-06-01,326375.11111111107,1.0,1.8536886668500878,0.0,6049.978446086048,0.160201,377.6492310338917,270.943270311764
IT,2019-07-01,328215.11111111107,1.0,1.8466063476994874,0.0,6060.841075886702,0.160201,378.32729358035857,272.47683720390694
IT,2019-08-01,326067.55555555556,1.0,1.8434853567668896,0.0,6011.007639834409,0.160201,375.2166116213013,270.8503707249554
IT,2019-09-01,325168.0,1.0,1.8335331815153593,0.0,5962.063175669863,0.160201,372.16142069461887,269.3188798288168
IT,2019-10-01,322514.6666666666,1.0,1.8300729000833516,0.0,5902.253513460821,0.160201,368.4280069076236,266.9365532629564
IT,2019-11-01,323396.44444444444,1.0,1.8196270716188396,0.0,5884.609251763892,0.160201,367.3266241636377,266.7603868455479
IT,2019-12-01,323367.11111111107,1.0,1.8124465342929377,0.0,5860.855998376525,0.160201,365.84390848849415,266.1700550491403
IT,2020-01-01,327413.3333333333,1.0,1.7955729929689783,0.0,5878.94538871283,0.160201,366.97307686673804,268.4023417600061
IT,2020-02-01,329427.55555555556,1.0,1.7777712465883786,0.0,5856.468361005624,0.160201,365.57002521867054,268.24879770613524
IT,2020-03-01,342083.3333333333,1.0,1.760703606310068,0.0,6023.0735865856905,0.160201,375.9697871165405,283.8454883298314
IT,2020-04-01,366724.11111111107,1.0,1.7522144561272557,0.0,6425.792888993068,0.160201,401.10816343175566,305.1388301637084
IT,2020-05-01,389572.11111111107,1.0,1.7418969150257047,0.0,6785.9445852449535,0.160201,423.58940239105584,323.89401560396897
IT,2020-06-01,413081.55555555556,1.0,1.7121324128137159,0.0,7072.503204021764,0.160201,441.4768449648731,345.82089858430015
IT,2020-07-01,434708.44444444444,1.0,1.6719273401359411,0.0,7268.009332546325,0.160201,453.68064697138755,358.2611060595898
IT,2020-08-01,446591.55555555556,1.0,1.6420077463329457,0.0,7333.067936691023,0.160201,457.7417080224857,363.3401087528116
IT,2020-09-01,460936.3333333333,1.0,1.6074659259943984,0.0,7409.394498861294,0.160201,462.50613284943876,369.34750309380803
IT,2020-10-01,474185.77777777775,1.0,1.5689254812944313,0.0,7439.621496229742,0.160201,464.3929498710833,373.8100906509055
IT,2020-11-01,484365.44444444444,1.0,1.5352272118038641,0.0,7436.110107685839,0.160201,464.1737634400434,376.6037855985851
IT,2020-12-01,492896.3333333333,1.0,1.5042042406038065,0.0,7414.167547780674,0.160201,462.8040741181812,378.1638545432252
IT,2021-01-01,505190.0,1.0,1.4679473960257283,0.0,7415.923449982377,0.160201,462.9136803130054,380.827561700591
IT,2021-02-01,517763.77777777775,1.0,1.4304200645111205,0.0,7406.196964104103,0.160201,462.30653766856034,381.99976093644693
IT,2021-03-01,531557.6666666666,1.0,1.3954698580254767,0.0,7417.727016356869,0.160201,463.02626178094204,384.02301151574875
IT,2021-04-01,547661.2222222222,1.0,1.361966560390346,0.0,7458.962710891729,0.160201,465.60025910523217,387.9913260645979
IT,2021-05-01,561033.2222222222,1.0,1.3399871279893678,0.0,7517.772961521763,0.160201,469.2712880395106,391.5836009878754
IT,2021-06-01,569903.111111111,1.0,1.321288726403611,0.0,7530.065558534556,0.160201,470.03861140283493,392.8688937659383
IT,2021-07-01,588647.7777777778,1.0,1.2882091822732606,0.0,7583.014724580832,0.160201,473.34378215996355,397.23039265099015
IT,2021-08-01,598360.4444444445,1.0,1.2650426456925183,0.0,7569.514797177511,0.160201,472.50109532259546,398.6280325772002
IT,2021-09-01,612914.8888888889,1.0,1.2408569936437446,0.0,7605.397263861564,0.160201,474.7409356908861,401.85429971939686
IT,2021-10-01,625942.7777777778,1.0,1.2249731702769004,0.0,7667.631089063739,0.160201,478.6256695690875,405.3871993519017
IT,2021-11-01,632927.111111111,1.0,1.2163848053972792,0.0,7698.829208795509,0.160201,480.57310558582714,407.2397129971052
IT,2021-12-01,640744.2222222222,1.0,1.2091085997263673,0.0,7747.293493138714,0.160201,483.5983229279914,410.2839612396101
IT,2022-01-01,655610.3333333333,1.0,1.2086136919756023,0.0,7923.7962546735525,0.160201,494.6159046868342,419.1854725821505
IT,2022-02-01,664678.7777777778,1.0,1.2204554989526346,0.0,8112.108693760051,0.160201,506.37066521183084,426.46814856696653
IT,2022-03-01,673050.0,1.0,1.2325536102273225,0.0,8295.702073634993,0.160201,517.830854591107,433.2247901173125
IT,2022-04-01,672790.5555555555,1.0,1.2450986176998797,0.0,8376.905907237564,0.160201,522.8997264210313,431.33778458599534
IT,2022-05-01,677415.7777777778,1.0,1.2752363594046994,0.0,8638.652302566361,0.160201,539.2383507322901,441.9662356163926
IT,2022-06-01,678866.3333333333,1.0,1.3062393837319979,0.0,8867.619408897343,0.160201,553.5308399384113,447.0306204126121
IT,2022-07-01,689274.6666666666,1.0,1.355884831315498,0.0806451612903225,8789.903984767128,0.160201,548.6797201495077,456.03848384732873
IT,2022-08-01,688171.5555555555,1.0,1.3739844032521684,0.5,6014.512063173386,0.160201,375.43536327322465,395.38563785475577
IT,2022-09-01,681741.8888888889,1.0,1.3799898705011353,0.925,3101.856537407549,0.160201,193.6227949518136,324.66388547514373
IT,2022-10-01,688585.2222222222,1.0,1.444694752730633,1.25,1340.6392957452358,0.160201,83.68482692025867,295.99351357315925
IT,2022-11-01,683203.8888888889,1.0,1.4550517610711615,1.975,-3552.3065885711167,0.160201,-221.7406001567479,184.18786300328637
IT,2022-12-01,681955.5555555555,1.0,1.482222948274324,2.177419354838709,-4740.93051658841,0.160201,-295.93638720035517,158.339732044933
IT,2023-01-01,681060.6666666666,1.0,1.5104324798727455,2.5,-6739.5551496954795,0.160201,-420.6937003948465,114.67189056181076
IT,2023-02-01,685567.4444444445,1.0,1.5604920516993115,2.875,-9011.83854818413,0.160201,-562.5332268952211,68.03153044071894
IT,2023-03-01,682510.111111111,1.0,1.5796321666622584,3.161290322580645,-10794.976837356531,0.160201,-673.8395414108858,26.189031752220444
IT,2023-04-01,684846.3333333333,1.0,1.6189107353862937,3.5,-12882.570855433929,0.160201,-804.1504644436633,-19.852984428729428
IT,2023-05-01,685733.3333333333,1.0,1.6530608310351358,3.6774193548387095,-13881.701183895704,0.160201,-866.5177610561548,-40.72235855144345
IT,2023-06-01,683048.4444444445,1.0,1.6720194674070266,3.8333333333333335,-14762.820740771727,0.160201,-921.5186385086065,-60.83734811127351
IT,2023-07-01,681299.7777777778,1.0,1.6951855897027,4.0,-15702.695455545703,0.160201,-980.1871059197947,-90.65072498351128
IT,2023-08-01,671258.5555555555,1.0,1.697200864007888,4.241935483870968,-17081.74885201507,0.160201,-1066.269801812415,-118.56309564468563
IT,2023-09-01,669031.0,1.0,1.720775735080772,4.341666666666667,-17534.57280849843,0.160201,-1094.5357899450335,-129.864580572632
IT,2023-10-01,659667.8888888889,1.0,1.7231907329854923,4.5,-18317.71907018563,0.160201,-1143.4210192311928,-150.5118457103414
IT,2023-11-01,655495.6666666666,1.0,1.7374283805010218,4.5,-18108.537254378956,0.160201,-1130.3635591774682,-145.82408592471506
IT,2023-12-01,653933.6666666666,1.0,1.7560167982205352,4.5,-17943.82996411385,0.160201,-1120.0822694061742,-141.2148691310507
IT,2024-01-01,649648.111111111,1.0,1.7659626059862386,4.5,-17761.622287281843,0.160201,-1108.7085778042488,-139.62313203695805
IT,2024-02-01,648125.4444444445,1.0,1.784745962751983,4.5,-17598.252296709434,0.160201,-1098.5107643965664,-138.81004823362844
IT,2024-03-01,644493.7777777778,1.0,1.7979855251885872,4.5,-17414.315164814456,0.160201,-1087.0291174720792,-136.9012643889232
IT,2024-04-01,641529.5555555555,1.0,1.8118856324491992,4.5,-17245.048154973687,0.160201,-1076.4632027873538,-137.85850248928227
IT,2024-05-01,635717.3333333333,1.0,1.8201385728836479,4.5,-17036.34360149268,0.160201,-1063.4355342034496,-132.05202085790427
IT,2024-06-01,637269.5555555555,1.0,1.84901522639775,4.341666666666667,-15884.908754950879,0.160201,-991.5611484916374,-115.52211045269803
IT,2024-07-01,632330.5555555555,1.0,1.8566086754254858,4.25,-15134.144659300495,0.160201,-944.6972652667896,-103.76535562524305
IT,2024-08-01,627999.8888888889,1.0,1.864960877735916,4.25,-14978.04303777498,0.160201,-934.9531549600177,-101.01263540622392
IT,2024-09-01,617552.6666666666,1.0,1.867792142109235,3.99,-13105.751218613963,0.160201,-818.0817359825446,-60.45589120204477
IT,2024-10-01,614615.7777777778,1.0,1.8780959489614018,3.577419354838709,-10444.309767992636,0.160201,-651.9503478750217,-11.256161273006455
IT,2024-11-01,608573.2222222222,1.0,1.881615365620536,3.4,-9240.482295170212,0.160201,-576.8055314991924,10.687111253094713
IT,2024-12-01,596256.8888888889,1.0,1.8816083787465918,3.287096774193548,-8380.321380386384,0.160201,-523.112925661287,28.884328183881962
IT,2025-01-01,592722.6666666666,1.0,1.8910193325063962,3.0,-6573.179785185888,0.160201,-410.30828678883955,62.59724558262286
IT,2025-02-01,584529.5555555555,1.0,1.8909829505916136,2.7857142857142856,-5229.969096608842,0.160201,-326.4629494577963,85.66792834166966
IT,2025-03-01,574672.7777777778,1.0,1.8909072460319558,2.588709677419355,-4010.0806158548385,0.160201,-250.31557954412511,104.75080445061519
IT,2025-04-01,571238.7777777778,1.0,1.899651244080945,2.433333333333333,-3048.599043864251,0.160201,-190.29837790427345,119.59723955477423
IT,2025-05-01,565803.7777777778,1.0,1.9027320057159964,2.25,-1964.8554306720096,0.160201,-122.64938612568022,136.39817718740687
IT,2025-06-01,556361.3333333333,1.0,1.9025598309401195,2.083333333333333,-1005.753868228248,0.160201,-62.78074844902642,150.34316456525488
IT,2025-07-01,549396.2222222222,1.0,1.902539957132345,2.0,-535.4417936910554,0.160201,-33.423124305781826,153.51591671444828
IT,2025-08-01,544024.4444444445,1.0,1.9049078073409702,2.0,-517.3247728233276,0.160201,-32.29223118603053,150.10118796952193
IT,2025-09-01,540055.4444444445,1.0,1.9107863582190343,2.0,-481.8031296252689,0.160201,-30.07491399087827,147.32542720279386
IT,2025-10-01,540055.4444444445,1.0,1.925440046836145,2.0,-402.6650864366267,0.160201,-25.134992068503113,146.86760168637463
IT,2025-11-01,533179.2222222222,1.0,1.9254063190877864,2.0,-397.7180077146669,0.160201,-24.826187584014264,143.03038717989915
IT,2025-12-01,524345.8888888889,1.0,1.925251624174862,2.0,-391.9400356503268,0.160201,-24.465517421884186,139.0155487991281
IT,2026-01-01,520475.0,1.0,1.9307839188201,2.0,-360.2523985210849,0.158307,-22.756567841035764,137.78028994505328
IT,2026-02-01,513074.8888888889,1.0,1.9307710460845926,2.0,-355.19637838041655,0.158307,-22.437187135149838,133.94052646676278
IT,2026-03-01,505024.0,1.0,1.9305722686431555,2.0,-350.6267060075906,0.158307,-22.14852823991299,129.2272188558587
IT,2026-04-01,494135.44444444444,1.0,1.930947489975104,2.0,-341.21292731156433,0.158307,-21.553874895713033,124.41883633600843
IT,2026-05-01,494001.1111111111,1.0,1.9500203609101663,2.0,-246.8999724331018,0.158307,-15.596276376477464,124.52520965081463
IT,2026-06-01,484477.6666666666,1.0,1.9498581953150713,2.1166666666666667,-808.1497898065443,0.158307,-51.04952969903695,109.95311570782869
IT,2026-07-01,478319.5555555555,1.0,1.9498703290828108,2.25,-1435.5789080214508,0.158307,-90.68322361117643,94.10530018783462
IT,2026-08-01,472441.1111111111,1.0,1.9509120161274724,2.25,-1413.0145942071902,0.158307,-89.25787199600714,90.4140613857428
LT,2015-03-01,34.666666666666664,1.0,0.8422013635071265,0.05,0.2746298060158038,0.005902,0.4653165130732019,-1.2915783988706524
LT,2015-04-01,108.44444444444444,1.0,0.44658599724750364,0.05,0.430075481459515,0.005902,0.7286944789215773,-3.079240895213854
LT,2015-05-01,217.77777777777777,1.0,0.5108897082553916,0.05,1.003715364645075,0.005902,1.7006359956710857,-5.953848596410381
LT,2015-06-01,336.0,1.0,0.6286210858556764,0.05,1.9441668484750727,0.005902,3.2940814104965646,-9.194419527488016
LT,2015-07-01,448.0,1.0,0.7286373990785301,0.05,3.0402955478718146,0.005902,5.151297099071186,-11.212138776496321
LT,2015-08-01,575.1111111111111,1.0,0.8030579147059058,0.05,4.330919740575298,0.005902,7.33805445709132,-11.85476854923072
LT,2015-09-01,686.2222222222222,1.0,0.8415556680016488,0.05,5.43183089508687,0.005902,9.203373254976059,-13.405825075011135
LT,2015-10-01,787.5555555555555,1.0,0.8695470797550591,0.05,6.454388557004287,0.005902,10.93593452559181,-15.294665066225276
LT,2015-11-01,891.5555555555555,1.0,0.8794882223153795,0.05,7.3953483287317825,0.005902,12.530241153391701,-17.446630912336495
LT,2015-12-01,984.0,1.0,0.8836472335957789,0.05,8.203088778582464,0.005902,13.89882883528035,-18.47666389299725
LT,2016-01-01,1080.888888888889,1.0,0.8897910936331365,0.05,9.077208620959057,0.005902,15.379885836935033,-20.105906745952907
LT,2016-02-01,1177.7777777777776,1.0,0.8997967159462696,0.05,10.008716876700507,0.005902,16.95817837461963,-21.249885381656394
LT,2016-03-01,1288.888888888889,1.0,0.9117915768694466,0.0241935483870967,11.440152367105844,0.005902,19.383518073713727,-22.249400270095695
LT,2016-04-01,1381.3333333333333,1.0,0.913034959758119,0.0,12.612056244125483,0.005902,21.36912274504487,-24.67951325724664
LT,2016-05-01,1481.7777777777776,1.0,0.8786919595588584,0.0,13.02026219186326,0.005902,22.06076277848739,-27.539014351426676
LT,2016-06-01,1575.111111111111,1.0,0.8547720766319293,0.0,13.4636099537047,0.005902,22.81194502491477,-29.906957874368544
LT,2016-07-01,1639.111111111111,1.0,0.8392668899068061,0.0,13.756516844339114,0.005902,23.30822915001544,-31.00036447013588
LT,2016-08-01,1681.7777777777776,1.0,0.8286235100215226,0.0,13.935606052984182,0.005902,23.61166732122023,-31.573482907826914
LT,2016-09-01,1746.6666666666665,1.0,0.8100513236295478,0.0,14.148896452729435,0.005902,23.9730539693823,-32.550989214744504
LT,2016-10-01,1857.7777777777776,1.0,0.7502777682555706,0.0,13.938493650259042,0.005902,23.616559895389766,-34.844539100047385
LT,2016-11-01,1945.7777777777776,1.0,0.7024568116077242,0.0,13.668248538749406,0.005902,23.158672549558464,-38.60836617093311
LT,2016-12-01,2012.4444444444443,1.0,0.6628825199166596,0.0,13.340142445256154,0.005902,22.602748975357766,-41.693005057755656
LT,2017-01-01,2074.6666666666665,1.0,0.6281750216322695,0.0,13.032537782130817,0.005902,22.08156181316641,-45.368182815912824
LT,2017-02-01,2132.4444444444443,1.0,0.5962060686745488,0.0,12.713763188891045,0.005902,21.54144898151651,-49.46773284763232
LT,2017-03-01,2199.111111111111,1.0,0.5644939326232559,0.0,12.413848793866089,0.005902,21.03329175511028,-53.5524651120748
LT,2017-04-01,2249.777777777778,1.0,0.5404785127880724,0.0,12.159565474369877,0.005902,20.60244912634679,-56.46971144131998
LT,2017-05-01,2296.0,1.0,0.5185230482974146,0.0,11.90528918890864,0.005902,20.17161841563646,-59.20234651977026
LT,2017-06-01,2329.777777777778,1.0,0.5019594875973197,0.0,11.694540595489554,0.005902,19.814538453896226,-61.306058656328595
LT,2017-07-01,2382.222222222222,1.0,0.48023691627347714,0.0,11.4403105387815,0.005902,19.383786070453233,-64.34165322307786
LT,2017-08-01,2385.777777777778,1.0,0.47214464384556437,0.0,11.264321991835509,0.005902,19.08560147718656,-66.4449113392664
LT,2017-09-01,2411.555555555555,1.0,0.45868571389127166,0.0,11.06146081588462,0.005902,18.741885489469027,-68.7538873443769
LT,2017-10-01,2464.8888888888887,1.0,0.43898335162123414,0.0,10.820451858183842,0.005902,18.33353415483538,-71.10007468563943
LT,2017-11-01,2526.222222222222,1.0,0.41844847772112803,0.0,10.570938432741741,0.005902,17.910773352663064,-72.95429376657589
LT,2017-12-01,2581.333333333333,1.0,0.40131185344842624,0.0,10.359196643682042,0.005902,17.552010578925856,-74.7001841301991
LT,2018-01-01,2645.333333333333,1.0,0.38387963913899054,0.0,10.154896054023428,0.005902,17.205855733689305,-76.01992802087948
LT,2018-02-01,2466.6666666666665,1.0,0.38387963913899054,0.0,9.469031098761766,0.005902,16.043766687159888,-78.52878603482063
LT,2018-03-01,2469.333333333333,1.0,0.3808221974779482,0.0,9.403769463055466,0.005902,15.93319122849113,-79.79850036476438
LT,2018-04-01,2506.6666666666665,1.0,0.37367522759794786,0.0,9.36679237178856,0.005902,15.870539430343204,-80.98292058442873
LT,2018-05-01,2484.4444444444443,1.0,0.37332900643438655,0.0,9.275151759858758,0.005902,15.71526899332219,-82.40195943060311
LT,2018-06-01,2538.6666666666665,1.0,0.3650639303303816,0.0,9.26775631132062,0.005902,15.702738582379903,-83.89379926063239
LT,2018-07-01,2576.0,1.0,0.35864702787044056,0.0,9.238747437942548,0.005902,15.653587661712212,-85.02961271831235
LT,2018-08-01,2612.4444444444443,1.0,0.35222922332666223,0.0,9.201792776507203,0.005902,15.59097386734531,-86.25421904197144
LT,2018-09-01,2757.333333333333,1.0,0.3401031596951719,0.0,9.377777789994873,0.005902,15.889152473729029,-87.18088103443863
LT,2018-10-01,2768.8888888888887,1.0,0.33746695640634417,0.0,9.344085059606773,0.005902,15.832065502552984,-88.8776049234867
LT,2018-11-01,2793.777777777778,1.0,0.3339980454916549,0.0,9.331163173157968,0.005902,15.810171421819666,-90.11695290310863
LT,2018-12-01,2812.4444444444443,1.0,0.33105665952747176,0.0,9.310784628843738,0.005902,15.77564322067729,-91.53177965996025
LT,2019-01-01,2832.0,1.0,0.3280764007743645,0.0,9.291123669930002,0.005902,15.742330853829213,-92.16611711641706
LT,2019-02-01,2841.777777777778,1.0,0.32576259001376445,0.0,9.257448891324488,0.005902,15.685274299092658,-92.24301750238122
LT,2019-03-01,2854.222222222222,1.0,0.32365709437952295,0.0,9.237892711579095,0.005902,15.652139463875116,-92.47083340237441
LT,2019-04-01,2817.777777777778,1.0,0.32365709437952295,0.0,9.119937681627446,0.005902,15.452283432103432,-92.5353531644835
LT,2019-05-01,2854.222222222222,1.0,0.3197783727800163,0.0,9.127185377747843,0.005902,15.464563500081061,-92.06547895387938
LT,2019-06-01,2855.111111111111,1.0,0.31853078634311277,0.0,9.094407873191805,0.005902,15.40902723346629,-91.29693348866137
LT,2019-07-01,2956.4444444444443,1.0,0.31466571296676615,0.0,9.30291698957746,0.005902,15.762312757671058,-90.08814361878056
LT,2019-08-01,2973.333333333333,1.0,0.3136941203952935,0.0,9.32717184642006,0.005902,15.803408753676818,-88.5628321426691
LT,2019-09-01,3088.8888888888887,1.0,0.3114519396651436,0.0,9.620404358545546,0.005902,16.300244592588182,-86.54229627321388
LT,2019-10-01,3160.8888888888887,1.0,0.31059253104546913,0.0,9.817484803535006,0.005902,16.63416605139784,-84.85728759326939
LT,2019-11-01,3228.4444444444443,1.0,0.30958834060624085,0.0,9.994887582949927,0.005902,16.934746836580693,-83.6314904815091
LT,2019-12-01,3293.333333333333,1.0,0.308505528727026,0.0,10.160115412743389,0.005902,17.214699106647558,-82.45915433270633
LT,2020-01-01,3358.222222222222,1.0,0.30732206871855916,0.0,10.320558005499702,0.005902,17.486543553879535,-81.08419155285239
LT,2020-02-01,3390.222222222222,1.0,0.30652116308794247,0.0,10.391748586821445,0.005902,17.607164667606646,-79.71406284492866
LT,2020-03-01,3412.4444444444443,1.0,0.30603430121966724,0.0,10.44325051006491,0.005902,17.694426482658265,-74.4298723040508
LT,2020-04-01,4033.222222222222,1.0,0.30158183274737765,0.0,12.16346549655229,0.005902,20.60905709344678,-75.36027617460047
LT,2020-05-01,4492.666666666666,1.0,0.2961684148877416,0.0,13.305859652856602,0.005902,22.544662237981363,-77.15072454910552
LT,2020-06-01,4924.555555555555,1.0,0.27671658122698667,0.0,13.62706177395697,0.005902,23.088888129374737,-72.56705825119825
LT,2020-07-01,5222.333333333333,1.0,0.2661453654222096,0.0,13.898998133565861,0.005902,23.549641026035005,-71.86989988576278
LT,2020-08-01,5608.888888888889,1.0,0.2614331429076139,0.0,14.663494504418166,0.005902,24.844958496133792,-69.55664077354027
LT,2020-09-01,5811.111111111111,1.0,0.25783166006239905,0.0,14.982884245848302,0.005902,25.386113598523043,-67.7725161571077
LT,2020-10-01,5914.666666666666,1.0,0.25576239840398945,0.0,15.127493324267961,0.005902,25.631130674801692,-64.95172854537608
LT,2020-11-01,6057.777777777777,1.0,0.25324204804226036,0.0,15.340840510293372,0.005902,25.99261353828087,-61.57736430317741
LT,2020-12-01,6206.0,1.0,0.25076401875428356,0.0,15.562415003890838,0.005902,26.368036265487692,-58.27218330946825
LT,2021-01-01,6355.555555555556,1.0,0.2487842332219327,0.0,15.811620155882833,0.005902,26.790274747344682,-55.2958438650697
LT,2021-02-01,6445.333333333333,1.0,0.24830757164100825,0.0,16.00425068416845,0.005902,27.116656530275243,-53.19012020183815
LT,2021-03-01,6628.111111111111,1.0,0.24657537195387774,0.0,16.34328962573852,0.005902,27.691104076141173,-51.31214618905214
LT,2021-04-01,6782.222222222222,1.0,0.24490357799486684,0.0,16.609904889785188,0.005902,28.142841222950164,-49.4660918176841
LT,2021-05-01,6881.888888888889,1.0,0.2442944252907789,0.0,16.81207091026108,0.005902,28.48537938031359,-49.202307671321606
LT,2021-06-01,7008.777777777777,1.0,0.24313436951320866,0.0,17.040747660581875,0.005902,28.87283575157891,-48.29688188531774
LT,2021-07-01,7182.777777777777,1.0,0.2417478205350031,0.0,17.364208731650304,0.005902,29.42088907429736,-46.69250043467602
LT,2021-08-01,7228.333333333333,1.0,0.24149384153676354,0.0,17.455979845749056,0.005902,29.576380626480944,-44.29668211891429
LT,2021-09-01,7442.444444444444,1.0,0.24056182410498483,0.0,17.903680113555662,0.005902,30.334937501788648,-42.55169846970057
LT,2021-10-01,7579.777777777777,1.0,0.23966390957033154,0.0,18.16599175896542,0.005902,30.77938285151714,-42.45908736566865
LT,2021-11-01,7760.222222222222,1.0,0.23819582373595485,0.0,18.484525245962843,0.005902,31.319087166999054,-42.014305421722895
LT,2021-12-01,7869.222222222222,1.0,0.2370420261176008,0.0,18.653363795252048,0.005902,31.605157226790997,-41.70920446159025
LT,2022-01-01,8105.888888888889,1.0,0.23489071470019054,0.0,19.039980343914443,0.005902,32.26021745834368,-43.17021464633998
LT,2022-02-01,8207.888888888889,1.0,0.23358379347444433,0.0,19.172298230834084,0.005902,32.48440906613704,-47.418107578727295
LT,2022-03-01,8231.0,1.0,0.23289435889662097,0.0,19.16953468078087,0.005902,32.479726670248844,-52.12633780354563
LT,2022-04-01,8361.777777777777,1.0,0.23136041281982167,0.0,19.345843585742774,0.005902,32.77845405920497,-58.78348777583104
LT,2022-05-01,8366.222222222223,1.0,0.23081833741046995,0.0,19.310775037398606,0.005902,32.71903598339309,-64.5530791325044
LT,2022-06-01,8455.11111111111,1.0,0.229659858035746,0.0,19.41799617454236,0.005902,32.90070514154923,-73.59951438424994
LT,2022-07-01,8512.333333333332,1.0,0.2287447148820018,0.0806451612903225,12.60672766690238,0.005902,21.360094318709553,-71.28114198346942
LT,2022-08-01,8549.555555555555,1.0,0.22791668170557755,0.5,-23.261914454980698,0.005902,-39.41361310569416,-19.46333852416305
LT,2022-09-01,8469.333333333332,1.0,0.22792914552996796,0.925,-59.037254234581916,0.005902,-100.0292345553743,31.011855967955853
LT,2022-10-01,8519.888888888889,1.0,0.226969471847168,1.25,-87.16106429803445,0.005902,-147.68055624878758,64.62813040411297
LT,2022-11-01,8551.777777777777,1.0,0.2589734124786449,1.975,-146.75078037240957,0.005902,-248.64584949578034,157.28261366425392
LT,2022-12-01,8582.555555555555,1.0,0.2904750096325086,2.177419354838709,-161.94804672973615,0.005902,-274.3951994743072,179.88091977098094
LT,2023-01-01,8690.666666666666,1.0,0.34469272927040134,2.5,-187.31057054154033,0.005902,-317.3679609311086,217.99763002554863
LT,2023-02-01,8740.777777777777,1.0,0.38117930238273784,2.875,-217.97932535495238,0.005902,-369.33128660615444,261.2334707297856
LT,2023-03-01,8793.777777777777,1.0,0.4180880695964485,3.161290322580645,-241.2311101224236,0.005902,-408.727736567983,291.3008365951232
LT,2023-04-01,8689.666666666666,1.0,0.4275328250219638,3.5,-266.9871559483414,0.005902,-452.36725846889425,331.9302215460396
LT,2023-05-01,8724.11111111111,1.0,0.4586747277668009,3.6774193548387095,-280.80685764867223,0.005902,-475.7825443047648,350.0128581999465
LT,2023-06-01,8662.777777777777,1.0,0.4631816548496684,3.8333333333333335,-291.9487506810877,0.005902,-494.66070938849145,366.02058100884153
LT,2023-07-01,8676.777777777777,1.0,0.488699727786518,4.0,-304.66772173047,0.005902,-516.2109822610471,373.32539867523633
LT,2023-08-01,8488.888888888889,1.0,0.4887784613014068,4.241935483870968,-318.60132947146053,0.005902,-539.8192637605227,407.88744240720655
LT,2023-09-01,8498.888888888889,1.0,0.5127396932813653,4.341666666666667,-325.41624910471296,0.005902,-551.3660608348237,413.3051485375778
LT,2023-10-01,8521.888888888889,1.0,0.5400885593592974,4.5,-337.45925306979996,0.005902,-571.7710150284648,421.13815849238654
LT,2023-11-01,8534.888888888889,1.0,0.5646085813791258,4.5,-335.88128492215975,0.005902,-569.0973990548284,415.44207419792474
LT,2023-12-01,8543.888888888889,1.0,0.5879128131795325,4.5,-334.24438247839987,0.005902,-566.3239282927818,412.54347198234166
LT,2024-01-01,8284.222222222223,1.0,0.587997831146031,4.5,-324.0789530060158,0.005902,-549.1002253575326,419.9852204097581
LT,2024-02-01,8325.222222222223,1.0,0.6194690089215624,4.5,-323.06282840948234,0.005902,-547.3785638927183,412.3221522702197
LT,2024-03-01,8366.222222222223,1.0,0.6507127543377255,4.5,-322.0399249437629,0.005902,-545.6454167125769,404.4824363705791
LT,2024-04-01,8194.888888888889,1.0,0.6510389246781217,4.5,-315.41808349921087,0.005902,-534.4257599105572,404.17894038751433
LT,2024-05-01,8244.888888888889,1.0,0.6843103681236421,4.5,-314.59937049305915,0.005902,-533.0385809777349,398.34493236781043
LT,2024-06-01,7901.777777777777,1.0,0.68418324715203,4.341666666666667,-289.0062120691143,0.005902,-489.6750458643075,386.36399217463185
LT,2024-07-01,7925.777777777777,1.0,0.7099129987437929,4.25,-280.5794288595642,0.005902,-475.39720240522564,365.5347072363209
LT,2024-08-01,7781.666666666666,1.0,0.7100343583002874,4.25,-275.4683263515993,0.005902,-466.7372523747869,367.2032671790069
LT,2024-09-01,7793.666666666666,1.0,0.7321481786644035,3.99,-253.90611144882524,0.005902,-430.2035097404697,327.42233504003013
LT,2024-10-01,7809.666666666666,1.0,0.7551910546003137,3.577419354838709,-220.40662282095118,0.005902,-373.443955982635,267.2502306193803
LT,2024-11-01,7702.222222222222,1.0,0.7554025114341669,3.4,-203.6927754526484,0.005902,-345.1250007669407,242.36764198534644
LT,2024-12-01,7707.222222222222,1.0,0.7753969041306513,3.287096774193548,-193.58229054101423,0.005902,-327.9943926482789,224.00286119689008
LT,2025-01-01,7707.222222222222,1.0,0.7939778419256925,3.0,-170.0230299942492,0.005902,-288.0769738974063,184.82855847405614
LT,2025-02-01,7707.222222222222,1.0,0.8124999455555842,2.7857142857142856,-152.080014116787,0.005902,-257.6753882019434,154.45548959752256
LT,2025-03-01,7706.222222222222,1.0,0.8305385011095029,2.588709677419355,-135.48857789349566,0.005902,-229.56383919602786,125.50254479871245
LT,2025-04-01,7706.222222222222,1.0,0.8486050143493148,2.433333333333333,-122.12268587939508,0.005902,-206.91746167298385,102.97815578606384
LT,2025-05-01,7309.222222222222,1.0,0.8489324135593627,2.25,-102.4071433764716,0.005902,-173.51261161720024,85.53495169588686
LT,2025-06-01,7309.222222222222,1.0,0.8664888462467908,2.083333333333333,-88.94186766001556,0.005902,-150.69784422232388,62.42606879195742
LT,2025-07-01,7309.222222222222,1.0,0.8839344375277687,2.0,-81.57571210678977,0.005902,-138.21706558249704,48.72197543773305
LT,2025-08-01,7218.222222222222,1.0,0.8836538648322251,2.0,-80.58034480559924,0.005902,-136.5305740521844,45.86284510336807
LT,2025-09-01,7211.666666666666,1.0,0.8992403349162016,2.0,-79.38311784695992,0.005902,-134.50206344791582,42.8982777457563
LT,2025-10-01,6867.777777777777,1.0,0.8994414707652927,2.0,-75.58391410221917,0.005902,-128.06491715048995,43.9376766043878
LT,2025-11-01,6716.666666666666,1.0,0.8995323798594731,2.0,-73.91474181943872,0.005902,-125.23677028030957,42.61980448360384
LT,2025-12-01,6716.666666666666,1.0,0.9162955263782541,2.0,-72.78881714492725,0.005902,-123.32907005240129,40.15199616861101
LT,2026-01-01,6551.666666666666,1.0,0.9164022550066624,2.0,-70.99371225948016,0.005832,-121.73133103477393,38.80552675131513
LT,2026-02-01,6551.666666666666,1.0,0.9329116550967634,2.0,-69.91207139691039,0.005832,-119.87666563256239,36.50104796935021
LT,2026-03-01,6551.666666666666,1.0,0.9494177699595976,2.0,-68.83064577148036,0.005832,-118.02236929266179,33.35337780310989
LT,2026-04-01,6551.666666666666,1.0,0.9658650788740795,2.0,-67.75307291576655,0.005832,-116.17467921084798,29.798032020873478
LT,2026-05-01,6551.666666666666,1.0,0.9822795025897787,2.0,-66.67765458865965,0.005832,-114.33068345106248,25.79080257622961
LT,2026-06-01,6352.777777777777,1.0,0.982489268623706,2.1166666666666667,-72.05176970345141,0.005832,-123.5455584764256,37.45708693044004
LT,2026-07-01,6352.777777777777,1.0,0.9986011422935892,2.25,-79.49858854373781,0.005832,-136.31445223549005,48.474071563520994
LT,2026-08-01,6304.777777777777,1.0,1.0077238075358488,2.25,-78.3227533211037,0.005832,-134.29827387020524,45.3736595115447
LU,2015-03-01,162.66666666666666,1.0,-0.09227840989206651,0.05,-0.23143954675776154,0.00364,-0.6358229306531911,-2.3927178425970457
LU,2015-04-01,344.88888888888886,1.0,-0.11673056414629325,0.05,-0.5750351901223268,0.00364,-1.5797670058305684,-5.387702379966
LU,2015-05-01,419.55555555555554,1.0,-0.08004396639612588,0.05,-0.5456066856797458,0.00364,-1.4989194661531478,-9.153404058234614
LU,2015-06-01,651.5555555555555,1.0,0.00794087880330613,0.05,-0.2740385407749032,0.00364,-0.7528531339969868,-13.241354071981569
LU,2015-07-01,722.6666666666666,1.0,0.010391157665888918,0.05,-0.2862399006011761,0.00364,-0.7863733532999344,-17.14980922886744
LU,2015-08-01,799.1111111111111,1.0,0.004161942431706854,0.05,-0.36629701114573815,0.00364,-1.0063104701805994,-20.199133476502638
LU,2015-09-01,921.7777777777777,1.0,-0.0066667952675552,0.05,-0.5223419261551533,0.00364,-1.4350052916350367,-24.04420362162223
LU,2015-10-01,927.1111111111111,1.0,-0.009857135412603933,0.05,-0.5549421532030747,0.00364,-1.524566354953502,-27.75516594677059
LU,2015-11-01,953.7777777777777,1.0,-0.021600049988259682,0.05,-0.6829053656658012,0.00364,-1.8761136419390143,-31.85298570766721
LU,2015-12-01,991.1111111111111,1.0,-0.03531257262695188,0.05,-0.8455423864804564,0.00364,-2.3229186441770784,-34.69841137245468
LU,2016-01-01,1141.3333333333333,1.0,-0.006082670213096414,0.05,-0.6400902093654737,0.00364,-1.7584895861688838,-37.244282169056824
LU,2016-02-01,1239.111111111111,1.0,-0.009418409797619886,0.05,-0.7362601178478411,0.00364,-2.022692631450113,-40.23075638772614
LU,2016-03-01,1367.111111111111,1.0,-0.01322959037487943,0.0241935483870967,-0.5116158881415047,0.00364,-1.405538154234903,-43.038456498044326
LU,2016-04-01,1398.2222222222222,1.0,-0.016604722005603267,0.0,-0.23217091302056833,0.00364,-0.637832178627935,-46.68646818091944
LU,2016-05-01,1412.4444444444443,1.0,-0.01888880456298487,0.0,-0.26679387067184845,0.00364,-0.7329501941534299,-50.3327273240675
LU,2016-06-01,1435.5555555555554,1.0,-0.02463510242253016,0.0,-0.3536505814434329,0.00364,-0.9715675314380026,-53.69047043072132
LU,2016-07-01,1440.888888888889,1.0,-0.03067095939509002,0.0,-0.4419344460394749,0.00364,-1.2141056209875685,-55.52269924113889
LU,2016-08-01,1440.888888888889,1.0,-0.03599516406356924,0.0,-0.5186503195292955,0.00364,-1.4248635151903724,-56.61001374423752
LU,2016-09-01,1449.7777777777776,1.0,-0.04396431708713446,0.0,-0.6373848992810338,0.00364,-1.7510574156072358,-58.27510059973404
LU,2016-10-01,1452.4444444444443,1.0,-0.04918059493782731,0.0,-0.7143208189191984,0.00364,-1.9624198321956001,-60.42351882763275
LU,2016-11-01,1519.111111111111,1.0,-0.06183858295651269,0.0,-0.9393967846460461,0.00364,-2.580760397379248,-64.34779911787082
LU,2016-12-01,1549.3333333333333,1.0,-0.0696483568163528,0.0,-1.0790852082746927,0.00364,-2.9645198029524527,-67.26027383606588
LU,2017-01-01,1558.2222222222222,1.0,-0.07371555867868763,0.0,-1.1486522165665725,0.00364,-3.155637957600474,-70.60538258667971
LU,2017-02-01,1624.0,1.0,-0.0789160906844905,0.0,-1.2815973127161258,0.00364,-3.520871738231115,-74.53005356737995
LU,2017-03-01,1683.5555555555554,1.0,-0.07932257637822146,0.0,-1.335439641425346,0.00364,-3.6687902236960057,-78.25454709088109
LU,2017-04-01,1727.111111111111,1.0,-0.08208371220346662,0.0,-1.4176769138785392,0.00364,-3.894716796369613,-80.96687736403638
LU,2017-05-01,1799.111111111111,1.0,-0.08171202019345042,0.0,-1.4700900344137213,0.00364,-4.038708885751982,-83.4126738211587
LU,2017-06-01,1848.8888888888887,1.0,-0.08213565480472183,0.0,-1.5185969955006344,0.00364,-4.171969767858886,-85.2925668780837
LU,2017-07-01,1903.111111111111,1.0,-0.07644897016639392,0.0,-1.4549088455666612,0.00364,-3.9970023229853333,-87.72244161651642
LU,2017-08-01,1944.8888888888887,1.0,-0.07573636151277222,0.0,-1.4729880799106274,0.00364,-4.046670549205021,-89.57718336565797
LU,2017-09-01,1993.7777777777776,1.0,-0.07618318305236857,0.0,-1.5189233741018904,0.00364,-4.1728664123678305,-91.66863924621376
LU,2017-10-01,2028.4444444444443,1.0,-0.07632858193051593,0.0,-1.5482828796927766,0.00364,-4.253524394760375,-93.68713323523518
LU,2017-11-01,2055.111111111111,1.0,-0.07815061196565194,0.0,-1.6060819099074424,0.00364,-4.412312939306161,-95.2773800585451
LU,2017-12-01,2120.0,1.0,-0.07936012610328143,0.0,-1.6824346733895663,0.00364,-4.622073278542764,-96.87426798766774
LU,2018-01-01,2144.0,1.0,-0.07629809507783687,0.0,-1.6358311584688225,0.00364,-4.494041644145117,-97.7198253987139
LU,2018-02-01,2166.222222222222,1.0,-0.07012279733132455,0.0,-1.5190156186350037,0.00364,-4.173119831414845,-98.74567255339537
LU,2018-03-01,2190.222222222222,1.0,-0.06602626619894343,0.0,-1.4461219547928588,0.00364,-3.9728625131671946,-99.7045541064227
LU,2018-04-01,2225.777777777778,1.0,-0.06284560000239844,0.0,-1.3988033991644953,0.00364,-3.842866481221141,-100.69632649599306
LU,2018-05-01,2235.5555555555557,1.0,-0.06168364816897715,0.0,-1.3789722235109116,0.00364,-3.7883852294255815,-101.90561365335088
LU,2018-06-01,2240.0,1.0,-0.06206857494172316,0.0,-1.3903360786945986,0.00364,-3.819604611798348,-103.41614245481065
LU,2018-07-01,2245.333333333333,1.0,-0.06310859998149203,0.0,-1.416998431584434,0.00364,-3.8928528340231705,-104.57605321404773
LU,2018-08-01,2286.222222222222,1.0,-0.06489958180007602,0.0,-1.4837486612426267,0.00364,-4.076232585831392,-105.92142549514814
LU,2018-09-01,2305.777777777778,1.0,-0.06525283599077562,0.0,-1.504585391645084,0.00364,-4.133476350673308,-107.20350985884096
LU,2018-10-01,2309.333333333333,1.0,-0.06500492974049724,0.0,-1.5011805108072158,0.00364,-4.124122282437407,-108.83379270847709
LU,2018-11-01,2316.4444444444443,1.0,-0.06615438439796029,0.0,-1.5324295621429733,0.00364,-4.209971324568608,-110.1370956494969
LU,2018-12-01,2322.6666666666665,1.0,-0.06774454850157015,0.0,-1.5734800465298024,0.00364,-4.322747380576381,-111.63017026121392
LU,2019-01-01,2324.4444444444443,1.0,-0.07030012815970574,0.0,-1.6340874234456044,0.00364,-4.4892511633121,-112.39769913355838
LU,2019-02-01,2326.222222222222,1.0,-0.07383868023042262,0.0,-1.7176517881156976,0.00364,-4.718823593724444,-112.64711539519831
LU,2019-03-01,2328.0,1.0,-0.07842681140262055,0.0,-1.8257761694530064,0.00364,-5.015868597398369,-113.13884146364789
LU,2019-04-01,2334.222222222222,1.0,-0.08462790907323489,0.0,-1.975403459789465,0.00364,-5.42693258183919,-113.41456917842612
LU,2019-05-01,2336.0,1.0,-0.09189644685643693,0.0,-2.1467009985663665,0.00364,-5.897530215841666,-113.4275726698021
LU,2019-06-01,2336.8888888888887,1.0,-0.10115822256552169,0.0,-2.363955263331169,0.00364,-6.494382591569146,-113.2003433136968
LU,2019-07-01,2352.0,1.0,-0.11559940106735503,0.0,-2.71889791310419,0.00364,-7.469499761275248,-113.31995613772686
LU,2019-08-01,2354.6666666666665,1.0,-0.13013203594616157,0.0,-3.064175673078951,0.00364,-8.418065035931184,-112.78430593227709
LU,2019-09-01,2376.0,1.0,-0.14841710722603946,0.0,-3.5263904676906974,0.00364,-9.687885900249169,-112.53042676605124
LU,2019-10-01,2379.555555555555,1.0,-0.16003711616111044,0.0,-3.808172088562601,0.00364,-10.462011232314838,-111.95346487698207
LU,2019-11-01,2407.111111111111,1.0,-0.17369261011761236,0.0,-4.180974117319948,0.00364,-11.48619262999986,-112.05242994808965
LU,2019-12-01,2417.777777777778,1.0,-0.18390615041017594,0.0,-4.446442036583809,0.00364,-12.21550010050497,-111.88935353985886
LU,2020-01-01,2488.8888888888887,1.0,-0.20284103208637513,0.0,-5.048487909705337,0.00364,-13.869472279410266,-112.44020738614219
LU,2020-02-01,2506.6666666666665,1.0,-0.21659545877269354,0.0,-5.429326166568851,0.00364,-14.915731226837503,-112.23695873937281
LU,2020-03-01,2583.4444444444443,1.0,-0.23623434522256895,0.0,-6.1029830675221675,0.00364,-16.766436998687272,-108.89073578539634
LU,2020-04-01,2768.0,1.0,-0.25781060687283824,0.0,-7.136197598240162,0.00364,-19.604938456703742,-115.57427172475099
LU,2020-05-01,2550.4444444444443,1.0,-0.29581890874256966,0.0,-7.544696923641048,0.00364,-20.727189350662222,-120.4225761377491
LU,2020-06-01,2834.777777777778,1.0,-0.32450412350473157,0.0,-9.198970781084684,0.00364,-25.27189775023265,-120.92784413080564
LU,2020-07-01,2996.333333333333,1.0,-0.3455843341431951,0.0,-10.354858598710603,0.00364,-28.447413732721436,-123.86695464451921
LU,2020-08-01,3160.6666666666665,1.0,-0.366542097975076,0.0,-11.5851739099989,0.00364,-31.827400851645333,-126.22900012131939
LU,2020-09-01,3347.777777777778,1.0,-0.3911213477418785,0.0,-13.093873563847556,0.00364,-35.972180120460315,-129.13080987609106
LU,2020-10-01,3646.6666666666665,1.0,-0.4216537049083618,0.0,-15.37630510565826,0.00364,-42.242596444116096,-132.82545566429388
LU,2020-11-01,3828.111111111111,1.0,-0.4394453789721343,0.0,-16.8224573796966,0.00364,-46.21554225191374,-133.785520093372
LU,2020-12-01,3924.8888888888887,1.0,-0.4501302925026673,0.0,-17.667113835960244,0.00364,-48.536027021868804,-133.17624659682474
LU,2021-01-01,4051.333333333333,1.0,-0.46148103232710264,0.0,-18.69613488967868,0.00364,-51.3630079386777,-133.4491265510921
LU,2021-02-01,4141.222222222223,1.0,-0.4690715736633314,0.0,-19.425296246673362,0.00364,-53.366198479871876,-133.67297521198526
LU,2021-03-01,4244.888888888889,1.0,-0.47684638659683554,0.0,-20.241599281717228,0.00364,-55.60878923548689,-134.6120395006802
LU,2021-04-01,4463.888888888889,1.0,-0.4871139331243692,0.0,-21.744224736968366,0.00364,-59.73688114551749,-137.34581418615176
LU,2021-05-01,4712.777777777777,1.0,-0.493675352523942,0.0,-23.265822308114444,0.00364,-63.91709425306166,-141.60478130469687
LU,2021-06-01,4878.888888888889,1.0,-0.49910277483727705,0.0,-24.35066982567204,0.00364,-66.89744457602208,-144.06716221291873
LU,2021-07-01,4973.333333333333,1.0,-0.5043414975009387,0.0,-25.08258380904668,0.00364,-68.90819727760078,-145.02158678657418
LU,2021-08-01,5042.111111111111,1.0,-0.5100535292236457,0.0,-25.717465669599797,0.00364,-70.65237821318625,-144.5254409585815
LU,2021-09-01,5164.444444444444,1.0,-0.5153261890025939,0.0,-26.613734738711738,0.00364,-73.1146558755817,-146.00129184707092
LU,2021-10-01,5244.0,1.0,-0.5145279349821674,0.0,-26.98184491046486,0.00364,-74.12594755622214,-147.36441777340792
LU,2021-11-01,5297.888888888889,1.0,-0.5133666058439742,0.0,-27.197592370273924,0.00364,-74.7186603578954,-148.05205294661735
LU,2021-12-01,5350.777777777777,1.0,-0.5117280309637374,0.0,-27.381429763467445,0.00364,-75.22370814139408,-148.53806982977534
LU,2022-01-01,5383.444444444444,1.0,-0.5073647469033913,0.0,-27.313699280240236,0.00364,-75.03763538527538,-150.46806748995903
LU,2022-02-01,5426.444444444444,1.0,-0.4919902704258967,0.0,-26.69757869673327,0.00364,-73.3449964195969,-153.24751306446123
LU,2022-03-01,5066.888888888889,1.0,-0.4928636085427018,0.0,-24.972851418626984,0.00364,-68.60673466655766,-153.21279914035213
LU,2022-04-01,5111.777777777777,1.0,-0.45398069948161157,0.0,-23.206484511501134,0.00364,-63.75407832829982,-155.31602016333582
LU,2022-05-01,5161.555555555555,1.0,-0.4087719635594864,0.0,-21.0989919946582,0.00364,-57.96426372158846,-155.23637883748594
LU,2022-06-01,5226.0,1.0,-0.34641710737420023,0.0,-18.103758031375705,0.00364,-49.735598987295894,-156.23581851309507
LU,2022-07-01,5277.555555555555,1.0,-0.30155128370213824,0.0806451612903225,-20.170629715835442,0.00364,-55.41381790064682,-148.0550542028258
LU,2022-08-01,5304.333333333333,1.0,-0.26519259981849647,0.5,-40.58836613637245,0.00364,-111.50650037464959,-91.55622579311847
LU,2022-09-01,5350.222222222223,1.0,-0.20486326510409264,0.925,-60.45019549032475,0.00364,-166.0719656327603,-35.030875109430156
LU,2022-10-01,5368.888888888889,1.0,-0.1525467955702898,1.25,-75.30117906884044,0.00364,-206.87137106824298,5.4373155846575685
LU,2022-11-01,5405.666666666666,1.0,-0.09483816877864659,1.975,-111.88855194361103,0.00364,-307.38613171321714,98.54233144681712
LU,2022-12-01,5421.111111111111,1.0,-0.047477640224457815,2.177419354838709,-120.61413821014656,0.00364,-331.3575225553477,122.91859668994044
LU,2023-01-01,5476.666666666666,1.0,0.019651150030314323,2.5,-135.84043868333976,0.00364,-373.1880183608235,162.17757259583374
LU,2023-02-01,5522.888888888889,1.0,0.08544670811989456,2.875,-154.06392880688057,0.00364,-423.2525516672543,207.31220566868575
LU,2023-03-01,5564.222222222223,1.0,0.14904984771706403,3.161290322580645,-167.6077538891316,0.00364,-460.46086233277913,239.5677108303271
LU,2023-04-01,5588.0,1.0,0.20106825144339663,3.5,-184.34430610934302,0.00364,-506.44040139929405,277.8570786156398
LU,2023-05-01,5623.666666666666,1.0,0.25656871436238143,3.6774193548387095,-192.3772371849204,0.00364,-528.5088933651659,297.2865091395454
LU,2023-06-01,5641.333333333333,1.0,0.304602575362341,3.8333333333333335,-199.06746449300357,0.00364,-546.8886387170428,313.7926516802902
LU,2023-07-01,5018.555555555555,1.0,0.30052384554431727,4.0,-185.66026607588864,0.00364,-510.0556760326611,379.4807049036223
LU,2023-08-01,5028.555555555555,1.0,0.3421733059520778,4.241935483870968,-196.10170765119466,0.00364,-538.7409550856996,408.96575108202967
LU,2023-09-01,5032.555555555555,1.0,0.38150317671799033,4.341666666666667,-199.29742772249486,0.00364,-547.5204058310298,417.1508035413716
LU,2023-10-01,5046.555555555555,1.0,0.42773398100152304,4.5,-205.50916701876864,0.00364,-564.5856236779358,428.32354984291555
LU,2023-11-01,5055.555555555555,1.0,0.46655636709729553,4.5,-203.91298366341448,0.00364,-560.20050456982,424.3389686829331
LU,2023-12-01,5060.555555555555,1.0,0.4955856323067286,4.5,-202.6456137517667,0.00364,-556.7187190982602,422.1486811768633
LU,2024-01-01,5060.555555555555,1.0,0.5231751332345954,4.5,-201.24943172981148,0.00364,-552.8830542027788,416.2023915645119
LU,2024-02-01,5060.555555555555,1.0,0.5543733188800171,4.5,-199.67063021289957,0.00364,-548.5456873980758,411.1550287648622
LU,2024-03-01,5060.555555555555,1.0,0.585881485677319,4.5,-198.07614192758498,0.00364,-544.1652250757829,405.96262800737304
LU,2024-04-01,5060.555555555555,1.0,0.6187509180433629,4.5,-196.41276604190557,0.00364,-539.5955111041362,399.0091891939353
LU,2024-05-01,5060.555555555555,1.0,0.6526555131014364,4.5,-194.6970051731056,0.00364,-534.8818823436967,396.50163100184864
LU,2024-06-01,5060.555555555555,1.0,0.6863216778372946,4.341666666666667,-184.98076390692637,0.00364,-508.1889118322153,367.85012620672404
LU,2024-07-01,5060.555555555555,1.0,0.7189971640971058,4.25,-178.6883601791081,0.00364,-490.9020884041431,350.02982123740344
LU,2024-08-01,5060.555555555555,1.0,0.7461799207578147,4.25,-177.31276167676143,0.00364,-487.1229716394545,346.81754791433934
LU,2024-09-01,5060.555555555555,1.0,0.7714116350930803,3.99,-162.87845231076182,0.00364,-447.468275579016,310.15756920148385
LU,2024-10-01,5060.555555555555,1.0,0.7970862775938417,3.577419354838709,-140.70030000346384,0.00364,-386.53928572380175,254.15490087821354
LU,2024-11-01,5060.555555555555,1.0,0.8240571399799608,3.4,-130.35701951068074,0.00364,-358.12367997439765,229.36896277788946
LU,2024-12-01,5060.555555555555,1.0,0.8497001780598753,3.287096774193548,-123.34580885656456,0.00364,-338.86211224330924,213.13514160185974
LU,2025-01-01,5060.555555555555,1.0,0.8790635392298616,3.0,-107.3311678953066,0.00364,-294.86584586622695,178.03968650523547
LU,2025-02-01,5060.555555555555,1.0,0.9057898256489378,2.7857142857142856,-95.13462170408474,0.00364,-261.3588508353976,150.77202696406835
LU,2025-03-01,5060.555555555555,1.0,0.9350212822355981,2.588709677419355,-83.68581995404911,0.00364,-229.9060987748602,125.16028521988011
LU,2025-04-01,4661.666666666666,1.0,0.9371678584820732,2.433333333333333,-69.74624721931623,0.00364,-191.61056928383582,118.28504817521187
LU,2025-05-01,4661.666666666666,1.0,0.9605031023052594,2.25,-60.11204704753648,0.00364,-165.142986394331,93.9045769187561
LU,2025-06-01,4661.666666666666,1.0,0.9842872664845228,2.083333333333333,-51.233864149602034,0.00364,-140.75237403736824,72.37153897691306
LU,2025-07-01,4661.666666666666,1.0,1.0079545691201042,2.0,-46.2458511695178,0.00364,-127.04904167449945,59.889999345730644
LU,2025-08-01,4661.666666666666,1.0,1.0309817858965553,2.0,-45.17239908078891,0.00364,-124.0999974746948,58.29342168085766
LU,2025-09-01,4661.666666666666,1.0,1.0547161142115917,2.0,-44.06598380916963,0.00364,-121.06039508013635,56.339946113535774
LU,2025-10-01,4661.666666666666,1.0,1.078375361443596,2.0,-42.96306856737103,0.00364,-118.03040815211823,53.972185602759524
LU,2025-11-01,4661.666666666666,1.0,1.1030092547262607,2.0,-41.8147185755108,0.00364,-114.87560048217254,52.98097428174087
LU,2025-12-01,4661.666666666666,1.0,1.13017323081622,2.0,-40.54842455678387,0.00364,-111.39677076039526,52.08429546061704
LU,2026-01-01,4661.666666666666,1.0,1.1559866168145696,2.0,-39.34509054616081,0.003597,-109.3830707427323,51.15378704335676
LU,2026-02-01,4661.666666666666,1.0,1.1792762982391893,2.0,-38.25940323041645,0.003597,-106.36475738230874,50.012956219603865
LU,2026-03-01,4661.666666666666,1.0,1.2090424680181726,2.0,-36.871803615886186,0.003597,-102.50709929353957,48.86864780223212
LU,2026-04-01,4661.666666666666,1.0,1.241700936583263,2.0,-35.349374672943554,0.003597,-98.2746029272826,47.69810830443886
LU,2026-05-01,4661.666666666666,1.0,1.2754238014311203,2.0,-33.777327123285936,0.003597,-93.9041621442478,46.21732388304429
LU,2026-06-01,4661.666666666666,1.0,1.3079983584402175,2.1166666666666667,-37.69742096848964,0.003597,-104.8023935737827,56.200251833082945
LU,2026-07-01,4661.666666666666,1.0,1.3429841353444751,2.25,-42.28205622402505,0.003597,-117.54811293862954,67.2404108603815
LU,2026-08-01,4661.666666666666,1.0,1.3800172642388016,2.25,-40.555695198734526,0.003597,-112.74866610712962,66.92326727462031
LV,2015-03-01,66.66666666666666,1.0,0.29058800499592563,0.05,0.16039200333061707,0.003876,0.413808058128527,-1.3430868538153273
LV,2015-04-01,224.0,1.0,0.19471710234445855,0.05,0.3241663092515871,0.003876,0.8363423871299978,-2.971592987005434
LV,2015-05-01,406.2222222222222,1.0,0.3096324883012976,0.05,1.054684863588382,0.003876,2.7210651795365894,-4.933419412544877
LV,2015-06-01,447.1111111111111,1.0,0.35653316846819794,0.05,1.3705438554622538,0.003876,3.5359748592937406,-8.952526078690841
LV,2015-07-01,466.66666666666663,1.0,0.37494415807414083,0.05,1.5164060710126572,0.003876,3.912296364841737,-12.45113951072577
LV,2015-08-01,487.1111111111111,1.0,0.3786444244281782,0.05,1.6008635074368147,0.003876,4.130194807628521,-15.06262819869352
LV,2015-09-01,504.0,1.0,0.3835430705263996,0.05,1.6810570754530538,0.003876,4.337092557928416,-18.27210577205878
LV,2015-10-01,560.0,1.0,0.4031257315854063,0.05,1.9775040968782756,0.003876,5.1019197545879145,-21.12867983722917
LV,2015-11-01,587.5555555555555,1.0,0.41530221766453923,0.05,2.1463534744556485,0.003876,5.537547663714263,-24.43932440201393
LV,2015-12-01,608.0,1.0,0.4185973552654663,0.05,2.241071920014035,0.003876,5.781919298281824,-26.593573429995775
LV,2016-01-01,644.4444444444445,1.0,0.4201548796941634,0.05,2.385442558029053,0.003876,6.15439256457444,-29.3314000183135
LV,2016-02-01,671.1111111111111,1.0,0.415899381616009,0.05,2.4555914055118824,0.003876,6.335375143219511,-31.872688613056514
LV,2016-03-01,710.2222222222222,1.0,0.3981136160875711,0.0241935483870967,2.655663414157147,0.003876,6.851556796071071,-34.78136154773835
LV,2016-04-01,777.7777777777777,1.0,0.3662679167651196,0.0,2.8487504637287078,0.003876,7.349717398680877,-38.698918603610636
LV,2016-05-01,829.3333333333333,1.0,0.3405400249056156,0.0,2.824211939883905,0.003876,7.286408513632366,-42.3133686162817
LV,2016-06-01,909.3333333333333,1.0,0.3228134511934827,0.0,2.935450316186069,0.003876,7.57340122855023,-45.14550167073308
LV,2016-07-01,933.3333333333333,1.0,0.31045027205291703,0.0,2.897535872493892,0.003876,7.475582746372271,-46.83301087377905
LV,2016-08-01,997.3333333333333,1.0,0.2742095894661141,0.0,2.7347836389420443,0.003876,7.05568534298773,-48.12946488605942
LV,2016-09-01,1037.3333333333333,1.0,0.2492237553657571,0.0,2.5852810889941202,0.003876,6.6699718498300316,-49.85407133429677
LV,2016-10-01,1117.3333333333333,1.0,0.22286770725982338,0.0,2.4901751824497595,0.003876,6.4246005739157885,-52.03649842152136
LV,2016-11-01,1152.0,1.0,0.2241214369674927,0.0,2.581878953865516,0.003876,6.66119441141774,-55.10584430907384
LV,2016-12-01,1166.2222222222222,1.0,0.23122558858204278,0.0,2.696604197507912,0.003876,6.957183172105037,-57.33857086100839
LV,2017-01-01,1200.888888888889,1.0,0.24356656795412307,0.0,2.9249638516090695,0.003876,7.546346366380468,-59.903398262698765
LV,2017-02-01,1250.6666666666665,1.0,0.2625796659406299,0.0,3.2839963553641445,0.003876,8.472642815696966,-62.536539013451865
LV,2017-03-01,1308.4444444444443,1.0,0.28136267649451563,0.0,3.681474309332684,0.003876,9.49812773305646,-65.08762913412862
LV,2017-04-01,1346.6666666666665,1.0,0.2942066566629275,0.0,3.9619829763940895,0.003876,10.221834304422316,-66.85032626324445
LV,2017-05-01,1370.6666666666665,1.0,0.3015333122222423,0.0,4.1330165995262,0.003876,10.66309752199742,-68.7108674134093
LV,2017-06-01,1402.6666666666665,1.0,0.3106052581837765,0.0,4.356756421457771,0.003876,11.240341644627891,-69.88025546559693
LV,2017-07-01,1427.5555555555554,1.0,0.3209858573374889,0.0,4.582251438968952,0.003876,11.822114135626812,-71.90332515790428
LV,2017-08-01,1449.7777777777776,1.0,0.3269956003289228,0.0,4.74070954787976,0.003876,12.230932786067493,-73.29958003038546
LV,2017-09-01,1473.7777777777776,1.0,0.32939496141748664,0.0,4.854549742490602,0.003876,12.524638138520645,-74.97113469532529
LV,2017-10-01,1516.4444444444443,1.0,0.33190533310940307,0.0,5.03315998475237,0.003876,12.985448877070098,-76.4481599634047
LV,2017-11-01,1542.2222222222222,1.0,0.3330258182959143,0.0,5.13599817549699,0.003876,13.250769286627941,-77.614297832611
LV,2017-12-01,1548.4444444444443,1.0,0.33232796962094924,0.0,5.145913982930609,0.003876,13.27635186514605,-78.97584284397891
LV,2018-01-01,1596.4444444444443,1.0,0.33220222437994157,0.0,5.303423955434445,0.003876,13.682724343226122,-79.54305941134265
LV,2018-02-01,1638.2222222222222,1.0,0.3372496897831228,0.0,5.524899362402625,0.003876,14.254126321988196,-80.31842639999232
LV,2018-03-01,1585.7777777777776,1.0,0.3372496897831228,0.0,5.348030636205253,0.003876,13.797808658940282,-81.93388293431522
LV,2018-04-01,1611.5555555555554,1.0,0.3435800126047389,0.0,5.536982780910148,0.003876,14.285301292337843,-82.56815872243408
LV,2018-05-01,1646.2222222222222,1.0,0.3533424490569198,0.0,5.816801916919249,0.003876,15.00722888782056,-83.10999953610474
LV,2018-06-01,1702.2222222222222,1.0,0.3706044122899755,0.0,6.308510662536026,0.003876,16.275827302724526,-83.32071054028778
LV,2018-07-01,1738.6666666666665,1.0,0.3868459880608309,0.0,6.72596224575098,0.003876,17.352843771287358,-83.3303566087372
LV,2018-08-01,1768.0,1.0,0.39750840351820466,0.0,7.027948574201859,0.003876,18.13196226574267,-83.71323064357408
LV,2018-09-01,1787.5555555555554,1.0,0.4055948307754735,0.0,7.25023293057313,0.003876,18.70545131726814,-84.36458219089951
LV,2018-10-01,1826.6666666666665,1.0,0.41991507074689693,0.0,7.670448625643316,0.003876,19.789599137366658,-84.92007128867303
LV,2018-11-01,1833.7777777777776,1.0,0.4264625799965161,0.0,7.82037602251389,0.003876,20.17640872681602,-85.75071559811227
LV,2018-12-01,1844.4444444444443,1.0,0.43404243526357134,0.0,8.005671583750315,0.003876,20.65446745033621,-86.65295543030133
LV,2019-01-01,1849.7777777777776,1.0,0.4388128860239116,0.0,8.117063251695644,0.003876,20.941855654529526,-86.96659231571675
LV,2019-02-01,1837.3333333333333,1.0,0.4395207626349627,0.0,8.075461478813049,0.003876,20.834523939146152,-87.09376786232772
LV,2019-03-01,1840.8888888888887,1.0,0.4411480686494992,0.0,8.121045779316557,0.003876,20.95213049359277,-87.17084237265675
LV,2019-04-01,1871.111111111111,1.0,0.4423166127405511,0.0,8.276235287278757,0.003876,21.352516221049424,-86.6351203755375
LV,2019-05-01,1896.0,1.0,0.44214791401963155,0.0,8.383124449812215,0.003876,21.62828805421108,-85.90175439974935
LV,2019-06-01,1922.6666666666665,1.0,0.4383780466484198,0.0,8.428548576893617,0.003876,21.745481364534616,-84.96047935759304
LV,2019-07-01,1952.8888888888887,1.0,0.43059431785490837,0.0,8.40902858957541,0.003876,21.695120200142956,-84.15533617630867
LV,2019-08-01,1976.8888888888887,1.0,0.4198429761826583,0.0,8.299829146935396,0.003876,21.413387891990187,-82.95285300435573
LV,2019-09-01,2005.3333333333333,1.0,0.40763881633719407,0.0,8.174517063615198,0.003876,21.090085303444784,-81.75245556235728
LV,2019-10-01,2048.0,1.0,0.3959171042715911,0.0,8.108382295482185,0.003876,20.919458966672305,-80.57199467799492
LV,2019-11-01,2056.8888888888887,1.0,0.39250521940554595,0.0,8.073396246261629,0.003876,20.829195681789546,-79.73704163630025
LV,2019-12-01,2095.111111111111,1.0,0.38718529406313373,0.0,8.111962116504943,0.003876,20.928694831024103,-78.74515860832979
LV,2020-01-01,2126.222222222222,1.0,0.38172663291973175,0.0,8.116356497279986,0.003876,20.94003224272442,-77.6307028640075
LV,2020-02-01,2145.777777777778,1.0,0.3752028430952065,0.0,8.051019228727364,0.003876,20.771463438409093,-76.54976407412622
LV,2020-03-01,2233.333333333333,1.0,0.3546835232960842,0.0,7.9212653536125455,0.003876,20.43670111871142,-71.68759766799766
LV,2020-04-01,2468.5555555555557,1.0,0.33481717546884054,0.0,8.265147985990257,0.003876,21.323911212565164,-74.64542205548209
LV,2020-05-01,2692.0,1.0,0.33082522802252085,0.0,8.905815138366261,0.003876,22.976819242431013,-76.71856754465585
LV,2020-06-01,2920.0,1.0,0.3046352716529988,0.0,8.895349932267566,0.003876,22.949819226696505,-72.70612715387648
LV,2020-07-01,3205.6666666666665,1.0,0.2590037025281017,0.0,8.302795357375846,0.003876,21.421040653704452,-73.99850025809333
LV,2020-08-01,3269.777777777778,1.0,0.2466122282876967,0.0,8.06367183783371,0.003876,20.8041069087557,-73.59749236091835
LV,2020-09-01,3312.555555555555,1.0,0.2371063407823063,0.0,7.854279264158774,0.003876,20.263878390502512,-72.89475136512823
LV,2020-10-01,3406.6666666666665,1.0,0.2198249645501454,0.0,7.48870379234162,0.003876,19.32070121863163,-71.26215800154615
LV,2020-11-01,3485.777777777778,1.0,0.2044462361834397,0.0,7.126541468385413,0.003876,18.386329897795182,-69.1836479436631
LV,2020-12-01,3392.111111111111,1.0,0.2022163368945507,0.0,6.859402832281932,0.003876,17.69711773034554,-66.9431018446104
LV,2021-01-01,3127.111111111111,1.0,0.1975435921805134,0.0,6.177407620364854,0.003876,15.937584159868045,-66.14853445254633
LV,2021-02-01,3275.777777777778,1.0,0.17511534414752006,0.0,5.7363895290635405,0.003876,14.79976658685124,-65.50701014526216
LV,2021-03-01,3505.8888888888887,1.0,0.1490674885164088,0.0,5.226140516842496,0.003876,13.483334666776305,-65.51991559841701
LV,2021-04-01,3780.555555555555,1.0,0.12065433777392266,0.0,4.561404269730798,0.003876,11.768328869274505,-65.84060417135976
LV,2021-05-01,3900.333333333333,1.0,0.11486484821676284,0.0,4.480111963281139,0.003876,11.558596396494167,-66.12909065514103
LV,2021-06-01,3986.777777777778,1.0,0.1165440504491016,0.0,4.646352304626905,0.003876,11.987493045993048,-65.1822245909036
LV,2021-07-01,4068.6666666666665,1.0,0.11600225319995025,0.0,4.719745008528642,0.003876,12.17684470724624,-63.936544801727145
LV,2021-08-01,4106.777777777777,1.0,0.11399033705255984,0.0,4.681329830888516,0.003876,12.077734341817637,-61.79532840357759
LV,2021-09-01,4284.888888888889,1.0,0.10848431265635756,0.0,4.648432259199748,0.003876,11.992859285861062,-60.893776685628154
LV,2021-10-01,4424.0,1.0,0.11075196324131255,0.0,4.899666853795668,0.003876,12.641039354477988,-60.5974308627078
LV,2021-11-01,4537.0,1.0,0.11558197557417617,0.0,5.243954231800372,0.003876,13.52929368369549,-59.80409890502646
LV,2021-12-01,4593.111111111111,1.0,0.11937375573925943,0.0,5.482969238610562,0.003876,14.145947468035507,-59.16841422034573
LV,2022-01-01,4714.333333333333,1.0,0.12752860497300722,0.0,6.01212353377747,0.003876,15.51115462790885,-59.91927747677481
LV,2022-02-01,4840.333333333333,1.0,0.14965884549806954,0.0,7.2439869849248915,0.003876,18.68933690641097,-61.21317973845336
LV,2022-03-01,5017.555555555555,1.0,0.1942978426685934,0.0,9.749002199142598,0.003876,25.152224455992254,-59.45384001780222
LV,2022-04-01,5139.777777777777,1.0,0.2392790699246202,0.0,12.298412462858979,0.003876,31.72965031697363,-59.83229151806238
LV,2022-05-01,5219.777777777777,1.0,0.2813046331671207,0.0,14.683476729916661,0.003876,37.883066898649794,-59.3890482172477
LV,2022-06-01,5237.555555555555,1.0,0.3095391764896488,0.0,16.212286334854515,0.003876,41.82736412501165,-64.67285540078754
LV,2022-07-01,5237.555555555555,1.0,0.32912769583317275,0.0806451612903225,13.014410792534305,0.003876,33.57691122944867,-59.06432507273031
LV,2022-08-01,5274.0,1.0,0.36022411171605884,0.5,-7.371780348095057,0.003876,-19.01904114575608,0.9312334357750309
LV,2022-09-01,5318.444444444444,1.0,0.40616498758458675,0.925,-27.59395189364019,0.003876,-71.19182635098089,59.849264172349265
LV,2022-10-01,5332.666666666666,1.0,0.4474789173091876,1.25,-42.79577426962539,0.003876,-110.41221431791897,101.89647233498158
LV,2022-11-01,5352.222222222223,1.0,0.49136030604074304,1.975,-79.40769339779713,0.003876,-204.87021000463656,201.0582531553977
LV,2022-12-01,5382.444444444444,1.0,0.5378338339806371,2.177419354838709,-88.24977977934081,0.003876,-227.68261036981633,226.59350887547183
LV,2023-01-01,5446.0,1.0,0.6061318391600193,2.5,-103.14006003934536,0.003876,-266.0992261077022,269.26636484895505
LV,2023-02-01,5502.333333333333,1.0,0.6687527881243293,2.875,-121.39507575477232,0.003876,-313.1967898729936,317.36796746294647
LV,2023-03-01,5548.666666666666,1.0,0.7290018780963605,3.161290322580645,-134.95957815628466,0.003876,-348.1929260998056,351.8356470633006
LV,2023-04-01,5240.444444444444,1.0,0.7317684292253728,3.5,-145.06763756001612,0.003876,-374.27151073275576,410.0259692821781
LV,2023-05-01,5199.111111111111,1.0,0.7445347787454055,3.6774193548387095,-152.483927871731,0.003876,-393.4053866659726,432.3900158387387
LV,2023-06-01,5215.333333333333,1.0,0.7839869509418103,3.8333333333333335,-159.03357832965924,0.003876,-410.3033496637235,450.3779407336095
LV,2023-07-01,5228.333333333333,1.0,0.8218115678690632,4.0,-166.1662851932458,0.003876,-428.70558615388495,460.83079478239847
LV,2023-08-01,5241.333333333333,1.0,0.8595960546709931,4.241935483870968,-177.27968394913466,0.003876,-457.3779255653629,490.3287806023664
LV,2023-09-01,5247.333333333333,1.0,0.8935984757158394,4.341666666666667,-180.9316315398264,0.003876,-466.79987497375237,497.8713343986491
LV,2023-10-01,5264.333333333333,1.0,0.936780146484247,4.5,-187.57977048858095,0.003876,-483.9519362450489,508.95723727580247
LV,2023-11-01,5237.333333333333,1.0,0.9526455193982615,4.5,-185.78677866404837,0.003876,-479.32605434481,505.21341890794315
LV,2023-12-01,5243.333333333333,1.0,0.9813395202055533,4.5,-184.49509782388878,0.003876,-475.9935444372776,502.8738558378459
LV,2024-01-01,5261.333333333333,1.0,1.0135358752028247,4.5,-183.43449915266203,0.003876,-473.257221756094,495.8282240111967
LV,2024-02-01,5277.333333333333,1.0,1.0453810306190618,4.5,-182.31175841079667,0.003876,-470.3605738152649,489.34014234767307
LV,2024-03-01,5293.333333333333,1.0,1.077142640328049,4.5,-181.1832495719686,0.003876,-467.4490443033245,482.67880877983146
LV,2024-04-01,4810.111111111111,1.0,1.077058971535428,4.5,-164.64726673695532,0.003876,-424.7865498889456,513.8181504091259
LV,2024-05-01,4829.111111111111,1.0,1.1091516496135365,4.5,-163.74783444944055,0.003876,-422.4660331512914,508.9174801942539
LV,2024-06-01,4836.111111111111,1.0,1.1354730638937272,4.341666666666667,-155.05508506743578,0.003876,-400.03891916263103,476.0001188763083
LV,2024-07-01,4845.111111111111,1.0,1.1618355543505547,4.25,-149.6249986855441,0.003876,-386.0294083734368,454.90250126810975
LV,2024-08-01,4848.111111111111,1.0,1.1828337455462004,4.25,-148.69962797842516,0.003876,-383.6419710485685,450.2985485052253
LV,2024-09-01,4853.111111111111,1.0,1.2037111635841216,3.99,-135.2216931077475,0.003876,-348.86917726457045,408.7566675159294
LV,2024-10-01,4860.111111111111,1.0,1.224906717763196,3.577419354838709,-114.33472806480002,0.003876,-294.98123855727556,345.71294804473973
LV,2024-11-01,4866.111111111111,1.0,1.245667521333377,3.4,-104.83221211467195,0.003876,-270.4649435363053,317.0276992159818
LV,2024-12-01,4868.111111111111,1.0,1.2643846497333004,3.287096774193548,-98.46787367664093,0.003876,-254.0450817250798,297.9521721200892
LV,2025-01-01,4799.888888888889,1.0,1.2680936847371922,3.0,-83.12957879226447,0.003876,-214.4725975032623,258.4329348682001
LV,2025-02-01,4799.888888888889,1.0,1.2869073664096524,2.7857142857142856,-71.94106678560094,0.003876,-185.6064674551108,226.52441034435518
LV,2025-03-01,4799.888888888889,1.0,1.307642898994325,2.588709677419355,-61.489781956869855,0.003876,-158.64236830977774,196.42401568496257
LV,2025-04-01,4799.888888888889,1.0,1.3277135284323198,2.433333333333333,-53.068522168798744,0.003876,-136.9156918699658,172.9799255890819
LV,2025-05-01,4799.888888888889,1.0,1.3469749698400788,2.25,-43.3441980865316,0.003876,-111.82713644615995,147.22042686692714
LV,2025-06-01,4799.888888888889,1.0,1.3657561788171473,2.083333333333333,-34.44290610882745,0.003876,-88.86198686487991,124.26192614940139
LV,2025-07-01,4799.888888888889,1.0,1.3833315389043597,2.0,-29.59940094541174,0.003876,-76.36584351241419,110.5731975078159
LV,2025-08-01,4799.888888888889,1.0,1.4007297441915048,2.0,-28.764306422967984,0.003876,-74.21131688072235,108.18210227483011
LV,2025-09-01,4356.555555555555,1.0,1.400974729548602,2.0,-26.096868699032072,0.003876,-67.32938260844188,110.07095858523024
LV,2025-10-01,4356.555555555555,1.0,1.4189008390110704,2.0,-25.315907781349928,0.003876,-65.31451955972634,106.68807419515142
LV,2025-11-01,4356.555555555555,1.0,1.4393685481853273,2.0,-24.424220660223888,0.003876,-63.0139851914961,104.84258957241732
LV,2025-12-01,4356.555555555555,1.0,1.4612182846715487,2.0,-23.47232475145916,0.003876,-60.558113393857475,102.92295282715483
LV,2026-01-01,4356.555555555555,1.0,1.4829331597570106,2.0,-22.52630415454152,0.00383,-58.81541554710579,101.72144223898326
LV,2026-02-01,4356.555555555555,1.0,1.503055986687766,2.0,-21.649642019954868,0.00383,-56.526480469856054,99.85123313205655
LV,2026-03-01,4356.555555555555,1.0,1.5255473658331613,2.0,-20.669792592275083,0.00383,-53.96812687278089,97.4076202229908
LV,2026-04-01,4356.555555555555,1.0,1.549003651785787,2.0,-19.64790646347897,0.00383,-51.30001687592421,94.67269435579726
LV,2026-05-01,4356.555555555555,1.0,1.5724003639272914,2.0,-18.62861570086092,0.00383,-48.63868329206506,91.48280273522704
LV,2026-06-01,4356.555555555555,1.0,1.5949410740165855,2.1166666666666667,-22.72926529135226,0.00383,-59.34534018629833,101.65730522056731
LV,2026-07-01,4356.555555555555,1.0,1.6177985201725862,2.25,-27.542208691725627,0.00383,-71.91177204105908,112.87675175795196
LV,2026-08-01,4356.555555555555,1.0,1.6416468732751845,2.25,-26.50324193972587,0.00383,-69.19906511677773,110.4728682649722
MT,2015-03-01,4.444444444444445,1.0,1.328309675751548,0.05,0.05681376336673547,0.001288,0.441100647257263,-1.3157942646865914
MT,2015-04-01,51.55555555555555,1.0,1.0766240794483628,0.05,0.5292817476267114,0.001288,4.1093303387167035,0.3013949645812719
MT,2015-05-01,127.1111111111111,1.0,1.3686730858938025,0.05,1.676180011402789,0.001288,13.013819964307368,5.359335372225901
MT,2015-06-01,185.77777777777777,1.0,1.551932054264214,0.05,2.790255994144184,0.001288,21.663478215405156,9.174977277420576
MT,2015-07-01,207.1111111111111,1.0,1.5869643074199138,0.05,3.1832238544785763,0.001288,24.714470919864723,8.351035044297216
MT,2015-08-01,216.88888888888889,1.0,1.5883370555824494,0.05,3.3364821472188235,0.001288,25.904364497040557,6.711541490718517
MT,2015-09-01,232.88888888888889,1.0,1.5899934715614505,0.05,3.5864736848808887,0.001288,27.84529258447895,5.236094254491757
MT,2015-10-01,242.66666666666666,1.0,1.5775117739306215,0.05,3.706761904738308,0.001288,28.779207334924752,2.5486077431076666
MT,2015-11-01,244.44444444444443,1.0,1.5720712501425993,0.05,3.720618611459687,0.001288,28.886790461643532,-1.0900816040846628
MT,2015-12-01,250.66666666666666,1.0,1.560944126257612,0.05,3.7874332764857472,0.001288,29.405537860914187,-2.9699548673634126
MT,2016-01-01,304.0,1.0,1.4937497060697442,0.05,4.388999106452022,0.001288,34.07608001903744,-1.4097125638504977
MT,2016-02-01,322.66666666666663,1.0,1.468023461922415,0.05,4.575489037136325,0.001288,35.523983207580166,-2.68408054869586
MT,2016-03-01,376.0,1.0,1.4068827958446963,0.0241935483870967,5.198911570440575,0.001288,40.364220267395766,-1.2686980764136564
MT,2016-04-01,429.3333333333333,1.0,1.3547921718410545,0.0,5.81657439110426,0.001288,45.159739061368484,-0.8888969409230256
MT,2016-05-01,488.0,1.0,1.3176860278124094,0.0,6.430307815724558,0.001288,49.92475012208508,0.3249729921710127
MT,2016-06-01,520.8888888888889,1.0,1.2956086839191296,0.0,6.748681678014311,0.001288,52.396596878993094,-0.3223060202902204
MT,2016-07-01,531.5555555555555,1.0,1.2822871108551837,0.0,6.816068375923554,0.001288,52.91978552735679,-1.3888080927945339
MT,2016-08-01,541.3333333333333,1.0,1.2661579265022076,0.0,6.854134908798616,0.001288,53.2153331428464,-1.9698170862007487
MT,2016-09-01,547.5555555555555,1.0,1.2545047118199528,0.0,6.869110244276364,0.001288,53.331601275437606,-3.1924419086891973
MT,2016-10-01,580.4444444444445,1.0,1.217001010878992,0.0,7.064014756479838,0.001288,54.84483506583725,-3.6162639295998957
MT,2016-11-01,668.4444444444445,1.0,1.179892821622569,0.0,7.886928016534862,0.001288,61.23391317185452,-0.5331255486370594
MT,2016-12-01,717.3333333333333,1.0,1.1619865701838552,0.0,8.33531699678552,0.001288,64.71519407442175,0.41944004130832013
MT,2017-01-01,743.1111111111111,1.0,1.1674915869201035,0.0,8.675759703690723,0.001288,67.35838279262984,-0.09136183644939422
MT,2017-02-01,786.6666666666666,1.0,1.184137271955544,0.0,9.31521320605028,0.001288,72.3230838979059,1.3139020687570735
MT,2017-03-01,813.3333333333333,1.0,1.203057382079286,0.0,9.784866707578193,0.001288,75.96946201535864,1.3837051481735614
MT,2017-04-01,824.0,1.0,1.2096224779343296,0.0,9.967289218178877,0.001288,77.38578585542606,0.31362528775929377
MT,2017-05-01,835.5555555555555,1.0,1.2151104915382807,0.0,10.152923218186523,0.001288,78.82704361946058,-0.5469213159461361
MT,2017-06-01,849.7777777777777,1.0,1.2179619481248656,0.0,10.349969976954412,0.001288,80.35690975896283,-0.7636873512619928
MT,2017-07-01,859.5555555555555,1.0,1.2221657415871694,0.0,10.50519352990927,0.001288,81.56206156761856,-2.1633777259125253
MT,2017-08-01,883.5555555555555,1.0,1.2251019315201335,0.0,10.824456177164556,0.001288,84.04080882891736,-1.4897039875355915
MT,2017-09-01,902.2222222222222,1.0,1.228026186764052,0.0,11.079525151693447,0.001288,86.0211580100423,-1.474614823803634
MT,2017-10-01,915.5555555555555,1.0,1.2297285620667422,0.0,11.258848168255506,0.001288,87.4134174553999,-2.0201913850749094
MT,2017-11-01,894.2222222222222,1.0,1.2297285620667424,0.0,10.9965060750146,0.001288,85.3765999612935,-5.4884671579454505
MT,2017-12-01,912.8888888888888,1.0,1.2285680189479693,0.0,11.21546093741835,0.001288,87.07656007312383,-5.175634636001135
MT,2018-01-01,919.1111111111111,1.0,1.2308707531536718,0.0,11.313069855652413,0.001288,87.83439328922681,-5.391390465341971
MT,2018-02-01,923.5555555555555,1.0,1.2337335516036458,0.0,11.394214756588337,0.001288,88.46440028407093,-6.108152437909581
MT,2018-03-01,951.1111111111111,1.0,1.2364934151399858,0.0,11.760426259553642,0.001288,91.30765729467113,-4.424034298584374
MT,2018-04-01,954.6666666666666,1.0,1.2373233210612116,0.0,11.812313305064364,0.001288,91.71050702689725,-5.142952987874679
MT,2018-05-01,969.7777777777777,1.0,1.2406520698833834,0.0,12.031568073269078,0.001288,93.4127955999152,-4.704432824010098
MT,2018-06-01,984.8888888888888,1.0,1.2448774751032978,0.0,12.260659932572924,0.001288,95.19145910382706,-4.405078739185242
MT,2018-07-01,975.1111111111111,1.0,1.2448774751032978,0.0,12.138938579451713,0.001288,94.24641754232697,-6.436782837697592
MT,2018-08-01,982.2222222222222,1.0,1.2489092528686891,0.0,12.26706421706579,0.001288,95.24118180951702,-6.6040110997997346
MT,2018-09-01,984.0,1.0,1.25197494146595,0.0,12.319433424024949,0.001288,95.64777503124961,-7.422258476918046
MT,2018-10-01,1008.0,1.0,1.2633164071677896,0.0,12.734229384251318,0.001288,98.86824056095743,-5.841429865082247
MT,2018-11-01,1024.0,1.0,1.2707540722458177,0.0,13.012521699797173,0.001288,101.02889518476066,-4.898229140167629
MT,2018-12-01,1025.7777777777778,1.0,1.272264740145434,0.0,13.05060897891405,0.001288,101.3246038735563,-5.982819007081247
MT,2019-01-01,1028.4444444444443,1.0,1.2723495246018692,0.0,13.085407999683223,0.001288,101.59478260623621,-6.313665364010063
MT,2019-02-01,1029.3333333333333,1.0,1.2716507595788498,0.0,13.089525151931625,0.001288,101.6267480740033,-6.301543727470573
MT,2019-03-01,1035.5555555555554,1.0,1.2685339277017176,0.0,13.136373562422229,0.001288,101.99047796911668,-6.132494897132844
MT,2019-04-01,1036.4444444444443,1.0,1.2662394392021523,0.0,13.123868320975197,0.001288,101.89338758521116,-6.094249011375766
MT,2019-05-01,1036.4444444444443,1.0,1.2637365806656669,0.0,13.09792758272149,0.001288,101.69198433789977,-5.838058116060665
MT,2019-06-01,1051.5555555555554,1.0,1.2514369537459835,0.0,13.159554811391097,0.001288,102.17045661017933,-4.5355041119483275
MT,2019-07-01,1043.5555555555554,1.0,1.2508741069422247,0.0,13.053566236001524,0.001288,101.34756394411122,-4.502892432340403
MT,2019-08-01,1051.5555555555554,1.0,1.2345192525675213,0.0,12.981655784776688,0.001288,100.78925298739665,-3.5769879089492633
MT,2019-09-01,1014.2222222222222,1.0,1.2345192525675213,0.0,12.520768597151482,0.001288,97.2109363132879,-5.631604552514162
MT,2019-10-01,1021.3333333333333,1.0,1.2203859470528857,0.0,12.464208472566805,0.001288,96.77180491123296,-4.719648733434269
MT,2019-11-01,1023.1111111111111,1.0,1.212331095186315,0.0,12.40349413830621,0.001288,96.30042032846436,-4.265816989625435
MT,2019-12-01,1024.888888888889,1.0,1.2045170737442603,0.0,12.344961653574508,0.001288,95.84597557123065,-3.827877868123238
MT,2020-01-01,1024.888888888889,1.0,1.1979064142426208,0.0,12.277209738859927,0.001288,95.31995138866404,-3.2507837180678933
MT,2020-02-01,1039.111111111111,1.0,1.1775318972588804,0.0,12.235864781294499,0.001288,94.99895016532996,-2.3222773472053433
MT,2020-03-01,1067.3333333333333,1.0,1.1476709747484106,0.0,12.24947487048137,0.001288,95.10461855963797,2.980319772928894
MT,2020-04-01,1119.5555555555554,1.0,1.1073508505836707,0.0,12.397407967201183,0.001288,96.25316744721415,0.28383417916690235
MT,2020-05-01,1187.0,1.0,1.073456606747872,0.0,12.74192992209724,0.001288,98.92802734547547,-0.7673594416114042
MT,2020-06-01,1179.888888888889,1.0,1.0726672070158687,0.0,12.656281190335012,0.001288,98.26305271999233,2.607106339419346
MT,2020-07-01,1179.888888888889,1.0,1.0690140491270246,0.0,12.613177986310971,0.001288,97.92840051483674,2.5088596030389567
MT,2020-08-01,1182.6666666666665,1.0,1.062993434506851,0.0,12.571669018767691,0.001288,97.60612592210941,3.204526652435362
MT,2020-09-01,1306.3333333333333,1.0,0.9953144392890408,0.0,13.002124291912503,0.001288,100.94816996826478,7.789540212634037
MT,2020-10-01,1307.3333333333333,1.0,0.9893769744356183,0.0,12.934454979121648,0.001288,100.42278710498174,9.839927884803956
MT,2020-11-01,1339.111111111111,1.0,0.9673252751695591,0.0,12.953560240381696,0.001288,100.57111987873988,13.001142037281596
MT,2020-12-01,1340.111111111111,1.0,0.9603849909074895,0.0,12.870225972594701,0.001288,99.92411469405825,15.283895119102311
MT,2021-01-01,1344.111111111111,1.0,0.95214278479873,0.0,12.797856964122486,0.001288,99.36224351026775,17.276124897853364
MT,2021-02-01,1359.3333333333333,1.0,0.9396746656183802,0.0,12.77331095463918,0.001288,99.17166890247812,18.864892170364726
MT,2021-03-01,1377.888888888889,1.0,0.9253562792288655,0.0,12.750381354130178,0.001288,98.99364405380574,19.990393788612423
MT,2021-04-01,1381.4444444444443,1.0,0.9189872475865634,0.0,12.69529827693749,0.001288,98.56598041100536,20.957047370371086
MT,2021-05-01,1422.2222222222222,1.0,0.9015687285137794,0.0,12.822310805529307,0.001288,99.55210252740146,21.864415475766265
MT,2021-06-01,1424.2222222222222,1.0,0.896648509732114,0.0,12.770267330829151,0.001288,99.14803828283503,21.978320645938382
MT,2021-07-01,1473.0,1.0,0.8778309292077748,0.0,12.930449587230523,0.001288,100.39168934185189,24.278299832878503
MT,2021-08-01,1447.3333333333333,1.0,0.8587692185078863,0.0,12.429253155870809,0.001288,96.50041270086032,22.627349955465093
MT,2021-09-01,1478.0,1.0,0.8503571978761397,0.0,12.568279384609346,0.001288,97.57980888671852,24.69317291522931
MT,2021-10-01,1545.2222222222222,1.0,0.8427042115386997,0.0,13.021652744298551,0.001288,101.09978838741111,27.861318170225317
MT,2021-11-01,1641.5555555555554,1.0,0.8309746896303893,0.0,13.640911182888189,0.001288,105.90769551931824,32.57430293059629
MT,2021-12-01,1734.7777777777776,1.0,0.8183192357229284,0.0,14.196020252602311,0.001288,110.217548545049,36.90318685666776
MT,2022-01-01,1752.7777777777776,1.0,0.818503999708988,0.0,14.346556217121426,0.001288,111.38630603355145,35.95587392886779
MT,2022-02-01,1800.4444444444443,1.0,0.8323276692998735,0.0,14.9855972814835,0.001288,116.34780498046196,36.445288335597624
MT,2022-03-01,1855.2222222222222,1.0,0.8489353836618838,0.0,15.749637890002749,0.001288,122.27979728263004,37.67373280883557
MT,2022-04-01,1863.3333333333333,1.0,0.8593338183380986,0.0,16.012253481699904,0.001288,124.31873821195578,32.756796376919766
MT,2022-05-01,1854.2222222222222,1.0,0.862259165850008,0.0,15.988201066338814,0.001288,124.13199585666781,26.859880740770322
MT,2022-06-01,1865.0,1.0,0.8854357798624637,0.0,16.513377294434946,0.001288,128.2094510437496,21.709231517950414
MT,2022-07-01,1862.4444444444443,1.0,0.8988382083485071,0.0806451612903225,15.23839094976588,0.001288,118.31048874041832,25.66925243823934
MT,2022-08-01,1856.3333333333333,1.0,0.9061870379047179,0.5,7.54018538030458,0.001288,58.54181195888649,78.4920865404176
MT,2022-09-01,1862.6666666666665,1.0,0.9324992722862457,0.925,0.1396864451184698,0.001288,1.0845220894291134,132.12561261275926
MT,2022-10-01,1869.0,1.0,0.964130542537869,1.25,-5.342900159967228,0.001288,-41.48214409912444,170.8265425537761
MT,2022-11-01,1878.0,1.0,0.9948936595351741,1.975,-18.406397073929433,0.001288,-142.90680958019746,263.02165357983677
MT,2022-12-01,1880.7777777777776,1.0,1.0187282134931386,2.177419354838709,-21.79240549950719,0.001288,-169.19569487195022,285.0804243733379
MT,2023-01-01,1890.5555555555554,1.0,1.0514335190424087,2.5,-27.385954081659353,0.001288,-212.62386709362852,322.7417238630287
MT,2023-02-01,1893.2222222222222,1.0,1.075062087988399,2.875,-34.0768245364063,0.001288,-264.57161907147747,365.9931382644626
MT,2023-03-01,1895.0,1.0,1.097194858301486,3.161290322580645,-39.11460904809007,0.001288,-303.68485285784215,396.34372030526407
MT,2023-04-01,1895.888888888889,1.0,1.1183090402939324,3.5,-45.15421427273847,0.001288,-350.57619776970864,433.7212822452252
MT,2023-05-01,1895.0,1.0,1.137393924513444,3.6774193548387095,-48.13348190466379,0.001288,-373.7071576449052,452.08824485980614
MT,2023-06-01,1895.888888888889,1.0,1.1591335561975646,3.8333333333333335,-50.69985644140847,0.001288,-393.63242578733286,467.0488646100001
MT,2023-07-01,1883.888888888889,1.0,1.163734975304873,4.0,-53.432081659673194,0.001288,-414.8453545005683,474.6910264357151
MT,2023-08-01,1883.888888888889,1.0,1.1851531619805076,4.241935483870968,-57.58638251961417,0.001288,-447.0992431647063,500.607463003023
MT,2023-09-01,1883.888888888889,1.0,1.2077031716694853,4.341666666666667,-59.0403900640858,0.001288,-458.38812161557297,506.2830877568285
MT,2023-10-01,1883.888888888889,1.0,1.232317416724304,4.5,-61.55950911048825,0.001288,-477.946499305033,514.9626742158184
MT,2023-11-01,1870.5555555555554,1.0,1.239429286148293,4.5,-60.990786630770536,0.001288,-473.5309521022557,511.0085211504975
MT,2023-12-01,1870.5555555555554,1.0,1.2567604009772462,4.5,-60.66659849949784,0.001288,-471.013963505418,507.85343676970547
MT,2024-01-01,1871.5555555555554,1.0,1.2757659144531397,4.5,-60.343332152168124,0.001288,-468.50413161621213,500.5813141510786
MT,2024-02-01,1872.5555555555554,1.0,1.2956485441235592,4.5,-60.00326120653961,0.001288,-465.86382924331997,493.836886919618
MT,2024-03-01,1874.5555555555554,1.0,1.315881402894977,4.5,-59.68807205750983,0.001288,-463.416708521039,486.71114456211694
MT,2024-04-01,1874.5555555555554,1.0,1.3344535797356896,4.5,-59.33992628475464,0.001288,-460.7137133909522,477.8909869071193
MT,2024-05-01,1875.5555555555554,1.0,1.3547118561201508,4.5,-58.991626520768726,0.001288,-458.0095226767758,473.3739906687695
MT,2024-06-01,1876.5555555555554,1.0,1.3751030804792395,4.341666666666667,-55.66921378568829,0.001288,-432.2143927460271,443.82464529291224
MT,2024-07-01,1865.2222222222222,1.0,1.3835846007329446,4.25,-53.46501700832895,0.001288,-415.101063729262,425.83084591228453
MT,2024-08-01,1866.2222222222222,1.0,1.4021288592911656,4.25,-53.14760408816176,0.001288,-412.6366777031193,421.30384185067453
MT,2024-09-01,1867.2222222222222,1.0,1.419250698598519,3.99,-48.001602233391,0.001288,-372.6832471536568,384.94259762684305
MT,2024-10-01,1823.3333333333333,1.0,1.4212151070876835,3.577419354838709,-39.3147907839937,0.001288,-305.23905888193866,335.45512772007663
MT,2024-11-01,1818.0,1.0,1.4318734919818505,3.4,-35.78053991576996,0.001288,-277.7992229485245,309.6934198037626
MT,2024-12-01,1818.0,1.0,1.4461906655775236,3.287096774193548,-33.46767305463932,0.001288,-259.842182101237,292.155071743932
MT,2025-01-01,1818.0,1.0,1.4629495410314541,3.0,-27.943577344048162,0.001288,-216.95324024882115,255.95229212264127
MT,2025-02-01,1818.0,1.0,1.478835130417582,2.7857142857142856,-23.759063043294073,0.001288,-184.46477518085462,227.66610261861135
MT,2025-03-01,1818.0,1.0,1.4969755521190926,2.588709677419355,-19.84772639795877,0.001288,-154.09725464253702,200.96912935220328
MT,2025-04-01,1818.0,1.0,1.5134232648431438,2.433333333333333,-16.723965045151644,0.001288,-129.84444910832022,180.05116835072747
MT,2025-05-01,1818.0,1.0,1.530339944919717,2.25,-13.083419801359543,0.001288,-101.57934628384739,157.46821702923972
MT,2025-06-01,1818.0,1.0,1.546673931012612,2.083333333333333,-9.756467934190708,0.001288,-75.74897464433779,137.3749383699435
MT,2025-07-01,1783.4444444444443,1.0,1.5483571148740063,2.0,-8.054799943508138,0.001288,-62.53726664214393,124.40177437808616
MT,2025-08-01,1783.4444444444443,1.0,1.5659730461395098,2.0,-7.7406295960163645,0.001288,-60.098055869692274,122.29536328586019
MT,2025-09-01,1783.4444444444443,1.0,1.5836112183975866,2.0,-7.426062592778153,0.001288,-57.655765471880066,119.74457572179205
MT,2025-10-01,1783.4444444444443,1.0,1.6001801369217705,2.0,-7.130565135854067,0.001288,-55.361530557873195,116.64106319700456
MT,2025-11-01,1740.5555555555554,1.0,1.5996811003600597,2.0,-6.967772847621848,0.001288,-54.09761527656715,113.75895948734626
MT,2025-12-01,1740.5555555555554,1.0,1.618689705934365,2.0,-6.636917507264635,0.001288,-51.5288626340422,111.9522035869701
MT,2026-01-01,1740.5555555555554,1.0,1.6371279246685622,2.0,-6.315990066741082,0.001273,-49.61500445201165,110.92185333407741
MT,2026-02-01,1740.5555555555554,1.0,1.654499194006679,2.0,-6.013633473205968,0.001273,-47.239854463518995,109.13785913839361
MT,2026-03-01,1740.5555555555554,1.0,1.6742826566846183,2.0,-5.669291314483838,0.001273,-44.53488856625168,106.84085852952
MT,2026-04-01,1740.5555555555554,1.0,1.6948820665526125,2.0,-5.310747141614805,0.001273,-41.7183593214046,104.25435191031687
MT,2026-05-01,1740.5555555555554,1.0,1.715792471494111,2.0,-4.946789926716389,0.001273,-38.85930814388365,101.26217788340844
MT,2026-06-01,1740.5555555555554,1.0,1.7363085721559723,2.1166666666666667,-6.6203439450111405,0.001273,-52.00584402993826,108.99680137692738
MT,2026-07-01,1715.0,1.0,1.7373040474984847,2.25,-8.792735585400989,0.001273,-69.0709786755773,115.71754512343375
MT,2026-08-01,1715.0,1.0,1.7578314877782304,2.25,-8.440689984603349,0.001273,-66.3054987007333,113.36643468101664
NL,2015-03-01,2210.6666666666665,1.0,0.07836834489713623,0.05,0.6271295445260249,0.059077,0.10615460238773547,-1.6507403095561188
NL,2015-04-01,4456.888888888889,1.0,0.10023984271479894,0.05,2.2391339677511275,0.059077,0.37901957915112944,-3.4289157949843023
NL,2015-05-01,6827.555555555555,1.0,0.21728125786570443,0.05,11.421220814813115,0.059077,1.9332770477196057,-5.721207544361861
NL,2015-06-01,9194.666666666666,1.0,0.3281768852794591,0.05,25.577437345161997,0.059077,4.329508496565837,-8.158992441418743
NL,2015-07-01,11556.444444444443,1.0,0.36997232820200215,0.05,36.97742434625982,0.059077,6.259191283623038,-10.104244591944468
NL,2015-08-01,13523.555555555555,1.0,0.3769086737365659,0.05,44.20967610869434,0.059077,7.483398972306369,-11.709424034015672
NL,2015-09-01,15837.333333333332,1.0,0.38272982509215003,0.05,52.69553149926077,0.059077,8.919804915493469,-13.689393414493725
NL,2015-10-01,18256.0,1.0,0.36951542908129636,0.05,58.330736733081466,0.059077,9.873679559402383,-16.356920032414703
NL,2015-11-01,20818.666666666664,1.0,0.35190571425175127,0.05,62.85274429769125,0.059077,10.639122551532957,-19.337749514195238
NL,2015-12-01,22766.222222222223,1.0,0.343268828554842,0.05,66.76623321730322,0.059077,11.301561219646093,-21.073931508631507
NL,2016-01-01,25290.666666666664,1.0,0.3230407874150154,0.05,69.05383540917349,0.059077,11.688785044801444,-23.797007538086497
NL,2016-02-01,27774.22222222222,1.0,0.2881466703619183,0.05,66.14338544114221,0.059077,11.196131394813923,-27.0119323614621
NL,2016-03-01,30226.666666666664,1.0,0.25612925613827414,0.0241935483870967,70.10643326292256,0.059077,11.866958928673183,-29.765959415136237
NL,2016-04-01,33981.33333333333,1.0,0.23390291722836287,0.0,79.48332997976074,0.059077,13.454191983303271,-32.59444401898824
NL,2016-05-01,37852.444444444445,1.0,0.21864557950732108,0.0,82.76269651324232,0.059077,14.009292366444186,-35.59048476346988
NL,2016-06-01,41213.33333333333,1.0,0.20072905409886058,0.0,82.7271341626104,0.059077,14.003272705555528,-38.71563019372779
NL,2016-07-01,44621.33333333333,1.0,0.17144756011095466,0.0,76.50218728897612,0.059077,12.94957213280568,-41.35902148734564
NL,2016-08-01,47212.444444444445,1.0,0.14980693098352632,0.0,70.7275140645246,0.059077,11.972089656638724,-43.21306057240842
NL,2016-09-01,50627.555555555555,1.0,0.12784799642946315,0.0,64.72631541899113,0.059077,10.956263083601256,-45.567780100525546
NL,2016-10-01,54179.555555555555,1.0,0.11533010382502196,0.0,62.48533767415767,0.059077,10.576931407173294,-47.88416758826385
NL,2016-11-01,57584.88888888888,1.0,0.11839477519904947,0.0,68.17749974862241,0.059077,11.54044717040852,-50.22659155008306
NL,2016-12-01,60288.0,1.0,0.12090335101444365,0.0,72.89021225958778,0.059077,12.338170905697273,-51.95758312741615
NL,2017-01-01,63862.22222222222,1.0,0.12611975697107822,0.0,80.54287946299657,0.059077,13.633542573759089,-53.81620205532015
NL,2017-02-01,67262.22222222222,1.0,0.12951003313840292,0.0,87.11132628962622,0.059077,14.745387594093508,-56.26379423505532
NL,2017-03-01,70701.33333333333,1.0,0.1322360658512329,0.0,93.49266170436634,0.059077,15.825560151051397,-58.760196716133684
NL,2017-04-01,73347.55555555555,1.0,0.13563880050816998,0.0,99.48774455761914,0.059077,16.840351500180972,-60.2318090674858
NL,2017-05-01,75696.0,1.0,0.1415321487299808,0.0,107.13417530264626,0.059077,18.134667519110018,-61.2392974162967
NL,2017-06-01,78051.55555555555,1.0,0.1435179088187184,0.0,112.01796033381355,0.059077,18.961348804748642,-62.15924830547618
NL,2017-07-01,80449.77777777777,1.0,0.15266443336597002,0.0,122.8181973886265,0.059077,20.78951155079413,-62.93592774273695
NL,2017-08-01,82382.22222222222,1.0,0.15495901628799877,0.0,127.65868115174868,0.059077,21.60886320425016,-63.9216496122028
NL,2017-09-01,84692.44444444444,1.0,0.15648833387895844,0.0,132.5337952324736,0.059077,22.43407675279273,-65.0616960810532
NL,2017-10-01,86980.44444444444,1.0,0.15795746282998113,0.0,137.3921032026857,0.059077,23.256445520707835,-66.17716331976698
NL,2017-11-01,89257.77777777777,1.0,0.15659959220617983,0.0,139.77731601229817,0.059077,23.66019195495678,-67.20487516428216
NL,2017-12-01,91362.66666666666,1.0,0.15554311569890467,0.0,142.10833831893794,0.059077,24.054765529552608,-68.19742917957235
NL,2018-01-01,92300.44444444444,1.0,0.1586392106753662,0.0,146.42469651652155,0.059077,24.78539812727822,-68.44038562729057
NL,2018-02-01,93298.66666666666,1.0,0.1649432324669911,0.0,153.88983664860314,0.059077,26.049026973035723,-68.52352574894479
NL,2018-03-01,94243.55555555555,1.0,0.16814940532003533,0.0,158.46997821912376,0.059077,26.824310343978834,-68.90738124927667
NL,2018-04-01,95390.22222222222,1.0,0.17357527146381757,0.0,165.57383717216103,0.059077,28.026784903119832,-68.8266751116521
NL,2018-05-01,96433.77777777777,1.0,0.17786172359299168,0.0,171.51877928139092,0.059077,29.03308889777594,-69.08413952614936
NL,2018-06-01,97574.22222222222,1.0,0.17957826016197237,0.0,175.22209063324328,0.059077,29.659950680170503,-69.93658716284179
NL,2018-07-01,98215.11111111111,1.0,0.17991530643001388,0.0,176.70401811613416,0.059077,29.91079745351561,-70.77240292650895
NL,2018-08-01,99343.11111111111,1.0,0.18024524614365542,0.0,179.06123514898732,0.059077,30.30980502547308,-71.53538788384367
NL,2018-09-01,101011.55555555555,1.0,0.1827161463126599,0.0,184.56442164158258,0.059077,31.241332776136666,-71.828700732031
NL,2018-10-01,101456.88888888889,1.0,0.1844827042133816,0.0,187.1704122329881,0.059077,31.682450400830795,-73.02722002520889
NL,2018-11-01,101819.55555555555,1.0,0.1850164511762265,0.0,188.38292829229525,0.059077,31.887693737375837,-74.03943058755245
NL,2018-12-01,102384.88888888888,1.0,0.18392799643207405,0.0,188.31447478253853,0.059077,31.876106569822184,-75.43131631081536
NL,2019-01-01,99850.66666666666,1.0,0.18392799643207405,0.0,183.65333062406881,0.059077,31.087111841168106,-76.82133612907816
NL,2019-02-01,100154.66666666666,1.0,0.18106722942233483,0.0,181.34728007050802,0.059077,30.696765250521864,-77.23152655095201
NL,2019-03-01,100387.55555555555,1.0,0.1773337548537421,0.0,178.02102167255305,0.059077,30.13372745274016,-77.98924541350937
NL,2019-04-01,101320.88888888889,1.0,0.17269367615371592,0.0,174.97476773384412,0.059077,29.618086181397857,-78.36955041518907
NL,2019-05-01,101915.55555555555,1.0,0.16725290812843868,0.0,170.4567305019212,0.059077,28.85331524991472,-78.67672720404572
NL,2019-06-01,101832.88888888889,1.0,0.16203719031194608,0.0,165.00715196904147,0.059077,27.930861751450053,-78.7750989706776
NL,2019-07-01,99145.77777777777,1.0,0.16203719031194608,0.0,160.65303262403688,0.059077,27.19383730115559,-78.65661907529602
NL,2019-08-01,99112.0,1.0,0.1531947381873096,0.0,151.8343689122063,0.059077,25.70109668944027,-78.66514420690564
NL,2019-09-01,99586.66666666666,1.0,0.1414738848910158,0.0,140.8891261667996,0.059077,23.8483887412698,-78.99415212453226
NL,2019-10-01,101002.66666666666,1.0,0.12621223173275617,0.0,127.47771970959658,0.059077,21.57823175002058,-79.91322189464665
NL,2019-11-01,101470.22222222222,1.0,0.11856757044697872,0.0,120.31077721603918,0.059077,20.365079001310015,-80.20115831677978
NL,2019-12-01,102010.66666666666,1.0,0.1114106016813949,0.0,113.65069751253546,0.059077,19.237723227742684,-80.43613021161121
NL,2020-01-01,98571.55555555555,1.0,0.1114106016813949,0.0,109.81916313115488,0.059077,18.58915705454828,-79.98157805218365
NL,2020-02-01,98694.22222222222,1.0,0.10427004371583724,0.0,102.90850865611667,0.059077,17.41938633581879,-79.90184117671652
NL,2020-03-01,100052.44444444444,1.0,0.09146648005164021,0.0,91.51444913895617,0.059077,15.490706897600786,-76.63359188910829
NL,2020-04-01,105245.77777777777,1.0,0.060255486548126735,0.0,63.41635547136024,0.059077,10.734525360353478,-85.23480790769378
NL,2020-05-01,111939.22222222222,1.0,0.017242240533638906,0.0,19.30082994704013,0.059077,3.2670633151717468,-96.42832347191512
NL,2020-06-01,118606.22222222222,1.0,-0.0203610431896131,0.0,-24.149464132235153,0.059077,-4.087794595567675,-99.74374097614066
NL,2020-07-01,120691.88888888889,1.0,-0.044991694370613934,0.0,-54.30132577900985,0.059077,-9.191618697464301,-104.61115960926209
NL,2020-08-01,124183.0,1.0,-0.0671839424157773,0.0,-83.43103521018473,0.059077,-14.122422467319723,-108.52402173699377
NL,2020-09-01,129211.0,1.0,-0.09571176053363334,0.0,-123.67012290311297,0.059077,-20.933717504801017,-114.09234726043175
NL,2020-10-01,134773.11111111112,1.0,-0.12749815667095807,0.0,-171.83323235476885,0.059077,-29.086316562243994,-119.66917578242177
NL,2020-11-01,140066.77777777775,1.0,-0.15617641385953582,0.0,-218.75127054193854,0.059077,-37.02816164360725,-124.59813948506553
NL,2020-12-01,144345.55555555556,1.0,-0.17878879916988355,0.0,-258.0736854328749,0.059077,-43.68429091404014,-128.32451048899608
NL,2021-01-01,147784.44444444444,1.0,-0.1967339233655289,0.0,-290.74213567950596,0.059077,-49.2140995107243,-131.30021812313868
NL,2021-02-01,151481.88888888888,1.0,-0.21172506861529305,0.0,-320.725133189742,0.059077,-54.28933987672732,-134.5961166088407
NL,2021-03-01,156358.11111111112,1.0,-0.2279255555507999,0.0,-356.380093398737,0.059077,-60.32467684525907,-139.32792711045238
NL,2021-04-01,162392.3333333333,1.0,-0.2439237833579338,0.0,-396.1135233498937,0.059077,-67.05037888685845,-144.65931192749272
NL,2021-05-01,167764.0,1.0,-0.2532080796113192,0.0,-424.79200267913353,0.059077,-71.90480266078737,-149.59248971242255
NL,2021-06-01,173151.3333333333,1.0,-0.2622224989344795,0.0,-454.041753205037,0.059077,-76.85592586032415,-154.0256434972208
NL,2021-07-01,174760.22222222222,1.0,-0.2739641783681107,0.0,-478.7804069253955,0.059077,-81.04345293860479,-157.15684244757819
NL,2021-08-01,178906.0,1.0,-0.2864359530040263,0.0,-512.4511060813833,0.059077,-86.74291282248308,-160.6159755678783
NL,2021-09-01,184040.11111111112,1.0,-0.2951237106342988,0.0,-543.1460049665976,0.059077,-91.93865717057359,-164.8252931420628
NL,2021-10-01,188680.11111111112,1.0,-0.297021334873342,0.0,-560.4201846627271,0.059077,-94.8626681555812,-168.101138372767
NL,2021-11-01,193403.44444444444,1.0,-0.30109584352323543,0.0,-582.329732452992,0.059077,-98.57131073903413,-171.90470332775607
NL,2021-12-01,197149.77777777775,1.0,-0.30531869151819346,0.0,-601.9351218421372,0.059077,-101.88992701764428,-175.20428870602552
NL,2022-01-01,193747.3333333333,1.0,-0.30701635845211783,0.0,-594.8360073980862,0.059077,-100.68825556444745,-176.1186876691311
NL,2022-02-01,194456.11111111112,1.0,-0.30052330605824445,0.0,-584.3859339434043,0.059077,-98.91936522562153,-178.82188187048587
NL,2022-03-01,196738.3333333333,1.0,-0.28845084859712816,0.0,-567.4933920158467,0.059077,-96.05995429961688,-180.66601877341134
NL,2022-04-01,200257.44444444444,1.0,-0.25831849804406803,0.0,-517.3020227103228,0.059077,-87.56403045353062,-179.12597228856663
NL,2022-05-01,202806.88888888888,1.0,-0.22982017380587685,0.0,-466.0911445347359,0.059077,-78.89553371612233,-176.16764883201984
NL,2022-06-01,204561.88888888888,1.0,-0.19182515971722003,0.0,-392.4011700816733,0.059077,-66.42198657373822,-172.9222060995374
NL,2022-07-01,197987.44444444444,1.0,-0.18919985867866532,0.0806451612903225,-534.2592589971997,0.059077,-90.43439223339027,-183.07562853556925
NL,2022-08-01,196599.55555555556,1.0,-0.17992508997308398,0.5,-1336.7297049977944,0.059077,-226.26905648523018,-206.31878190369906
NL,2022-09-01,199845.22222222222,1.0,-0.11961566606312474,0.925,-2087.6144992119985,0.059077,-353.3717858408515,-222.33069531752133
NL,2022-10-01,201487.44444444444,1.0,-0.07213229239708878,1.25,-2663.930568125644,0.059077,-450.9251600666324,-238.61647341373182
NL,2022-11-01,203446.22222222222,1.0,-0.023912854128121448,1.975,-4066.712687238063,0.059077,-688.3749491744779,-282.4464860144437
NL,2022-12-01,205911.44444444444,1.0,0.03161896126659631,2.177419354838709,-4418.448585298911,0.059077,-747.9135002283309,-293.63738098304276
NL,2023-01-01,200135.66666666666,1.0,0.03260512169992176,2.5,-4938.13718898505,0.059077,-835.8815087064423,-300.5159177497851
NL,2023-02-01,199278.0,1.0,0.05376536699885409,2.875,-5622.099951952023,0.059077,-951.6563048143986,-321.09154747845855
NL,2023-03-01,199597.55555555556,1.0,0.08702247186064763,3.161290322580645,-6136.163481267431,0.059077,-1038.6721535060058,-338.64358034289955
NL,2023-04-01,200059.88888888888,1.0,0.12112623725819087,3.5,-6759.771095437082,0.059077,-1144.2305965836251,-359.9331165686913
NL,2023-05-01,200646.88888888888,1.0,0.15643062952916745,3.6774193548387095,-7064.754335462142,0.059077,-1195.8552965557055,-370.0598940509942
NL,2023-06-01,201529.11111111112,1.0,0.19618364041047834,3.8333333333333335,-7329.915445927938,0.059077,-1240.7392802491559,-380.05798985182287
NL,2023-07-01,192970.77777777775,1.0,0.19496587406968865,4.0,-7342.603947517589,0.059077,-1242.8870706903854,-353.35068975410195
NL,2023-08-01,194108.77777777775,1.0,0.23957034217708215,4.241935483870968,-7768.942058745825,0.059077,-1315.0535840929338,-367.34687792520447
NL,2023-09-01,193678.22222222222,1.0,0.2636613605119757,4.341666666666667,-7898.208179088297,0.059077,-1336.9345395142436,-372.2633301418422
NL,2023-10-01,196988.22222222222,1.0,0.3430543821289469,4.5,-8188.693271388758,0.059077,-1386.1051291346475,-393.1959556137962
NL,2023-11-01,197465.88888888888,1.0,0.3776734186111191,4.5,-8140.188826842499,0.059077,-1377.894752076527,-393.3552788237739
NL,2023-12-01,198855.88888888888,1.0,0.4133891942594265,4.5,-8126.4662431848,0.059077,-1375.5719219298203,-396.7045216546968
NL,2024-01-01,189613.77777777775,1.0,0.4136019883712478,4.5,-7748.373644885271,0.059077,-1311.5719560717826,-342.48651030449184
NL,2024-02-01,188861.77777777775,1.0,0.4289524159422861,4.5,-7688.65284143067,0.059077,-1301.4629790664167,-341.7622629034787
NL,2024-03-01,188653.77777777775,1.0,0.4503691043731344,4.5,-7639.781670656138,0.059077,-1293.1905260348592,-343.06267295170323
NL,2024-04-01,188887.77777777775,1.0,0.4777688516194248,4.5,-7597.503033261659,0.059077,-1286.0339951692974,-347.4292948712259
NL,2024-05-01,190501.77777777775,1.0,0.5232071666467654,4.5,-7575.861046077171,0.059077,-1282.3706427335799,-350.98712938803453
NL,2024-06-01,190013.22222222222,1.0,0.5434585183866142,4.341666666666667,-7217.0976892539275,0.059077,-1221.6425494276837,-345.6035113887443
NL,2024-07-01,182247.22222222222,1.0,0.5429961376602775,4.25,-6755.9115667846345,0.059077,-1143.5772918030086,-302.64538216146207
NL,2024-08-01,180409.22222222222,1.0,0.5552060044349924,4.25,-6665.749110112197,0.059077,-1128.3154374988908,-294.37491794509697
NL,2024-09-01,179747.44444444444,1.0,0.5687239191505666,3.99,-6149.656322715902,0.059077,-1040.956095048141,-283.3302502676411
NL,2024-10-01,179235.22222222222,1.0,0.5841545495368546,3.577419354838709,-5364.984825482346,0.059077,-908.1342697635876,-267.44008316157226
NL,2024-11-01,178771.66666666666,1.0,0.6004813778358634,3.4,-5004.74609948653,0.059077,-847.1564398135534,-259.66379706126634
NL,2024-12-01,179242.66666666666,1.0,0.6245698579077413,3.287096774193548,-4772.384245468446,0.059077,-807.8244063626194,-255.82715251745037
NL,2025-01-01,177388.55555555556,1.0,0.6371140472857941,3.0,-4191.489260944857,0.059077,-709.4959562849937,-236.59042391353125
NL,2025-02-01,175823.55555555556,1.0,0.6499737503033128,2.7857142857142856,-3755.134946800831,0.059077,-635.6339940756692,-223.50311627620323
NL,2025-03-01,175070.55555555556,1.0,0.6652143992333647,2.588709677419355,-3367.4738696050917,0.059077,-570.0143659300729,-214.94798193533262
NL,2025-04-01,173153.55555555556,1.0,0.6713236871923879,2.433333333333333,-3050.9823515249095,0.059077,-516.4416526778458,-206.54603521879812
NL,2025-05-01,172076.11111111112,1.0,0.6814164323604709,2.25,-2699.1576027220267,0.059077,-456.88806180442924,-197.84049849134215
NL,2025-06-01,172076.11111111112,1.0,0.7027186755212974,2.083333333333333,-2375.708012592925,0.059077,-402.13755143167816,-189.01363841739686
NL,2025-07-01,163127.77777777775,1.0,0.7021813679924287,2.0,-2117.1026939799062,0.059077,-358.3632706433817,-171.42422962315163
NL,2025-08-01,163127.77777777775,1.0,0.7238980069452312,2.0,-2081.676823448176,0.059077,-352.36671182493626,-169.9732926693838
NL,2025-09-01,162828.3333333333,1.0,0.7421200822417942,2.0,-2048.1849054203904,0.059077,-346.69751433220887,-169.29717313853675
NL,2025-10-01,162828.3333333333,1.0,0.7628334897150196,2.0,-2014.4576092551952,0.059077,-340.9884742378921,-168.98588048301434
NL,2025-11-01,162608.55555555556,1.0,0.7815109787700046,2.0,-1981.3673970251225,0.059077,-335.3872737317607,-167.53069896784726
NL,2025-12-01,162608.55555555556,1.0,0.8041980216499492,2.0,-1944.4763242997747,0.059077,-329.1426992399368,-165.6616330189245
NL,2026-01-01,156607.88888888888,1.0,0.8044321001204702,2.0,-1872.3536482345562,0.058378,-320.7293241006126,-160.19246631452353
NL,2026-02-01,156607.88888888888,1.0,0.82504474717159,2.0,-1840.0726168436795,0.058378,-315.19966714236176,-158.82195354044916
NL,2026-03-01,156607.88888888888,1.0,0.8483191109955396,2.0,-1803.6231270066733,0.058378,-308.95596406294726,-157.58021696717557
NL,2026-04-01,155345.3333333333,1.0,0.8561900881861827,2.0,-1776.8553202068806,0.058378,-304.37070817891686,-158.3979969471954
NL,2026-05-01,155345.3333333333,1.0,0.881162339209194,2.0,-1738.0620936143468,0.058378,-297.7255290716275,-157.60404304433538
NL,2026-06-01,155345.3333333333,1.0,0.9051518749093991,2.1166666666666667,-1882.031691637966,0.058378,-322.38714783616535,-161.38450242929972
NL,2026-07-01,147092.3333333333,1.0,0.9047870683940209,2.25,-1978.7050894009717,0.058378,-338.9470501560471,-154.15852635703607
NL,2026-08-01,147092.3333333333,1.0,0.9301905897190501,2.25,-1941.3384571351555,0.058378,-332.5462429571338,-152.87430957538388
PT,2015-03-01,954.6666666666666,1.0,1.7890113296323533,0.05,16.601761493556864,0.023254,7.139314308745534,5.382419396801679
PT,2015-04-01,1918.2222222222222,1.0,1.8457921861789839,0.05,34.447284780215526,0.023254,14.813487907549463,11.005552533414033
PT,2015-05-01,2961.777777777778,1.0,2.0669528490289357,0.05,59.737661270794796,0.023254,25.689198103893865,18.0347135118124
PT,2015-06-01,3996.4444444444443,1.0,2.307894379343807,0.05,90.23549448470897,0.023254,38.80428936299516,26.31578842501058
PT,2015-07-01,5027.555555555556,1.0,2.409531693031679,0.05,118.62676671810824,0.023254,51.01348874090833,34.650052865340825
PT,2015-08-01,5886.222222222222,1.0,2.435979675751979,0.05,140.4440658918187,0.023254,60.39565919489924,41.202836188577194
PT,2015-09-01,6906.666666666666,1.0,2.4710102694253226,0.05,167.2111092749756,0.023254,71.90638568632303,49.29718735633584
PT,2015-10-01,7959.11111111111,1.0,2.46944888707148,0.05,192.56662519856027,0.023254,82.81010802380678,56.579508431989694
PT,2015-11-01,9068.444444444443,1.0,2.489280543561095,0.05,221.2048009369804,0.023254,95.12548419066844,65.14861212494026
PT,2015-12-01,9973.333333333332,1.0,2.4922661756938886,0.05,243.5753465892038,0.023254,104.74556918775427,72.37007645947668
PT,2016-01-01,11037.333333333332,1.0,2.51655590835567,0.05,272.2419974582432,0.023254,117.07319061591261,81.58739803302467
PT,2016-02-01,12116.444444444443,1.0,2.58608902692944,0.05,307.2838180095573,0.023254,132.14234884731974,93.9342850910437
PT,2016-03-01,13194.666666666666,1.0,2.609864769513409,0.0241935483870967,341.17069872354654,0.023254,146.7148442089733,105.08192586516387
PT,2016-04-01,14443.555555555555,1.0,2.659423477687855,0.0,384.1153074573329,0.023254,165.18246643903538,119.13383043674386
PT,2016-05-01,15733.333333333332,1.0,2.7042454426311537,0.0,425.46794964063486,0.023254,182.96548965366597,133.3657125237519
PT,2016-06-01,17011.555555555555,1.0,2.746022831958333,0.0,467.14119962683174,0.023254,200.88638497756588,148.16748207828257
PT,2016-07-01,17863.11111111111,1.0,2.763443872527972,0.0,493.6370494428634,0.023254,212.28048913858404,157.97189551843272
PT,2016-08-01,18504.888888888887,1.0,2.7694796234222645,0.0,512.4891271147084,0.023254,220.38751488548564,165.2023646564385
PT,2016-09-01,19413.333333333332,1.0,2.7953144854615752,0.0,542.6637187776072,0.023254,233.36360143528302,176.8395582511562
PT,2016-10-01,20320.888888888887,1.0,2.822253390487677,0.0,573.5069756439003,0.023254,246.62723645132033,188.1661374558832
PT,2016-11-01,21230.222222222223,1.0,2.855732821790516,0.0,606.2784241390639,0.023254,260.7200585443639,198.95301982387232
PT,2016-12-01,21875.555555555555,1.0,2.8868524001428977,0.0,631.5150006001486,0.023254,271.5726329234319,207.27687889031847
PT,2017-01-01,22487.11111111111,1.0,2.921747013952801,0.0,657.0164974131374,0.023254,282.5391319399404,215.08938731086113
PT,2017-02-01,23070.222222222223,1.0,2.9563049065386227,0.0,682.0261115049193,0.023254,293.2941048872965,222.28492305814768
PT,2017-03-01,23659.555555555555,1.0,2.9873450683347635,0.0,706.7925660788123,0.023254,303.94451108575396,229.3587542185689
PT,2017-04-01,24127.11111111111,1.0,3.006073512645383,0.0,725.2786964776321,0.023254,311.89416723042575,234.82200666275898
PT,2017-05-01,24575.11111111111,1.0,3.0098052708509715,0.0,739.6629895397049,0.023254,318.0798957339403,238.7059307985336
PT,2017-06-01,25027.555555555555,1.0,3.0044814009190777,0.0,751.948251771356,0.023254,323.36297057338777,242.24237346316295
PT,2017-07-01,25487.11111111111,1.0,3.000238112258805,0.0,764.674021269304,0.023254,328.83547831310915,245.11003901957807
PT,2017-08-01,25855.11111111111,1.0,2.9917610191282376,0.0,773.523135674516,0.023254,332.64089432979955,247.1103815133466
PT,2017-09-01,26294.22222222222,1.0,2.976949027959158,0.0,782.7655928538652,0.023254,336.6154609331148,249.11968809926884
PT,2017-10-01,26728.888888888887,1.0,2.9544634043235845,0.0,789.6952406045349,0.023254,339.5954419044185,250.16183306394373
PT,2017-11-01,27162.666666666664,1.0,2.923761748794138,0.0,794.1716579524557,0.023254,341.5204515147741,250.65538439553515
PT,2017-12-01,27621.333333333332,1.0,2.8891002550604004,0.0,798.0080117844168,0.023254,343.17021234386203,250.91801763473705
PT,2018-01-01,28031.11111111111,1.0,2.858157638086131,0.0,801.1733432626322,0.023254,344.531411052994,251.30562729842518
PT,2018-02-01,28465.777777777777,1.0,2.8317591876915507,0.0,806.0822775700819,0.023254,346.64241746369737,252.06986474171686
PT,2018-03-01,28876.44444444444,1.0,2.8011909037232923,0.0,808.8843350964876,0.023254,347.84739618839234,252.11570459513683
PT,2018-04-01,29430.22222222222,1.0,2.7622716918216805,0.0,812.9426972846579,0.023254,349.5926280573914,252.73916804261944
PT,2018-05-01,29935.11111111111,1.0,2.731568331969715,0.0,817.6980152510586,0.023254,351.6375742887497,253.5203458648244
PT,2018-06-01,30486.22222222222,1.0,2.700965095521882,0.0,823.4222211654576,0.023254,354.099174836784,254.50263699377172
PT,2018-07-01,31053.333333333332,1.0,2.6682093247245184,0.0,828.5679356377872,0.023254,356.312004660612,255.62880428058742
PT,2018-08-01,31552.888888888887,1.0,2.6404459933684206,0.0,833.1369904586562,0.023254,358.2768514916385,256.4316585823218
PT,2018-09-01,32038.22222222222,1.0,2.6155940813051353,0.0,837.9898441998309,0.023254,360.36374137775476,257.29370786958714
PT,2018-10-01,32273.777777777777,1.0,2.599947008480878,0.0,839.1011198570997,0.023254,360.8416271854733,256.13195675943365
PT,2018-11-01,32456.888888888887,1.0,2.5849541839135806,0.0,838.9957073015154,0.023254,360.79629625075916,254.86917192583087
PT,2018-12-01,32752.0,1.0,2.563385729570098,0.0,839.5600941487985,0.023254,361.03900152610237,253.73157864546482
PT,2019-01-01,33145.777777777774,1.0,2.5381791543782763,0.0,841.2992221121026,0.023254,361.78688488522516,253.8784369149789
PT,2019-02-01,33482.666666666664,1.0,2.5131185038828914,0.0,841.4590915934289,0.023254,361.85563412463614,253.92734232316226
PT,2019-03-01,33824.0,1.0,2.4837607934050143,0.0,840.107250761312,0.023254,361.2742972225475,253.15132435629795
PT,2019-04-01,34261.33333333333,1.0,2.448003559177604,0.0,838.7186594217028,0.023254,360.67715636952903,252.6895197729421
PT,2019-05-01,34652.444444444445,1.0,2.411600912196345,0.0,835.6786663205539,0.023254,359.3698573667128,251.83981491275233
PT,2019-06-01,33949.33333333333,1.0,2.411600912196345,0.0,818.7224323512444,0.023254,352.0781080034593,245.37214728133165
PT,2019-07-01,34409.777777777774,1.0,2.3605175821272306,0.0,812.248854415353,0.023254,349.2942523502851,243.44379597383346
PT,2019-08-01,34760.88888888889,1.0,2.3123603013256187,0.0,803.7969950545746,0.023254,345.65966932767464,241.29342843132872
PT,2019-09-01,35121.777777777774,1.0,2.265427637435835,0.0,795.6584605365751,0.023254,342.1598264971941,239.31728563139205
PT,2019-10-01,35682.666666666664,1.0,2.2070825551180917,0.0,787.5459112009382,0.023254,338.67115816674044,237.17970452207322
PT,2019-11-01,36153.777777777774,1.0,2.1596801357838618,0.0,780.8059570021065,0.023254,335.77275178554504,235.20651446745524
PT,2019-12-01,36612.444444444445,1.0,2.1154021855819223,0.0,774.5004499727448,0.023254,333.0611722597165,233.38731882036262
PT,2020-01-01,36878.22222222222,1.0,2.081299639052332,0.0,767.5463060000279,0.023254,330.0706570912651,231.49992198453316
PT,2020-02-01,37132.444444444445,1.0,2.046326110563052,0.0,759.8509061569862,0.023254,326.76137703491275,229.44014952237745
PT,2020-03-01,37787.22222222222,1.0,2.0050617443146797,0.0,757.657137016953,0.023254,325.81798271994194,233.69368393323288
PT,2020-04-01,39745.88888888888,1.0,1.9359494950401328,0.0,769.4603352436566,0.023254,330.893753867574,234.92442059952674
PT,2020-05-01,42414.88888888888,1.0,1.8420916692716462,0.0,781.3211347530472,0.023254,335.9942954988592,236.2989087117723
PT,2020-06-01,45407.11111111111,1.0,1.7294129428175387,0.0,785.2764565150962,0.023254,337.69521652838057,242.0392701478076
PT,2020-07-01,47782.777777777774,1.0,1.6403465599216327,0.0,783.8031515127761,0.023254,337.0616459588785,241.64210504708072
PT,2020-08-01,49340.11111111111,1.0,1.5792634237361702,0.0,779.2103280085638,0.023254,335.0865777967506,240.68497852707654
PT,2020-09-01,51204.555555555555,1.0,1.5122960802538374,0.0,774.3644865780652,0.023254,333.0027034394363,239.84407368380556
PT,2020-10-01,53183.666666666664,1.0,1.4406592135984229,0.0,766.1953939628065,0.023254,329.4897196021358,238.90686038195798
PT,2020-11-01,55153.88888888888,1.0,1.36977614244868,0.0,755.4848116326533,0.023254,324.8838099392162,237.31383209775788
PT,2020-12-01,56864.11111111111,1.0,1.308581679991234,0.0,744.1133404898596,0.023254,319.9936959189213,235.35347634396533
PT,2021-01-01,58561.88888888888,1.0,1.2512287455054731,0.0,732.7431876887534,0.023254,315.10414882977267,233.01803021735827
PT,2021-02-01,60241.777777777774,1.0,1.2011563324007495,0.0,723.5979285285653,0.023254,311.1713806349726,230.8646039028592
PT,2021-03-01,62239.88888888888,1.0,1.1495368422695735,0.0,715.4704533654244,0.023254,307.6762936980409,228.6730434328476
PT,2021-04-01,62855.555555555555,1.0,1.1112003558723726,0.0,698.4511570188902,0.023254,300.35742539730376,222.7484923566695
PT,2021-05-01,65060.777777777774,1.0,1.076144915397748,0.0,700.1482519737834,0.023254,301.0872331529128,223.39954610127762
PT,2021-06-01,67295.0,1.0,1.0392639656727547,0.0,699.3726856994803,0.023254,300.7537136404404,223.58399600354377
PT,2021-07-01,69729.0,1.0,0.9966355772569498,0.0,694.9440216654986,0.023254,298.8492395568498,222.7358500478764
PT,2021-08-01,71567.11111111111,1.0,0.9594040264677428,0.0,686.6177456266433,0.023254,295.26866157505947,221.39559882966424
PT,2021-09-01,73865.66666666666,1.0,0.9221102823595121,0.0,681.1229074667359,0.023254,292.90569685505113,220.0190608835619
PT,2021-10-01,75925.88888888888,1.0,0.8943098369292288,0.0,679.0126931092896,0.023254,291.99823389923864,218.75976368205284
PT,2021-11-01,77948.77777777778,1.0,0.8693923943270047,0.0,677.6807454708584,0.023254,291.42545173770463,218.09205914898268
PT,2021-12-01,78946.55555555556,1.0,0.8539364447042566,0.0,674.1534097275819,0.023254,289.90857905202625,216.59421736364501
PT,2022-01-01,79864.33333333333,1.0,0.8446101734055897,0.0,674.5422842558849,0.023254,290.0758081430656,214.64537603838195
PT,2022-02-01,81176.77777777778,1.0,0.8474413606300443,0.0,687.9255901156274,0.023254,295.8310785738485,215.92856192898418
PT,2022-03-01,81492.44444444444,1.0,0.8505796454922948,0.0,693.1581450585608,0.023254,298.0812527128927,213.47518823909823
PT,2022-04-01,83199.33333333333,1.0,0.8770670045803577,0.0,729.7139006974936,0.023254,313.80145381331965,222.23951197828364
PT,2022-05-01,83254.66666666666,1.0,0.894640846488847,0.0,744.8302546081345,0.023254,320.3019930369547,223.0298779210572
PT,2022-06-01,84092.0,1.0,0.9302807437397167,0.0,782.2916830256025,0.023254,336.4116638107863,229.9114442849871
PT,2022-07-01,84529.55555555556,1.0,0.9498323707785505,0.0806451612903225,734.7200851261348,0.023254,315.9542810381589,223.31304473597993
PT,2022-08-01,84827.0,1.0,0.9661646460563647,0.5,395.4334843102325,0.023254,170.04966212704585,189.99993670857697
PT,2022-09-01,85204.33333333333,1.0,0.9966889834489929,0.925,61.08212042115805,0.023254,26.267360635227508,157.30845115855766
PT,2022-10-01,81961.44444444444,1.0,0.9946505082927477,1.25,-209.28813178481084,0.023254,-90.0009167389743,122.30776991392625
PT,2022-11-01,82296.33333333333,1.0,1.0256256363203355,1.975,-781.3002909150289,0.023254,-335.9853319493545,69.94313121067978
PT,2022-12-01,82344.0,1.0,1.0510468850639785,2.177419354838709,-927.5001465113041,0.023254,-398.8561737814157,55.419945463872466
PT,2023-01-01,82119.88888888888,1.0,1.0785796918849189,2.5,-1167.2687776682067,0.023254,-501.96472764608524,33.40086331057199
PT,2023-02-01,82992.22222222222,1.0,1.127006469746357,2.875,-1450.6986750581707,0.023254,-623.8490905040727,6.715666831867338
PT,2023-03-01,82692.22222222222,1.0,1.1439378490550762,3.161290322580645,-1668.1935904132602,0.023254,-717.3791994552594,-17.35062629215315
PT,2023-04-01,83197.77777777778,1.0,1.1793645328887739,3.5,-1930.7171389594937,0.023254,-830.2731310568047,-45.97565104187083
PT,2023-05-01,82980.33333333333,1.0,1.1965610112040321,3.6774193548387095,-2058.6245230758677,0.023254,-885.2775965751559,-59.48219407044462
PT,2023-06-01,83247.0,1.0,1.2241428726861596,3.8333333333333335,-2172.0727827749524,0.023254,-934.0641535972101,-73.38286319987708
PT,2023-07-01,83006.88888888888,1.0,1.241670056395113,4.0,-2289.60387147706,0.023254,-984.6064640393307,-95.0700831030473
PT,2023-08-01,83159.88888888888,1.0,1.26880795615494,4.241935483870968,-2472.4495485736174,0.023254,-1063.2362383132438,-115.52953214551451
PT,2023-09-01,82939.88888888888,1.0,1.2880403906192877,4.341666666666667,-2532.6742404356114,0.023254,-1089.1348759076336,-124.46366653523216
PT,2023-10-01,78871.77777777778,1.0,1.2887548800460458,4.5,-2532.766114909816,0.023254,-1089.174385013252,-96.26521149240068
PT,2023-11-01,78947.22222222222,1.0,1.3122779158977915,4.5,-2516.6180375630242,0.023254,-1082.2301701053686,-97.69069685261547
PT,2023-12-01,78767.88888888888,1.0,1.325389421526386,4.5,-2500.573733107009,0.023254,-1075.3305810213335,-96.46318074621001
PT,2024-01-01,78786.55555555556,1.0,1.3429956207241969,4.5,-2487.295009169453,0.023254,-1069.6202843250421,-100.53483855775141
PT,2024-02-01,75192.77777777778,1.0,1.3454327226278344,4.5,-2372.0067627249473,0.023254,-1020.0424712844874,-60.341755121549454
PT,2024-03-01,75362.44444444444,1.0,1.3666733237087958,4.5,-2361.351575682916,0.023254,-1015.4603834535633,-65.33253037040731
PT,2024-04-01,75583.44444444444,1.0,1.3903091595960337,4.5,-2350.411448750709,0.023254,-1010.755761912234,-72.15106161416247
PT,2024-05-01,75856.44444444444,1.0,1.4155150879505163,4.5,-2339.7805837060873,0.023254,-1006.1841333560193,-74.80062001047395
PT,2024-06-01,75975.44444444444,1.0,1.4373417149421814,4.341666666666667,-2206.573790183574,0.023254,-948.9007440369717,-72.86170599803233
PT,2024-07-01,76042.44444444444,1.0,1.4565577343728267,4.25,-2124.201782927173,0.023254,-913.4780179440841,-72.5461083025375
PT,2024-08-01,76082.44444444444,1.0,1.4719317406360937,4.25,-2113.6222400592887,0.023254,-908.9284596453465,-74.98794009155267
PT,2024-09-01,76041.44444444444,1.0,1.4846063254318467,3.99,-1905.1375391613674,0.023254,-819.2730451369086,-61.6472003564088
PT,2024-10-01,75706.0,1.0,1.4925070841425652,3.577419354838709,-1578.4036836532227,0.023254,-678.7665277600511,-38.07234115803578
PT,2024-11-01,75714.66666666666,1.0,1.5060541329867736,3.4,-1433.994800056174,0.023254,-616.6658639615438,-29.173221209256667
PT,2024-12-01,75744.66666666666,1.0,1.5185402150863476,3.287096774193548,-1339.5872705072186,0.023254,-576.0674595799512,-24.070205734782235
PT,2025-01-01,75604.66666666666,1.0,1.5313556250346845,3.0,-1110.3636842112767,0.023254,-477.49362871388865,-4.58809634242624
PT,2025-02-01,75604.66666666666,1.0,1.5463348878327992,2.7857142857142856,-937.0286625036381,0.023254,-402.9537552694754,9.177122529990584
PT,2025-03-01,75485.66666666666,1.0,1.5622141560513192,2.588709677419355,-774.8569876081376,0.023254,-333.2144954021405,21.851888592599778
PT,2025-04-01,75485.66666666666,1.0,1.577328747041591,2.433333333333333,-646.1607686595634,0.023254,-277.87080444635905,32.02481301268864
PT,2025-05-01,75433.66666666666,1.0,1.5909812461047728,2.25,-497.12201008414604,0.023254,-213.77913910903328,45.268424204053815
PT,2025-06-01,75433.66666666666,1.0,1.6049206298518228,2.083333333333333,-360.8842440352307,0.023254,-155.19232993688428,57.93158307739702
PT,2025-07-01,75370.77777777778,1.0,1.6185658388572672,2.0,-287.48989396341995,0.023254,-123.63029756748084,63.308743452749255
PT,2025-08-01,75370.77777777778,1.0,1.6331447944911521,2.0,-276.5016217102837,0.023254,-118.904971923232,63.48844723232047
PT,2025-09-01,75363.77777777778,1.0,1.647713731172161,2.0,-265.4962407810374,0.023254,-114.17228897438608,63.22805221928604
PT,2025-10-01,69365.0,1.0,1.647090536603546,2.0,-244.79564928495034,0.023254,-105.27034027907041,66.73225347580734
PT,2025-11-01,69365.0,1.0,1.6601859576216802,2.0,-235.71201049572153,0.023254,-101.36407091069128,66.49250385322213
PT,2025-12-01,69365.0,1.0,1.6747586213687098,2.0,-225.60368228759447,0.023254,-97.01715072142188,66.46391549959041
PT,2026-01-01,69326.77777777778,1.0,1.6890039198977749,2.0,-215.60356135006938,0.022979,-93.82634638150894,66.71051140458012
PT,2026-02-01,69195.22222222222,1.0,1.7009667965527515,2.0,-206.91668964355347,0.022979,-90.04599401347033,66.33171958844227
PT,2026-03-01,69192.55555555556,1.0,1.7188872499007575,2.0,-194.50909578616847,0.022979,-84.64645797735693,66.72928911841475
PT,2026-04-01,69192.55555555556,1.0,1.737644465550176,2.0,-181.5304989272692,0.022979,-78.9984328853602,66.97427834636126
PT,2026-05-01,69192.55555555556,1.0,1.756421330143454,2.0,-168.53830646197392,0.022979,-73.34449125809388,66.77699476919821
PT,2026-06-01,69192.55555555556,1.0,1.7741235912767248,2.1166666666666667,-237.0143077408941,0.022979,-103.1438738591297,57.85877154773594
PT,2026-07-01,63983.777777777774,1.0,1.7734421150670607,2.25,-304.9197380779698,0.022979,-132.69495542798634,52.0935683710247
PT,2026-08-01,63983.777777777774,1.0,1.7929227732634958,2.25,-292.4552770279143,0.022979,-127.27067192998578,52.40126145176416
SI,2015-03-01,185.77777777777777,1.0,0.7117145331843212,0.05,1.2293185549824277,0.004942,2.4874920173663044,0.73059710542245
SI,2015-04-01,380.4444444444444,1.0,0.8236580525254945,0.05,2.9433390798303254,0.004942,5.9557650340556965,2.147829659920265
SI,2015-05-01,585.7777777777777,1.0,1.0067804130655775,0.05,5.604607041868583,0.004942,11.340766980713441,3.686282388631975
SI,2015-06-01,788.4444444444445,1.0,1.221172208946683,0.05,9.234042216317402,0.004942,18.684828442568598,6.196327504584017
SI,2015-07-01,994.6666666666666,1.0,1.3991722078126403,0.05,13.41976622704306,0.004942,27.15452494342991,10.791089067862401
SI,2015-08-01,1165.3333333333333,1.0,1.4584929026156195,0.05,16.41363729181402,0.004942,33.21254004818701,14.019717041864968
SI,2015-09-01,1367.111111111111,1.0,1.509115688754717,0.05,19.947732704931152,0.004942,40.36368414595538,17.754485815968188
SI,2015-10-01,1584.888888888889,1.0,1.5163367245744241,0.05,23.239807821477317,0.004942,47.02510688279506,20.794507290977972
SI,2015-11-01,1805.3333333333333,1.0,1.5013588108816251,0.05,26.20186439911627,0.004942,53.018746254788084,23.04187418905989
SI,2015-12-01,1980.4444444444443,1.0,1.4844565901037083,0.05,28.408615846676106,0.004942,57.48404663431021,25.10855390603261
SI,2016-01-01,2204.4444444444443,1.0,1.4641293860526599,0.05,31.173696688094186,0.004942,63.079111064536995,27.593318481649057
SI,2016-02-01,2453.333333333333,1.0,1.4460539627917006,0.05,34.249857220489716,0.004942,69.30363662583916,31.095572869563135
SI,2016-03-01,2664.0,1.0,1.4252016601455384,0.0241935483870967,37.32285609724489,0.004942,75.52176466459912,33.888846320789696
SI,2016-04-01,2873.777777777778,1.0,1.4023418142260649,0.0,40.30018742571438,0.004942,81.54631207145766,35.497676069166154
SI,2016-05-01,3088.8888888888887,1.0,1.3883300500378122,0.0,42.88397265672353,0.004942,86.77452985982097,37.174752729906906
SI,2016-06-01,3314.6666666666665,1.0,1.3736714332645459,0.0,45.53262910794215,0.004942,92.13401276394607,39.41510986466276
SI,2016-07-01,3512.8888888888887,1.0,1.3354828781524954,0.0,46.914029639632545,0.004942,94.92923844522976,40.620644825078436
SI,2016-08-01,3648.8888888888887,1.0,1.3034359564326894,0.0,47.56092978805502,0.004942,96.23822296247474,41.05307273342759
SI,2016-09-01,3843.555555555555,1.0,1.2613637598409022,0.0,48.481216867129426,0.004942,98.10039835517892,41.57635517105212
SI,2016-10-01,4043.555555555555,1.0,1.215421966302731,0.0,49.14626244187665,0.004942,99.44609963957234,40.98500064413519
SI,2016-11-01,4235.555555555556,1.0,1.1896803416963055,0.0,50.38957180607019,0.004942,101.96190167153011,40.19486295103854
SI,2016-12-01,4384.888888888889,1.0,1.1731826552923712,0.0,51.44275589828681,0.004942,104.0929904862137,39.79723645310027
SI,2017-01-01,4527.111111111111,1.0,1.1594553420152174,0.0,52.48983161674224,0.004942,106.2117191759252,38.76197454684596
SI,2017-02-01,4662.222222222222,1.0,1.1475585420332264,0.0,53.501729359682415,0.004942,108.25926620737032,37.25008437822149
SI,2017-03-01,4795.555555555556,1.0,1.137582996544492,0.0,54.553424589844745,0.004942,110.38734235096062,35.80158548377554
SI,2017-04-01,4896.0,1.0,1.130303290023433,0.0,55.339649079547286,0.004942,111.97824581049632,34.90608524282955
SI,2017-05-01,5001.777777777777,1.0,1.1228352922824758,0.0,56.161726130431035,0.004942,113.6416959336929,34.26773099828618
SI,2017-06-01,5143.11111111111,1.0,1.1107194385917474,0.0,57.1255348594831,0.004942,115.5919361786384,34.471339068413585
SI,2017-07-01,5290.666666666666,1.0,1.1099385871484657,0.0,58.72315085073482,0.004942,118.82466784851238,35.099228554981295
SI,2017-08-01,5416.0,1.0,1.107545509985427,0.0,59.98466482081073,0.004942,121.37730639581288,35.846793579359925
SI,2017-09-01,5557.333333333333,1.0,1.1017741265056835,0.0,61.229260790342515,0.004942,123.8957118380059,36.39993900415996
SI,2017-10-01,5703.11111111111,1.0,1.0980748040313641,0.0,62.62442615702428,0.004942,126.71879028131177,37.285181440836965
SI,2017-11-01,5928.888888888889,1.0,1.0859434728439612,0.0,64.38438190105974,0.004942,130.2800119406308,39.414944821391856
SI,2017-12-01,6139.555555555556,1.0,1.0703659874714453,0.0,65.7157144485802,0.004942,132.97392644390976,40.7217317347848
SI,2018-01-01,6235.555555555556,1.0,1.0665900905827208,0.0,66.50781764833587,0.004942,134.5767253102709,41.35094155570211
SI,2018-02-01,6337.777777777777,1.0,1.0689825294150817,0.0,67.74973719759583,0.004942,137.08971509023843,42.517162368257914
SI,2018-03-01,6434.666666666666,1.0,1.070967640127859,0.0,68.91319775009396,0.004942,139.44394526526497,43.71225367200947
SI,2018-04-01,6547.555555555555,1.0,1.0677013725577287,0.0,69.90834053564647,0.004942,141.45758910490989,44.60412909013796
SI,2018-05-01,6648.0,1.0,1.066379811967322,0.0,70.89292989958757,0.004942,143.44987838848152,45.332649964556225
SI,2018-06-01,6750.222222222222,1.0,1.0657739882122148,0.0,71.94211259096497,0.004942,145.57287047949202,45.976332636479725
SI,2018-07-01,6853.333333333333,1.0,1.0604980035361355,0.0,72.67946317567649,0.004942,147.0648789471398,46.38167856711523
SI,2018-08-01,6885.333333333333,1.0,1.0575804645664708,0.0,72.81794025361674,0.004942,147.34508347554984,45.49989056623309
SI,2018-09-01,6954.666666666666,1.0,1.053022929219505,0.0,73.23423465078584,0.004942,148.18744364788716,45.11741013971951
SI,2018-10-01,6991.11111111111,1.0,1.051854231028093,0.0,73.53629801809733,0.004942,148.7986604979711,44.08899007193142
SI,2018-11-01,7019.555555555555,1.0,1.0518435781632254,0.0,73.83474432671102,0.004942,149.40255833005062,43.47543400512234
SI,2018-12-01,7063.11111111111,1.0,1.051039777401288,0.0,74.23610729982786,0.004942,150.21470517974072,42.90728229910317
SI,2019-01-01,7120.888888888889,1.0,1.0503778191652329,0.0,74.79623741629048,0.004942,151.34811294271645,43.43966497247018
SI,2019-02-01,6908.444444444444,1.0,1.0503778191652329,0.0,72.56476809379724,0.004942,146.83279662848489,38.90450482701101
SI,2019-03-01,6954.666666666666,1.0,1.0455540288152323,0.0,72.71479752400336,0.004942,147.1363770214556,39.01340415520606
SI,2019-04-01,6999.11111111111,1.0,1.0386842625075923,0.0,72.69866562653138,0.004942,147.10373457412257,39.116097977535645
SI,2019-05-01,7032.888888888889,1.0,1.0307672209337657,0.0,72.49271335135958,0.004942,146.6869958546329,39.156953400672464
SI,2019-06-01,7058.666666666666,1.0,1.021310525397308,0.0,72.09090561937798,0.004942,145.87394904770937,39.16798832558172
SI,2019-07-01,7103.11111111111,1.0,1.006884265137875,0.0,71.52010811303786,0.004942,144.71895611703331,38.8684997405817
SI,2019-08-01,7123.555555555555,1.0,0.99530966580659,0.0,70.90143699354677,0.004942,143.46709225727795,39.10085136093204
SI,2019-09-01,7152.888888888889,1.0,0.981236813570108,0.0,70.18677901154363,0.004942,142.02100164213604,39.17846077633398
SI,2019-10-01,7219.555555555555,1.0,0.9626323990430788,0.0,69.49778084469231,0.004942,140.62683295162344,39.13537930695621
SI,2019-11-01,7259.555555555555,1.0,0.9491965980790146,0.0,68.90745436898943,0.004942,139.43232369281552,38.866086374725725
SI,2019-12-01,7296.888888888889,1.0,0.9365946937937675,0.0,68.34227414536032,0.004942,138.28869717798526,38.614843738631365
SI,2020-01-01,7035.555555555555,1.0,0.9365946937937675,0.0,65.89464001224594,0.004942,133.3359773618898,34.76524225515787
SI,2020-02-01,7063.11111111111,1.0,0.9259297894981157,0.0,65.39944984312912,0.004942,132.33397378213095,35.01274626959565
SI,2020-03-01,7177.222222222222,1.0,0.9043786017638723,0.0,64.90926197881925,0.004942,131.34209222747722,39.21779344076815
SI,2020-04-01,7662.888888888889,1.0,0.8527147830668876,0.0,65.34258636554551,0.004942,132.2189121115854,36.24957884353816
SI,2020-05-01,8191.444444444444,1.0,0.8360258077102896,0.0,68.4825895798063,0.004942,138.57262156982253,38.877234782735655
SI,2020-06-01,8783.888888888889,1.0,0.7937298266357967,0.0,69.72034604965879,0.004942,141.07718747401614,45.42124109344316
SI,2020-07-01,9344.888888888889,1.0,0.7380270756426903,0.0,68.96781018872537,0.004942,139.55445202089308,44.1349111090953
SI,2020-08-01,9696.444444444445,1.0,0.6956550786012171,0.0,67.45380822152336,0.004942,136.49091101077167,42.08931174109762
SI,2020-09-01,10151.222222222223,1.0,0.6484219752938436,0.0,65.82275564980094,0.004942,133.19052134722975,40.031891591599006
SI,2020-10-01,10614.0,1.0,0.6032226531016666,0.0,64.02605240021089,0.004942,129.55494212911955,38.97208290894177
SI,2020-11-01,11073.222222222223,1.0,0.5610024647232953,0.0,62.121049590954314,0.004942,125.70022175425801,38.13024391279973
SI,2020-12-01,11464.777777777777,1.0,0.5254119787086817,0.0,60.237315776775446,0.004942,121.88853860132627,37.24831902637034
SI,2021-01-01,11550.666666666666,1.0,0.5058152571987464,0.0,58.42503430816987,0.004942,118.22143728889087,36.13531867647649
SI,2021-02-01,11938.555555555555,1.0,0.48523397405702845,0.0,57.92992756722837,0.004942,117.21960252373202,36.91282579161863
SI,2021-03-01,12404.444444444445,1.0,0.46352043761959727,0.0,57.497135173168715,0.004942,116.34385911203705,37.340608846843736
SI,2021-04-01,12628.666666666666,1.0,0.45006121818000017,0.0,56.83673103989162,0.004942,115.0075496557904,37.39861661515613
SI,2021-05-01,13063.777777777777,1.0,0.4386334754033229,0.0,57.30210248563365,0.004942,115.94921587542218,38.26152882378699
SI,2021-06-01,13556.444444444443,1.0,0.42470649905173885,0.0,57.57510059589394,0.004942,116.5016199835976,39.33190234670096
SI,2021-07-01,14115.888888888889,1.0,0.41021409447118573,0.0,57.90536578211427,0.004942,117.1699024324449,41.056512923471516
SI,2021-08-01,14483.222222222223,1.0,0.3929009889400606,0.0,56.90472334149773,0.004942,115.145130193237,41.27206744784176
SI,2021-09-01,14831.444444444443,1.0,0.38150767379735845,0.0,56.58309869054755,0.004942,114.49433162797966,41.60769565649045
SI,2021-10-01,15000.888888888889,1.0,0.37707109864715566,0.0,56.56401654017243,0.004942,114.45571942568277,41.21724920849698
SI,2021-11-01,15237.111111111111,1.0,0.37113952167117115,0.0,56.550941294282644,0.004942,114.42926202809114,41.095869439369196
SI,2021-12-01,15282.22222222222,1.0,0.3687116543621315,0.0,56.34733437885285,0.004942,114.01726907902236,40.702907390641116
SI,2022-01-01,15620.333333333332,1.0,0.3687126851834162,0.0,57.59415046793355,0.004942,116.5401668715774,41.10973476689374
SI,2022-02-01,15862.555555555555,1.0,0.37598179384047214,0.0,59.64032092671925,0.004942,120.68053607187221,40.77801942700788
SI,2022-03-01,15713.22222222222,1.0,0.3776025181257209,0.0,59.333522789801464,0.004942,120.05973854674517,35.45367407295069
SI,2022-04-01,15912.555555555555,1.0,0.4022225001989349,0.0,64.00387880110007,0.004942,129.5100744660058,37.94813263096978
SI,2022-05-01,16035.888888888889,1.0,0.42527567484347084,0.0,68.19673468937138,0.004942,137.9942021233739,40.722087007476404
SI,2022-06-01,16118.888888888889,1.0,0.448274768446011,0.0,72.25691184273646,0.004942,146.20985803872207,39.70963851292289
SI,2022-07-01,16204.111111111111,1.0,0.4711873091981949,0.0806451612903225,63.28388358271154,0.004942,128.0531841009946,35.41194779881562
SI,2022-08-01,16277.111111111111,1.0,0.48741138491964375,0.5,-2.0490628639796755,0.004942,-4.146221902022815,15.804052679508295
SI,2022-09-01,16388.22222222222,1.0,0.5063062314263366,0.925,-68.61646522444879,0.004942,-138.84351522551353,-7.802424702183373
SI,2022-10-01,16462.11111111111,1.0,0.5330772815131831,1.25,-118.0206144980981,0.004942,-238.81144172014993,-26.50275506724938
SI,2022-11-01,16519.333333333332,1.0,0.5711811194547205,1.975,-231.9015202735432,0.004942,-469.24629759923755,-63.317834439203295
SI,2022-12-01,16569.88888888889,1.0,0.6074531331567863,2.177419354838709,-260.1416585257816,0.004942,-526.3894344916665,-72.11331524637836
SI,2023-01-01,16658.11111111111,1.0,0.6460386187401944,2.5,-308.83494684734865,0.004942,-624.9189535559462,-89.55336259928902
SI,2023-02-01,16743.11111111111,1.0,0.6855578737470817,2.875,-366.5807279119997,0.004942,-741.7659407365433,-111.20118340060321
SI,2023-03-01,16138.666666666666,1.0,0.6882210657667978,3.161290322580645,-399.12040379299737,0.004942,-807.6090728308324,-107.58049966772614
SI,2023-04-01,16178.888888888889,1.0,0.7188295901284331,3.5,-449.9624704237765,0.004942,-910.486585236294,-126.18910522136014
SI,2023-05-01,16237.22222222222,1.0,0.749625911260947,3.6774193548387095,-475.39232764137364,0.004942,-961.9431963605293,-136.147793855818
SI,2023-06-01,16268.22222222222,1.0,0.7790261703714865,3.8333333333333335,-496.88147661988427,0.004942,-1005.4258936055934,-144.7446032082604
SI,2023-07-01,16289.22222222222,1.0,0.8070210822758705,4.0,-520.1114314167895,0.004942,-1052.4310631663081,-162.89468223002473
SI,2023-08-01,16319.22222222222,1.0,0.8370188325687687,4.241935483870968,-555.6559148074532,0.004942,-1124.3543399584241,-176.64763379069484
SI,2023-09-01,16331.22222222222,1.0,0.8639242646469242,4.341666666666667,-567.957839990293,0.004942,-1149.2469445372176,-184.57573516481614
SI,2023-10-01,16359.111111111111,1.0,0.8952824330463404,4.5,-589.6997520196902,0.004942,-1193.241100808762,-200.33192728791062
SI,2023-11-01,16377.111111111111,1.0,0.9233975280973417,4.5,-585.744160826245,0.004942,-1185.2370716840246,-200.69759843127144
SI,2023-12-01,16378.555555555555,1.0,0.9460371669887225,4.5,-582.0877770285482,0.004942,-1177.8384804300854,-198.9710801549619
SI,2024-01-01,16408.555555555555,1.0,0.9699689204455131,4.5,-579.2271108170754,0.004942,-1172.0500016533294,-202.96455588603874
SI,2024-02-01,16435.555555555555,1.0,0.9954891590322781,4.5,-575.9858262177171,0.004942,-1165.4913521200265,-205.7906359570885
SI,2024-03-01,16459.555555555555,1.0,1.0204238125141747,4.5,-572.7227756771114,0.004942,-1158.8886598079955,-208.76080672483954
SI,2024-04-01,16480.333333333332,1.0,1.0449785303663912,4.5,-569.3990549338508,0.004942,-1152.1632030227656,-213.5585027246941
SI,2024-05-01,16507.333333333332,1.0,1.0705089728096047,4.5,-566.1175154950757,0.004942,-1145.5230989378301,-214.1395855922848
SI,2024-06-01,16514.777777777777,1.0,1.0943733524007917,4.341666666666667,-536.2832746436443,0.004942,-1085.1543396269612,-209.1153015880219
SI,2024-07-01,16530.777777777777,1.0,1.1178394021792541,4.25,-517.7705080688634,0.004942,-1047.6942696658505,-206.76236002430392
SI,2024-08-01,16537.777777777777,1.0,1.1373459066998115,4.25,-514.7638169408889,0.004942,-1041.6103135185933,-207.6697939647995
SI,2024-09-01,15920.444444444443,1.0,1.1384237796889813,3.99,-453.98360794560443,0.004942,-918.6232455394667,-160.99740075896682
SI,2024-10-01,15925.888888888889,1.0,1.156830928303468,3.577419354838709,-385.50022326730635,0.004942,-780.0490151098874,-139.35482850787207
SI,2024-11-01,15938.888888888889,1.0,1.177117412854217,3.4,-354.30278569562506,0.004942,-716.9218650255464,-129.42922227325926
SI,2024-12-01,15943.888888888889,1.0,1.194595339689158,3.287096774193548,-333.6261037157861,0.004942,-675.0831722294336,-123.08591838426457
SI,2025-01-01,15943.888888888889,1.0,1.2136401128406193,3.0,-284.8152355643726,0.004942,-576.315733638957,-103.41020126749459
SI,2025-02-01,15943.888888888889,1.0,1.2307729552126827,2.7857142857142856,-247.91811802258613,0.004942,-501.6554391391868,-89.52456133972083
SI,2025-03-01,15943.888888888889,1.0,1.2511412348804911,2.588709677419355,-213.26042629123808,0.004942,-431.5265606864388,-76.4601766916985
SI,2025-04-01,15935.666666666666,1.0,1.2681359641668968,2.433333333333333,-185.68196875913273,0.004942,-375.72231638837053,-65.82669892932284
SI,2025-05-01,15935.666666666666,1.0,1.2853864269441158,2.25,-153.71760362360885,0.004942,-311.04330963903044,-51.995746325943344
SI,2025-06-01,15935.666666666666,1.0,1.3022616897187853,2.083333333333333,-124.46897355426894,0.004942,-251.8595175116733,-38.73560449739199
SI,2025-07-01,14882.666666666666,1.0,1.3017544924438236,2.0,-103.91755140456054,0.004942,-210.27428450943046,-23.335243489200366
SI,2025-08-01,14882.666666666666,1.0,1.319407519527912,2.0,-101.29031022705927,0.004942,-204.9581348180074,-22.564715662454944
SI,2025-09-01,14881.666666666666,1.0,1.3370772327211313,2.0,-98.65395648388363,0.004942,-199.6235461025569,-22.22320490888478
SI,2025-10-01,14881.666666666666,1.0,1.354035477507549,2.0,-96.1302870222516,0.004942,-194.51697090702467,-22.51437715214692
SI,2025-11-01,14881.666666666666,1.0,1.3709330419381995,2.0,-93.61564780889694,0.004942,-189.42866816854902,-21.57209340463561
SI,2025-12-01,14881.666666666666,1.0,1.389364712593611,2.0,-90.87270802086077,0.004942,-183.87840554605577,-20.397339325043475
SI,2026-01-01,14881.666666666666,1.0,1.4069713785203593,2.0,-88.25254268652854,0.004884,-180.697261847929,-20.160404061839955
SI,2026-02-01,14398.666666666666,1.0,1.407219369813966,2.0,-85.3525070050531,0.004884,-174.75943285227905,-18.381719250366444
SI,2026-03-01,13696.777777777777,1.0,1.4087850496555885,2.0,-80.97739793767327,0.004884,-165.8013880787741,-14.42564098300241
SI,2026-04-01,13694.777777777777,1.0,1.4279918908681133,2.0,-78.33523941648048,0.004884,-160.39156309680686,-14.4188518650854
SI,2026-05-01,13694.777777777777,1.0,1.4482509570540225,2.0,-75.56080532246729,0.004884,-154.71090360865537,-14.589417581363278
SI,2026-06-01,13642.777777777777,1.0,1.4607105909751124,2.1166666666666667,-89.49062972643056,0.004884,-183.23224759711414,-22.2296021902485
SI,2026-07-01,13642.777777777777,1.0,1.4799019869562382,2.25,-105.06276059064254,0.004884,-215.116217425558,-30.32769362654696
SI,2026-08-01,13642.777777777777,1.0,1.5009007711429887,2.25,-102.19794312800903,0.004884,-209.25049780509627,-29.578564423346336
SK,2015-03-01,449.77777777777777,1.0,0.4814117363155965,0.05,1.9403941206728161,0.0115,1.6872992353676664,-0.06959567657618804
SK,2015-04-01,913.7777777777777,1.0,0.7025534035439559,0.05,5.962887989717213,0.0115,5.185119991058447,1.3771846169230155
SK,2015-05-01,1384.0,1.0,0.7524870474818841,0.05,9.722420737149275,0.0115,8.454278901868935,0.7997943097874689
SK,2015-06-01,1869.3333333333333,1.0,0.8308596307031163,0.05,14.59686936327692,0.0115,12.692929881110366,0.20442894312578552
SK,2015-07-01,2262.222222222222,1.0,0.8777490919091598,0.05,18.72552390141166,0.0115,16.283064262097096,-0.08037161347041177
SK,2015-08-01,2638.222222222222,1.0,0.8686634606423156,0.05,21.598161343879045,0.0115,18.781009864242648,-0.41181314207939224
SK,2015-09-01,3053.333333333333,1.0,0.8471056812638099,0.05,24.33829346792166,0.0115,21.16373345036666,-1.445464879620534
SK,2015-10-01,3388.4444444444443,1.0,0.81629731781546,0.05,25.96555889344474,0.0115,22.578746863864993,-3.651852727952093
SK,2015-11-01,3862.222222222222,1.0,0.7753047644293128,0.05,28.012881790625457,0.0115,24.359027644022138,-5.617844421706057
SK,2015-12-01,4108.444444444444,1.0,0.7579685988864323,0.05,29.086496569360797,0.0115,25.292605712487653,-7.082887015789947
SK,2016-01-01,4619.555555555556,1.0,0.7266465439170934,0.05,31.258063010996747,0.0115,27.180924357388477,-8.304868225499462
SK,2016-02-01,5112.0,1.0,0.6878252357392225,0.05,32.60562605098905,0.0115,28.352718305207873,-9.855345451068153
SK,2016-03-01,5496.888888888889,1.0,0.6512686602173244,0.0241935483870967,34.46962214718336,0.0115,29.973584475811617,-11.659333867997805
SK,2016-04-01,5789.333333333333,1.0,0.6232279504756283,0.0,36.080743479535705,0.0115,31.374559547422354,-14.674076454869155
SK,2016-05-01,6076.444444444444,1.0,0.5994384350510517,0.0,36.42454348452435,0.0115,31.673516073499435,-17.92626105641463
SK,2016-06-01,6283.555555555556,1.0,0.5989682686995832,0.0,37.63650392388759,0.0115,32.727394716423994,-19.99150818285932
SK,2016-07-01,6480.0,1.0,0.5870567918103451,0.0,38.04128010931036,0.0115,33.07937400809597,-21.229219612055353
SK,2016-08-01,6589.333333333333,1.0,0.574423854447766,0.0,37.85070251574479,0.0115,32.91365436151721,-22.271495867529936
SK,2016-09-01,6707.555555555555,1.0,0.5616713063676736,0.0,37.67441491422635,0.0115,32.760360794979434,-23.76368238914737
SK,2016-10-01,6853.333333333333,1.0,0.5505312370597483,0.0,37.72974077982808,0.0115,32.80847024332876,-25.652628752108384
SK,2016-11-01,7057.777777777777,1.0,0.5474264390583485,0.0,38.63614156554033,0.0115,33.59664483960029,-28.17039388089129
SK,2016-12-01,7249.777777777777,1.0,0.5538426186610537,0.0,40.15235909155158,0.0115,34.915094862218766,-29.38065917089466
SK,2017-01-01,7546.666666666666,1.0,0.5629877429921379,0.0,42.48680833780667,0.0115,36.94505072852754,-30.504693900551693
SK,2017-02-01,7814.222222222222,1.0,0.5731040940429032,0.0,44.78362747316588,0.0115,38.94228475927468,-32.06689706987415
SK,2017-03-01,8075.555555555555,1.0,0.5833118662225074,0.0,47.10567381894648,0.0115,40.96145549473607,-33.62430137244901
SK,2017-04-01,8282.666666666666,1.0,0.5910158968717306,0.0,48.95187668489587,0.0115,42.566849291213806,-34.505311276452964
SK,2017-05-01,8470.222222222223,1.0,0.5970486018273107,0.0,50.57134334944394,0.0115,43.975081173429516,-35.3988837619772
SK,2017-06-01,8680.888888888889,1.0,0.5979459708683427,0.0,51.90702534666875,0.0115,45.136543779711964,-35.98405333051286
SK,2017-07-01,8876.444444444443,1.0,0.6006142519136836,0.0,53.31319039653372,0.0115,46.35929599698585,-37.36614329654523
SK,2017-08-01,8929.777777777777,1.0,0.6003327420010603,0.0,53.60837978793468,0.0115,46.61598242429103,-38.91453039216192
SK,2017-09-01,9088.0,1.0,0.5992630308955472,0.0,54.46102424778733,0.0115,47.357412389380286,-40.13836044446565
SK,2017-10-01,9290.666666666666,1.0,0.5993232779184585,0.0,55.68112800714425,0.0115,48.41837218012544,-41.015236660349366
SK,2017-11-01,9412.444444444443,1.0,0.5979688799135224,0.0,56.28348861692701,0.0115,48.94216401471914,-41.922903104519804
SK,2017-12-01,9584.888888888889,1.0,0.5942728832888227,0.0,56.960395560029994,0.0115,49.530778747852175,-42.72141596127279
SK,2018-01-01,9751.111111111111,1.0,0.5917731282602567,0.0,57.70445526235571,0.0115,50.17778718465714,-43.04799656991164
SK,2018-02-01,9876.444444444443,1.0,0.5915076304871053,0.0,58.41992250970868,0.0115,50.79993261713798,-43.77262010484253
SK,2018-03-01,9998.22222222222,1.0,0.5922279852936736,0.0,59.21227003185102,0.0115,51.48893046247915,-44.24276113077635
SK,2018-04-01,10149.333333333332,1.0,0.5921584261345727,0.0,60.10013252981823,0.0115,52.2609848085376,-44.592475206234326
SK,2018-05-01,10267.555555555555,1.0,0.592103510034136,0.0,60.79455683914937,0.0115,52.864832034042934,-45.252396389882364
SK,2018-06-01,10432.0,1.0,0.5985629038521355,0.0,62.44208212985478,0.0115,54.29746272161286,-45.29907512139944
SK,2018-07-01,10567.111111111111,1.0,0.6027165159831152,0.0,63.68972392895353,0.0115,55.382368633872645,-45.300831746151914
SK,2018-08-01,10681.777777777777,1.0,0.6059892417420922,0.0,64.73042416013087,0.0115,56.28732535663554,-45.55786755268121
SK,2018-09-01,10890.666666666666,1.0,0.6122434203530019,0.0,66.67739009924426,0.0115,57.980339216734144,-45.08969429143351
SK,2018-10-01,10965.333333333332,1.0,0.6170492000756209,0.0,67.66150161895875,0.0115,58.83608836431196,-45.87358206172772
SK,2018-11-01,10372.444444444443,1.0,0.6170492000756209,0.0,64.00308547273262,0.0115,55.65485693281098,-50.27226739211731
SK,2018-12-01,10386.666666666666,1.0,0.6194480747758044,0.0,64.34000670004689,0.0115,55.94783191308425,-51.359590967553295
SK,2019-01-01,10463.111111111111,1.0,0.6219710086436235,0.0,65.07751771328083,0.0115,56.589145837635506,-51.319302132610765
SK,2019-02-01,10530.666666666666,1.0,0.6227695216990735,0.0,65.58178243172377,0.0115,57.027636897151105,-50.90065490432277
SK,2019-03-01,10599.111111111111,1.0,0.621946070787854,0.0,65.92075509399442,0.0115,57.322395733908195,-50.80057713234133
SK,2019-04-01,10670.22222222222,1.0,0.6193734721719003,0.0,66.08852586623547,0.0115,57.46828336194389,-50.519353234643035
SK,2019-05-01,10597.333333333332,1.0,0.6186870070073347,0.0,65.5643244225906,0.0115,57.012456019644006,-50.51758643431643
SK,2019-06-01,10658.666666666666,1.0,0.6117257750504382,0.0,65.20181127670938,0.0115,56.697227197138595,-50.00873352498906
SK,2019-07-01,10736.0,1.0,0.6003727799039338,0.0,64.45602165048632,0.0115,56.04871447868376,-49.801741897767855
SK,2019-08-01,10793.777777777777,1.0,0.5853219480463535,0.0,63.178350356683296,0.0115,54.93769596233331,-49.428544934012606
SK,2019-09-01,10861.333333333332,1.0,0.5696364097683355,0.0,61.87010925297148,0.0115,53.8000950025839,-49.04244586321816
SK,2019-10-01,10960.0,1.0,0.5539435047976125,0.0,60.71220812581832,0.0115,52.79322445723333,-48.6982291874339
SK,2019-11-01,11046.22222222222,1.0,0.5443247343344101,0.0,60.12731976509967,0.0115,52.28462588269537,-48.28161143539442
SK,2019-12-01,11130.666666666666,1.0,0.5354640072105118,0.0,59.600713762578025,0.0115,51.82670761963307,-47.84714581972082
SK,2020-01-01,11255.111111111111,1.0,0.5252130201646243,0.0,59.11330898955088,0.0115,51.40287738221816,-47.16785772451377
SK,2020-02-01,11318.22222222222,1.0,0.5157067964063408,0.0,58.36884123237277,0.0115,50.75551411510676,-46.56571339742854
SK,2020-03-01,11532.666666666666,1.0,0.49746906760385917,0.0,57.37144933652773,0.0115,49.888216814371944,-42.23608197233713
SK,2020-04-01,12053.777777777777,1.0,0.5038107933836619,0.0,60.72823345492575,0.0115,52.807159526022396,-43.162173742024855
SK,2020-05-01,13342.111111111111,1.0,0.4963133887310032,0.0,66.21868378381127,0.0115,57.581464159835896,-42.11392262725098
SK,2020-06-01,14598.666666666666,1.0,0.43860038985558003,0.0,64.02980891371661,0.0115,55.67809470757966,-39.977851672993324
SK,2020-07-01,15285.111111111111,1.0,0.4003767504640207,0.0,61.19803117148163,0.0115,53.21567927954925,-42.20386163224853
SK,2020-08-01,15770.22222222222,1.0,0.3705230186896875,0.0,58.4323034318497,0.0115,50.810698636391045,-43.590900633283006
SK,2020-09-01,16361.0,1.0,0.33563265691671795,0.0,54.91285899814422,0.0115,47.75031217229933,-45.40831758333141
SK,2020-10-01,16791.22222222222,1.0,0.3082132986891739,0.0,51.75277990134071,0.0115,45.00241730551366,-45.58044191466412
SK,2020-11-01,17380.666666666664,1.0,0.27367394665168593,0.0,47.56635642104068,0.0115,41.362049061774506,-46.207928779683776
SK,2020-12-01,18151.22222222222,1.0,0.22764362779088168,0.0,41.32010075505136,0.0115,35.93052239569683,-48.7096971792591
SK,2021-01-01,18610.22222222222,1.0,0.20233110643554203,0.0,37.65426853233533,0.0115,32.74284220203072,-49.34327641038366
SK,2021-02-01,19168.88888888889,1.0,0.1837589540852664,0.0,35.22454973198907,0.0115,30.63004324520789,-49.676733486905505
SK,2021-03-01,19392.22222222222,1.0,0.17654777903053778,0.0,34.236537637999724,0.0115,29.770902293912805,-49.23234797128051
SK,2021-04-01,20020.444444444445,1.0,0.16288977509850755,0.0,32.611256929277204,0.0115,28.357614721110615,-49.251318319523655
SK,2021-05-01,20350.88888888889,1.0,0.15758335070131574,0.0,32.06961260861288,0.0115,27.886619659663374,-49.80106739197182
SK,2021-06-01,20804.88888888889,1.0,0.15018511297003403,0.0,31.24584588106784,0.0115,27.17030076614595,-49.9994168707507
SK,2021-07-01,21127.11111111111,1.0,0.14064645838574935,0.0,29.714533536999916,0.0115,25.838724814782537,-50.27466469419085
SK,2021-08-01,21397.666666666664,1.0,0.12988201652146053,0.0,27.79172095520705,0.0115,24.16671387409309,-49.70634887130214
SK,2021-09-01,21686.333333333332,1.0,0.12258804819921984,0.0,26.58485275931014,0.0115,23.117263268965342,-49.76937270252387
SK,2021-10-01,22086.444444444445,1.0,0.12083612912048619,0.0,26.68840452701334,0.0115,23.207308284359428,-50.031161932826365
SK,2021-11-01,22291.0,1.0,0.11741807885379595,0.0,26.173663957299656,0.0115,22.759707788956224,-50.57368479976573
SK,2021-12-01,22546.444444444445,1.0,0.1132106881355257,0.0,25.52498490564956,0.0115,22.195639048390923,-51.11872263999032
SK,2022-01-01,22897.11111111111,1.0,0.11486761501059792,0.0,26.30136543965995,0.0115,22.870752556226044,-52.559679548457616
SK,2022-02-01,23185.444444444445,1.0,0.1268476824441922,0.0,29.410198942163493,0.0115,25.57408603666391,-54.32843060820042
SK,2022-03-01,23487.555555555555,1.0,0.14492604575731127,0.0,34.03958551171835,0.0115,29.599639575407263,-55.00642489838721
SK,2022-04-01,23785.333333333332,1.0,0.17461991268900376,0.0,41.53392829945518,0.0115,36.11645939083059,-55.44548244420542
SK,2022-05-01,23982.666666666664,1.0,0.20410718465317315,0.0,48.95034573808834,0.0115,42.5655180331203,-54.70659708277719
SK,2022-06-01,24115.11111111111,1.0,0.23677619463334101,0.0,57.09884242049088,0.0115,49.65116732216599,-56.84905220363319
SK,2022-07-01,24178.22222222222,1.0,0.25954429169220355,0.0806451612903225,43.254629302189905,0.0115,37.61272113233905,-55.028515169839935
SK,2022-08-01,24257.333333333332,1.0,0.2819526170703874,0.5,-52.892480501845895,0.0115,-45.993461305952955,-26.043186724421844
SK,2022-09-01,24333.777777777777,1.0,0.3159376805677821,0.925,-148.20787133881495,0.0115,-128.8764098598391,2.1646806634910547
SK,2022-10-01,24401.333333333332,1.0,0.3570695668440274,1.25,-217.88693142916608,0.0115,-189.46689689492703,22.841789757973515
SK,2022-11-01,24468.888888888887,1.0,0.3962132020253678,1.975,-386.3115873888594,0.0115,-335.9231194685734,70.00534369146084
SK,2022-12-01,24536.444444444445,1.0,0.4331470168500214,2.177419354838709,-427.9824131704066,0.0115,-372.15862014817964,82.11749909710852
SK,2023-01-01,24761.444444444445,1.0,0.48819898950768303,2.5,-498.15098954582703,0.0115,-433.1747735181105,102.19081743854673
SK,2023-02-01,23767.11111111111,1.0,0.4874947264554874,2.875,-567.4410311469614,0.0115,-493.42698360605345,137.1377737298866
SK,2023-03-01,23955.333333333332,1.0,0.5429451574094485,3.161290322580645,-627.2333121339773,0.0115,-545.4202714208499,154.60830174225634
SK,2023-04-01,24043.333333333332,1.0,0.5858375268539805,3.5,-700.6617972934079,0.0115,-609.2711280812242,175.02635193370963
SK,2023-05-01,24176.555555555555,1.0,0.6326312202613626,3.6774193548387095,-736.124894905056,0.0115,-640.1086042652661,185.68679823944524
SK,2023-06-01,24236.444444444445,1.0,0.6709937291302915,3.8333333333333335,-766.4386813173347,0.0115,-666.4684185368128,194.21287186052018
SK,2023-07-01,24274.444444444445,1.0,0.7075298749769681,4.0,-799.2288313486464,0.0115,-694.9815924770838,194.55478845919959
SK,2023-08-01,24314.444444444445,1.0,0.7450705354722396,4.241935483870968,-850.2432851756597,0.0115,-739.3419871092693,208.36471905845997
SK,2023-09-01,24331.444444444445,1.0,0.7808828237414529,4.341666666666667,-866.3901425281024,0.0115,-753.3827326331326,211.28847673926884
SK,2023-10-01,24382.444444444445,1.0,0.8233427683710547,4.5,-896.4589069145768,0.0115,-779.5294842735451,213.37968924730626
SK,2023-11-01,23726.666666666664,1.0,0.823382850850972,4.5,-872.3386955880927,0.0115,-758.5553874679068,225.98408578484634
SK,2023-12-01,23744.666666666664,1.0,0.8511493986915185,4.5,-866.4074124453612,0.0115,-753.397749952488,225.46965032263552
SK,2024-01-01,23804.666666666664,1.0,0.8836372985007549,4.5,-860.8630865495569,0.0115,-748.5765969996147,220.508848767676
SK,2024-02-01,23852.666666666664,1.0,0.916691933824347,4.5,-854.7145286646578,0.0115,-743.2300249257894,216.47069123714857
SK,2024-03-01,23901.666666666664,1.0,0.9499395472297637,4.5,-848.5236158862992,0.0115,-737.8466225098255,212.2812305733305
SK,2024-04-01,23950.666666666664,1.0,0.9850393381363832,4.5,-841.8565115874152,0.0115,-732.0491405107958,206.55555978727568
SK,2024-05-01,24013.666666666664,1.0,1.0218319751602243,4.5,-835.2356755916076,0.0115,-726.2918918187893,205.09162152675606
SK,2024-06-01,23196.333333333332,1.0,1.0217831058568199,4.341666666666667,-770.0912570439882,0.0115,-669.6445713425985,206.39446669634083
SK,2024-07-01,23226.333333333332,1.0,1.0526009873555866,4.25,-742.6385526735003,0.0115,-645.7726544986959,195.1592551428506
SK,2024-08-01,23236.333333333332,1.0,1.0783232286227973,4.25,-736.9813868531113,0.0115,-640.8533798722707,193.08713968152313
SK,2024-09-01,23253.333333333332,1.0,1.104102920928518,3.99,-671.067267453422,0.0115,-583.5367543073236,174.08909047317627
SK,2024-10-01,23275.333333333332,1.0,1.1297878635521157,3.577419354838709,-569.6943883685922,0.0115,-495.3864246683411,145.30776193367421
SK,2024-11-01,22135.666666666664,1.0,1.1292752204193548,3.4,-502.6400681253729,0.0115,-437.07832010901996,150.41432264326716
SK,2024-12-01,22142.666666666664,1.0,1.1516135578266997,3.287096774193548,-472.85293032272324,0.0115,-411.17646115019414,140.82079269497484
SK,2025-01-01,22142.666666666664,1.0,1.1755644550706756,3.0,-403.9786812618838,0.0115,-351.2858097929425,121.61972257851994
SK,2025-02-01,22142.666666666664,1.0,1.1970331709759499,2.7857142857142856,-351.77636363279385,0.0115,-305.8924901154729,106.23838768399304
SK,2025-03-01,22142.666666666664,1.0,1.2211188798779733,2.588709677419355,-302.8210716635963,0.0115,-263.3226710118229,91.74371298291743
SK,2025-04-01,22142.666666666664,1.0,1.2443170200975497,2.433333333333333,-263.2799188520887,0.0115,-228.93905987138152,80.95655758766617
SK,2025-05-01,20877.0,1.0,1.2442395495225935,2.25,-209.97260924616813,0.0115,-182.5848776053636,76.4626857077235
SK,2025-06-01,20877.0,1.0,1.265936743923456,2.083333333333333,-170.64788597110004,0.0115,-148.38946606182614,64.73444695245516
SK,2025-07-01,20877.0,1.0,1.2873742564681028,2.0,-148.77487647715418,0.0115,-129.36945780622105,57.56958321400904
SK,2025-08-01,20877.0,1.0,1.3089231940248314,2.0,-144.27610478343595,0.0115,-125.4574824203791,56.93593673517337
SK,2025-09-01,20877.0,1.0,1.3306295038949894,2.0,-139.74447847184308,0.0115,-121.5169378016027,55.883403392069425
SK,2025-10-01,19754.333333333332,1.0,1.3299922311296835,2.0,-132.3555680218719,0.0115,-115.09179827988862,56.91079547498913
SK,2025-11-01,19754.333333333332,1.0,1.3499673965861232,2.0,-128.40960725372193,0.0115,-111.66052804671473,56.19604671719868
SK,2025-12-01,19754.333333333332,1.0,1.3709476378631276,2.0,-124.2651004577249,0.0115,-108.05660909367383,55.42445712733847
SK,2026-01-01,19754.333333333332,1.0,1.3911548361895538,2.0,-120.2733031429949,0.011364,-105.83711997799621,54.69973780809285
SK,2026-02-01,19696.333333333332,1.0,1.4048569375219164,2.0,-117.2213613958916,0.011364,-103.15149718047483,53.22621642143777
SK,2026-03-01,19696.333333333332,1.0,1.426517658951262,2.0,-112.95499350076292,0.011364,-99.39721356983713,51.97853352593455
SK,2026-04-01,19696.333333333332,1.0,1.4487470494494141,2.0,-108.57661865027856,0.011364,-95.54436699250137,50.428344239220095
SK,2026-05-01,18788.88888888889,1.0,1.4484318605177706,2.0,-103.63352487382777,0.011364,-91.19458366229124,48.926902365000856
SK,2026-06-01,18788.88888888889,1.0,1.470900464745508,2.1166666666666667,-121.3322941609644,0.011364,-106.76900225357655,54.233643153289094
SK,2026-07-01,18788.88888888889,1.0,1.4945518075965187,2.25,-141.94032148380967,0.011364,-124.90348599420068,59.885037804810366
SK,2026-08-01,18788.88888888889,1.0,1.5194930022681423,2.25,-137.25414812939684,0.011364,-120.77978540073639,58.89214798101355
