ncb,month,stock_eur_m,approx_share,portfolio_yield_pct,ref_pct,carry_eur_m_pa,key_share,carry_per_keypp_eur_m_pa,carry_per_keypp_demeaned
AT,2015-03-01,1080.888888888889,1.0,0.20885779734735382,0.05,1.7170762806611757,0.029565,0.5807800712535686,-1.176114840690286
AT,2015-04-01,2152.0,1.0,0.1858999945698839,0.05,2.9245678831439013,0.029565,0.9891993516468464,-2.818736022488585
AT,2015-05-01,3320.0,1.0,0.3005394092409712,0.05,8.317908386800246,0.029565,2.813430876644764,-4.841053715436702
AT,2015-06-01,4484.444444444444,1.0,0.4264093448817922,0.05,16.87986795492126,0.029565,5.70940908334898,-6.779091854635601
AT,2015-07-01,5696.0,1.0,0.5080549893102352,0.05,26.090812191110995,0.029565,8.82489842418772,-7.538537451379787
AT,2015-08-01,6641.777777777777,1.0,0.5361042189072804,0.05,32.285961988223995,0.029565,10.920332145518008,-8.272490860804032
AT,2015-09-01,7778.666666666666,1.0,0.5631260209467233,0.05,39.914362749375776,0.029565,13.50054549277043,-9.108652837216765
AT,2015-10-01,8955.555555555555,1.0,0.5675088534229071,0.05,46.34579287320701,0.029565,15.675898147541691,-10.554701444275395
AT,2015-11-01,10209.777777777777,1.0,0.568886087406898,0.05,52.97711644405003,0.029565,17.918862318298675,-12.05800974742952
AT,2015-12-01,11236.444444444443,1.0,0.5778042686011748,0.05,59.30643341677734,0.029565,20.05967644741327,-12.315816280864329
AT,2016-01-01,12434.666666666666,1.0,0.5743002306251457,0.05,65.19498601080144,0.029565,22.05140741106086,-13.434385171827078
AT,2016-02-01,13642.666666666666,1.0,0.5513801022431377,0.05,68.40161608202379,0.029565,23.13601085135254,-15.072052904923485
AT,2016-03-01,14845.333333333332,1.0,0.526071112741435,0.0241935483870967,74.50539735361603,0.029565,25.200540285342814,-16.432378058466607
AT,2016-04-01,16676.444444444445,1.0,0.49122034787982144,0.0,81.91808841398516,0.029565,27.70779246202779,-18.34084354026372
AT,2016-05-01,18578.666666666664,1.0,0.46146341023235504,0.0,85.73374877570178,0.029565,28.998392956435577,-20.60138417347849
AT,2016-06-01,20222.222222222223,1.0,0.4403376174384802,0.0,89.04605152644822,0.029565,30.118738889378733,-22.60016400990458
AT,2016-07-01,21891.555555555555,1.0,0.4098058166684366,0.0,89.71286802586894,0.029565,30.344281422583776,-23.964312197567544
AT,2016-08-01,23095.11111111111,1.0,0.3874591780223011,0.0,89.48412767444825,0.029565,30.266912793657447,-24.9182374353897
AT,2016-09-01,24769.777777777777,1.0,0.3643787483228875,0.0,90.2558062290274,0.029565,30.527923635727177,-25.996119548399626
AT,2016-10-01,26511.11111111111,1.0,0.3506962686399688,0.0,92.97347744166284,0.029565,31.447142716611815,-27.013956278825333
AT,2016-11-01,28182.22222222222,1.0,0.3549500615932344,0.0,100.03281513611995,0.029565,33.83487743484524,-27.932161285646337
AT,2016-12-01,29511.11111111111,1.0,0.3589963483465745,0.0,105.9438112453891,0.029565,35.834199643290745,-28.46155438982268
AT,2017-01-01,31262.22222222222,1.0,0.3659144345440677,0.0,114.3929836703543,0.029565,38.692028976950546,-28.757715652128688
AT,2017-02-01,32940.444444444445,1.0,0.37312163228200906,0.0,122.90792399205948,0.029565,41.57210349807525,-29.43707833107358
AT,2017-03-01,34680.88888888889,1.0,0.3802484717786083,0.0,131.87354999923718,0.029565,44.60461694545482,-29.98113992173026
AT,2017-04-01,36069.33333333333,1.0,0.38126250649798393,0.0,137.51884434377948,0.029565,46.51406877854878,-30.558091789117988
AT,2017-05-01,37397.33333333333,1.0,0.38894715457005047,0.0,145.455863885077,0.029565,49.19866865722205,-30.175296278184668
AT,2017-06-01,38723.555555555555,1.0,0.39166631700841836,0.0,151.6671238591532,0.029565,51.29955144906247,-29.82104566116235
AT,2017-07-01,40078.22222222222,1.0,0.4011588791690268,0.0,160.7773470575385,0.029565,54.380973129558086,-29.344466163972996
AT,2017-08-01,41165.33333333333,1.0,0.4043168518563537,0.0,166.43837978950748,0.029565,56.29574827989429,-29.234764536558664
AT,2017-09-01,42468.444444444445,1.0,0.40691464693752327,0.0,172.81032077096933,0.029565,58.45097945914741,-29.04479337469852
AT,2017-10-01,43758.22222222222,1.0,0.40994995295259423,0.0,179.38681141289163,0.029565,60.67539706169174,-28.758211778783064
AT,2017-11-01,45043.555555555555,1.0,0.40944419870104143,0.0,184.42822511090287,0.029565,62.38059364481747,-28.48447347442147
AT,2017-12-01,46187.555555555555,1.0,0.4086633545848128,0.0,188.7516139340574,0.029565,63.84292708745387,-28.40926762167109
AT,2018-01-01,46675.555555555555,1.0,0.41132506777421385,0.0,191.98826052287973,0.029565,64.93768324805673,-28.288100506512052
AT,2018-02-01,47194.666666666664,1.0,0.41726370816525477,0.0,196.92621618956477,0.029565,66.6078864162235,-27.96466630575702
AT,2018-03-01,47685.33333333333,1.0,0.42235891649386814,0.0,201.40325719315598,0.029565,68.12219083144122,-27.60950076181429
AT,2018-04-01,48246.22222222222,1.0,0.4265072710882284,0.0,205.7736458031624,0.029565,69.6004213776974,-27.253038637074525
AT,2018-05-01,48758.22222222222,1.0,0.430034620036649,0.0,209.6772356699583,0.029565,70.92076295280172,-27.196465471123574
AT,2018-06-01,49319.11111111111,1.0,0.43227362405519415,0.0,213.19350895180793,0.029565,72.11009942560727,-27.486438417405026
AT,2018-07-01,49896.0,1.0,0.4321778630472625,0.0,215.6394665460621,0.029565,72.93741469509963,-27.745785684924925
AT,2018-08-01,50403.555555555555,1.0,0.431982934189684,0.0,217.73475822481635,0.029565,73.64612150340481,-28.199071405911937
AT,2018-09-01,50941.33333333333,1.0,0.43302767751773075,0.0,220.59007262989894,0.029565,74.61189671229458,-28.458136795873074
AT,2018-10-01,51193.777777777774,1.0,0.433948450392261,0.0,222.1546053639243,0.029565,75.14108079280375,-29.56858963323593
AT,2018-11-01,51394.666666666664,1.0,0.4336751709739191,0.0,222.88590853814247,0.029565,75.38843515580669,-30.538689169121596
AT,2018-12-01,51723.555555555555,1.0,0.43187578928136783,0.0,223.38151379994233,0.029565,75.55606757988916,-31.751355300748386
AT,2019-01-01,51978.666666666664,1.0,0.4290583109043283,0.0,223.0187892305911,0.029565,75.43338042637953,-32.47506754386674
AT,2019-02-01,52118.22222222222,1.0,0.42674102329446223,0.0,222.4098348339929,0.029565,75.22740904244644,-32.70088275902744
AT,2019-03-01,51876.44444444444,1.0,0.42533510217097037,0.0,220.64872798044442,0.029565,74.63173616791626,-33.49123669833327
AT,2019-04-01,52112.0,1.0,0.4207693513835301,0.0,219.27132439298524,0.029565,74.16584623473203,-33.821790361854895
AT,2019-05-01,52291.555555555555,1.0,0.4153481783754287,0.0,217.19202344417528,0.029565,73.46254809544233,-34.067494358518104
AT,2019-06-01,51833.777777777774,1.0,0.41425423207538853,0.0,214.7236180889967,0.029565,72.62764014510289,-34.07832057702477
AT,2019-07-01,51917.33333333333,1.0,0.40578471782872805,0.0,210.67260457086684,0.029565,71.25743432128085,-34.59302205517076
AT,2019-08-01,51981.33333333333,1.0,0.3947765417636215,0.0,205.21011009595392,0.029565,69.4098123104867,-34.956428585859214
AT,2019-09-01,52105.777777777774,1.0,0.38373417861696135,0.0,199.9476783675347,0.029565,67.62985907915937,-35.21268178664269
AT,2019-10-01,51755.555555555555,1.0,0.38077261001011714,0.0,197.07097971412506,0.029565,66.65685090956369,-34.834602735103545
AT,2019-11-01,52332.44444444444,1.0,0.367672178402533,0.0,192.41183850018425,0.029565,65.08095332324852,-35.48528399484127
AT,2019-12-01,52956.44444444444,1.0,0.35510971102907635,0.0,188.05347683794,0.029565,63.606790745117536,-36.067062694236355
AT,2020-01-01,53633.777777777774,1.0,0.3415217955885094,0.0,183.1710409086176,0.029565,61.95536644972691,-36.61536865700502
AT,2020-02-01,54157.33333333333,1.0,0.32662255179865507,0.0,176.89006411943694,0.029565,59.830902797036,-37.4903247154993
AT,2020-03-01,55376.03866666667,1.0,0.3094681462238692,0.0,171.37120031394636,0.029565,57.964214548941776,-34.128358898538984
AT,2020-04-01,58002.89077777777,1.0,0.28789681062243017,0.0,166.98847261803388,0.029565,56.48181045764718,-39.065171353720366
AT,2020-05-01,61841.434888888885,1.0,0.25373529643580206,0.0,156.91354813547574,0.029565,53.07409035531058,-45.80169170048442
AT,2020-06-01,65259.535,1.0,0.22433190629669184,0.0,146.39795890585683,0.029565,49.51732078669265,-45.16180941709759
AT,2020-07-01,66651.784,1.0,0.2095745855992416,0.0,139.68520011250163,0.029565,47.246812146964864,-47.148824111556216
AT,2020-08-01,68395.95988888889,1.0,0.19140929395883502,0.0,130.91622391969022,0.029565,44.280813096462104,-49.09889594159447
AT,2020-09-01,70842.40155555555,1.0,0.1676192656269415,0.0,118.74551323991119,0.029565,40.16421892099144,-51.98556656900379
AT,2020-10-01,73170.6211111111,1.0,0.1429840288428549,0.0,104.62230199400719,0.029565,35.38721528632071,-54.28986271108076
AT,2020-11-01,75687.28522222221,1.0,0.1179101402682704,0.0,89.24298417076811,0.029565,30.185348950031493,-56.60036182923977
AT,2020-12-01,77611.90544444443,1.0,0.0977701146692515,0.0,75.88124895002437,0.029565,25.665905276517627,-58.313938027322315
AT,2021-01-01,79529.41022222221,1.0,0.07910650135479198,0.0,62.91293397490029,0.029565,21.27953119394564,-60.24606627070014
AT,2021-02-01,81454.91944444444,1.0,0.0674900974564642,0.0,54.974004516139956,0.029565,18.59428530902755,-61.20463472093593
AT,2021-03-01,83746.69166666667,1.0,0.05851177305208278,0.0,49.00167416662752,0.029565,16.574217543253006,-61.94655283301909
AT,2021-04-01,86382.50233333334,1.0,0.050838398408559846,0.0,43.91548069150351,0.029565,14.853874747675802,-62.290978204585045
AT,2021-05-01,88803.19222222222,1.0,0.0479204814370275,0.0,42.55491724433785,0.029565,14.393680786178876,-62.75365658172481
AT,2021-06-01,91274.53944444444,1.0,0.042754102574346656,0.0,39.02361021834027,0.029565,13.199259333110188,-63.392289257425745
AT,2021-07-01,93937.02422222222,1.0,0.032018788737563156,0.0,30.07749733206686,0.029565,10.173345960448794,-65.38011871763547
AT,2021-08-01,95818.99888888889,1.0,0.021073933934093625,0.0,20.192832522154347,0.029565,6.829978867632114,-66.55559645630478
AT,2021-09-01,95748.10244444443,1.0,0.015631379750756035,0.0,14.966749497234032,0.029565,5.062320141124313,-67.33902428331704
AT,2021-10-01,97887.85566666667,1.0,0.013286098300081164,0.0,13.005476727714903,0.029565,4.39894359131233,-68.2726560779023
AT,2021-11-01,99832.92566666666,1.0,0.008917496588553507,0.0,8.902597740578157,0.029565,3.01119490633457,-69.67048559102963
AT,2021-12-01,100656.09133333333,1.0,0.005627279486340727,0.0,5.6641995793530535,0.029565,1.9158462977686634,-70.69252111486509
AT,2022-01-01,102943.36344444443,1.0,0.0073046608989805265,0.0,7.519663617621745,0.029565,2.543434337095128,-71.98689335766876
AT,2022-02-01,104123.02122222222,1.0,0.016993853424219642,0.0,17.694513607373555,0.029565,5.984953021266211,-72.65168348491927
AT,2022-03-01,105474.21988888888,1.0,0.031060081978401703,0.0,32.76037916356856,0.029565,11.080797958250823,-71.91421454278212
AT,2022-04-01,106372.00422222223,1.0,0.0538647469606746,0.0,57.2970109112981,0.029565,19.380013837746695,-70.36261463165599
AT,2022-05-01,107623.58655555555,1.0,0.08518234831899336,0.0,91.67629837314664,0.029565,31.0083877467095,-64.24005744709622
AT,2022-06-01,108418.273,1.0,0.11984171865845879,0.0,129.93032170301979,0.029565,43.94734371825462,-60.14409931701501
AT,2022-07-01,108907.158,1.0,0.14192205364764632,0.0806451612903225,66.73492197708057,0.029565,22.572271935423835,-68.18985974193833
AT,2022-08-01,109088.50844444444,1.0,0.1600647609001635,0.5,-370.8302820110675,0.029565,-125.42881177441822,-108.79032571694745
AT,2022-09-01,107535.56877777778,1.0,0.16023355767435926,0.925,-822.3959435764538,0.029565,-278.16537919041224,-155.5576386685437
AT,2022-10-01,108186.21766666666,1.0,0.20545728753636142,1.25,-1130.051252527216,0.029565,-382.22602825206025,-182.0769155673081
AT,2022-11-01,105112.3831111111,1.0,0.20348038125754128,1.975,-1862.086488541068,0.029565,-629.8280022124363,-244.95726818311294
AT,2022-12-01,105505.283,1.0,0.24054726336117394,2.177419354838709,-2043.5023814613921,0.029565,-691.1897113009951,-260.163042040977
AT,2023-01-01,106447.55955555555,1.0,0.2914831220751146,2.5,-2350.912318923588,0.029565,-795.1673664547905,-286.7236315043072
AT,2023-02-01,107210.27411111111,1.0,0.34201651947811357,2.875,-2715.6185326566774,0.029565,-918.524786963192,-319.1911833242019
AT,2023-03-01,108331.234,1.0,0.40066687201937523,3.161290322580645,-2990.6174500864036,0.029565,-1011.5398106160675,-345.8590175400544
AT,2023-04-01,107033.36355555555,1.0,0.40663177612242324,3.5,-3310.9360571749185,0.029565,-1119.8836655419984,-373.74309468700926
AT,2023-05-01,107835.18733333334,1.0,0.4548221906040791,3.6774193548387095,-3475.093689051101,0.029565,-1175.407978708304,-389.6452361174703
AT,2023-06-01,108240.55088888889,1.0,0.4942597497836462,3.8333333333333335,-3614.231641419545,0.029565,-1222.469690992574,-403.43408194908363
AT,2023-07-01,104509.73977777778,1.0,0.4937357881431012,4.0,-3664.387603732996,0.029565,-1239.434332397428,-392.9673363961721
AT,2023-08-01,104768.43877777777,1.0,0.5303999967446791,4.241935483870968,-3888.5177845454023,0.029565,-1315.2436274464408,-413.30347022375724
AT,2023-09-01,104927.56977777778,1.0,0.5659173182962016,4.341666666666667,-3961.8020321454096,0.029565,-1340.0311287486586,-421.9309003909324
AT,2023-10-01,100638.54699999999,1.0,0.5647951901242114,4.5,-3960.332942133106,0.029565,-1339.5342270025726,-394.63764759817275
AT,2023-11-01,100874.132,1.0,0.5998524165190616,4.5,-3934.240021555372,0.029565,-1330.7086154423716,-393.8055671614138
AT,2023-12-01,101011.927,1.0,0.6252686576852585,4.5,-3913.940794945087,0.029565,-1323.8426500744417,-392.37212276551566
AT,2024-01-01,100999.50022222221,1.0,0.6482885928045918,4.5,-3890.2092712696845,0.029565,-1315.815752162924,-393.7430862917305
AT,2024-02-01,101353.32222222222,1.0,0.6809189695515321,4.5,-3870.7655027182004,0.029565,-1309.2391350306782,-396.0833153622641
AT,2024-03-01,101774.70822222222,1.0,0.7146014360474071,4.5,-3852.5783435109415,0.029565,-1303.0875506548084,-399.1172144202874
AT,2024-04-01,101986.29022222222,1.0,0.7455029452073673,4.5,-3829.0722626856,0.029565,-1295.1369060326738,-402.25276019222486
AT,2024-05-01,102499.24322222223,1.0,0.7835138797401081,4.5,-3809.370147725317,0.029565,-1288.4729063843454,-402.56827771951157
AT,2024-06-01,102843.28622222222,1.0,0.8179790259616477,4.341666666666667,-3623.8761659073316,0.029565,-1225.7318335556677,-392.5996044826022
AT,2024-07-01,98744.34022222222,1.0,0.8182992937294062,4.25,-3388.610220808238,0.029565,-1146.1560023028032,-346.4597850112376
AT,2024-08-01,98799.45822222222,1.0,0.841135081576816,4.25,-3367.9400709295032,0.029565,-1139.1645766715721,-346.0774315553547
AT,2024-09-01,98938.14666666667,1.0,0.8640674472058255,3.99,-3092.7397337845778,0.029565,-1046.0814252611458,-325.65957911653095
AT,2024-10-01,93907.675,1.0,0.8640823998872597,3.577419354838709,-2548.0316493107034,0.029565,-861.840571388704,-252.7159006475806
AT,2024-11-01,93905.92277777777,1.0,0.8848332900874424,3.4,-2361.89050834286,0.029565,-798.8806048851209,-240.39547437184262
AT,2024-12-01,93995.71177777777,1.0,0.9052540102108146,3.287096774193548,-2238.830059433066,0.029565,-757.2569116972994,-232.56661553177275
AT,2025-01-01,93737.90177777778,1.0,0.9225014448974113,3.0,-1947.403555016817,0.029565,-658.6854574722872,-209.2279877216684
AT,2025-02-01,93737.90177777778,1.0,0.943966597808061,2.7857142857142856,-1726.41563868403,0.029565,-583.9389949886792,-192.2394982001872
AT,2025-03-01,93737.90177777778,1.0,0.9680731095512329,2.588709677419355,-1519.150714162969,0.029565,-513.8341668063484,-176.43432696925169
AT,2025-04-01,90503.92866666667,1.0,0.9681561764721011,2.433333333333333,-1326.0428888859844,0.029565,-448.5178044599981,-154.0743185621116
AT,2025-05-01,90503.92866666667,1.0,0.9888916795525234,2.25,-1141.3525747471824,0.029565,-386.0485624039176,-140.0076234217519
AT,2025-06-01,90422.1508888889,1.0,1.0078306948525246,2.083333333333333,-972.4926185810978,0.029565,-328.9337455035,-126.59958617818396
AT,2025-07-01,90422.1508888889,1.0,1.0287481788020705,2.0,-878.2267872746733,0.029565,-297.0494798831974,-119.63349695845852
AT,2025-08-01,90422.1508888889,1.0,1.049604769016189,2.0,-859.3678098009857,0.029565,-290.670661187548,-117.57396903445579
AT,2025-09-01,90250.58522222222,1.0,1.067315233590425,2.0,-841.7534599631576,0.029565,-284.7128225818223,-116.37215047240232
AT,2025-10-01,85253.89288888889,1.0,1.0673272253433164,2.0,-795.1398483096372,0.029565,-268.94633800427437,-105.72942930617609
AT,2025-11-01,85253.89288888889,1.0,1.0869814646594618,2.0,-778.3838441749245,0.029565,-263.2788243446388,-104.00450549886878
AT,2025-12-01,85253.89288888889,1.0,1.108154962607324,2.0,-760.3326129136232,0.029565,-257.17321593560735,-102.05803486282281
AT,2026-01-01,85253.89288888889,1.0,1.12886362054929,2.0,-742.6776758530531,0.029216,-254.2023808368884,-101.89069844184019
AT,2026-02-01,85253.89288888889,1.0,1.149269259362277,2.0,-725.2810743961355,0.029216,-248.24790333931256,-99.89814012475011
AT,2026-03-01,80999.47633333332,1.0,1.149250349988436,2.0,-689.1027614170329,0.029216,-235.8648553590611,-92.26356230702461
AT,2026-04-01,80999.47633333332,1.0,1.1727175432410273,2.0,-670.0944577723026,0.029216,-229.3587273317027,-90.90381716669279
AT,2026-05-01,80999.47633333332,1.0,1.1962257898180901,2.0,-651.052901149733,0.029216,-222.841217534821,-89.95137486728606
AT,2026-06-01,80999.47633333332,1.0,1.2187129433139057,2.1166666666666667,-727.337813631405,0.029216,-248.95188035028923,-96.18942866767264
AT,2026-07-01,79549.60688888888,1.0,1.2187434009000562,2.25,-820.3605705997302,0.029216,-280.79154251086055,-105.36965317062766
AT,2026-08-01,79549.60688888888,1.0,1.2436086751448527,2.25,-800.5803426861504,0.029216,-274.0212016313494,-103.46537994379929
BE,2015-03-01,1358.2222222222222,1.0,0.3994659967404376,0.05,4.74652482683901,0.036695,1.2935072426322414,-0.463387669311613
BE,2015-04-01,2718.222222222222,1.0,0.38074493569434203,0.05,8.990382340918204,0.036695,2.4500292521919076,-1.357906121943524
BE,2015-05-01,4190.222222222222,1.0,0.5200738729522152,0.05,19.697139885304374,0.036695,5.367799396458476,-2.286685195622991
BE,2015-06-01,5663.11111111111,1.0,0.6725100499797844,0.05,35.25343580818849,0.036695,9.607149695650223,-2.8813512423343575
BE,2015-07-01,7122.666666666666,1.0,0.7394990025926188,0.05,49.11071562466359,0.036695,13.3834897464678,-2.979946129099707
BE,2015-08-01,8333.333333333332,1.0,0.7555621143131509,0.05,58.796842859429226,0.036695,16.023121095361557,-3.169701910960484
BE,2015-09-01,9784.888888888889,1.0,0.7737616645420059,0.05,70.819274695808,0.036695,19.29943444496744,-3.3097638850197555
BE,2015-10-01,11276.444444444443,1.0,0.7705589831952492,0.05,81.25343342946604,0.036695,22.142916863187367,-4.087682728629719
BE,2015-11-01,12844.444444444443,1.0,0.7726263825476049,0.05,92.81734424722568,0.036695,25.29427558174838,-4.682596483979815
BE,2015-12-01,14129.777777777777,1.0,0.7775567476697142,0.05,102.802151652958,0.036695,28.015302262694647,-4.360190465582953
BE,2016-01-01,15648.888888888889,1.0,0.7793704820296421,0.05,114.13837632117198,0.036695,31.10461270504755,-4.381179877840388
BE,2016-02-01,17166.222222222223,1.0,0.7688736966288746,0.05,123.40345626041622,0.036695,33.629501637938745,-4.578562118337281
BE,2016-03-01,18686.222222222223,1.0,0.7525325727796243,0.0241935483870967,136.099048629153,0.036695,37.08926246877041,-4.543655875039015
BE,2016-04-01,21008.0,1.0,0.7259894116700335,0.0,152.51585560364063,0.036695,41.56311639287114,-4.485519609420372
BE,2016-05-01,23403.555555555555,1.0,0.7038566780948653,0.0,164.72748868941963,0.036695,44.89099024101912,-4.708786888894949
BE,2016-06-01,25484.44444444444,1.0,0.6763234326767275,0.0,172.3572694652602,0.036695,46.97023285604584,-5.748670043237475
BE,2016-07-01,27589.333333333332,1.0,0.6345443103715651,0.0,175.06654493611234,0.036695,47.70855564412382,-6.600037976027501
BE,2016-08-01,29104.0,1.0,0.6050667970278982,0.0,176.0986406069995,0.036695,47.98981894181755,-7.1953312872295925
BE,2016-09-01,31216.888888888887,1.0,0.5729209033845875,0.0,178.84808183078513,0.036695,48.73908756800249,-7.784955616124314
BE,2016-10-01,33418.666666666664,1.0,0.5509219226059181,0.0,184.1107609092631,0.036695,50.173255459671104,-8.287843535766044
BE,2016-11-01,35527.11111111111,1.0,0.5519759756834626,0.0,196.1011181877034,0.036695,53.44082795686154,-8.326210763630037
BE,2016-12-01,37186.666666666664,1.0,0.5551089445369665,0.0,206.42651284181323,0.036695,56.254670347952924,-8.041083685160501
BE,2017-01-01,39399.11111111111,1.0,0.5649032192974329,0.0,222.56684704123924,0.036695,60.65318082606329,-6.7965638030159425
BE,2017-02-01,41505.777777777774,1.0,0.5829957598499914,0.0,241.97692453720438,0.036695,65.94275092988265,-5.06643089926618
BE,2017-03-01,43637.33333333333,1.0,0.5998820321866497,0.0,261.77252199206225,0.036695,71.33738165746348,-3.248375209721601
BE,2017-04-01,45391.11111111111,1.0,0.6091062773491902,0.0,276.4801071363235,0.036695,75.34544410309948,-1.7267164645672892
BE,2017-05-01,47062.22222222222,1.0,0.6168892559508676,0.0,290.3217925006105,0.036695,79.1175344053987,-0.25643053000801785
BE,2017-06-01,48738.666666666664,1.0,0.6184293009922895,0.0,301.4141955796287,0.036695,82.14039939491177,1.0198022846869463
BE,2017-07-01,50449.777777777774,1.0,0.6283643157706678,0.0,317.0084009411557,0.036695,86.39008064890467,2.6646413553735897
BE,2017-08-01,51822.22222222222,1.0,0.6324838540971207,0.0,327.76718838988563,0.036695,89.32202981056973,3.791516994116776
BE,2017-09-01,53468.44444444444,1.0,0.6359460677071328,0.0,340.0304699086173,0.036695,92.66397871879475,5.168205884948819
BE,2017-10-01,55096.0,1.0,0.6384841027630141,0.0,351.77920125831025,0.036695,95.86570411726673,6.432095276791927
BE,2017-11-01,56717.33333333333,1.0,0.6364645492677728,0.0,360.9857199567003,0.036695,98.37463413454158,7.509567015302636
BE,2017-12-01,58191.11111111111,1.0,0.6328170152444701,0.0,368.2432524709265,0.036695,100.35243288484168,8.100238175716711
BE,2018-01-01,58824.88888888888,1.0,0.6338000518973276,0.0,372.832176306323,0.036695,101.60299122668566,8.37720747211688
BE,2018-02-01,59497.777777777774,1.0,0.639849158040203,0.0,380.6960301637421,0.036695,103.74602266350786,9.173469941527344
BE,2018-03-01,60132.44444444444,1.0,0.6436739568865809,0.0,387.05688452818055,0.036695,105.47946165095533,9.747770057699825
BE,2018-04-01,60844.44444444444,1.0,0.646251771277783,0.0,393.2082999463488,0.036695,107.15582502966312,10.302365014891194
BE,2018-05-01,61487.11111111111,1.0,0.6489588872956833,0.0,399.02607209692707,0.036695,108.74126504889688,10.62403662497158
BE,2018-06-01,62211.555555555555,1.0,0.6511280161348048,0.0,405.07686749549083,0.036695,110.39020779274857,10.79366994973627
BE,2018-07-01,62945.777777777774,1.0,0.6508783390042548,0.0,409.70043287330935,0.036695,111.65020653312696,10.967006153102403
BE,2018-08-01,63589.33333333333,1.0,0.6510586755045473,0.0,414.00387136217154,0.036695,112.82296535281961,10.977772443502857
BE,2018-09-01,64238.22222222222,1.0,0.6522535524838116,0.0,418.9960864968897,0.036695,114.1834273053249,11.113393797157244
BE,2018-10-01,64549.33333333333,1.0,0.6540629878097407,0.0,422.1932982112688,0.036695,115.0547208642237,10.345050438184018
BE,2018-11-01,64802.666666666664,1.0,0.6551037130995808,0.0,424.5246755208776,0.036695,115.69006009562001,9.762935770691726
BE,2018-12-01,65215.11111111111,1.0,0.6553841614496052,0.0,427.40950909398384,0.036695,116.47622539691616,9.168802516278618
BE,2019-01-01,65461.33333333333,1.0,0.6557392185931382,0.0,429.2556356806495,0.036695,116.97932570667653,9.070877736430262
BE,2019-02-01,65595.55555555555,1.0,0.6551353112279711,0.0,429.73964704060546,0.036695,117.11122688121146,9.18293507973759
BE,2019-03-01,65076.44444444444,1.0,0.6548922541987922,0.0,426.18059397464685,0.036695,116.14132551427902,8.018352648029492
BE,2019-04-01,65262.22222222222,1.0,0.6516366008220109,0.0,425.2725265097959,0.036695,115.89386197296524,7.906225376378316
BE,2019-05-01,65427.555555555555,1.0,0.6476836122376138,0.0,423.7635552209938,0.036695,115.48264210955003,7.952599655589594
BE,2019-06-01,65514.666666666664,1.0,0.6414058922055317,0.0,420.21493225881335,0.036695,114.51558311999274,7.809622397865084
BE,2019-07-01,65720.88888888889,1.0,0.6322035431095169,0.0,415.48978811862435,0.036695,113.22790247135151,7.377446094899895
BE,2019-08-01,65768.88888888889,1.0,0.6220596250144508,0.0,409.12170359839297,0.036695,111.49249314576727,7.126252249421356
BE,2019-09-01,64714.666666666664,1.0,0.6220596250144508,0.0,402.5638127960184,0.036695,109.70535844011948,6.862817574317418
BE,2019-10-01,65029.33333333333,1.0,0.6098738277940573,0.0,396.5968843889568,0.036695,108.07927085133039,6.587817206663161
BE,2019-11-01,65678.22222222222,1.0,0.5957661015083471,0.0,391.2885840733222,0.036695,106.632670411043,6.066433092953204
BE,2019-12-01,66442.66666666666,1.0,0.5815912671852601,0.0,386.424747018345,0.036695,105.30719362810873,5.633340188754843
BE,2020-01-01,67296.0,1.0,0.566058057360515,0.0,380.9344302813322,0.036695,103.81099067484186,5.24025556810993
BE,2020-02-01,67923.55555555555,1.0,0.5512675162642034,0.0,374.44049766944744,0.036695,102.04128564367011,4.720058131134806
BE,2020-03-01,70064.04933333333,1.0,0.5249483361677997,0.0,367.80006122711967,0.036695,100.23165587331236,8.139082425831603
BE,2020-04-01,73972.76155555555,1.0,0.49127816918762895,0.0,363.41202866766355,0.036695,99.03584375736847,3.488861946000924
BE,2020-05-01,78886.05122222222,1.0,0.4461261870942258,0.0,351.93133246689786,0.036695,95.90716241092734,-2.9686196448676583
BE,2020-06-01,83609.11866666666,1.0,0.40255964775192854,0.0,336.5765735930252,0.036695,91.72273432157657,-2.95639588221367
BE,2020-07-01,87045.87255555554,1.0,0.3668338158139443,0.0,319.31369580408733,0.036695,87.01831197822247,-7.377324280298609
BE,2020-08-01,89186.53566666666,1.0,0.3419793820039335,0.0,304.9995635035844,0.036695,83.11747199988675,-10.262237038169829
BE,2020-09-01,90114.80888888889,1.0,0.321007319634043,0.0,289.27513260756257,0.036695,78.83230211406529,-13.317483375929939
BE,2020-10-01,93096.41544444444,1.0,0.2877228392764252,0.0,267.859649781332,0.036695,72.99622558423,-16.680852413171465
BE,2020-11-01,96061.1331111111,1.0,0.2553118000455644,0.0,245.25540809014348,0.036695,66.8361924213499,-19.949518357921363
BE,2020-12-01,98277.35177777777,1.0,0.23045650490720798,0.0,226.4865500224285,0.036695,61.7213653147373,-22.258477989102644
BE,2021-01-01,100562.89822222223,1.0,0.20721112764495989,0.0,208.37751539872,0.036695,56.7863511101567,-24.739246354489083
BE,2021-02-01,102830.67244444444,1.0,0.18853030530460446,0.0,193.8669807062889,0.036695,52.83198820174108,-26.9669318282224
BE,2021-03-01,105582.0531111111,1.0,0.17346472282403824,0.0,183.1476157811177,0.036695,49.910782335772645,-28.609988040499452
BE,2021-04-01,108861.48177777776,1.0,0.15964690534977793,0.0,173.79398677613463,0.036695,47.36176230443784,-29.78309064782301
BE,2021-05-01,111796.89855555556,1.0,0.15188078593559387,0.0,169.79800817779636,0.036695,46.272791436925026,-30.874545930978663
BE,2021-06-01,114733.188,1.0,0.14286898663976286,0.0,163.918143035094,0.036695,44.67043004090313,-31.92111854963281
BE,2021-07-01,118038.40244444444,1.0,0.1290364054140713,0.0,152.31251152250638,0.036695,41.50770173661436,-34.04576294146991
BE,2021-08-01,120334.64722222222,1.0,0.11583803829319293,0.0,139.39329472925638,0.036695,37.98699951744281,-35.398575806494094
BE,2021-09-01,120441.58077777777,1.0,0.10702066749853113,0.0,128.89738369416034,0.036695,35.126688566333385,-37.27465585810798
BE,2021-10-01,123016.0488888889,1.0,0.10241912190209557,0.0,125.99195707065259,0.036695,34.33491131507088,-38.336688354143746
BE,2021-11-01,125523.8518888889,1.0,0.09618597349422915,0.0,120.73633890678212,0.036695,32.90266764049111,-39.77901285687309
BE,2021-12-01,127501.82277777776,1.0,0.0906244778912598,0.0,115.54786119420045,0.036695,31.488720859572272,-41.119646553061486
BE,2022-01-01,130110.91155555555,1.0,0.09103321361263131,0.0,118.44414404971067,0.036695,32.2780062814309,-42.252321413332986
BE,2022-02-01,131911.97655555554,1.0,0.10048194907791128,0.0,132.54772511021957,0.036695,36.1214675324212,-42.51516897376428
BE,2022-03-01,131170.75544444442,1.0,0.1056429207377268,0.0,138.57261720525187,0.036695,37.763351193691754,-45.23166130734119
BE,2022-04-01,133465.02555555553,1.0,0.1375788227801124,0.0,183.61961098250947,0.036695,50.03940890652936,-39.703219562873315
BE,2022-05-01,134393.89477777778,1.0,0.16264560623583355,0.0,218.5857649052649,0.036695,59.56826949319115,-35.68017570061457
BE,2022-06-01,135391.25955555553,1.0,0.198272531173308,0.0,268.4436773082232,0.036695,73.15538283368939,-30.936060201580247
BE,2022-07-01,135637.45088888888,1.0,0.21789758595794775,0.0806451612903225,186.16569010235943,0.036695,50.7332579649433,-40.028873712418864
BE,2022-08-01,135928.14577777777,1.0,0.2368089635955906,0.5,-357.75069563782984,0.036695,-97.49303600976424,-80.85454995229347
BE,2022-09-01,133215.2081111111,1.0,0.23945956013707054,0.925,-913.244123649228,0.036695,-248.8742672432833,-126.26652672141475
BE,2022-10-01,134129.0128888889,1.0,0.2856448769066199,1.25,-1293.48000734858,0.036695,-352.49489231464236,-152.34577962989022
BE,2022-11-01,133548.4638888889,1.0,0.30702253006950053,1.975,-2227.5582891049357,0.036695,-607.0468153985382,-222.17608136921484
BE,2022-12-01,133944.037,1.0,0.34281254913593195,2.177419354838709,-2457.346418635046,0.036695,-669.6679162379197,-238.64124697790163
BE,2023-01-01,133807.97733333334,1.0,0.3702711783874045,2.5,-2849.747058884849,0.036695,-776.6036405191032,-268.15990556862
BE,2023-02-01,134399.13177777777,1.0,0.4135772885980642,2.875,-3308.1307535052383,0.036695,-901.520848482147,-302.1872448431569
BE,2023-03-01,135013.38066666666,1.0,0.45788065515114035,3.161290322580645,-3649.9647852660646,0.036695,-994.6763279100871,-328.9955348340741
BE,2023-04-01,135465.85666666666,1.0,0.49847339629655874,3.5,-4066.0437267847715,0.036695,-1108.064784516902,-361.92421366191275
BE,2023-05-01,136105.00877777778,1.0,0.5412167231791779,3.6774193548387095,-4268.528867109104,0.036695,-1163.2453650658413,-377.4826224750076
BE,2023-06-01,132722.6882222222,1.0,0.5395616427391356,3.8333333333333335,-4371.582331659155,0.036695,-1191.3291542878198,-372.2935452443295
BE,2023-07-01,132967.1632222222,1.0,0.5773874085116146,4.0,-4550.95087098869,0.036695,-1240.210075211525,-393.743079210269
BE,2023-08-01,133223.19522222222,1.0,0.6154474916898623,4.241935483870968,-4831.323177533882,0.036695,-1316.616208620761,-414.67605139807745
BE,2023-09-01,133387.6602222222,1.0,0.6530247937253177,4.341666666666667,-4920.19308829362,0.036695,-1340.8347426880014,-422.73451433027515
BE,2023-10-01,130251.52622222222,1.0,0.652666330602092,4.5,-5011.2108232522005,0.036695,-1365.6385947001502,-420.7420152957503
BE,2023-11-01,130434.66022222221,1.0,0.6881164581729525,4.5,-4972.017345848919,0.036695,-1354.957717904052,-418.05466962309424
BE,2023-12-01,130553.78622222222,1.0,0.7146118612058866,4.5,-4941.967538402623,0.036695,-1346.7686437941472,-415.29811648522116
BE,2024-01-01,131035.62422222222,1.0,0.7472373968926715,4.5,-4917.455902559803,0.036695,-1340.088813887397,-418.0161480162036
BE,2024-02-01,131461.45522222223,1.0,0.7818020974915898,4.5,-4887.997070679699,0.036695,-1332.0607904836354,-418.9049708152213
BE,2024-03-01,131892.62022222223,1.0,0.8161780497784756,4.5,-4858.689294468536,0.036695,-1324.0739322710278,-420.1035960365068
BE,2024-04-01,132322.89622222222,1.0,0.8515619959201396,4.5,-4827.718833870709,0.036695,-1315.633964810113,-422.74981896966403
BE,2024-05-01,132839.4052222222,1.0,0.8894253133391611,4.5,-4796.2659388643715,0.036695,-1307.0625259202538,-421.15789725542004
BE,2024-06-01,126925.35544444443,1.0,0.8891638631722585,4.341666666666667,-4382.101455064687,0.036695,-1194.1957909973257,-361.0635619242603
BE,2024-07-01,127152.93944444443,1.0,0.9205555846870137,4.25,-4233.486441239358,0.036695,-1153.6957191005201,-353.9995018089545
BE,2024-08-01,127223.17044444443,1.0,0.9449959275158427,4.25,-4204.73096433235,0.036695,-1145.85937166708,-352.77222655086257
BE,2024-09-01,127343.18544444445,1.0,0.9688758511178147,3.99,-3847.195727417936,0.036695,-1048.4250517558075,-328.0032056111927
BE,2024-10-01,123044.29666666666,1.0,0.9689980719207648,3.577419354838709,-3209.5136216700275,0.036695,-874.6460339746635,-265.5213632335401
BE,2024-11-01,123181.20266666665,1.0,0.994376496101539,3.4,-2963.2759637341305,0.036695,-807.5421620749777,-249.05703156169943
BE,2024-12-01,123203.43055555555,1.0,1.0164099100909403,3.287096774193548,-2797.5641137487783,0.036695,-762.3829169502053,-237.69262078467864
BE,2025-01-01,123203.43055555555,1.0,1.0419255444291373,3.0,-2412.4149020953205,0.036695,-657.4233279998149,-207.96585824919606
BE,2025-02-01,123203.43055555555,1.0,1.066020157434242,2.7857142857142856,-2118.7221611034697,0.036695,-577.3871538638697,-185.68765707537773
BE,2025-03-01,123203.43055555555,1.0,1.0930543786031142,2.588709677419355,-1842.698637427554,0.036695,-502.1661363748615,-164.76629653776473
BE,2025-04-01,123203.43055555555,1.0,1.1162032436935199,2.433333333333333,-1622.749455315714,0.036695,-442.22631293519936,-147.78282703731287
BE,2025-05-01,123203.43055555555,1.0,1.1391624094595076,2.25,-1368.5900194465619,0.036695,-372.9636243211778,-126.92268533901213
BE,2025-06-01,114350.52811111111,1.0,1.1393854368644611,2.083333333333333,-1079.4094047058795,0.036695,-294.15707990349625,-91.8229205781802
BE,2025-07-01,114350.52811111111,1.0,1.162298498042341,2.0,-957.9160914832928,0.036695,-261.0481241268001,-83.63214120206118
BE,2025-08-01,114350.52811111111,1.0,1.1852774596049387,2.0,-931.6395275820131,0.036695,-253.88732186456278,-80.79062971147059
BE,2025-09-01,114350.52811111111,1.0,1.208625119851186,2.0,-904.9413547888415,0.036695,-246.61162414193802,-78.27095203251804
BE,2025-10-01,114350.52811111111,1.0,1.2311986050026467,2.0,-879.128455305063,0.036695,-239.57717817279277,-76.36026947469449
BE,2025-11-01,114350.52811111111,1.0,1.2538562793991423,2.0,-853.2192849749741,0.036695,-232.51649679110892,-73.24217794533891
BE,2025-12-01,114350.52811111111,1.0,1.2781795623262497,2.0,-825.405482493867,0.036695,-224.93677135682438,-69.82159028403984
BE,2026-01-01,114350.52811111111,1.0,1.3028336992344187,2.0,-797.2133467381395,0.036261,-219.85420885748863,-67.5425264624404
BE,2026-02-01,114350.52811111111,1.0,1.3263817197730878,2.0,-770.2860608924585,0.036261,-212.42824546826026,-64.07848225369781
BE,2026-03-01,109939.63644444445,1.0,1.3264524303785261,2.0,-740.4957493222397,0.036261,-204.2127214699649,-60.61142841792841
BE,2026-04-01,109939.63644444445,1.0,1.3552323065393244,2.0,-708.8552581018968,0.036261,-195.4869579167416,-57.03204775173168
BE,2026-05-01,109822.29366666666,1.0,1.3824003359292598,2.0,-678.2621167601151,0.036261,-187.050030821024,-54.16018815348906
BE,2026-06-01,102849.53333333333,1.0,1.3821405432036653,2.1166666666666667,-755.4566901931207,0.036261,-208.3386255737902,-55.576173891173624
BE,2026-07-01,102849.53333333333,1.0,1.4107279036158336,2.25,-863.1874345279987,0.036261,-238.04843620639218,-62.62654686615929
BE,2026-08-01,102849.53333333333,1.0,1.440989735432498,2.25,-832.063281726441,0.036261,-229.46506762815173,-58.90924594060161
CY,2015-07-01,87.1111111111111,1.0,3.014821330588808,0.05,2.582688803535139,0.002204,11.71818876377105,-4.645247111796458
CY,2015-08-01,87.1111111111111,1.0,3.015620727863865,0.05,2.5833851673836334,0.002204,11.72134830936313,-7.471474696958911
CY,2015-09-01,87.1111111111111,1.0,3.0161936631637816,0.05,2.5838842576893386,0.002204,11.723612784434387,-10.885585545552807
CY,2015-10-01,167.11111111111111,1.0,3.031726210909262,0.05,4.9827958013417,0.002204,22.607966430769967,-3.622633161047119
CY,2015-11-01,253.33333333333331,1.0,3.1672275467235287,0.05,7.896976451699605,0.002204,35.83020168647734,5.853329620749143
CY,2015-12-01,253.33333333333331,1.0,3.1686802922459543,0.05,7.900656740356417,0.002204,35.846899910873034,3.471407182595435
CY,2016-01-01,253.33333333333331,1.0,3.1693815441276323,0.05,7.902433245123335,0.002204,35.85496027732911,0.3691676944411739
CY,2016-02-01,253.33333333333331,1.0,3.1738419999620735,0.05,7.913733066570586,0.002204,35.90622988462154,-2.3018338716544875
CY,2016-03-01,239.1111111111111,1.0,3.1738419999620735,0.0241935483870967,7.531159408654832,0.002204,34.17041473981322,-7.462503603996204
CY,2016-04-01,239.1111111111111,1.0,3.1783872676895246,0.0,7.599877111186507,0.002204,34.482201048940595,-11.566434953350914
CY,2016-05-01,239.1111111111111,1.0,3.1814511475613743,0.0,7.607203188391196,0.002204,34.515440963662414,-15.084336166251653
CY,2016-06-01,239.1111111111111,1.0,3.1844163423864673,0.0,7.614293298684085,0.002204,34.54761024811291,-18.171292651170404
CY,2016-07-01,239.1111111111111,1.0,3.1886174030145207,0.0,7.624338501430275,0.002204,34.593187393059324,-19.715406227091997
CY,2016-08-01,239.1111111111111,1.0,3.192554085223816,0.0,7.633751546001835,0.002204,34.63589630672339,-20.549253922323757
CY,2016-09-01,220.44444444444443,1.0,3.192554085223816,0.0,7.037808116760056,0.002204,31.93197875117993,-24.592064432946874
CY,2016-10-01,220.44444444444443,1.0,3.1875678481932135,0.0,7.026816234239261,0.002204,31.88210632594946,-26.578992669487686
CY,2016-11-01,220.44444444444443,1.0,3.1817833903974004,0.0,7.014064718387158,0.002204,31.82425008342631,-29.942788637065266
CY,2016-12-01,220.44444444444443,1.0,3.174852267568138,0.0,6.998785443172428,0.002204,31.75492487827781,-32.54082915483562
CY,2017-01-01,220.44444444444443,1.0,3.1658621274522964,0.0,6.978967178739285,0.002204,31.665005348181875,-35.784739280897355
CY,2017-02-01,220.44444444444443,1.0,3.15434847815309,0.0,6.953585978506367,0.002204,31.549845637506206,-39.45933619164262
CY,2017-03-01,220.44444444444443,1.0,3.1424090944810836,0.0,6.927266270500521,0.002204,31.43042772459402,-43.155329142591064
CY,2017-04-01,220.44444444444443,1.0,3.129280159300094,0.0,6.898324262279318,0.002204,31.29911189781905,-45.773048669847725
CY,2017-05-01,220.44444444444443,1.0,3.111917976686695,0.0,6.860050295273781,0.002204,31.125455060225867,-48.24850987518085
CY,2017-06-01,190.2222222222222,1.0,3.1119179766866947,0.0,5.9195595289862455,0.002204,26.85825557616264,-54.26234153406218
CY,2017-07-01,190.2222222222222,1.0,3.0871989525816472,0.0,5.872538452021977,0.002204,26.64491130681478,-57.080527986716305
CY,2017-08-01,190.2222222222222,1.0,3.061272044681042,0.0,5.823219711659938,0.002204,26.42114206742259,-59.10937074903036
CY,2017-09-01,189.33333333333331,1.0,3.037327797420593,0.0,5.750673963116323,0.002204,26.091987128476966,-61.40378570536897
CY,2017-10-01,189.33333333333331,1.0,2.9980253926868135,0.0,5.6762614101537,0.002204,25.754362115034937,-63.67924672543987
CY,2017-11-01,189.33333333333331,1.0,2.9531105996971196,0.0,5.5912227354265465,0.002204,25.36852420792444,-65.4965429113145
CY,2017-12-01,189.33333333333331,1.0,2.909768447666144,0.0,5.509161594247899,0.002204,24.996195981161065,-67.2559987279639
CY,2018-01-01,189.33333333333331,1.0,2.8679425262596205,0.0,5.429971183051548,0.002204,24.636892845061475,-68.58889090950731
CY,2018-02-01,189.33333333333331,1.0,2.82980077732355,0.0,5.357756138399254,0.002204,24.30923837749208,-70.26331434448844
CY,2018-03-01,189.33333333333331,1.0,2.79038518860405,0.0,5.283129290423667,0.002204,23.970641063628253,-71.76105052962725
CY,2018-04-01,189.33333333333331,1.0,2.7575978872289055,0.0,5.221051999820061,0.002204,23.688983665245285,-73.16447634952664
CY,2018-05-01,189.33333333333331,1.0,2.732949981732912,0.0,5.174385298747646,0.002204,23.477247271994766,-74.63998115193053
CY,2018-06-01,189.33333333333331,1.0,2.7106408779322977,0.0,5.13214672888515,0.002204,23.28560221817219,-76.31093562484011
CY,2018-07-01,189.33333333333331,1.0,2.677287999181401,0.0,5.068998611783452,0.002204,22.999086260360492,-77.68411411966406
CY,2018-08-01,189.33333333333331,1.0,2.6473526818243553,0.0,5.012321077587446,0.002204,22.741928664189864,-79.1032642451269
CY,2018-09-01,189.33333333333331,1.0,2.6119154396287323,0.0,4.945226565697066,0.002204,22.437507103888684,-80.63252640427896
CY,2018-10-01,327.1111111111111,1.0,2.2289126674181308,0.0,7.291020992087751,0.002204,33.08085749586094,-71.62881293017874
CY,2018-11-01,447.1111111111111,1.0,2.1242479903247613,0.0,9.497748792296488,0.002204,43.0932340848298,-62.833890240098484
CY,2018-12-01,601.7777777777777,1.0,2.060160899515343,0.0,12.397590479750106,0.002204,56.25041052518197,-51.057012355455576
CY,2019-01-01,653.3333333333333,1.0,2.0321061191823873,0.0,13.276426645324927,0.002204,60.237870441583155,-47.67057752866312
CY,2019-02-01,703.1111111111111,1.0,1.9930930713878154,0.0,14.01365883971344,0.002204,63.58284410033321,-44.345447701140664
CY,2019-03-01,753.7777777777777,1.0,1.9403793858574319,0.0,14.626148615174241,0.002204,66.36183582202469,-41.76113704422484
CY,2019-04-01,857.7777777777777,1.0,1.8317940242384445,0.0,15.712722074578656,0.002204,71.29184244364181,-36.69579415294511
CY,2019-05-01,960.8888888888888,1.0,1.7338358675390995,0.0,16.660236202753477,0.002204,75.59090836095045,-31.939134093009983
CY,2019-06-01,1046.2222222222222,1.0,1.62724635831587,0.0,17.02461301100248,0.002204,77.2441606669804,-29.46180005514725
CY,2019-07-01,1170.6666666666665,1.0,1.4927958772144354,0.0,17.475663735923654,0.002204,79.29067030818355,-26.559786068268068
CY,2019-08-01,1252.4444444444443,1.0,1.401917403773187,0.0,17.55823663925707,0.002204,79.66532050479616,-24.700920391549758
CY,2019-09-01,1395.5555555555554,1.0,1.285623499877342,0.0,17.941590176066015,0.002204,81.40467412008174,-21.437866745720328
CY,2019-10-01,1485.3333333333333,1.0,1.2233363414722855,0.0,18.170622458668348,0.002204,82.44384055657146,-19.047613088095773
CY,2019-11-01,1615.111111111111,1.0,1.1578980246583666,0.0,18.70133965159335,0.002204,84.85181330124026,-15.714424016849534
CY,2019-12-01,1728.0,1.0,1.1080632316709726,0.0,19.147332643274407,0.002204,86.87537496948461,-12.79847846986928
CY,2020-01-01,1817.7777777777776,1.0,1.074733643966955,0.0,19.53626935033265,0.002204,88.64006057319715,-9.930674533534784
CY,2020-02-01,1854.2222222222222,1.0,1.058129304182632,0.0,19.620068697999738,0.002204,89.02027539927286,-8.30095211326244
CY,2020-03-01,1977.7803333333331,1.0,1.0688765282891697,0.0,21.140029764119298,0.002204,95.91665047241061,3.8240770249298492
CY,2020-04-01,2272.9154444444443,1.0,1.1857500902307978,0.0,26.951096933369737,0.002204,122.28265396265762,26.735672151290075
CY,2020-05-01,2569.831222222222,1.0,1.2540329167262496,0.0,32.22652943097516,0.002204,146.2183730987984,47.342591043003395
CY,2020-06-01,2884.527777777778,1.0,1.2379105220953874,0.0,35.70787287387537,0.002204,162.01394225896266,67.33481205517242
CY,2020-07-01,3177.8817777777776,1.0,1.2124028985718167,0.0,38.52873078696336,0.002204,174.81275311689365,80.41711685837257
CY,2020-08-01,3395.673555555555,1.0,1.191373633209666,0.0,40.455159410762064,0.002204,183.55335485826708,90.17364582021051
CY,2020-09-01,3632.1326666666664,1.0,1.1595433818353553,0.0,42.11615395581333,0.002204,191.08962774869934,98.93984225870412
CY,2020-10-01,3873.9265555555553,1.0,1.1109446758167776,0.0,43.03718081399672,0.002204,195.26851549000327,105.5914374926018
CY,2020-11-01,4109.4982222222225,1.0,1.0586203875674152,0.0,43.50398600716493,0.002204,197.3865063845959,110.60079560532462
CY,2020-12-01,4332.622222222222,1.0,1.0076663406326318,0.0,43.65837580010289,0.002204,198.08700453767193,114.10716123383199
CY,2021-01-01,4507.745777777778,1.0,0.9706381393215574,0.0,43.75389974276829,0.002204,198.5204162557545,116.99481879110871
CY,2021-02-01,4656.201555555555,1.0,0.9440360038660761,0.0,43.956219097016735,0.002204,199.43838065797067,119.63946062800719
CY,2021-03-01,4817.988777777778,1.0,0.9208412948554825,0.0,44.366030247280726,0.002204,201.29777789147337,122.77700751520128
CY,2021-04-01,4967.331222222222,1.0,0.9008002770981242,0.0,44.74573341415941,0.002204,203.0205690297614,125.87571607750054
CY,2021-05-01,5095.339888888889,1.0,0.8878796689585517,0.0,45.24048693777971,0.002204,205.2653672313054,128.11802986340172
CY,2021-06-01,5235.792333333333,1.0,0.868000068731281,0.0,45.44668105196047,0.002204,206.20091221397672,129.6093636234408
CY,2021-07-01,5364.689,1.0,0.8463750947869846,0.0,45.40539160877694,0.002204,206.01357354254512,130.46010886446084
CY,2021-08-01,5470.473,1.0,0.8253458438416218,0.0,45.15032154397808,0.002204,204.8562683483579,131.470693024421
CY,2021-09-01,5595.812,1.0,0.8046398941339158,0.0,45.026135752732955,0.002204,204.29281194524935,131.891467520808
CY,2021-10-01,5689.151444444444,1.0,0.7920897250811942,0.0,45.06318403575278,0.002204,204.46090760323406,131.78930793401943
CY,2021-11-01,5785.1575555555555,1.0,0.7839897158383885,0.0,45.35504028060306,0.002204,205.78511924048578,133.1034387431216
CY,2021-12-01,5865.161888888889,1.0,0.7792353589321133,0.0,45.703415296832844,0.002204,207.3657681344503,134.75740072181654
CY,2022-01-01,5994.057222222222,1.0,0.7795504817060408,0.0,46.72670194956906,0.002204,212.00862953524984,137.47830184048595
CY,2022-02-01,6097.176222222222,1.0,0.7995026276986704,0.0,48.7470841120852,0.002204,221.17551774993285,142.53888124374737
CY,2022-03-01,6197.626,1.0,0.8267412276503087,0.0,51.23832927757472,0.002204,232.47880797447698,149.48379547344405
CY,2022-04-01,6291.848222222223,1.0,0.860919812196195,0.0,54.16776789842519,0.002204,245.77027177143918,156.0276433020365
CY,2022-05-01,5922.051666666666,1.0,0.8610081118002952,0.0,50.98934523500458,0.002204,231.34911631127306,136.10067111746736
CY,2022-06-01,5958.4961111111115,1.0,0.8997284433640831,0.0,53.610284308409426,0.002204,243.24085439387218,139.14941135860255
CY,2022-07-01,6007.385,1.0,0.9422703085088778,0.0806451612903225,51.761139850235416,0.002204,234.85090676150372,144.08877508414156
CY,2022-08-01,6045.608333333334,1.0,0.9747862682626651,0.5,28.703718199610037,0.002204,130.23465607808546,146.87314213555624
CY,2022-09-01,6114.942555555555,1.0,1.030900286836389,0.925,6.475741706213747,0.002204,29.381768177013374,151.98950869888193
CY,2022-10-01,6166.498555555556,1.0,1.0869039411963635,1.25,-10.057316110294288,0.002204,-45.6321057635857,154.51700692116646
CY,2022-11-01,6194.054111111111,1.0,1.1308550302775995,1.975,-52.28679620082799,0.002204,-237.2359174266243,147.6348166026991
CY,2022-12-01,6220.721444444444,1.0,1.1744786966817868,2.177419354838709,-62.390144597019905,0.002204,-283.0768811117056,147.9497881483125
CY,2023-01-01,6234.943666666666,1.0,1.2116210141210528,2.5,-80.32970398272364,0.002204,-364.4723411194358,143.97139383104746
CY,2023-02-01,6247.388111111111,1.0,1.247010986367922,2.875,-101.7067920878455,0.002204,-461.4645739012954,137.8690297376947
CY,2023-03-01,6250.943666666666,1.0,1.2782902586961873,3.161290322580645,-117.70527323671479,0.002204,-534.0529638689419,131.62782920707116
CY,2023-04-01,6278.501222222222,1.0,1.317916371351715,3.5,-137.00214729459358,0.002204,-621.6068389046897,124.53373195029951
CY,2023-05-01,6322.949222222222,1.0,1.3630811986267495,3.6774193548387095,-146.33442644779623,0.002204,-663.9493033021608,121.81343928867284
CY,2023-06-01,6347.840333333334,1.0,1.3977529253254852,3.8333333333333335,-154.60675549028676,0.002204,-701.4825566709926,117.55305237249775
CY,2023-07-01,5938.043,1.0,1.39798403454865,4.0,-154.50882689536627,0.002204,-701.0382345524786,145.42876144877744
CY,2023-08-01,5957.601000000001,1.0,1.4298341392443232,4.241935483870968,-167.53377782849046,0.002204,-760.135108114748,141.80504910793547
CY,2023-09-01,5970.936,1.0,1.4608324751937665,4.341666666666667,-172.01276583896433,0.002204,-780.4571952766078,137.64303308111846
CY,2023-10-01,5994.05,1.0,1.4973365403105674,4.5,-179.98114910551442,0.002204,-816.6113843262905,128.28519507810938
CY,2023-11-01,6002.0509999999995,1.0,1.5232307143213037,4.5,-178.66721067877106,0.002204,-810.6497762194695,126.25327206148836
CY,2023-12-01,6010.052,1.0,1.542312979385408,4.5,-177.75852793618768,0.002204,-806.5268962621946,124.94363104673153
CY,2024-01-01,6011.83,1.0,1.5598751749017212,4.5,-176.7553062727058,0.002204,-801.9750738326036,120.09759203858982
CY,2024-02-01,6011.83,1.0,1.5777021624303358,4.5,-175.68357808836433,0.002204,-797.1124232684407,116.0433963999734
CY,2024-03-01,6011.83,1.0,1.5945388128896114,4.5,-174.67138728505844,0.002204,-792.5199060120619,111.45043022245909
CY,2024-04-01,6011.83,1.0,1.6121930136833036,4.5,-173.61004674548306,0.002204,-787.7043863225185,105.17975951793039
CY,2024-05-01,6011.83,1.0,1.6301071219781658,4.5,-172.53308100878002,0.002204,-782.8179719091653,103.08665675566851
CY,2024-06-01,5641.150777777777,1.0,1.6297369205788346,4.341666666666667,-152.98404596422063,0.002204,-694.1199907632515,139.01223830981394
CY,2024-07-01,5674.043777777777,1.0,1.6546147808936884,4.25,-147.2632935340658,0.002204,-668.1637637661788,131.5324535253868
CY,2024-08-01,5684.711777777778,1.0,1.670230068710137,4.25,-146.65248512360452,0.002204,-665.3924007423074,127.69474437391011
CY,2024-09-01,5702.491777777777,1.0,1.6855795935169688,3.99,-131.4093842051281,0.002204,-596.2313257945922,124.19052035002267
CY,2024-10-01,5725.605777777777,1.0,1.7016733402471538,3.577419354838709,-107.39782218789047,0.002204,-487.2859445911546,121.8387261499688
CY,2024-11-01,5746.052777777777,1.0,1.7177122541800314,3.4,-96.66514174890344,0.002204,-438.58957236344577,119.89555814983248
CY,2024-12-01,5314.034888888889,1.0,1.7177240176343391,3.287096774193548,-83.39701582027365,0.002204,-378.3893639758333,146.30093218969336
CY,2025-01-01,5314.034888888889,1.0,1.7302168906206028,3.0,-67.47671744563934,0.002204,-306.15570528874474,143.3017644618741
CY,2025-02-01,5314.034888888889,1.0,1.7409966309677032,2.7857142857142856,-55.516660663615156,0.002204,-251.89047488028658,139.80902190820538
CY,2025-03-01,5314.034888888889,1.0,1.7534805353469607,2.588709677419355,-44.38436801189439,0.002204,-201.38098009026493,136.01885974683182
CY,2025-04-01,5314.034888888889,1.0,1.7634035527125087,2.433333333333333,-35.60030227324741,0.002204,-161.52587238315522,132.91761351473127
CY,2025-05-01,5314.034888888889,1.0,1.7729899967008753,2.25,-25.348477998805528,0.002204,-115.01124318877282,131.02969579339285
CY,2025-06-01,5314.034888888889,1.0,1.7824149705385954,2.083333333333333,-15.9909067859856,0.002204,-72.55402352988023,129.78013579543583
CY,2025-07-01,5314.034888888889,1.0,1.7920353204721793,2.0,-11.051315626674361,0.002204,-50.14208542048259,127.27389750425631
CY,2025-08-01,5314.034888888889,1.0,1.801717198145051,2.0,-10.536817269238414,0.002204,-47.807700858613494,125.2889912944787
CY,2025-09-01,5314.034888888889,1.0,1.8116426694723051,2.0,-10.009374260021469,0.002204,-45.41458375690322,122.92608835251676
CY,2025-10-01,5314.034888888889,1.0,1.8206182587209998,2.0,-9.532408315862472,0.002204,-43.25049145128164,119.96641724681663
CY,2025-11-01,4894.460555555555,1.0,1.820624944598475,2.0,-8.779441333133565,0.002204,-39.834125830914545,119.44019301485547
CY,2025-12-01,4894.460555555555,1.0,1.8309758280528148,2.0,-8.27282142530938,0.002204,-37.53548741065962,117.57969366212492
CY,2026-01-01,4894.460555555555,1.0,1.8421588750959892,2.0,-7.7254715988719855,0.002178,-35.47048484330572,116.84119755174251
CY,2026-02-01,4455.330666666667,1.0,1.8421716687617473,2.0,-7.031774042346118,0.002178,-32.28546392261762,116.06429929194482
CY,2026-03-01,4455.330666666667,1.0,1.8567434244936731,2.0,-6.38255414054987,0.002178,-29.30465629269913,114.29663675933736
CY,2026-04-01,4455.330666666667,1.0,1.8715452221613995,2.0,-5.723085109841704,0.002178,-26.276791137932527,112.1781190270774
CY,2026-05-01,4455.330666666667,1.0,1.8860525443320284,2.0,-5.076735936261543,0.002178,-23.30916407833583,109.58067858919911
CY,2026-06-01,4455.330666666667,1.0,1.9000733001876902,2.1166666666666667,-9.649950678703561,0.002178,-44.30647694537907,108.45597473723751
CY,2026-07-01,4455.330666666667,1.0,1.9152618244772088,2.25,-14.913692587107409,0.002178,-68.47425430260519,106.9476350376277
CY,2026-08-01,4455.330666666667,1.0,1.9314063010864342,2.25,-14.194402769763764,0.002178,-65.17172988872252,105.3840917988276
DE,2015-03-01,9840.0,1.0,0.08974650314707147,0.05,3.9110559096718327,0.266301,0.1468659865968146,-1.6100289253470397
DE,2015-04-01,19749.333333333332,1.0,0.03767763716637728,0.05,-2.43358451055493,0.266301,-0.09138473045744964,-3.8993201045928814
DE,2015-05-01,30544.0,1.0,0.12009530229784522,0.05,21.409909133853844,0.266301,0.803974041924508,-6.850510550156958
DE,2015-06-01,41184.0,1.0,0.18941701002381228,0.05,57.41750140820685,0.266301,2.156112872584288,-10.332388065400293
DE,2015-07-01,51828.44444444444,1.0,0.20882164612962661,0.05,82.31478863004568,0.266301,3.0910431665688702,-13.272392708998638
DE,2015-08-01,60651.555555555555,1.0,0.21294973656476085,0.05,98.83155000020736,0.266301,3.711272207021654,-15.481550799300386
DE,2015-09-01,71185.77777777778,1.0,0.2190374666556844,0.05,120.33063537470072,0.266301,4.518594949876294,-18.0906033801109
DE,2015-10-01,82025.77777777777,1.0,0.2083734678070523,0.05,129.90706876237311,0.266301,4.878204316257659,-21.352395275559427
DE,2015-11-01,93495.11111111111,1.0,0.19507363491849083,0.05,135.6367561599707,0.266301,5.093362629504609,-24.883509436223584
DE,2015-12-01,102777.77777777777,1.0,0.18898876374205095,0.05,142.84956273488567,0.266301,5.36421428139157,-27.01127844688603
DE,2016-01-01,113752.88888888888,1.0,0.1709896373311456,0.05,137.62920772036767,0.266301,5.168182159299727,-30.317610423588214
DE,2016-02-01,124810.66666666666,1.0,0.134984983011137,0.05,106.0703238627535,0.266301,3.983098969314929,-34.224964786961095
DE,2016-03-01,135842.66666666666,1.0,0.10577410689697074,0.0241935483870967,110.82120616137315,0.266301,4.161501690244241,-37.47141665356518
DE,2016-04-01,152718.22222222222,1.0,0.07037498248340675,0.0,107.47542213785908,0.266301,4.0358625066319345,-42.01277349565957
DE,2016-05-01,170116.44444444444,1.0,0.04381111345901307,0.0,74.52990848799449,0.266301,2.798709298425259,-46.80106783148881
DE,2016-06-01,185128.0,1.0,0.01614720542919965,0.0,29.892998466968724,0.266301,1.1225267072586556,-51.59637619202466
DE,2016-07-01,200458.66666666666,1.0,-0.01650264520589017,0.0,-33.08098254445802,0.266301,-1.2422402673838255,-55.55083388753515
DE,2016-08-01,211452.44444444444,1.0,-0.03560395400998824,0.0,-75.28543107299593,0.266301,-2.8270802990974846,-58.01223052814463
DE,2016-09-01,226730.66666666666,1.0,-0.05510919343084582,0.0,-124.94944166037959,0.266301,-4.692038019398335,-61.216081203525135
DE,2016-10-01,242744.88888888888,1.0,-0.06572941648257348,0.0,-159.554799007938,0.266301,-5.991520835743687,-64.45261983118084
DE,2016-11-01,258113.77777777775,1.0,-0.0633011604588384,0.0,-163.3890166374807,0.266301,-6.135501430241744,-67.90254015073332
DE,2016-12-01,270174.2222222222,1.0,-0.06001307343782883,0.0,-162.13985439230507,0.266301,-6.088593523580649,-70.38434755669408
DE,2017-01-01,285919.1111111111,1.0,-0.05668488586787377,0.0,-162.07292180777253,0.266301,-6.086080105135637,-73.53582473421487
DE,2017-02-01,300994.6666666666,1.0,-0.056267270945418564,0.0,-169.36148462459278,0.266301,-6.359776516971126,-77.36895834611995
DE,2017-03-01,316085.3333333333,1.0,-0.05202202936703512,0.0,-164.4340049315575,0.266301,-6.174742300312709,-80.7604991674978
DE,2017-04-01,327187.55555555556,1.0,-0.05502939517393134,0.0,-180.04933290659284,0.266301,-6.761121171403518,-83.83328173907029
DE,2017-05-01,337782.2222222222,1.0,-0.054159944671005995,0.0,-182.94266466405006,0.266301,-6.86977009714759,-86.24373503255431
DE,2017-06-01,348352.8888888889,1.0,-0.05728792808696457,0.0,-199.56415247553025,0.266301,-7.493931771774429,-88.61452888199925
DE,2017-07-01,359169.77777777775,1.0,-0.05299435037572515,0.0,-190.33969047926894,0.266301,-7.147539456452245,-90.87297874998333
DE,2017-08-01,367883.55555555556,1.0,-0.053818931444605006,0.0,-197.99099856041983,0.266301,-7.434857494354877,-92.96537031080783
DE,2017-09-01,378262.2222222222,1.0,-0.055701074203898436,0.0,-210.69612108531518,0.266301,-7.911953807357658,-95.4077266412036
DE,2017-10-01,388529.77777777775,1.0,-0.05717000844439702,0.0,-222.12250676455253,0.266301,-8.34103164331161,-97.77464048378641
DE,2017-11-01,398807.11111111107,1.0,-0.06103902347994648,0.0,-243.42796619080735,0.266301,-9.14108344282625,-100.00615056206519
DE,2017-12-01,408282.6666666666,1.0,-0.06416211731442395,0.0,-261.9628035611251,0.266301,-9.837094249031175,-102.08928895815615
DE,2018-01-01,412569.77777777775,1.0,-0.062165622275850506,0.0,-256.47656967764914,0.266301,-9.631077978589984,-102.85686173315877
DE,2018-02-01,417083.5555555555,1.0,-0.05586265670596644,0.0,-232.9939548170388,0.266301,-8.749270743145493,-103.321823465126
DE,2018-03-01,421319.11111111107,1.0,-0.05260629048969485,0.0,-221.64035547971127,0.266301,-8.322926142962709,-104.05461773621822
DE,2018-04-01,425512.8888888889,1.0,-0.05027014079478318,0.0,-213.90592834439377,0.266301,-8.032486860522257,-104.88594687529418
DE,2018-05-01,431640.0,1.0,-0.04903595164169469,0.0,-211.65878166621096,0.266301,-7.948103148925875,-106.06533157285118
DE,2018-06-01,436963.5555555555,1.0,-0.05076963359937565,0.0,-221.84479611835977,0.266301,-8.330603194068356,-107.92714103708066
DE,2018-07-01,442604.44444444444,1.0,-0.052914917542262116,0.0,-234.20377681616512,0.266301,-8.794701364852745,-109.4779017448773
DE,2018-08-01,447424.0,1.0,-0.05475117472951287,0.0,-244.96989602177567,0.266301,-9.19898520928482,-111.04417811860156
DE,2018-09-01,453040.0,1.0,-0.054565796101705824,0.0,-247.20488265916808,0.266301,-9.282912293200853,-112.3529458013685
DE,2018-10-01,455595.5555555555,1.0,-0.05385733127939608,0.0,-245.3716076497605,0.266301,-9.214070080463854,-113.92374050650353
DE,2018-11-01,457821.3333333333,1.0,-0.055028149788942986,0.0,-251.93060907240263,0.266301,-9.460370373089196,-115.38749469801748
DE,2018-12-01,460939.5555555555,1.0,-0.05792813778564317,0.0,-267.0137008507534,0.266301,-10.026762980640456,-117.334185861278
DE,2019-01-01,459606.2222222222,1.0,-0.06000362859222555,0.0,-275.78041056898104,0.266301,-10.355966014734493,-118.26441398498076
DE,2019-02-01,458093.3333333333,1.0,-0.06235363809487061,0.0,-285.6378592033959,0.266301,-10.726127923041817,-118.65441972451569
DE,2019-03-01,454637.3333333333,1.0,-0.0637824879107766,0.0,-289.9790021712104,0.266301,-10.889144320569972,-119.0121171868195
DE,2019-04-01,456578.6666666666,1.0,-0.06894452387809785,0.0,-314.7859878623008,0.266301,-11.820683657301352,-119.80832025388827
DE,2019-05-01,460893.3333333333,1.0,-0.07769277896984272,0.0,-358.0808387534071,0.266301,-13.44646992513761,-120.97651237909804
DE,2019-06-01,459898.6666666666,1.0,-0.08338844809270428,0.0,-383.50236093237237,0.266301,-14.401086024174612,-121.10704674630227
DE,2019-07-01,460271.11111111107,1.0,-0.0913500181883294,0.0,-420.4577437156258,0.266301,-15.788815803005837,-121.63927217945745
DE,2019-08-01,461453.3333333333,1.0,-0.1033187853812665,0.0,-476.76797910136696,0.266301,-17.90334918386964,-122.26959008021555
DE,2019-09-01,460539.5555555555,1.0,-0.1110128633383953,0.0,-511.25814742814197,0.266301,-19.1985064805668,-122.04104734636886
DE,2019-10-01,462907.5555555555,1.0,-0.1211314448263068,0.0,-560.7266102545832,0.266301,-21.05612109059234,-122.54757473525957
DE,2019-11-01,467914.6666666666,1.0,-0.1315934211008682,0.0,-615.7449176993904,0.266301,-23.122140649092206,-123.68837796718199
DE,2019-12-01,469184.8888888889,1.0,-0.13788365211940035,0.0,-646.9292599923506,0.266301,-24.29315924432693,-123.96701268368082
DE,2020-01-01,469592.0,1.0,-0.14315551550954925,0.0,-672.2468483916025,0.266301,-25.243872474816182,-123.81460758154812
DE,2020-02-01,472259.5555555555,1.0,-0.15281524505401417,0.0,-721.6845971132203,0.266301,-27.100333724365296,-124.4215612369006
DE,2020-03-01,476850.1242222222,1.0,-0.16496323228838183,0.0,-786.6273780881417,0.266301,-29.53903207603958,-121.63160552352034
DE,2020-04-01,492996.07244444446,1.0,-0.1895192567663358,0.0,-934.3224923839375,0.266301,-35.085204050451836,-130.63218586181938
DE,2020-05-01,522081.6387777777,1.0,-0.22848683636731398,0.0,-1192.8878196979722,0.266301,-44.79471799572559,-143.6705000515206
DE,2020-06-01,545561.8692222222,1.0,-0.2543923462787561,0.0,-1387.8676395166503,0.266301,-52.116501234191766,-146.795631437982
DE,2020-07-01,568691.2238888888,1.0,-0.27996193626497407,0.0,-1592.118961768312,0.266301,-59.78644322658615,-154.18207948510724
DE,2020-08-01,585092.8057777778,1.0,-0.29820089070644634,0.0,-1744.7519582886714,0.266301,-65.51804004824132,-158.8977490862979
DE,2020-09-01,604413.0053333333,1.0,-0.317654299388671,0.0,-1919.9438975056107,0.266301,-72.09675883701566,-164.2465443270109
DE,2020-10-01,626640.7603333333,1.0,-0.340701009472545,0.0,-2134.971396222098,0.266301,-80.17136233893594,-169.8484403363374
DE,2020-11-01,654123.6243333333,1.0,-0.3653276007547567,0.0,-2389.694142747024,0.266301,-89.73658164058806,-176.52229241985933
DE,2020-12-01,671297.6524444445,1.0,-0.3813820566148041,0.0,-2560.2087928995225,0.266301,-96.13966124421322,-180.11950454805316
DE,2021-01-01,683409.4166666666,1.0,-0.3927896313129418,0.0,-2684.3613280829263,0.266301,-100.80177423603088,-182.32737170067668
DE,2021-02-01,703375.4431111111,1.0,-0.4040516928204616,0.0,-2842.000384773867,0.266301,-106.72135608855645,-186.52027611851992
DE,2021-03-01,723229.8354444443,1.0,-0.4130775668547484,0.0,-2987.500207021511,0.266301,-112.18509157012218,-190.7058619463943
DE,2021-04-01,746969.9137777777,1.0,-0.42124955472495945,0.0,-3146.607435718302,0.266301,-118.15980547269073,-195.30465842495158
DE,2021-05-01,770405.9041111111,1.0,-0.4253757487898165,0.0,-3277.1198833335943,0.266301,-123.06074266839381,-200.2080800362975
DE,2021-06-01,790722.6654444444,1.0,-0.43033677256332203,0.0,-3402.7703984002965,0.266301,-127.77910704054045,-204.37065563107637
DE,2021-07-01,813668.1323333333,1.0,-0.4404183691823708,0.0,-3583.5439189791214,0.266301,-134.56742253987485,-210.12088721795914
DE,2021-08-01,831338.3472222222,1.0,-0.45079378244804397,0.0,-3747.6215803841087,0.266301,-140.7287836089278,-214.11435893286472
DE,2021-09-01,848342.0555555555,1.0,-0.4557834559927904,0.0,-3866.602739451389,0.266301,-145.19670370938857,-217.59804813382993
DE,2021-10-01,865804.2795555554,1.0,-0.4557784355284399,0.0,-3946.149200096591,0.266301,-148.18379202844113,-220.85539169765576
DE,2021-11-01,887940.2923333333,1.0,-0.45844927725200335,0.0,-4070.7558526314924,0.266301,-152.86295780457047,-225.54463830193467
DE,2021-12-01,901475.0228888888,1.0,-0.46134979836360956,0.0,-4158.953200396191,0.266301,-156.17489984627136,-228.7832672589051
DE,2022-01-01,915139.619,1.0,-0.4573228936031134,0.0,-4185.142986119306,0.266301,-157.1583653880123,-231.68869308277618
DE,2022-02-01,927880.3453333332,1.0,-0.4454795670337466,0.0,-4133.517344982165,0.266301,-155.2197455128657,-233.85638201905118
DE,2022-03-01,936865.8824444443,1.0,-0.43312491086855004,0.0,-4057.799518295354,0.266301,-152.37642811312588,-235.37144061415881
DE,2022-04-01,947347.7407777777,1.0,-0.40806537072317495,0.0,-3865.7980704424613,0.266301,-145.16648718714765,-234.90911565655034
DE,2022-05-01,959215.6103333333,1.0,-0.3777188619803435,0.0,-3623.1382872888726,0.266301,-136.0542501638699,-231.30269535767565
DE,2022-06-01,956457.0256666667,1.0,-0.3612579330424197,0.0,-3455.2768813624057,0.266301,-129.75080384085697,-233.8422468761266
DE,2022-07-01,943419.357111111,1.0,-0.35480269873601744,0.0806451612903225,-4108.099401614587,0.266301,-154.2652638035376,-245.02739548089977
DE,2022-08-01,943293.8742222221,1.0,-0.33994436580569976,0.5,-7923.143749519859,0.266301,-297.5258729602915,-280.8873869028207
DE,2022-09-01,940109.6838888889,1.0,-0.3216093793353335,0.925,-11719.495495398645,0.266301,-440.0845470125401,-317.47680649067155
DE,2022-10-01,942900.791,1.0,-0.28589506515191393,1.25,-14481.96671824736,0.266301,-543.8194643748,-343.6703516900478
DE,2022-11-01,947605.0784444443,1.0,-0.24666931104963238,1.975,-21052.651217748014,0.266301,-790.5584739729859,-405.6877399436625
DE,2022-12-01,942196.703,1.0,-0.2312893194405562,2.177419354838709,-22694.773713934246,0.266301,-852.2226245464435,-421.19595528642543
DE,2023-01-01,948142.922,1.0,-0.1864939989204285,2.5,-25471.8027007188,0.266301,-956.5042076717248,-448.0604727212415
DE,2023-02-01,943792.5073333333,1.0,-0.1664890795785678,2.875,-28705.346044424085,0.266301,-1077.9285862397844,-478.5949826007943
DE,2023-03-01,942726.1027777777,1.0,-0.13803433979296206,3.161290322580645,-31103.59480758078,0.266301,-1167.9864066443902,-502.3056135683771
DE,2023-04-01,931281.2693333332,1.0,-0.13495181835163958,3.5,-33851.625433600224,0.266301,-1271.1790580433503,-525.0384871883612
DE,2023-05-01,929764.05,1.0,-0.10940270134875565,3.6774193548387095,-35208.51011590185,0.266301,-1322.132102992548,-536.3693604017143
DE,2023-06-01,921187.8437777777,1.0,-0.10181236807806457,3.8333333333333335,-36250.08383634556,0.266301,-1361.2447507273935,-542.2091416839031
DE,2023-07-01,923358.8427777777,1.0,-0.06407641154843105,4.0,-37526.00892327823,0.266301,-1409.1576420395802,-562.6906460383242
DE,2023-08-01,914649.3441111111,1.0,-0.055480932627255466,4.241935483870968,-39306.29106722422,0.266301,-1476.00989358749,-574.0697363648065
DE,2023-09-01,905634.8126666667,1.0,-0.04858460410242037,4.341666666666667,-39759.64387162558,0.266301,-1493.0339680145992,-574.933739656873
DE,2023-10-01,901990.5258888889,1.0,-0.025156159148977123,4.5,-40816.47983720131,0.266301,-1532.7197358328096,-587.8231564284098
DE,2023-11-01,898642.0148888889,1.0,-0.002746609096235268,4.5,-40463.57285332353,0.266301,-1519.467551880148,-582.5645035991902
DE,2023-12-01,894628.4967777778,1.0,0.013513416050855114,4.5,-40137.38748412091,0.266301,-1507.2188044401225,-575.7482771311965
DE,2024-01-01,889987.7225555555,1.0,0.028524229237810908,4.5,-39795.58537682988,0.266301,-1494.3836251771445,-572.3109593059511
DE,2024-02-01,882150.3074444444,1.0,0.03778456295061042,4.5,-39363.447196764646,0.266301,-1478.1561915563457,-565.0003718879316
DE,2024-03-01,878867.6882222223,1.0,0.057618105253333725,4.5,-39042.65906036258,0.266301,-1466.1101182632651,-562.1397820287441
DE,2024-04-01,867983.949,1.0,0.06508790107982741,4.5,-38494.3251708861,0.266301,-1445.519362333829,-552.63521649338
DE,2024-05-01,860080.8601111111,1.0,0.07742925446701558,4.5,-38037.684507202466,0.266301,-1428.3718238835927,-542.4671952187589
DE,2024-06-01,852108.9890000001,1.0,0.08476527962546387,4.341666666666667,-36273.43937184377,0.266301,-1362.1217859431158,-528.9895568700504
DE,2024-07-01,849954.3965555555,1.0,0.10739112557582267,4.25,-35210.286260268906,0.266301,-1322.1987998643979,-522.5025825728322
DE,2024-08-01,839467.7316666667,1.0,0.10913397751356314,4.25,-34761.234070322615,0.266301,-1305.336219928675,-512.2490748124576
DE,2024-09-01,834406.122,1.0,0.12133004786646216,3.99,-32280.418920576707,0.266301,-1212.1779084786276,-491.75606233401277
DE,2024-10-01,822784.4318888888,1.0,0.12454215615573849,3.577419354838709,-28409.736043004657,0.266301,-1066.8279894932673,-457.7033187521439
DE,2024-11-01,821551.6073333332,1.0,0.14667078095415126,3.4,-26727.778490916146,0.266301,-1003.6679731174927,-445.18284260421444
DE,2024-12-01,817970.942,1.0,0.16204659454524353,3.287096774193548,-25562.00239244193,0.266301,-959.8913407175312,-435.20104455200453
DE,2025-01-01,809986.4437777777,1.0,0.1683139387266455,3.0,-22936.273226659065,0.266301,-861.2912916834358,-411.833821932817
DE,2025-02-01,791869.9392222222,1.0,0.16830906426110379,2.7857142857142856,-20726.44513632058,0.266301,-778.3089487580062,-386.6094519695142
DE,2025-03-01,781700.3353333334,1.0,0.17244245928040297,2.588709677419355,-18887.968946741592,0.266301,-709.2714239428914,-371.8715841057946
DE,2025-04-01,767112.0426666667,1.0,0.17244380637655748,2.433333333333333,-17343.555832674858,0.266301,-651.2764064977171,-356.8329205998306
DE,2025-05-01,764386.5465555554,1.0,0.19081848388910028,2.25,-15740.106478310432,0.266301,-591.0644901187164,-345.02355113655074
DE,2025-06-01,756264.2147777777,1.0,0.19614917168315477,2.083333333333333,-14272.098481514307,0.266301,-535.9385988604739,-333.6044395351579
DE,2025-07-01,755521.9461111111,1.0,0.2204982209242792,2.0,-13444.526472354732,0.266301,-504.8620347784924,-327.4460518537535
DE,2025-08-01,741545.2993333333,1.0,0.22050149387255402,2.0,-13195.787523894964,0.266301,-495.5215160249102,-322.42482387181803
DE,2025-09-01,736511.1546666666,1.0,0.232876057671347,2.0,-13015.064952035884,0.266301,-488.7351137260424,-320.39444161662243
DE,2025-10-01,724768.4153333333,1.0,0.2328705326845043,2.0,-12807.596237150894,0.266301,-480.94435383835935,-317.72744514026107
DE,2025-11-01,722734.5507777778,1.0,0.2535278715766968,2.0,-12622.357491819255,0.266301,-473.98836248528,-314.71404363951
DE,2025-12-01,721297.9361111111,1.0,0.27756202047355333,2.0,-12423.909597118183,0.266301,-466.53634785893337,-311.42116678614883
DE,2026-01-01,719559.1965555556,1.0,0.3005051814031338,2.0,-12228.871262198905,0.263152,-464.7075174119484,-312.39583501690015
DE,2026-02-01,705595.8805555555,1.0,0.30049560836093864,2.0,-11991.63297726597,0.263152,-455.6922606427452,-307.3424974281828
DE,2026-03-01,698303.0304444444,1.0,0.306225795364642,2.0,-11827.676599854989,0.263152,-449.4617787383333,-305.8604856862968
DE,2026-04-01,675427.3086666666,1.0,0.30620219701325513,2.0,-11440.372914968499,0.263152,-434.74390903236525,-296.2889988673553
DE,2026-05-01,672954.2437777778,1.0,0.32850266540997647,2.0,-11248.412247756005,0.263152,-427.4492402777104,-294.55939761017544
DE,2026-06-01,668621.5716666667,1.0,0.34352561607992727,2.1166666666666667,-11855.603560299904,0.263152,-450.5230270072013,-297.7605753245847
DE,2026-07-01,667021.5133333333,1.0,0.36943714224516583,2.25,-12543.758832980873,0.263152,-476.6735131399675,-301.2516237997346
DE,2026-08-01,653584.4357777778,1.0,0.3694224562010327,2.25,-12291.162129002074,0.263152,-467.07462337364234,-296.5188016860922
EE,2020-06-01,160.897,1.0,0.10977948068380129,0.0,0.17663189103581575,0.00298,0.5927244665631402,-94.0864057372271
EE,2020-07-01,276.4625555555556,1.0,0.07351280258503595,0.0,0.2032353726871009,0.00298,0.6819978949231574,-93.71363836359792
EE,2020-08-01,328.90944444444443,1.0,0.05786123076927466,0.0,0.19031105267193923,0.00298,0.6386276935299975,-92.74108134452658
EE,2020-09-01,369.7991111111111,1.0,0.049854788396764944,0.0,0.1843625643375621,0.00298,0.6186663232804097,-91.53111916671482
EE,2020-10-01,370.688,1.0,0.048095814245009895,0.0,0.17828541190854227,0.00298,0.5982731943239674,-89.0788048030775
EE,2020-11-01,416.9117777777778,1.0,0.022534296890734447,0.0,0.09394813777688349,0.00298,0.31526220730497817,-86.47044857196629
EE,2020-12-01,433.80066666666664,1.0,0.01173168055769917,0.0,0.05089210847050271,0.00298,0.17077888748490844,-83.80906441635503
EE,2021-01-01,456.9123333333333,1.0,-0.002060083825901974,0.0,-0.009412777077551313,0.00298,-0.031586500260239306,-81.55718396490602
EE,2021-02-01,509.361,1.0,-0.02000884139040408,0.0,-0.10191723459457613,0.00298,-0.34200414293481923,-80.14092417289831
EE,2021-03-01,538.6949999999999,1.0,-0.019344330209533564,0.0,-0.10420693962224682,0.00298,-0.3496877168531773,-78.87045809312528
EE,2021-04-01,559.1396666666667,1.0,-0.017476080154743362,0.0,-0.09771569632363152,0.00298,-0.32790502122024,-77.4727579734811
EE,2021-05-01,570.6948888888888,1.0,-0.014407378518217214,0.0,-0.08222217282634137,0.00298,-0.27591333163201803,-77.4232506995357
EE,2021-06-01,579.5837777777778,1.0,-0.012799732856583645,0.0,-0.07418517523565096,0.00298,-0.24894354105923144,-76.84049213159517
EE,2021-07-01,579.5837777777778,1.0,-0.012519118404486296,0.0,-0.07255877939319473,0.00298,-0.2434858368899152,-75.79695051497418
EE,2021-08-01,581.3615555555556,1.0,-0.01301572306506487,0.0,-0.07566841007786436,0.00298,-0.25392083918746433,-73.63949616312436
EE,2021-09-01,586.6951111111111,1.0,-0.013836118400493893,0.0,-0.08117583022324254,0.00298,-0.2724021148430958,-72.67374653928445
EE,2021-10-01,589.3617777777778,1.0,-0.012436753743985956,0.0,-0.07329747296339997,0.00298,-0.24596467437382544,-72.91756434358845
EE,2021-11-01,591.1395555555555,1.0,-0.010815103248503571,0.0,-0.06393235327607845,0.00298,-0.214538098241874,-72.89621859560607
EE,2021-12-01,591.1395555555555,1.0,-0.010371284165999231,0.0,-0.06130876312429155,0.00298,-0.2057341044439314,-72.81410151707769
EE,2022-01-01,594.6951111111111,1.0,-0.0066588438129879,0.0,-0.039599818612363745,0.00298,-0.13288529735692534,-74.6632129921208
EE,2022-02-01,596.4728888888889,1.0,0.0028160838828903555,0.0,0.016797176889810497,0.00298,0.056366365402048646,-78.58027014078344
EE,2022-03-01,596.4728888888889,1.0,0.014176268753621383,0.0,0.08455759977137835,0.00298,0.28375033480328304,-82.71126216622966
EE,2022-04-01,609.8062222222222,1.0,0.05938947820885538,0.0,0.3621607334629109,0.00298,1.2153044747077548,-88.52732399469492
EE,2022-05-01,617.8062222222222,1.0,0.10057631834575857,0.0,0.6213667528221268,0.00298,2.085123331617875,-93.16332186218784
EE,2022-06-01,624.0284444444444,1.0,0.14733824140606447,0.0,0.9194325359180644,0.00298,3.085344080261961,-101.00609895500767
EE,2022-07-01,624.0284444444444,1.0,0.17248997082493178,0.0806451612903225,0.5731377362417851,0.00298,1.92328099409995,-88.83885068326221
EE,2022-08-01,624.0284444444444,1.0,0.19483848196690284,0.5,-1.9042946740249889,0.00298,-6.390250583976473,10.248235473494297
EE,2022-09-01,624.9173333333333,1.0,0.22750974943625366,0.925,-4.3587374740829485,0.00298,-14.626635819070298,107.98110470279825
EE,2022-10-01,662.2506666666666,1.0,0.47603031925069206,1.25,-5.1256193705601625,0.00298,-17.20006500187974,182.9490476828724
EE,2022-11-01,701.3617777777778,1.0,0.6884336073150824,1.975,-9.023484924026363,0.00298,-30.28015075176632,354.5905832775571
EE,2022-12-01,729.8062222222222,1.0,0.8239195789929593,2.177419354838709,-9.87792558188611,0.00298,-33.14740128149702,397.87926797852106
EE,2023-01-01,748.472888888889,1.0,0.9286492249444404,2.5,-11.761134540636295,0.00298,-39.46689443166542,468.9768405188178
EE,2023-02-01,766.2506666666666,1.0,1.0268489255509508,2.875,-14.161469928973002,0.00298,-47.52171117105034,551.8118924679397
EE,2023-03-01,766.2506666666666,1.0,1.0591826740561354,3.161290322580645,-16.107413870870047,0.00298,-54.05172439889278,611.6290686771202
EE,2023-04-01,766.2506666666666,1.0,1.0904124066766425,3.5,-18.463480997757515,0.00298,-61.95798992536079,684.1825809296283
EE,2023-05-01,766.2506666666666,1.0,1.1219052903901339,3.6774193548387095,-19.58164355559764,0.00298,-65.71021327381759,720.0525293170161
EE,2023-06-01,766.2506666666666,1.0,1.1538767375459456,3.8333333333333335,-20.53135402826483,0.00298,-68.89716116867393,750.1384478748164
EE,2023-07-01,766.2506666666666,1.0,1.1878583022152192,4.0,-21.548054506887198,0.00298,-72.3089077412322,774.1580882600238
EE,2023-08-01,766.2506666666666,1.0,1.2219254607583747,4.241935483870968,-23.1408469355004,0.00298,-77.65384877684698,824.2863084458365
EE,2023-09-01,766.2506666666666,1.0,1.2571722048321057,4.341666666666667,-23.634959377103733,0.00298,-79.31194421846891,838.7882841392573
EE,2023-10-01,766.2506666666666,1.0,1.2900482009707364,4.5,-24.596277059740387,0.00298,-82.5378424823503,862.3587369220495
EE,2023-11-01,766.2506666666666,1.0,1.3178888871553696,4.5,-24.382947616246064,0.00298,-81.82197186659754,855.0810764143603
EE,2023-12-01,766.2506666666666,1.0,1.3398401540637148,4.5,-24.214745887219088,0.00298,-81.25753653429224,850.2129907746338
EE,2024-01-01,766.2506666666666,1.0,1.362609936879772,4.5,-24.0402722745925,0.00298,-80.67205461272651,841.4006112584669
EE,2024-02-01,766.2506666666666,1.0,1.388119566406115,4.5,-23.844804568282697,0.00298,-80.01612271235805,833.139696956056
EE,2024-03-01,766.2506666666666,1.0,1.4140898952331111,4.5,-23.645806750510314,0.00298,-79.34834480037019,824.6219914341508
EE,2024-04-01,766.2506666666666,1.0,1.4417382423959593,4.5,-23.433951106052678,0.00298,-78.63741981896872,814.2467260214802
EE,2024-05-01,766.2506666666666,1.0,1.4706242063224304,4.5,-23.212612214893003,0.00298,-77.89467186205707,808.0099568027767
EE,2024-06-01,766.2506666666666,1.0,1.500235009673243,4.341666666666667,-21.77248901458982,0.00298,-73.0620436731202,760.0701853999452
EE,2024-07-01,766.2506666666666,1.0,1.5298688023824591,4.25,-20.843023435952386,0.00298,-69.94303166426975,729.7531856272959
EE,2024-08-01,766.2506666666666,1.0,1.5551835956078246,4.25,-20.649048664097737,0.00298,-69.29210961106624,723.7950355051512
EE,2024-09-01,766.2506666666666,1.0,1.5783273246887954,3.99,-18.479457952389936,0.00298,-62.011603867080325,658.4102422775345
EE,2024-10-01,766.2506666666666,1.0,1.6006928721138007,3.577419354838709,-15.14667985205616,0.00298,-50.82778473844349,558.2968860026799
EE,2024-11-01,766.2506666666666,1.0,1.6246533402886878,3.4,-13.603605615682325,0.00298,-45.64968327410176,512.8354472391765
EE,2024-12-01,766.2506666666666,1.0,1.6473918891653954,3.287096774193548,-12.564249612894118,0.00298,-42.161911452664825,482.52838471286185
EE,2025-01-01,766.2506666666666,1.0,1.6706702578537815,3.0,-10.185998011393679,0.00298,-34.1812013805157,415.27626837010314
EE,2025-02-01,766.2506666666666,1.0,1.6900797257747808,2.7857142857142856,-8.395307119766853,0.00298,-28.17217154284179,363.52732524565016
EE,2025-03-01,766.2506666666666,1.0,1.7117077065294106,2.588709677419355,-6.720033448624004,0.00298,-22.55044781417451,314.84939202292225
EE,2025-04-01,766.2506666666666,1.0,1.7303615263444299,2.433333333333333,-5.3865261575311845,0.00298,-18.07559113265498,276.3678947652315
EE,2025-05-01,766.2506666666666,1.0,1.7474188285415218,2.25,-3.851031576841732,0.00298,-12.922924754502457,233.11801422766322
EE,2025-06-01,766.2506666666666,1.0,1.7630382699313125,2.083333333333333,-2.4542630586184044,0.00298,-8.235782075900687,194.09837724941536
EE,2025-07-01,766.2506666666666,1.0,1.7784539576652931,2.0,-1.6975980263633068,0.00298,-5.69663767236009,171.71934525237882
EE,2025-08-01,766.2506666666666,1.0,1.7934964372733389,2.0,-1.582334926083459,0.00298,-5.309848745246507,167.78684340784568
EE,2025-09-01,766.2506666666666,1.0,1.8093659461341096,2.0,-1.4607347086410776,0.00298,-4.901794324298918,163.43887778512106
EE,2025-10-01,766.2506666666666,1.0,1.825130950314533,2.0,-1.3399352590085554,0.00298,-4.49642704365287,158.72048165444542
EE,2025-11-01,766.2506666666666,1.0,1.8418433266453513,2.0,-1.2118765639578175,0.00298,-4.066699879053079,155.20761896671692
EE,2025-12-01,766.2506666666666,1.0,1.8597378819761472,2.0,-1.0747594144385588,0.00298,-3.6065752162367746,151.50860585654777
EE,2026-01-01,766.2506666666666,1.0,1.8751489692878756,2.0,-0.9566718551718582,0.002945,-3.248461307884068,149.06322108716415
EE,2026-02-01,766.2506666666666,1.0,1.8877414722443135,2.0,-0.8601817173181324,0.002945,-2.920820771878208,145.42894244268425
EE,2026-03-01,766.2506666666666,1.0,1.9055818250729712,2.0,-0.7234798948328574,0.002945,-2.4566380130147953,141.1446550390217
EE,2026-04-01,766.2506666666666,1.0,1.9258343680464394,2.0,-0.5682946492817046,0.002945,-1.929693206389489,136.52521695862043
EE,2026-05-01,766.2506666666666,1.0,1.9467465193114004,2.0,-0.40805515079959886,0.002945,-1.3855862505928653,131.50425641694207
EE,2026-06-01,766.2506666666666,1.0,1.971820470124482,2.1166666666666667,-1.109884946645801,0.002945,-3.768709496250597,148.99374218636598
EE,2026-07-01,766.2506666666666,1.0,1.9998222825352137,2.25,-1.9169884279253748,0.002945,-6.509298566809421,168.91259077342346
EE,2026-08-01,766.2506666666666,1.0,2.0292975164167304,2.25,-1.6911342518066936,0.002945,-5.742391347391149,164.81343034015896
ES,2015-03-01,4841.777777777777,1.0,1.3106512567298767,0.05,61.037932403623444,0.118249,5.161813833827215,3.40491892188336
ES,2015-04-01,9704.888888888889,1.0,1.3013634085613528,0.05,121.44342839709199,0.118249,10.270144220846856,6.462208846711424
ES,2015-05-01,14957.333333333332,1.0,1.462686827659563,0.05,211.30027776913303,0.118249,17.86909637875441,10.214611786672943
ES,2015-06-01,20215.11111111111,1.0,1.6586845379900388,0.05,325.19736678195073,0.118249,27.50106696732748,15.012566029342898
ES,2015-07-01,25451.555555555555,1.0,1.7424890194721165,0.05,430.76478306262317,0.118249,36.428619528505365,20.065183652937858
ES,2015-08-01,29791.11111111111,1.0,1.7690097073060913,0.05,512.1120919143435,0.118249,43.30794272377301,24.11511971745097
ES,2015-09-01,34936.88888888889,1.0,1.8018892401678899,0.05,612.0555972938555,0.118249,51.75989626075953,29.15069793077234
ES,2015-10-01,40307.555555555555,1.0,1.7849678589677889,0.05,699.3231336244743,0.118249,59.13987717650671,32.90927758468962
ES,2015-11-01,45937.777777777774,1.0,1.7715691424149398,0.05,790.8506069333696,0.118249,66.88010950903343,36.90323744330524
ES,2015-12-01,50504.0,1.0,1.758867586767401,0.05,863.0464860210081,0.118249,72.98552089413086,40.61002816585326
ES,2016-01-01,55932.44444444444,1.0,1.7512774310699326,0.05,951.5660539790615,0.118249,80.47138275833719,44.985590175449246
ES,2016-02-01,61376.88888888888,1.0,1.7456816006139666,0.05,1040.7566119181668,0.118249,88.01398844118484,49.80592468490881
ES,2016-03-01,66808.88888888889,1.0,1.7242441031621853,0.0241935483870967,1135.7848861946281,0.118249,96.05027409911526,54.417355755305834
ES,2016-04-01,75091.55555555555,1.0,1.6953272837376545,0.0,1273.0476291163516,0.118249,107.65821521673345,61.60957921444194
ES,2016-05-01,83641.77777777777,1.0,1.677328488821226,0.0,1402.947367223208,0.118249,118.64348681369042,69.04370968377634
ES,2016-06-01,91853.33333333333,1.0,1.6557093765310682,0.0,1520.824252656337,0.118249,128.61201808525541,75.8931151859721
ES,2016-07-01,99367.11111111111,1.0,1.6131923517822397,0.0,1602.9826366314044,0.118249,135.5599317230086,81.25133810285726
ES,2016-08-01,104800.0,1.0,1.574994422899941,0.0,1650.5941551991384,0.118249,139.58630983764246,84.40115960859532
ES,2016-09-01,112344.0,1.0,1.5318034128746212,0.0,1720.8892261598644,0.118249,145.53097499005185,89.00693180592503
ES,2016-10-01,120190.22222222222,1.0,1.4941418445700856,0.0,1795.812403303996,0.118249,151.867026639041,93.40592764360386
ES,2016-11-01,127711.11111111111,1.0,1.484685900587054,0.0,1896.1088601497333,0.118249,160.34882833256376,98.58178961207219
ES,2016-12-01,133627.55555555556,1.0,1.4768856568247501,0.0,1973.5262015655246,0.118249,166.89580474807605,102.60005071496262
ES,2017-01-01,141440.0,1.0,1.4678651833993837,0.0,2076.1485154000884,0.118249,175.5742979137319,108.12455328465266
ES,2017-02-01,148877.3333333333,1.0,1.472628119113917,0.0,2192.4094736536226,0.118249,185.4061745683788,114.39699273922996
ES,2017-03-01,156396.44444444444,1.0,1.4769454997527083,0.0,2309.890247995467,0.118249,195.34120778995734,120.75545092277225
ES,2017-04-01,162262.22222222222,1.0,1.4750242209671816,0.0,2393.4070792573702,0.118249,202.40400166237092,125.33184109470415
ES,2017-05-01,167633.77777777778,1.0,1.4709560941928312,0.0,2465.81927014789,0.118249,208.52770595505163,129.1537410196449
ES,2017-06-01,173136.88888888888,1.0,1.4620900463805286,0.0,2531.4172190573595,0.118249,214.07514812449654,132.95455101427171
ES,2017-07-01,178747.55555555553,1.0,1.459219674650821,0.0,2608.319498624073,0.118249,220.5785671442526,136.8531278507215
ES,2017-08-01,183268.44444444444,1.0,1.452861225424124,0.0,2662.6361677712853,0.118249,225.1719818155997,139.64146899914675
ES,2017-09-01,188700.44444444444,1.0,1.4475392314621465,0.0,2731.5129632767657,0.118249,230.99670722600322,143.5009343921573
ES,2017-10-01,194042.66666666666,1.0,1.4451925402919676,0.0,2804.290143650275,0.118249,237.15127769793187,147.71766885745706
ES,2017-11-01,199363.55555555553,1.0,1.4383791371260863,0.0,2867.6037901438854,0.118249,242.50554255375394,151.640475434515
ES,2017-12-01,204666.66666666666,1.0,1.4307234354148946,0.0,2928.2139644824842,0.118249,247.63118203811314,155.37898732898816
ES,2018-01-01,207026.66666666666,1.0,1.4270832550370307,0.0,2954.44289346133,0.118249,249.84929204148278,156.623508286914
ES,2018-02-01,209536.88888888888,1.0,1.4241479185601404,0.0,2984.1152417267854,0.118249,252.3586027557768,157.78605003379627
ES,2018-03-01,211988.44444444444,1.0,1.4176357272897104,0.0,3005.2239261701434,0.118249,254.1437074453182,158.4120158520627
ES,2018-04-01,214746.66666666666,1.0,1.408732877830497,0.0,3025.206897378398,0.118249,255.83361359321412,158.98015357844218
ES,2018-05-01,217261.3333333333,1.0,1.4042240890800008,0.0,3050.835978923064,0.118249,258.00099611185414,159.88376768792884
ES,2018-06-01,220008.88888888888,1.0,1.3991073077548808,0.0,3078.1604421547604,0.118249,260.3117525014808,160.71521465846848
ES,2018-07-01,222845.3333333333,1.0,1.393395342221097,0.0,3105.116495023744,0.118249,262.5913534172588,161.90815303723423
ES,2018-08-01,225336.0,1.0,1.3896265850131568,0.0,3131.328961605247,0.118249,264.8080712399468,162.96287833063005
ES,2018-09-01,228039.1111111111,1.0,1.3871187799063007,0.0,3163.1733357536177,0.118249,267.50106434334475,164.4310308351771
ES,2018-10-01,228151.1111111111,1.0,1.387286453541286,0.0,3165.1094580483723,0.118249,267.6647970002598,162.95512657422012
ES,2018-11-01,230403.55555555553,1.0,1.3877118939335922,0.0,3197.337544490336,0.118249,270.39023962065943,164.46311529573114
ES,2018-12-01,231840.88888888888,1.0,1.3855484943618133,0.0,3212.2679453150445,0.118249,271.6528634758048,164.34544059516725
ES,2019-01-01,229104.0,1.0,1.3855484943618133,0.0,3174.3470225226883,0.118249,268.44599299128856,160.5375450210423
ES,2019-02-01,229842.66666666666,1.0,1.3824205332876163,0.0,3177.3922182558117,0.118249,268.7035170069778,160.77522520550392
ES,2019-03-01,230425.77777777775,1.0,1.377346668428689,0.0,3173.7617734231167,0.118249,268.3965000484669,160.27352718221738
ES,2019-04-01,226672.88888888888,1.0,1.377346668428689,0.0,3122.071483342175,0.118249,264.0251911933441,156.03755459675716
ES,2019-05-01,228109.3333333333,1.0,1.366814738249095,0.0,3117.831987321755,0.118249,263.6666684134119,156.13662595945146
ES,2019-06-01,228478.22222222222,1.0,1.355111475979805,0.0,3096.1346094479745,0.118249,261.83177950324944,155.12581878112178
ES,2019-07-01,226763.55555555553,1.0,1.3523099408023271,0.0,3066.5461038945855,0.118249,259.3295591416913,153.47910276523965
ES,2019-08-01,227244.44444444444,1.0,1.3363920796706552,0.0,3036.8767570471377,0.118249,256.8205022492484,152.4542613529025
ES,2019-09-01,227600.0,1.0,1.3216981286919922,0.0,3008.184940902974,0.118249,254.39411250014578,151.5515716343437
ES,2019-10-01,227080.0,1.0,1.3119414623654835,0.0,2979.1566727395398,0.118249,251.93926990837465,150.4478162637074
ES,2019-11-01,229709.3333333333,1.0,1.289816168948887,0.0,2962.8281229180284,0.118249,250.5584083517009,149.9921710336111
ES,2019-12-01,230224.0,1.0,1.277895315759893,0.0,2942.0217117550555,0.118249,248.7988661007751,149.12501266142118
ES,2020-01-01,230402.66666666666,1.0,1.2672822730455324,0.0,2919.8521512908546,0.118249,246.92404597847374,148.35331087174183
ES,2020-02-01,232185.77777777775,1.0,1.2481140078580009,0.0,2897.9432166984934,0.118249,245.07126628542255,147.75003877288725
ES,2020-03-01,238370.839,1.0,1.220283835042812,0.0,2908.800815772927,0.118249,245.9894642468796,153.89689079939885
ES,2020-04-01,249184.15988888888,1.0,1.1944764260401375,0.0,2976.446047298942,0.118249,251.71003960278242,156.16305779141487
ES,2020-05-01,265213.15466666664,1.0,1.1561338384832234,0.0,3066.219025210181,0.118249,259.3018989767508,160.4261169209558
ES,2020-06-01,281931.0857777778,1.0,1.1046787514429757,0.0,3114.4327982995806,0.118249,263.3792081370312,168.70007793324095
ES,2020-07-01,289451.3457777777,1.0,1.0752204788996016,0.0,3112.240146253163,0.118249,263.1937814487364,168.7981451902153
ES,2020-08-01,296612.9978888889,1.0,1.0457145209611782,0.0,3101.7251899823837,0.118249,262.3045598679383,168.9248508298817
ES,2020-09-01,307157.89222222223,1.0,1.0076778473421966,0.0,3095.1620362865533,0.118249,261.7495316058954,169.5997461159002
ES,2020-10-01,317652.1198888889,1.0,0.9680481343024879,0.0,3075.0254201566913,0.118249,260.04663212007637,170.3695541226749
ES,2020-11-01,327018.3475555555,1.0,0.9314158300034376,0.0,3045.9006561481037,0.118249,257.58362913412407,170.7979183548528
ES,2020-12-01,334628.8407777777,1.0,0.8998754001779334,0.0,3011.242620059807,0.118249,254.65269220541455,170.6728489015746
ES,2021-01-01,342094.4273333333,1.0,0.8713925230773671,0.0,2980.9852616470034,0.118249,252.09390875584597,170.5683112912002
ES,2021-02-01,345480.92055555555,1.0,0.8566748248484335,0.0,2959.6480710540613,0.118249,250.289479915607,170.4905598856435
ES,2021-03-01,353857.803,1.0,0.834199833541097,0.0,2951.8812035981828,0.118249,249.6326568172401,171.11188644096802
ES,2021-04-01,364964.62,1.0,0.8099832603811955,0.0,2956.1523283138404,0.118249,249.99385435089008,172.84900139862924
ES,2021-05-01,374770.95366666664,1.0,0.7939794003103404,0.0,2975.604170459944,0.118249,251.63884434201927,174.49150697411557
ES,2021-06-01,384794.12344444444,1.0,0.7762070577968441,0.0,2986.7991441632785,0.118249,252.58557316876067,175.99402457822475
ES,2021-07-01,390199.63344444445,1.0,0.7621249176404185,0.0,2973.8086350216868,0.118249,251.48700073756956,175.93353605948528
ES,2021-08-01,397677.76800000004,1.0,0.7428863612666372,0.0,2954.2939002615794,0.118249,249.8366920871702,176.4511167632333
ES,2021-09-01,407119.5302222222,1.0,0.7244766844749466,0.0,2949.486074403934,0.118249,249.43010718094305,177.0287627565017
ES,2021-10-01,416252.77966666664,1.0,0.7117208804530573,0.0,2962.5579483539245,0.118249,250.5355604152191,177.86396074600447
ES,2021-11-01,421194.034,1.0,0.7037769692833851,0.0,2964.2666072876304,0.118249,250.68005710725927,177.99837660989508
ES,2021-12-01,427865.7772222222,1.0,0.69340435906109,0.0,2966.839950189501,0.118249,250.89767779765586,178.2893103850221
ES,2022-01-01,431941.0692222222,1.0,0.6904698373971258,0.0,2982.422798310084,0.118249,252.21547736641187,177.685149671648
ES,2022-02-01,437306.0401111111,1.0,0.6979388115176411,0.0,3052.128579046348,0.118249,258.11030782893283,179.47367132274735
ES,2022-03-01,442089.51811111113,1.0,0.7069643089776029,0.0,3125.4151067766315,0.118249,264.3079524373679,181.31293993633494
ES,2022-04-01,449089.614,1.0,0.7307924147284757,0.0,3281.9128344453907,0.118249,277.54254449892943,187.79991602952674
ES,2022-05-01,446893.16244444443,1.0,0.7379280909143843,0.0,3297.750182053207,0.118249,278.8818664050611,183.63342121125538
ES,2022-06-01,449613.19166666665,1.0,0.7681632544809128,0.0,3453.7633256821705,0.118249,292.07547849725324,187.9840354619836
ES,2022-07-01,456172.0417777777,1.0,0.8030439371708455,0.0806451612903225,3295.3812457118543,0.118249,278.6815318279101,187.91940015054792
ES,2022-08-01,455928.45211111114,1.0,0.8156994480062725,0.5,1439.3636066183203,0.118249,121.72311026886656,138.36159632633735
ES,2022-09-01,457663.575,1.0,0.8456854440123895,0.925,-362.99383242827474,0.118249,-30.697412445625307,91.91032807624325
ES,2022-10-01,453953.29277777777,1.0,0.8532513078759941,1.25,-1801.0537519496925,0.118249,-152.3102734018632,47.83883928288893
ES,2022-11-01,453763.8618888889,1.0,0.8760516444407918,1.975,-4986.630498349902,0.118249,-421.70593394869314,-36.83519991936976
ES,2022-12-01,453832.24611111113,1.0,0.9005413282741965,2.177419354838709,-5794.884228056958,0.118249,-490.05777875981676,-59.031109499798674
ES,2023-01-01,449595.70822222217,1.0,0.9064266105655394,2.5,-7164.637566268734,0.118249,-605.8941357870877,-97.4504008366045
ES,2023-02-01,451213.58211111114,1.0,0.9425030733005479,2.875,-8719.688607147731,0.118249,-737.4006213285296,-138.0670176895395
ES,2023-03-01,453970.20855555555,1.0,0.9848524876478402,3.161290322580645,-9880.379378326472,0.118249,-835.5571191575802,-169.87632608156719
ES,2023-04-01,455091.1486666666,1.0,1.016884533316293,3.5,-11300.438700050541,0.118249,-955.6477179553772,-209.507147100388
ES,2023-05-01,452322.92333333334,1.0,1.0289003107435648,3.6774193548387095,-11979.858765291216,0.118249,-1013.1044461510215,-227.34170356018785
ES,2023-06-01,453063.4257777778,1.0,1.0591593566175441,3.8333333333333335,-12568.767655944168,0.118249,-1062.9068876645185,-243.87127862102818
ES,2023-07-01,445735.9542222222,1.0,1.0592485439151398,4.0,-13107.986564083747,0.118249,-1108.5071809557583,-262.04018495450225
ES,2023-08-01,446538.7212222222,1.0,1.0914135665704503,4.241935483870968,-14068.300281339569,0.118249,-1189.718330078019,-287.7781728553356
ES,2023-09-01,447026.7822222222,1.0,1.1234729084946486,4.341666666666667,-14386.188002832774,0.118249,-1216.6012399963445,-298.50101163861825
ES,2023-10-01,440582.2771111111,1.0,1.1316633329770733,4.5,-14840.294388338116,0.118249,-1255.0037960860654,-310.1072166816656
ES,2023-11-01,440151.22088888887,1.0,1.1571025799217853,4.5,-14713.80380753743,0.118249,-1244.3068277564655,-307.4037794755077
ES,2023-12-01,440347.70866666664,1.0,1.1793411980110617,4.5,-14622.444947196273,0.118249,-1236.5808545692794,-305.1103272603533
ES,2024-01-01,435222.2638888889,1.0,1.1837125684967724,4.5,-14433.221236451032,0.118249,-1220.578714107606,-298.50604823641254
ES,2024-02-01,436722.89588888886,1.0,1.2134428207215582,4.5,-14353.147688388992,0.118249,-1213.8071094376267,-300.65128976921255
ES,2024-03-01,438146.19155555556,1.0,1.2417654870512593,4.5,-14275.830430433612,0.118249,-1207.2685968112721,-303.2982605767511
ES,2024-04-01,431506.86388888885,1.0,1.2426435806488552,4.5,-14055.716530825528,0.118249,-1188.6541561303288,-295.7700102898799
ES,2024-05-01,427753.83044444444,1.0,1.2483786799955552,4.5,-13908.934747867219,0.118249,-1176.2412153901696,-290.3365867253358
ES,2024-06-01,428481.92144444445,1.0,1.2753603868943533,4.341666666666667,-13138.568064940073,0.118249,-1111.0933762602704,-277.9611471872049
ES,2024-07-01,422568.80322222225,1.0,1.275824676421625,4.25,-12567.937070575797,0.118249,-1062.8366472930677,-263.14043000150207
ES,2024-08-01,422823.94622222224,1.0,1.2961060189329434,4.25,-12489.771097968433,0.118249,-1056.2263611504902,-263.13921603427275
ES,2024-09-01,422795.5421111111,1.0,1.31404334344173,3.99,-11313.825452753901,0.118249,-956.7797996392273,-236.3579534946125
ES,2024-10-01,414952.49255555554,1.0,1.3139730472536577,3.577419354838709,-9392.226870980856,0.118249,-794.2753740818827,-185.15070334075926
ES,2024-11-01,415452.9995555555,1.0,1.3344740090274898,3.4,-8581.289686094906,0.118249,-725.6965966811479,-167.21146616786962
ES,2024-12-01,411796.1203333333,1.0,1.3413435518576176,3.287096774193548,-8012.536280840179,0.118249,-677.5986503767624,-152.90835421123575
ES,2025-01-01,402400.1368888889,1.0,1.3410764874225514,3.0,-6675.510485493618,0.118249,-564.5299736567428,-115.07250390612393
ES,2025-02-01,402400.1368888889,1.0,1.3598438463985165,2.7857142857142856,-5737.704599664856,0.118249,-485.2222513226205,-93.52275453412852
ES,2025-03-01,402362.8026666667,1.0,1.3811114523573642,2.588709677419355,-4858.926063312348,0.118249,-410.9063132299087,-73.50647339281193
ES,2025-04-01,392201.4917777778,1.0,1.3806054567163295,2.433333333333333,-4128.814436452412,0.118249,-349.1627359599161,-54.71925006202963
ES,2025-05-01,392201.4917777778,1.0,1.3987101586934554,2.25,-3338.771456956945,0.118249,-282.3509253318797,-36.30998634971402
ES,2025-06-01,388986.0808888889,1.0,1.4062270257524219,2.083333333333333,-2633.849289310452,0.118249,-222.7375529019655,-20.40339357664945
ES,2025-07-01,379442.52,1.0,1.4060201517730537,2.0,-2253.8121044045,0.118249,-190.5988299608876,-13.1828470361487
ES,2025-08-01,379442.52,1.0,1.424419533209214,2.0,-2183.9970278187216,0.118249,-184.69475664223134,-11.598064489139148
ES,2025-09-01,379134.9506666667,1.0,1.4415584819602674,2.0,-2117.246973922125,0.118249,-179.04988405163044,-10.709211942210459
ES,2025-10-01,368895.36877777777,1.0,1.4412650986641395,2.0,-2061.147174773075,0.118249,-174.3056748702378,-11.088766172139515
ES,2025-11-01,368895.36877777777,1.0,1.4585334325622417,2.0,-1997.4450907578932,0.118249,-168.9185608975884,-9.644242051818395
ES,2025-12-01,368895.36877777777,1.0,1.476942610575154,2.0,-1929.534485638203,0.118249,-163.1755436103648,-8.06036253758026
ES,2026-01-01,368895.36877777777,1.0,1.4949052820368405,2.0,-1863.271022507274,0.116851,-159.45700272203695,-7.145320326988724
ES,2026-02-01,361129.63544444443,1.0,1.494914053802952,2.0,-1824.0150361825224,0.116851,-156.09751188971617,-7.74774867515373
ES,2026-03-01,361047.85188888886,1.0,1.5146209218864752,2.0,-1752.450735046973,0.116851,-149.97310549734047,-6.371812445303988
ES,2026-04-01,351754.9986666667,1.0,1.5142483131465982,2.0,-1708.6558396144942,0.116851,-146.22517904121437,-7.7702688762044545
ES,2026-05-01,351530.098,1.0,1.5342297271333887,2.0,-1637.3226966628663,0.116851,-140.12055495142243,-7.230712283887499
ES,2026-06-01,349984.16111111105,1.0,1.547325987607351,2.1166666666666667,-1992.6021994700488,0.116851,-170.52504466971175,-17.76259298709516
ES,2026-07-01,340738.36344444443,1.0,1.5472702707740942,2.25,-2394.469778801927,0.116851,-204.91649868652618,-29.494609346293288
ES,2026-08-01,340738.36344444443,1.0,1.5699223807520153,2.25,-2317.2853499775233,0.116851,-198.3111269888596,-27.755305301309477
FI,2015-03-01,688.0,1.0,0.18518536967508856,0.05,0.9300753433646092,0.018165,0.5120150527743513,-1.2448798591695032
FI,2015-04-01,1386.6666666666665,1.0,0.13613168235356155,0.05,1.1943593286360532,0.018165,0.6575058236366932,-3.1504295504987385
FI,2015-05-01,2134.222222222222,1.0,0.2416658855882322,0.05,4.090575922643072,0.018165,2.2518997647360703,-5.402584827345397
FI,2015-06-01,2877.333333333333,1.0,0.351280820782054,0.05,8.6688534833023,0.018165,4.772283778311203,-7.716217159673378
FI,2015-07-01,3632.8888888888887,1.0,0.3982290091986982,0.05,12.650772983067373,0.018165,6.96436718032886,-9.399068695238647
FI,2015-08-01,4243.555555555556,1.0,0.41041479713990137,0.05,15.294402147074571,0.018165,8.419709412097204,-10.773113594224837
FI,2015-09-01,4976.888888888889,1.0,0.4334263519925986,0.05,19.08270350939164,0.018165,10.505204244091185,-12.103994085896009
FI,2015-10-01,5727.11111111111,1.0,0.44283693729690793,0.05,22.498207884479804,0.018165,12.385470897043657,-13.845128694773429
FI,2015-11-01,6535.11111111111,1.0,0.44770920285572796,0.05,25.990738305736105,0.018165,14.308141098671129,-15.668730967057066
FI,2015-12-01,7187.555555555555,1.0,0.45578142137053795,0.05,29.165765095130396,0.018165,16.05602262324822,-16.319470105029378
FI,2016-01-01,7956.444444444444,1.0,0.45546502813675627,0.05,32.26059970535205,0.018165,17.759757613736333,-17.726034969151605
FI,2016-02-01,8737.777777777777,1.0,0.436015328227954,0.05,33.72916156871811,0.018165,18.568214461171547,-19.63984929510448
FI,2016-03-01,9512.0,1.0,0.41933618990354843,0.0241935483870967,37.58596806104489,0.018165,20.691421998923694,-20.941496344885728
FI,2016-04-01,10688.888888888889,1.0,0.3920671827886736,0.0,41.90762553807822,0.018165,23.070534290161422,-22.978101712130087
FI,2016-05-01,11903.111111111111,1.0,0.36877058016007513,0.0,43.89517190154281,0.018165,24.164696890472232,-25.435080239441834
FI,2016-06-01,12991.11111111111,1.0,0.34348405610411825,0.0,44.62239537743722,0.018165,24.565040119701194,-28.15386277958212
FI,2016-07-01,14055.11111111111,1.0,0.3057968359337336,0.0,42.9800850647484,0.018165,23.660933148774237,-30.647660471377083
FI,2016-08-01,14829.333333333332,1.0,0.2776045547248455,0.0,41.16690476866309,0.018165,22.66276067639036,-32.52238955265679
FI,2016-09-01,15900.444444444443,1.0,0.24504097519780446,0.0,38.96260412745178,0.018165,21.4492728474824,-35.074770336644406
FI,2016-10-01,17018.666666666664,1.0,0.2219350066947444,0.0,37.77037900602289,0.018165,20.79294192459284,-37.66815707084431
FI,2016-11-01,18090.666666666664,1.0,0.21484066759641196,0.0,38.86610903930823,0.018165,21.396151411675326,-40.37088730881625
FI,2016-12-01,18925.333333333332,1.0,0.2086202597468143,0.0,39.48207955795043,0.018165,21.73524886207015,-42.560505171043275
FI,2017-01-01,19616.0,1.0,0.20525964505886263,0.0,40.26373197474649,0.018165,22.16555572515634,-45.284188903922896
FI,2017-02-01,20261.333333333332,1.0,0.20162996832211916,0.0,40.85291998163896,0.018165,22.48990915587061,-48.51927267327822
FI,2017-03-01,20910.222222222223,1.0,0.19819030887268155,0.0,41.44203400818632,0.018165,22.814221859722718,-51.77153500746236
FI,2017-04-01,21509.333333333332,1.0,0.1915520649210499,0.0,41.20157215075169,0.018165,22.681845389899085,-54.39031517776769
FI,2017-05-01,22074.666666666664,1.0,0.18911572574219934,0.0,41.74666607183803,0.018165,22.981924619784216,-56.3920403156225
FI,2017-06-01,22646.222222222223,1.0,0.1895367361900645,0.0,42.922910470349095,0.018165,23.6294580073488,-57.49113910287602
FI,2017-07-01,23227.555555555555,1.0,0.196542551472824,0.0,45.65203033365657,0.018165,25.131863657394202,-58.593575636136876
FI,2017-08-01,23696.888888888887,1.0,0.1988966102034921,0.0,47.13230872368796,0.018165,25.946770560797116,-59.583742255655835
FI,2017-09-01,23876.44444444444,1.0,0.19951248458853604,0.0,47.63648754251258,0.018165,26.22432564960781,-61.27144718423813
FI,2017-10-01,24811.555555555555,1.0,0.20179895608605697,0.0,50.06946009982318,0.018165,27.5636994769189,-61.869909363555905
FI,2017-11-01,25359.11111111111,1.0,0.20035286616436518,0.0,50.807705944917096,0.018165,27.97011062202978,-62.894956497209165
FI,2017-12-01,25922.666666666664,1.0,0.19929982144413427,0.0,51.66382838022478,0.018165,28.44141391699685,-63.810780792128114
FI,2018-01-01,26171.555555555555,1.0,0.20221593015635075,0.0,52.923054503052754,0.018165,29.134629508974815,-64.09115424559397
FI,2018-02-01,26434.666666666664,1.0,0.20857650621984286,0.0,55.13650416419472,0.018165,30.353153957717986,-64.21939876426254
FI,2018-03-01,26683.555555555555,1.0,0.21229537250678132,0.0,56.64795366472061,0.018165,31.185220844877847,-64.54647074837766
FI,2018-04-01,27165.333333333332,1.0,0.2164753557141602,0.0,58.80625196427067,0.018165,32.37338396051234,-64.48007605425958
FI,2018-05-01,27597.333333333332,1.0,0.22020742207637364,0.0,60.77137629515709,0.018165,33.45520302513465,-64.66202539879065
FI,2018-06-01,28076.44444444444,1.0,0.221917294449869,0.0,62.30648588883166,0.018165,34.30029501174327,-65.29624283126903
FI,2018-07-01,28569.777777777777,1.0,0.2213770779267354,0.0,63.246939214606236,0.018165,34.81802323952999,-65.86517714049457
FI,2018-08-01,29004.44444444444,1.0,0.22161359319213408,0.0,64.27779151874964,0.018165,35.38551693848039,-66.45967597083636
FI,2018-09-01,28688.888888888887,1.0,0.22168986669187354,0.0,63.6003595331575,0.018165,35.01258438379163,-68.05744912437602
FI,2018-10-01,29034.666666666664,1.0,0.22654722111266662,0.0,65.77723049265904,0.018165,36.21097191998847,-68.49869850605121
FI,2018-11-01,29336.0,1.0,0.22932265490762907,0.0,67.27409404370206,0.018165,37.03500910746054,-68.89211521746775
FI,2018-12-01,29451.555555555555,1.0,0.2298768104891613,0.0,67.70229655055451,0.018165,37.270738535950734,-70.03668434468682
FI,2019-01-01,29647.11111111111,1.0,0.22903965455709094,0.0,67.90364087504581,0.018165,37.38158044318514,-70.52686752706113
FI,2019-02-01,29760.888888888887,1.0,0.22697732871070153,0.0,67.55047060055998,0.018165,37.187156950487186,-70.7411348509867
FI,2019-03-01,29887.11111111111,1.0,0.22448735399365274,0.0,67.09278491847631,0.018165,36.935196762166974,-71.18777610408256
FI,2019-04-01,30055.11111111111,1.0,0.22166019392654512,0.0,66.6202175737275,0.018165,36.67504408132535,-71.31259251526157
FI,2019-05-01,30216.0,1.0,0.21709834286848473,0.0,65.59843528114135,0.018165,36.11254350737206,-71.41749894658838
FI,2019-06-01,30328.888888888887,1.0,0.2103415572319306,0.0,63.794257180030854,0.018165,35.119326826331324,-71.58663389579633
FI,2019-07-01,29236.44444444444,1.0,0.2103415572319306,0.0,61.496392523692705,0.018165,33.854331144339504,-71.99612523211212
FI,2019-08-01,29340.44444444444,1.0,0.19901363931010002,0.0,58.391486278646944,0.018165,32.14505162600988,-72.22118927033603
FI,2019-09-01,29401.777777777777,1.0,0.1895969498377641,0.0,55.74487386474421,0.018165,30.688067087665406,-72.15447377813666
FI,2019-10-01,29747.555555555555,1.0,0.1760726625205493,0.0,52.37731310144624,0.018165,28.834193835092893,-72.65725980957434
FI,2019-11-01,29943.11111111111,1.0,0.16771551008804822,0.0,50.21924153623104,0.018165,27.64615553880046,-72.92008177928933
FI,2019-12-01,30119.11111111111,1.0,0.16022895176229707,0.0,48.25953601345487,0.018165,26.567319578009837,-73.10653386134405
FI,2020-01-01,30634.666666666664,1.0,0.14782913001272002,0.0,45.286961215630065,0.018165,24.930889741607523,-73.63984536512442
FI,2020-02-01,30811.555555555555,1.0,0.13742365227911152,0.0,42.34236496845193,0.018165,23.30986235532724,-74.01136515720806
FI,2020-03-01,31285.355333333333,1.0,0.12755338323684695,0.0,39.90552918533601,0.018165,21.968361786587398,-70.12421166089337
FI,2020-04-01,31169.930555555555,1.0,0.12342771775594581,0.0,38.472333910835424,0.018165,21.179374572438988,-74.36760723892856
FI,2020-05-01,33163.914666666664,1.0,0.09895932749628181,0.0,32.8187869255741,0.018165,18.067044825529372,-80.80873723026562
FI,2020-06-01,35112.56133333333,1.0,0.07252159133144997,0.0,25.464188236164723,0.018165,14.018270430038383,-80.66085977375185
FI,2020-07-01,37023.828555555556,1.0,0.046241580288252516,0.0,17.120403407302184,0.018165,9.424939943463906,-84.97069631505717
FI,2020-08-01,38101.27211111111,1.0,0.028881846388363403,0.0,11.004350883143456,0.018165,6.057996632614069,-87.32171240544251
FI,2020-09-01,38096.96544444444,1.0,0.013569758883557307,0.0,5.169666352763256,0.018165,2.84594899684187,-89.30383649315336
FI,2020-10-01,39779.769888888884,1.0,-0.014372700760440744,0.0,-5.717427289321911,0.018165,-3.147496443337138,-92.8245744407386
FI,2020-11-01,41435.018777777776,1.0,-0.040627299161117826,0.0,-16.833929036313126,0.018165,-9.267233160645818,-96.05294393991709
FI,2020-12-01,42716.90688888889,1.0,-0.060992638742465216,0.0,-26.054168700695236,0.018165,-14.34306011598967,-98.32290341982961
FI,2021-01-01,43965.01155555555,1.0,-0.07861327934328764,0.0,-34.56233734747758,0.018165,-19.02688541011703,-100.55248287476282
FI,2021-02-01,45237.12466666666,1.0,-0.09061953784400893,0.0,-40.9936733068515,0.018165,-22.56739515929067,-102.36631518925415
FI,2021-03-01,46740.37211111111,1.0,-0.1007965399611189,0.0,-47.112677852951784,0.018165,-25.935963585440014,-104.4567339617121
FI,2021-04-01,47169.86111111111,1.0,-0.10758323972576085,0.0,-50.7468647574751,0.018165,-27.93661698732458,-105.08146993958543
FI,2021-05-01,48944.24166666667,1.0,-0.11033977029843874,0.0,-54.00496382931274,0.018165,-29.730230569398703,-106.87756793730239
FI,2021-06-01,50819.943111111104,1.0,-0.11528074890246492,0.0,-58.585611010295516,0.018165,-32.251919080812286,-108.84346767134822
FI,2021-07-01,52892.106111111105,1.0,-0.12263380460892821,0.0,-64.86360206184696,0.018165,-35.708011044231746,-111.26147572231602
FI,2021-08-01,54338.453555555556,1.0,-0.13140110602280478,0.0,-71.40132896768809,0.018165,-39.307089990469635,-112.69266531440654
FI,2021-09-01,56211.476888888894,1.0,-0.13633189050770295,0.0,-76.63416912492275,0.018165,-42.18781674920052,-114.58916117364188
FI,2021-10-01,57415.156444444445,1.0,-0.13534629950806756,0.0,-77.70928960432333,0.018165,-42.77968048682815,-115.45128015604277
FI,2021-11-01,58768.16655555555,1.0,-0.13623513823990666,0.0,-80.0628929480197,0.018165,-44.075360830178745,-116.75704132754294
FI,2021-12-01,60027.818,1.0,-0.13827978200198657,0.0,-83.00633587094926,0.018165,-45.69575330082535,-118.3041207134591
FI,2022-01-01,61186.97855555556,1.0,-0.13309279055643194,0.0,-81.43545721675449,0.018165,-44.8309701165728,-119.36129781133668
FI,2022-02-01,61972.81088888888,1.0,-0.12024622758812022,0.0,-74.51996722420867,0.018165,-41.02392910773943,-119.66056561392492
FI,2022-03-01,63300.020222222214,1.0,-0.09741984200603716,0.0,-61.66677969027845,0.018165,-33.948130850690035,-116.94314335172298
FI,2022-04-01,62703.56,1.0,-0.09408875971764907,0.0,-58.99700190281192,0.018165,-32.4783935605901,-122.22102202999278
FI,2022-05-01,62299.87977777777,1.0,-0.06967041103131269,0.0,-43.40458231319143,0.018165,-23.894622798343757,-119.14306799214948
FI,2022-06-01,63174.606,1.0,-0.019540759768898117,0.0,-12.344797993407896,0.018165,-6.795925127116926,-110.88736816238657
FI,2022-07-01,63619.93933333333,1.0,0.008942324648529927,0.0806451612903225,-45.61730117178753,0.018165,-25.112744933546672,-115.87487661090884
FI,2022-08-01,63058.95566666666,1.0,0.024563307960086836,0.5,-299.8054128565154,0.018165,-165.0456442920536,-148.40715823458282
FI,2022-09-01,61919.375555555554,1.0,0.026442902502964206,0.925,-556.380943780289,0.018165,-306.29283995611837,-183.68509943424982
FI,2022-10-01,62826.095,1.0,0.095320622476463,1.25,-725.4399626683461,0.018165,-399.36138875218614,-199.212276067434
FI,2022-11-01,62497.13411111111,1.0,0.12248263960510056,1.975,-1157.7702591576158,0.018165,-637.3632034999262,-252.49246947060277
FI,2022-12-01,63004.723666666665,1.0,0.17027061946649327,2.177419354838709,-1264.5985143002592,0.018165,-696.1731430224384,-265.14647376242027
FI,2023-01-01,63703.43911111111,1.0,0.2262538799194475,2.5,-1448.454475146766,0.018165,-797.3875448096703,-288.94380985918707
FI,2023-02-01,63310.47044444445,1.0,0.25547438086057567,2.875,-1658.4339928899158,0.018165,-912.9832055545917,-313.6496019156016
FI,2023-03-01,64150.54311111111,1.0,0.3198624702072411,3.161290322580645,-1822.791399407919,0.018165,-1003.4634733872387,-337.7826803112256
FI,2023-04-01,62519.37611111111,1.0,0.31936208827980084,3.5,-1988.5149787609416,0.018165,-1094.6958319630837,-348.55526110809456
FI,2023-05-01,62550.46588888888,1.0,0.34847672350091236,3.6774193548387095,-2082.269125075629,0.018165,-1146.3083540190635,-360.5456114282298
FI,2023-06-01,62663.37566666666,1.0,0.38150331024852613,3.8333333333333335,-2163.033214740419,0.018165,-1190.76973010758,-371.73412106408966
FI,2023-07-01,62997.63966666667,1.0,0.42496004142562654,4.0,-2252.190791042033,0.018165,-1239.8517979862556,-393.3848019849996
FI,2023-08-01,62904.29466666667,1.0,0.4504919563076271,4.241935483870968,-2384.980808698705,0.018165,-1312.953927166917,-411.01376994423356
FI,2023-09-01,60622.439,1.0,0.449861580275237,4.341666666666667,-2359.3071644965416,0.018165,-1298.8203492961968,-380.7201209384706
FI,2023-10-01,61108.722,1.0,0.5049486616854999,4.5,-2441.3248160878875,0.018165,-1343.9718227844137,-399.07524338001383
FI,2023-11-01,60850.912,1.0,0.5228050793900361,4.5,-2420.159381208839,0.018165,-1332.320055716399,-395.4170074354413
FI,2023-12-01,61006.487,1.0,0.5508565554140774,4.5,-2409.233682132663,0.018165,-1326.3053576287714,-394.8348303198453
FI,2024-01-01,61426.095,1.0,0.5890675000314757,4.5,-2402.333112816541,0.018165,-1322.5065305898931,-400.43386471869974
FI,2024-02-01,60930.922,1.0,0.6041680330439007,4.5,-2373.766337037087,0.018165,-1306.780257108223,-393.62443743980884
FI,2024-03-01,60698.915888888885,1.0,0.6207563205921093,4.5,-2354.6588580888338,0.018165,-1296.2614137565834,-392.2910775220623
FI,2024-04-01,59202.89155555556,1.0,0.6235152705131819,4.5,-2294.991050565752,0.018165,-1263.4137355165165,-370.52958967606753
FI,2024-05-01,59338.019555555555,1.0,0.6550494907933995,4.5,-2281.5174850544454,0.018165,-1255.9964134623976,-370.09178479756383
FI,2024-06-01,59662.504555555555,1.0,0.6943730878588931,4.341666666666667,-2176.066697610673,0.018165,-1197.9447826097842,-364.8125535367187
FI,2024-07-01,59981.65555555555,1.0,0.7320185244393376,4.25,-2110.1435311790474,0.018165,-1161.653471609715,-361.95725431814947
FI,2024-08-01,59487.371555555554,1.0,0.745027900738949,4.25,-2085.0157756059766,0.018165,-1147.8204104629654,-354.7332653467479
FI,2024-09-01,57891.76155555555,1.0,0.7450064127349502,3.99,-1878.583950032551,0.018165,-1034.177786970851,-313.75594082623616
FI,2024-10-01,57889.983555555555,1.0,0.76640573364993,3.577419354838709,-1627.295323050611,0.018165,-895.8410806774626,-286.71640993633923
FI,2024-11-01,56767.20411111111,1.0,0.7721223896849971,3.4,-1491.7726468377066,0.018165,-821.23459776367,-262.7494672503917
FI,2024-12-01,56833.879111111106,1.0,0.7942378225162154,3.287096774193548,-1416.7884430068068,0.018165,-779.9551021232077,-255.264805957681
FI,2025-01-01,56833.879111111106,1.0,0.8176932496509346,3.0,-1240.2895803270048,0.018165,-682.7908507167657,-233.33338096614688
FI,2025-02-01,55426.59211111111,1.0,0.831005381666761,2.7857142857142856,-1083.4285312059917,0.018165,-596.4373967552941,-204.73789996680216
FI,2025-03-01,55426.59211111111,1.0,0.8552057274109004,2.588709677419355,-960.8221636011856,0.018165,-528.9414608319216,-191.54162099482488
FI,2025-04-01,55125.23255555556,1.0,0.8668926432055136,2.433333333333333,-863.5040732778098,0.018165,-475.36695473592613,-180.92346883803964
FI,2025-05-01,54582.053555555554,1.0,0.880512160973764,2.25,-747.4945857341205,0.018165,-411.5026621162238,-165.46172313405813
FI,2025-06-01,54582.053555555554,1.0,0.9013492386952995,2.083333333333333,-645.15119155348,0.018165,-355.1616799083292,-152.82752058301313
FI,2025-07-01,52011.270000000004,1.0,0.9013423894324263,2.0,-571.4257762078493,0.018165,-314.5751589363332,-137.1591760115943
FI,2025-08-01,51521.431,1.0,0.9157432041254839,2.0,-558.6246169492995,0.018165,-307.528002724635,-134.43131057154278
FI,2025-09-01,49434.22788888888,1.0,0.9157175019755471,2.0,-536.0066810327451,0.018165,-295.0766204419186,-126.7359483324986
FI,2025-10-01,49434.22788888888,1.0,0.9366150860947329,2.0,-525.6761216759946,0.018165,-289.3895522576354,-126.17264355953711
FI,2025-11-01,49434.22788888888,1.0,0.9577041707569618,2.0,-515.2508955043877,0.018165,-283.6503691188482,-124.37605027307816
FI,2025-12-01,49434.22788888888,1.0,0.9802646109138566,2.0,-504.0983161044918,0.018165,-277.51077132094235,-122.39559024815782
FI,2026-01-01,49434.22788888888,1.0,1.0037239035251562,2.0,-492.50139593390077,0.01795,-274.3740367319781,-122.06235433692987
FI,2026-02-01,49434.22788888888,1.0,1.0259244377377947,2.0,-481.5267332586743,0.01795,-268.26001852850936,-119.91025531394692
FI,2026-03-01,49434.22788888888,1.0,1.0506395573747436,2.0,-469.3090046943335,0.01795,-261.453484509378,-117.85219145734149
FI,2026-04-01,46074.08444444444,1.0,1.0505329587371683,2.0,-437.45824636360516,0.01795,-243.7093294504764,-105.25441928546647
FI,2026-05-01,46074.08444444444,1.0,1.0750412693656015,2.0,-426.1662666287541,0.01795,-237.41853294081005,-104.52869027327512
FI,2026-06-01,46074.08444444444,1.0,1.0985931080624942,2.1166666666666667,-469.068071097847,0.01795,-261.3192596645387,-108.55680798192213
FI,2026-07-01,46074.08444444444,1.0,1.1234607028576928,2.25,-519.0426670651974,0.01795,-289.1602602034526,-113.7383708632197
FI,2026-08-01,46074.08444444444,1.0,1.1493742147720198,2.25,-507.1032537032692,0.01795,-282.50877643636164,-111.95295474881152
FR,2015-03-01,7784.0,1.0,0.376425241092449,0.05,25.408940766636235,0.200047,1.2701485534217576,-0.4867463585220968
FR,2015-04-01,15449.777777777777,1.0,0.3394077967881405,0.05,44.7128614753304,0.200047,2.2351178210785667,-1.5728175530568649
FR,2015-05-01,23880.888888888887,1.0,0.45767208767061607,0.05,97.35571828763352,0.200047,4.866642253452115,-2.7878423386293516
FR,2015-06-01,32259.555555555555,1.0,0.581035048627674,0.05,171.3095465315159,0.200047,8.5634649123214,-3.9250360256631804
FR,2015-07-01,40672.88888888888,1.0,0.6328407195965802,0.05,237.05815828071744,0.200047,11.850123135099123,-4.513312740468384
FR,2015-08-01,47861.33333333333,1.0,0.6490245514333777,0.05,286.70113731003363,0.200047,14.33168891860581,-4.861134087716231
FR,2015-09-01,56292.44444444444,1.0,0.6596855099142983,0.05,343.2068769543341,0.200047,17.15631211436983,-5.452886215617365
FR,2015-10-01,65136.88888888888,1.0,0.6510274182166026,0.05,391.49056159550594,0.200047,19.56992914642589,-6.660670445391197
FR,2015-11-01,74222.22222222222,1.0,0.6414308021487037,0.05,438.9730842614823,0.200047,21.943497491163694,-8.033374574564501
FR,2015-12-01,81570.66666666666,1.0,0.639002392749332,0.05,480.45317844824837,0.200047,24.0170149239053,-8.3584778043723
FR,2016-01-01,90432.0,1.0,0.6267189468967928,0.05,521.5384780577075,0.200047,26.070797265527975,-9.414995317359963
FR,2016-02-01,99311.11111111111,1.0,0.5958663089506622,0.05,542.1058966001132,0.200047,27.098926582258827,-11.1091371740172
FR,2016-03-01,108068.44444444444,1.0,0.5627674139430731,0.0241935483870967,582.0283986906571,0.200047,29.094582707596572,-12.53833563621285
FR,2016-04-01,121342.22222222222,1.0,0.5254807129223221,0.0,637.6299744091217,0.200047,31.87400832849889,-14.174627673792621
FR,2016-05-01,135029.3333333333,1.0,0.49540255072785183,0.0,668.9387615641467,0.200047,33.43907989443215,-16.16069723548192
FR,2016-06-01,147192.0,1.0,0.465407803969319,0.0,685.04305481852,0.200047,34.2441053761626,-18.474797523120714
FR,2016-07-01,159253.3333333333,1.0,0.42290710476712434,0.0,673.4936612451377,0.200047,33.666771370984705,-20.641822249166616
FR,2016-08-01,167936.88888888888,1.0,0.39401134339168004,0.0,661.6903919613042,0.200047,33.07674656262299,-22.108403666424152
FR,2016-09-01,180033.77777777778,1.0,0.3613298905134961,0.0,650.5158521317554,0.200047,32.518150841140105,-24.005892342986698
FR,2016-10-01,192620.44444444444,1.0,0.3427843135155422,0.0,660.2726681794753,0.200047,33.005877027872216,-25.45522196756493
FR,2016-11-01,204602.66666666666,1.0,0.3476163763447497,0.0,711.2323757713937,0.200047,35.55326377158336,-26.213774948908217
FR,2016-12-01,214104.0,1.0,0.3524686999311775,0.0,754.6495853006484,0.200047,37.72361421569173,-26.572139817421693
FR,2017-01-01,226761.77777777775,1.0,0.36450982004765586,0.0,826.568948114643,0.200047,41.31873750241908,-26.13100712666015
FR,2017-02-01,238813.3333333333,1.0,0.38400000945451507,0.0,917.0432225786425,0.200047,45.8413884026575,-25.16779342649133
FR,2017-03-01,250997.3333333333,1.0,0.4016769671206897,0.0,1008.1984760871412,0.200047,50.39808025549702,-24.18767661168806
FR,2017-04-01,261044.44444444444,1.0,0.4096663773362781,0.0,1069.4113187931687,0.200047,53.45800330888085,-23.614157258785923
FR,2017-05-01,270616.8888888889,1.0,0.4131869855489858,0.0,1118.1537655864483,0.200047,55.89455305935347,-23.47941187605325
FR,2017-06-01,280216.0,1.0,0.410174945638188,0.0,1149.375825669505,0.200047,57.45528929049199,-23.66530781973283
FR,2017-07-01,289095.1111111111,1.0,0.4150763307883129,0.0,1199.9653796883963,0.200047,59.98417270383442,-23.741266589696664
FR,2017-08-01,297335.11111111107,1.0,0.41455778372083696,0.0,1232.62584684611,0.200047,61.61681239139353,-23.913700425059425
FR,2017-09-01,307157.3333333333,1.0,0.4132663025307249,0.0,1269.3777544186403,0.200047,63.453976036563425,-24.041796797282508
FR,2017-10-01,316480.0,1.0,0.41677803083996584,0.0,1319.019112002324,0.200047,65.93546076683599,-23.498148073638816
FR,2017-11-01,325759.11111111107,1.0,0.4167700701294126,0.0,1357.6664758307286,0.200047,67.8673749584212,-22.99769216081775
FR,2017-12-01,333958.2222222222,1.0,0.4157118851750089,0.0,1388.3040212969454,0.200047,69.39889232515085,-22.85330238397411
FR,2018-01-01,337494.2222222222,1.0,0.4189959606398843,0.0,1414.0871585041057,0.200047,70.68774630482365,-22.538037449745133
FR,2018-02-01,341248.8888888889,1.0,0.42510207858953847,0.0,1450.6561198303712,0.200047,72.51576478679367,-22.056787935186847
FR,2018-03-01,344795.55555555556,1.0,0.42780579791779083,0.0,1475.0553776295242,0.200047,73.73544105282879,-21.996250540426715
FR,2018-04-01,348853.3333333333,1.0,0.4295517584656787,0.0,1498.505627799469,0.200047,74.90767808562333,-21.945781929148595
FR,2018-05-01,352552.0,1.0,0.4312558393954337,0.0,1520.4010869053893,0.200047,76.00219382971949,-22.11503459420581
FR,2018-06-01,356589.3333333333,1.0,0.4319571479865844,0.0,1540.3131142910413,0.200047,76.99756128764948,-22.598976555362825
FR,2018-07-01,360707.55555555556,1.0,0.43115219563330015,0.0,1555.1985455929837,0.200047,77.74165799002154,-22.941542390003022
FR,2018-08-01,364370.6666666666,1.0,0.43095184571652734,0.0,1570.2621132496154,0.200047,78.49465941751765,-23.350533491799098
FR,2018-09-01,368120.8888888889,1.0,0.43218602764791997,0.0,1590.967046631102,0.200047,79.52966286078282,-23.540370647384833
FR,2018-10-01,369897.77777777775,1.0,0.43387777791928295,0.0,1604.9042587950294,0.200047,80.22635974521134,-24.48331068082834
FR,2018-11-01,371374.2222222222,1.0,0.4344591597284234,0.0,1613.4693253146345,0.200047,80.65451245530473,-25.27261186962356
FR,2018-12-01,373561.77777777775,1.0,0.4343662590255366,0.0,1622.6263192826216,0.200047,81.11225458430377,-26.195168296333776
FR,2019-01-01,375777.77777777775,1.0,0.4331908549079396,0.0,1627.834968109613,0.200047,81.37262583840862,-26.535822131837648
FR,2019-02-01,375117.3333333333,1.0,0.4317010981469752,0.0,1619.3856473396495,0.200047,80.95025905610429,-26.97803274536959
FR,2019-03-01,376401.77777777775,1.0,0.42790716446379184,0.0,1610.6501742801918,0.200047,80.5135880208247,-27.609384845424827
FR,2019-04-01,375751.11111111107,1.0,0.4247500571873097,0.0,1596.0030593263957,0.200047,79.78140433630075,-28.20623226028617
FR,2019-05-01,371684.44444444444,1.0,0.4244371032653724,0.0,1577.5666892879922,0.200047,78.85980241083307,-28.670240043127365
FR,2019-06-01,372460.44444444444,1.0,0.41651638907807015,0.0,1551.3587939441315,0.200047,77.54971551406078,-29.156245208066878
FR,2019-07-01,373689.77777777775,1.0,0.405891696315647,0.0,1516.7757779803935,0.200047,75.82097097084153,-30.02948540561009
FR,2019-08-01,374035.55555555556,1.0,0.39414175625402503,0.0,1474.230307681166,0.200047,73.69419724770509,-30.672043648640823
FR,2019-09-01,375022.2222222222,1.0,0.38195670488370775,0.0,1432.422522581656,0.200047,71.60429911878988,-31.238241747012182
FR,2019-10-01,373112.0,1.0,0.37707971203228613,0.0,1406.9296551579034,0.200047,70.32995521841885,-31.161498426248386
FR,2019-11-01,373246.2222222222,1.0,0.37011342521841534,0.0,1381.4343775650048,0.200047,69.05549083790333,-31.510746480186455
FR,2019-12-01,377920.8888888889,1.0,0.3576051113103449,0.0,1351.4644153761558,0.200047,67.55734479278149,-32.1165086465724
FR,2020-01-01,384527.11111111107,1.0,0.34177315899562066,0.0,1314.2104548390446,0.200047,65.6950843971189,-32.875650709613026
FR,2020-02-01,386173.3333333333,1.0,0.3305973812291647,0.0,1276.678927005373,0.200047,63.81894889727779,-33.50227861525751
FR,2020-03-01,396236.71644444444,1.0,0.31191471252648134,0.0,1235.920615022058,0.200047,61.7815120957604,-30.31106135172036
FR,2020-04-01,415643.5504444444,1.0,0.2906329865114094,0.0,1207.9972638987454,0.200047,60.38567256188522,-35.16130924948232
FR,2020-05-01,427271.06388888886,1.0,0.2730874030240754,0.0,1166.8234522475047,0.200047,58.32746565794562,-40.548316397849376
FR,2020-06-01,455719.53288888885,1.0,0.2422595979528983,0.0,1104.0243081694484,0.200047,55.18824617062233,-39.49088403316791
FR,2020-07-01,473799.49111111107,1.0,0.21874101847591318,0.0,1036.3938323901382,0.200047,51.807516853046444,-42.588119405474636
FR,2020-08-01,486256.7165555555,1.0,0.20119685481689523,0.0,978.3332200456829,0.200047,48.90516828773653,-44.474540750320045
FR,2020-09-01,505449.3596666666,1.0,0.17617105277122636,0.0,890.455458150189,0.200047,44.51231251406864,-47.637472975926585
FR,2020-10-01,518678.447,1.0,0.1555941436971593,0.0,807.0332881513741,0.200047,40.342183994330036,-49.33489400307143
FR,2020-11-01,530071.9788888888,1.0,0.1375753911146933,0.0,729.2485981457834,0.200047,36.45386324942555,-50.33184752984572
FR,2020-12-01,543458.9822222221,1.0,0.11741756546626338,0.0,638.1163062330663,0.200047,31.898319206639755,-52.08152409720019
FR,2021-01-01,557106.3993333334,1.0,0.09891339859739955,0.0,551.0528733842006,0.200047,27.54617031918502,-53.97942714546076
FR,2021-02-01,566509.4026666667,1.0,0.0889196231541654,0.0,503.7380259841135,0.200047,25.18098376802019,-54.61793626194329
FR,2021-03-01,580487.8034444444,1.0,0.07845221422595532,0.0,455.40553511377794,0.200047,22.764926997844405,-55.75584337842769
FR,2021-04-01,594525.139111111,1.0,0.0707804351162091,0.0,420.80748033809186,0.200047,21.03543069069228,-56.10942226156857
FR,2021-05-01,605772.1856666666,1.0,0.07084799115594627,0.0,429.17742452630233,0.200047,21.453829576364672,-55.69350779153902
FR,2021-06-01,623294.6976666666,1.0,0.06788908191043522,0.0,423.14904784232283,0.200047,21.152481558949788,-55.43906703158615
FR,2021-07-01,642102.7448888889,1.0,0.059382036051742644,0.0,381.2936834591491,0.200047,19.060205024776632,-56.49325965330763
FR,2021-08-01,655592.1166666667,1.0,0.04970617422500986,0.0,325.8697597157632,0.200047,16.28965991570797,-57.09591540822893
FR,2021-09-01,673074.5014444444,1.0,0.04380607409142744,0.0,294.84751479325917,0.200047,14.738912095320558,-57.662432329120804
FR,2021-10-01,681642.9916666667,1.0,0.04431250867287954,0.0,302.0531098003672,0.200047,15.099107199826403,-57.57249246938822
FR,2021-11-01,696695.9343333333,1.0,0.04171745121234256,0.0,290.6437865038825,0.200047,14.528775063054308,-58.152905434309886
FR,2021-12-01,708640.128111111,1.0,0.03864254816070529,0.0,273.8366027914197,0.200047,13.688613315441856,-58.9197540971919
FR,2022-01-01,723435.9013333333,1.0,0.042883178834878945,0.0,310.2323113244917,0.200047,15.507971192994232,-59.02235650176965
FR,2022-02-01,728412.4988888889,1.0,0.05257318469371675,0.0,382.949648372973,0.200047,19.14298381745155,-59.49365268873393
FR,2022-03-01,737126.9206666667,1.0,0.06656098048332111,0.0,490.6389058022459,0.200047,24.526181637427502,-58.46883086360545
FR,2022-04-01,736972.1084444444,1.0,0.07909011807143847,0.0,582.8721107222806,0.200047,29.136758397890524,-60.60587007151215
FR,2022-05-01,733941.6643333333,1.0,0.0887308787896476,0.0,651.2328885663322,0.200047,32.55399423967029,-62.694450954135434
FR,2022-06-01,737965.6516666666,1.0,0.11994157731422288,0.0,885.1276426461836,0.200047,44.24598432599257,-59.84545870927706
FR,2022-07-01,735956.6406666667,1.0,0.13224121352145865,0.0806451612903225,379.72457271688836,0.200047,18.981767920383128,-71.78036375697903
FR,2022-08-01,737462.4292222222,1.0,0.1512430924063249,0.5,-2571.951162820617,0.200047,-128.56734481499933,-111.92885875752856
FR,2022-09-01,744187.9706666666,1.0,0.19605946851153794,0.925,-5424.6877486508,0.200047,-271.1706623268932,-148.56292180502464
FR,2022-10-01,738502.5442222222,1.0,0.20595458976788808,1.25,-7710.3019173994835,0.200047,-385.4245211075139,-185.27540842276176
FR,2022-11-01,739582.6388888889,1.0,0.23625649526713016,1.975,-12859.44509581251,0.200047,-642.8211918105501,-257.9504577812267
FR,2022-12-01,741855.6195555555,1.0,0.2712035643024046,2.177419354838709,-14141.368962948933,0.200047,-706.902326100813,-275.8756568407949
FR,2023-01-01,745692.2047777778,1.0,0.31208815252233313,2.5,-16315.088094050425,0.200047,-815.5627474568689,-307.1190125063857
FR,2023-02-01,743770.3365555555,1.0,0.3362019577081209,2.875,-18882.826743620164,0.200047,-943.919516094726,-344.58591245573587
FR,2023-03-01,735792.9876666666,1.0,0.34214956734094787,3.161290322580645,-20743.039989506797,0.200047,-1036.9083260187253,-371.2275329427123
FR,2023-04-01,736437.5012222221,1.0,0.3744044387110344,3.5,-23018.057849869147,0.200047,-1150.632493857401,-404.4919230024118
FR,2023-05-01,724870.995,1.0,0.37599304829346064,3.6774193548387095,-23931.081717446297,0.200047,-1196.2729617263092,-410.5102191354755
FR,2023-06-01,726556.419888889,1.0,0.41215005276094985,3.8333333333333335,-24856.826761163953,0.200047,-1242.5493389635412,-423.5137299200509
FR,2023-07-01,723520.9635555556,1.0,0.4330387809832218,4.0,-25807.71218148318,0.200047,-1290.0824397008294,-443.61544369957335
FR,2023-08-01,724464.1925555555,1.0,0.4684753904414902,4.241935483870968,-27337.367197269974,0.200047,-1366.547221266501,-464.60706404381756
FR,2023-09-01,724803.8133333332,1.0,0.5033462174401709,4.341666666666667,-27820.29298394677,0.200047,-1390.687837555513,-472.5876091977867
FR,2023-10-01,714380.6693333334,1.0,0.5139239163994501,4.5,-28475.75700616153,0.200047,-1423.4533387734648,-478.55675936906493
FR,2023-11-01,713810.0691111111,1.0,0.5440461392457772,4.5,-28237.99698745338,0.200047,-1411.5681308619166,-474.6650825809588
FR,2023-12-01,714092.7933333333,1.0,0.5699077084756972,4.5,-28064.505825123902,0.200047,-1402.89561078766,-471.4250834787339
FR,2024-01-01,715482.4282222223,1.0,0.5995217655218107,4.5,-27907.236384323813,0.200047,-1395.0339862294268,-472.96132035823337
FR,2024-02-01,709830.6001111111,1.0,0.6099725444485681,4.5,-27612.605232227714,0.200047,-1380.3058897272997,-467.1500700588856
FR,2024-03-01,698564.3352222221,1.0,0.609903319120357,4.5,-27174.82801828861,0.200047,-1358.42217170408,-454.451835469559
FR,2024-04-01,700393.0605555555,1.0,0.6446856230203842,4.5,-27002.35435896588,0.200047,-1349.8005148273096,-456.9163689868607
FR,2024-05-01,687359.8263333333,1.0,0.6453520772474136,4.5,-26495.301267593615,0.200047,-1324.4538167327487,-438.5491880679149
FR,2024-06-01,688327.0904444444,1.0,0.6796108740625106,4.341666666666667,-25206.922087684427,0.200047,-1260.0499926359519,-426.9177635628864
FR,2024-07-01,682874.6491111111,1.0,0.6911355563216689,4.25,-24302.583082108496,0.200047,-1214.8436658439516,-415.147448552386
FR,2024-08-01,683236.4753333332,1.0,0.7191190387505481,4.25,-24124.26662785647,0.200047,-1205.929937857427,-412.84279274120945
FR,2024-09-01,683677.442111111,1.0,0.7463215384929158,3.99,-22176.29793594067,0.200047,-1108.5543865162022,-388.1325403715873
FR,2024-10-01,683969.0735555554,1.0,0.7739932573612975,3.577419354838709,-19174.567506730913,0.200047,-958.5031271016768,-349.3784563605534
FR,2024-11-01,666616.4282222223,1.0,0.7738112886071327,3.4,-17506.605386262338,0.200047,-875.1246150285851,-316.6394845153069
FR,2024-12-01,666806.6854444444,1.0,0.8012081619207567,3.287096774193548,-16576.071459337094,0.200047,-828.6088498871312,-303.91855372160455
FR,2025-01-01,666391.5504444444,1.0,0.8303535470968333,3.0,-14458.340636664305,0.200047,-722.7471862444478,-273.28971649382896
FR,2025-02-01,659651.6548888888,1.0,0.83721750619431,2.7857142857142856,-12853.291251560224,0.200047,-642.5135718886173,-250.81407510012536
FR,2025-03-01,636194.5831111111,1.0,0.8371430577671807,2.588709677419355,-11143.371953809532,0.200047,-557.037693832426,-219.6378539953293
FR,2025-04-01,635774.1308888888,1.0,0.8627601297201535,2.433333333333333,-9985.298135245472,0.200047,-499.1476070746111,-204.70412117672458
FR,2025-05-01,617091.5044444444,1.0,0.8626909794068149,2.25,-8560.966106471973,0.200047,-427.9477376052614,-181.90679862309574
FR,2025-06-01,616963.5,1.0,0.8887516187287706,2.083333333333333,-7370.13315678432,0.200047,-368.42007912062263,-166.08591979530658
FR,2025-07-01,616826.6036666667,1.0,0.915907699809881,2.0,-6686.969715874556,0.200047,-334.2699323596233,-156.85394943488438
FR,2025-08-01,616814.1592222222,1.0,0.9440779478917527,2.0,-6513.076727753521,0.200047,-325.57732571613275,-152.48063356304056
FR,2025-09-01,616648.8167777777,1.0,0.9728786107631355,2.0,-6333.731893600598,0.200047,-316.61219081518834,-148.27151870576836
FR,2025-10-01,606544.4962222222,1.0,0.9742988218434003,2.0,-6221.334043795346,0.200047,-310.9936186893753,-147.77670999127702
FR,2025-11-01,590911.809,1.0,0.9742037674992918,2.0,-6061.55107412378,0.200047,-303.0063472145936,-143.73202836882356
FR,2025-12-01,589471.7748888889,1.0,0.9986763539134224,2.0,-5902.520268968686,0.200047,-295.0566751297788,-139.94149405699426
FR,2026-01-01,589471.7748888889,1.0,1.027887549031656,2.0,-5730.328518638978,0.197682,-289.87608981288014,-137.56440741783192
FR,2026-02-01,569453.0896666667,1.0,1.027791253848224,2.0,-5536.27274297085,0.197682,-280.05952706725196,-131.70976385268952
FR,2026-03-01,565403.977,1.0,1.0422218285379299,2.0,-5415.315872284423,0.197682,-273.94076710496773,-130.33947405293125
FR,2026-04-01,554440.9122222222,1.0,1.0420332386129276,2.0,-5311.359650620163,0.197682,-268.68200699204596,-130.22709682703604
FR,2026-05-01,534204.4445555556,1.0,1.0419051232349228,2.0,-5118.1854147381155,0.197682,-258.9100380782325,-126.02019541069757
FR,2026-06-01,533873.7625555556,1.0,1.0713313207983384,2.1166666666666667,-5580.771142310375,0.197682,-282.3105362304294,-129.54808454781283
FR,2026-07-01,533144.8361111111,1.0,1.1009859025439976,2.25,-6125.909326775366,0.197682,-309.88705733326077,-134.46516799302788
FR,2026-08-01,533144.8361111111,1.0,1.1359856821335468,2.25,-5939.309809243415,0.197682,-300.4476790625052,-129.89185737495507
GR,2020-03-01,267.589,1.0,1.8075288031922097,0.0,4.836748249174002,0.022593,2.1408171775213574,-89.9517562699594
GR,2020-04-01,1978.914,1.0,1.8887071291848012,0.0,37.37588979843611,0.022593,16.543128313387385,-79.00385349798016
GR,2020-05-01,4169.41,1.0,1.852109099591399,0.0,77.22202200927374,0.022593,34.17962289615091,-64.69615915964408
GR,2020-06-01,6932.4220000000005,1.0,1.609938930136631,0.0,111.60776057935644,0.022593,49.399265515582904,-45.27986468820733
GR,2020-07-01,8841.994,1.0,1.4896584473789436,0.0,131.71551053773936,0.022593,58.29925664486318,-36.0963796136579
GR,2020-08-01,10037.699,1.0,1.427617110628871,0.0,143.29990843742308,0.022593,63.42668456487545,-29.953024473181124
GR,2020-09-01,11526.774,1.0,1.3680002799294924,0.0,157.68630058683993,0.022593,69.79431708353913,-22.355468406456097
GR,2020-10-01,13014.071,1.0,1.2999193086123049,0.0,169.17242176551449,0.022593,74.8782462557051,-14.798831741696375
GR,2020-11-01,14496.923,1.0,1.2306978720502755,0.0,178.41332287376696,0.022593,78.96840741546806,-7.817303363803205
GR,2020-12-01,15686.405,1.0,1.1745211035212837,0.0,184.24013710881783,0.022593,81.54744261887215,-2.4324006849677886
GR,2021-01-01,16846.55,1.0,1.129108681724419,0.0,190.21585862104507,0.022593,84.19238641218303,2.666788947537242
GR,2021-02-01,18036.032,1.0,1.0999199448639951,0.0,198.38191323005253,0.022593,87.8068044217468,8.007884391783321
GR,2021-03-01,19501.104,1.0,1.077069672207178,0.0,210.04047692958088,0.022593,92.96705923497584,14.446288858703738
GR,2021-04-01,21211.54,1.0,1.0540610804833197,0.0,223.58258771115158,0.022593,98.96100018198186,21.81614722972101
GR,2021-05-01,22829.52,1.0,1.0456638044542554,0.0,238.72002737064514,0.022593,105.66105757121461,28.513720203310925
GR,2021-06-01,24402.161,1.0,1.0258968771704438,0.0,250.34100766110393,0.022593,110.80467740499445,34.213128814458514
GR,2021-07-01,26133.044,1.0,0.9989049704392658,0.0,261.0442754430804,0.022593,115.54210394506282,39.98863926697855
GR,2021-08-01,27161.617000000002,1.0,0.9775122439132152,0.0,265.50813181981334,0.022593,117.51787359793448,44.13229827399758
GR,2021-09-01,28611.576,1.0,0.9637107714215323,0.0,275.732839785458,0.022593,122.04348239961848,49.64213797517712
GR,2021-10-01,29945.965,1.0,0.9598249857927226,0.0,287.4288543067437,0.022593,127.22031350716759,54.54871383795296
GR,2021-11-01,31056.326,1.0,0.9686681540203792,0.0,300.83273977075106,0.022593,133.15307385949237,60.47139336212817
GR,2021-12-01,31764.859,1.0,0.9768804952073473,0.0,310.30471190111564,0.022593,137.34551051259933,64.73714309996558
GR,2022-01-01,32781.875,1.0,1.0002900235515109,0.0,327.9138251581269,0.022593,145.1395676351644,70.60923994040053
GR,2022-02-01,33442.402,1.0,1.041245550988793,0.0,348.21752296878714,0.022593,154.12628821705272,75.48965171086724
GR,2022-03-01,34229.167,1.0,1.090104561461267,0.0,373.13371081719475,0.022593,165.15456593511036,82.15955343407741
GR,2022-04-01,34026.475,1.0,1.0964487245230885,0.0,373.08285113766755,0.022593,165.13205467962095,75.38942621021828
GR,2022-05-01,34382.964,1.0,1.1441182154389995,0.0,393.38175413183365,0.022593,174.11665300395418,78.86820781014846
GR,2022-06-01,34100.262,1.0,1.1479174367487524,0.0,391.44285347500886,0.022593,173.25846654937766,69.16702351410802
GR,2022-07-01,35350.196,1.0,1.2434869214093482,0.0806451612903225,411.0668413719255,0.022593,181.94433734870339,91.18220567134122
GR,2022-08-01,34318.956,1.0,1.2434869214093482,0.5,255.1569494242288,0.022593,112.93628532033321,129.57477137780398
GR,2022-09-01,34560.764,1.0,1.2962458452865724,0.925,128.3054004492974,0.022593,56.78989087296836,179.3976313948369
GR,2022-10-01,34677.223,1.0,1.3425811442792788,1.25,32.10456985767724,0.022593,14.209963199963372,214.3590758847155
GR,2022-11-01,35208.845,1.0,1.418791128637953,1.975,-195.8347193941125,0.022593,-86.67937830040833,298.191355728915
GR,2022-12-01,35060.382,1.0,1.4354924636369037,2.177419354838709,-260.1224022160773,0.022593,-115.13406905505128,315.8926002049668
GR,2023-01-01,33566.862,1.0,1.4354924636369037,2.5,-357.3217757106003,0.022593,-158.1559667643077,350.2877681861755
GR,2023-02-01,33502.854,1.0,1.4575181579214973,2.875,-474.8968720280713,0.022593,-210.19646440405054,389.1371392349396
GR,2023-03-01,33535.747,1.0,1.487594875825949,3.161290322580645,-561.2862705741746,0.022593,-248.43370538404582,417.24708769196724
GR,2023-04-01,33369.504,1.0,1.500373617675419,3.5,-667.2654056348564,0.022593,-295.34165698882686,450.7989138661623
GR,2023-05-01,33912.683,1.0,1.5630391659578544,3.6774193548387095,-717.0430508699656,0.022593,-317.3739879033177,468.388754687516
GR,2023-06-01,33493.075,1.0,1.5630391659578544,3.8333333333333335,-760.3913281996947,0.022593,-336.56058434014733,482.475024703343
GR,2023-07-01,33760.664,1.0,1.6034049021435708,4.0,-809.1064184277801,0.022593,-358.1226125028904,488.34438349836563
GR,2023-08-01,33927.796,1.0,1.6364395027655552,4.241935483870968,-883.9873612576431,0.022593,-391.26603871006205,510.6741185126215
GR,2023-09-01,34010.473,1.0,1.6659678349877793,4.341666666666667,-910.0178287094634,0.022593,-402.787513260507,515.3127150972192
GR,2023-10-01,34543.873,1.0,1.7308505077149026,4.5,-956.571483795109,0.022593,-423.3928578741686,521.5037215302312
GR,2023-11-01,34874.581,1.0,1.7713886728159376,4.5,-951.5917674739809,0.022593,-421.18876088787727,515.7142873930806
GR,2023-12-01,34905.696,1.0,1.7870797831301717,4.5,-946.9636836231231,0.022593,-419.1403016965977,512.3302256123284
GR,2024-01-01,34990.151,1.0,1.8047531977814228,4.5,-943.0709259189514,0.022593,-417.4173088651138,504.6553570060796
GR,2024-02-01,34950.146,1.0,1.8188715365016903,4.5,-937.058312440216,0.022593,-414.7560361351818,498.3997835332323
GR,2024-03-01,34976.816,1.0,1.8351687571205444,4.5,-932.0731205324603,0.022593,-412.54951557228367,491.42082066223736
GR,2024-04-01,34031.809,1.0,1.8351687571205444,4.5,-906.8902787490624,0.022593,-401.403212830993,491.4809330094559
GR,2024-05-01,34214.054000000004,1.0,1.8605120899183007,4.5,-903.0758188788241,0.022593,-399.7148757928669,486.1897528719669
GR,2024-06-01,34079.815,1.0,1.8708981370991695,4.341666666666667,-842.0333439548234,0.022593,-372.69656263215313,460.4356664409123
GR,2024-07-01,34143.823000000004,1.0,1.8893849620337808,4.25,-806.0042202745688,0.022593,-356.74953316273576,442.9466841288299
GR,2024-08-01,34096.706,1.0,1.900843541065136,4.25,-800.9849712830313,0.022593,-354.5279384247472,438.55920669147025
GR,2024-09-01,34015.807,1.0,1.9098783436287021,3.99,-707.5701679964639,0.022593,-313.1811481416651,407.2406980029497
GR,2024-10-01,34029.142,1.0,1.9217650130305295,3.577419354838709,-563.4049670030707,0.022593,-249.37147213874687,359.75319860237653
GR,2024-11-01,34120.709,1.0,1.9366552309974874,3.4,-499.30361029806954,0.022593,-220.99925211263206,337.4858784006462
GR,2024-12-01,34056.701,1.0,1.9450105080412634,3.287096774193548,-457.07030682554773,0.022593,-202.30615979531174,322.38413637021495
GR,2025-01-01,34056.701,1.0,1.9581770741393283,3.0,-354.8105188098206,0.022593,-157.04444686841973,292.41302288219913
GR,2025-02-01,32792.543,1.0,1.9581770741393283,2.7857142857142856,-271.37049594671885,0.022593,-120.11264371562824,271.58685307286373
GR,2025-03-01,32734.758,1.0,1.970503360723249,2.588709677419355,-202.36834171118392,0.022593,-89.5712573412933,247.82858249580346
GR,2025-04-01,32734.758,1.0,1.9835552142604895,2.433333333333333,-147.2337788154472,0.022593,-65.1678744812319,229.27561141665458
GR,2025-05-01,32734.758,1.0,1.9957906550271514,2.25,-83.21481389024717,0.022593,-36.83212229019926,209.2088166919664
GR,2025-06-01,32734.758,1.0,2.0072387282326525,2.083333333333333,-24.90938483076344,0.022593,-11.025266600612333,191.30889272470372
GR,2025-07-01,32734.758,1.0,2.019206086377657,2.0,6.287065896997012,0.022593,2.782749478598244,180.19873240333715
GR,2025-08-01,32734.758,1.0,2.031142521758489,2.0,10.194429132738673,0.022593,4.512206936988746,177.60889909008094
GR,2025-09-01,32703.643,1.0,2.0421150078947923,2.0,13.773141831334684,0.022593,6.096198747990389,174.43687085741038
GR,2025-10-01,32703.643,1.0,2.053258284925776,2.0,17.417399370048564,0.022593,7.709201686384529,170.9261103844828
GR,2025-11-01,32703.643,1.0,2.0643460229809065,2.0,21.043493640373626,0.022593,9.314165290299487,168.5884841360695
GR,2025-12-01,32703.643,1.0,2.076903185747152,2.0,25.150143322375488,0.022593,11.13182991297105,166.2470109857556
GR,2026-01-01,32703.643,1.0,2.089221199585848,2.0,29.17858259287323,0.022326,13.069328403150244,165.38101079819847
GR,2026-02-01,30751.399,1.0,2.089221199585848,2.0,27.43676707723049,0.022326,12.28915483168973,160.63891804625217
GR,2026-03-01,30751.399,1.0,2.1044714512748004,2.0,32.12643282260446,0.022326,14.3896948950123,157.99098794704878
GR,2026-04-01,30751.399,1.0,2.120389493062332,2.0,37.02145336567508,0.022326,16.582215070176066,155.03712523518598
GR,2026-05-01,30751.399,1.0,2.136012262365645,2.0,41.82567348898627,0.022326,18.734064986556604,151.62390765409154
GR,2026-06-01,30751.399,1.0,2.150499593377224,2.1166666666666667,10.404098286141108,0.022326,4.6600816474698155,157.4225333300864
GR,2026-07-01,29910.405,1.0,2.150499593377224,2.25,-29.760974597519066,0.022326,-13.33018659747338,162.0917027427595
GR,2026-08-01,29910.405,1.0,2.1671949714257717,2.25,-24.76731940691742,0.022326,-11.093487148131068,159.46233453941906
IE,2015-03-01,641.7777777777777,1.0,0.7569592443520115,0.05,4.537107328196908,0.021782,2.0829617703594288,0.32606685841557437
IE,2015-04-01,1295.111111111111,1.0,0.7152026777994803,0.05,8.615113791589714,0.021782,3.955152782843501,0.14721740870806954
IE,2015-05-01,1984.0,1.0,0.8896153749688643,0.05,16.657969039382266,0.021782,7.6475847210459404,-0.0068998710355261395
IE,2015-06-01,2680.8888888888887,1.0,1.076373986153858,0.05,27.51594615324476,0.021782,12.632424090186742,0.14392315220216112
IE,2015-07-01,3366.222222222222,1.0,1.1524813792643995,0.05,37.11197318466027,0.021782,17.037908908576014,0.6744730330085069
IE,2015-08-01,3934.222222222222,1.0,1.1670972519715415,0.05,43.94908833089816,0.021782,20.17679199839232,0.983968992070281
IE,2015-09-01,4666.666666666666,1.0,1.1715860953786033,0.05,52.34068445100148,0.021782,24.029329010651676,1.4201306806644816
IE,2015-10-01,5385.777777777777,1.0,1.149052581365853,0.05,59.192529693295135,0.021782,27.17497460898684,0.9443750171697545
IE,2015-11-01,6132.444444444444,1.0,1.1306047092060345,0.05,66.2674834561105,0.021782,30.423048138880958,0.4461760731527633
IE,2015-12-01,6740.444444444444,1.0,1.1204533102058438,0.05,72.15331067814145,0.021782,33.12520001751054,0.7497072892329371
IE,2016-01-01,7435.555555555555,1.0,1.1060043850769228,0.05,78.51979272149741,0.021782,36.04801796047076,0.5622253775828199
IE,2016-02-01,8149.333333333333,1.0,1.0890413758034383,0.05,84.67494518547487,0.021782,38.873815620914,0.6657518646379756
IE,2016-03-01,8867.555555555555,1.0,1.061736998576267,0.0241935483870967,92.00474185855255,0.021782,42.23888617140417,0.6059678275947462
IE,2016-04-01,9825.777777777777,1.0,1.0342421744303838,0.0,101.62233774358633,0.021782,46.65427313542665,0.60563713313514
IE,2016-05-01,10814.22222222222,1.0,1.008054259728977,0.0,109.01322776766874,0.021782,50.04739131744961,0.4476141875355424
IE,2016-06-01,11778.666666666666,1.0,0.9804450735675363,0.0,115.48335706527487,0.021782,53.01779316191116,0.29889026262784313
IE,2016-07-01,12655.111111111111,1.0,0.936106468319102,0.0,118.4653136840805,0.021782,54.38679353782045,0.07819991766913148
IE,2016-08-01,13274.666666666666,1.0,0.9029613759700011,0.0,119.86511278876442,0.021782,55.02943383930054,-0.15571638974660829
IE,2016-09-01,14147.555555555555,1.0,0.8651887839980167,0.0,122.40306387655495,0.021782,56.194593644548235,-0.3294495395785688
IE,2016-10-01,15056.0,1.0,0.8356836689320427,0.0,125.82053319440834,0.021782,57.763535577269465,-0.6975634181676824
IE,2016-11-01,15926.22222222222,1.0,0.8307941110942398,0.0,132.31411634200438,0.021782,60.74470495914259,-1.022333761348989
IE,2016-12-01,16502.222222222223,1.0,0.8262337447102203,0.0,136.3469286270688,0.021782,62.596147565452576,-1.6996064676608498
IE,2017-01-01,16988.444444444445,1.0,0.8274758188758443,0.0,140.57526978093455,0.021782,64.5373564323453,-2.9123881967339287
IE,2017-02-01,17483.555555555555,1.0,0.8308364881089452,0.0,145.25975897435416,0.021782,66.68798043079339,-4.321201398355441
IE,2017-03-01,17985.777777777777,1.0,0.833279709641411,0.0,149.87183684341608,0.021782,68.8053607765201,-5.780396090664979
IE,2017-04-01,18449.777777777777,1.0,0.8305254606809278,0.0,153.23010188349633,0.021782,70.34712234115156,-6.72503822651521
IE,2017-05-01,18908.44444444444,1.0,0.8247809687606303,0.0,155.95325126645446,0.021782,71.59730569573706,-7.776659239669655
IE,2017-06-01,19368.888888888887,1.0,0.8150591928245147,0.0,157.86790943685486,0.021782,72.47631504767921,-8.644282062545614
IE,2017-07-01,19901.333333333332,1.0,0.8103606602843012,0.0,161.27257620537972,0.021782,74.03937939830122,-9.68605989522986
IE,2017-08-01,20335.11111111111,1.0,0.8023345721871905,0.0,163.15562673712316,0.021782,74.9038778519526,-10.626634964500354
IE,2017-09-01,20848.0,1.0,0.7923672821724707,0.0,165.19273098731668,0.021782,75.83910154591713,-11.656671287928802
IE,2017-10-01,20819.555555555555,1.0,0.7906807459033525,0.0,164.61621716042953,0.021782,75.57442712351002,-13.859181716964784
IE,2017-11-01,21860.44444444444,1.0,0.7735347270397747,0.0,169.0981292630149,0.021782,77.63204906024006,-13.23301805899888
IE,2017-12-01,22474.666666666664,1.0,0.7614363838059707,0.0,171.13028913911253,0.021782,78.56500281843381,-13.687191890691153
IE,2018-01-01,22836.44444444444,1.0,0.7625664972078581,0.0,174.14307448681848,0.021782,79.94815649931985,-13.27762725524893
IE,2018-02-01,23219.555555555555,1.0,0.7691080758251136,0.0,178.5834769484766,0.021782,81.98672158134083,-12.585831140639684
IE,2018-03-01,23584.0,1.0,0.7723162647552354,0.0,182.14306787987474,0.021782,83.62091078866713,-12.110780804588373
IE,2018-04-01,24088.0,1.0,0.7746236364189543,0.0,186.5913415405977,0.021782,85.66308949618846,-11.190370518583464
IE,2018-05-01,24548.44444444444,1.0,0.7776898161464082,0.0,190.91075246680313,0.021782,87.64610800973425,-10.471120414191049
IE,2018-06-01,25050.666666666664,1.0,0.7791084845797325,0.0,195.17186944378682,0.021782,89.6023640821719,-9.994173760840397
IE,2018-07-01,25562.666666666664,1.0,0.7776578624392068,0.0,198.79008718245962,0.021782,91.26346854396273,-9.419731836061828
IE,2018-08-01,26017.777777777777,1.0,0.7771465252123486,0.0,202.1962559374706,0.021782,92.82722244856791,-9.017970460748842
IE,2018-09-01,26321.777777777777,1.0,0.7781853675504836,0.0,204.83222314582153,0.021782,94.03738093188024,-9.032652576287418
IE,2018-10-01,26472.888888888887,1.0,0.7799374823138899,0.0,206.4719830957535,0.021782,94.79018597729937,-9.919484448740306
IE,2018-11-01,26597.333333333332,1.0,0.7810836069815199,0.0,207.7474105608981,0.021782,95.37572792254986,-10.55139640237843
IE,2018-12-01,26786.666666666664,1.0,0.7812655919322847,0.0,209.27500989226132,0.021782,96.0770406263251,-11.230382254312445
IE,2019-01-01,26968.0,1.0,0.7817345204793196,0.0,210.8181654828629,0.021782,96.785495125729,-11.122952844517272
IE,2019-02-01,27137.777777777777,1.0,0.780761178593569,0.0,211.88123362188145,0.021782,97.27354403722407,-10.654747764249805
IE,2019-03-01,27308.44444444444,1.0,0.7770536335724518,0.0,212.2012598276699,0.021782,97.42046636106414,-10.702506505185383
IE,2019-04-01,27477.333333333332,1.0,0.7716009964617478,0.0,212.01537780111596,0.021782,97.33512891429436,-10.652507682292566
IE,2019-05-01,27641.777777777777,1.0,0.765275705209631,0.0,211.53580982136793,0.021782,97.11496181313376,-10.415080640826673
IE,2019-06-01,27796.44444444444,1.0,0.7558400285002556,0.0,210.09665361094656,0.021782,96.45425287436717,-10.251707847760485
IE,2019-07-01,27959.11111111111,1.0,0.744375641720598,0.0,208.12081275270833,0.021782,95.54715487682873,-10.30330149962289
IE,2019-08-01,28102.22222222222,1.0,0.7311655986804761,0.0,205.4737813536289,0.021782,94.33191688257686,-10.034324013769051
IE,2019-09-01,28257.777777777777,1.0,0.7183477503810315,0.0,202.9891109743377,0.021782,93.19121796636567,-9.651322899436394
IE,2019-10-01,28261.333333333332,1.0,0.7103601222992253,0.0,200.75724203005836,0.021782,92.16657884035368,-9.324874804313552
IE,2019-11-01,28643.555555555555,1.0,0.6932501192393206,0.0,198.57148304326992,0.021782,91.16310854984387,-9.40312876824592
IE,2019-12-01,29089.777777777777,1.0,0.673934535428261,0.0,196.04605872378016,0.021782,90.00369971709677,-9.670153722257126
IE,2020-01-01,29686.22222222222,1.0,0.6511301090696364,0.0,193.29593113421018,0.021782,88.74113081177586,-9.82960429495607
IE,2020-02-01,30073.777777777777,1.0,0.6313345508799469,0.0,189.8661498659666,0.021782,87.16653652831081,-10.154690984224487
IE,2020-03-01,30828.467222222218,1.0,0.6105233170033563,0.0,188.21498066640353,0.021782,86.40849355725074,-5.684079890230024
IE,2020-04-01,30801.924888888887,1.0,0.5959349810464128,0.0,183.55944524853032,0.021782,84.27116208269688,-11.275819728670669
IE,2020-05-01,32699.0,1.0,0.5567808006904931,0.0,182.06175401778432,0.021782,83.58358002836486,-15.292202027430136
IE,2020-06-01,34600.519555555555,1.0,0.5206824327375547,0.0,180.1588269617,0.021782,82.70995636842346,-11.969173835366774
IE,2020-07-01,36397.10788888889,1.0,0.483163146544939,0.0,175.85741172731178,0.021782,80.73519958098971,-13.660436677531365
IE,2020-08-01,37504.765,1.0,0.45668254491217086,0.0,171.27771526532914,0.021782,78.63268536650865,-14.747023671547922
IE,2020-09-01,39150.225333333336,1.0,0.42248612736506325,0.0,165.40427086549593,0.021782,75.93621837549166,-16.21356711450356
IE,2020-10-01,40389.46355555556,1.0,0.394292660805007,0.0,159.2526905380686,0.021782,73.11206066388239,-16.56501733351908
IE,2020-11-01,42060.70177777777,1.0,0.3601379327241658,0.0,151.4765418717653,0.021782,69.5420722944474,-17.243638484823876
IE,2020-12-01,43339.91444444445,1.0,0.33304102039377387,0.0,144.33969330356638,0.021782,66.26558318959066,-17.714260114249285
IE,2021-01-01,44430.68022222222,1.0,0.3118972967593811,0.0,138.57809054491608,0.021782,63.62046209940138,-17.905135365244405
IE,2021-02-01,45520.55933333333,1.0,0.2975474329918998,0.0,135.445255779888,0.021782,62.182194371447984,-17.6167256585155
IE,2021-03-01,46871.79577777778,1.0,0.2841088161625113,0.0,133.1669040983544,0.021782,61.13621526873308,-17.384555107539015
IE,2021-04-01,48335.054444444446,1.0,0.27268215572273163,0.0,131.80106842886713,0.021782,60.50916739916772,-16.635685553093126
IE,2021-05-01,49682.75211111111,1.0,0.26819129811771875,0.0,133.2448178273972,0.021782,61.17198504609183,-15.975352321811862
IE,2021-06-01,51034.88688888889,1.0,0.2620918869742678,0.0,133.75829806227208,0.021782,61.40772108267013,-15.183827507865807
IE,2021-07-01,52485.705,1.0,0.25069294065501646,0.0,131.57795728801702,0.021782,60.40673826462998,-15.146726413454289
IE,2021-08-01,53600.48544444445,1.0,0.23830390098121348,0.0,127.73204775897864,0.021782,58.64110171654515,-14.744473607391754
IE,2021-09-01,54885.942777777775,1.0,0.2295197528066432,0.0,125.97408018915117,0.021782,57.83402818343181,-14.56731624100955
IE,2021-10-01,56020.27922222222,1.0,0.22637077858719862,0.0,126.81354224206709,0.021782,58.21942073366407,-14.452178935550556
IE,2021-11-01,57179.50533333333,1.0,0.2226834140060677,0.0,127.32927458804821,0.021782,58.45619070243697,-14.225489794927228
IE,2021-12-01,58127.15066666667,1.0,0.21764648403758835,0.0,126.51169969723159,0.021782,58.080846431563494,-14.52752098107026
IE,2022-01-01,59596.592333333334,1.0,0.2204439239380136,0.0,131.3770666729414,0.021782,60.31451045493591,-14.21581723982797
IE,2022-02-01,60380.661888888884,1.0,0.23166891755922817,0.0,139.88322581308628,0.021782,64.21964273853929,-14.41699376764619
IE,2022-03-01,58433.94788888889,1.0,0.2292707864126554,0.0,133.9719718568168,0.021782,61.50581758186429,-21.489194919168654
IE,2022-04-01,59529.07,1.0,0.2605695188205882,0.0,155.11461125737114,0.021782,71.212290541443,-18.53033792795968
IE,2022-05-01,60281.092333333334,1.0,0.28942436952631356,0.0,174.46817142932494,0.021782,80.0974067713364,-15.151038422469327
IE,2022-06-01,60825.11144444445,1.0,0.32251426676442513,0.0,196.16966218369444,0.021782,90.06044540615851,-14.030997629111127
IE,2022-07-01,61195.77811111111,1.0,0.3432938674003415,0.0806451612903225,160.72991940279155,0.021782,73.79024855513339,-16.971883122228775
IE,2022-08-01,61383.34277777777,1.0,0.3598500249414866,0.5,-86.02873959313733,0.021782,-39.49533541141187,-22.8568493539411
IE,2022-09-01,62147.81411111111,1.0,0.40436707287397566,0.925,-323.5619837515182,0.021782,-148.54558064067496,-25.937840118806406
IE,2022-10-01,60524.623,1.0,0.4045617618712122,1.25,-511.69830632529107,0.021782,-234.91796268721473,-34.768850002462585
IE,2022-11-01,60922.86933333333,1.0,0.43852404482988677,1.975,-936.0652385063732,0.021782,-429.7425573897591,-44.87182336043571
IE,2022-12-01,61151.318222222224,1.0,0.4672425152463564,2.177419354838709,-1045.7956813418625,0.021782,-480.11921831873224,-49.092549058714155
IE,2023-01-01,61435.777444444444,1.0,0.4986061538253916,2.5,-1229.571869122639,0.021782,-564.4898857417313,-56.04615079124807
IE,2023-02-01,61667.79044444444,1.0,0.5306161298016683,2.875,-1445.7297322872637,0.021782,-663.7268075875786,-64.3932039485885
IE,2023-03-01,58916.567111111115,1.0,0.529707848236299,3.161290322580645,-1550.4380545813249,0.021782,-711.7978397673882,-46.117046691375094
IE,2023-04-01,59069.46422222222,1.0,0.5563476350611252,3.5,-1738.799680534167,0.021782,-798.2736573933372,-52.13308653834804
IE,2023-05-01,59291.69766666666,1.0,0.5853999966404425,3.6774193548387095,-1833.3107696577235,0.021782,-841.663194223544,-55.900451632710315
IE,2023-06-01,59396.59344444444,1.0,0.6101579614839114,3.8333333333333335,-1914.4563716188613,0.021782,-878.9167071980817,-59.881098154591314
IE,2023-07-01,59459.71244444445,1.0,0.6347576326781973,4.0,-2000.963434668159,0.021782,-918.6316383565141,-72.16464235525814
IE,2023-08-01,59532.61044444445,1.0,0.6600534144629223,4.241935483870968,-2132.387898960097,0.021782,-978.9679088054803,-77.02775158279678
IE,2023-09-01,59573.50444444445,1.0,0.6853344515243519,4.341666666666667,-2178.2052346914616,0.021782,-1000.0024032189247,-81.90217486119843
IE,2023-10-01,59669.516444444445,1.0,0.7146027266347539,4.5,-2258.7282485182272,0.021782,-1036.9700893022805,-92.07350989788063
IE,2023-11-01,59721.967444444446,1.0,0.7390754280846469,4.5,-2246.0981484493986,0.021782,-1031.1716777382237,-94.26862945726589
IE,2023-12-01,59756.63844444444,1.0,0.7568310421136953,4.5,-2236.791940528798,0.021782,-1026.8992473275173,-95.4287200185912
IE,2024-01-01,59880.209444444445,1.0,0.7783914293564824,4.5,-2228.5070068037335,0.021782,-1023.0956784518105,-101.02301258061709
IE,2024-02-01,59987.77844444444,1.0,0.801818596195183,4.5,-2218.456866988079,0.021782,-1018.4817128767236,-105.32589320830948
IE,2024-03-01,56676.53044444445,1.0,0.8008644168408111,4.5,-2096.5417049704956,0.021782,-962.5111123728288,-58.54077613830782
IE,2024-04-01,56784.98844444445,1.0,0.8248575661102272,4.5,-2086.929206401182,0.021782,-958.0980655592609,-65.21391971881201
IE,2024-05-01,56918.338444444445,1.0,0.8500410639045068,4.5,-2077.4959803300767,0.021782,-953.767321793259,-67.86269312842524
IE,2024-06-01,56969.01144444445,1.0,0.8722594317969143,4.341666666666667,-1976.487004687333,0.021782,-907.3946399262386,-74.26241085317315
IE,2024-07-01,57032.13044444445,1.0,0.8939068726729175,4.25,-1914.0514102142167,0.021782,-878.7307915775488,-79.03457428598313
IE,2024-08-01,57051.688444444444,1.0,0.9113582498529037,4.25,-1904.7514895700688,0.021782,-874.4612476219212,-81.37410250570372
IE,2024-09-01,57085.47044444445,1.0,0.928037204689555,3.99,-1747.9358665368293,0.021782,-802.4680316485307,-82.04618550391581
IE,2024-10-01,57129.031444444445,1.0,0.9453089980159598,3.577419354838709,-1503.6991534017473,0.021782,-690.3402595729259,-81.2155888318025
IE,2024-11-01,57167.25844444445,1.0,0.9629176833837809,3.4,-1393.2131464438478,0.021782,-639.6167231860471,-81.13159267276887
IE,2024-12-01,57180.59344444444,1.0,0.9782944275201377,3.287096774193548,-1320.1868832871153,0.021782,-606.0907553425376,-81.40045917701093
IE,2025-01-01,57180.59344444444,1.0,0.9963867957532272,3.0,-1145.6779205195535,0.021782,-525.9746214854254,-76.51715173480653
IE,2025-02-01,57180.59344444444,1.0,1.0136132583812645,2.7857142857142856,-1013.297883864118,0.021782,-465.19965286205036,-73.5001560735584
IE,2025-03-01,52982.15677777778,1.0,1.0138909342087719,2.588709677419355,-834.3729354936609,0.021782,-383.056163572519,-45.656323735422234
IE,2025-04-01,52982.15677777778,1.0,1.0313009473194343,2.433333333333333,-742.8269968331025,0.021782,-341.02791150174573,-46.584425603859245
IE,2025-05-01,52982.15677777778,1.0,1.0484889265834485,2.25,-636.586480619918,0.021782,-292.2534572674309,-46.21251828526525
IE,2025-06-01,52982.15677777778,1.0,1.0653243254589546,2.083333333333333,-539.3631285639034,0.021782,-247.61873499398743,-45.28457566867138
IE,2025-07-01,52982.15677777778,1.0,1.082708991699035,2.0,-486.0005601264759,0.021782,-223.12026449659163,-45.70428157185273
IE,2025-08-01,52982.15677777778,1.0,1.1001841422900969,2.0,-476.74184844316676,0.021782,-218.86963935504855,-45.772947201956356
IE,2025-09-01,52982.15677777778,1.0,1.1175788620252074,2.0,-467.5257507620554,0.021782,-214.63857807458243,-46.29790596516244
IE,2025-10-01,52982.15677777778,1.0,1.1342009780619298,2.0,-458.71899518369503,0.021782,-210.59544356978012,-47.378534871681836
IE,2025-11-01,52982.15677777778,1.0,1.1510559321586602,2.0,-449.78887697934283,0.021782,-206.4956739414851,-47.2213550957151
IE,2025-12-01,52982.15677777778,1.0,1.1691717930848926,2.0,-440.1907031417622,0.021782,-202.08920353583795,-46.974022463053416
IE,2026-01-01,52982.15677777778,1.0,1.187696168281011,2.0,-430.37608963325096,0.021525,-199.94243420824668,-47.63075181319846
IE,2026-02-01,52982.15677777778,1.0,1.2057522603286177,2.0,-420.80958263664814,0.021525,-195.4980639426937,-47.14830072813126
IE,2026-03-01,52982.15677777778,1.0,1.226216423770341,2.0,-409.9672274786936,0.021525,-190.460965146896,-46.85967209485952
IE,2026-04-01,52982.15677777778,1.0,1.2471190697712706,2.0,-398.89255480377716,0.021525,-185.31593719106954,-46.86102702605962
IE,2026-05-01,47906.38288888888,1.0,1.2459723274598198,2.0,-361.227383895276,0.021525,-167.81759995134774,-34.92775728381281
IE,2026-06-01,47906.38288888888,1.0,1.264401874460987,2.1166666666666667,-408.28923458124615,0.021525,-189.6814097938426,-36.918958111226004
IE,2026-07-01,47906.38288888888,1.0,1.284170710270985,2.25,-462.69387759061794,0.021525,-214.95650526857978,-39.53461592834688
IE,2026-08-01,47906.38288888888,1.0,1.3049147376390091,2.25,-452.7561644131163,0.021525,-210.339681492737,-39.783859805186864
IT,2015-03-01,6763.555555555555,1.0,1.2242442925705013,0.05,79.42066508594615,0.160201,4.9575636285632525,3.200668716619398
IT,2015-04-01,13505.777777777777,1.0,1.2401055251957156,0.05,160.73300755398847,0.160201,10.033208753627536,6.225273379492104
IT,2015-05-01,20819.555555555555,1.0,1.39636374135211,0.05,280.3069471106588,0.160201,17.497203332729438,9.842718740647971
IT,2015-06-01,28076.44444444444,1.0,1.5690134118632006,0.05,426.48495668543154,0.160201,26.62186607358453,14.13336513559995
IT,2015-07-01,35408.0,1.0,1.641595250582346,0.05,563.552046326197,0.160201,35.17781077060674,18.814374895039233
IT,2015-08-01,41380.444444444445,1.0,1.653807440625366,0.05,663.6626469638459,0.160201,41.42687292612692,22.234049919804878
IT,2015-09-01,48699.555555555555,1.0,1.6802847624267527,0.05,793.9414335917734,0.160201,49.5590810039746,26.949882673987403
IT,2015-10-01,56135.11111111111,1.0,1.6699808943212038,0.05,909.3780750059792,0.160201,56.764818884150486,30.5342192923334
IT,2015-11-01,64024.88888888888,1.0,1.6437426256202379,0.05,1020.3919452282177,0.160201,63.694480385778974,33.71760832005078
IT,2015-12-01,70408.0,1.0,1.627399526725173,0.05,1110.6154587766598,0.160201,69.3263749150542,36.9508821867766
IT,2016-01-01,78016.0,1.0,1.607644981189365,0.05,1215.212308524695,0.160201,75.85547584126785,40.36968325837991
IT,2016-02-01,85570.66666666666,1.0,1.5952268258326832,0.05,1322.260896377199,0.160201,82.53761814078558,44.32955438450956
IT,2016-03-01,93152.88888888889,1.0,1.5684010630105338,0.0241935483870967,1438.4739103110433,0.160201,89.79181842254688,48.15890007873746
IT,2016-04-01,104706.66666666666,1.0,1.5450308044613073,0.0,1617.7502543246194,0.160201,100.9825315899788,54.933895587687296
IT,2016-05-01,116655.11111111111,1.0,1.534459535975348,0.0,1790.0254766470819,0.160201,111.73622365947041,62.136446529556345
IT,2016-06-01,128008.0,1.0,1.5200853636628568,0.0,1945.8308723175496,0.160201,121.46184307947826,68.74294018019495
IT,2016-07-01,138556.44444444444,1.0,1.4896637100944816,0.0,2064.0250708861104,0.160201,128.83971204212898,74.53111842197765
IT,2016-08-01,146090.66666666666,1.0,1.4667656674358835,0.0,2142.807741994865,0.160201,133.75745107676389,78.57230084771675
IT,2016-09-01,156586.66666666666,1.0,1.4456618912403154,0.0,2263.7137667635016,0.160201,141.30459652333641,84.7805533392096
IT,2016-10-01,167540.44444444444,1.0,1.439223498525513,0.0,2411.281445978527,0.160201,150.51600464282538,92.05490564738824
IT,2016-11-01,177946.66666666666,1.0,1.4651097808152578,0.0,2607.1140179680574,0.160201,162.7401837671461,100.97314504665454
IT,2016-12-01,186317.3333333333,1.0,1.479699127128514,0.0,2756.935955022457,0.160201,172.09230622920313,107.7965521960897
IT,2017-01-01,197252.44444444444,1.0,1.502219895290455,0.0,2963.165464391196,0.160201,184.96547864190586,117.51573401282663
IT,2017-02-01,207728.0,1.0,1.5421672791049186,0.0,3203.513245539065,0.160201,199.96836758441364,128.9591857552648
IT,2017-03-01,218296.88888888888,1.0,1.5811201874526382,0.0,3451.536178803277,0.160201,215.45035167091822,140.86459480373316
IT,2017-04-01,226973.3333333333,1.0,1.6046211856110624,0.0,3642.0621923542813,0.160201,227.34328701782644,150.27112645015967
IT,2017-05-01,235345.77777777775,1.0,1.6223212627657093,0.0,3818.0645939102237,0.160201,238.32963551477357,158.95567057936685
IT,2017-06-01,243632.88888888888,1.0,1.6328107145315274,0.0,3978.063913900469,0.160201,248.3170463293281,167.19644921910327
IT,2017-07-01,252186.66666666666,1.0,1.6500568304024017,0.0,4161.22331869747,0.160201,259.7501462973059,176.0247070037748
IT,2017-08-01,258992.88888888888,1.0,1.6590938730582987,0.0,4296.935151212243,0.160201,268.2214936993054,182.69098088285247
IT,2017-09-01,267174.2222222222,1.0,1.6681312888407522,0.0,4456.816796605811,0.160201,278.2015590792699,190.70578624542395
IT,2017-10-01,275281.77777777775,1.0,1.6744186025182177,0.0,4609.369296453971,0.160201,287.7241275930844,198.29051875260961
IT,2017-11-01,283350.2222222222,1.0,1.6691181037501774,0.0,4729.4498561274695,0.160201,295.21974620180083,204.3546790825619
IT,2017-12-01,290424.0,1.0,1.6652236261645914,0.0,4836.209064052253,0.160201,301.88382494817466,209.63163023904968
IT,2018-01-01,293464.8888888889,1.0,1.667008989929664,0.0,4892.086080064877,0.160201,305.3717567346569,212.14597298008812
IT,2018-02-01,296698.6666666666,1.0,1.6707792702151096,0.0,4957.179817671294,0.160201,309.4350108720479,214.86245815006737
IT,2018-03-01,299740.44444444444,1.0,1.6719891402240175,0.0,5011.6276799703155,0.160201,312.8337326215389,217.1020410282834
IT,2018-04-01,303270.2222222222,1.0,1.6690264529267276,0.0,5061.660232738559,0.160201,315.956843761185,219.10338374641304
IT,2018-05-01,306478.2222222222,1.0,1.6745980023513036,0.0,5132.2781869751225,0.160201,320.3649282448376,222.2476998209123
IT,2018-06-01,309987.55555555556,1.0,1.6924829067625706,0.0,5246.486390868905,0.160201,327.4939851105115,227.89744726749922
IT,2018-07-01,313604.44444444444,1.0,1.7081284116532185,0.0,5356.766615762788,0.160201,334.37785130946673,233.69465092944216
IT,2018-08-01,316802.6666666666,1.0,1.7331388848676113,0.0,5490.630204297522,0.160201,342.7338283966718,240.88863548735506
IT,2018-09-01,320029.3333333333,1.0,1.7534304478151195,0.0,5611.491772606408,0.160201,350.27819880065715,247.2081652924895
IT,2018-10-01,321587.55555555556,1.0,1.7763515422325447,0.0,5712.525502739053,0.160201,356.58488416046424,251.87521373442456
IT,2018-11-01,322862.2222222222,1.0,1.7964427089225867,0.0,5800.03485097655,0.160201,362.04735619481465,256.12023186988637
IT,2018-12-01,324759.11111111107,1.0,1.812096199982442,0.0,5884.947511541201,0.160201,367.34773887436415,260.0403159937266
IT,2019-01-01,327721.77777777775,1.0,1.8260934737988403,0.0,5984.505996217538,0.160201,373.5623370776424,265.65388910739614
IT,2019-02-01,327953.77777777775,1.0,1.834904732311471,0.0,6017.63938823869,0.160201,375.63057585400156,267.7022840525277
IT,2019-03-01,329313.77777777775,1.0,1.8443668961915891,0.0,6073.754301931267,0.160201,379.13335759023147,271.01038472398193
IT,2019-04-01,329260.44444444444,1.0,1.850359783648784,0.0,6092.502847463246,0.160201,380.30367147915723,272.3160348825703
IT,2019-05-01,325766.2222222222,1.0,1.85079954777305,0.0,6029.2797676862365,0.160201,376.3571867645169,268.82714431055643
IT,2019-06-01,326375.11111111107,1.0,1.8536886668500878,0.0,6049.978446086048,0.160201,377.6492310338917,270.943270311764
IT,2019-07-01,328215.11111111107,1.0,1.8466063476994874,0.0,6060.841075886702,0.160201,378.32729358035857,272.47683720390694
IT,2019-08-01,326067.55555555556,1.0,1.8434853567668896,0.0,6011.007639834409,0.160201,375.2166116213013,270.8503707249554
IT,2019-09-01,325168.0,1.0,1.8335331815153593,0.0,5962.063175669863,0.160201,372.16142069461887,269.3188798288168
IT,2019-10-01,322514.6666666666,1.0,1.8300729000833516,0.0,5902.253513460821,0.160201,368.4280069076236,266.9365532629564
IT,2019-11-01,323396.44444444444,1.0,1.8196270716188396,0.0,5884.609251763892,0.160201,367.3266241636377,266.7603868455479
IT,2019-12-01,323367.11111111107,1.0,1.8124465342929377,0.0,5860.855998376525,0.160201,365.84390848849415,266.1700550491403
IT,2020-01-01,327413.3333333333,1.0,1.7955729929689783,0.0,5878.94538871283,0.160201,366.97307686673804,268.4023417600061
IT,2020-02-01,329427.55555555556,1.0,1.7777712465883786,0.0,5856.468361005624,0.160201,365.57002521867054,268.24879770613524
IT,2020-03-01,341848.2353333333,1.0,1.7609087433567834,0.0,6019.635464995539,0.160201,375.75517412472703,283.66260067724625
IT,2020-04-01,364831.2281111111,1.0,1.7528723538393007,0.0,6395.0257357320625,0.160201,399.18762902429216,303.6406472129246
IT,2020-05-01,385424.59611111105,1.0,1.7432840051613878,0.0,6719.045335962879,0.160201,419.4134453569503,320.5376633011553
IT,2020-06-01,406554.08955555555,1.0,1.7155796353711943,0.0,6974.759167183878,0.160201,435.37550746773604,340.6963772639458
IT,2020-07-01,426557.49244444445,1.0,1.6770545477474015,0.0,7153.6018257968335,0.160201,446.5391493059865,352.1435130474654
IT,2020-08-01,437291.97555555555,1.0,1.6485538856188424,0.0,7208.99385452051,0.160201,449.9968074182127,356.6170983801561
IT,2020-09-01,450364.3603333333,1.0,1.6154358811044527,0.0,7275.347472531215,0.160201,454.1387052846871,361.98891979469187
IT,2020-10-01,462344.29777777777,1.0,1.578573005072072,0.0,7298.442275210035,0.160201,455.58031942435036,365.9032414269489
IT,2020-11-01,471248.6854444444,1.0,1.5467900915172645,0.0,7289.227972860028,0.160201,455.0051480864681,368.21943730719687
IT,2020-12-01,478756.3763333333,1.0,1.5172159929396245,0.0,7263.768308947549,0.160201,453.4159155652929,369.436072261453
IT,2021-01-01,490059.58999999997,1.0,1.48181107777306,0.0,7261.757292309238,0.160201,453.2903847235185,371.76478725887273
IT,2021-02-01,501612.6117777778,1.0,1.4451317297513124,0.0,7248.963013234936,0.160201,452.4917455718089,372.6928255418454
IT,2021-03-01,514150.75766666664,1.0,1.4111154201886003,0.0,7255.260624450855,0.160201,452.88485243231037,374.3640820560383
IT,2021-04-01,528780.6772222222,1.0,1.3784280282858403,0.0,7288.861062990792,0.160201,454.9822449916537,377.83739203939285
IT,2021-05-01,540726.1052222222,1.0,1.3569850347974186,0.0,7337.572327108497,0.160201,458.0228792022832,380.87554183437953
IT,2021-06-01,548246.567111111,1.0,1.339131168079403,0.0,7341.740658110249,0.160201,458.2830730214074,381.6915244308715
IT,2021-07-01,565473.8637777778,1.0,1.3063723167003594,0.0,7387.1940145687895,0.160201,461.1203434790538,385.56687880096956
IT,2021-08-01,574048.3364444445,1.0,1.2838017472246834,0.0,7369.642573188008,0.160201,460.0247547261258,386.6391794021889
IT,2021-09-01,587358.9148888888,1.0,1.2597231363002857,0.0,7399.0961439776365,0.160201,461.86329323647396,389.4619488120326
IT,2021-10-01,599242.7267777778,1.0,1.2437335595306447,0.0,7452.9828959817505,0.160201,465.22698959318296,392.55538992396833
IT,2021-11-01,605078.543111111,1.0,1.2352751247879943,0.0,7474.3847284811545,0.160201,466.5629258544675,393.8812453571033
IT,2021-12-01,611990.5602222222,1.0,1.2278457545903525,0.0,7514.30011218227,0.160201,469.0545072866131,396.44613987397935
IT,2022-01-01,625817.3783333333,1.0,1.2267317421524546,0.0,7677.1004279213175,0.160201,479.21676068946624,404.6864329947024
IT,2022-02-01,634081.2947777777,1.0,1.2378439556910248,0.0,7848.936981574112,0.160201,489.94307036623445,411.30643386004897
IT,2022-03-01,641856.1140000001,1.0,1.2493670898061635,0.0,8019.139052224732,0.160201,500.56735302680585,417.5723405257729
IT,2022-04-01,641759.9505555555,1.0,1.2619774756724145,0.0,8098.866023897534,0.160201,505.54403679736924,415.80140832796656
IT,2022-05-01,646413.2557777778,1.0,1.292399181317256,0.0,8354.239625598218,0.160201,521.4848612429522,426.2364160491465
IT,2022-06-01,647712.9623333333,1.0,1.3228741302560965,0.0,8568.42721702308,0.160201,534.8547897343387,430.7633466990691
IT,2022-07-01,657188.5626666667,1.0,1.3708326426692055,0.0806451612903225,8478.96456457915,0.160201,529.270389359564,438.5082576822018
IT,2022-08-01,655937.1555555556,1.0,1.3882526164816287,0.5,5826.378946697393,0.160201,363.6917963494231,380.33028240689384
IT,2022-09-01,649793.7578888889,1.0,1.394170041193692,0.925,3048.6376415613386,0.160201,190.30078723362143,312.90852775549
IT,2022-10-01,656420.6412222222,1.0,1.4590385414948952,1.25,1372.1721344823723,0.160201,85.65315662713543,285.8022693118876
IT,2022-11-01,651343.8918888889,1.0,1.4695722953616785,1.975,-3292.072482075922,0.160201,-205.49637530826413,179.37435872105925
IT,2022-12-01,650023.0755555555,1.0,1.496055218217083,2.177419354838709,-4429.024116600451,0.160201,-276.4666960006773,154.55997325934078
IT,2023-01-01,649130.6286666666,1.0,1.523962111080033,2.5,-6335.760884371042,0.160201,-395.4882231928042,112.95551175767906
IT,2023-02-01,653365.5674444444,1.0,1.5735302692443682,2.875,-8503.355091469215,0.160201,-530.7928846554776,68.54071898351253
IT,2023-03-01,650350.4141111111,1.0,1.5921708620836945,3.161290322580645,-10204.77490923995,0.160201,-636.9982028351852,28.682590240827835
IT,2023-04-01,652468.8543333333,1.0,1.630840676489611,3.5,-12195.68242377292,0.160201,-761.2738012729584,-15.13323041796923
IT,2023-05-01,653221.8773333333,1.0,1.6644733449697922,3.6774193548387095,-13149.003715372168,0.160201,-820.7816252939849,-35.018882703151235
IT,2023-06-01,650621.7924444445,1.0,1.683188589650024,3.8333333333333335,-13989.310271502356,0.160201,-873.2348906375339,-54.199281594043555
IT,2023-07-01,648684.2037777777,1.0,1.7052200531188944,4.0,-14885.875026877811,0.160201,-929.1998818283164,-82.73288582706039
IT,2023-08-01,638949.6745555556,1.0,1.7070637406482523,4.241935483870968,-16196.554753722281,0.160201,-1011.0145850351921,-109.07442781250859
IT,2023-09-01,636596.911,1.0,1.7295519915042459,4.341666666666667,-16628.641333861655,0.160201,-1037.986113311506,-119.88588495377974
IT,2023-10-01,627547.7078888889,1.0,1.7317809709790435,4.5,-17371.89506596507,0.160201,-1084.3811877556989,-139.48460835129902
IT,2023-11-01,623577.7276666666,1.0,1.7459728828579073,4.5,-17173.49971639847,0.160201,-1071.9970359984313,-135.0939877174735
IT,2023-12-01,622135.8296666667,1.0,1.764629273544495,4.5,-17017.721363493085,0.160201,-1062.2731046306255,-130.80257732169946
IT,2024-01-01,617971.264111111,1.0,1.7742856810234406,4.5,-16844.131233037006,0.160201,-1051.4373339140834,-129.36466804289
IT,2024-02-01,616182.1974444444,1.0,1.7919254915535456,4.5,-16686.6730145782,0.160201,-1041.6085426793964,-128.45272301098225
IT,2024-03-01,612391.2457777777,1.0,1.8042553351240787,4.5,-16508.504336221635,0.160201,-1030.4869717555844,-126.51663552106334
IT,2024-04-01,609411.7055555555,1.0,1.817621850647531,4.5,-16346.726429418428,0.160201,-1020.3885387368636,-127.50439289641463
IT,2024-05-01,603660.5333333333,1.0,1.8253164551253278,4.5,-16146.008951969354,0.160201,-1007.8594360815073,-121.95480741667348
IT,2024-06-01,605016.2855555556,1.0,1.8537535381459556,4.341666666666667,-15052.279598025023,0.160201,-939.5871185588744,-106.45488948580896
IT,2024-07-01,600236.5705555556,1.0,1.861071636514189,4.25,-14339.22168201619,0.160201,-895.0769147518549,-95.3806974602893
IT,2024-08-01,596128.7918888889,1.0,1.8694328110146439,4.25,-14191.24642380169,0.160201,-885.8400649060674,-92.7529197898499
IT,2024-09-01,585901.0166666666,1.0,1.8720507816269414,3.99,-12409.08600293147,0.160201,-774.5947904776793,-54.17294433306449
IT,2024-10-01,582885.0957777777,1.0,1.8817644149020287,3.577419354838709,-9883.719920710539,0.160201,-616.9574422575727,-7.83277151644927
IT,2024-11-01,577056.4372222222,1.0,1.885054724058204,3.4,-8742.08923521609,0.160201,-545.6950477972103,12.7900827160679
IT,2024-12-01,565374.0248888889,1.0,1.885047815669333,3.287096774193548,-7926.820627721102,0.160201,-494.80469083970155,29.88560532582511
IT,2025-01-01,562012.9626666666,1.0,1.8944186570806976,3.0,-6213.51046003069,0.160201,-387.85715819693326,61.60031155368557
IT,2025-02-01,554224.1135555556,1.0,1.8943826810227404,2.7857142857142856,-4939.974684942225,0.160201,-308.36103925332714,83.33845753516482
IT,2025-03-01,544836.9767777778,1.0,1.8943078125615096,2.588709677419355,-3783.358127179995,0.160201,-236.16320292507507,101.23663691202168
IT,2025-04-01,541561.2627777777,1.0,1.902979950082206,2.433333333333333,-2872.1884795194715,0.160201,-179.28655123997177,115.15693465791472
IT,2025-05-01,536427.6277777777,1.0,1.9061097309368944,2.25,-1844.7224124938346,0.160201,-115.150492974066,130.89044600809967
IT,2025-06-01,527383.6733333333,1.0,1.9059394146222213,2.083333333333333,-935.5465647686085,0.160201,-58.39829743688295,143.9358618884331
IT,2025-07-01,520770.8762222222,1.0,1.905919751517851,2.0,-489.9425343725314,0.160201,-30.582988518956274,146.8329944057826
IT,2025-08-01,515684.36844444444,1.0,1.908296920798043,2.0,-472.898444826721,0.160201,-29.519069470647562,143.57762268244463
IT,2025-09-01,511933.92744444445,1.0,1.914193304909712,2.0,-439.27358418599084,0.160201,-27.420152445115253,140.92051966430472
IT,2025-10-01,511933.92744444445,1.0,1.928807717337838,2.0,-364.4574486697564,0.160201,-22.750010840741094,140.4668978573572
IT,2025-11-01,505398.47522222216,1.0,1.9287743475968653,2.0,-359.97336121252295,0.160201,-22.470107003859088,136.80421184191093
IT,2025-12-01,496947.4258888889,1.0,1.9286212654639423,2.0,-354.71478390900205,0.160201,-22.141858284842296,132.97332278794224
IT,2026-01-01,493384.451,1.0,1.9344157691015549,2.0,-323.5823975608658,0.158307,-20.44018252893844,131.8714998661098
IT,2026-02-01,486363.6268888889,1.0,1.934403033874463,2.0,-319.03978357723713,0.158307,-20.15323286887106,128.19653034569137
IT,2026-03-01,478642.408,1.0,1.9342063406629906,2.0,-314.91635536197873,0.158307,-19.892762503362373,123.7085305486741
IT,2026-04-01,468487.89544444444,1.0,1.9345775661256037,2.0,-306.49618360669245,0.158307,-19.360873720473034,119.09403644453688
IT,2026-05-01,468359.00111111114,1.0,1.9536070303032744,2.0,-217.28564945736437,0.158307,-13.725586958085515,119.16425570944942
IT,2026-06-01,459259.02166666667,1.0,1.9534466224594043,2.1166666666666667,-749.6027781901743,0.158307,-47.351208613022436,105.41124306959415
IT,2026-07-01,453426.6955555555,1.0,1.9534586264198368,2.25,-1344.597751179589,0.158307,-84.93608944516598,90.48579989506692
IT,2026-08-01,447909.00111111114,1.0,1.9545489278454724,2.25,-1323.3519460594127,0.158307,-83.59402591543095,86.96179577211917
LT,2015-03-01,34.666666666666664,1.0,0.8422013635071265,0.05,0.2746298060158038,0.005902,0.4653165130732019,-1.2915783988706524
LT,2015-04-01,108.44444444444444,1.0,0.44658599724750364,0.05,0.430075481459515,0.005902,0.7286944789215773,-3.079240895213854
LT,2015-05-01,217.77777777777777,1.0,0.5108897082553916,0.05,1.003715364645075,0.005902,1.7006359956710857,-5.953848596410381
LT,2015-06-01,336.0,1.0,0.6286210858556764,0.05,1.9441668484750727,0.005902,3.2940814104965646,-9.194419527488016
LT,2015-07-01,448.0,1.0,0.7286373990785301,0.05,3.0402955478718146,0.005902,5.151297099071186,-11.212138776496321
LT,2015-08-01,575.1111111111111,1.0,0.8030579147059058,0.05,4.330919740575298,0.005902,7.33805445709132,-11.85476854923072
LT,2015-09-01,686.2222222222222,1.0,0.8415556680016488,0.05,5.43183089508687,0.005902,9.203373254976059,-13.405825075011135
LT,2015-10-01,787.5555555555555,1.0,0.8695470797550591,0.05,6.454388557004287,0.005902,10.93593452559181,-15.294665066225276
LT,2015-11-01,891.5555555555555,1.0,0.8794882223153795,0.05,7.3953483287317825,0.005902,12.530241153391701,-17.446630912336495
LT,2015-12-01,984.0,1.0,0.8836472335957789,0.05,8.203088778582464,0.005902,13.89882883528035,-18.47666389299725
LT,2016-01-01,1080.888888888889,1.0,0.8897910936331365,0.05,9.077208620959057,0.005902,15.379885836935033,-20.105906745952907
LT,2016-02-01,1177.7777777777776,1.0,0.8997967159462696,0.05,10.008716876700507,0.005902,16.95817837461963,-21.249885381656394
LT,2016-03-01,1288.888888888889,1.0,0.9117915768694466,0.0241935483870967,11.440152367105844,0.005902,19.383518073713727,-22.249400270095695
LT,2016-04-01,1381.3333333333333,1.0,0.913034959758119,0.0,12.612056244125483,0.005902,21.36912274504487,-24.67951325724664
LT,2016-05-01,1481.7777777777776,1.0,0.8786919595588584,0.0,13.02026219186326,0.005902,22.06076277848739,-27.539014351426676
LT,2016-06-01,1575.111111111111,1.0,0.8547720766319293,0.0,13.4636099537047,0.005902,22.81194502491477,-29.906957874368544
LT,2016-07-01,1639.111111111111,1.0,0.8392668899068061,0.0,13.756516844339114,0.005902,23.30822915001544,-31.00036447013588
LT,2016-08-01,1681.7777777777776,1.0,0.8286235100215226,0.0,13.935606052984182,0.005902,23.61166732122023,-31.573482907826914
LT,2016-09-01,1746.6666666666665,1.0,0.8100513236295478,0.0,14.148896452729435,0.005902,23.9730539693823,-32.550989214744504
LT,2016-10-01,1857.7777777777776,1.0,0.7502777682555706,0.0,13.938493650259042,0.005902,23.616559895389766,-34.844539100047385
LT,2016-11-01,1945.7777777777776,1.0,0.7024568116077242,0.0,13.668248538749406,0.005902,23.158672549558464,-38.60836617093311
LT,2016-12-01,2012.4444444444443,1.0,0.6628825199166596,0.0,13.340142445256154,0.005902,22.602748975357766,-41.693005057755656
LT,2017-01-01,2074.6666666666665,1.0,0.6281750216322695,0.0,13.032537782130817,0.005902,22.08156181316641,-45.368182815912824
LT,2017-02-01,2132.4444444444443,1.0,0.5962060686745488,0.0,12.713763188891045,0.005902,21.54144898151651,-49.46773284763232
LT,2017-03-01,2199.111111111111,1.0,0.5644939326232559,0.0,12.413848793866089,0.005902,21.03329175511028,-53.5524651120748
LT,2017-04-01,2249.777777777778,1.0,0.5404785127880724,0.0,12.159565474369877,0.005902,20.60244912634679,-56.46971144131998
LT,2017-05-01,2296.0,1.0,0.5185230482974146,0.0,11.90528918890864,0.005902,20.17161841563646,-59.20234651977026
LT,2017-06-01,2329.777777777778,1.0,0.5019594875973197,0.0,11.694540595489554,0.005902,19.814538453896226,-61.306058656328595
LT,2017-07-01,2382.222222222222,1.0,0.48023691627347714,0.0,11.4403105387815,0.005902,19.383786070453233,-64.34165322307786
LT,2017-08-01,2385.777777777778,1.0,0.47214464384556437,0.0,11.264321991835509,0.005902,19.08560147718656,-66.4449113392664
LT,2017-09-01,2411.555555555555,1.0,0.45868571389127166,0.0,11.06146081588462,0.005902,18.741885489469027,-68.7538873443769
LT,2017-10-01,2464.8888888888887,1.0,0.43898335162123414,0.0,10.820451858183842,0.005902,18.33353415483538,-71.10007468563943
LT,2017-11-01,2526.222222222222,1.0,0.41844847772112803,0.0,10.570938432741741,0.005902,17.910773352663064,-72.95429376657589
LT,2017-12-01,2581.333333333333,1.0,0.40131185344842624,0.0,10.359196643682042,0.005902,17.552010578925856,-74.7001841301991
LT,2018-01-01,2645.333333333333,1.0,0.38387963913899054,0.0,10.154896054023428,0.005902,17.205855733689305,-76.01992802087948
LT,2018-02-01,2466.6666666666665,1.0,0.38387963913899054,0.0,9.469031098761766,0.005902,16.043766687159888,-78.52878603482063
LT,2018-03-01,2469.333333333333,1.0,0.3808221974779482,0.0,9.403769463055466,0.005902,15.93319122849113,-79.79850036476438
LT,2018-04-01,2506.6666666666665,1.0,0.37367522759794786,0.0,9.36679237178856,0.005902,15.870539430343204,-80.98292058442873
LT,2018-05-01,2484.4444444444443,1.0,0.37332900643438655,0.0,9.275151759858758,0.005902,15.71526899332219,-82.40195943060311
LT,2018-06-01,2538.6666666666665,1.0,0.3650639303303816,0.0,9.26775631132062,0.005902,15.702738582379903,-83.89379926063239
LT,2018-07-01,2576.0,1.0,0.35864702787044056,0.0,9.238747437942548,0.005902,15.653587661712212,-85.02961271831235
LT,2018-08-01,2612.4444444444443,1.0,0.35222922332666223,0.0,9.201792776507203,0.005902,15.59097386734531,-86.25421904197144
LT,2018-09-01,2757.333333333333,1.0,0.3401031596951719,0.0,9.377777789994873,0.005902,15.889152473729029,-87.18088103443863
LT,2018-10-01,2768.8888888888887,1.0,0.33746695640634417,0.0,9.344085059606773,0.005902,15.832065502552984,-88.8776049234867
LT,2018-11-01,2793.777777777778,1.0,0.3339980454916549,0.0,9.331163173157968,0.005902,15.810171421819666,-90.11695290310863
LT,2018-12-01,2812.4444444444443,1.0,0.33105665952747176,0.0,9.310784628843738,0.005902,15.77564322067729,-91.53177965996025
LT,2019-01-01,2832.0,1.0,0.3280764007743645,0.0,9.291123669930002,0.005902,15.742330853829213,-92.16611711641706
LT,2019-02-01,2841.777777777778,1.0,0.32576259001376445,0.0,9.257448891324488,0.005902,15.685274299092658,-92.24301750238122
LT,2019-03-01,2854.222222222222,1.0,0.32365709437952295,0.0,9.237892711579095,0.005902,15.652139463875116,-92.47083340237441
LT,2019-04-01,2817.777777777778,1.0,0.32365709437952295,0.0,9.119937681627446,0.005902,15.452283432103432,-92.5353531644835
LT,2019-05-01,2854.222222222222,1.0,0.3197783727800163,0.0,9.127185377747843,0.005902,15.464563500081061,-92.06547895387938
LT,2019-06-01,2855.111111111111,1.0,0.31853078634311277,0.0,9.094407873191805,0.005902,15.40902723346629,-91.29693348866137
LT,2019-07-01,2956.4444444444443,1.0,0.31466571296676615,0.0,9.30291698957746,0.005902,15.762312757671058,-90.08814361878056
LT,2019-08-01,2973.333333333333,1.0,0.3136941203952935,0.0,9.32717184642006,0.005902,15.803408753676818,-88.5628321426691
LT,2019-09-01,3088.8888888888887,1.0,0.3114519396651436,0.0,9.620404358545546,0.005902,16.300244592588182,-86.54229627321388
LT,2019-10-01,3160.8888888888887,1.0,0.31059253104546913,0.0,9.817484803535006,0.005902,16.63416605139784,-84.85728759326939
LT,2019-11-01,3228.4444444444443,1.0,0.30958834060624085,0.0,9.994887582949927,0.005902,16.934746836580693,-83.6314904815091
LT,2019-12-01,3293.333333333333,1.0,0.308505528727026,0.0,10.160115412743389,0.005902,17.214699106647558,-82.45915433270633
LT,2020-01-01,3358.222222222222,1.0,0.30732206871855916,0.0,10.320558005499702,0.005902,17.486543553879535,-81.08419155285239
LT,2020-02-01,3390.222222222222,1.0,0.30652116308794247,0.0,10.391748586821445,0.005902,17.607164667606646,-79.71406284492866
LT,2020-03-01,3412.4444444444443,1.0,0.30603430121966724,0.0,10.44325051006491,0.005902,17.694426482658265,-74.3981469648225
LT,2020-04-01,3970.7292222222222,1.0,0.30191763744665645,0.0,11.98833185713733,0.005902,20.312321004976837,-75.2346608063907
LT,2020-05-01,4376.116666666667,1.0,0.2969401236166879,0.0,12.994446239610484,0.005902,22.0170217546772,-76.8587603011178
LT,2020-06-01,4766.3805555555555,1.0,0.27865042046202637,0.0,13.281539458875823,0.005902,22.503455538590007,-72.17567466520023
LT,2020-07-01,5045.510333333333,1.0,0.2682048892405832,0.0,13.532305401138848,0.005902,22.928338531241693,-71.46729772727939
LT,2020-08-01,5398.432888888889,1.0,0.26333959919599426,0.0,14.216211532464733,0.005902,24.087108662258103,-69.29260037579847
LT,2020-09-01,5590.443111111111,1.0,0.25956316475894237,0.0,14.510731063248278,0.005902,24.586125149522665,-67.56366034047255
LT,2020-10-01,5689.114666666666,1.0,0.25739570197635214,0.0,14.643536632506272,0.005902,24.81114305744878,-64.8659349399527
LT,2020-11-01,5826.897777777777,1.0,0.2547632586999413,0.0,14.84479465978113,0.005902,25.152142764793506,-61.63356801447776
LT,2020-12-01,5970.014,1.0,0.25218637537550675,0.0,15.055561916010307,0.005902,25.509254347696213,-58.47058895614373
LT,2021-01-01,6113.131555555556,1.0,0.2501325875435433,0.0,15.29093413985197,0.005902,25.908055133602115,-55.617542331043666
LT,2021-02-01,6192.253333333333,1.0,0.24962331584347427,0.0,15.45730809609473,0.005902,26.189949332590185,-53.608970697373294
LT,2021-03-01,6365.596111111112,1.0,0.24779201564114722,0.0,15.773438911296704,0.005902,26.725582702976453,-51.79518767329564
LT,2021-04-01,6515.822222222221,1.0,0.24602641122893953,0.0,16.030643575391068,0.005902,27.161375085379646,-49.9834778668812
LT,2021-05-01,6603.833888888888,1.0,0.2454129641778129,0.0,16.206664496101155,0.005902,27.45961453083896,-49.687722837064726
LT,2021-06-01,6728.280777777778,1.0,0.244196924801956,0.0,16.430254751374463,0.005902,27.838452645500613,-48.75309594503533
LT,2021-07-01,6894.510777777778,1.0,0.24276311804985898,0.0,16.737329338416917,0.005902,28.35874167810389,-47.19472299998038
LT,2021-08-01,6932.740333333333,1.0,0.24250229608234483,0.0,16.81205448976014,0.005902,28.485351558387222,-44.90022376554968
LT,2021-09-01,7135.4184444444445,1.0,0.24151415375944793,0.0,17.23304547329556,0.005902,29.198653800907422,-43.20269062353394
LT,2021-10-01,7266.091777777778,1.0,0.24058655263953743,0.0,17.481239719780437,0.005902,29.619179464216256,-43.05242020499837
LT,2021-11-01,7434.104222222222,1.0,0.23911458883098585,0.0,17.776027744233623,0.005902,30.11865087128706,-42.56302962607714
LT,2021-12-01,7538.109222222221,1.0,0.23793935631226212,0.0,17.936128561470824,0.005902,30.38991623427791,-42.21845117835585
LT,2022-01-01,7758.569888888889,1.0,0.23581283594275576,0.0,18.295703683589604,0.005902,30.99915907080583,-43.53116862395805
LT,2022-02-01,7854.575888888889,1.0,0.23450503598720446,0.0,18.419376014881173,0.005902,31.208702160083313,-47.42793434610217
LT,2022-03-01,7874.135,1.0,0.2338300059100096,0.0,18.412090335862136,0.005902,31.196357736126963,-51.79865476490598
LT,2022-04-01,8004.801777777777,1.0,0.23223138947226704,0.0,18.589662393034065,0.005902,31.497225335537212,-58.245403133865466
LT,2022-05-01,8009.246222222222,1.0,0.23168290984605805,0.0,18.55605470437992,0.005902,31.44028245404934,-63.80816273975638
LT,2022-06-01,8097.24711111111,1.0,0.23049013752332992,0.0,18.663356002003855,0.005902,31.622087431385722,-72.46935560388391
LT,2022-07-01,8153.248333333333,1.0,0.22956017636575285,0.0806451612903225,12.141410984720608,0.005902,20.571689231990185,-70.19044244537199
LT,2022-08-01,8189.693555555556,1.0,0.22872109443350805,0.5,-22.21691104676063,0.005902,-37.64302108905562,-21.00453503158485
LT,2022-09-01,8113.245333333333,1.0,0.2287331693347363,0.925,-56.48983614649741,0.005902,-95.71303989579364,26.894700626074908
LT,2022-10-01,8163.023888888889,1.0,0.22775606460344558,1.25,-83.44601664913864,0.005902,-141.38599906665306,58.763113618099084
LT,2022-11-01,8194.135777777778,1.0,0.259906318901096,1.975,-140.5371049453312,0.005902,-238.11776507172348,146.7529689575999
LT,2022-12-01,8224.358555555555,1.0,0.2916042608091789,2.177419354838709,-155.09619502777568,0.005902,-262.78582688542133,168.24084237459675
LT,2023-01-01,8329.250666666667,1.0,0.34617202356856397,2.5,-179.39773108576853,0.005902,-303.96091339506694,204.4828215554163
LT,2023-02-01,8378.140777777777,1.0,0.38287391007818816,2.875,-208.7938321733782,0.005902,-353.76792980918026,245.56567382980984
LT,2023-03-01,8427.033777777777,1.0,0.41917870947406044,3.161290322580645,-231.07867186085895,0.005902,-391.52604517258374,274.1547479034293
LT,2023-04-01,8332.801666666666,1.0,0.4290105737589983,3.5,-255.89945809296728,0.005902,-433.58091849028676,312.5596523647024
LT,2023-05-01,8364.80411111111,1.0,0.4598312378220822,3.6774193548387095,-269.14494309082943,0.005902,-456.0232854809038,329.7394571099299
LT,2023-06-01,8305.246777777778,1.0,0.46410860183297753,3.8333333333333335,-279.8224284490253,0.005902,-474.1145856472811,344.92102339620925
LT,2023-07-01,8317.692777777778,1.0,0.48932484269411225,4.0,-292.00717401047046,0.005902,-494.75969842506004,351.70729757619597
LT,2023-08-01,8140.792888888889,1.0,0.48940098063787846,4.241935483870968,-305.48606199230136,0.005902,-517.5975296379216,384.3426275847619
LT,2023-09-01,8149.682888888889,1.0,0.5131533876495128,4.341666666666667,-312.0116915988999,0.005902,-528.654170787699,389.4460575700273
LT,2023-10-01,8170.129888888889,1.0,0.5400399979029591,4.5,-323.5338757193754,0.005902,-548.1766786163595,396.7199007880404
LT,2023-11-01,8181.686888888889,1.0,0.5643038207370901,4.5,-322.00633828525446,0.005902,-545.5885094633251,391.31453881763275
LT,2023-12-01,8189.687888888889,1.0,0.5874354795501527,4.5,-320.4268226762448,0.005902,-542.912271562597,388.5582557463291
LT,2024-01-01,7936.348222222222,1.0,0.5875177855964303,4.5,-310.50821266757833,0.005902,-526.1067649399836,395.96590093120983
LT,2024-02-01,7972.7972222222215,1.0,0.6181937453871711,4.5,-309.48854123982005,0.005902,-524.3790939339547,388.77672573445943
LT,2024-03-01,8009.246222222222,1.0,0.6486676816822895,4.5,-308.46268821008476,0.005902,-522.64094918686,381.32938704766104
LT,2024-04-01,7841.242888888888,1.0,0.648984231553866,4.5,-301.96750009327224,0.005902,-511.63588629832634,381.2482595421226
LT,2024-05-01,7885.692888888889,1.0,0.6813323313815003,4.5,-301.12840479454815,0.005902,-510.2141728135346,375.6904558512992
LT,2024-06-01,7558.565777777778,1.0,0.6812088079557908,4.341666666666667,-276.6781150184975,0.005902,-468.78704679514993,364.3451822779155
LT,2024-07-01,7579.901777777777,1.0,0.7064976740261333,4.25,-268.59399580209,0.005902,-455.08979295508294,344.6064243364827
LT,2024-08-01,7441.229666666666,1.0,0.7066156468485756,4.25,-263.6713676907285,0.005902,-446.74918280367416,346.3379623125433
LT,2024-09-01,7451.897666666666,1.0,0.728518905616545,3.99,-243.0422335711351,0.005902,-411.79639710460026,308.6254490400146
LT,2024-10-01,7466.121666666666,1.0,0.7512843325843336,3.577419354838709,-211.00267922578874,0.005902,-357.5104697149927,251.61420102613067
LT,2024-11-01,7362.118222222221,1.0,0.7514900514772399,3.4,-194.9864335375625,0.005902,-330.37348955873006,228.1116409545482
LT,2024-12-01,7366.563222222221,1.0,0.7714064948674453,3.287096774193548,-185.31991490185618,0.005902,-313.9951116602104,210.69518450531626
LT,2025-01-01,7366.563222222221,1.0,0.7900018862306032,3.0,-162.80090826074118,0.005902,-275.84023764951064,173.6172321011082
LT,2025-02-01,7366.563222222221,1.0,0.8085389851760275,2.7857142857142856,-145.649868528313,0.005902,-246.78052952950353,144.91896725898843
LT,2025-03-01,7365.674222222222,1.0,0.826612917647509,2.588709677419355,-129.7903068051279,0.005902,-219.9090254238019,117.49081441329486
LT,2025-04-01,7365.674222222222,1.0,0.8447001215438439,2.433333333333333,-117.01354696643938,0.005902,-198.26083864188303,96.18264725600346
LT,2025-05-01,6984.325222222222,1.0,0.8450188017740661,2.25,-98.1284561951739,0.005902,-166.26305692167722,79.77788206048845
LT,2025-06-01,6984.325222222222,1.0,0.8625917357951041,2.083333333333333,-85.260563295021,0.005902,-144.46045966625042,57.873699659065636
LT,2025-07-01,6984.325222222222,1.0,0.8800547633923166,2.0,-78.22061763546677,0.005902,-132.5323917917092,44.88359113302971
LT,2025-08-01,6898.986222222222,1.0,0.8797816526088014,2.0,-77.28370944532426,0.005902,-130.94494992430407,42.15174222878812
LT,2025-09-01,6892.763666666666,1.0,0.8953950809219138,2.0,-76.13780652242706,0.005902,-129.00339973301772,39.33727237640227
LT,2025-10-01,6562.971777777777,1.0,0.8955908523002121,2.0,-72.48206067473316,0.005902,-122.80932001818563,40.40758867991265
LT,2025-11-01,6418.076666666666,1.0,0.8956793584980202,2.0,-70.87614541742221,0.005902,-120.08835211355846,39.185966732211554
LT,2025-12-01,6418.076666666666,1.0,0.9124578349023625,2.0,-69.79928993829293,0.005902,-118.26379183038449,36.851389242400046
LT,2026-01-01,6259.847666666667,1.0,0.9125617598018173,2.0,-68.07197730548701,0.005832,-116.72149743739199,35.590184957656234
LT,2026-02-01,6259.847666666667,1.0,0.9290853472296005,2.0,-67.03762590343929,0.005832,-114.94791821577381,33.40184499878863
LT,2026-03-01,6259.847666666667,1.0,0.9456030133602837,2.0,-66.00364516556992,0.005832,-113.17497456373442,30.42631848830206
LT,2026-04-01,6259.847666666667,1.0,0.9620620271865874,2.0,-64.97333597260771,0.005832,-111.40832642765382,27.0465837373561
LT,2026-05-01,6259.847666666667,1.0,0.9784874504831246,2.0,-63.945129495639314,0.005832,-109.64528377167234,23.244558895862596
LT,2026-06-01,6068.728777777777,1.0,0.9786917610797151,2.1166666666666667,-69.06061057924481,0.005832,-118.41668480666118,34.345766875955405
LT,2026-07-01,6068.728777777777,1.0,0.9948112454783532,2.25,-76.17400116108566,0.005832,-130.61385658622368,44.80803275400922
LT,2026-08-01,6026.056777777778,1.0,1.0044006125498715,2.25,-75.06052631139696,0.005832,-128.70460615808804,41.85121552946208
LU,2015-03-01,162.66666666666666,1.0,-0.09227840989206651,0.05,-0.23143954675776154,0.00364,-0.6358229306531911,-2.3927178425970457
LU,2015-04-01,344.88888888888886,1.0,-0.11673056414629325,0.05,-0.5750351901223268,0.00364,-1.5797670058305684,-5.387702379966
LU,2015-05-01,419.55555555555554,1.0,-0.08004396639612588,0.05,-0.5456066856797458,0.00364,-1.4989194661531478,-9.153404058234614
LU,2015-06-01,651.5555555555555,1.0,0.00794087880330613,0.05,-0.2740385407749032,0.00364,-0.7528531339969868,-13.241354071981569
LU,2015-07-01,722.6666666666666,1.0,0.010391157665888918,0.05,-0.2862399006011761,0.00364,-0.7863733532999344,-17.14980922886744
LU,2015-08-01,799.1111111111111,1.0,0.004161942431706854,0.05,-0.36629701114573815,0.00364,-1.0063104701805994,-20.199133476502638
LU,2015-09-01,921.7777777777777,1.0,-0.0066667952675552,0.05,-0.5223419261551533,0.00364,-1.4350052916350367,-24.04420362162223
LU,2015-10-01,927.1111111111111,1.0,-0.009857135412603933,0.05,-0.5549421532030747,0.00364,-1.524566354953502,-27.75516594677059
LU,2015-11-01,953.7777777777777,1.0,-0.021600049988259682,0.05,-0.6829053656658012,0.00364,-1.8761136419390143,-31.85298570766721
LU,2015-12-01,991.1111111111111,1.0,-0.03531257262695188,0.05,-0.8455423864804564,0.00364,-2.3229186441770784,-34.69841137245468
LU,2016-01-01,1141.3333333333333,1.0,-0.006082670213096414,0.05,-0.6400902093654737,0.00364,-1.7584895861688838,-37.244282169056824
LU,2016-02-01,1239.111111111111,1.0,-0.009418409797619886,0.05,-0.7362601178478411,0.00364,-2.022692631450113,-40.23075638772614
LU,2016-03-01,1367.111111111111,1.0,-0.01322959037487943,0.0241935483870967,-0.5116158881415047,0.00364,-1.405538154234903,-43.038456498044326
LU,2016-04-01,1398.2222222222222,1.0,-0.016604722005603267,0.0,-0.23217091302056833,0.00364,-0.637832178627935,-46.68646818091944
LU,2016-05-01,1412.4444444444443,1.0,-0.01888880456298487,0.0,-0.26679387067184845,0.00364,-0.7329501941534299,-50.3327273240675
LU,2016-06-01,1435.5555555555554,1.0,-0.02463510242253016,0.0,-0.3536505814434329,0.00364,-0.9715675314380026,-53.69047043072132
LU,2016-07-01,1440.888888888889,1.0,-0.03067095939509002,0.0,-0.4419344460394749,0.00364,-1.2141056209875685,-55.52269924113889
LU,2016-08-01,1440.888888888889,1.0,-0.03599516406356924,0.0,-0.5186503195292955,0.00364,-1.4248635151903724,-56.61001374423752
LU,2016-09-01,1449.7777777777776,1.0,-0.04396431708713446,0.0,-0.6373848992810338,0.00364,-1.7510574156072358,-58.27510059973404
LU,2016-10-01,1452.4444444444443,1.0,-0.04918059493782731,0.0,-0.7143208189191984,0.00364,-1.9624198321956001,-60.42351882763275
LU,2016-11-01,1519.111111111111,1.0,-0.06183858295651269,0.0,-0.9393967846460461,0.00364,-2.580760397379248,-64.34779911787082
LU,2016-12-01,1549.3333333333333,1.0,-0.0696483568163528,0.0,-1.0790852082746927,0.00364,-2.9645198029524527,-67.26027383606588
LU,2017-01-01,1558.2222222222222,1.0,-0.07371555867868763,0.0,-1.1486522165665725,0.00364,-3.155637957600474,-70.60538258667971
LU,2017-02-01,1624.0,1.0,-0.0789160906844905,0.0,-1.2815973127161258,0.00364,-3.520871738231115,-74.53005356737995
LU,2017-03-01,1683.5555555555554,1.0,-0.07932257637822146,0.0,-1.335439641425346,0.00364,-3.6687902236960057,-78.25454709088109
LU,2017-04-01,1727.111111111111,1.0,-0.08208371220346662,0.0,-1.4176769138785392,0.00364,-3.894716796369613,-80.96687736403638
LU,2017-05-01,1799.111111111111,1.0,-0.08171202019345042,0.0,-1.4700900344137213,0.00364,-4.038708885751982,-83.4126738211587
LU,2017-06-01,1848.8888888888887,1.0,-0.08213565480472183,0.0,-1.5185969955006344,0.00364,-4.171969767858886,-85.2925668780837
LU,2017-07-01,1903.111111111111,1.0,-0.07644897016639392,0.0,-1.4549088455666612,0.00364,-3.9970023229853333,-87.72244161651642
LU,2017-08-01,1944.8888888888887,1.0,-0.07573636151277222,0.0,-1.4729880799106274,0.00364,-4.046670549205021,-89.57718336565797
LU,2017-09-01,1993.7777777777776,1.0,-0.07618318305236857,0.0,-1.5189233741018904,0.00364,-4.1728664123678305,-91.66863924621376
LU,2017-10-01,2028.4444444444443,1.0,-0.07632858193051593,0.0,-1.5482828796927766,0.00364,-4.253524394760375,-93.68713323523518
LU,2017-11-01,2055.111111111111,1.0,-0.07815061196565194,0.0,-1.6060819099074424,0.00364,-4.412312939306161,-95.2773800585451
LU,2017-12-01,2120.0,1.0,-0.07936012610328143,0.0,-1.6824346733895663,0.00364,-4.622073278542764,-96.87426798766774
LU,2018-01-01,2144.0,1.0,-0.07629809507783687,0.0,-1.6358311584688225,0.00364,-4.494041644145117,-97.7198253987139
LU,2018-02-01,2166.222222222222,1.0,-0.07012279733132455,0.0,-1.5190156186350037,0.00364,-4.173119831414845,-98.74567255339537
LU,2018-03-01,2190.222222222222,1.0,-0.06602626619894343,0.0,-1.4461219547928588,0.00364,-3.9728625131671946,-99.7045541064227
LU,2018-04-01,2225.777777777778,1.0,-0.06284560000239844,0.0,-1.3988033991644953,0.00364,-3.842866481221141,-100.69632649599306
LU,2018-05-01,2235.5555555555557,1.0,-0.06168364816897715,0.0,-1.3789722235109116,0.00364,-3.7883852294255815,-101.90561365335088
LU,2018-06-01,2240.0,1.0,-0.06206857494172316,0.0,-1.3903360786945986,0.00364,-3.819604611798348,-103.41614245481065
LU,2018-07-01,2245.333333333333,1.0,-0.06310859998149203,0.0,-1.416998431584434,0.00364,-3.8928528340231705,-104.57605321404773
LU,2018-08-01,2286.222222222222,1.0,-0.06489958180007602,0.0,-1.4837486612426267,0.00364,-4.076232585831392,-105.92142549514814
LU,2018-09-01,2305.777777777778,1.0,-0.06525283599077562,0.0,-1.504585391645084,0.00364,-4.133476350673308,-107.20350985884096
LU,2018-10-01,2309.333333333333,1.0,-0.06500492974049724,0.0,-1.5011805108072158,0.00364,-4.124122282437407,-108.83379270847709
LU,2018-11-01,2316.4444444444443,1.0,-0.06615438439796029,0.0,-1.5324295621429733,0.00364,-4.209971324568608,-110.1370956494969
LU,2018-12-01,2322.6666666666665,1.0,-0.06774454850157015,0.0,-1.5734800465298024,0.00364,-4.322747380576381,-111.63017026121392
LU,2019-01-01,2324.4444444444443,1.0,-0.07030012815970574,0.0,-1.6340874234456044,0.00364,-4.4892511633121,-112.39769913355838
LU,2019-02-01,2326.222222222222,1.0,-0.07383868023042262,0.0,-1.7176517881156976,0.00364,-4.718823593724444,-112.64711539519831
LU,2019-03-01,2328.0,1.0,-0.07842681140262055,0.0,-1.8257761694530064,0.00364,-5.015868597398369,-113.13884146364789
LU,2019-04-01,2334.222222222222,1.0,-0.08462790907323489,0.0,-1.975403459789465,0.00364,-5.42693258183919,-113.41456917842612
LU,2019-05-01,2336.0,1.0,-0.09189644685643693,0.0,-2.1467009985663665,0.00364,-5.897530215841666,-113.4275726698021
LU,2019-06-01,2336.8888888888887,1.0,-0.10115822256552169,0.0,-2.363955263331169,0.00364,-6.494382591569146,-113.2003433136968
LU,2019-07-01,2352.0,1.0,-0.11559940106735503,0.0,-2.71889791310419,0.00364,-7.469499761275248,-113.31995613772686
LU,2019-08-01,2354.6666666666665,1.0,-0.13013203594616157,0.0,-3.064175673078951,0.00364,-8.418065035931184,-112.78430593227709
LU,2019-09-01,2376.0,1.0,-0.14841710722603946,0.0,-3.5263904676906974,0.00364,-9.687885900249169,-112.53042676605124
LU,2019-10-01,2379.555555555555,1.0,-0.16003711616111044,0.0,-3.808172088562601,0.00364,-10.462011232314838,-111.95346487698207
LU,2019-11-01,2407.111111111111,1.0,-0.17369261011761236,0.0,-4.180974117319948,0.00364,-11.48619262999986,-112.05242994808965
LU,2019-12-01,2417.777777777778,1.0,-0.18390615041017594,0.0,-4.446442036583809,0.00364,-12.21550010050497,-111.88935353985886
LU,2020-01-01,2488.8888888888887,1.0,-0.20284103208637513,0.0,-5.048487909705337,0.00364,-13.869472279410266,-112.44020738614219
LU,2020-02-01,2506.6666666666665,1.0,-0.21659545877269354,0.0,-5.429326166568851,0.00364,-14.915731226837503,-112.23695873937281
LU,2020-03-01,2579.559444444444,1.0,-0.23580704287700463,0.0,-6.082782845198933,0.00364,-16.71094188241465,-108.80351532989542
LU,2020-04-01,2752.904,1.0,-0.2567101434721741,0.0,-7.066983808051219,0.00364,-19.414790681459394,-114.96177249282694
LU,2020-05-01,2499.606444444444,1.0,-0.2913236840090366,0.0,-7.281945579682847,0.00364,-20.005344999128702,-118.8811270549237
LU,2020-06-01,2756.5227777777777,1.0,-0.3189346251138072,0.0,-8.79150558748226,0.00364,-24.152487877698515,-118.83161808148876
LU,2020-07-01,2906.756333333333,1.0,-0.3398650702590271,0.0,-9.879049454542052,0.00364,-27.140245754236407,-121.53588201275748
LU,2020-08-01,3058.7686666666664,1.0,-0.36060529840330197,0.0,-11.030081877900034,0.00364,-30.30242274148361,-123.68213177954019
LU,2020-09-01,3237.443777777778,1.0,-0.38549262317522637,0.0,-12.480106942778702,0.00364,-34.286008084556876,-126.4357935745521
LU,2020-10-01,3515.6866666666665,1.0,-0.41588434480032394,0.0,-14.621190458899013,0.00364,-40.16810565631597,-129.84518365371744
LU,2020-11-01,3689.9161111111107,1.0,-0.4341035833909505,0.0,-16.01805806245334,0.00364,-44.00565401772895,-130.79136479700023
LU,2020-12-01,3784.1408888888886,1.0,-0.4451219422867002,0.0,-16.844041423487425,0.00364,-46.274839075514905,-130.25468237935485
LU,2021-01-01,3906.811333333333,1.0,-0.45680470626783953,0.0,-17.846498035672,0.00364,-49.02884075734066,-130.55443822198646
LU,2021-02-01,3993.925222222222,1.0,-0.46464026564327704,0.0,-18.557384762127175,0.00364,-50.981826269580154,-130.78074629954364
LU,2021-03-01,4092.5968888888888,1.0,-0.4725983045138837,0.0,-19.34154350747684,0.00364,-53.136108537024285,-131.6568789132964
LU,2021-04-01,4294.391888888888,1.0,-0.4829516314990406,0.0,-20.739835690351352,0.00364,-56.97757057788833,-134.12242353014918
LU,2021-05-01,4521.080777777778,1.0,-0.4897126970931029,0.0,-22.14030661461339,0.00364,-60.82501817201481,-137.9723555399185
LU,2021-06-01,4675.758888888889,1.0,-0.49537087723157514,0.0,-23.16234782512224,0.00364,-63.63282369539077,-140.2243722859267
LU,2021-07-01,4768.205333333333,1.0,-0.5008610535759289,0.0,-23.882083469196967,0.00364,-65.61011942087079,-141.16358409895506
LU,2021-08-01,4836.650111111111,1.0,-0.506818314778751,0.0,-24.51302858487792,0.00364,-67.34348512329099,-140.72906044722788
LU,2021-09-01,4958.428444444444,1.0,-0.5123804155410404,0.0,-25.406016267949585,0.00364,-69.79674798887248,-142.19809241331384
LU,2021-10-01,5034.876,1.0,-0.5117222555938881,0.0,-25.764581033555327,0.00364,-70.7818160262509,-143.45341569546554
LU,2021-11-01,5086.433888888889,1.0,-0.5106689330336465,0.0,-25.9748376698507,0.00364,-71.35944414794149,-144.04112464530567
LU,2021-12-01,5138.878777777778,1.0,-0.5090958332512238,0.0,-26.161817733498083,0.00364,-71.87312564147825,-144.481493054112
LU,2022-01-01,5170.879444444445,1.0,-0.5047803938093162,0.0,-26.101585623071646,0.00364,-71.70765281063639,-146.2379805054003
LU,2022-02-01,5213.546444444444,1.0,-0.4892787013634096,0.0,-25.508772338355993,0.00364,-70.07904488559339,-148.71568139177887
LU,2022-03-01,4863.314888888888,1.0,-0.490120629999782,0.0,-23.836109572295417,0.00364,-65.4838175063061,-148.47883000733904
LU,2022-04-01,4907.759777777777,1.0,-0.45078767026698024,0.0,-22.123575964544372,0.00364,-60.77905484764938,-150.52168331705207
LU,2022-05-01,4955.761555555555,1.0,-0.4055282315338649,0.0,-20.097012195279596,0.00364,-55.211571965053835,-150.46001715885956
LU,2022-06-01,5018.874,1.0,-0.34262731172727756,0.0,-17.196033065179282,0.00364,-47.241849080162865,-151.3332921154325
LU,2022-07-01,5070.429555555555,1.0,-0.2970750684481999,0.0806451612903225,-19.152038165974385,0.00364,-52.6154894669626,-143.37762114432476
LU,2022-08-01,5097.096333333333,1.0,-0.2604245976777352,0.5,-38.759574285996585,0.00364,-106.48234693955106,-89.84386088208029
LU,2022-09-01,5141.542222222222,1.0,-0.19997523560750538,0.925,-57.84107672830382,0.00364,-158.9040569458896,-36.29631642402106
LU,2022-10-01,5159.3208888888885,1.0,-0.14777376991253036,1.25,-72.11563409050689,0.00364,-198.11987387501892,2.029238809733215
LU,2022-11-01,5194.877666666666,1.0,-0.08999704309343254,1.975,-107.27407020898778,0.00364,-294.7089840906258,90.1617499386976
LU,2022-12-01,5209.101111111111,1.0,-0.04297566811254538,2.177419354838709,-115.66262181160961,0.00364,-317.7544555264,113.27221373361806
LU,2023-01-01,5263.324666666666,1.0,0.024511873044869657,2.5,-130.29297720643402,0.00364,-357.94773957811543,150.49599537236782
LU,2023-02-01,5308.658888888889,1.0,0.09072698563815494,2.875,-147.80755686785471,0.00364,-406.06471666993053,193.26888696905957
LU,2023-03-01,5348.660222222223,1.0,0.15439521591512076,3.161290322580645,-160.82860249416535,0.00364,-441.8368200389158,223.84397303709727
LU,2023-04-01,5371.772,1.0,0.20647042746038013,3.5,-176.920899389403,0.00364,-486.0464268939643,260.0941439610249
LU,2023-05-01,5406.439666666666,1.0,0.2620609976733349,3.6774193548387095,-184.6492889806038,0.00364,-507.27826643023025,278.48447616060344
LU,2023-06-01,5423.329333333333,1.0,0.309975985276247,3.8333333333333335,-191.0832725753354,0.00364,-524.9540455366357,294.08156350685465
LU,2023-07-01,4813.538555555555,1.0,0.3060435936352817,4.0,-177.81001584578016,0.00364,-488.48905452137404,357.97794147988196
LU,2023-08-01,4822.428555555555,1.0,0.3471768696522572,4.241935483870968,-187.82195158204294,0.00364,-515.99437247814,385.9457847445435
LU,2023-09-01,4825.984555555555,1.0,0.38623835016999103,4.341666666666667,-190.88835966020065,0.00364,-524.4185704950568,393.68165786266945
LU,2023-10-01,4838.430555555555,1.0,0.43180264235636434,4.5,-196.83690401253335,0.00364,-540.7607253091576,404.1358540952423
LU,2023-11-01,4846.431555555555,1.0,0.47022681092349344,4.5,-195.30019945272124,0.00364,-536.5390094854979,400.3640387954599
LU,2023-12-01,4850.876555555555,1.0,0.49905290777140787,4.5,-194.08100449709843,0.00364,-533.1895727942265,398.2809545146996
LU,2024-01-01,4850.876555555555,1.0,0.52658364223233,4.5,-192.7455225535613,0.00364,-529.5206663559377,392.5519995152557
LU,2024-02-01,4850.876555555555,1.0,0.5577212960225504,4.5,-191.23507340590146,0.00364,-525.3710807854436,387.7847388829705
LU,2024-03-01,4850.876555555555,1.0,0.5891666577910938,4.5,-189.70969772406158,0.00364,-521.1804882529165,382.78984798160457
LU,2024-04-01,4850.876555555555,1.0,0.6219746002318176,4.5,-188.11822493584432,0.00364,-516.8083102633086,376.0758355771403
LU,2024-05-01,4850.876555555555,1.0,0.6558170385349205,4.5,-186.47657003037074,0.00364,-512.2982693142053,373.6063593506285
LU,2024-06-01,4850.876555555555,1.0,0.6894212435358432,4.341666666666667,-177.16591698200386,0.00364,-486.71955214836225,346.4126769247032
LU,2024-07-01,4850.876555555555,1.0,0.7220352890918277,4.25,-171.13721304971784,0.00364,-470.1571787080161,329.53903858354954
LU,2024-08-01,4850.876555555555,1.0,0.749160186037583,4.25,-169.8214177830576,0.00364,-466.5423565468615,326.54478856935594
LU,2024-09-01,4850.876555555555,1.0,0.7743343993912901,3.99,-155.9879687249926,0.00364,-428.53837561811156,291.8834705265033
LU,2024-10-01,4850.876555555555,1.0,0.7999528168588751,3.577419354838709,-134.7314731292643,0.00364,-370.141409695781,238.98326104534237
LU,2024-11-01,4850.876555555555,1.0,0.8268669966885582,3.4,-124.81950560089726,0.00364,-342.9107296727947,215.57440084048358
LU,2024-12-01,4850.876555555555,1.0,0.8524518969567964,3.287096774193548,-118.1016175609119,0.00364,-324.4549932992085,200.23530286631814
LU,2025-01-01,4850.876555555555,1.0,0.8817563662818368,3.0,-102.75338381758243,0.00364,-282.2895159823693,167.1679537682495
LU,2025-02-01,4850.876555555555,1.0,0.9084255331613712,2.7857142857142856,-91.06495997767064,0.00364,-250.17846147711714,141.52103531137482
LU,2025-03-01,4850.876555555555,1.0,0.9376004578395524,2.588709677419355,-80.09327003921292,0.00364,-220.03645615168386,117.36338368541288
LU,2025-04-01,4480.181666666666,1.0,0.9396718944407595,2.433333333333333,-66.91874594733461,0.00364,-183.84270864652368,110.60077725136281
LU,2025-05-01,4480.181666666666,1.0,0.9629954444511766,2.25,-57.6601421468632,0.00364,-158.40698391995386,87.63395506221181
LU,2025-06-01,4480.181666666666,1.0,0.9867707120247948,2.083333333333333,-49.12799752338456,0.00364,-134.9670261631444,67.36713316217165
LU,2025-07-01,4480.181666666666,1.0,1.0104272573368869,2.0,-44.334656595123306,0.00364,-121.79850712945964,55.61747579527926
LU,2025-08-01,4480.181666666666,1.0,1.0334438247653697,2.0,-43.303472560896445,0.00364,-118.96558395850673,54.131108194585465
LU,2025-09-01,4480.181666666666,1.0,1.0571706624429023,2.0,-42.24046712918787,0.00364,-116.04523936590074,52.29543274351924
LU,2025-10-01,4480.181666666666,1.0,1.080824604293018,2.0,-41.18072756297499,0.00364,-113.13386693124997,50.08304176684831
LU,2025-11-01,4480.181666666666,1.0,1.105453743991663,2.0,-40.077297361538584,0.00364,-110.10246527895215,49.17185356681786
LU,2025-12-01,4480.181666666666,1.0,1.1326156822762812,2.0,-38.8603931821998,0.00364,-106.75932192912033,48.355859143664205
LU,2026-01-01,4480.181666666666,1.0,1.1584236603640337,2.0,-37.70414887937496,0.003597,-104.82109780198766,47.49058459306056
LU,2026-02-01,4480.181666666666,1.0,1.1817037213386468,2.0,-36.661159855601525,0.003597,-101.92148972922303,46.42827348533942
LU,2026-03-01,4480.181666666666,1.0,1.2114839048100952,2.0,-35.32695353541399,0.003597,-98.21227004563244,45.389023006404045
LU,2026-04-01,4480.181666666666,1.0,1.244167687143565,2.0,-33.862660711336645,0.003597,-94.14139758503376,44.31351257997616
LU,2026-05-01,4480.181666666666,1.0,1.2779212231715715,2.0,-32.350440978358165,0.003597,-89.93728378748447,42.95255888005046
LU,2026-06-01,4480.181666666666,1.0,1.3105223889531583,2.1166666666666667,-36.11672813700302,0.003597,-100.40791809008346,52.35453359253313
LU,2026-07-01,4480.181666666666,1.0,1.3455401124393263,2.25,-40.521446064847254,0.003597,-112.6534502775848,62.7684390626481
LU,2026-08-01,4480.181666666666,1.0,1.3826107482869385,2.25,-38.86061423388576,0.003597,-108.03618080034963,62.519640887200495
LV,2015-03-01,66.66666666666666,1.0,0.29058800499592563,0.05,0.16039200333061707,0.003876,0.413808058128527,-1.3430868538153273
LV,2015-04-01,224.0,1.0,0.19471710234445855,0.05,0.3241663092515871,0.003876,0.8363423871299978,-2.971592987005434
LV,2015-05-01,406.2222222222222,1.0,0.3096324883012976,0.05,1.054684863588382,0.003876,2.7210651795365894,-4.933419412544877
LV,2015-06-01,447.1111111111111,1.0,0.35653316846819794,0.05,1.3705438554622538,0.003876,3.5359748592937406,-8.952526078690841
LV,2015-07-01,466.66666666666663,1.0,0.37494415807414083,0.05,1.5164060710126572,0.003876,3.912296364841737,-12.45113951072577
LV,2015-08-01,487.1111111111111,1.0,0.3786444244281782,0.05,1.6008635074368147,0.003876,4.130194807628521,-15.06262819869352
LV,2015-09-01,504.0,1.0,0.3835430705263996,0.05,1.6810570754530538,0.003876,4.337092557928416,-18.27210577205878
LV,2015-10-01,560.0,1.0,0.4031257315854063,0.05,1.9775040968782756,0.003876,5.1019197545879145,-21.12867983722917
LV,2015-11-01,587.5555555555555,1.0,0.41530221766453923,0.05,2.1463534744556485,0.003876,5.537547663714263,-24.43932440201393
LV,2015-12-01,608.0,1.0,0.4185973552654663,0.05,2.241071920014035,0.003876,5.781919298281824,-26.593573429995775
LV,2016-01-01,644.4444444444445,1.0,0.4201548796941634,0.05,2.385442558029053,0.003876,6.15439256457444,-29.3314000183135
LV,2016-02-01,671.1111111111111,1.0,0.415899381616009,0.05,2.4555914055118824,0.003876,6.335375143219511,-31.872688613056514
LV,2016-03-01,710.2222222222222,1.0,0.3981136160875711,0.0241935483870967,2.655663414157147,0.003876,6.851556796071071,-34.78136154773835
LV,2016-04-01,777.7777777777777,1.0,0.3662679167651196,0.0,2.8487504637287078,0.003876,7.349717398680877,-38.698918603610636
LV,2016-05-01,829.3333333333333,1.0,0.3405400249056156,0.0,2.824211939883905,0.003876,7.286408513632366,-42.3133686162817
LV,2016-06-01,909.3333333333333,1.0,0.3228134511934827,0.0,2.935450316186069,0.003876,7.57340122855023,-45.14550167073308
LV,2016-07-01,933.3333333333333,1.0,0.31045027205291703,0.0,2.897535872493892,0.003876,7.475582746372271,-46.83301087377905
LV,2016-08-01,997.3333333333333,1.0,0.2742095894661141,0.0,2.7347836389420443,0.003876,7.05568534298773,-48.12946488605942
LV,2016-09-01,1037.3333333333333,1.0,0.2492237553657571,0.0,2.5852810889941202,0.003876,6.6699718498300316,-49.85407133429677
LV,2016-10-01,1117.3333333333333,1.0,0.22286770725982338,0.0,2.4901751824497595,0.003876,6.4246005739157885,-52.03649842152136
LV,2016-11-01,1152.0,1.0,0.2241214369674927,0.0,2.581878953865516,0.003876,6.66119441141774,-55.10584430907384
LV,2016-12-01,1166.2222222222222,1.0,0.23122558858204278,0.0,2.696604197507912,0.003876,6.957183172105037,-57.33857086100839
LV,2017-01-01,1200.888888888889,1.0,0.24356656795412307,0.0,2.9249638516090695,0.003876,7.546346366380468,-59.903398262698765
LV,2017-02-01,1250.6666666666665,1.0,0.2625796659406299,0.0,3.2839963553641445,0.003876,8.472642815696966,-62.536539013451865
LV,2017-03-01,1308.4444444444443,1.0,0.28136267649451563,0.0,3.681474309332684,0.003876,9.49812773305646,-65.08762913412862
LV,2017-04-01,1346.6666666666665,1.0,0.2942066566629275,0.0,3.9619829763940895,0.003876,10.221834304422316,-66.85032626324445
LV,2017-05-01,1370.6666666666665,1.0,0.3015333122222423,0.0,4.1330165995262,0.003876,10.66309752199742,-68.7108674134093
LV,2017-06-01,1402.6666666666665,1.0,0.3106052581837765,0.0,4.356756421457771,0.003876,11.240341644627891,-69.88025546559693
LV,2017-07-01,1427.5555555555554,1.0,0.3209858573374889,0.0,4.582251438968952,0.003876,11.822114135626812,-71.90332515790428
LV,2017-08-01,1449.7777777777776,1.0,0.3269956003289228,0.0,4.74070954787976,0.003876,12.230932786067493,-73.29958003038546
LV,2017-09-01,1473.7777777777776,1.0,0.32939496141748664,0.0,4.854549742490602,0.003876,12.524638138520645,-74.97113469532529
LV,2017-10-01,1516.4444444444443,1.0,0.33190533310940307,0.0,5.03315998475237,0.003876,12.985448877070098,-76.4481599634047
LV,2017-11-01,1542.2222222222222,1.0,0.3330258182959143,0.0,5.13599817549699,0.003876,13.250769286627941,-77.614297832611
LV,2017-12-01,1548.4444444444443,1.0,0.33232796962094924,0.0,5.145913982930609,0.003876,13.27635186514605,-78.97584284397891
LV,2018-01-01,1596.4444444444443,1.0,0.33220222437994157,0.0,5.303423955434445,0.003876,13.682724343226122,-79.54305941134265
LV,2018-02-01,1638.2222222222222,1.0,0.3372496897831228,0.0,5.524899362402625,0.003876,14.254126321988196,-80.31842639999232
LV,2018-03-01,1585.7777777777776,1.0,0.3372496897831228,0.0,5.348030636205253,0.003876,13.797808658940282,-81.93388293431522
LV,2018-04-01,1611.5555555555554,1.0,0.3435800126047389,0.0,5.536982780910148,0.003876,14.285301292337843,-82.56815872243408
LV,2018-05-01,1646.2222222222222,1.0,0.3533424490569198,0.0,5.816801916919249,0.003876,15.00722888782056,-83.10999953610474
LV,2018-06-01,1702.2222222222222,1.0,0.3706044122899755,0.0,6.308510662536026,0.003876,16.275827302724526,-83.32071054028778
LV,2018-07-01,1738.6666666666665,1.0,0.3868459880608309,0.0,6.72596224575098,0.003876,17.352843771287358,-83.3303566087372
LV,2018-08-01,1768.0,1.0,0.39750840351820466,0.0,7.027948574201859,0.003876,18.13196226574267,-83.71323064357408
LV,2018-09-01,1787.5555555555554,1.0,0.4055948307754735,0.0,7.25023293057313,0.003876,18.70545131726814,-84.36458219089951
LV,2018-10-01,1826.6666666666665,1.0,0.41991507074689693,0.0,7.670448625643316,0.003876,19.789599137366658,-84.92007128867303
LV,2018-11-01,1833.7777777777776,1.0,0.4264625799965161,0.0,7.82037602251389,0.003876,20.17640872681602,-85.75071559811227
LV,2018-12-01,1844.4444444444443,1.0,0.43404243526357134,0.0,8.005671583750315,0.003876,20.65446745033621,-86.65295543030133
LV,2019-01-01,1849.7777777777776,1.0,0.4388128860239116,0.0,8.117063251695644,0.003876,20.941855654529526,-86.96659231571675
LV,2019-02-01,1837.3333333333333,1.0,0.4395207626349627,0.0,8.075461478813049,0.003876,20.834523939146152,-87.09376786232772
LV,2019-03-01,1840.8888888888887,1.0,0.4411480686494992,0.0,8.121045779316557,0.003876,20.95213049359277,-87.17084237265675
LV,2019-04-01,1871.111111111111,1.0,0.4423166127405511,0.0,8.276235287278757,0.003876,21.352516221049424,-86.6351203755375
LV,2019-05-01,1896.0,1.0,0.44214791401963155,0.0,8.383124449812215,0.003876,21.62828805421108,-85.90175439974935
LV,2019-06-01,1922.6666666666665,1.0,0.4383780466484198,0.0,8.428548576893617,0.003876,21.745481364534616,-84.96047935759304
LV,2019-07-01,1952.8888888888887,1.0,0.43059431785490837,0.0,8.40902858957541,0.003876,21.695120200142956,-84.15533617630867
LV,2019-08-01,1976.8888888888887,1.0,0.4198429761826583,0.0,8.299829146935396,0.003876,21.413387891990187,-82.95285300435573
LV,2019-09-01,2005.3333333333333,1.0,0.40763881633719407,0.0,8.174517063615198,0.003876,21.090085303444784,-81.75245556235728
LV,2019-10-01,2048.0,1.0,0.3959171042715911,0.0,8.108382295482185,0.003876,20.919458966672305,-80.57199467799492
LV,2019-11-01,2056.8888888888887,1.0,0.39250521940554595,0.0,8.073396246261629,0.003876,20.829195681789546,-79.73704163630025
LV,2019-12-01,2095.111111111111,1.0,0.38718529406313373,0.0,8.111962116504943,0.003876,20.928694831024103,-78.74515860832979
LV,2020-01-01,2126.222222222222,1.0,0.38172663291973175,0.0,8.116356497279986,0.003876,20.94003224272442,-77.6307028640075
LV,2020-02-01,2145.777777777778,1.0,0.3752028430952065,0.0,8.051019228727364,0.003876,20.771463438409093,-76.54976407412622
LV,2020-03-01,2230.225333333333,1.0,0.3553679688759436,0.0,7.925506468423407,0.003876,20.44764310738753,-71.64493034009323
LV,2020-04-01,2445.3565555555556,1.0,0.3373672701728649,0.0,8.249832657470975,0.003876,21.284397981091267,-74.26258383027627
LV,2020-05-01,2648.044,1.0,0.33342301179659595,0.0,8.829188058499051,0.003876,22.779122957943887,-76.09665909785112
LV,2020-06-01,2851.624,1.0,0.3090765503467208,0.0,8.813701088059172,0.003876,22.739166893857515,-71.93996330993272
LV,2020-07-01,3118.3096666666665,1.0,0.26476657751606536,0.0,8.25624178078596,0.003876,21.30093338696068,-73.0947028715604
LV,2020-08-01,3178.757777777778,1.0,0.2524926154505171,0.0,8.026128651947847,0.003876,20.707246264055332,-72.67246277400125
LV,2020-09-01,3219.648555555555,1.0,0.24296965896351783,0.0,7.8227691152571595,0.003876,20.182582856700616,-71.9672026332946
LV,2020-10-01,3309.4306666666666,1.0,0.22574457244087395,0.0,7.470860108693831,0.003876,19.27466488311102,-70.40241311429045
LV,2020-11-01,3384.989777777778,1.0,0.2103942907770912,0.0,7.121825235832591,0.003876,18.374162115151165,-68.4115486641201
LV,2020-12-01,3291.656111111111,1.0,0.20830492728601518,0.0,6.8566818687556745,0.003876,17.690097700608035,-66.2897456032319
LV,2021-01-01,3028.543111111111,1.0,0.20388475720245738,0.0,6.174737768860638,0.003876,15.93069599809246,-65.59490146655332
LV,2021-02-01,3168.1077777777778,1.0,0.18183042333350805,0.0,5.760583783995128,0.003876,14.86218726520931,-64.93673276475417
LV,2021-03-01,3383.233888888889,1.0,0.15623176679252412,0.0,5.285686079334534,0.003876,13.636960988995185,-64.88380938727691
LV,2021-04-01,3637.476555555555,1.0,0.12844737006410306,0.0,4.672242972309433,0.003876,12.054290434234863,-65.09056251802599
LV,2021-05-01,3751.2603333333327,1.0,0.12250042890463297,0.0,4.595309997662697,0.003876,11.855804947530178,-65.29153242037351
LV,2021-06-01,3835.706777777778,1.0,0.12401109502793406,0.0,4.7567019771829075,0.003876,12.272192923588513,-64.31935566694742
LV,2021-07-01,3913.0446666666667,1.0,0.1233229690548683,0.0,4.825682863376508,0.003876,12.4501621862139,-63.103302491870366
LV,2021-08-01,3948.602777777778,1.0,0.1212513757880545,0.0,4.787735192460892,0.003876,12.352257978485273,-61.033317345451636
LV,2021-09-01,4114.836888888889,1.0,0.11562681452484769,0.0,4.757854817515568,0.003876,12.275167227852343,-60.12617719658902
LV,2021-10-01,4247.2880000000005,1.0,0.11764671689671252,0.0,4.996794889148044,0.003876,12.891627680980505,-59.779971988234124
LV,2021-11-01,4356.625,1.0,0.12229962965724578,0.0,5.328136240554984,0.003876,13.746481528779627,-58.93519896858457
LV,2021-12-01,4412.6251111111105,1.0,0.12604202631040526,0.0,5.561762103526215,0.003876,14.34923143324617,-58.25913597938759
LV,2022-01-01,4524.634333333333,1.0,0.1337835126520445,0.0,6.053214745793749,0.003876,15.617169106795018,-58.913158587968866
LV,2022-02-01,4641.976333333333,1.0,0.15524581706621227,0.0,7.206474086703533,0.003876,18.59255440325989,-60.04408210292559
LV,2022-03-01,4808.209555555555,1.0,0.19892061417083445,0.0,9.564519978531859,0.003876,24.67626413449912,-58.318748366533825
LV,2022-04-01,4929.987777777777,1.0,0.2449833027708155,0.0,12.07764688419753,0.003876,31.160079680592183,-58.58254878881049
LV,2022-05-01,5009.987777777777,1.0,0.2879329378397343,0.0,14.425404993967172,0.003876,37.217247146458135,-58.03119804734759
LV,2022-06-01,5027.765555555556,1.0,0.31635271822227795,0.0,15.905473000843415,0.003876,41.035792055839565,-63.05565097943007
LV,2022-07-01,5027.765555555556,1.0,0.33584093256976494,0.0806451612903225,12.830645087622145,0.003876,33.102799503669104,-57.65933217369306
LV,2022-08-01,5064.21,1.0,0.3673348784666217,0.5,-6.718440351205496,0.003876,-17.33343743861067,-0.694951381139898
LV,2022-09-01,5108.654444444444,1.0,0.41397060004692343,0.925,-26.106726153120626,0.003876,-67.35481463653412,55.252925885334434
LV,2022-10-01,5122.876666666667,1.0,0.45548932984175067,1.25,-40.70180173571393,0.003876,-105.00980839967474,95.1393042850774
LV,2022-11-01,5142.432222222222,1.0,0.4996822854857063,1.975,-75.8672135313355,0.003876,-195.7358450240854,189.134889005238
LV,2022-12-01,5172.654444444444,1.0,0.5466431456472133,2.177419354838709,-84.35441806368654,0.003876,-217.63265754305093,213.39401171696716
LV,2023-01-01,5233.99,1.0,0.6148432412951423,2.5,-98.66891623493638,0.003876,-254.56376737599683,253.87996757448641
LV,2023-02-01,5288.214333333333,1.0,0.6772756058213716,2.875,-116.22037642011739,0.003876,-299.8461723945237,299.4874312444664
LV,2023-03-01,5331.772666666667,1.0,0.7367272727958061,3.161290322580645,-129.27218997452778,0.003876,-333.5195819776258,332.16121109838724
LV,2023-04-01,5041.088444444445,1.0,0.7393880056834504,3.5,-139.1648922414389,0.003876,-359.0425496425152,387.09802121247395
LV,2023-05-01,4999.311111111111,1.0,0.7511534227190403,3.6774193548387095,-146.29313788511774,0.003876,-377.4332762773936,408.3294663134401
LV,2023-06-01,5014.423333333333,1.0,0.7901976339623384,3.8333333333333335,-152.5957065742557,0.003876,-393.69377341139244,425.3418356320979
LV,2023-07-01,5025.980333333333,1.0,0.8273495873533885,4.0,-159.45678578503754,0.003876,-411.39521616366756,435.07177983758845
LV,2023-08-01,5037.537333333333,1.0,0.8644766981042163,4.241935483870968,-170.14074725094676,0.003876,-438.9596162305128,462.98054099217075
LV,2023-09-01,5042.871333333333,1.0,0.8981331744076281,4.341666666666667,-173.65296333486327,0.003876,-448.02106123545735,470.07916712226887
LV,2023-10-01,5057.984333333333,1.0,0.9404553774081122,4.5,-180.0412093487068,0.003876,-464.5026040988307,480.39397530556914
LV,2023-11-01,5031.3173333333325,1.0,0.9558313290985528,4.5,-178.3183726616341,0.003876,-460.0577210052479,476.8453272757099
LV,2023-12-01,5036.651333333333,1.0,0.9842476727586883,4.5,-177.0761864666972,0.003876,-456.8529062608287,474.61762104809736
LV,2024-01-01,5052.653333333333,1.0,1.0157980641960458,4.5,-176.044645249463,0.003876,-454.19155121120485,467.88111465998855
LV,2024-02-01,5066.877333333333,1.0,1.0470668945801467,4.5,-174.9558848536813,0.003876,-451.3825718619229,461.7732478064912
LV,2024-03-01,5081.101333333333,1.0,1.078267733848733,4.5,-173.8616837985089,0.003876,-448.55955572370715,455.4107805108139
LV,2024-04-01,4616.194111111111,1.0,1.0781869903254884,4.5,-157.95753064582868,0.003876,-407.5271688488872,485.35697699156174
LV,2024-05-01,4633.085111111111,1.0,1.109572327051459,4.5,-157.08139971836977,0.003876,-405.26676913924086,480.63785952559294
LV,2024-06-01,4639.308111111111,1.0,1.135616150137882,4.341666666666667,-148.73856165963957,0.003876,-383.74241914251695,449.3898099305485
LV,2024-07-01,4647.309111111111,1.0,1.1616506435905911,4.25,-143.5251410233558,0.003876,-370.29190150504587,429.40431578651976
LV,2024-08-01,4649.976111111111,1.0,1.1825382906899835,4.25,-142.63623670039632,0.003876,-367.9985466986489,425.08859841756856
LV,2024-09-01,4654.421111111111,1.0,1.2032583989803614,3.99,-129.7066893899738,0.003876,-334.6405815014804,385.7812646431344
LV,2024-10-01,4660.644111111111,1.0,1.2242515395730225,3.577419354838709,-109.6727772067422,0.003876,-282.95350156538234,326.17116917574106
LV,2024-11-01,4665.978111111111,1.0,1.2448393219936111,3.4,-100.55932549505191,0.003876,-259.44098424935993,299.0441462639183
LV,2024-12-01,4667.756111111111,1.0,1.2634899546604121,3.287096774193548,-94.45703098361913,0.003876,-243.69719036021448,280.9931058053122
LV,2025-01-01,4604.639888888889,1.0,1.267367112593255,3.0,-79.78150506153828,0.003876,-205.8346363816777,243.62283336894112
LV,2025-02-01,4604.639888888889,1.0,1.286168195869233,2.7857142857142856,-69.04869740527892,0.003876,-178.1442141519064,213.55528263658556
LV,2025-03-01,4604.639888888889,1.0,1.3068913634237471,2.588709677419355,-59.02311738932479,0.003876,-152.27842463706085,185.1214152000359
LV,2025-04-01,4604.639888888889,1.0,1.3269527388294975,2.433333333333333,-50.944842177449644,0.003876,-131.43664132468948,163.00684457319701
LV,2025-05-01,4604.639888888889,1.0,1.3462059310232417,2.25,-41.61646221351577,0.003876,-107.36961355396225,138.67132542820343
LV,2025-06-01,4604.639888888889,1.0,1.3649792836902288,2.083333333333333,-33.07761711331507,0.003876,-85.3395694357974,116.99458988951865
LV,2025-07-01,4604.639888888889,1.0,1.3825494305608892,2.0,-28.43137521456488,0.003876,-73.35236123468752,104.06362169005138
LV,2025-08-01,4604.639888888889,1.0,1.3999435200154504,2.0,-27.630440033231142,0.003876,-71.28596499801637,101.81072715507582
LV,2025-09-01,4175.292555555556,1.0,1.4001804029346183,2.0,-25.04422298303421,0.003876,-64.61357838760117,103.72709372181882
LV,2025-10-01,4175.292555555556,1.0,1.4180888098870033,2.0,-24.29649460073269,0.003876,-62.68445459425359,100.53245410384469
LV,2025-11-01,4175.292555555556,1.0,1.4385312174630767,2.0,-23.442964279032573,0.003876,-60.48236398099219,98.79195486477782
LV,2025-12-01,4175.292555555556,1.0,1.4603519635160318,2.0,-22.531884293516853,0.003876,-58.1317964229021,96.98338464988244
LV,2026-01-01,4175.292555555556,1.0,1.4820381223807424,2.0,-21.626423716852642,0.00383,-56.46585826854476,95.84582412650346
LV,2026-02-01,4175.292555555556,1.0,1.5021375196681244,2.0,-20.787215078201047,0.00383,-54.27471299791396,94.07505021664849
LV,2026-03-01,4175.292555555556,1.0,1.5245940416261863,2.0,-19.84958958864939,0.00383,-51.826604670102846,91.77468838193363
LV,2026-04-01,4175.292555555556,1.0,1.5480132807486469,2.0,-18.87176784100154,0.00383,-49.27354527676642,89.18136488824351
LV,2026-05-01,4175.292555555556,1.0,1.5713719281828726,2.0,-17.896475973601838,0.00383,-46.7270913148873,86.16275135264763
LV,2026-06-01,4175.292555555556,1.0,1.5938751874224069,2.1166666666666667,-21.82807371396435,0.00383,-56.992359566486556,95.77009211613003
LV,2026-07-01,4175.292555555556,1.0,1.6166945619994089,2.25,-26.442354806767188,0.00383,-69.04009087928769,106.3817984609452
LV,2026-08-01,4175.292555555556,1.0,1.640501204126797,2.25,-25.448357850294595,0.00383,-66.44479856473785,104.11102312281227
MT,2015-03-01,4.444444444444445,1.0,1.328309675751548,0.05,0.05681376336673547,0.001288,0.441100647257263,-1.3157942646865914
MT,2015-04-01,51.55555555555555,1.0,1.0766240794483628,0.05,0.5292817476267114,0.001288,4.1093303387167035,0.3013949645812719
MT,2015-05-01,127.1111111111111,1.0,1.3686730858938025,0.05,1.676180011402789,0.001288,13.013819964307368,5.359335372225901
MT,2015-06-01,185.77777777777777,1.0,1.551932054264214,0.05,2.790255994144184,0.001288,21.663478215405156,9.174977277420576
MT,2015-07-01,207.1111111111111,1.0,1.5869643074199138,0.05,3.1832238544785763,0.001288,24.714470919864723,8.351035044297216
MT,2015-08-01,216.88888888888889,1.0,1.5883370555824494,0.05,3.3364821472188235,0.001288,25.904364497040557,6.711541490718517
MT,2015-09-01,232.88888888888889,1.0,1.5899934715614505,0.05,3.5864736848808887,0.001288,27.84529258447895,5.236094254491757
MT,2015-10-01,242.66666666666666,1.0,1.5775117739306215,0.05,3.706761904738308,0.001288,28.779207334924752,2.5486077431076666
MT,2015-11-01,244.44444444444443,1.0,1.5720712501425993,0.05,3.720618611459687,0.001288,28.886790461643532,-1.0900816040846628
MT,2015-12-01,250.66666666666666,1.0,1.560944126257612,0.05,3.7874332764857472,0.001288,29.405537860914187,-2.9699548673634126
MT,2016-01-01,304.0,1.0,1.4937497060697442,0.05,4.388999106452022,0.001288,34.07608001903744,-1.4097125638504977
MT,2016-02-01,322.66666666666663,1.0,1.468023461922415,0.05,4.575489037136325,0.001288,35.523983207580166,-2.68408054869586
MT,2016-03-01,376.0,1.0,1.4068827958446963,0.0241935483870967,5.198911570440575,0.001288,40.364220267395766,-1.2686980764136564
MT,2016-04-01,429.3333333333333,1.0,1.3547921718410545,0.0,5.81657439110426,0.001288,45.159739061368484,-0.8888969409230256
MT,2016-05-01,488.0,1.0,1.3176860278124094,0.0,6.430307815724558,0.001288,49.92475012208508,0.3249729921710127
MT,2016-06-01,520.8888888888889,1.0,1.2956086839191296,0.0,6.748681678014311,0.001288,52.396596878993094,-0.3223060202902204
MT,2016-07-01,531.5555555555555,1.0,1.2822871108551837,0.0,6.816068375923554,0.001288,52.91978552735679,-1.3888080927945339
MT,2016-08-01,541.3333333333333,1.0,1.2661579265022076,0.0,6.854134908798616,0.001288,53.2153331428464,-1.9698170862007487
MT,2016-09-01,547.5555555555555,1.0,1.2545047118199528,0.0,6.869110244276364,0.001288,53.331601275437606,-3.1924419086891973
MT,2016-10-01,580.4444444444445,1.0,1.217001010878992,0.0,7.064014756479838,0.001288,54.84483506583725,-3.6162639295998957
MT,2016-11-01,668.4444444444445,1.0,1.179892821622569,0.0,7.886928016534862,0.001288,61.23391317185452,-0.5331255486370594
MT,2016-12-01,717.3333333333333,1.0,1.1619865701838552,0.0,8.33531699678552,0.001288,64.71519407442175,0.41944004130832013
MT,2017-01-01,743.1111111111111,1.0,1.1674915869201035,0.0,8.675759703690723,0.001288,67.35838279262984,-0.09136183644939422
MT,2017-02-01,786.6666666666666,1.0,1.184137271955544,0.0,9.31521320605028,0.001288,72.3230838979059,1.3139020687570735
MT,2017-03-01,813.3333333333333,1.0,1.203057382079286,0.0,9.784866707578193,0.001288,75.96946201535864,1.3837051481735614
MT,2017-04-01,824.0,1.0,1.2096224779343296,0.0,9.967289218178877,0.001288,77.38578585542606,0.31362528775929377
MT,2017-05-01,835.5555555555555,1.0,1.2151104915382807,0.0,10.152923218186523,0.001288,78.82704361946058,-0.5469213159461361
MT,2017-06-01,849.7777777777777,1.0,1.2179619481248656,0.0,10.349969976954412,0.001288,80.35690975896283,-0.7636873512619928
MT,2017-07-01,859.5555555555555,1.0,1.2221657415871694,0.0,10.50519352990927,0.001288,81.56206156761856,-2.1633777259125253
MT,2017-08-01,883.5555555555555,1.0,1.2251019315201335,0.0,10.824456177164556,0.001288,84.04080882891736,-1.4897039875355915
MT,2017-09-01,902.2222222222222,1.0,1.228026186764052,0.0,11.079525151693447,0.001288,86.0211580100423,-1.474614823803634
MT,2017-10-01,915.5555555555555,1.0,1.2297285620667422,0.0,11.258848168255506,0.001288,87.4134174553999,-2.0201913850749094
MT,2017-11-01,894.2222222222222,1.0,1.2297285620667424,0.0,10.9965060750146,0.001288,85.3765999612935,-5.4884671579454505
MT,2017-12-01,912.8888888888888,1.0,1.2285680189479693,0.0,11.21546093741835,0.001288,87.07656007312383,-5.175634636001135
MT,2018-01-01,919.1111111111111,1.0,1.2308707531536718,0.0,11.313069855652413,0.001288,87.83439328922681,-5.391390465341971
MT,2018-02-01,923.5555555555555,1.0,1.2337335516036458,0.0,11.394214756588337,0.001288,88.46440028407093,-6.108152437909581
MT,2018-03-01,951.1111111111111,1.0,1.2364934151399858,0.0,11.760426259553642,0.001288,91.30765729467113,-4.424034298584374
MT,2018-04-01,954.6666666666666,1.0,1.2373233210612116,0.0,11.812313305064364,0.001288,91.71050702689725,-5.142952987874679
MT,2018-05-01,969.7777777777777,1.0,1.2406520698833834,0.0,12.031568073269078,0.001288,93.4127955999152,-4.704432824010098
MT,2018-06-01,984.8888888888888,1.0,1.2448774751032978,0.0,12.260659932572924,0.001288,95.19145910382706,-4.405078739185242
MT,2018-07-01,975.1111111111111,1.0,1.2448774751032978,0.0,12.138938579451713,0.001288,94.24641754232697,-6.436782837697592
MT,2018-08-01,982.2222222222222,1.0,1.2489092528686891,0.0,12.26706421706579,0.001288,95.24118180951702,-6.6040110997997346
MT,2018-09-01,984.0,1.0,1.25197494146595,0.0,12.319433424024949,0.001288,95.64777503124961,-7.422258476918046
MT,2018-10-01,1008.0,1.0,1.2633164071677896,0.0,12.734229384251318,0.001288,98.86824056095743,-5.841429865082247
MT,2018-11-01,1024.0,1.0,1.2707540722458177,0.0,13.012521699797173,0.001288,101.02889518476066,-4.898229140167629
MT,2018-12-01,1025.7777777777778,1.0,1.272264740145434,0.0,13.05060897891405,0.001288,101.3246038735563,-5.982819007081247
MT,2019-01-01,1028.4444444444443,1.0,1.2723495246018692,0.0,13.085407999683223,0.001288,101.59478260623621,-6.313665364010063
MT,2019-02-01,1029.3333333333333,1.0,1.2716507595788498,0.0,13.089525151931625,0.001288,101.6267480740033,-6.301543727470573
MT,2019-03-01,1035.5555555555554,1.0,1.2685339277017176,0.0,13.136373562422229,0.001288,101.99047796911668,-6.132494897132844
MT,2019-04-01,1036.4444444444443,1.0,1.2662394392021523,0.0,13.123868320975197,0.001288,101.89338758521116,-6.094249011375766
MT,2019-05-01,1036.4444444444443,1.0,1.2637365806656669,0.0,13.09792758272149,0.001288,101.69198433789977,-5.838058116060665
MT,2019-06-01,1051.5555555555554,1.0,1.2514369537459835,0.0,13.159554811391097,0.001288,102.17045661017933,-4.5355041119483275
MT,2019-07-01,1043.5555555555554,1.0,1.2508741069422247,0.0,13.053566236001524,0.001288,101.34756394411122,-4.502892432340403
MT,2019-08-01,1051.5555555555554,1.0,1.2345192525675213,0.0,12.981655784776688,0.001288,100.78925298739665,-3.5769879089492633
MT,2019-09-01,1014.2222222222222,1.0,1.2345192525675213,0.0,12.520768597151482,0.001288,97.2109363132879,-5.631604552514162
MT,2019-10-01,1021.3333333333333,1.0,1.2203859470528857,0.0,12.464208472566805,0.001288,96.77180491123296,-4.719648733434269
MT,2019-11-01,1023.1111111111111,1.0,1.212331095186315,0.0,12.40349413830621,0.001288,96.30042032846436,-4.265816989625435
MT,2019-12-01,1024.888888888889,1.0,1.2045170737442603,0.0,12.344961653574508,0.001288,95.84597557123065,-3.827877868123238
MT,2020-01-01,1024.888888888889,1.0,1.1979064142426208,0.0,12.277209738859927,0.001288,95.31995138866404,-3.2507837180678933
MT,2020-02-01,1039.111111111111,1.0,1.1775318972588804,0.0,12.235864781294499,0.001288,94.99895016532996,-2.3222773472053433
MT,2020-03-01,1065.7793333333332,1.0,1.149116813141825,0.0,12.247049510324187,0.001288,95.085788123635,2.9932146761542384
MT,2020-04-01,1111.1195555555555,1.0,1.112928206020189,0.0,12.365962936383943,0.001288,96.0090290091921,0.4620471978245604
MT,2020-05-01,1173.347,1.0,1.0809958517448055,0.0,12.683832396572122,0.001288,98.47695960071523,-0.39882245507976677
MT,2020-06-01,1166.235888888889,1.0,1.0802219066639716,0.0,12.597935555155072,0.001288,97.81005865803627,3.130928454246032
MT,2020-07-01,1166.235888888889,1.0,1.0765197318445328,0.0,12.55475946374137,0.001288,97.47484055699822,3.079204298477137
MT,2020-08-01,1168.9026666666666,1.0,1.070488590833976,0.0,12.512969684620769,0.001288,97.15038575016125,3.770676712104674
MT,2020-09-01,1280.0263333333332,1.0,1.0074412791788248,0.0,12.895513666359141,0.001288,100.12044772017967,7.970662230184445
MT,2020-10-01,1280.9153333333334,1.0,1.0014687826094664,0.0,12.827967194991322,0.001288,99.59601859465312,9.918940597251648
MT,2020-11-01,1310.2511111111112,1.0,0.9800599063333153,0.0,12.841245812286779,0.001288,99.69911344943152,12.913402670160252
MT,2020-12-01,1311.140111111111,1.0,0.9730827586753696,0.0,12.758478363299307,0.001288,99.05650903182692,15.076665727986978
MT,2021-01-01,1314.6961111111111,1.0,0.9649284065781086,0.0,12.685876236288804,0.001288,98.49282792149693,16.96723045685114
MT,2021-02-01,1328.9193333333333,1.0,0.9526060720533704,0.0,12.659366262024502,0.001288,98.28700513994178,18.4880851099783
MT,2021-03-01,1345.809888888889,1.0,0.9386758862767808,0.0,12.632792902128337,0.001288,98.08069023391566,19.559919857643564
MT,2021-04-01,1349.3654444444444,1.0,0.9321464095906653,0.0,12.578061542646012,0.001288,97.65575731868022,20.510904366419368
MT,2021-05-01,1388.4782222222223,1.0,0.9146036162200096,0.0,12.699072030871745,0.001288,98.59527974279305,21.447942374889365
MT,2021-06-01,1390.2562222222223,1.0,0.9096439220082662,0.0,12.646381225786179,0.001288,98.18618964119705,21.59464105066111
MT,2021-07-01,1437.3690000000001,1.0,0.890513812730789,0.0,12.799969484910417,0.001288,99.37864506918025,23.825180391095984
MT,2021-08-01,1407.1513333333332,1.0,0.8726066854907335,0.0,12.278896609638661,0.001288,95.33304821148029,21.947472887543384
MT,2021-09-01,1435.598,1.0,0.8641082827587746,0.0,12.405121225119313,0.001288,96.31305299005678,23.911708565615413
MT,2021-10-01,1498.7132222222222,1.0,0.8559760815234179,0.0,12.82862671285113,0.001288,99.60113907493114,26.92953940571651
MT,2021-11-01,1588.4975555555554,1.0,0.8437697686935137,0.0,13.40326215021323,0.001288,104.06259433395365,31.380913836589457
MT,2021-12-01,1676.5027777777777,1.0,0.8306194575487392,0.0,13.925358278567323,0.001288,108.11613570316244,35.50776829052869
MT,2022-01-01,1692.5047777777777,1.0,0.8305908313532483,0.0,14.057789504437892,0.001288,109.14432845060476,34.61400075584088
MT,2022-02-01,1736.0644444444442,1.0,0.8434636362592741,0.0,14.643072290915475,0.001288,113.68844946362947,35.051812957443985
MT,2022-03-01,1787.623222222222,1.0,0.8593649890538352,0.0,15.362208107973814,0.001288,119.27180208054203,36.276789579509085
MT,2022-04-01,1795.6233333333332,1.0,0.8697255329755779,0.0,15.61699460606717,0.001288,121.24995812163952,31.507329652236848
MT,2022-05-01,1786.7342222222223,1.0,0.8725461785436686,0.0,15.590081176731939,0.001288,121.04100292493742,25.792557731131694
MT,2022-06-01,1797.4009999999998,1.0,0.8958437003335489,0.0,16.10190362823221,0.001288,125.01477972229978,20.923336687030144
MT,2022-07-01,1795.6224444444442,1.0,0.9096354438336113,0.0806451612903225,14.885535575610707,0.001288,115.5709283820707,24.80879670470854
MT,2022-08-01,1789.4003333333333,1.0,0.9166076828728277,0.5,7.4547792660186545,0.001288,57.87872100946161,74.51720706693237
MT,2022-09-01,1795.6226666666666,1.0,0.942942954455877,0.925,0.32218775727940235,0.001288,2.501457742852503,125.10919826472106
MT,2022-10-01,1801.845,1.0,0.9746224117161547,1.25,-4.9618773056130525,0.001288,-38.523892124324945,161.62522056042718
MT,2022-11-01,1810.734,1.0,1.0055201502027773,1.975,-17.554701263427244,0.001288,-136.29426446760283,248.57646956172056
MT,2022-12-01,1813.4007777777776,1.0,1.0292184804296878,2.177419354838709,-20.821483586984435,0.001288,-161.6574812654071,269.36918799461097
MT,2023-01-01,1823.1785555555555,1.0,1.0622442206027787,2.5,-26.212855051230775,0.001288,-203.51595536669856,304.9277795837847
MT,2023-02-01,1825.8452222222222,1.0,1.085880874780795,2.875,-32.666546067678865,0.001288,-253.62225207825207,345.711351560738
MT,2023-03-01,1827.623,1.0,1.1079808081685083,3.161290322580645,-37.52675694658453,0.001288,-291.35680859149477,374.3239844845183
MT,2023-04-01,1828.511888888889,1.0,1.129023880395086,3.5,-43.3535802296923,0.001288,-336.59611979574765,409.5444510592415
MT,2023-05-01,1827.623,1.0,1.1479606666346749,3.6774193548387095,-46.228968761115226,0.001288,-358.9205649154909,426.8421776753428
MT,2023-06-01,1828.511888888889,1.0,1.1696282897284636,3.8333333333333335,-48.70616340724801,0.001288,-378.15344260285724,440.8821664406331
MT,2023-07-01,1816.955888888889,1.0,1.1742084992390711,4.0,-51.343385080797404,0.001288,-398.62876615525937,447.83822984599664
MT,2023-08-01,1816.955888888889,1.0,1.1955146837821777,4.241935483870968,-55.35212212754928,0.001288,-429.75250099028943,472.1876562323941
MT,2023-09-01,1816.955888888889,1.0,1.2179515466669026,4.341666666666667,-56.75652582494834,0.001288,-440.65625640487843,477.4439719528478
MT,2023-10-01,1816.955888888889,1.0,1.2424517689273193,4.5,-59.1882144178709,0.001288,-459.53582622570576,485.3607531786941
MT,2023-11-01,1803.6225555555554,1.0,1.2489774947538617,4.5,-58.63617519080663,0.001288,-455.2498073820391,481.65324089891874
MT,2023-12-01,1803.6225555555554,1.0,1.2662055803886914,4.5,-58.32544555240643,0.001288,-452.8373101894909,478.6332171194352
MT,2024-01-01,1804.5115555555553,1.0,1.2850170130896235,4.5,-58.01473950794289,0.001288,-450.4249961796808,471.6476696915126
MT,2024-02-01,1805.4005555555555,1.0,1.3047000427195903,4.5,-57.68796318040695,0.001288,-447.8879128913583,465.26790677705577
MT,2024-03-01,1807.1785555555555,1.0,1.3246476500495774,4.5,-57.38428673163344,0.001288,-445.53017648783725,458.4401597466838
MT,2024-04-01,1807.1785555555555,1.0,1.34311649465467,4.5,-57.05052173247132,0.001288,-442.9388333266407,449.94531251380823
MT,2024-05-01,1808.0675555555554,1.0,1.3631759908848187,4.5,-56.71589718368863,0.001288,-440.3408166435453,445.5638120212885
MT,2024-06-01,1808.9565555555555,1.0,1.3833692780972762,4.341666666666667,-53.5143145433548,0.001288,-415.48380856641927,417.6484205066462
MT,2024-07-01,1797.4012222222223,1.0,1.3911594897540793,4.25,-51.3848342725442,0.001288,-398.9505766501879,400.74564064137775
MT,2024-08-01,1798.2902222222222,1.0,1.4095235740617968,4.25,-51.08000983217394,0.001288,-396.58392726843124,396.50321784778623
MT,2024-09-01,1799.179222222222,1.0,1.426476869649343,3.99,-46.12237551812972,0.001288,-358.0929776252308,362.32886851938406
MT,2024-10-01,1758.2873333333332,1.0,1.428356322208217,3.577419354838709,-37.78670308809114,0.001288,-293.37502397586286,315.74964676526054
MT,2024-11-01,1752.954,1.0,1.4387625719140815,3.4,-34.379589945129226,0.001288,-266.9222821826803,291.56284833059794
MT,2024-12-01,1752.954,1.0,1.4530049099250604,3.287096774193548,-32.150786698369025,0.001288,-249.61790914882783,275.0723870166988
MT,2025-01-01,1752.954,1.0,1.4696860908002463,3.0,-26.82569888387345,0.001288,-208.27405965740257,241.18341009321625
MT,2025-02-01,1752.954,1.0,1.4854955549648705,2.7857142857142856,-22.7922362494211,0.001288,-176.95835597376632,214.74114081472564
MT,2025-03-01,1752.954,1.0,1.503558840612729,2.588709677419355,-19.022194999835225,0.001288,-147.68784937760267,189.71199045949407
MT,2025-04-01,1752.954,1.0,1.519933808390379,2.433333333333333,-16.011473508468512,0.001288,-124.31268251916546,170.13080337872103
MT,2025-05-01,1752.954,1.0,1.5367770182438647,2.25,-12.502470787613442,0.001288,-97.06887257463852,148.97206640752717
MT,2025-06-01,1752.954,1.0,1.5530376889617055,2.083333333333333,-9.29583870983822,0.001288,-72.17266079066941,130.16149853464663
MT,2025-07-01,1720.9514444444444,1.0,1.554645917063783,2.0,-7.664327523183136,0.001288,-59.50564847191876,117.91033445282014
MT,2025-08-01,1720.9514444444444,1.0,1.5721984056879856,2.0,-7.3622577166689736,0.001288,-57.16038599898271,115.93630615410947
MT,2025-09-01,1720.9514444444444,1.0,1.5897730723751329,2.0,-7.059806236460216,0.001288,-54.81216022096441,113.52851188845557
MT,2025-10-01,1720.9514444444444,1.0,1.6062787915000245,2.0,-6.775750824764451,0.001288,-52.6067610618358,110.61014763626248
MT,2025-11-01,1679.1725555555554,1.0,1.6058022314237685,2.0,-6.61926074454448,0.001288,-51.391775966960246,107.88254287880977
MT,2025-12-01,1679.1725555555554,1.0,1.624743001427877,2.0,-6.301212532824592,0.001288,-48.92245755298596,106.19272351979858
MT,2026-01-01,1679.1725555555554,1.0,1.6431142933927507,2.0,-5.99272684004945,0.001273,-47.0756232525487,105.23605914249953
MT,2026-02-01,1679.1725555555554,1.0,1.660419370637566,2.0,-5.70214473223682,0.001273,-44.79296726030495,103.5567959542575
MT,2026-03-01,1679.1725555555554,1.0,1.680133687707384,2.0,-5.371107330485233,0.001273,-42.19251634316758,101.4087767088689
MT,2026-04-01,1679.1725555555554,1.0,1.7006632899512781,2.0,-5.026379883841046,0.001273,-39.4845238322156,98.97038633279432
MT,2026-05-01,1679.1725555555554,1.0,1.721503272414154,2.0,-4.676440617741846,0.001273,-36.73559008438213,96.15425258315281
MT,2026-06-01,1679.1725555555554,1.0,1.7419490009837795,2.1166666666666667,-6.292156202965461,0.001273,-49.42777849933591,103.33467318328067
MT,2026-07-01,1655.171,1.0,1.742917384742311,2.25,-8.393084393786845,0.001273,-65.93153490798778,109.49035443224511
MT,2026-08-01,1655.171,1.0,1.7633823950979985,2.25,-8.054353477232507,0.001273,-63.27064789656329,107.28517379098683
NL,2015-03-01,2210.6666666666665,1.0,0.07836834489713623,0.05,0.6271295445260249,0.059077,0.10615460238773547,-1.6507403095561188
NL,2015-04-01,4456.888888888889,1.0,0.10023984271479894,0.05,2.2391339677511275,0.059077,0.37901957915112944,-3.4289157949843023
NL,2015-05-01,6827.555555555555,1.0,0.21728125786570443,0.05,11.421220814813115,0.059077,1.9332770477196057,-5.721207544361861
NL,2015-06-01,9194.666666666666,1.0,0.3281768852794591,0.05,25.577437345161997,0.059077,4.329508496565837,-8.158992441418743
NL,2015-07-01,11556.444444444443,1.0,0.36997232820200215,0.05,36.97742434625982,0.059077,6.259191283623038,-10.104244591944468
NL,2015-08-01,13523.555555555555,1.0,0.3769086737365659,0.05,44.20967610869434,0.059077,7.483398972306369,-11.709424034015672
NL,2015-09-01,15837.333333333332,1.0,0.38272982509215003,0.05,52.69553149926077,0.059077,8.919804915493469,-13.689393414493725
NL,2015-10-01,18256.0,1.0,0.36951542908129636,0.05,58.330736733081466,0.059077,9.873679559402383,-16.356920032414703
NL,2015-11-01,20818.666666666664,1.0,0.35190571425175127,0.05,62.85274429769125,0.059077,10.639122551532957,-19.337749514195238
NL,2015-12-01,22766.222222222223,1.0,0.343268828554842,0.05,66.76623321730322,0.059077,11.301561219646093,-21.073931508631507
NL,2016-01-01,25290.666666666664,1.0,0.3230407874150154,0.05,69.05383540917349,0.059077,11.688785044801444,-23.797007538086497
NL,2016-02-01,27774.22222222222,1.0,0.2881466703619183,0.05,66.14338544114221,0.059077,11.196131394813923,-27.0119323614621
NL,2016-03-01,30226.666666666664,1.0,0.25612925613827414,0.0241935483870967,70.10643326292256,0.059077,11.866958928673183,-29.765959415136237
NL,2016-04-01,33981.33333333333,1.0,0.23390291722836287,0.0,79.48332997976074,0.059077,13.454191983303271,-32.59444401898824
NL,2016-05-01,37852.444444444445,1.0,0.21864557950732108,0.0,82.76269651324232,0.059077,14.009292366444186,-35.59048476346988
NL,2016-06-01,41213.33333333333,1.0,0.20072905409886058,0.0,82.7271341626104,0.059077,14.003272705555528,-38.71563019372779
NL,2016-07-01,44621.33333333333,1.0,0.17144756011095466,0.0,76.50218728897612,0.059077,12.94957213280568,-41.35902148734564
NL,2016-08-01,47212.444444444445,1.0,0.14980693098352632,0.0,70.7275140645246,0.059077,11.972089656638724,-43.21306057240842
NL,2016-09-01,50627.555555555555,1.0,0.12784799642946315,0.0,64.72631541899113,0.059077,10.956263083601256,-45.567780100525546
NL,2016-10-01,54179.555555555555,1.0,0.11533010382502196,0.0,62.48533767415767,0.059077,10.576931407173294,-47.88416758826385
NL,2016-11-01,57584.88888888888,1.0,0.11839477519904947,0.0,68.17749974862241,0.059077,11.54044717040852,-50.22659155008306
NL,2016-12-01,60288.0,1.0,0.12090335101444365,0.0,72.89021225958778,0.059077,12.338170905697273,-51.95758312741615
NL,2017-01-01,63862.22222222222,1.0,0.12611975697107822,0.0,80.54287946299657,0.059077,13.633542573759089,-53.81620205532015
NL,2017-02-01,67262.22222222222,1.0,0.12951003313840292,0.0,87.11132628962622,0.059077,14.745387594093508,-56.26379423505532
NL,2017-03-01,70701.33333333333,1.0,0.1322360658512329,0.0,93.49266170436634,0.059077,15.825560151051397,-58.760196716133684
NL,2017-04-01,73347.55555555555,1.0,0.13563880050816998,0.0,99.48774455761914,0.059077,16.840351500180972,-60.2318090674858
NL,2017-05-01,75696.0,1.0,0.1415321487299808,0.0,107.13417530264626,0.059077,18.134667519110018,-61.2392974162967
NL,2017-06-01,78051.55555555555,1.0,0.1435179088187184,0.0,112.01796033381355,0.059077,18.961348804748642,-62.15924830547618
NL,2017-07-01,80449.77777777777,1.0,0.15266443336597002,0.0,122.8181973886265,0.059077,20.78951155079413,-62.93592774273695
NL,2017-08-01,82382.22222222222,1.0,0.15495901628799877,0.0,127.65868115174868,0.059077,21.60886320425016,-63.9216496122028
NL,2017-09-01,84692.44444444444,1.0,0.15648833387895844,0.0,132.5337952324736,0.059077,22.43407675279273,-65.0616960810532
NL,2017-10-01,86980.44444444444,1.0,0.15795746282998113,0.0,137.3921032026857,0.059077,23.256445520707835,-66.17716331976698
NL,2017-11-01,89257.77777777777,1.0,0.15659959220617983,0.0,139.77731601229817,0.059077,23.66019195495678,-67.20487516428216
NL,2017-12-01,91362.66666666666,1.0,0.15554311569890467,0.0,142.10833831893794,0.059077,24.054765529552608,-68.19742917957235
NL,2018-01-01,92300.44444444444,1.0,0.1586392106753662,0.0,146.42469651652155,0.059077,24.78539812727822,-68.44038562729057
NL,2018-02-01,93298.66666666666,1.0,0.1649432324669911,0.0,153.88983664860314,0.059077,26.049026973035723,-68.52352574894479
NL,2018-03-01,94243.55555555555,1.0,0.16814940532003533,0.0,158.46997821912376,0.059077,26.824310343978834,-68.90738124927667
NL,2018-04-01,95390.22222222222,1.0,0.17357527146381757,0.0,165.57383717216103,0.059077,28.026784903119832,-68.8266751116521
NL,2018-05-01,96433.77777777777,1.0,0.17786172359299168,0.0,171.51877928139092,0.059077,29.03308889777594,-69.08413952614936
NL,2018-06-01,97574.22222222222,1.0,0.17957826016197237,0.0,175.22209063324328,0.059077,29.659950680170503,-69.93658716284179
NL,2018-07-01,98215.11111111111,1.0,0.17991530643001388,0.0,176.70401811613416,0.059077,29.91079745351561,-70.77240292650895
NL,2018-08-01,99343.11111111111,1.0,0.18024524614365542,0.0,179.06123514898732,0.059077,30.30980502547308,-71.53538788384367
NL,2018-09-01,101011.55555555555,1.0,0.1827161463126599,0.0,184.56442164158258,0.059077,31.241332776136666,-71.828700732031
NL,2018-10-01,101456.88888888889,1.0,0.1844827042133816,0.0,187.1704122329881,0.059077,31.682450400830795,-73.02722002520889
NL,2018-11-01,101819.55555555555,1.0,0.1850164511762265,0.0,188.38292829229525,0.059077,31.887693737375837,-74.03943058755245
NL,2018-12-01,102384.88888888888,1.0,0.18392799643207405,0.0,188.31447478253853,0.059077,31.876106569822184,-75.43131631081536
NL,2019-01-01,99850.66666666666,1.0,0.18392799643207405,0.0,183.65333062406881,0.059077,31.087111841168106,-76.82133612907816
NL,2019-02-01,100154.66666666666,1.0,0.18106722942233483,0.0,181.34728007050802,0.059077,30.696765250521864,-77.23152655095201
NL,2019-03-01,100387.55555555555,1.0,0.1773337548537421,0.0,178.02102167255305,0.059077,30.13372745274016,-77.98924541350937
NL,2019-04-01,101320.88888888889,1.0,0.17269367615371592,0.0,174.97476773384412,0.059077,29.618086181397857,-78.36955041518907
NL,2019-05-01,101915.55555555555,1.0,0.16725290812843868,0.0,170.4567305019212,0.059077,28.85331524991472,-78.67672720404572
NL,2019-06-01,101832.88888888889,1.0,0.16203719031194608,0.0,165.00715196904147,0.059077,27.930861751450053,-78.7750989706776
NL,2019-07-01,99145.77777777777,1.0,0.16203719031194608,0.0,160.65303262403688,0.059077,27.19383730115559,-78.65661907529602
NL,2019-08-01,99112.0,1.0,0.1531947381873096,0.0,151.8343689122063,0.059077,25.70109668944027,-78.66514420690564
NL,2019-09-01,99586.66666666666,1.0,0.1414738848910158,0.0,140.8891261667996,0.059077,23.8483887412698,-78.99415212453226
NL,2019-10-01,101002.66666666666,1.0,0.12621223173275617,0.0,127.47771970959658,0.059077,21.57823175002058,-79.91322189464665
NL,2019-11-01,101470.22222222222,1.0,0.11856757044697872,0.0,120.31077721603918,0.059077,20.365079001310015,-80.20115831677978
NL,2019-12-01,102010.66666666666,1.0,0.1114106016813949,0.0,113.65069751253546,0.059077,19.237723227742684,-80.43613021161121
NL,2020-01-01,98571.55555555555,1.0,0.1114106016813949,0.0,109.81916313115488,0.059077,18.58915705454828,-79.98157805218365
NL,2020-02-01,98694.22222222222,1.0,0.10427004371583724,0.0,102.90850865611667,0.059077,17.41938633581879,-79.90184117671652
NL,2020-03-01,99973.41244444443,1.0,0.09180792498480889,0.0,91.78351550174914,0.059077,15.5362519257493,-76.55632152173146
NL,2020-04-01,104736.50977777777,1.0,0.06278332940502286,0.0,65.7570679411062,0.059077,11.13073919479767,-84.41624261656987
NL,2020-05-01,110786.04322222222,1.0,0.022931428295555084,0.0,25.40482206298655,0.059077,4.300289801951106,-94.57549225384389
NL,2020-06-01,116808.91022222221,1.0,-0.012247374962775288,0.0,-14.306025224847108,0.059077,-2.421589658386023,-97.10071986217626
NL,2020-07-01,118396.96388888889,1.0,-0.03486466064007053,0.0,-41.27869966800797,0.059077,-6.987270793711252,-101.38290705223233
NL,2020-08-01,121536.871,1.0,-0.05603126347445961,0.0,-68.0986444086241,0.059077,-11.527099278674289,-104.90680831673086
NL,2020-09-01,126125.755,1.0,-0.08349828136066777,0.0,-105.31283777816651,0.059077,-17.826368599990946,-109.97615408998617
NL,2020-10-01,131248.86111111112,1.0,-0.11438032883298087,0.0,-150.12287892843125,0.059077,-25.411391730865013,-115.08846972826649
NL,2020-11-01,136103.52277777778,1.0,-0.14227520757465925,0.0,-193.64156954850696,0.059077,-32.777827165987944,-119.56353794525921
NL,2020-12-01,140030.98555555556,1.0,-0.16442621739287108,0.0,-230.24765272695768,0.059077,-38.9741613025302,-122.95400460637015
NL,2021-01-01,143127.32844444443,1.0,-0.18189894571008056,0.0,-260.34710146344867,0.059077,-44.069113438977716,-125.59471090362351
NL,2021-02-01,146473.4578888889,1.0,-0.19660056044065055,0.0,-287.9676391063559,0.059077,-48.744458775218085,-128.54337880518156
NL,2021-03-01,150916.5581111111,1.0,-0.21256128401124888,0.0,-320.7901737065603,0.059077,-54.30034932487437,-132.82111970114647
NL,2021-04-01,156440.62433333334,1.0,-0.22846709678258548,0.0,-357.4153526029176,0.059077,-60.49991580529099,-137.64476875755184
NL,2021-05-01,161321.116,1.0,-0.23787368467023662,0.0,-383.74048278034667,0.059077,-64.95598672585722,-142.1033240937609
NL,2021-06-01,166243.35933333333,1.0,-0.24709460221079851,0.0,-410.7783674465684,0.059077,-69.53270603560918,-146.1242546261451
NL,2021-07-01,167329.21622222223,1.0,-0.25851517087130405,0.0,-432.57140923449157,0.059077,-73.22162757663584,-148.7750922547201
NL,2021-08-01,171081.61,1.0,-0.270987618483974,0.0,-463.6099806030403,0.059077,-78.47554557662716,-151.86112090056406
NL,2021-09-01,175786.9281111111,1.0,-0.2799614302058163,0.0,-492.1355980547368,0.059077,-83.30409432685086,-155.7054387512922
NL,2021-10-01,180031.76811111113,1.0,-0.2823068246159007,0.0,-508.2419678543395,0.059077,-86.03042941488896,-158.70202908410357
NL,2021-11-01,184357.49944444443,1.0,-0.2867658106452575,0.0,-528.6742777671873,0.059077,-89.48901903738972,-162.1706995347539
NL,2021-12-01,187793.36577777777,1.0,-0.29130299555810313,0.0,-547.0476999700523,0.059077,-92.59909947526995,-165.2074668879037
NL,2022-01-01,184435.09933333332,1.0,-0.2930131327537424,0.0,-540.4190624540767,0.059077,-91.47706594005732,-166.0073936348212
NL,2022-02-01,185140.8801111111,1.0,-0.28664553557114025,0.0,-530.6980673556171,0.059077,-89.83158714146235,-168.46822364764785
NL,2022-03-01,187284.13033333333,1.0,-0.27496363457860645,0.0,-514.9632517534677,0.059077,-87.16814526016347,-170.16315776119643
NL,2022-04-01,190768.60944444445,1.0,-0.24448363317234312,0.0,-466.3980273221355,0.059077,-78.94747995364278,-168.69010842304544
NL,2022-05-01,193246.90288888887,1.0,-0.21600278307452972,0.0,-417.41868844533377,0.059077,-70.65671724111478,-165.9051624349205
NL,2022-06-01,194950.06588888887,1.0,-0.17797395039372618,0.0,-346.9603335576276,0.059077,-58.730188323311545,-162.8216313585812
NL,2022-07-01,188802.97144444444,1.0,-0.1754058556903345,0.0806451612903225,-483.43192847319943,0.059077,-81.83081884205349,-172.59295051941564
NL,2022-08-01,187560.15955555555,1.0,-0.16581202332768272,0.5,-1248.7980932934745,0.059077,-211.38481867621485,-194.74633261874408
NL,2022-09-01,190646.5412222222,1.0,-0.10598542557945792,0.925,-1965.5380543724445,0.059077,-332.7078311986804,-210.10009067681187
NL,2022-10-01,192232.37544444442,1.0,-0.0585042554839511,1.25,-2515.368813108441,0.059077,-425.77802073707886,-225.62890805232672
NL,2022-11-01,194060.06222222222,1.0,-0.01104849811286846,1.975,-3854.1269512013428,0.059077,-652.3904313356031,-267.51969730627974
NL,2022-12-01,196333.14344444446,1.0,0.04323471329871231,2.177419354838709,-4190.111793644024,0.059077,-709.2627915506921,-278.236122290674
NL,2023-01-01,190879.48766666665,1.0,0.044198767455268115,2.5,-4687.62081079307,0.059077,-793.4764478211605,-285.03271287067724
NL,2023-02-01,190152.24599999998,1.0,0.06625488572771152,2.875,-5340.891919204022,0.059077,-904.0560487506173,-304.72244511162717
NL,2023-03-01,190537.95755555556,1.0,0.10049678298164459,3.161290322580645,-5831.973495344329,0.059077,-987.1817281419723,-321.5009350659592
NL,2023-04-01,190954.00388888887,1.0,0.13410316300465608,3.5,-6427.314777012076,0.059077,-1087.9555117917423,-341.81494093675315
NL,2023-05-01,191549.5508888889,1.0,0.16970628532810342,3.6774193548387095,-6719.008631118424,0.059077,-1137.3307092639138,-351.56796667308015
NL,2023-06-01,192352.2971111111,1.0,0.20875592751884328,3.8333333333333335,-6971.957900654492,0.059077,-1180.1475871581988,-361.11197811470845
NL,2023-07-01,184125.29877777776,1.0,0.20756719478520683,4.0,-6982.828233548196,0.059077,-1181.9876150698574,-335.5206190686014
NL,2023-08-01,185136.98077777776,1.0,0.2509172858047844,4.241935483870968,-7388.850594191402,0.059077,-1250.7152689187674,-348.77511169608385
NL,2023-09-01,184731.6222222222,1.0,0.2749927822020262,4.341666666666667,-7512.432637258989,0.059077,-1271.6340770958222,-353.533848738096
NL,2023-10-01,187674.21222222224,1.0,0.35090339293661427,4.5,-7786.784371645161,0.059077,-1318.0737633334734,-373.1771839290735
NL,2023-11-01,188087.6098888889,1.0,0.3848550479740409,4.5,-7740.077783728891,0.059077,-1310.1677105690692,-373.26466228811137
NL,2023-12-01,189323.31988888886,1.0,0.4195400521710622,4.5,-7725.262239966167,0.059077,-1307.6598743954783,-376.1893470865522
NL,2024-01-01,180545.07777777777,1.0,0.4197487317496251,4.5,-7366.692825791404,0.059077,-1246.9646098805633,-324.8919440093699
NL,2024-02-01,179876.54977777775,1.0,0.4356046973236831,4.5,-7310.894039784226,0.059077,-1237.5195151724404,-324.3636955040263
NL,2024-03-01,179691.63777777777,1.0,0.4571005786257462,4.5,-7264.752183975697,0.059077,-1229.7090549580544,-325.73871872353334
NL,2024-04-01,179899.66377777775,1.0,0.4842307851562577,4.5,-7224.355315595399,0.059077,-1222.8710522869135,-329.98690644646456
NL,2024-05-01,181334.50977777777,1.0,0.5282631270830314,4.5,-7202.129588167226,0.059077,-1219.108889782356,-333.20426111752226
NL,2024-06-01,180838.51722222223,1.0,0.5480667410098469,4.341666666666667,-6860.289854901119,0.059077,-1161.245468608954,-328.1132395358886
NL,2024-07-01,173389.31122222223,1.0,0.547612764935186,4.25,-6419.543725658359,0.059077,-1086.6401011659968,-286.9438838744312
NL,2024-08-01,171755.3292222222,1.0,0.5603744027635762,4.25,-6337.128591600802,0.059077,-1072.6896409094575,-279.60249579324
NL,2024-09-01,171134.84344444444,1.0,0.573940824430257,3.99,-5846.06752208086,0.059077,-989.5674326863009,-269.14558654168604
NL,2024-10-01,170670.79522222222,1.0,0.5895682361462955,3.577419354838709,-5099.389264328404,0.059077,-863.1767463358675,-254.0520755947441
NL,2024-11-01,170240.53966666665,1.0,0.6059614497622956,3.4,-4756.586306419376,0.059077,-805.15027953677,-246.66514902349172
NL,2024-12-01,170659.25866666666,1.0,0.6296757420765001,3.287096774193548,-4535.135033063036,0.059077,-767.6650867618592,-242.97479059633258
NL,2025-01-01,169001.28455555555,1.0,0.6427747532441139,3.0,-3983.740946885312,0.059077,-674.330271829191,-224.8728020785722
NL,2025-02-01,167609.99955555555,1.0,0.6561934045002118,2.7857142857142856,-3569.2899395383715,0.059077,-604.1758957865787,-212.47639899808678
NL,2025-03-01,166940.58255555556,1.0,0.6720038618520511,2.588709677419355,-3199.7598543842696,0.059077,-541.6253117768792,-204.2254719397825
NL,2025-04-01,165164.44155555556,1.0,0.6783627740092419,2.433333333333333,-2898.5873237720452,0.059077,-490.6456529228033,-196.20216702491683
NL,2025-05-01,164170.5801111111,1.0,0.688827466506535,2.25,-2562.986004771552,0.059077,-433.8382119558461,-187.7972729736804
NL,2025-06-01,164170.5801111111,1.0,0.7100670041968665,2.083333333333333,-2254.4992990138976,0.059077,-381.62047819183397,-179.28631886651792
NL,2025-07-01,155595.98377777776,1.0,0.7095421006904923,2.0,-2007.9006636686734,0.059077,-339.87857603952017,-162.46259311478127
NL,2025-08-01,155595.98377777776,1.0,0.7311971205410721,2.0,-1974.2063224948904,0.059077,-334.1751142567988,-161.0784221037066
NL,2025-09-01,155307.08433333333,1.0,0.749333399250686,2.0,-1942.3738323545706,0.059077,-328.78680913969407,-160.4461370302741
NL,2025-10-01,155307.08433333333,1.0,0.7699839877167395,2.0,-1910.3020055102672,0.059077,-323.3579913520096,-160.14108265391133
NL,2025-11-01,155094.63255555555,1.0,0.7885777173715576,2.0,-1878.8509379387065,0.059077,-318.0342498669036,-158.7599310211336
NL,2025-12-01,155094.63255555555,1.0,0.8112045506948685,2.0,-1843.7579339369595,0.059077,-312.0940355700119,-156.97885449722736
NL,2026-01-01,149387.6718888889,1.0,0.8114332731119874,2.0,-1775.5721621439707,0.058378,-304.1509065305373,-151.8392241354891
NL,2026-02-01,149387.6718888889,1.0,0.8319867864027736,2.0,-1744.8677471474916,0.058378,-298.89131987178246,-150.54155665722
NL,2026-03-01,149387.6718888889,1.0,0.8552094365993121,2.0,-1710.1759706679823,0.058378,-292.9487085319782,-149.3474154799417
NL,2026-04-01,148192.93733333334,1.0,0.8632307221273724,2.0,-1684.611783582369,0.058378,-288.56962958346793,-150.114719418458
NL,2026-05-01,148192.93733333334,1.0,0.8881548907285012,2.0,-1647.6759260264434,0.058378,-282.2426129751693,-149.3527703076344
NL,2026-06-01,148192.93733333334,1.0,0.9120953419035408,2.1166666666666667,-1785.089628441522,0.058378,-305.78122382430405,-153.01877214168746
NL,2026-07-01,140295.69233333334,1.0,0.9117389065670359,2.25,-1877.522666259414,0.058378,-321.6147634827185,-146.1928741424856
NL,2026-08-01,140295.69233333334,1.0,0.9370943645630455,2.25,-1841.9500509196246,0.058378,-315.5212667305534,-144.96544504300329
PT,2015-03-01,954.6666666666666,1.0,1.7890113296323533,0.05,16.601761493556864,0.023254,7.139314308745534,5.382419396801679
PT,2015-04-01,1918.2222222222222,1.0,1.8457921861789839,0.05,34.447284780215526,0.023254,14.813487907549463,11.005552533414033
PT,2015-05-01,2961.777777777778,1.0,2.0669528490289357,0.05,59.737661270794796,0.023254,25.689198103893865,18.0347135118124
PT,2015-06-01,3996.4444444444443,1.0,2.307894379343807,0.05,90.23549448470897,0.023254,38.80428936299516,26.31578842501058
PT,2015-07-01,5027.555555555556,1.0,2.409531693031679,0.05,118.62676671810824,0.023254,51.01348874090833,34.650052865340825
PT,2015-08-01,5886.222222222222,1.0,2.435979675751979,0.05,140.4440658918187,0.023254,60.39565919489924,41.202836188577194
PT,2015-09-01,6906.666666666666,1.0,2.4710102694253226,0.05,167.2111092749756,0.023254,71.90638568632303,49.29718735633584
PT,2015-10-01,7959.11111111111,1.0,2.46944888707148,0.05,192.56662519856027,0.023254,82.81010802380678,56.579508431989694
PT,2015-11-01,9068.444444444443,1.0,2.489280543561095,0.05,221.2048009369804,0.023254,95.12548419066844,65.14861212494026
PT,2015-12-01,9973.333333333332,1.0,2.4922661756938886,0.05,243.5753465892038,0.023254,104.74556918775427,72.37007645947668
PT,2016-01-01,11037.333333333332,1.0,2.51655590835567,0.05,272.2419974582432,0.023254,117.07319061591261,81.58739803302467
PT,2016-02-01,12116.444444444443,1.0,2.58608902692944,0.05,307.2838180095573,0.023254,132.14234884731974,93.9342850910437
PT,2016-03-01,13194.666666666666,1.0,2.609864769513409,0.0241935483870967,341.17069872354654,0.023254,146.7148442089733,105.08192586516387
PT,2016-04-01,14443.555555555555,1.0,2.659423477687855,0.0,384.1153074573329,0.023254,165.18246643903538,119.13383043674386
PT,2016-05-01,15733.333333333332,1.0,2.7042454426311537,0.0,425.46794964063486,0.023254,182.96548965366597,133.3657125237519
PT,2016-06-01,17011.555555555555,1.0,2.746022831958333,0.0,467.14119962683174,0.023254,200.88638497756588,148.16748207828257
PT,2016-07-01,17863.11111111111,1.0,2.763443872527972,0.0,493.6370494428634,0.023254,212.28048913858404,157.97189551843272
PT,2016-08-01,18504.888888888887,1.0,2.7694796234222645,0.0,512.4891271147084,0.023254,220.38751488548564,165.2023646564385
PT,2016-09-01,19413.333333333332,1.0,2.7953144854615752,0.0,542.6637187776072,0.023254,233.36360143528302,176.8395582511562
PT,2016-10-01,20320.888888888887,1.0,2.822253390487677,0.0,573.5069756439003,0.023254,246.62723645132033,188.1661374558832
PT,2016-11-01,21230.222222222223,1.0,2.855732821790516,0.0,606.2784241390639,0.023254,260.7200585443639,198.95301982387232
PT,2016-12-01,21875.555555555555,1.0,2.8868524001428977,0.0,631.5150006001486,0.023254,271.5726329234319,207.27687889031847
PT,2017-01-01,22487.11111111111,1.0,2.921747013952801,0.0,657.0164974131374,0.023254,282.5391319399404,215.08938731086113
PT,2017-02-01,23070.222222222223,1.0,2.9563049065386227,0.0,682.0261115049193,0.023254,293.2941048872965,222.28492305814768
PT,2017-03-01,23659.555555555555,1.0,2.9873450683347635,0.0,706.7925660788123,0.023254,303.94451108575396,229.3587542185689
PT,2017-04-01,24127.11111111111,1.0,3.006073512645383,0.0,725.2786964776321,0.023254,311.89416723042575,234.82200666275898
PT,2017-05-01,24575.11111111111,1.0,3.0098052708509715,0.0,739.6629895397049,0.023254,318.0798957339403,238.7059307985336
PT,2017-06-01,25027.555555555555,1.0,3.0044814009190777,0.0,751.948251771356,0.023254,323.36297057338777,242.24237346316295
PT,2017-07-01,25487.11111111111,1.0,3.000238112258805,0.0,764.674021269304,0.023254,328.83547831310915,245.11003901957807
PT,2017-08-01,25855.11111111111,1.0,2.9917610191282376,0.0,773.523135674516,0.023254,332.64089432979955,247.1103815133466
PT,2017-09-01,26294.22222222222,1.0,2.976949027959158,0.0,782.7655928538652,0.023254,336.6154609331148,249.11968809926884
PT,2017-10-01,26728.888888888887,1.0,2.9544634043235845,0.0,789.6952406045349,0.023254,339.5954419044185,250.16183306394373
PT,2017-11-01,27162.666666666664,1.0,2.923761748794138,0.0,794.1716579524557,0.023254,341.5204515147741,250.65538439553515
PT,2017-12-01,27621.333333333332,1.0,2.8891002550604004,0.0,798.0080117844168,0.023254,343.17021234386203,250.91801763473705
PT,2018-01-01,28031.11111111111,1.0,2.858157638086131,0.0,801.1733432626322,0.023254,344.531411052994,251.30562729842518
PT,2018-02-01,28465.777777777777,1.0,2.8317591876915507,0.0,806.0822775700819,0.023254,346.64241746369737,252.06986474171686
PT,2018-03-01,28876.44444444444,1.0,2.8011909037232923,0.0,808.8843350964876,0.023254,347.84739618839234,252.11570459513683
PT,2018-04-01,29430.22222222222,1.0,2.7622716918216805,0.0,812.9426972846579,0.023254,349.5926280573914,252.73916804261944
PT,2018-05-01,29935.11111111111,1.0,2.731568331969715,0.0,817.6980152510586,0.023254,351.6375742887497,253.5203458648244
PT,2018-06-01,30486.22222222222,1.0,2.700965095521882,0.0,823.4222211654576,0.023254,354.099174836784,254.50263699377172
PT,2018-07-01,31053.333333333332,1.0,2.6682093247245184,0.0,828.5679356377872,0.023254,356.312004660612,255.62880428058742
PT,2018-08-01,31552.888888888887,1.0,2.6404459933684206,0.0,833.1369904586562,0.023254,358.2768514916385,256.4316585823218
PT,2018-09-01,32038.22222222222,1.0,2.6155940813051353,0.0,837.9898441998309,0.023254,360.36374137775476,257.29370786958714
PT,2018-10-01,32273.777777777777,1.0,2.599947008480878,0.0,839.1011198570997,0.023254,360.8416271854733,256.13195675943365
PT,2018-11-01,32456.888888888887,1.0,2.5849541839135806,0.0,838.9957073015154,0.023254,360.79629625075916,254.86917192583087
PT,2018-12-01,32752.0,1.0,2.563385729570098,0.0,839.5600941487985,0.023254,361.03900152610237,253.73157864546482
PT,2019-01-01,33145.777777777774,1.0,2.5381791543782763,0.0,841.2992221121026,0.023254,361.78688488522516,253.8784369149789
PT,2019-02-01,33482.666666666664,1.0,2.5131185038828914,0.0,841.4590915934289,0.023254,361.85563412463614,253.92734232316226
PT,2019-03-01,33824.0,1.0,2.4837607934050143,0.0,840.107250761312,0.023254,361.2742972225475,253.15132435629795
PT,2019-04-01,34261.33333333333,1.0,2.448003559177604,0.0,838.7186594217028,0.023254,360.67715636952903,252.6895197729421
PT,2019-05-01,34652.444444444445,1.0,2.411600912196345,0.0,835.6786663205539,0.023254,359.3698573667128,251.83981491275233
PT,2019-06-01,33949.33333333333,1.0,2.411600912196345,0.0,818.7224323512444,0.023254,352.0781080034593,245.37214728133165
PT,2019-07-01,34409.777777777774,1.0,2.3605175821272306,0.0,812.248854415353,0.023254,349.2942523502851,243.44379597383346
PT,2019-08-01,34760.88888888889,1.0,2.3123603013256187,0.0,803.7969950545746,0.023254,345.65966932767464,241.29342843132872
PT,2019-09-01,35121.777777777774,1.0,2.265427637435835,0.0,795.6584605365751,0.023254,342.1598264971941,239.31728563139205
PT,2019-10-01,35682.666666666664,1.0,2.2070825551180917,0.0,787.5459112009382,0.023254,338.67115816674044,237.17970452207322
PT,2019-11-01,36153.777777777774,1.0,2.1596801357838618,0.0,780.8059570021065,0.023254,335.77275178554504,235.20651446745524
PT,2019-12-01,36612.444444444445,1.0,2.1154021855819223,0.0,774.5004499727448,0.023254,333.0611722597165,233.38731882036262
PT,2020-01-01,36878.22222222222,1.0,2.081299639052332,0.0,767.5463060000279,0.023254,330.0706570912651,231.49992198453316
PT,2020-02-01,37132.444444444445,1.0,2.046326110563052,0.0,759.8509061569862,0.023254,326.76137703491275,229.44014952237745
PT,2020-03-01,37755.58722222222,1.0,2.0062603718561927,0.0,757.4753846010447,0.023254,325.7398230846498,233.64724963716904
PT,2020-04-01,39542.42588888888,1.0,1.9417250852830887,0.0,767.8052028140297,0.023254,330.1819914053624,234.63500959399485
PT,2020-05-01,41954.23888888888,1.0,1.8543539801781674,0.0,777.9800986895675,0.023254,334.5575379244721,235.6817558686771
PT,2020-06-01,44654.97511111111,1.0,1.748709802850235,0.0,780.8859272283325,0.023254,335.80714166523285,241.1280114614426
PT,2020-07-01,46805.42277777777,1.0,1.6640341460171333,0.0,778.858217209903,0.023254,334.935158342609,240.5395220840879
PT,2020-08-01,48222.45211111111,1.0,1.6050830664978222,0.0,774.010413085466,0.023254,332.8504399610673,239.47073092301073
PT,2020-09-01,49911.51655555556,1.0,1.540537982826353,0.0,768.9058703429968,0.023254,330.6553153620868,238.50552987209159
PT,2020-10-01,51715.24766666666,1.0,1.4710455567848704,0.0,760.7548529807914,0.023254,327.1501044898905,237.47302649248905
PT,2020-11-01,53510.089888888884,1.0,1.4020668883288239,0.0,750.247252247101,0.023254,322.6314837219837,235.84577294271247
PT,2020-12-01,55080.00811111111,1.0,1.3418885053704217,0.0,739.1122976000959,0.023254,317.84307972826,233.86323642442008
PT,2021-01-01,56641.03388888888,1.0,1.2852600234073968,0.0,727.9845654185248,0.023254,313.0577816369333,231.53218417228754
PT,2021-02-01,58180.72977777777,1.0,1.235710606491692,0.0,718.9454487982703,0.023254,309.1706582946032,229.3717382646397
PT,2021-03-01,60005.79188888888,1.0,1.1846415446955778,0.0,710.853539939347,0.023254,305.690866061472,227.1700956851999
PT,2021-04-01,60417.551555555554,1.0,1.1479347523174441,0.0,693.5540708055308,0.023254,298.25151406447526,221.1066611122144
PT,2021-05-01,62426.63677777778,1.0,1.112640123038698,0.0,694.5838082531877,0.023254,298.69433570705587,221.5469983391522
PT,2021-06-01,64474.823000000004,1.0,1.0754120836793517,0.0,693.370037472874,0.023254,298.17237355847334,221.58082496793742
PT,2021-07-01,66699.921,1.0,1.0326361975903544,0.0,688.7675280101704,0.023254,296.1931401093018,220.63967543121754
PT,2021-08-01,68380.96711111111,1.0,0.9952600590419693,0.0,680.5684536435141,0.023254,292.6672631132339,219.281687789297
PT,2021-09-01,70508.24966666667,1.0,0.9573763632229594,0.0,675.0293164308978,0.023254,290.28524831465455,217.8839038902132
PT,2021-10-01,72410.62988888889,1.0,0.9289442615209658,0.0,672.6543910840186,0.023254,289.2639507542868,216.59235108507215
PT,2021-11-01,74274.78877777778,1.0,0.9033984979775301,0.0,670.9973261944276,0.023254,288.5513572694709,215.8696767721067
PT,2021-12-01,75218.84255555556,1.0,0.8872255938855637,0.0,667.360822577375,0.023254,286.98753873629266,214.3791713236589
PT,2022-01-01,76105.98433333333,1.0,0.8770891880727822,0.0,667.5173600640321,0.023254,287.0548551062321,212.5245274114682
PT,2022-02-01,77305.20877777778,1.0,0.8789994850684288,0.0,679.5123870877405,0.023254,292.21311907101597,213.57648256483048
PT,2022-03-01,77635.86044444445,1.0,0.8817096609318712,0.0,684.5228818862519,0.023254,294.3677998994804,211.37278739844749
PT,2022-04-01,79272.37533333333,1.0,0.9072963396353618,0.0,719.2353597413388,0.023254,309.2953297244942,219.5527012550915
PT,2022-05-01,79391.42266666667,1.0,0.9251902799105226,0.0,734.5217255946794,0.023254,315.86897978613547,220.62053459232976
PT,2022-06-01,80182.58,1.0,0.9599904902724767,0.0,769.7451428551209,0.023254,331.01623069369606,226.92478765842642
PT,2022-07-01,80609.25755555555,1.0,0.9791471499105979,0.0806451612903225,724.2757821487062,0.023254,311.4628804286171,220.70074875125493
PT,2022-08-01,80883.947,1.0,0.9948943419425385,0.5,400.29007724280154,0.023254,172.13815999088393,188.7766460483547
PT,2022-09-01,81264.38833333334,1.0,1.0253401856425748,0.925,81.54083811496952,0.023254,35.06529548248452,157.67303600435307
PT,2022-10-01,78153.14544444444,1.0,1.0233475323667012,1.25,-177.1360326828744,0.023254,-76.17443565961744,123.9746770251347
PT,2022-11-01,78474.93633333333,1.0,1.0538708835962345,1.975,-722.8554876456509,0.023254,-310.8521061519097,74.01862787741368
PT,2022-12-01,78501.624,1.0,1.078385635797188,2.177419354838709,-862.7593177551913,0.023254,-371.0154458395077,60.01122342051036
PT,2023-01-01,78355.76788888889,1.0,1.1067341512214441,2.5,-1091.704154544083,0.023254,-469.4694050675509,38.97432988293235
PT,2023-02-01,79179.81622222222,1.0,1.1542389175734344,2.875,-1362.4954626888764,0.023254,-585.9187506187651,13.414853020224996
PT,2023-03-01,78921.99622222222,1.0,1.17164790073852,3.161290322580645,-1570.2655170019725,0.023254,-675.2668431246119,-9.58605004859885
PT,2023-04-01,79397.58177777777,1.0,1.2063688456473527,3.5,-1821.0876714577316,0.023254,-783.1287827718808,-36.9882119168916
PT,2023-05-01,79221.54033333334,1.0,1.2240172787391757,3.6774193548387095,-1943.6229152560297,0.023254,-835.8230477578178,-50.06030516698411
PT,2023-06-01,79465.119,1.0,1.250898139775586,3.8333333333333335,-2052.1351996585445,0.023254,-882.4869698368213,-63.45136079333099
PT,2023-07-01,79233.99888888889,1.0,1.268104780471011,4.0,-2164.589827887208,0.023254,-930.846231997595,-84.37923599633905
PT,2023-08-01,79370.01588888888,1.0,1.2946043590171212,4.241935483870968,-2339.2971820946655,0.023254,-1005.976254448553,-104.03609722586953
PT,2023-09-01,79174.43588888888,1.0,1.3139578489928716,4.341666666666667,-2397.1713767513743,0.023254,-1030.8640994028442,-112.76387104511798
PT,2023-10-01,75297.79977777778,1.0,1.3146548210753481,4.5,-2398.4948350577815,0.023254,-1031.4332308668536,-86.53665146245373
PT,2023-11-01,75359.14722222222,1.0,1.3375905215550736,4.5,-2383.164814630822,0.023254,-1024.8408078742677,-87.93775959330992
PT,2023-12-01,75176.03988888889,1.0,1.3502448878593183,4.5,-2367.8611595051957,0.023254,-1018.259722845616,-86.78919553668993
PT,2024-01-01,75191.15455555555,1.0,1.3675073690071176,4.5,-2355.357375611247,0.023254,-1012.8826763615923,-90.8100104903989
PT,2024-02-01,71784.74477777777,1.0,1.3698853302870888,4.5,-2246.944826905195,0.023254,-966.261643977464,-53.10582430904992
PT,2024-03-01,71931.43444444444,1.0,1.3904811052073132,4.5,-2236.7215453454146,0.023254,-961.8652899911475,-57.89495375662648
PT,2024-04-01,72127.90344444444,1.0,1.4134656339430944,4.5,-2226.2525273291203,0.023254,-957.3632610858864,-64.47911524543747
PT,2024-05-01,72370.60044444444,1.0,1.4379362898256443,4.5,-2216.0338930446146,0.023254,-952.9689055838197,-67.06427691898591
PT,2024-06-01,72476.39144444445,1.0,1.4593154536472035,4.341666666666667,-2089.024147951679,0.023254,-898.3504549547084,-65.21822588164298
PT,2024-07-01,72535.95444444445,1.0,1.4781867957159076,4.25,-2010.5611631446052,0.023254,-864.6087396338717,-64.91252234230603
PT,2024-08-01,72571.51444444444,1.0,1.4932669325011825,4.25,-2000.6029362746808,0.023254,-860.3263680548209,-67.23922293860346
PT,2024-09-01,72535.06544444445,1.0,1.50575684853837,3.99,-1801.9473957118225,0.023254,-774.8978221862142,-54.475976041599324
PT,2024-10-01,72196.402,1.0,1.513242857060597,3.577419354838709,-1490.2611623254065,0.023254,-640.8622870583154,-31.737616317191964
PT,2024-11-01,72199.07466666667,1.0,1.526467866787564,3.4,-1352.6728637620392,0.023254,-581.694703604558,-23.209573091279708
PT,2024-12-01,72225.74466666667,1.0,1.5386838911568297,3.287096774193548,-1262.8042246212053,0.023254,-543.0481743447172,-18.357878179190493
PT,2025-01-01,72101.28466666666,1.0,1.5514601905632066,3.0,-1044.415811512013,0.023254,-449.13383138901395,0.32363836160487836
PT,2025-02-01,72101.28466666666,1.0,1.5662069225025748,2.7857142857142856,-879.2804754802362,0.023254,-378.12009782413185,13.57939896436011
PT,2025-03-01,71995.49366666666,1.0,1.5820427725625055,2.588709677419355,-724.7548077306424,0.023254,-311.66887749662095,25.7309623404758
PT,2025-04-01,71995.49366666666,1.0,1.5969169797338703,2.433333333333333,-602.1820828826654,0.023254,-258.95849440210947,35.484991495777024
PT,2025-05-01,71949.26566666667,1.0,1.6103953441083825,2.25,-460.19085308382904,0.023254,-197.8975028312673,48.14343615089837
PT,2025-06-01,71949.26566666667,1.0,1.6240941370777338,2.083333333333333,-330.41922935940585,0.023254,-142.09135174998102,60.242807575335036
PT,2025-07-01,71890.59477777778,1.0,1.6375358053304967,2.0,-260.5776654043882,0.023254,-112.0571365805402,65.3588463441987
PT,2025-08-01,71890.59477777778,1.0,1.6518737454733012,2.0,-250.27003495684428,0.023254,-107.624509743203,65.47218240988919
PT,2025-09-01,71884.37177777778,1.0,1.666211288576617,2.0,-239.9419182718385,0.023254,-103.1830731365952,65.15759897282479
PT,2025-10-01,66155.213,1.0,1.6656022708723965,2.0,-221.22152997152912,0.023254,-95.13267823665997,68.08423046143831
PT,2025-11-01,66155.213,1.0,1.6784755313880948,2.0,-212.70519705732403,0.023254,-91.47036942346436,67.80394942230565
PT,2025-12-01,66155.213,1.0,1.6928281240444536,2.0,-203.21020881448752,0.023254,-87.38720599229703,67.72797508048751
PT,2026-01-01,66116.99077777777,1.0,1.7068337469972368,2.0,-193.83270446139358,0.022979,-84.35210603655233,67.9595763584959
PT,2026-02-01,65985.43522222222,1.0,1.7185137939303894,2.0,-185.73989816555385,0.022979,-80.8302790223917,67.51948419217075
PT,2026-03-01,65982.76855555555,1.0,1.7362238943534092,2.0,-174.04677729364772,0.022979,-75.7416673021662,67.85962574987028
PT,2026-04-01,65982.76855555555,1.0,1.754773822217905,2.0,-161.80702132359494,0.022979,-70.4151709489512,68.03973921605872
PT,2026-05-01,65982.76855555555,1.0,1.7733451296848397,2.0,-149.5531584999468,0.022979,-65.08253557593751,67.80730709159742
PT,2026-06-01,65982.76855555555,1.0,1.7908407657089462,2.1166666666666667,-214.98895012298635,0.022979,-93.55887990033786,59.20357178227873
PT,2026-07-01,61007.423777777774,1.0,1.7901744677395686,2.25,-280.52771110454364,0.022979,-122.08003442471112,53.34185491552178
PT,2026-08-01,61007.423777777774,1.0,1.809468433061856,2.25,-268.7569599168383,0.022979,-116.95763954777767,53.59818213977245
SI,2015-03-01,185.77777777777777,1.0,0.7117145331843212,0.05,1.2293185549824277,0.004942,2.4874920173663044,0.73059710542245
SI,2015-04-01,380.4444444444444,1.0,0.8236580525254945,0.05,2.9433390798303254,0.004942,5.9557650340556965,2.147829659920265
SI,2015-05-01,585.7777777777777,1.0,1.0067804130655775,0.05,5.604607041868583,0.004942,11.340766980713441,3.686282388631975
SI,2015-06-01,788.4444444444445,1.0,1.221172208946683,0.05,9.234042216317402,0.004942,18.684828442568598,6.196327504584017
SI,2015-07-01,994.6666666666666,1.0,1.3991722078126403,0.05,13.41976622704306,0.004942,27.15452494342991,10.791089067862401
SI,2015-08-01,1165.3333333333333,1.0,1.4584929026156195,0.05,16.41363729181402,0.004942,33.21254004818701,14.019717041864968
SI,2015-09-01,1367.111111111111,1.0,1.509115688754717,0.05,19.947732704931152,0.004942,40.36368414595538,17.754485815968188
SI,2015-10-01,1584.888888888889,1.0,1.5163367245744241,0.05,23.239807821477317,0.004942,47.02510688279506,20.794507290977972
SI,2015-11-01,1805.3333333333333,1.0,1.5013588108816251,0.05,26.20186439911627,0.004942,53.018746254788084,23.04187418905989
SI,2015-12-01,1980.4444444444443,1.0,1.4844565901037083,0.05,28.408615846676106,0.004942,57.48404663431021,25.10855390603261
SI,2016-01-01,2204.4444444444443,1.0,1.4641293860526599,0.05,31.173696688094186,0.004942,63.079111064536995,27.593318481649057
SI,2016-02-01,2453.333333333333,1.0,1.4460539627917006,0.05,34.249857220489716,0.004942,69.30363662583916,31.095572869563135
SI,2016-03-01,2664.0,1.0,1.4252016601455384,0.0241935483870967,37.32285609724489,0.004942,75.52176466459912,33.888846320789696
SI,2016-04-01,2873.777777777778,1.0,1.4023418142260649,0.0,40.30018742571438,0.004942,81.54631207145766,35.497676069166154
SI,2016-05-01,3088.8888888888887,1.0,1.3883300500378122,0.0,42.88397265672353,0.004942,86.77452985982097,37.174752729906906
SI,2016-06-01,3314.6666666666665,1.0,1.3736714332645459,0.0,45.53262910794215,0.004942,92.13401276394607,39.41510986466276
SI,2016-07-01,3512.8888888888887,1.0,1.3354828781524954,0.0,46.914029639632545,0.004942,94.92923844522976,40.620644825078436
SI,2016-08-01,3648.8888888888887,1.0,1.3034359564326894,0.0,47.56092978805502,0.004942,96.23822296247474,41.05307273342759
SI,2016-09-01,3843.555555555555,1.0,1.2613637598409022,0.0,48.481216867129426,0.004942,98.10039835517892,41.57635517105212
SI,2016-10-01,4043.555555555555,1.0,1.215421966302731,0.0,49.14626244187665,0.004942,99.44609963957234,40.98500064413519
SI,2016-11-01,4235.555555555556,1.0,1.1896803416963055,0.0,50.38957180607019,0.004942,101.96190167153011,40.19486295103854
SI,2016-12-01,4384.888888888889,1.0,1.1731826552923712,0.0,51.44275589828681,0.004942,104.0929904862137,39.79723645310027
SI,2017-01-01,4527.111111111111,1.0,1.1594553420152174,0.0,52.48983161674224,0.004942,106.2117191759252,38.76197454684596
SI,2017-02-01,4662.222222222222,1.0,1.1475585420332264,0.0,53.501729359682415,0.004942,108.25926620737032,37.25008437822149
SI,2017-03-01,4795.555555555556,1.0,1.137582996544492,0.0,54.553424589844745,0.004942,110.38734235096062,35.80158548377554
SI,2017-04-01,4896.0,1.0,1.130303290023433,0.0,55.339649079547286,0.004942,111.97824581049632,34.90608524282955
SI,2017-05-01,5001.777777777777,1.0,1.1228352922824758,0.0,56.161726130431035,0.004942,113.6416959336929,34.26773099828618
SI,2017-06-01,5143.11111111111,1.0,1.1107194385917474,0.0,57.1255348594831,0.004942,115.5919361786384,34.471339068413585
SI,2017-07-01,5290.666666666666,1.0,1.1099385871484657,0.0,58.72315085073482,0.004942,118.82466784851238,35.099228554981295
SI,2017-08-01,5416.0,1.0,1.107545509985427,0.0,59.98466482081073,0.004942,121.37730639581288,35.846793579359925
SI,2017-09-01,5557.333333333333,1.0,1.1017741265056835,0.0,61.229260790342515,0.004942,123.8957118380059,36.39993900415996
SI,2017-10-01,5703.11111111111,1.0,1.0980748040313641,0.0,62.62442615702428,0.004942,126.71879028131177,37.285181440836965
SI,2017-11-01,5928.888888888889,1.0,1.0859434728439612,0.0,64.38438190105974,0.004942,130.2800119406308,39.414944821391856
SI,2017-12-01,6139.555555555556,1.0,1.0703659874714453,0.0,65.7157144485802,0.004942,132.97392644390976,40.7217317347848
SI,2018-01-01,6235.555555555556,1.0,1.0665900905827208,0.0,66.50781764833587,0.004942,134.5767253102709,41.35094155570211
SI,2018-02-01,6337.777777777777,1.0,1.0689825294150817,0.0,67.74973719759583,0.004942,137.08971509023843,42.517162368257914
SI,2018-03-01,6434.666666666666,1.0,1.070967640127859,0.0,68.91319775009396,0.004942,139.44394526526497,43.71225367200947
SI,2018-04-01,6547.555555555555,1.0,1.0677013725577287,0.0,69.90834053564647,0.004942,141.45758910490989,44.60412909013796
SI,2018-05-01,6648.0,1.0,1.066379811967322,0.0,70.89292989958757,0.004942,143.44987838848152,45.332649964556225
SI,2018-06-01,6750.222222222222,1.0,1.0657739882122148,0.0,71.94211259096497,0.004942,145.57287047949202,45.976332636479725
SI,2018-07-01,6853.333333333333,1.0,1.0604980035361355,0.0,72.67946317567649,0.004942,147.0648789471398,46.38167856711523
SI,2018-08-01,6885.333333333333,1.0,1.0575804645664708,0.0,72.81794025361674,0.004942,147.34508347554984,45.49989056623309
SI,2018-09-01,6954.666666666666,1.0,1.053022929219505,0.0,73.23423465078584,0.004942,148.18744364788716,45.11741013971951
SI,2018-10-01,6991.11111111111,1.0,1.051854231028093,0.0,73.53629801809733,0.004942,148.7986604979711,44.08899007193142
SI,2018-11-01,7019.555555555555,1.0,1.0518435781632254,0.0,73.83474432671102,0.004942,149.40255833005062,43.47543400512234
SI,2018-12-01,7063.11111111111,1.0,1.051039777401288,0.0,74.23610729982786,0.004942,150.21470517974072,42.90728229910317
SI,2019-01-01,7120.888888888889,1.0,1.0503778191652329,0.0,74.79623741629048,0.004942,151.34811294271645,43.43966497247018
SI,2019-02-01,6908.444444444444,1.0,1.0503778191652329,0.0,72.56476809379724,0.004942,146.83279662848489,38.90450482701101
SI,2019-03-01,6954.666666666666,1.0,1.0455540288152323,0.0,72.71479752400336,0.004942,147.1363770214556,39.01340415520606
SI,2019-04-01,6999.11111111111,1.0,1.0386842625075923,0.0,72.69866562653138,0.004942,147.10373457412257,39.116097977535645
SI,2019-05-01,7032.888888888889,1.0,1.0307672209337657,0.0,72.49271335135958,0.004942,146.6869958546329,39.156953400672464
SI,2019-06-01,7058.666666666666,1.0,1.021310525397308,0.0,72.09090561937798,0.004942,145.87394904770937,39.16798832558172
SI,2019-07-01,7103.11111111111,1.0,1.006884265137875,0.0,71.52010811303786,0.004942,144.71895611703331,38.8684997405817
SI,2019-08-01,7123.555555555555,1.0,0.99530966580659,0.0,70.90143699354677,0.004942,143.46709225727795,39.10085136093204
SI,2019-09-01,7152.888888888889,1.0,0.981236813570108,0.0,70.18677901154363,0.004942,142.02100164213604,39.17846077633398
SI,2019-10-01,7219.555555555555,1.0,0.9626323990430788,0.0,69.49778084469231,0.004942,140.62683295162344,39.13537930695621
SI,2019-11-01,7259.555555555555,1.0,0.9491965980790146,0.0,68.90745436898943,0.004942,139.43232369281552,38.866086374725725
SI,2019-12-01,7296.888888888889,1.0,0.9365946937937675,0.0,68.34227414536032,0.004942,138.28869717798526,38.614843738631365
SI,2020-01-01,7035.555555555555,1.0,0.9365946937937675,0.0,65.89464001224594,0.004942,133.3359773618898,34.76524225515787
SI,2020-02-01,7063.11111111111,1.0,0.9259297894981157,0.0,65.39944984312912,0.004942,132.33397378213095,35.01274626959565
SI,2020-03-01,7170.673222222222,1.0,0.9051730991051555,0.0,64.9070050322924,0.004942,131.33752535874626,39.2449519112655
SI,2020-04-01,7611.6068888888885,1.0,0.8575738525642643,0.0,65.27515043909139,0.004942,132.08245738383528,36.53547557246773
SI,2020-05-01,8087.215444444444,1.0,0.8420419317834209,0.0,68.09774515588717,0.004942,137.7938995465139,38.9181174907189
SI,2020-06-01,8619.719888888889,1.0,0.8026789820666712,0.0,69.18867986113173,0.004942,140.00137568015325,45.32224547636301
SI,2020-07-01,9134.432888888889,1.0,0.7496248612977803,0.0,68.47397987367215,0.004942,138.55520006813467,44.15956380961359
SI,2020-08-01,9457.128444444445,1.0,0.7089254719661994,0.0,67.04399245922747,0.004942,135.66166017650235,42.28195113844578
SI,2020-09-01,9875.831222222221,1.0,0.6633080266189371,0.0,65.50718119233906,0.004942,132.5519651807751,40.40217969077989
SI,2020-10-01,10302.534,1.0,0.6193595554866419,0.0,63.809728786260145,0.004942,129.1172172931205,39.44013929571902
SI,2020-11-01,10725.681222222222,1.0,0.5781180299644517,0.0,62.00709698217824,0.004942,125.46964180934488,38.68393103007361
SI,2020-12-01,11088.376777777778,1.0,0.5430404151032036,0.0,60.21436728225167,0.004942,121.84210295882572,37.86225965498578
SI,2021-01-01,11146.182666666666,1.0,0.5245323160121046,0.0,58.46533008840642,0.004942,118.30297468313722,36.77737721849144
SI,2021-02-01,11505.322555555555,1.0,0.5038753755312514,0.0,57.972487232887325,0.004942,117.30572082737216,37.50680079740867
SI,2021-03-01,11935.580444444444,1.0,0.4820739520051612,0.0,57.538324343288515,0.004942,116.427204255946,37.9064338796739
SI,2021-04-01,12125.836666666666,1.0,0.46913886323728105,0.0,56.88701229600941,0.004942,115.10929238366937,37.96443943140852
SI,2021-05-01,12526.759777777777,1.0,0.45739227280714034,0.0,57.296431256668455,0.004942,115.93774030082649,38.7904029329228
SI,2021-06-01,12982.796444444444,1.0,0.4430976614869489,0.0,57.52646744094408,0.004942,116.40321214274398,39.811663552208046
SI,2021-07-01,13499.28388888889,1.0,0.4282148332552032,0.0,57.80593599545207,0.004942,116.96870901548374,41.41524433739947
SI,2021-08-01,13836.203222222222,1.0,0.41086131985948493,0.0,56.84760717726281,0.004942,115.0295572182574,41.64398189432049
SI,2021-09-01,14165.111444444443,1.0,0.3990294319100096,0.0,56.52296372618642,0.004942,114.37265019463054,41.971305770189176
SI,2021-10-01,14331.336888888889,1.0,0.39418885858096886,0.0,56.49253330170444,0.004942,114.3110750742704,41.63947540505578
SI,2021-11-01,14555.34911111111,1.0,0.3878957458408076,0.0,56.4595799942778,0.004942,114.24439497021004,41.56271447284584
SI,2021-12-01,14606.898222222222,1.0,0.385138822520791,0.0,56.256835819877026,0.004942,113.83414775369693,41.22578034106317
SI,2022-01-01,14919.812333333331,1.0,0.3846718354811127,0.0,57.392315952970755,0.004942,116.13176032571985,41.60143263095597
SI,2022-02-01,15142.054555555555,1.0,0.391398504969767,0.0,59.265775152150944,0.004942,119.92265308003023,41.28601657384475
SI,2022-03-01,14991.83322222222,1.0,0.39280172305936617,0.0,58.88817921507538,0.004942,119.15859816891012,36.16358566787717
SI,2022-04-01,15189.168555555556,1.0,0.4176189027710906,0.0,63.43283906176262,0.004942,128.3545913835747,38.611962914172025
SI,2022-05-01,15310.947888888888,1.0,0.44076761363286066,0.0,67.48569963442641,0.004942,136.55544240070094,41.30699720689522
SI,2022-06-01,15392.726888888888,1.0,0.4637972325669471,0.0,71.391041327255,0.004942,144.45779305393563,40.366350018666
SI,2022-07-01,15478.060111111112,1.0,0.486879476308846,0.0806451612903225,62.87719147052754,0.004942,127.23025388613424,36.46812220877207
SI,2022-08-01,15550.06111111111,1.0,0.5030539789821536,0.5,0.47489559804538145,0.004942,0.9609380777931635,17.599424135263934
SI,2022-09-01,15659.396222222222,1.0,0.5219228033248001,0.925,-63.119455308795494,0.004942,-127.72046804693544,-5.112727525066887
SI,2022-10-01,15732.286111111112,1.0,0.5487349442507601,1.25,-110.32502496771328,0.004942,-223.23962963924174,-23.0905169544896
SI,2022-11-01,15788.287333333332,1.0,0.5868337763249171,1.975,-219.16767205810476,0.004942,-443.47970873756526,-58.608974708241874
SI,2022-12-01,15838.065888888888,1.0,0.623121115173862,2.177419354838709,-246.17077930795858,0.004942,-498.1197476891108,-67.09307842909271
SI,2023-01-01,15922.514111111112,1.0,0.6614413476509088,2.5,-292.7447608613383,0.004942,-592.3609082584749,-83.91717330799162
SI,2023-02-01,16003.407111111112,1.0,0.7006155795602976,2.875,-347.9755909635395,0.004942,-704.1189618849443,-104.78535824595417
SI,2023-03-01,15434.482666666667,1.0,0.7032056019710095,3.161290322580645,-379.39266013447593,0.004942,-767.6905304218452,-102.00973734583215
SI,2023-04-01,15471.818888888889,1.0,0.7334159478305396,3.5,-428.04087396054217,0.004942,-866.1288424940149,-119.9882716390257
SI,2023-05-01,15526.045222222221,1.0,0.76375733687289,3.6774193548387095,-452.3764825320857,0.004942,-915.3712718172515,-129.60852922641777
SI,2023-06-01,15554.492222222221,1.0,0.7927613059307789,3.8333333333333335,-472.9455395133948,0.004942,-956.9921884123731,-137.95657936888279
SI,2023-07-01,15573.161222222221,1.0,0.8203351502320337,4.0,-495.1743333806953,0.004942,-1001.9715365857857,-155.50454058452965
SI,2023-08-01,15599.831222222221,1.0,0.8498071894346363,4.241935483870968,-529.166288773313,0.004942,-1070.7533160123694,-168.81315878968587
SI,2023-09-01,15610.49922222222,1.0,0.8764088955930347,4.341666666666667,-540.9440374014443,0.004942,-1094.5852638637077,-176.4850355059815
SI,2023-10-01,15634.503111111111,1.0,0.9071254256872938,4.5,-561.72808709924,0.004942,-1136.6412122607042,-191.7446328563043
SI,2023-11-01,15650.505111111112,1.0,0.9348786832675122,4.5,-557.9594938925297,0.004942,-1129.015568378247,-192.11252009728923
SI,2023-12-01,15650.506555555556,1.0,0.957173905850325,4.5,-554.4702301168277,0.004942,-1121.9551398559847,-190.48461254705865
SI,2024-01-01,15677.176555555554,1.0,0.980694978053073,4.5,-551.7276618191529,0.004942,-1116.4056289339394,-194.332963062746
SI,2024-02-01,15701.179555555555,1.0,1.0058149623166315,4.5,-548.6282667700222,0.004942,-1110.134088972121,-196.97826930370684
SI,2024-03-01,15722.515555555554,1.0,1.0303860237882958,4.5,-545.5105971276148,0.004942,-1103.8255708774075,-199.85523464288644
SI,2024-04-01,15740.296333333332,1.0,1.0545195315444573,4.5,-542.3288358420239,0.004942,-1097.387365119433,-204.50321927898415
SI,2024-05-01,15764.299333333332,1.0,1.0796667830786615,4.5,-539.1915665129092,0.004942,-1091.0391876020014,-205.13455893716764
SI,2024-06-01,15770.522777777776,1.0,1.1032762841976045,4.341666666666667,-510.71109290064834,0.004942,-1033.4097387710408,-200.27750969797535
SI,2024-07-01,15784.746777777778,1.0,1.1264765276492856,4.25,-493.04027065501197,0.004942,-997.6533198199352,-197.95710252836955
SI,2024-08-01,15790.969777777776,1.0,1.145813384311752,4.25,-490.18117032915404,0.004942,-991.868009569312,-198.78086445309452
SI,2024-09-01,15207.824444444443,1.0,1.1468639562507945,3.99,-432.37913825010236,0.004942,-874.9072000204418,-154.48535387582695
SI,2024-10-01,15212.269888888888,1.0,1.1650834584877972,3.577419354838709,-366.9710471794476,0.004942,-742.5557409539612,-133.43107021283777
SI,2024-11-01,15223.826888888889,1.0,1.1851621173714422,3.4,-337.1830851209037,0.004942,-682.2806254975792,-123.79549498430094
SI,2024-12-01,15228.271888888888,1.0,1.202505056886514,3.287096774193548,-317.4472944847732,0.004942,-642.345800252475,-117.65550408694833
SI,2025-01-01,15228.271888888888,1.0,1.2214500760910996,3.0,-270.8424180924738,0.004942,-548.0421248330105,-98.58465508239163
SI,2025-02-01,15228.271888888888,1.0,1.2384851994121489,2.7857142857142856,-235.61625200606068,0.004942,-476.7629542817901,-85.06345749329813
SI,2025-03-01,15228.271888888888,1.0,1.258754707394066,2.588709677419355,-202.52915883524173,0.004942,-409.8121384768145,-72.41229863971773
SI,2025-04-01,15220.271666666667,1.0,1.275642669494583,2.433333333333333,-176.20366409589454,0.004942,-356.54322965579627,-62.09974375790978
SI,2025-05-01,15220.271666666667,1.0,1.2927988980883383,2.25,-145.68860810728177,0.004942,-294.79685978810556,-48.755920805939894
SI,2025-06-01,15220.271666666667,1.0,1.309579846978043,2.083333333333333,-117.76738265357973,0.004942,-238.29903410275136,-35.96487477743531
SI,2025-07-01,14211.338666666667,1.0,1.309085454026158,2.0,-98.18820602560506,0.004942,-198.68111296156425,-21.265130036825354
SI,2025-08-01,14211.338666666667,1.0,1.3266479791094143,2.0,-95.6923361076052,0.004942,-193.63078937192472,-20.534097218832528
SI,2025-09-01,14210.449666666667,1.0,1.344234908423173,2.0,-93.18716827009557,0.004942,-188.56165169991007,-20.22097959049009
SI,2025-10-01,14210.449666666667,1.0,1.3611028083025898,2.0,-90.79016384790734,0.004942,-183.7113797003386,-20.494471002240317
SI,2025-11-01,14210.449666666667,1.0,1.3779100215589053,2.0,-88.4017832677493,0.004942,-178.87855780604875,-19.604238960278735
SI,2025-12-01,14210.449666666667,1.0,1.3962496381952971,2.0,-85.79564127657518,0.004942,-173.60510173325613,-18.489920660471597
SI,2026-01-01,14210.449666666667,1.0,1.4137650516588307,2.0,-83.30662226243119,0.004884,-170.5704796528075,-18.258797257759284
SI,2026-02-01,13750.870666666666,1.0,1.414006805858552,2.0,-80.57916624185943,0.004884,-164.98600786621503,-16.63624465165259
SI,2026-03-01,13090.384777777777,1.0,1.4155317811206662,2.0,-76.5091387551292,0.004884,-156.65261825374526,-13.051325201708778
SI,2026-04-01,13088.606777777777,1.0,1.4346835815094185,2.0,-73.99204306644883,0.004884,-151.49885967741363,-13.043949512403714
SI,2026-05-01,13088.606777777777,1.0,1.4548680584497367,2.0,-71.35017624957936,0.004884,-146.08963196064568,-13.19978929311074
SI,2026-06-01,13038.826777777776,1.0,1.4672673756205945,2.1166666666666667,-84.6740486556143,0.004884,-173.37028799265826,-20.607836310041677
SI,2026-07-01,13038.826777777776,1.0,1.4863843838182396,2.25,-99.56651744200015,0.004884,-203.8626483251436,-28.4407589849107
SI,2026-08-01,13038.826777777776,1.0,1.5073085515318336,2.25,-96.83825145913292,0.004884,-198.27651813909276,-27.720696451542636
SK,2015-03-01,449.77777777777777,1.0,0.4814117363155965,0.05,1.9403941206728161,0.0115,1.6872992353676664,-0.06959567657618804
SK,2015-04-01,913.7777777777777,1.0,0.7025534035439559,0.05,5.962887989717213,0.0115,5.185119991058447,1.3771846169230155
SK,2015-05-01,1384.0,1.0,0.7524870474818841,0.05,9.722420737149275,0.0115,8.454278901868935,0.7997943097874689
SK,2015-06-01,1869.3333333333333,1.0,0.8308596307031163,0.05,14.59686936327692,0.0115,12.692929881110366,0.20442894312578552
SK,2015-07-01,2262.222222222222,1.0,0.8777490919091598,0.05,18.72552390141166,0.0115,16.283064262097096,-0.08037161347041177
SK,2015-08-01,2638.222222222222,1.0,0.8686634606423156,0.05,21.598161343879045,0.0115,18.781009864242648,-0.41181314207939224
SK,2015-09-01,3053.333333333333,1.0,0.8471056812638099,0.05,24.33829346792166,0.0115,21.16373345036666,-1.445464879620534
SK,2015-10-01,3388.4444444444443,1.0,0.81629731781546,0.05,25.96555889344474,0.0115,22.578746863864993,-3.651852727952093
SK,2015-11-01,3862.222222222222,1.0,0.7753047644293128,0.05,28.012881790625457,0.0115,24.359027644022138,-5.617844421706057
SK,2015-12-01,4108.444444444444,1.0,0.7579685988864323,0.05,29.086496569360797,0.0115,25.292605712487653,-7.082887015789947
SK,2016-01-01,4619.555555555556,1.0,0.7266465439170934,0.05,31.258063010996747,0.0115,27.180924357388477,-8.304868225499462
SK,2016-02-01,5112.0,1.0,0.6878252357392225,0.05,32.60562605098905,0.0115,28.352718305207873,-9.855345451068153
SK,2016-03-01,5496.888888888889,1.0,0.6512686602173244,0.0241935483870967,34.46962214718336,0.0115,29.973584475811617,-11.659333867997805
SK,2016-04-01,5789.333333333333,1.0,0.6232279504756283,0.0,36.080743479535705,0.0115,31.374559547422354,-14.674076454869155
SK,2016-05-01,6076.444444444444,1.0,0.5994384350510517,0.0,36.42454348452435,0.0115,31.673516073499435,-17.92626105641463
SK,2016-06-01,6283.555555555556,1.0,0.5989682686995832,0.0,37.63650392388759,0.0115,32.727394716423994,-19.99150818285932
SK,2016-07-01,6480.0,1.0,0.5870567918103451,0.0,38.04128010931036,0.0115,33.07937400809597,-21.229219612055353
SK,2016-08-01,6589.333333333333,1.0,0.574423854447766,0.0,37.85070251574479,0.0115,32.91365436151721,-22.271495867529936
SK,2016-09-01,6707.555555555555,1.0,0.5616713063676736,0.0,37.67441491422635,0.0115,32.760360794979434,-23.76368238914737
SK,2016-10-01,6853.333333333333,1.0,0.5505312370597483,0.0,37.72974077982808,0.0115,32.80847024332876,-25.652628752108384
SK,2016-11-01,7057.777777777777,1.0,0.5474264390583485,0.0,38.63614156554033,0.0115,33.59664483960029,-28.17039388089129
SK,2016-12-01,7249.777777777777,1.0,0.5538426186610537,0.0,40.15235909155158,0.0115,34.915094862218766,-29.38065917089466
SK,2017-01-01,7546.666666666666,1.0,0.5629877429921379,0.0,42.48680833780667,0.0115,36.94505072852754,-30.504693900551693
SK,2017-02-01,7814.222222222222,1.0,0.5731040940429032,0.0,44.78362747316588,0.0115,38.94228475927468,-32.06689706987415
SK,2017-03-01,8075.555555555555,1.0,0.5833118662225074,0.0,47.10567381894648,0.0115,40.96145549473607,-33.62430137244901
SK,2017-04-01,8282.666666666666,1.0,0.5910158968717306,0.0,48.95187668489587,0.0115,42.566849291213806,-34.505311276452964
SK,2017-05-01,8470.222222222223,1.0,0.5970486018273107,0.0,50.57134334944394,0.0115,43.975081173429516,-35.3988837619772
SK,2017-06-01,8680.888888888889,1.0,0.5979459708683427,0.0,51.90702534666875,0.0115,45.136543779711964,-35.98405333051286
SK,2017-07-01,8876.444444444443,1.0,0.6006142519136836,0.0,53.31319039653372,0.0115,46.35929599698585,-37.36614329654523
SK,2017-08-01,8929.777777777777,1.0,0.6003327420010603,0.0,53.60837978793468,0.0115,46.61598242429103,-38.91453039216192
SK,2017-09-01,9088.0,1.0,0.5992630308955472,0.0,54.46102424778733,0.0115,47.357412389380286,-40.13836044446565
SK,2017-10-01,9290.666666666666,1.0,0.5993232779184585,0.0,55.68112800714425,0.0115,48.41837218012544,-41.015236660349366
SK,2017-11-01,9412.444444444443,1.0,0.5979688799135224,0.0,56.28348861692701,0.0115,48.94216401471914,-41.922903104519804
SK,2017-12-01,9584.888888888889,1.0,0.5942728832888227,0.0,56.960395560029994,0.0115,49.530778747852175,-42.72141596127279
SK,2018-01-01,9751.111111111111,1.0,0.5917731282602567,0.0,57.70445526235571,0.0115,50.17778718465714,-43.04799656991164
SK,2018-02-01,9876.444444444443,1.0,0.5915076304871053,0.0,58.41992250970868,0.0115,50.79993261713798,-43.77262010484253
SK,2018-03-01,9998.22222222222,1.0,0.5922279852936736,0.0,59.21227003185102,0.0115,51.48893046247915,-44.24276113077635
SK,2018-04-01,10149.333333333332,1.0,0.5921584261345727,0.0,60.10013252981823,0.0115,52.2609848085376,-44.592475206234326
SK,2018-05-01,10267.555555555555,1.0,0.592103510034136,0.0,60.79455683914937,0.0115,52.864832034042934,-45.252396389882364
SK,2018-06-01,10432.0,1.0,0.5985629038521355,0.0,62.44208212985478,0.0115,54.29746272161286,-45.29907512139944
SK,2018-07-01,10567.111111111111,1.0,0.6027165159831152,0.0,63.68972392895353,0.0115,55.382368633872645,-45.300831746151914
SK,2018-08-01,10681.777777777777,1.0,0.6059892417420922,0.0,64.73042416013087,0.0115,56.28732535663554,-45.55786755268121
SK,2018-09-01,10890.666666666666,1.0,0.6122434203530019,0.0,66.67739009924426,0.0115,57.980339216734144,-45.08969429143351
SK,2018-10-01,10965.333333333332,1.0,0.6170492000756209,0.0,67.66150161895875,0.0115,58.83608836431196,-45.87358206172772
SK,2018-11-01,10372.444444444443,1.0,0.6170492000756209,0.0,64.00308547273262,0.0115,55.65485693281098,-50.27226739211731
SK,2018-12-01,10386.666666666666,1.0,0.6194480747758044,0.0,64.34000670004689,0.0115,55.94783191308425,-51.359590967553295
SK,2019-01-01,10463.111111111111,1.0,0.6219710086436235,0.0,65.07751771328083,0.0115,56.589145837635506,-51.319302132610765
SK,2019-02-01,10530.666666666666,1.0,0.6227695216990735,0.0,65.58178243172377,0.0115,57.027636897151105,-50.90065490432277
SK,2019-03-01,10599.111111111111,1.0,0.621946070787854,0.0,65.92075509399442,0.0115,57.322395733908195,-50.80057713234133
SK,2019-04-01,10670.22222222222,1.0,0.6193734721719003,0.0,66.08852586623547,0.0115,57.46828336194389,-50.519353234643035
SK,2019-05-01,10597.333333333332,1.0,0.6186870070073347,0.0,65.5643244225906,0.0115,57.012456019644006,-50.51758643431643
SK,2019-06-01,10658.666666666666,1.0,0.6117257750504382,0.0,65.20181127670938,0.0115,56.697227197138595,-50.00873352498906
SK,2019-07-01,10736.0,1.0,0.6003727799039338,0.0,64.45602165048632,0.0115,56.04871447868376,-49.801741897767855
SK,2019-08-01,10793.777777777777,1.0,0.5853219480463535,0.0,63.178350356683296,0.0115,54.93769596233331,-49.428544934012606
SK,2019-09-01,10861.333333333332,1.0,0.5696364097683355,0.0,61.87010925297148,0.0115,53.8000950025839,-49.04244586321816
SK,2019-10-01,10960.0,1.0,0.5539435047976125,0.0,60.71220812581832,0.0115,52.79322445723333,-48.6982291874339
SK,2019-11-01,11046.22222222222,1.0,0.5443247343344101,0.0,60.12731976509967,0.0115,52.28462588269537,-48.28161143539442
SK,2019-12-01,11130.666666666666,1.0,0.5354640072105118,0.0,59.600713762578025,0.0115,51.82670761963307,-47.84714581972082
SK,2020-01-01,11255.111111111111,1.0,0.5252130201646243,0.0,59.11330898955088,0.0115,51.40287738221816,-47.16785772451377
SK,2020-02-01,11318.22222222222,1.0,0.5157067964063408,0.0,58.36884123237277,0.0115,50.75551411510676,-46.56571339742854
SK,2020-03-01,11520.900666666666,1.0,0.4982793430379715,0.0,57.406268153923946,0.0115,49.918494046890395,-42.174079400590365
SK,2020-04-01,11928.125777777777,1.0,0.5039142837294148,0.0,60.10752957543258,0.0115,52.26741702211529,-43.279564789252255
SK,2020-05-01,13086.478111111112,1.0,0.49709033992770496,0.0,65.05161852708693,0.0115,56.56662480616255,-42.30915724963245
SK,2020-06-01,14217.270666666667,1.0,0.4433905177979559,0.0,63.03803002567023,0.0115,54.81567828319151,-39.86345192059873
SK,2020-07-01,14864.42111111111,1.0,0.4059921827312184,0.0,60.348387719360026,0.0115,52.476858886400024,-41.918777372121056
SK,2020-08-01,15320.450222222222,1.0,0.37674921972192377,0.0,57.71967667010796,0.0115,50.19102319139823,-43.188685846658345
SK,2020-09-01,15879.593,1.0,0.3423783643815358,0.0,54.36829078384485,0.0115,47.2767745946477,-44.87301089534753
SK,2020-10-01,16297.38322222222,1.0,0.3147414511735143,0.0,51.29462045693107,0.0115,44.604017788635716,-45.07306020876575
SK,2020-11-01,16858.300666666666,1.0,0.2804538354138324,0.0,47.27975080526234,0.0115,41.112826787184645,-45.672883992086625
SK,2020-12-01,17578.35122222222,1.0,0.235403750385426,0.0,41.38009803303348,0.0115,35.98269394176825,-47.997149362071696
SK,2021-01-01,18013.04222222222,1.0,0.21018657675823804,0.0,37.86099681690493,0.0115,32.92260592774342,-48.602991536902366
SK,2021-02-01,18533.96888888889,1.0,0.1917609165637272,0.0,35.54090861696938,0.0115,30.905137927799466,-48.89378210216402
SK,2021-03-01,18738.43222222222,1.0,0.1845557380480831,0.0,34.582851886362036,0.0115,30.072045118575687,-48.44872525769641
SK,2021-04-01,19326.916444444443,1.0,0.17079532638203226,0.0,33.009470020871554,0.0115,28.70388697467092,-48.440965977589926
SK,2021-05-01,19642.48688888889,1.0,0.1652423385849647,0.0,32.45770469144508,0.0115,28.2240910360392,-48.92324633186449
SK,2021-06-01,20074.50888888889,1.0,0.15758607163947133,0.0,31.634629958916484,0.0115,27.508373877318686,-49.08317471321725
SK,2021-07-01,20382.96711111111,1.0,0.14785382850203174,0.0,30.136997236087755,0.0115,26.206084553119787,-49.34738012496448
SK,2021-08-01,20639.869666666666,1.0,0.13697538942159038,0.0,28.271541852025372,0.0115,24.583949436543804,-48.8016258873931
SK,2021-09-01,20921.654333333332,1.0,0.12943014040406498,0.0,27.078926578486474,0.0115,23.54689267694476,-48.8544517474966
SK,2021-10-01,21290.574444444443,1.0,0.1274685798642455,0.0,27.138792889273308,0.0115,23.59895033849853,-49.072649330716104
SK,2021-11-01,21485.251,1.0,0.12390933167872602,0.0,26.6222309235968,0.0115,23.149766020518957,-49.531914476845245
SK,2021-12-01,21724.378444444443,1.0,0.11959883080306014,0.0,25.982102618787575,0.0115,22.5931327119892,-50.015234700644555
SK,2022-01-01,22053.28911111111,1.0,0.12103984351627099,0.0,26.69326663027972,0.0115,23.211536200243238,-51.318791494520646
SK,2022-02-01,22320.865444444444,1.0,0.13263810577197657,0.0,29.605973117422792,0.0115,25.744324449932865,-52.89231205625262
SK,2022-03-01,22603.551555555554,1.0,0.15030254400347515,0.0,33.97371302313708,0.0115,29.542359150553985,-53.45265335047896
SK,2022-04-01,22901.32933333333,1.0,0.1805319287881447,0.0,41.34421156359183,0.0115,35.95148831616681,-53.791140153235865
SK,2022-05-01,23098.662666666667,1.0,0.21044220798846372,0.0,48.609335731540284,0.0115,42.268987592643725,-52.979457601162
SK,2022-06-01,23231.10711111111,1.0,0.24348053240193926,0.0,56.563223276998094,0.0115,49.185411545215736,-54.9060314900539
SK,2022-07-01,23294.21822222222,1.0,0.2663608424327809,0.0806451612903225,43.26101603821066,0.0115,37.61827481583536,-53.1438568615268
SK,2022-08-01,23373.32933333333,1.0,0.28890157742506667,0.5,-49.340729525910845,0.0115,-42.904982196444216,-26.266496138973444
SK,2022-09-01,23449.773777777777,1.0,0.3231262015003306,0.925,-141.1380441758905,0.0115,-122.72873406599176,-0.12099354412320906
SK,2022-10-01,23517.32933333333,1.0,0.36452707201373896,1.25,-208.2395846320385,0.0115,-181.07789968003348,19.071213004718658
SK,2022-11-01,23584.884888888886,1.0,0.40391805640589346,1.975,-370.5378679067882,0.0115,-322.2068416580767,62.663892371246675
SK,2022-12-01,23652.440444444444,1.0,0.4410715709599129,2.177419354838709,-410.68862549036317,0.0115,-357.12054390466363,73.90612535535445
SK,2023-01-01,23870.225444444444,1.0,0.496104790265836,2.5,-478.3343042339678,0.0115,-415.94287324692857,92.50086170355468
SK,2023-02-01,22905.75111111111,1.0,0.49543090186811245,2.875,-545.0581751350014,0.0115,-473.9636305521752,125.36997308681492
SK,2023-03-01,23085.315333333332,1.0,0.5505205586329196,3.161290322580645,-602.7044326346547,0.0115,-524.0908109866563,141.5899820893568
SK,2023-04-01,23169.763333333332,1.0,0.593283526411103,3.5,-673.4793277015598,0.0115,-585.6341980013564,160.5063728536328
SK,2023-05-01,23297.768555555554,1.0,0.6399332705861612,3.6774193548387095,-707.666477816366,0.0115,-615.3621546229269,170.40058796790674
SK,2023-06-01,23354.660444444446,1.0,0.6781240885486305,3.8333333333333335,-736.8884054311873,0.0115,-640.772526461902,178.26308258158838
SK,2023-07-01,23388.442444444445,1.0,0.7142422034611885,4.0,-768.487571107326,0.0115,-668.2500618324574,178.21693416879862
SK,2023-08-01,23424.002444444443,1.0,0.7513469412805724,4.241935483870968,-817.6355455418718,0.0115,-710.9874309059755,190.95272631670798
SK,2023-09-01,23439.115444444444,1.0,0.786951189072188,4.341666666666667,-833.1938645149046,0.0115,-724.516403926004,193.58382443172218
SK,2023-10-01,23484.454444444444,1.0,0.8288459318924689,4.5,-862.1505047100821,0.0115,-749.6960910522454,195.20048835215448
SK,2023-11-01,22853.318666666666,1.0,0.8288843415615642,4.5,-838.9717600448339,0.0115,-729.5406609085512,207.3623873724066
SK,2023-12-01,22869.320666666667,1.0,0.8564774951221488,4.5,-833.2488452026815,0.0115,-724.5642132197231,206.90631408920297
SK,2024-01-01,22922.660666666667,1.0,0.8884614845704029,4.5,-827.8607187378975,0.0115,-719.8788858590414,202.19378001215205
SK,2024-02-01,22965.332666666665,1.0,0.9211033417965303,4.5,-821.9055233526431,0.0115,-714.7004550892549,198.4553645791592
SK,2024-03-01,23008.893666666667,1.0,0.953942848471708,4.5,-815.9085193543735,0.0115,-709.4856690038031,194.48466723071795
SK,2024-04-01,23052.454666666665,1.0,0.9886250199932994,4.5,-809.4581254427203,0.0115,-703.8766308197569,189.00751502069204
SK,2024-05-01,23108.461666666666,1.0,1.0248978521133665,4.5,-803.0426477218925,0.0115,-698.2979545407761,187.6066741240577
SK,2024-06-01,22320.876333333334,1.0,1.024850934765799,4.341666666666667,-740.3423377221376,0.0115,-643.7759458453371,189.35628322772834
SK,2024-07-01,22347.546333333332,1.0,1.0554371916687904,4.25,-713.9064037392516,0.0115,-620.7881771645666,178.90804012699903
SK,2024-08-01,22356.43633333333,1.0,1.0810953557334329,4.25,-708.4541492594982,0.0115,-616.0470863126071,177.04005880361035
SK,2024-09-01,22371.549333333332,1.0,1.10676345450559,3.99,-645.0246861719777,0.0115,-560.8910314538937,159.53081469072117
SK,2024-10-01,22391.107333333333,1.0,1.1323059920692564,3.577419354838709,-547.4879574793842,0.0115,-476.076484764682,133.0481859764414
SK,2024-11-01,21281.743666666665,1.0,1.1318132465985205,3.4,-482.7096907401916,0.0115,-419.747557165384,138.73757334789423
SK,2024-12-01,21287.966666666667,1.0,1.1541010705963421,3.287096774193548,-454.07141438320525,0.0115,-394.84470815930894,129.84558800621772
SK,2025-01-01,21287.966666666667,1.0,1.178050836883013,3.0,-387.8559305279565,0.0115,-337.26602654604915,112.19144320456968
SK,2025-02-01,21287.966666666667,1.0,1.1995154724059918,2.7857142857142856,-337.66947464413187,0.0115,-293.62563012533207,98.07386666315989
SK,2025-03-01,21287.966666666667,1.0,1.2235977558654263,2.588709677419355,-290.6045708230932,0.0115,-252.69962680268975,84.700213034407
SK,2025-04-01,21287.966666666667,1.0,1.246789687659689,2.433333333333333,-252.59101577645686,0.0115,-219.64436154474512,74.79912435314137
SK,2025-05-01,20069.253,1.0,1.2467151679483004,2.25,-201.35177125508068,0.0115,-175.08849674354843,70.95244223861724
SK,2025-06-01,20069.253,1.0,1.268403912783077,2.083333333333333,-163.55024718166487,0.0115,-142.21760624492597,60.11655308039008
SK,2025-07-01,20069.253,1.0,1.2898319240464997,2.0,-142.52542788834015,0.0115,-123.93515468551318,53.480828239225715
SK,2025-08-01,20069.253,1.0,1.3113712326258902,2.0,-138.20264955509157,0.0115,-120.17621700442746,52.920475148664735
SK,2025-09-01,20069.253,1.0,1.3330686164481347,2.0,-133.84814670142424,0.0115,-116.38969278384718,51.9509793255728
SK,2025-10-01,18975.00233333333,1.0,1.3324550741018293,2.0,-126.66666526522614,0.0115,-110.14492631758796,53.07198238051032
SK,2025-11-01,18975.00233333333,1.0,1.3524090407505858,2.0,-122.88039962803205,0.0115,-106.85252141568006,52.42179743008995
SK,2025-12-01,18975.00233333333,1.0,1.373369109753686,2.0,-118.9032260456255,0.0115,-103.39410960489175,51.721071467892784
SK,2026-01-01,18975.00233333333,1.0,1.393555194847357,2.0,-115.07291592809277,0.011364,-101.26092566710028,51.05075672794794
SK,2026-02-01,18923.440333333332,1.0,1.4076005768842879,2.0,-112.10235136831265,0.011364,-98.64691250291503,49.702850711647415
SK,2026-03-01,18923.440333333332,1.0,1.4292419622212507,2.0,-108.00705672676575,0.011364,-95.04316853816064,48.55812451387584
SK,2026-04-01,18923.440333333332,1.0,1.4514524934949946,2.0,-103.80406009346247,0.011364,-91.34464985345166,47.110260311558264
SK,2026-05-01,18045.18888888889,1.0,1.451148826441715,2.0,-99.04123098747594,0.011364,-87.15349435715939,45.73634831037555
SK,2026-06-01,18045.18888888889,1.0,1.4735928401688942,2.1166666666666667,-116.04388668652865,0.011364,-102.11535259286224,50.64709908975435
SK,2026-07-01,18045.18888888889,1.0,1.497220017002316,2.25,-135.84056984967773,0.011364,-119.53587631967417,55.88601302055872
SK,2026-08-01,18045.18888888889,1.0,1.5221375099056185,2.25,-131.34416118890132,0.011364,-115.57916331300714,54.97665837454298
