ncb,month,stock_eur_m,approx_share,portfolio_yield_pct,ref_pct,carry_eur_m_pa,key_share,carry_per_keypp_eur_m_pa,carry_per_keypp_demeaned
AT,2015-03-01,1080.888888888889,1.0,0.056997268543302615,0.05,0.07563269821027535,0.029565,0.025581836025799203,-1.2212553574942486
AT,2015-04-01,2152.0,1.0,0.0433507466105336,0.05,-0.14309193294131703,0.029565,-0.04839909789998885,-2.851758605084496
AT,2015-05-01,3320.0,1.0,0.12821095066779878,0.05,2.596603562170919,0.029565,0.8782694274212478,-4.86405293644169
AT,2015-06-01,4484.444444444444,1.0,0.22111023008431768,0.05,7.673343206892291,0.029565,2.595414580379601,-6.818333615518779
AT,2015-07-01,5696.0,1.0,0.28196534884917146,0.05,13.212746270448806,0.029565,4.469049981548725,-7.975841282904232
AT,2015-08-01,6641.777777777777,1.0,0.3035500046678031,0.05,16.840227865580662,0.029565,5.696001307485425,-8.838111482761466
AT,2015-09-01,7778.666666666666,1.0,0.32379615554934055,0.05,21.297690286331367,0.029565,7.20368350628492,-9.839373455088397
AT,2015-10-01,8955.555555555555,1.0,0.32454479526491975,0.05,24.587011664836144,0.029565,8.31625627087304,-11.486151623742867
AT,2015-11-01,10209.777777777777,1.0,0.3189034636768741,0.05,27.45444607815623,0.029565,9.286130924456698,-13.23358032258586
AT,2015-12-01,11236.444444444443,1.0,0.32223740616253993,0.05,30.58980490045037,0.029565,10.346627735650387,-13.768378262054878
AT,2016-01-01,12434.666666666666,1.0,0.31434741774530905,0.05,32.87072023857003,0.029565,11.118119478630147,-15.03009655710465
AT,2016-02-01,13642.666666666666,1.0,0.2918189385380853,0.05,32.990551721622516,0.029565,11.15865101357095,-16.855042241554248
AT,2016-03-01,14845.333333333332,1.0,0.2669956432112201,0.0241935483870967,36.0447803169572,0.029565,12.191706516812854,-18.36578252381622
AT,2016-04-01,16676.444444444445,1.0,0.2338331066888767,0.0,38.99504812968903,0.029565,13.189598555619492,-20.703777222275235
AT,2016-05-01,18578.666666666664,1.0,0.2060523594993644,0.0,38.281781030188576,0.029565,12.948344674509919,-23.4099575671789
AT,2016-06-01,20222.222222222223,1.0,0.18908552583837923,0.0,38.23729522509447,0.029565,12.933297894501765,-25.714596812629857
AT,2016-07-01,21891.555555555555,1.0,0.16301719189318667,0.0,35.68699912840357,0.029565,12.07069140145563,-27.49501781418952
AT,2016-08-01,23095.11111111111,1.0,0.14394171766621938,0.0,33.243499630255215,0.029565,11.244207552935976,-28.742445323545432
AT,2016-09-01,24769.777777777777,1.0,0.12301367432806379,0.0,30.47021376734067,0.029565,10.306177496140933,-30.303469061337665
AT,2016-10-01,26511.11111111111,1.0,0.11034240785920395,0.0,29.252998350228953,0.029565,9.894469254263132,-31.79151388016604
AT,2016-11-01,28182.22222222222,1.0,0.11300657802353019,0.0,31.847764944320215,0.029565,10.772117349677055,-33.11635246157072
AT,2016-12-01,29511.11111111111,1.0,0.11314074433445134,0.0,33.389090772478085,0.029565,11.293451977838012,-34.08951979495774
AT,2017-01-01,31262.22222222222,1.0,0.11505019296395974,0.0,35.967246991488565,0.029565,12.165481816840373,-35.16169865174564
AT,2017-02-01,32940.444444444445,1.0,0.11682728269816628,0.0,38.48342615314352,0.029565,13.016548673479965,-36.57713022314078
AT,2017-03-01,34680.88888888889,1.0,0.11958918850305024,0.0,41.474593587866735,0.029565,14.02827450967926,-37.90337051217139
AT,2017-04-01,36069.33333333333,1.0,0.11813300812878776,0.0,42.60978847866622,0.029565,14.412240310727622,-39.094844736183845
AT,2017-05-01,37397.33333333333,1.0,0.1232673872240711,0.0,46.098715691476606,0.029565,15.592327309817895,-39.32539198759504
AT,2017-06-01,38723.555555555555,1.0,0.12412874669108327,0.0,48.067064185336456,0.029565,16.258097136930985,-39.56452291443107
AT,2017-07-01,40078.22222222222,1.0,0.13134786759179728,0.0,52.64189025759071,0.029565,17.80547615680389,-39.68108947672536
AT,2017-08-01,41165.33333333333,1.0,0.13289989804766364,0.0,54.708686030980886,0.029565,18.504544573306575,-40.03720018207134
AT,2017-09-01,42468.444444444445,1.0,0.13347990568419116,0.0,56.686839589987564,0.029565,19.17363084389906,-40.46007582138205
AT,2017-10-01,43758.22222222222,1.0,0.13458096361099461,0.0,58.890237125707046,0.029565,19.91890313739457,-40.738573549247874
AT,2017-11-01,45043.555555555555,1.0,0.13247324935794702,0.0,59.670661670796505,0.029565,20.18287220388855,-41.00626963517502
AT,2017-12-01,46187.555555555555,1.0,0.1311505399975121,0.0,60.57522852276202,0.029565,20.488830888808394,-41.29648532442794
AT,2018-01-01,46675.555555555555,1.0,0.13370487647836973,0.0,62.4074939011484,0.029565,21.108572264890377,-41.23868574263987
AT,2018-02-01,47194.666666666664,1.0,0.13949340242923583,0.0,65.83344629846975,0.029565,22.267358802120665,-41.03822395223867
AT,2018-03-01,47685.33333333333,1.0,0.14466941294170663,0.0,68.98609179262927,0.029565,23.333702618849742,-40.766335083331114
AT,2018-04-01,48246.22222222222,1.0,0.14900410122191604,0.0,71.88884979575055,0.029565,24.315525045070366,-40.470921365920766
AT,2018-05-01,48758.22222222222,1.0,0.15254713389871485,0.0,74.37927053996627,0.029565,25.15787943174912,-40.47354476092018
AT,2018-06-01,49319.11111111111,1.0,0.15481946135193542,0.0,76.35558216578475,0.029565,25.82634269094698,-40.81362850772654
AT,2018-07-01,49896.0,1.0,0.15515781918167992,0.0,77.41754545889101,0.029565,26.185538798880774,-41.17781699034188
AT,2018-08-01,50403.555555555555,1.0,0.1554451710219028,0.0,78.34989313445313,0.029565,26.500894007932732,-41.696056103655806
AT,2018-09-01,50941.33333333333,1.0,0.15702079118439882,0.0,79.98848463988188,0.029565,27.05512756295683,-42.05522987747527
AT,2018-10-01,51193.777777777774,1.0,0.15825958842726667,0.0,81.01906201148061,0.029565,27.403707766440252,-43.09036680711239
AT,2018-11-01,51394.666666666664,1.0,0.1582935042805298,0.0,81.35441887996402,0.029565,27.5171381295329,-44.05689681400648
AT,2018-12-01,51723.555555555555,1.0,0.1572549852183676,0.0,81.33786964330304,0.029565,27.511540552444796,-45.251922247472905
AT,2019-01-01,51978.666666666664,1.0,0.15515076116172857,0.0,80.64529697505101,0.029565,27.27728630984306,-46.080119059615626
AT,2019-02-01,52118.22222222222,1.0,0.15375707042708234,0.0,80.1354516475655,0.029565,27.104837357539488,-46.358066762481364
AT,2019-03-01,51876.44444444444,1.0,0.15286212175334776,0.0,79.29943366797447,0.029565,26.82206449111262,-46.88916111672173
AT,2019-04-01,52112.0,1.0,0.14965338228875047,0.0,77.98737057831364,0.029565,26.378275182923606,-47.23163355282382
AT,2019-05-01,52291.555555555555,1.0,0.14553159544265518,0.0,76.10073508178239,0.029565,25.740143778718885,-47.44096188383443
AT,2019-06-01,51833.777777777774,1.0,0.1446659505022211,0.0,74.98582730343128,0.029565,25.36303984557121,-47.12194800289738
AT,2019-07-01,51917.33333333333,1.0,0.1377635398007407,0.0,71.52315617014987,0.029565,24.191833644562784,-47.62154687449364
AT,2019-08-01,51981.33333333333,1.0,0.12878922287092218,0.0,66.94635523794362,0.029565,22.64378665244161,-47.857933971961145
AT,2019-09-01,52105.777777777774,1.0,0.12002328852046586,0.0,62.539067998054996,0.029565,21.153075595486214,-48.04007719583588
AT,2019-10-01,51755.555555555555,1.0,0.11774207407436438,0.0,60.93806455982103,0.029565,20.611555744908177,-47.363658643500386
AT,2019-11-01,52332.44444444444,1.0,0.10800552577414849,0.0,56.52193177268637,0.029565,19.117852789679137,-47.98383452942568
AT,2019-12-01,52956.44444444444,1.0,0.09862929377882095,0.0,52.23056716592921,0.029565,17.66635114694037,-48.57077464432548
AT,2020-01-01,53633.777777777774,1.0,0.08853354252568008,0.0,47.48388345701764,0.029565,16.060843381369065,-49.25193376959277
AT,2020-02-01,54157.33333333333,1.0,0.07698228924981775,0.0,41.691554996654624,0.029565,14.101659055185058,-50.09221420497831
AT,2020-03-01,55376.03866666667,1.0,0.06489473911816586,0.0,35.93613582670799,0.029565,12.154958845495683,-48.558791240833685
AT,2020-04-01,58002.89077777777,1.0,0.05170529276159655,0.0,29.990564486839084,0.029565,10.143941987769011,-53.67778332417388
AT,2020-05-01,61841.434888888885,1.0,0.026504421467198048,0.0,16.39071454431397,0.029565,5.543958919098247,-61.00954244344827
AT,2020-06-01,65259.535,1.0,0.004363348282604862,0.0,2.847500799658419,0.029565,0.9631323523282324,-62.34653803793172
AT,2020-07-01,66651.784,1.0,-0.007368588072783425,0.0,-4.911295406121371,0.029565,-1.6611856607885578,-64.27657754254952
AT,2020-08-01,68395.95988888889,1.0,-0.021720391223381885,0.0,-14.855870068854015,0.029565,-5.02481652929275,-66.39179512379658
AT,2020-09-01,70842.40155555555,1.0,-0.04098071554795124,0.0,-29.031723068819606,0.029565,-9.819625594053646,-69.68087564332929
AT,2020-10-01,73170.6211111111,1.0,-0.06123661658133317,0.0,-44.80721269999113,0.029565,-15.155492203616145,-72.26585358090871
AT,2020-11-01,75687.28522222221,1.0,-0.08171695867508309,0.0,-61.84934758733559,0.029565,-20.919786094143614,-74.85893919718974
AT,2020-12-01,77611.90544444443,1.0,-0.09797277945176289,0.0,-76.0385409493963,0.029565,-25.719107373379437,-76.7258123953577
AT,2021-01-01,79529.41022222221,1.0,-0.11299541061188845,0.0,-89.86458363781317,0.029565,-30.395597374535146,-78.9149168322424
AT,2021-02-01,81454.91944444444,1.0,-0.12222134438589313,0.0,-99.55529761344627,0.029565,-33.673362967511,-80.09803226263199
AT,2021-03-01,83746.69166666667,1.0,-0.12952879268913794,0.0,-108.47607863292822,0.029565,-36.690708145756204,-81.18021700470894
AT,2021-04-01,86382.50233333334,1.0,-0.1359811815163953,0.0,-117.4639472962944,0.029565,-39.73074489981207,-82.10238555530256
AT,2021-05-01,88803.19222222222,1.0,-0.13840565881962885,0.0,-122.90864324802807,0.029565,-41.57234677761815,-82.9777222607174
AT,2021-06-01,91274.53944444444,1.0,-0.14253947573326303,0.0,-130.10225000206148,0.029565,-44.00549636464112,-83.99024987508793
AT,2021-07-01,93937.02422222222,1.0,-0.15121074898715584,0.0,-142.0428779026682,0.029565,-48.044267851401386,-86.32577522590604
AT,2021-08-01,95818.99888888889,1.0,-0.16016548584650867,0.0,-153.46896510364962,0.029565,-51.90900223360379,-87.68829623217607
AT,2021-09-01,95748.10244444443,1.0,-0.16451407756013484,0.0,-157.51910751781068,0.029565,-53.27891341715227,-87.48236490297512
AT,2021-10-01,97887.85566666667,1.0,-0.16577327262286862,0.0,-162.2719018389835,0.029565,-54.886488022656344,-88.65283674499949
AT,2021-11-01,99832.92566666666,1.0,-0.168671495631357,0.0,-168.38968885450754,0.029565,-56.95575472839761,-90.15999253758785
AT,2021-12-01,100656.09133333333,1.0,-0.17060997340274314,0.0,-171.72933065204086,0.029565,-58.085347759864995,-90.94755270529046
AT,2022-01-01,102943.36344444443,1.0,-0.16731697759347555,0.0,-172.24172434831118,0.029565,-58.258658666771915,-92.60879245371207
AT,2022-02-01,104123.02122222222,1.0,-0.1563282683879665,0.0,-162.77371606993486,0.029565,-55.056220554687926,-93.24128648587609
AT,2022-03-01,105474.21988888888,1.0,-0.14127197197149846,0.0,-149.00551035858777,0.029565,-50.3992932043253,-92.84834308886784
AT,2022-04-01,106372.00422222223,1.0,-0.11709966865642844,0.0,-124.56126448742431,0.029565,-42.131325718729684,-91.22555347272689
AT,2022-05-01,107623.58655555555,1.0,-0.0846683234006976,0.0,-91.12308632028747,0.029565,-30.82127052943936,-85.47214244546923
AT,2022-06-01,108418.273,1.0,-0.04891016582985312,0.0,-53.027557114162875,0.029565,-17.935923258637875,-81.37399889135685
AT,2022-07-01,108907.158,1.0,-0.026844089584619115,0.0806451612903225,-117.06348828338903,0.029565,-39.595294531841375,-89.49571589307222
AT,2022-08-01,109088.50844444444,1.0,-0.008206281508723632,0.5,-554.394652318841,0.029565,-187.5172170873807,-130.08634678400648
AT,2022-09-01,107535.56877777778,1.0,-0.007944690696235223,0.925,-1003.2473795222763,0.029565,-339.33616760435524,-176.19312794477506
AT,2022-10-01,108186.21766666666,1.0,0.037983351769727086,1.25,-1311.2349692106407,0.029565,-443.509206565412,-202.94004857643063
AT,2022-11-01,105112.3831111111,1.0,0.036339463180292464,1.975,-2037.7722906858544,0.029565,-689.251578111231,-264.26913708142365
AT,2022-12-01,105505.283,1.0,0.07553269824097214,2.177419354838709,-2217.6014653826805,0.029565,-750.0765991485474,-279.29497244761626
AT,2023-01-01,106447.55955555555,1.0,0.12971328224578443,2.5,-2523.1123655188417,0.029565,-853.4119281308444,-305.7152025930309
AT,2023-02-01,107210.27411111111,1.0,0.18341261071917253,2.875,-2885.6582179880743,0.029565,-976.0386328388548,-337.98368288982863
AT,2023-03-01,108331.234,1.0,0.24569136586349768,3.161290322580645,-3158.5043283028117,0.029565,-1068.3254957898905,-364.52273050331223
AT,2023-04-01,107033.36355555555,1.0,0.25188577419444025,3.5,-3476.5659080061832,0.029565,-1175.905938781053,-392.13254833543783
AT,2023-05-01,107835.18733333334,1.0,0.30249354105355286,3.6774193548387095,-3639.3575736562484,0.029565,-1230.968230561897,-407.90471223100405
AT,2023-06-01,108240.55088888889,1.0,0.3446719906266087,3.8333333333333335,-3776.146255993467,0.029565,-1277.235330963459,-421.40779445750616
AT,2023-07-01,104509.73977777778,1.0,0.344253389066024,4.0,-3820.6112700220283,0.029565,-1292.275078647735,-409.8021172267639
AT,2023-08-01,104768.43877777777,1.0,0.3828927036124377,4.241935483870968,-4043.0588726434116,0.029565,-1367.5152621827876,-429.9662064264005
AT,2023-09-01,104927.56977777778,1.0,0.42027235112818956,4.341666666666667,-4114.623756698447,0.029565,-1391.7212097745467,-438.44984253011546
AT,2023-10-01,100638.54699999999,1.0,0.4194124634711429,4.5,-4106.644005825736,0.029565,-1389.02215654515,-409.49959741388795
AT,2023-11-01,100874.132,1.0,0.4561627647117341,4.5,-4079.185710589836,0.029565,-1379.7347236901187,-408.56086662254165
AT,2023-12-01,101011.927,1.0,0.4832292180823166,4.5,-4057.4175699880197,0.029565,-1372.371916112978,-406.96749634337004
AT,2024-01-01,100999.50022222221,1.0,0.507412349013239,4.5,-4032.49357343079,0.029565,-1363.9416788198173,-408.31890677329216
AT,2024-02-01,101353.32222222222,1.0,0.5419770535508901,4.5,-4011.587750544061,0.029565,-1356.8705396732828,-410.5800484302748
AT,2024-03-01,101774.70822222222,1.0,0.5781922365838091,4.5,-3991.4084082532877,0.029565,-1350.0451237115803,-413.46140867419194
AT,2024-04-01,101986.29022222222,1.0,0.611112738060983,4.5,-3966.131849376157,0.029565,-1341.4956365216156,-416.5465719092939
AT,2024-05-01,102499.24322222223,1.0,0.6519520487186051,4.5,-3944.2200288916565,0.029565,-1334.0842309797586,-416.55151448906645
AT,2024-06-01,102843.28622222222,1.0,0.6889845190339161,4.341666666666667,-3756.5383558779636,0.029565,-1270.6031983351813,-406.4493210747611
AT,2024-07-01,98744.34022222222,1.0,0.6889693589504173,4.25,-3516.316211615581,0.029565,-1189.3509932743382,-359.11072835169807
AT,2024-08-01,98799.45822222222,1.0,0.7127438242381241,4.25,-3494.78993758483,0.029565,-1182.0699941095315,-358.6828604067907
AT,2024-09-01,98938.14666666667,1.0,0.7363067971658583,3.99,-3219.143753103407,0.029565,-1088.836040285272,-338.40183011707006
AT,2024-10-01,93907.675,1.0,0.7363006327372701,3.577419354838709,-2668.0285359151726,0.029565,-902.4280520599265,-263.6103809112383
AT,2024-11-01,93905.92277777777,1.0,0.75724413735708,3.4,-2481.704279578655,0.029565,-839.4061490203467,-251.44343610393867
AT,2024-12-01,93995.71177777777,1.0,0.7778943382141024,3.287096774193548,-2358.5426896442186,0.029565,-797.7482461167659,-243.80567185402242
AT,2025-01-01,93737.90177777778,1.0,0.7951636629455784,3.0,-2066.767319988827,0.029565,-699.058792487342,-220.47703261223648
AT,2025-02-01,93737.90177777778,1.0,0.8166582909454969,2.7857142857142856,-1845.7517743258122,0.029565,-624.3029847203829,-203.64950656786124
AT,2025-03-01,93737.90177777778,1.0,0.8401755108002879,2.588709677419355,-1639.0392396562665,0.029565,-554.3849956557641,-188.20642586992767
AT,2025-04-01,90503.92866666667,1.0,0.840091759984884,2.433333333333333,-1441.9462170309582,0.029565,-487.72068900083144,-164.57855199856817
AT,2025-05-01,90503.92866666667,1.0,0.8597854482750664,2.25,-1258.1987862067538,0.029565,-425.57036570497337,-150.88917080698684
AT,2025-06-01,90422.1508888889,1.0,0.8780263225755073,2.083333333333333,-1089.8645239417974,0.029565,-368.63335834324283,-137.73462458510255
AT,2025-07-01,90422.1508888889,1.0,0.8980461049769644,2.0,-996.4104136837176,0.029565,-337.02364744925336,-131.34695138770053
AT,2025-08-01,90422.1508888889,1.0,0.9180905143348329,2.0,-978.2858276093592,0.029565,-330.8932276710161,-129.44441493987517
AT,2025-09-01,90250.58522222222,1.0,0.9352243594721479,2.0,-960.9662468800516,0.029565,-325.0350911145109,-128.3897467941346
AT,2025-10-01,85253.89288888889,1.0,0.935208182358014,2.0,-907.776475702152,0.029565,-307.0443009308818,-115.94602714875319
AT,2025-11-01,85253.89288888889,1.0,0.9542801981984425,2.0,-891.5168397458011,0.029565,-301.5446777425338,-114.53824526345633
AT,2025-12-01,85253.89288888889,1.0,0.9748319676542704,2.0,-873.9956562271581,0.029565,-295.61835150588803,-112.67640244490548
AT,2026-01-01,85253.89288888889,1.0,0.9948955872149858,2.0,-856.8906394972316,0.029216,-293.29498887501086,-112.78661200051673
AT,2026-02-01,85253.89288888889,1.0,1.0147314448040883,2.0,-839.9797987146256,0.029216,-287.50677666847815,-111.32213200157562
AT,2026-03-01,80999.47633333332,1.0,1.0147619012962124,2.0,-798.0377005865578,0.029216,-273.1509106607879,-102.03351071815516
AT,2026-04-01,80999.47633333332,1.0,1.0382094570290294,2.0,-779.0453032300093,0.029216,-266.65022700917626,-101.0071192192458
AT,2026-05-01,80999.47633333332,1.0,1.0618804657305592,2.0,-759.8719101389526,0.029216,-260.08759246267545,-100.33436030731602
AT,2026-06-01,80999.47633333332,1.0,1.0846747099390701,2.1166666666666667,-835.908080751473,0.029216,-286.11311635797955,-106.72769384933454
AT,2026-07-01,79549.60688888888,1.0,1.084609892315877,2.25,-927.0632493847188,0.029216,-317.313543737924,-115.68060473863605
AT,2026-08-01,79549.60688888888,1.0,1.109797496178031,2.25,-907.0266095276446,0.029216,-310.45543863898024,-113.78198821100486
BE,2015-03-01,1358.2222222222222,1.0,0.233898212713332,0.05,2.497746391341967,0.036695,0.6806775831426536,-0.5661596103773942
BE,2015-04-01,2718.222222222222,1.0,0.2254919128190413,0.05,4.77026017245003,0.036695,1.2999755204932635,-1.5033839866912437
BE,2015-05-01,4190.222222222222,1.0,0.3363310041737862,0.05,11.997905366002026,0.036695,3.269629477041021,-2.4726928868219167
BE,2015-06-01,5663.11111111111,1.0,0.4576724582687037,0.05,23.086944281154764,0.036695,6.291577675747313,-3.1221705201510668
BE,2015-07-01,7122.666666666666,1.0,0.503426381111283,0.05,32.29604970528632,0.036695,8.801212618963435,-3.6436786454895227
BE,2015-08-01,8333.333333333332,1.0,0.5115008136823879,0.05,38.45840114019899,0.036695,10.480556244774217,-4.053556545472674
BE,2015-09-01,9784.888888888889,1.0,0.5213083697419367,0.05,46.11700030328213,0.036695,12.567652351350903,-4.475404610022414
BE,2015-10-01,11276.444444444443,1.0,0.5133418297104578,0.05,52.24848401517215,0.036695,14.238584007404866,-5.563823887211042
BE,2015-11-01,12844.444444444443,1.0,0.5060255210239576,0.05,58.57394470041055,0.036695,15.962377626491499,-6.557333620551059
BE,2015-12-01,14129.777777777777,1.0,0.5049116823819667,0.05,64.27800980572216,0.036695,17.51683057793219,-6.598175419773074
BE,2016-01-01,15648.888888888889,1.0,0.5014271632635952,0.05,70.64333519338305,0.036695,19.251487993836506,-6.896728041898292
BE,2016-02-01,17166.222222222223,1.0,0.4904549119524446,0.05,75.60946897444987,0.036695,20.604842342131047,-7.408850912994151
BE,2016-03-01,18686.222222222223,1.0,0.4733629973173452,0.0241935483870967,83.9328013814372,0.036695,22.87308935316452,-7.684399687464552
BE,2016-04-01,21008.0,1.0,0.44759628685336994,0.0,94.03102794215596,0.036695,25.62502464699713,-8.268351130897596
BE,2016-05-01,23403.555555555555,1.0,0.42666153981859395,0.0,99.85397050563343,0.036695,27.211873690048627,-9.146428551640192
BE,2016-06-01,25484.44444444444,1.0,0.4038935873749525,0.0,102.93003688924344,0.036695,28.050153124197696,-10.597741582933924
BE,2016-07-01,27589.333333333332,1.0,0.36714237991098886,0.0,101.29213500157576,0.036695,27.60379752052753,-11.961911695117621
BE,2016-08-01,29104.0,1.0,0.34125929054719395,0.0,99.32010392085533,0.036695,27.066386134583823,-12.920266741897585
BE,2016-09-01,31216.888888888887,1.0,0.31158108248135324,0.0,97.26592031700127,0.036695,26.50658681482526,-14.10305974265334
BE,2016-10-01,33418.666666666664,1.0,0.290950934868146,0.0,97.23192308713615,0.036695,26.49732200221724,-15.188661132211934
BE,2016-11-01,35527.11111111111,1.0,0.29051952603385367,0.0,103.21319481352057,0.036695,28.127318384935435,-15.761151426312338
BE,2016-12-01,37186.666666666664,1.0,0.28964762424694823,0.0,107.71029653663182,0.036695,29.35285366851937,-16.03011810427638
BE,2017-01-01,39399.11111111111,1.0,0.2943276660684216,0.0,115.9624841850375,0.036695,31.601712545316122,-15.725467923269886
BE,2017-02-01,41505.777777777774,1.0,0.3068220226861025,0.0,127.34886690937661,0.036695,34.70469189518371,-14.888987001437037
BE,2017-03-01,43637.33333333333,1.0,0.3194322925675928,0.0,139.391734282029,0.036695,37.98657426952691,-13.945070752323744
BE,2017-04-01,45391.11111111111,1.0,0.3263299223831667,0.0,148.12477765774585,0.036695,40.36647435829019,-13.14061068862128
BE,2017-05-01,47062.22222222222,1.0,0.33162732705720915,0.0,156.07118960927946,0.036695,42.5320042537892,-12.38571504362374
BE,2017-06-01,48738.666666666664,1.0,0.33144210035665356,0.0,161.5404604858282,0.036695,44.02247185878954,-11.800148192572522
BE,2017-07-01,50449.777777777774,1.0,0.3392226703423739,0.0,171.1370833595713,0.036695,46.63771177532942,-10.848853858199831
BE,2017-08-01,51822.22222222222,1.0,0.3417507209156996,0.0,177.1028180389803,0.036695,48.263474053407904,-10.278270701970008
BE,2017-09-01,53468.44444444444,1.0,0.34319998823718817,0.0,183.50369504394078,0.036695,50.00781987844142,-9.625886786839693
BE,2017-10-01,55096.0,1.0,0.34374281213278024,0.0,189.3885397726766,0.036695,51.61153829477493,-9.045938391867509
BE,2017-11-01,56717.33333333333,1.0,0.3399728393785488,0.0,192.82352855312945,0.036695,52.547630073069755,-8.641511765993819
BE,2017-12-01,58191.11111111111,1.0,0.33568224314167805,0.0,195.33722708684402,0.036695,53.23265488127648,-8.552661331959854
BE,2018-01-01,58824.88888888888,1.0,0.33661778926535946,0.0,198.01504051558183,0.036695,53.96240373772499,-8.38485426980526
BE,2018-02-01,59497.777777777774,1.0,0.34274623942864446,0.0,203.92639587694504,0.036695,55.5733467439556,-7.7322360104037315
BE,2018-03-01,60132.44444444444,1.0,0.3468503801701874,0.0,208.56961216118228,0.036695,56.83870068433909,-7.261337017841768
BE,2018-04-01,60844.44444444444,1.0,0.3498452621597889,0.0,212.86140617633376,0.036695,58.00828619058013,-6.778160220411003
BE,2018-05-01,61487.11111111111,1.0,0.3527819578701047,0.0,216.91543441554444,0.036695,59.1130765541748,-6.518347638494497
BE,2018-06-01,62211.555555555555,1.0,0.3551089936646595,0.0,220.9188288764639,0.036695,60.204068368023954,-6.435902830649567
BE,2018-07-01,62945.777777777774,1.0,0.355421312022221,0.0,223.72270924036937,0.036695,60.96817256857048,-6.3951832206521715
BE,2018-08-01,63589.33333333333,1.0,0.35621673038781454,0.0,226.51584407540867,0.036695,61.729348433140395,-6.4676016784481405
BE,2018-09-01,64238.22222222222,1.0,0.3581125341141172,0.0,230.04512546985796,0.036695,62.691136522648314,-6.4192209177837825
BE,2018-10-01,64549.33333333333,1.0,0.3604556471408364,0.0,232.67171719176224,0.036695,63.406926609010014,-7.087147964542623
BE,2018-11-01,64802.666666666664,1.0,0.3619732289713155,0.0,234.56830499285167,0.036695,63.92377844198165,-7.65025650155772
BE,2018-12-01,65215.11111111111,1.0,0.36314806862930193,0.0,236.82741645445327,0.036695,64.53942402355996,-8.224038776357744
BE,2019-01-01,65461.33333333333,1.0,0.36420935888828365,0.0,238.41630245305566,0.036695,64.9724219793039,-8.384983390154787
BE,2019-02-01,65595.55555555555,1.0,0.3644069696734219,0.0,239.03477624044592,0.036695,65.14096640971411,-8.321937710306742
BE,2019-03-01,65076.44444444444,1.0,0.3642682789012336,0.0,237.0528441478952,0.036695,64.60085683278245,-9.110368775051896
BE,2019-04-01,65262.22222222222,1.0,0.3620688013365537,0.0,236.29414572559799,0.036695,64.39409884877995,-9.215809886967477
BE,2019-05-01,65427.555555555555,1.0,0.35914844999629353,0.0,234.98205164824162,0.036695,64.03653131168869,-9.14457435086463
BE,2019-06-01,65514.666666666664,1.0,0.35410073231632516,0.0,231.98791444126604,0.036695,63.22057894570543,-9.264408902763165
BE,2019-07-01,65720.88888888889,1.0,0.34646879048994145,0.0,227.70236883257166,0.036695,62.05269623452015,-9.760684284536275
BE,2019-08-01,65768.88888888889,1.0,0.3380456085366573,0.0,222.32884067224245,0.036695,60.58832011779329,-9.913400506609463
BE,2019-09-01,64714.666666666664,1.0,0.3380456085366573,0.0,218.76508874580264,0.036695,59.617138232947994,-9.576014558374098
BE,2019-10-01,65029.33333333333,1.0,0.3282215809511279,0.0,213.44030594864546,0.036695,58.16604604132592,-9.80916834708264
BE,2019-11-01,65678.22222222222,1.0,0.3171759138651264,0.0,208.31550154370183,0.036695,56.76945129955085,-10.33223601955396
BE,2019-12-01,66442.66666666666,1.0,0.30609096409373365,0.0,203.37499896958576,0.036695,55.423081882977456,-10.814043908288397
BE,2020-01-01,67296.0,1.0,0.2939950667498367,0.0,197.84692011997012,0.036695,53.91658812371444,-11.396189027247395
BE,2020-02-01,67923.55555555555,1.0,0.2823551850950477,0.0,191.78568101202643,0.036695,52.26479929473401,-11.92907396542936
BE,2020-03-01,70064.04933333333,1.0,0.26287589933534833,0.0,184.1814997957621,0.036695,50.19253298699063,-10.521217099338742
BE,2020-04-01,73972.76155555555,1.0,0.24115648406485368,0.0,178.39011093305555,0.036695,48.614282854082454,-15.207442457860438
BE,2020-05-01,78886.05122222222,1.0,0.20950516508726685,0.0,165.27035184394256,0.036695,45.03892951190696,-21.514571850639555
BE,2020-06-01,83609.11866666666,1.0,0.17692771494653572,0.0,147.9277031438708,0.036695,40.312768263760944,-22.99690212649901
BE,2020-07-01,87045.87255555554,1.0,0.14923926004169114,0.0,129.9066160987446,0.036695,35.401721242334,-27.213670639426965
BE,2020-08-01,89186.53566666666,1.0,0.12975458116032926,0.0,115.72361580569098,0.036695,31.536616924837443,-29.830361669666384
BE,2020-09-01,90114.80888888889,1.0,0.113401415468807,0.0,102.1914688270103,0.036695,27.848880999321516,-32.01236904995413
BE,2020-10-01,93096.41544444444,1.0,0.08612597801825043,0.0,80.18019830146132,0.036695,21.850442376743786,-35.259919000548784
BE,2020-11-01,96061.1331111111,1.0,0.05933000870497896,0.0,56.99307863692365,0.036695,15.531565236932458,-38.40758786611367
BE,2020-12-01,98277.35177777777,1.0,0.038919641738784254,0.0,38.24919322227583,0.036695,10.423543595115365,-40.5831614268629
BE,2021-01-01,100562.89822222223,1.0,0.019871052460782582,0.0,19.982906261821174,0.036695,5.445675503970889,-43.073643953736365
BE,2021-02-01,102830.67244444444,1.0,0.00429114068331999,0.0,4.412608820195073,0.036695,1.202509557213537,-45.22215973790746
BE,2021-03-01,105582.0531111111,1.0,-0.008319814636388896,0.0,-8.784231108138119,0.036695,-2.393849600255653,-46.88335845920838
BE,2021-04-01,108861.48177777776,1.0,-0.019907382513784544,0.0,-21.671471587676077,0.036695,-5.905837740203319,-48.277478395693805
BE,2021-05-01,111796.89855555556,1.0,-0.026408553707753163,0.0,-29.52394399864621,0.036695,-8.045767542893095,-49.45114302599235
BE,2021-06-01,114733.188,1.0,-0.033806844477811106,0.0,-38.787670431594634,0.036695,-10.57028762272643,-50.55504113317324
BE,2021-07-01,118038.40244444444,1.0,-0.045020755250576534,0.0,-53.14178026620388,0.036695,-14.482022146397025,-52.763529520901685
BE,2021-08-01,120334.64722222222,1.0,-0.05592566550743898,0.0,-67.29795229505672,0.036695,-18.339815314090945,-54.11910931266323
BE,2021-09-01,120441.58077777777,1.0,-0.06306655416131991,0.0,-75.95835477396709,0.036695,-20.699919545978222,-54.90337103180107
BE,2021-10-01,123016.0488888889,1.0,-0.06664012151064284,0.0,-81.97804445714738,0.036695,-22.340385463182283,-56.10673418552544
BE,2021-11-01,125523.8518888889,1.0,-0.07155922606243191,0.0,-89.8238969354422,0.036695,-24.478511223720457,-57.682749032910706
BE,2021-12-01,127501.82277777776,1.0,-0.07542472188339343,0.0,-96.16789522639606,0.036695,-26.207356649787727,-59.06956159521319
BE,2022-01-01,130110.91155555555,1.0,-0.07378891226837311,0.0,-96.00742637930942,0.036695,-26.16362621046721,-60.51375999740736
BE,2022-02-01,131911.97655555554,1.0,-0.06330523982950818,0.0,-83.50719312233903,0.036695,-22.757103998457293,-60.94216992964546
BE,2022-03-01,131170.75544444442,1.0,-0.057621313364819515,0.0,-75.58231203764439,0.036695,-20.59744162355754,-63.046491508100075
BE,2022-04-01,133465.02555555553,1.0,-0.024079566502756795,0.0,-32.13779958657135,0.036695,-8.758086820158427,-57.852314574155635
BE,2022-05-01,134393.89477777778,1.0,0.0016334124630803383,0.0,2.1952066269192985,0.036695,0.5982304474504152,-54.05264146857946
BE,2022-06-01,135391.25955555553,1.0,0.038084110721114874,0.0,51.562557195849784,0.036695,14.051657499890936,-49.38641813282804
BE,2022-07-01,135637.45088888888,1.0,0.057539411827289985,0.0806451612903225,-31.340049580430428,0.036695,-8.54068662772324,-58.44110798895408
BE,2022-08-01,135928.14577777777,1.0,0.07688142318377168,0.5,-575.1372359076214,0.036695,-156.73449677275417,-99.30362646937996
BE,2022-09-01,133215.2081111111,1.0,0.08006462879757004,0.925,-1125.5824131517063,0.036695,-306.73999540855874,-143.59695574897856
BE,2022-10-01,134129.0128888889,1.0,0.1269137930218915,1.25,-1506.3844433110003,0.036695,-410.51490484016904,-169.94574685118766
BE,2022-11-01,133548.4638888889,1.0,0.149010165633075,1.975,-2438.581374564295,0.036695,-664.5541285091416,-239.5716874793343
BE,2022-12-01,133944.037,1.0,0.18689375964319843,2.177419354838709,-2666.190339723145,0.036695,-726.5813706835114,-255.79974398258025
BE,2023-01-01,133807.97733333334,1.0,0.21608924690152712,2.5,-3056.0547828195677,0.036695,-832.8259389070903,-285.1292133692767
BE,2023-02-01,134399.13177777777,1.0,0.26228765248657665,2.875,-3511.462710908837,0.036695,-956.9322008199583,-318.87725087093213
BE,2023-03-01,135013.38066666666,1.0,0.30946845761756403,3.161290322580645,-3850.341110477837,0.036695,-1049.2822211412556,-345.4794558546773
BE,2023-04-01,135465.85666666666,1.0,0.3525771001508722,3.5,-4263.683394203463,0.036695,-1161.924892820129,-378.1515023745137
BE,2023-05-01,136105.00877777778,1.0,0.39779949909656603,3.6774193548387095,-4463.7268925355875,0.036695,-1216.4400851711644,-393.3765668402715
BE,2023-06-01,132722.6882222222,1.0,0.3965097972803419,3.8333333333333335,-4561.444586503564,0.036695,-1243.069787846727,-387.24225134077403
BE,2023-07-01,132967.1632222222,1.0,0.4373918059202799,4.0,-4737.099052390245,0.036695,-1290.9385617632497,-408.46560034227866
BE,2023-08-01,133223.19522222222,1.0,0.47789882774528275,4.241935483870968,-5014.569902626326,0.036695,-1366.5539998981678,-429.0049441417807
BE,2023-09-01,133387.6602222222,1.0,0.5178385653316241,4.341666666666667,-5100.514835290637,0.036695,-1389.975428611701,-436.7040613672699
BE,2023-10-01,130251.52622222222,1.0,0.517574046594045,4.5,-5187.1705849811415,0.036695,-1413.5905668295795,-434.0680076983175
BE,2023-11-01,130434.66022222221,1.0,0.5551803377322414,4.5,-5145.412122858365,0.036695,-1402.2106888835988,-431.03683181602173
BE,2023-12-01,130553.78622222222,1.0,0.5839606678482799,4.5,-5112.537618075495,0.036695,-1393.2518376006255,-427.84741783101765
BE,2024-01-01,131035.62422222222,1.0,0.6191496270712906,4.5,-5085.2965112975735,0.036695,-1385.8281813046938,-430.20540925816863
BE,2024-02-01,131461.45522222223,1.0,0.6565538237974266,4.5,-5052.650273918759,0.036695,-1376.9315366994847,-430.6410454564767
BE,2024-03-01,131892.62022222223,1.0,0.6943236166267411,4.5,-5019.406299209295,0.036695,-1367.871998694453,-431.28828365706454
BE,2024-04-01,132322.89622222222,1.0,0.7329046614346747,4.5,-4984.729655441966,0.036695,-1358.4220344575465,-433.47296984522484
BE,2024-05-01,132839.4052222222,1.0,0.774323657330337,4.5,-4949.166294107421,0.036695,-1348.7304248827963,-431.19770839210423
BE,2024-06-01,126925.35544444443,1.0,0.7741876569796737,4.341666666666667,-4528.035413451162,0.036695,-1233.965230535812,-369.81135327539175
BE,2024-07-01,127152.93944444443,1.0,0.808060991219846,4.25,-4376.526623548941,0.036695,-1192.6765563561632,-362.43629143352314
BE,2024-08-01,127223.17044444443,1.0,0.8340705799361069,4.25,-4345.8537083498095,0.036695,-1184.3176749829158,-360.930541280175
BE,2024-09-01,127343.18544444445,1.0,0.8591299028239483,3.99,-3986.949713871558,0.036695,-1086.5103457886792,-336.0761356204772
BE,2024-10-01,123044.29666666666,1.0,0.859184386925642,3.577419354838709,-3344.633098016025,0.036695,-911.4683466455989,-272.6506754969107
BE,2024-11-01,123181.20266666665,1.0,0.8849914532271004,3.4,-3098.0177750843136,0.036695,-844.2615547307028,-256.29884181429475
BE,2024-12-01,123203.43055555555,1.0,0.9074899791968419,3.287096774193548,-2931.7572051690477,0.036695,-798.9527742659893,-245.0102000032458
BE,2025-01-01,123203.43055555555,1.0,0.9332429051713195,3.0,-2546.3156420792707,0.036695,-693.9135146693748,-215.33175479426927
BE,2025-02-01,123203.43055555555,1.0,0.9574874757079527,2.7857142857142856,-2252.438148264201,0.036695,-613.8269923052735,-193.1735141527518
BE,2025-03-01,123203.43055555555,1.0,0.9839596167552846,2.588709677419355,-1977.1071265804933,0.036695,-538.794693168141,-172.61612338230452
BE,2025-04-01,123203.43055555555,1.0,1.0062595718754854,2.433333333333333,-1758.2038306742738,0.036695,-479.1398911770742,-155.99775417481095
BE,2025-05-01,123203.43055555555,1.0,1.0283807828131561,2.25,-1505.0767839001146,0.036695,-410.158545823713,-135.47735092572645
BE,2025-06-01,114350.52811111111,1.0,1.0284632717524524,2.083333333333333,-1206.24948630374,0.036695,-328.7231193088268,-97.82438555068654
BE,2025-07-01,114350.52811111111,1.0,1.0504105280668468,2.0,-1085.860576043072,0.036695,-295.91513177355824,-90.23843571200541
BE,2025-08-01,114350.52811111111,1.0,1.0725429533925255,2.0,-1060.552030799361,0.036695,-289.01813075333456,-87.56931802219361
BE,2025-09-01,114350.52811111111,1.0,1.095220853243587,2.0,-1034.6197325551634,0.036695,-281.95114662901307,-85.30580230863674
BE,2025-10-01,114350.52811111111,1.0,1.1173395661385437,2.0,-1009.3268675484,0.036695,-275.05841873508655,-83.96014495295796
BE,2025-11-01,114350.52811111111,1.0,1.1395560445025976,2.0,-983.9222072114135,0.036695,-268.13522474762595,-81.1287922685485
BE,2025-12-01,114350.52811111111,1.0,1.163258803688899,2.0,-956.8179769049731,0.036695,-260.74886957486666,-77.80692051388411
BE,2026-01-01,114350.52811111111,1.0,1.187302550603838,2.0,-929.3238253300412,0.036261,-256.28742321779356,-75.77904634329943
BE,2026-02-01,114350.52811111111,1.0,1.2104215625469588,2.0,-902.8871130790118,0.036261,-248.99674942197174,-72.81210475506921
BE,2026-03-01,109939.63644444445,1.0,1.2104423582246602,2.0,-868.0368008871377,0.036261,-239.38578662671677,-68.26838668408405
BE,2026-04-01,109939.63644444445,1.0,1.2396623027132423,2.0,-835.912500147122,0.036261,-230.52659886575717,-64.8834910758267
BE,2026-05-01,109822.29366666666,1.0,1.267365173630467,2.0,-804.5963705198219,0.036261,-221.8902872286539,-62.137055073294476
BE,2026-06-01,102849.53333333333,1.0,1.2672962804697991,2.1166666666666667,-873.5734784750093,0.036261,-240.91268262734323,-61.52726011869822
BE,2026-07-01,102849.53333333333,1.0,1.2963228627192853,2.25,-980.8524851999077,0.036261,-270.49791379165157,-68.8649747923636
BE,2026-08-01,102849.53333333333,1.0,1.327049929351446,2.25,-949.2498405617081,0.036261,-261.7825875077102,-65.10913707973484
CY,2015-07-01,87.1111111111111,1.0,2.826906741979785,0.05,2.418994317457946,0.002204,10.9754733097003,-1.4694179547526574
CY,2015-08-01,87.1111111111111,1.0,2.8282026624517282,0.05,2.420123208180172,0.002204,10.980595318421834,-3.5535174718250566
CY,2015-09-01,87.1111111111111,1.0,2.8292832399670247,0.05,2.421064511260164,0.002204,10.984866203539765,-6.058190757833552
CY,2015-10-01,167.11111111111111,1.0,2.864729392474671,0.05,4.703725562535451,0.002204,21.341767525115475,1.5393596304995683
CY,2015-11-01,253.33333333333331,1.0,2.990509194437949,0.05,7.449289959242805,0.002204,33.79895625790746,11.279245010864905
CY,2015-12-01,253.33333333333331,1.0,2.9916787392810487,0.05,7.452252806178657,0.002204,33.81239930208102,9.697393304375755
CY,2016-01-01,253.33333333333331,1.0,2.9922633052741157,0.05,7.453733706694425,0.002204,33.81911845142661,7.670902415691813
CY,2016-02-01,253.33333333333331,1.0,2.997282720347063,0.05,7.46644955821256,0.002204,33.87681287755245,5.863119622427256
CY,2016-03-01,239.1111111111111,1.0,2.997282720347063,0.0241935483870967,7.108986553397608,0.002204,32.25492991559714,1.6974408749680663
CY,2016-04-01,239.1111111111111,1.0,3.0029362585278108,0.0,7.180354253724276,0.002204,32.57873980818637,-1.3146359697083554
CY,2016-05-01,239.1111111111111,1.0,3.0071440595089896,0.0,7.190415573403717,0.002204,32.62439007896424,-3.733912162724579
CY,2016-06-01,239.1111111111111,1.0,3.0115367272592066,0.0,7.20091893006868,0.002204,32.67204596219909,-5.975848744932527
CY,2016-07-01,239.1111111111111,1.0,3.0175182240280116,0.0,7.215221353453646,0.002204,32.73693899026155,-6.8287702253836
CY,2016-08-01,239.1111111111111,1.0,3.023392613872621,0.0,7.229267672282089,0.002204,32.800670019428715,-7.185982857052693
CY,2016-09-01,220.44444444444443,1.0,3.023392613872621,0.0,6.664901051025867,0.002204,30.24002291754023,-10.369623639938368
CY,2016-10-01,220.44444444444443,1.0,3.0197414361232444,0.0,6.656852232520574,0.002204,30.20350377731658,-11.482479357112592
CY,2016-11-01,220.44444444444443,1.0,3.0144186877210934,0.0,6.645118529376276,0.002204,30.15026555978347,-13.738204251464303
CY,2016-12-01,220.44444444444443,1.0,3.0077391377532954,0.0,6.630393832558375,0.002204,30.083456590555244,-15.299515182240505
CY,2017-01-01,220.44444444444443,1.0,2.9992282260242265,0.0,6.611632000480072,0.002204,29.998330310708134,-17.328850157877874
CY,2017-02-01,220.44444444444443,1.0,2.9879593858997975,0.0,6.586790468472442,0.002204,29.885619185446654,-19.70805971117409
CY,2017-03-01,220.44444444444443,1.0,2.975951798030841,0.0,6.560320408103543,0.002204,29.765519093028782,-22.166125928821874
CY,2017-04-01,220.44444444444443,1.0,2.9633290607460214,0.0,6.53249428502234,0.002204,29.63926626598158,-23.86781878092989
CY,2017-05-01,220.44444444444443,1.0,2.9464195240353575,0.0,6.495218150762388,0.002204,29.470136800192325,-25.447582497220612
CY,2017-06-01,190.2222222222222,1.0,2.9464195240353575,0.0,5.604744694609479,0.002204,25.429876109843374,-30.392743941518685
CY,2017-07-01,190.2222222222222,1.0,2.921543803987544,0.0,5.557425547140749,0.002204,25.215179433487975,-32.27138620004128
CY,2017-08-01,190.2222222222222,1.0,2.8958623983553746,0.0,5.508573806649334,0.002204,24.993529068281916,-33.548215687096
CY,2017-09-01,189.33333333333331,1.0,2.872099655177831,0.0,5.437842013803359,0.002204,24.67260441834555,-34.96110224693556
CY,2017-10-01,189.33333333333331,1.0,2.8328964269182184,0.0,5.36361723496516,0.002204,24.335831374615065,-36.32164531202737
CY,2017-11-01,189.33333333333331,1.0,2.788290843737102,0.0,5.279163997475579,0.002204,23.952649716313882,-37.236492122749695
CY,2017-12-01,189.33333333333331,1.0,2.745157505629767,0.0,5.197498210659024,0.002204,23.582115293371253,-38.20320091986508
CY,2018-01-01,189.33333333333331,1.0,2.7032149116430233,0.0,5.118086899377457,0.002204,23.221809888282475,-39.12544811924778
CY,2018-02-01,189.33333333333331,1.0,2.6642406938844374,0.0,5.044295713754534,0.002204,22.887004145891716,-40.41857860846761
CY,2018-03-01,189.33333333333331,1.0,2.624454193969148,0.0,4.968966607248253,0.002204,22.54522054105378,-41.554817161127076
CY,2018-04-01,189.33333333333331,1.0,2.591641827134828,0.0,4.906841859375273,0.002204,22.26334781930705,-42.52309859168408
CY,2018-05-01,189.33333333333331,1.0,2.5671390782128785,0.0,4.860449988083049,0.002204,22.052858385131803,-43.5785658075375
CY,2018-06-01,189.33333333333331,1.0,2.5453825122670923,0.0,4.819257556559028,0.002204,21.86595987549468,-44.77401132317884
CY,2018-07-01,189.33333333333331,1.0,2.512965095113114,0.0,4.757880580080829,0.002204,21.58747994592028,-45.77587584330237
CY,2018-08-01,189.33333333333331,1.0,2.484092325825402,0.0,4.703214803562761,0.002204,21.33945010690908,-46.85750000467945
CY,2018-09-01,189.33333333333331,1.0,2.449618772847269,0.0,4.637944876590828,0.002204,21.043307062571817,-48.067050377860284
CY,2018-10-01,327.1111111111111,1.0,2.0509940341168202,0.0,6.709029373822132,0.002204,30.440242167977004,-40.05383240557563
CY,2018-11-01,447.1111111111111,1.0,1.9401588582936757,0.0,8.674665828637501,0.002204,39.35873787948049,-32.21529706405888
CY,2018-12-01,601.7777777777777,1.0,1.8746537307333018,0.0,11.281249561835068,0.002204,51.18534283954205,-21.578119960375652
CY,2019-01-01,653.3333333333333,1.0,1.848475968116396,0.0,12.076709658360453,0.002204,54.794508431762495,-18.562896937696195
CY,2019-02-01,703.1111111111111,1.0,1.8138023044447495,0.0,12.753045536140416,0.002204,57.86318301334127,-15.599721106679581
CY,2019-03-01,753.7777777777777,1.0,1.7660933392355989,0.0,13.312419125971447,0.002204,60.40117570767445,-13.310049900159903
CY,2019-04-01,857.7777777777777,1.0,1.6636194118822933,0.0,14.27015762192367,0.002204,64.74663167841956,-8.863277057327863
CY,2019-05-01,960.8888888888888,1.0,1.5691503201600598,0.0,15.077791076382441,0.002204,68.41103029211635,-4.77007537043697
CY,2019-06-01,1046.2222222222222,1.0,1.4650611897255916,0.0,15.327795736062413,0.002204,69.54535270445741,-2.939635144011177
CY,2019-07-01,1170.6666666666665,1.0,1.3335018340137543,0.0,15.61086147018768,0.002204,70.82967999177714,-0.9837005272792823
CY,2019-08-01,1252.4444444444443,1.0,1.2474985113137973,0.0,15.624225799476804,0.002204,70.89031669454086,0.3885960701381066
CY,2019-09-01,1395.5555555555554,1.0,1.137252839330941,0.0,15.87099517999624,0.002204,72.00995998183413,2.816807190512037
CY,2019-10-01,1485.3333333333333,1.0,1.0779365151410076,0.0,16.010950371561098,0.002204,72.64496538820825,4.669750999799689
CY,2019-11-01,1615.111111111111,1.0,1.0146958581865149,0.0,16.388465549554645,0.002204,74.35782917220801,7.256141853103202
CY,2019-12-01,1728.0,1.0,0.9656221388362175,0.0,16.68595055908984,0.002204,75.70757966919166,9.470453877925806
CY,2020-01-01,1817.7777777777776,1.0,0.9333302590979252,0.0,16.96587004315784,0.002204,76.97763177476334,11.664854623801503
CY,2020-02-01,1854.2222222222222,1.0,0.917509750661744,0.0,17.01266968782576,0.002204,77.18997136037096,12.99609810020759
CY,2020-03-01,1977.7803333333331,1.0,0.9308006489113894,0.0,18.409192176708505,0.002204,83.52628029359576,22.81253020726639
CY,2020-04-01,2272.9154444444443,1.0,1.0506895094060111,0.0,23.88128413244679,0.002204,108.35428372253536,44.532558410592465
CY,2020-05-01,2569.831222222222,1.0,1.1198326899919722,0.0,28.777810104064685,0.002204,130.5708262434877,64.01732488094117
CY,2020-06-01,2884.527777777778,1.0,1.1037448496263889,0.0,31.83782678326475,0.002204,144.45474947034825,81.1450790800883
CY,2020-07-01,3177.8817777777776,1.0,1.0792717368762565,0.0,34.29797985889628,0.002204,155.61696850678894,93.00157662502798
CY,2020-08-01,3395.673555555555,1.0,1.0588987808746115,0.0,35.95674588225935,0.002204,163.14313013729287,101.77615154278905
CY,2020-09-01,3632.1326666666664,1.0,1.027432193571544,0.0,37.31770033056195,0.002204,169.3180595760524,109.45680952677677
CY,2020-10-01,3873.9265555555553,1.0,0.9797502556844524,0.0,37.954805333083456,0.002204,172.2087356310502,115.09837425375761
CY,2020-11-01,4109.4982222222225,1.0,0.9286195779293429,0.0,38.16160504621385,0.002204,173.14702834035324,119.20787523730712
CY,2020-12-01,4332.622222222222,1.0,0.8792440396840777,0.0,38.09432265091672,0.002204,172.84175431450421,121.83504929252595
CY,2021-01-01,4507.745777777778,1.0,0.8432611308827072,0.0,38.01206802300638,0.002204,172.46854819875853,123.94922874105127
CY,2021-02-01,4656.201555555555,1.0,0.8161472838342033,0.0,38.001462525512586,0.002204,172.42042888163607,125.99575958651508
CY,2021-03-01,4817.988777777778,1.0,0.7913519532533656,0.0,38.127248300472395,0.002204,172.99114473898547,128.50163588003275
CY,2021-04-01,4967.331222222222,1.0,0.7694686227128462,0.0,38.222055141218526,0.002204,173.42130281859588,131.04966216310538
CY,2021-05-01,5095.339888888889,1.0,0.7544900931979172,0.0,38.44383467642842,0.002204,174.42756205276055,133.0221865696613
CY,2021-06-01,5235.792333333333,1.0,0.7330612144691919,0.0,38.381562865818175,0.002204,174.14502207721497,134.16026856676817
CY,2021-07-01,5364.689,1.0,0.7109659070246219,0.0,38.14110980790012,0.002204,173.05403724092616,134.7725298664215
CY,2021-08-01,5470.473,1.0,0.6899749904235368,0.0,37.74489555787217,0.002204,171.25633193226938,135.4770379336971
CY,2021-09-01,5595.812,1.0,0.6687911962038693,0.0,37.424298012119664,0.002204,169.8017151185103,135.59826363268743
CY,2021-10-01,5689.151444444444,1.0,0.6557377799925653,0.0,37.305915382214955,0.002204,169.26458884852522,135.49824012618205
CY,2021-11-01,5785.1575555555555,1.0,0.647709641245928,0.0,37.47102324860059,0.002204,170.01371709891376,136.80947928972353
CY,2021-12-01,5865.161888888889,1.0,0.6435301225194802,0.0,37.74408348953252,0.002204,171.25264741167206,138.3904424662466
CY,2022-01-01,5994.057222222222,1.0,0.6441692733752931,0.0,38.61187485408816,0.002204,175.18999480076297,140.83986101382283
CY,2022-02-01,6097.176222222222,1.0,0.6649660160410665,0.0,40.54414981591432,0.002204,183.95712257674373,145.77205664555555
CY,2022-03-01,6197.626,1.0,0.6926771956632087,0.0,42.929541974493894,0.002204,194.78013600042604,152.33108611588352
CY,2022-04-01,6291.848222222223,1.0,0.7280247845319076,0.0,45.806214462907995,0.002204,207.83218903315787,158.73796127916066
CY,2022-05-01,5922.051666666666,1.0,0.7281114300642321,0.0,43.11913507930935,0.002204,195.64035879904426,140.9894868830144
CY,2022-06-01,5958.4961111111115,1.0,0.7673934168348195,0.0,45.725106899025405,0.002204,207.46418738214794,144.02611174942896
CY,2022-07-01,6007.385,1.0,0.809503854261621,0.0806451612903225,43.78534779275384,0.002204,198.66310250795755,148.76268114672672
CY,2022-08-01,6045.608333333334,1.0,0.8420876875852542,0.5,20.681281747961428,0.002204,93.83521664229323,151.26608694566744
CY,2022-09-01,6114.942555555555,1.0,0.8994436040424348,0.925,-1.5627589320754343,0.002204,-7.090557768037361,156.0524818915428
CY,2022-10-01,6166.498555555556,1.0,0.9556579050394907,1.25,-18.15060103413177,0.002204,-82.35299924742183,158.21615874155952
CY,2022-11-01,6194.054111111111,1.0,1.000628197678082,1.975,-60.353116679228194,0.002204,-273.834467691598,151.14797333820934
CY,2022-12-01,6220.721444444444,1.0,1.045754520349988,2.177419354838709,-70.3977170382766,0.002204,-319.4088794840136,151.37274721691756
CY,2023-01-01,6234.943666666666,1.0,1.084371041068546,2.5,-88.26366811839594,0.002204,-400.4703635135932,147.22636202422035
CY,2023-02-01,6247.388111111111,1.0,1.1213416031825625,2.875,-109.5578461922743,0.002204,-497.08641648037343,140.96853346865277
CY,2023-03-01,6250.943666666666,1.0,1.15394607539357,3.161290322580645,-125.47795808773813,0.002204,-569.319229073222,134.48353621335627
CY,2023-04-01,6278.501222222222,1.0,1.1950646905759628,3.5,-144.71539157361974,0.002204,-656.6034100436468,127.16998040196836
CY,2023-05-01,6322.949222222222,1.0,1.2416472901470323,3.6774193548387095,-154.01263081952854,0.002204,-698.7868911956831,124.27662713520976
CY,2023-06-01,6347.840333333334,1.0,1.2781666653845345,3.8333333333333335,-162.1979003319433,0.002204,-735.9251376222472,119.9023988837057
CY,2023-07-01,5938.043,1.0,1.2783975355781263,4.0,-161.60992462643054,0.002204,-733.2573712632965,149.21559015767457
CY,2023-08-01,5957.601000000001,1.0,1.3114167968837065,4.241935483870968,-174.58861060113998,0.002204,-792.1443312211434,145.40472453524376
CY,2023-09-01,5970.936,1.0,1.343501625242477,4.341666666666667,-179.01851579781186,0.002204,-812.2437195907979,141.02764765363327
CY,2023-10-01,5994.05,1.0,1.3808895754161625,4.5,-186.96103840476752,0.002204,-848.2805735243536,131.24198560690843
CY,2023-11-01,6002.0509999999995,1.0,1.4076406972553177,4.5,-185.60498245398023,0.002204,-842.127869573413,129.04598749416402
CY,2023-12-01,6010.052,1.0,1.4275549907296576,4.5,-184.6555427285524,0.002204,-837.8200668264628,127.58435294314506
CY,2024-01-01,6011.83,1.0,1.4456285711073462,4.5,-183.62361787359723,0.002204,-833.1380121306589,122.48475991586622
CY,2024-02-01,6011.83,1.0,1.4642570234601147,4.5,-182.50370698651778,0.002204,-828.0567467627849,118.2337444802231
CY,2024-03-01,6011.83,1.0,1.4822290833890326,4.5,-181.4232572960931,0.002204,-823.1545249369017,113.42919010048672
CY,2024-04-01,6011.83,1.0,1.5008965307310183,4.5,-180.30100209655342,0.002204,-818.0626229426199,106.88644166970175
CY,2024-05-01,6011.83,1.0,1.5200318028915987,4.5,-179.15062206422198,0.002204,-812.8431128140744,104.68960367661771
CY,2024-06-01,5641.150777777777,1.0,1.5196716656957954,4.341666666666667,-159.1929929461183,0.002204,-722.2912565613353,141.8626206990849
CY,2024-07-01,5674.043777777777,1.0,1.5458123511748618,4.25,-153.4367910275979,0.002204,-696.1741879655078,134.06607695713228
CY,2024-08-01,5684.711777777778,1.0,1.5617597020726355,4.25,-152.8187128312453,0.002204,-693.3698404321475,130.0172932705933
CY,2024-09-01,5702.491777777777,1.0,1.5771394701358057,3.99,-137.593173324751,0.002204,-624.288445212119,126.14576495608299
CY,2024-10-01,5725.605777777777,1.0,1.593070384334563,3.577419354838709,-113.61599930645922,0.002204,-515.4990894122469,123.31858173644127
CY,2024-11-01,5746.052777777777,1.0,1.6089932076473956,3.4,-102.91219554216548,0.002204,-466.93373657969823,121.02897633670977
CY,2024-12-01,5314.034888888889,1.0,1.6090150549157518,3.287096774193548,-89.1738480264886,0.002204,-404.60003641782487,149.34253784491864
CY,2025-01-01,5314.034888888889,1.0,1.6212601432010332,3.0,-73.26671701731381,0.002204,-332.4261207682115,146.155639106894
CY,2025-02-01,5314.034888888889,1.0,1.6317753565716286,2.7857142857142856,-61.320717291111634,0.002204,-278.22467010486224,142.42880804765946
CY,2025-03-01,5314.034888888889,1.0,1.643460555096491,2.588709677419355,-50.23086814715302,0.002204,-227.90775021394293,138.2708195718935
CY,2025-04-01,5314.034888888889,1.0,1.6521724929811354,2.433333333333333,-41.51115959465342,0.002204,-188.34464425886307,134.7974927434002
CY,2025-05-01,5314.034888888889,1.0,1.6605558528370814,2.25,-31.32326763075106,0.002204,-142.12008906874348,132.56110582924305
CY,2025-06-01,5314.034888888889,1.0,1.6689854942052962,2.083333333333333,-22.018588732621087,0.002204,-99.90285268884341,130.99588106929687
CY,2025-07-01,5314.034888888889,1.0,1.677460390525907,2.0,-17.139867377939282,0.002204,-77.76709336633068,127.90960269522215
CY,2025-08-01,5314.034888888889,1.0,1.6860171148678647,2.0,-16.685160061061598,0.002204,-75.70399301752087,125.74481971362007
CY,2025-09-01,5314.034888888889,1.0,1.6949011581122766,2.0,-16.21305890350957,0.002204,-73.56197324641366,123.08337107396267
CY,2025-10-01,5314.034888888889,1.0,1.703009227120238,2.0,-15.782193287611317,0.002204,-71.60704758444336,119.49122619768522
CY,2025-11-01,4894.460555555555,1.0,1.703021250605472,2.0,-14.535507747497354,0.002204,-65.95057961659417,121.05585286248329
CY,2025-12-01,4894.460555555555,1.0,1.7124813306485702,2.0,-14.07248786126393,0.002204,-63.84976343586175,119.0921856251208
CY,2026-01-01,4894.460555555555,1.0,1.72273696550836,2.0,-13.570529858329717,0.002178,-62.30729962502166,118.20107724947246
CY,2026-02-01,4455.330666666667,1.0,1.722759594284528,2.0,-12.351976816232511,0.002178,-56.71247390373054,119.47217076317199
CY,2026-03-01,4455.330666666667,1.0,1.7368256283624228,2.0,-11.725288486376279,0.002178,-53.83511701733829,117.28228292529442
CY,2026-04-01,4455.330666666667,1.0,1.7511521039018307,2.0,-11.08699662821654,0.002178,-50.904484059763725,114.73862373016675
CY,2026-05-01,4455.330666666667,1.0,1.7653097740944959,2.0,-10.456225606437204,0.002178,-48.008382031392124,111.7448501239673
CY,2026-06-01,4455.330666666667,1.0,1.7790986640424438,2.1166666666666667,-15.039770741771143,0.002178,-69.05312553613932,110.33229697250569
CY,2026-07-01,4455.330666666667,1.0,1.7940923619367226,2.25,-20.312192810308872,0.002178,-93.26075670481576,108.37218229447221
CY,2026-08-01,4455.330666666667,1.0,1.810045669605628,2.25,-19.601420201388446,0.002178,-89.99733793107643,106.67611249689895
DE,2015-03-01,9840.0,1.0,-0.06663741988058766,0.05,-11.477122116249827,0.266301,-0.4309830648870949,-1.6778202584071427
DE,2015-04-01,19749.333333333332,1.0,-0.10659599607500574,0.05,-30.926665251506464,0.266301,-1.161342437749256,-3.964701944933763
DE,2015-05-01,30544.0,1.0,-0.05159737626790972,0.05,-31.031902607270343,0.266301,-1.1652942575232665,-6.907616621386204
DE,2015-06-01,41184.0,1.0,-0.013129772036528825,0.05,-25.999365315524027,0.266301,-0.9763149712364589,-10.390063167134839
DE,2015-07-01,51828.44444444444,1.0,-0.010403917466196611,0.05,-31.30641080623578,0.266301,-1.1756024500935325,-13.62049371454649
DE,2015-08-01,60651.555555555555,1.0,-0.011040799512752192,0.05,-37.02219442803218,0.266301,-1.3902386558079833,-15.924351446054875
DE,2015-09-01,71185.77777777778,1.0,-0.009319472298546528,0.05,-42.22702772939378,0.266301,-1.5856879144048943,-18.62874487577821
DE,2015-10-01,82025.77777777777,1.0,-0.02206377523662317,0.05,-59.11087213386977,0.266301,-2.2197014706617613,-22.022109365277668
DE,2015-11-01,93495.11111111111,1.0,-0.04052593805494332,0.05,-84.63732636884488,0.266301,-3.1782579250113545,-25.697969172053913
DE,2015-12-01,102777.77777777777,1.0,-0.050704173528624275,0.05,-103.50151168219716,0.266301,-3.8866362380237836,-28.001642235729047
DE,2016-01-01,113752.88888888888,1.0,-0.0718934318327063,0.05,-138.6573000755119,0.266301,-5.206788561646854,-31.35500459738165
DE,2016-02-01,124810.66666666666,1.0,-0.10599553045757236,0.05,-194.69906153429912,0.266301,-7.311240345860478,-35.32493360098567
DE,2016-03-01,135842.66666666666,1.0,-0.1333806331296828,0.0241935483870967,-214.052970150567,0.266301,-8.038008499801615,-38.595497540430685
DE,2016-04-01,152718.22222222222,1.0,-0.16536399137103178,0.0,-252.5409478175487,0.266301,-9.483289503890285,-43.37666528178501
DE,2016-05-01,170116.44444444444,1.0,-0.18847909448652814,0.0,-320.6339340615666,0.266301,-12.040282765050321,-48.39858500673914
DE,2016-06-01,185128.0,1.0,-0.21155086129066566,0.0,-391.63987849018355,0.266301,-14.706661953585737,-53.35455666071736
DE,2016-07-01,200458.66666666666,1.0,-0.23906581230719187,0.0,-479.2281398068327,0.266301,-17.995731890110537,-57.56144110575569
DE,2016-08-01,211452.44444444444,1.0,-0.25434408004077974,0.0,-537.8167745459631,0.266301,-20.195822567168843,-60.18247544365025
DE,2016-09-01,226730.66666666666,1.0,-0.2711315786397969,0.0,-614.7384357938691,0.266301,-23.084345751381672,-63.693992308860274
DE,2016-10-01,242744.88888888888,1.0,-0.28050123427844526,0.0,-680.9024094811738,0.266301,-25.56890171201662,-67.25488484644579
DE,2016-11-01,258113.77777777775,1.0,-0.28060458926142473,0.0,-724.2791059604798,0.266301,-27.19776140384301,-71.08623121509078
DE,2016-12-01,270174.2222222222,1.0,-0.28222454818831294,0.0,-762.4979779879551,0.266301,-28.632937089532334,-74.01590886232808
DE,2017-01-01,285919.1111111111,1.0,-0.28465239620906946,0.0,-813.8756009974495,0.266301,-30.562243513822683,-77.88942398240869
DE,2017-02-01,300994.6666666666,1.0,-0.29028542245471156,0.0,-873.743639699484,0.266301,-32.81037771917807,-82.40405661579882
DE,2017-03-01,316085.3333333333,1.0,-0.29089657215956044,0.0,-919.481399765787,0.266301,-34.52789887254599,-86.45954389439665
DE,2017-04-01,327187.55555555556,1.0,-0.29642657921311355,0.0,-969.8708785443388,0.266301,-36.420099006174915,-89.92718405308639
DE,2017-05-01,337782.2222222222,1.0,-0.29786402202628043,0.0,-1006.1317128008594,0.266301,-37.78174745122472,-92.69946674863766
DE,2017-06-01,348352.8888888889,1.0,-0.30237035743386015,0.0,-1053.315875264511,0.266301,-39.553583173345615,-95.37620322470767
DE,2017-07-01,359169.77777777775,1.0,-0.30054377285410727,0.0,-1079.4624010850464,0.266301,-40.53542424117995,-98.0219898747092
DE,2017-08-01,367883.55555555556,1.0,-0.30287318795142293,0.0,-1114.220652660155,0.266301,-41.84064846396202,-100.38239321933993
DE,2017-09-01,378262.2222222222,1.0,-0.3063821994115786,0.0,-1158.9281159875575,0.266301,-43.51948043708275,-103.15318710236386
DE,2017-10-01,388529.77777777775,1.0,-0.3094249216044783,0.0,-1202.2079602989427,0.266301,-45.1447031854534,-105.80217987209585
DE,2017-11-01,398807.11111111107,1.0,-0.3143461773076265,0.0,-1253.6349086087562,0.266301,-47.07586184838795,-108.26500368745153
DE,2017-12-01,408282.6666666666,1.0,-0.3175938920963015,0.0,-1296.6808118212355,0.266301,-48.692299759341324,-110.47761597257767
DE,2018-01-01,412569.77777777775,1.0,-0.3157707830309739,0.0,-1302.7748178380377,0.266301,-48.92113878047914,-111.2683967880094
DE,2018-02-01,417083.5555555555,1.0,-0.3102289330065659,0.0,-1293.9138641458474,0.266301,-48.588396744505175,-111.8939794988645
DE,2018-03-01,421319.11111111107,1.0,-0.30723148004733347,0.0,-1294.4249407889358,0.266301,-48.607588435226894,-112.70762613740774
DE,2018-04-01,425512.8888888889,1.0,-0.3049197729798156,0.0,-1297.472934799855,0.266301,-48.722045159419416,-113.50849157041054
DE,2018-05-01,431640.0,1.0,-0.3037625792632394,0.0,-1311.1607971318465,0.266301,-49.23604481890216,-114.86746901157146
DE,2018-06-01,436963.5555555555,1.0,-0.30538069896991193,0.0,-1334.402360199335,0.266301,-50.10880019974896,-116.74877139842249
DE,2018-07-01,442604.44444444444,1.0,-0.3069172314212294,0.0,-1358.4293070362023,0.266301,-51.01104791330871,-118.37440370253137
DE,2018-08-01,447424.0,1.0,-0.3080138959550326,0.0,-1378.128093837845,0.266301,-51.75076675783586,-119.9477168694244
DE,2018-09-01,453040.0,1.0,-0.3071012490746619,0.0,-1391.2914988078483,0.266301,-52.245072260631694,-121.3554297010638
DE,2018-10-01,455595.5555555555,1.0,-0.30610102877875434,0.0,-1394.5826826258367,0.266301,-52.36866112503658,-122.86273569858922
DE,2018-11-01,457821.3333333333,1.0,-0.30683860921403544,0.0,-1404.772611885153,0.266301,-52.75130817703099,-124.32534312057037
DE,2018-12-01,460939.5555555555,1.0,-0.30878650623663056,0.0,-1423.3191494626526,0.266301,-53.447758343477965,-126.21122114339568
DE,2019-01-01,459606.2222222222,1.0,-0.31027352406126196,0.0,-1426.0364224937239,0.266301,-53.5497960012814,-126.9072013707401
DE,2019-02-01,458093.3333333333,1.0,-0.3117873913306511,0.0,-1428.2772538596237,0.266301,-53.63394256347605,-127.09684668349689
DE,2019-03-01,454637.3333333333,1.0,-0.31266488440320495,0.0,-1421.49129272048,0.266301,-53.379119594762315,-127.09034520259667
DE,2019-04-01,456578.6666666666,1.0,-0.3160896706955027,0.0,-1443.1980039325833,0.266301,-54.19423899769746,-127.80414773344489
DE,2019-05-01,460893.3333333333,1.0,-0.3224288745715641,0.0,-1486.0531876420341,0.266301,-55.80351510666629,-128.98462076921962
DE,2019-06-01,459898.6666666666,1.0,-0.3266998537271992,0.0,-1502.4882712933393,0.266301,-56.42067702687332,-128.90566487534193
DE,2019-07-01,460271.11111111107,1.0,-0.3327967533987187,0.0,-1531.7673146099871,0.266301,-57.52014880191914,-129.33352932097557
DE,2019-08-01,461453.3333333333,1.0,-0.34204839092539147,0.0,-1578.3937015382498,0.266301,-59.27103922021509,-129.77275984461784
DE,2019-09-01,460539.5555555555,1.0,-0.34779356010775664,0.0,-1601.726915971106,0.266301,-60.14723624661965,-129.34038903794175
DE,2019-10-01,462907.5555555555,1.0,-0.3549535860964898,0.0,-1643.106968756045,0.266301,-61.70111898776366,-129.6763333761722
DE,2019-11-01,467914.6666666666,1.0,-0.3618089241231296,0.0,-1692.9570212809945,0.266301,-63.573062860484725,-130.67475017958952
DE,2019-12-01,469184.8888888889,1.0,-0.36591437917961733,0.0,-1716.8149733823552,0.266301,-64.46896456950425,-130.7060903607701
DE,2020-01-01,469592.0,1.0,-0.3691962607583133,0.0,-1733.7161048201785,0.266301,-65.10362727966393,-130.41640443062576
DE,2020-02-01,472259.5555555555,1.0,-0.3757806239495978,0.0,-1774.659904528264,0.266301,-66.64112806667131,-130.83500132683469
DE,2020-03-01,476850.1242222222,1.0,-0.38470723915881416,0.0,-1834.4769478206865,0.266301,-68.88734731828593,-129.6010974046153
DE,2020-04-01,492996.07244444446,1.0,-0.4008389052774098,0.0,-1976.1200598469375,0.266301,-74.2062575749598,-138.0279828869027
DE,2020-05-01,522081.6387777777,1.0,-0.4272331451883018,0.0,-2230.5058058009286,0.266301,-83.75882200220533,-150.31232336475185
DE,2020-06-01,545561.8692222222,1.0,-0.4435995709557863,0.0,-2420.1101111681455,0.266301,-90.87874665014947,-154.18841704040943
DE,2020-07-01,568691.2238888888,1.0,-0.4605677878021262,0.0,-2619.208589289892,0.266301,-98.35519165492776,-160.97058353668874
DE,2020-08-01,585092.8057777778,1.0,-0.47255283403318166,0.0,-2764.872635427148,0.266301,-103.82509398864998,-165.19207258315382
DE,2020-09-01,604413.0053333333,1.0,-0.48527794571266614,0.0,-2933.083015901787,0.266301,-110.14164482678572,-170.00289487606136
DE,2020-10-01,626640.7603333333,1.0,-0.5013893817049258,0.0,-3141.9102337463455,0.266301,-117.98341852814467,-175.09377990543723
DE,2020-11-01,654123.6243333333,1.0,-0.518878901451701,0.0,-3394.109476076852,0.266301,-127.45387648100652,-181.39302958405264
DE,2020-12-01,671297.6524444445,1.0,-0.5300958010658414,0.0,-3558.520668261566,0.266301,-133.62776212862758,-184.63446715060584
DE,2021-01-01,683409.4166666666,1.0,-0.5376801158549253,0.0,-3674.556543296802,0.266301,-137.9850824178956,-186.50440187560287
DE,2021-02-01,703375.4431111111,1.0,-0.5454890071875177,0.0,-3836.8357214276034,0.266301,-144.07890775579526,-190.50357705091625
DE,2021-03-01,723229.8354444443,1.0,-0.5519350650478497,0.0,-3991.7590627057502,0.266301,-149.8965104414084,-194.3860193003611
DE,2021-04-01,746969.9137777777,1.0,-0.5583377929389832,0.0,-4170.61533050507,0.266301,-156.61283023740316,-198.98447089289365
DE,2021-05-01,770405.9041111111,1.0,-0.5618039014779492,0.0,-4328.170426512691,0.266301,-162.52925924096007,-203.93463472405932
DE,2021-06-01,790722.6654444444,1.0,-0.5659785040904924,0.0,-4475.320313386936,0.266301,-168.05495711194982,-208.03971062239663
DE,2021-07-01,813668.1323333333,1.0,-0.5741937793394161,0.0,-4672.031800325207,0.266301,-175.44176703524232,-213.72327440974698
DE,2021-08-01,831338.3472222222,1.0,-0.5827242244492375,0.0,-4844.409936399805,0.266301,-181.91482331646537,-217.69411731503766
DE,2021-09-01,848342.0555555555,1.0,-0.5867166198358825,0.0,-4977.363833001799,0.266301,-186.9074405654428,-221.11089205126567
DE,2021-10-01,865804.2795555554,1.0,-0.5865129466721353,0.0,-5078.05419243474,0.266301,-190.68851384090706,-224.45486256325023
DE,2021-11-01,887940.2923333333,1.0,-0.5886964835161157,0.0,-5227.273276689051,0.266301,-196.29191316176247,-229.49615097095273
DE,2021-12-01,901475.0228888888,1.0,-0.5906444697118467,0.0,-5324.512368526826,0.266301,-199.94338618806634,-232.80559113349182
DE,2022-01-01,915139.619,1.0,-0.5864261841869962,0.0,-5366.618347685115,0.266301,-201.52452854796317,-235.87466233490332
DE,2022-02-01,927880.3453333332,1.0,-0.5745684624065968,0.0,-5331.307833154753,0.266301,-200.1985660269677,-238.3836319581559
DE,2022-03-01,936865.8824444443,1.0,-0.5624643162299212,0.0,-5269.536279682561,0.266301,-197.87895200102744,-240.32800188556996
DE,2022-04-01,947347.7407777777,1.0,-0.5369548781477643,0.0,-5086.829907128915,0.266301,-191.0180550252877,-240.11228277928493
DE,2022-05-01,959215.6103333333,1.0,-0.5067121366191206,0.0,-4860.4619139041715,0.266301,-182.51759902907503,-237.1684709451049
DE,2022-06-01,956457.0256666667,1.0,-0.4900931917747756,0.0,-4687.530765043852,0.266301,-176.02377629238535,-239.46185192510433
DE,2022-07-01,943419.357111111,1.0,-0.4841523065316664,0.0806451612903225,-5328.408639906042,0.266301,-200.08969699347884,-249.9901183547097
DE,2022-08-01,943293.8742222221,1.0,-0.46924691913411853,0.5,-9142.846814279756,0.266301,-343.32754342941837,-285.89667312604416
DE,2022-09-01,940109.6838888889,1.0,-0.4504956575359251,0.925,-12931.16787796638,0.266301,-485.5846533796861,-322.4416137201059
DE,2022-10-01,942900.791,1.0,-0.4147238490524955,1.25,-15696.694340681624,0.266301,-589.434299558831,-348.8651415698496
DE,2022-11-01,947605.0784444443,1.0,-0.3743608152026403,1.975,-22262.662395844018,0.266301,-835.9961996328972,-411.01375860308985
DE,2022-12-01,942196.703,1.0,-0.3582615571230866,2.177419354838709,-23891.10195110437,0.266301,-897.1465353530166,-426.36490865208543
DE,2023-01-01,948142.922,1.0,-0.3110684041730901,2.5,-26652.94610674551,0.266301,-1000.8579054057441,-453.1611798679305
DE,2023-02-01,943792.5073333333,1.0,-0.28998343079863964,2.875,-29870.876478219034,0.266301,-1121.6959935643888,-483.6410436153626
DE,2023-03-01,942726.1027777777,1.0,-0.2600146857829125,3.161290322580645,-32253.535369486686,0.266301,-1211.1683910119257,-507.3656257253474
DE,2023-04-01,931281.2693333332,1.0,-0.2567347955565815,3.5,-34985.767489546335,0.266301,-1313.7677849330769,-529.9943944874617
DE,2023-05-01,929764.05,1.0,-0.2301263868443239,3.6774193548387095,-36330.955543474716,0.266301,-1364.2816040298276,-541.2180856989347
DE,2023-06-01,921187.8437777777,1.0,-0.22208072508352644,3.8333333333333335,-37357.98132099114,0.266301,-1402.8479547951804,-547.0204182892275
DE,2023-07-01,923358.8427777777,1.0,-0.18193901742130733,4.0,-38614.30371693375,0.266301,-1450.0247358039867,-567.5517743830156
DE,2023-08-01,914649.3441111111,1.0,-0.17294210182109454,4.241935483870968,-40380.648880840905,0.266301,-1516.3536329507174,-578.8045771943302
DE,2023-09-01,905634.8126666667,1.0,-0.16574847917317903,4.341666666666667,-40820.72071213565,0.266301,-1532.8789870160324,-579.6076197716012
DE,2023-10-01,901990.5258888889,1.0,-0.14153545787169702,4.5,-41866.21008577617,0.266301,-1572.1386733724682,-592.6161142412062
DE,2023-11-01,898642.0148888889,1.0,-0.11818481815761438,4.5,-41500.94910118436,0.266301,-1558.4225782548451,-587.2487211872681
DE,2023-12-01,894628.4967777778,1.0,-0.10097423240105473,4.5,-41161.62661246246,0.266301,-1545.6805123699294,-580.2760926003215
DE,2024-01-01,889987.7225555555,1.0,-0.08529446027924871,4.5,-40808.55773950533,0.266301,-1532.4222492407212,-576.799477194196
DE,2024-02-01,882150.3074444444,1.0,-0.0755679504001312,4.5,-40363.38674178423,0.266301,-1515.7054138656717,-569.4149226226638
DE,2024-03-01,878867.6882222223,1.0,-0.054523438566487795,4.5,-40028.234854068556,0.266301,-1503.119960273095,-566.5362452357067
DE,2024-04-01,867983.949,1.0,-0.04654299576603934,4.5,-39463.263437632966,0.266301,-1481.9044403751004,-556.9553757627788
DE,2024-05-01,860080.8601111111,1.0,-0.03343911885104645,4.5,-38991.24216602766,0.266301,-1464.1793371420931,-546.646620651401
DE,2024-06-01,852108.9890000001,1.0,-0.02569450625183905,4.341666666666667,-37214.677136534425,0.266301,-1397.4666687896186,-533.3127915291983
DE,2024-07-01,849954.3965555555,1.0,-0.0018764118735537447,4.25,-36139.010498827876,0.266301,-1357.0737811284175,-526.8335162057774
DE,2024-08-01,839467.7316666667,1.0,-5.3230431025016585e-05,4.25,-35677.825448125215,0.266301,-1339.7555941631917,-516.3684604604509
DE,2024-09-01,834406.122,1.0,0.012305498767736116,3.99,-33190.12643273937,0.266301,-1246.338783284305,-495.90457311610305
DE,2024-10-01,822784.4318888888,1.0,0.015648082145723174,3.577419354838709,-29305.699531208626,0.266301,-1100.4727556865585,-461.65508453787027
DE,2024-11-01,821551.6073333332,1.0,0.03781752858816459,3.4,-27622.064135363515,0.266301,-1037.2497337735688,-449.28702085716077
DE,2024-12-01,817970.942,1.0,0.05325679372898735,3.287096774193548,-26451.871350978585,0.266301,-993.3072482258265,-439.36467396308296
DE,2025-01-01,809986.4437777777,1.0,0.059507682714065445,3.0,-23817.58915034311,0.266301,-894.3860199677473,-415.8042600926418
DE,2025-02-01,791869.9392222222,1.0,0.05948445713474557,2.7857142857142856,-21588.194486630895,0.266301,-810.668923009335,-390.0154448568133
DE,2025-03-01,781700.3353333334,1.0,0.06338585765371542,2.588709677419355,-19740.464767360547,0.266301,-741.2839143435641,-375.1053445577277
DE,2025-04-01,767112.0426666667,1.0,0.06339432040804424,2.433333333333333,-18180.08757200542,0.266301,-682.6894218198737,-359.54728481761043
DE,2025-05-01,764386.5465555554,1.0,0.08087677919519842,2.25,-16580.486078044458,0.266301,-622.6219983418935,-347.94080344390693
DE,2025-06-01,756264.2147777777,1.0,0.08596677946379082,2.083333333333333,-15105.36848485545,0.266301,-567.2291311281388,-336.3303973699985
DE,2025-07-01,755521.9461111111,1.0,0.10927479596647274,2.0,-14284.84385712738,0.266301,-536.4172067370148,-330.74051067546196
DE,2025-08-01,741545.2993333333,1.0,0.10934053726600264,2.0,-14020.096372304812,0.266301,-526.4755435505241,-325.02673081938315
DE,2025-09-01,736511.1546666666,1.0,0.12127190215333253,2.0,-13837.042006497593,0.266301,-519.6015789087384,-322.956234588362
DE,2025-10-01,724768.4153333333,1.0,0.12134575285656772,2.0,-13615.892616613817,0.266301,-511.2970892566613,-320.1988154745327
DE,2025-11-01,722734.5507777778,1.0,0.14138687821253593,2.0,-13432.839196447463,0.266301,-504.4231601251014,-317.4167276460239
DE,2025-12-01,721297.9361111111,1.0,0.16471750507201513,2.0,-13237.854757724062,0.266301,-497.1012034398692,-314.15925437888666
DE,2026-01-01,719559.1965555556,1.0,0.18695584451431607,2.0,-13045.925958410246,0.263152,-495.7562913605158,-315.2479144860216
DE,2026-02-01,705595.8805555555,1.0,0.18700608679633796,2.0,-12792.410366288002,0.263152,-486.1224830625647,-309.9378383956622
DE,2026-03-01,698303.0304444444,1.0,0.19269240457715098,2.0,-12620.483708290374,0.263152,-479.58912371140536,-308.4717237687727
DE,2026-04-01,675427.3086666666,1.0,0.19278091197925062,2.0,-12206.451247928824,0.263152,-463.8555377853417,-298.21242999541124
DE,2026-05-01,672954.2437777778,1.0,0.2150202362833528,2.0,-12012.097070505726,0.263152,-456.46991360528233,-296.71668144992293
DE,2026-06-01,668621.5716666667,1.0,0.23006690617907327,2.1166666666666667,-12614.212969631715,0.263152,-479.35083030460396,-299.965407795959
DE,2026-07-01,667021.5133333333,1.0,0.2560569001022015,2.25,-13300.029439943874,0.263152,-505.4124399565222,-303.7795009572342
DE,2026-08-01,653584.4357777778,1.0,0.25609596125532513,2.25,-13031.84646157971,0.263152,-495.22125849621926,-298.54780806824385
EE,2020-06-01,160.897,1.0,-0.016879170582402802,0.0,-0.027158079091968636,0.00298,-0.0911344935972102,-63.40080488385716
EE,2020-07-01,276.4625555555556,1.0,-0.04897711699288684,0.0,-0.13540338927596923,0.00298,-0.4543737895166753,-63.069765671277636
EE,2020-08-01,328.90944444444443,1.0,-0.06371502361097375,0.0,-0.20956473018650038,0.00298,-0.7032373496191288,-62.07021594412296
EE,2020-09-01,369.7991111111111,1.0,-0.07164835305505719,0.0,-0.2649549727233521,0.00298,-0.8891106467226582,-60.7503606959983
EE,2020-10-01,370.688,1.0,-0.07328480211283483,0.0,-0.2716579672560252,0.00298,-0.9116039169665275,-58.0219652942591
EE,2020-11-01,416.9117777777778,1.0,-0.09686418108282294,0.0,-0.40383817938228306,0.00298,-1.3551616757794733,-55.2943147788256
EE,2020-12-01,433.80066666666664,1.0,-0.10656984568305478,0.0,-0.46230070103872944,0.00298,-1.5513446343581525,-52.55804965633642
EE,2021-01-01,456.9123333333333,1.0,-0.11910628678416144,0.0,-0.5442113140922037,0.00298,-1.8262124633966568,-50.34553192110391
EE,2021-02-01,509.361,1.0,-0.13807760763810062,0.0,-0.7033134830415056,0.00298,-2.3601123591996833,-48.78478165432068
EE,2021-03-01,538.6949999999999,1.0,-0.13956051815919537,0.0,-0.7518055332976775,0.00298,-2.5228373600593206,-47.012346219012045
EE,2021-04-01,559.1396666666667,1.0,-0.13965781906725566,0.0,-0.7808822640065898,0.00298,-2.620410281901308,-44.992050937391795
EE,2021-05-01,570.6948888888888,1.0,-0.1383566913496146,0.0,-0.7895945659680258,0.00298,-2.6496461945235765,-44.05502167762283
EE,2021-06-01,579.5837777777778,1.0,-0.13779601361613714,0.0,-0.7986433413435887,0.00298,-2.6800112125623783,-42.664764723009185
EE,2021-07-01,579.5837777777778,1.0,-0.13766268029574588,0.0,-0.7978705630482285,0.00298,-2.677417996806136,-40.95892537131079
EE,2021-08-01,581.3615555555556,1.0,-0.1381811416604679,0.0,-0.8033320346417221,0.00298,-2.6957450826903426,-38.47503908126262
EE,2021-09-01,586.6951111111111,1.0,-0.13937148268152486,0.0,-0.8176856751755753,0.00298,-2.7439116616630046,-36.94736314748585
EE,2021-10-01,589.3617777777778,1.0,-0.13835972579786357,0.0,-0.8154393396907473,0.00298,-2.7363736231233133,-36.502722345466466
EE,2021-11-01,591.1395555555555,1.0,-0.13682570054754406,0.0,-0.8088308381025273,0.00298,-2.7141974432970715,-35.91843525248732
EE,2021-12-01,591.1395555555555,1.0,-0.13622754003510257,0.0,-0.8052948747077717,0.00298,-2.7023317943213816,-35.56453673974684
EE,2022-01-01,594.6951111111111,1.0,-0.13251857719379853,0.0,-0.7880814998855237,0.00298,-2.6445687915621603,-36.99470257850231
EE,2022-02-01,596.4728888888889,1.0,-0.12281161090528886,0.0,-0.7325379634577581,0.00298,-2.4581810854287185,-40.64324701661689
EE,2022-03-01,596.4728888888889,1.0,-0.11140882373870807,0.0,-0.6645234294314022,0.00298,-2.2299443940651082,-44.67899427860764
EE,2022-04-01,609.8062222222222,1.0,-0.06512422744068731,0.0,-0.3971315911074631,0.00298,-1.3326563459981984,-50.426884099995405
EE,2022-05-01,617.8062222222222,1.0,-0.023638677306412694,0.0,-0.14604121925005004,0.00298,-0.49007120553708067,-55.14094312156695
EE,2022-06-01,624.0284444444444,1.0,0.023499250290416107,0.0,0.14664200604339023,0.00298,0.49208726860198065,-62.945988364117
EE,2022-07-01,624.0284444444444,1.0,0.04820750449160526,0.0806451612903225,-0.2024202051352627,0.00298,-0.6792624333398077,-50.57968379457065
EE,2022-08-01,624.0284444444444,1.0,0.07048918073315234,0.5,-2.6802696841914986,0.00298,-8.994193571112412,48.43667673226179
EE,2022-09-01,624.9173333333333,1.0,0.10369214069059053,0.925,-5.132495172853448,0.00298,-17.223138163937744,145.91990149564245
EE,2022-10-01,662.2506666666666,1.0,0.35217731212443876,1.25,-5.94583673594049,0.00298,-19.952472268256678,220.6166857207247
EE,2022-11-01,701.3617777777778,1.0,0.5686425585235313,1.975,-9.863653553449431,0.00298,-33.099508568622255,391.8829324611851
EE,2022-12-01,729.8062222222222,1.0,0.7088314725518604,2.177419354838709,-10.717845743730987,0.00298,-35.965925314533514,434.8157013863976
EE,2023-01-01,748.472888888889,1.0,0.8174174623750646,2.5,-12.59367412730133,0.00298,-42.26065143389708,505.4360741039165
EE,2023-02-01,766.2506666666666,1.0,0.9196106853211948,2.875,-14.983183659655106,0.00298,-50.279139797500356,587.7758101515259
EE,2023-03-01,766.2506666666666,1.0,0.9531747614332696,3.161290322580645,-16.91970020806217,0.00298,-56.7775174767187,647.0252478098596
EE,2023-04-01,766.2506666666666,1.0,0.9854445264455849,3.5,-19.267798079813858,0.00298,-64.65704053628812,719.116349909327
EE,2023-05-01,766.2506666666666,1.0,1.0177781951565554,3.6774193548387095,-20.379518117005567,0.00298,-68.38764468793815,754.6758736429547
EE,2023-06-01,766.2506666666666,1.0,1.0511701610499145,3.8333333333333335,-21.318343855376177,0.00298,-71.53806662877912,784.2894698771738
EE,2023-07-01,766.2506666666666,1.0,1.0867853937929357,4.0,-22.322526341492335,0.00298,-74.90780651507495,807.5651549058961
EE,2023-08-01,766.2506666666666,1.0,1.1219500731483716,4.241935483870968,-23.90690900956463,0.00298,-80.22452687773365,857.3245288786535
EE,2023-09-01,766.2506666666666,1.0,1.1583143135555851,4.341666666666667,-24.39245862806268,0.00298,-81.85388801363315,871.417479230798
EE,2023-10-01,766.2506666666666,1.0,1.19205881775773,4.5,-25.347121361872606,0.00298,-85.05745423447183,894.4651048967902
EE,2023-11-01,766.2506666666666,1.0,1.2209742087589772,4.5,-25.125556985556276,0.00298,-84.31394961596067,886.8599074516164
EE,2023-12-01,766.2506666666666,1.0,1.244137081086553,4.5,-24.948071321927078,0.00298,-83.7183601406949,881.686059628913
EE,2024-01-01,766.2506666666666,1.0,1.2678188415657548,4.5,-24.76660967437679,0.00298,-83.10942843750601,872.5133436090191
EE,2024-02-01,766.2506666666666,1.0,1.2945637981900797,4.5,-24.56167626594319,0.00298,-82.42173243605099,863.868758806957
EE,2024-03-01,766.2506666666666,1.0,1.3221916423644815,4.5,-24.349977725771204,0.00298,-81.71133465023894,854.8723803871494
EE,2024-04-01,766.2506666666666,1.0,1.3513773946467624,4.5,-24.126341704336546,0.00298,-80.96087820247163,843.98818640985
EE,2024-05-01,766.2506666666666,1.0,1.3820566112086614,4.5,-23.891262002902884,0.00298,-80.17202014396942,837.3606963467226
EE,2024-06-01,766.2506666666666,1.0,1.4135009773626217,4.341666666666667,-22.437089115396837,0.00298,-75.29224535368067,788.8616319067396
EE,2024-07-01,766.2506666666666,1.0,1.4449468510336914,4.25,-21.493738454308662,0.00298,-72.12663910841833,758.1136258142218
EE,2024-08-01,766.2506666666666,1.0,1.4714340127420436,4.25,-21.29078040113734,0.00298,-71.44557181589711,751.9415618868437
EE,2024-09-01,766.2506666666666,1.0,1.4953557435688216,3.99,-19.115228245865612,0.00298,-64.14506122773696,686.289148940465
EE,2024-10-01,766.2506666666666,1.0,1.518175713109107,3.577419354838709,-15.778968133044021,0.00298,-52.949557493436316,585.8681136552518
EE,2024-11-01,766.2506666666666,1.0,1.542414727651334,3.4,-14.233759533273467,0.00298,-47.764293735817006,540.198419180591
EE,2024-12-01,766.2506666666666,1.0,1.5655094789292148,3.287096774193548,-13.191674127211586,0.00298,-44.2673628429919,509.6752114197516
EE,2025-01-01,766.2506666666666,1.0,1.5888802960343056,3.0,-10.812714139101825,0.00298,-36.28427563456988,442.2974842405356
EE,2025-02-01,766.2506666666666,1.0,1.6082516732676544,2.7857142857142856,-9.02231511762306,0.00298,-30.276225226923025,390.37725292559867
EE,2025-03-01,766.2506666666666,1.0,1.6290809534190078,2.588709677419355,-7.353161495177486,0.00298,-24.675038574421094,341.50353121141535
EE,2025-04-01,766.2506666666666,1.0,1.646706074616936,2.433333333333333,-6.0275366140961175,0.00298,-20.22663293320845,302.9155040690548
EE,2025-05-01,766.2506666666666,1.0,1.6627163643897238,2.25,-4.500064773087978,0.00298,-15.100888500295229,259.5803063976913
EE,2025-06-01,766.2506666666666,1.0,1.6775551140365808,2.083333333333333,-3.1092783105494926,0.00298,-10.433819834058701,220.46491392408157
EE,2025-07-01,766.2506666666666,1.0,1.6919876949397707,2.0,-2.3601463409393735,0.00298,-7.919954164226086,197.75674189732675
EE,2025-08-01,766.2506666666666,1.0,1.7062127446737068,2.0,-2.2511468025194237,0.00298,-7.554183901071892,193.89462883006905
EE,2025-09-01,766.2506666666666,1.0,1.7214771328420804,2.0,-2.1341833264166734,0.00298,-7.161689014821052,189.48365530555526
EE,2025-10-01,766.2506666666666,1.0,1.7368449911165398,2.0,-2.0164270099362396,0.00298,-6.766533590390066,184.33174019173853
EE,2025-11-01,766.2506666666666,1.0,1.7531247157865502,2.0,-1.8916835111207875,0.00298,-6.34793124537177,180.6585012337057
EE,2025-12-01,766.2506666666666,1.0,1.7702802423204103,2.0,-1.7602291746849072,0.00298,-5.906809311023179,177.03513974995937
EE,2026-01-01,766.2506666666666,1.0,1.7849837382174172,2.0,-1.6475635393507857,0.002945,-5.594443257557845,174.91393361693628
EE,2026-02-01,766.2506666666666,1.0,1.797112562420084,2.0,-1.5546263430390226,0.002945,-5.27886703918174,170.9057776277208
EE,2026-03-01,766.2506666666666,1.0,1.8152498971302609,2.0,-1.4156488949067283,0.002945,-4.806957198325053,166.31044274430766
EE,2026-04-01,766.2506666666666,1.0,1.8361984293004872,2.0,-1.2551306274954883,0.002945,-4.261903658728313,161.38120413120217
EE,2026-05-01,766.2506666666666,1.0,1.8578846036222165,2.0,-1.0889601721807416,0.002945,-3.6976576304948776,156.05557452486454
EE,2026-06-01,766.2506666666666,1.0,1.8838414812925781,2.1166666666666667,-1.7840245350968562,0.002945,-6.057808268580156,173.32761424006486
EE,2026-07-01,766.2506666666666,1.0,1.9126292626938912,2.25,-2.585105523746307,0.002945,-8.777947449053674,192.8549915502343
EE,2026-08-01,766.2506666666666,1.0,1.9428902229455876,2.25,-2.3532307140779487,0.002945,-7.9905966522171425,188.68285377575825
ES,2015-03-01,4841.777777777777,1.0,1.1353121482662318,0.05,52.548402414277014,0.118249,4.443877107990512,3.1970399144704644
ES,2015-04-01,9704.888888888889,1.0,1.136887665281326,0.05,105.48124026259126,0.118249,8.92026488702579,6.116905379841282
ES,2015-05-01,14957.333333333332,1.0,1.2691777483707276,0.05,182.35647974963763,0.118249,15.421397199945675,9.679074836082737
ES,2015-06-01,20215.11111111111,1.0,1.4324065239075816,0.05,279.45501481516635,0.118249,23.63275924660389,14.21901105070551
ES,2015-07-01,25451.555555555555,1.0,1.4931711987483236,0.05,367.3095194112066,0.118249,31.062378490406395,18.61748722595344
ES,2015-08-01,29791.11111111111,1.0,1.5101688787649055,0.05,435.0005330827182,0.118249,36.78682551926174,22.25271272901485
ES,2015-09-01,34936.88888888889,1.0,1.5339491986996399,0.05,518.4456827172502,0.118249,43.843557469175224,26.800500507801907
ES,2015-10-01,40307.555555555555,1.0,1.5126810792036685,0.05,589.5709886006182,0.118249,49.85843335678256,30.056025462166655
ES,2015-11-01,45937.777777777774,1.0,1.4912954938265435,0.05,662.0991210751622,0.118249,55.991942517498,33.472231270455445
ES,2015-12-01,50504.0,1.0,1.4733261345708637,0.05,718.836631003669,0.118249,60.79008118492917,36.67507518722391
ES,2016-01-01,55932.44444444444,1.0,1.4609462817802272,0.05,789.17674519768,0.118249,66.73855552247207,40.59033948673727
ES,2016-02-01,61376.88888888888,1.0,1.4556136154947648,0.05,862.7219069893156,0.118249,72.95807211809957,44.94437886297437
ES,2016-03-01,66808.88888888889,1.0,1.4345173940771023,0.0241935483870967,942.2216910405406,0.118249,79.68115510833415,49.12366606770508
ES,2016-04-01,75091.55555555555,1.0,1.4083452543458015,0.0,1057.5483590811077,0.118249,89.43402135164844,55.540645573753714
ES,2016-05-01,83641.77777777777,1.0,1.392849958156941,0.0,1165.0044667794991,0.118249,98.52129546799542,62.1629932263066
ES,2016-06-01,91853.33333333333,1.0,1.3769053202103574,0.0,1264.7334334572201,0.118249,106.95510604379065,68.30721133665904
ES,2016-07-01,99367.11111111111,1.0,1.3400394514083516,0.0,1331.5584906136605,0.118249,112.60632145841913,73.04061224277399
ES,2016-08-01,104800.0,1.0,1.3061478337735166,0.0,1368.8429297946454,0.118249,115.75936623520244,75.77271335872103
ES,2016-09-01,112344.0,1.0,1.266529070184048,0.0,1422.869418607567,0.118249,120.3282411358715,79.7185945783929
ES,2016-10-01,120190.22222222222,1.0,1.231469118035801,0.0,1480.1054695652692,0.118249,125.16854007774012,83.48255694331095
ES,2016-11-01,127711.11111111111,1.0,1.2218690915120873,0.0,1560.462593093326,0.118249,131.96412596244585,88.07565615119807
ES,2016-12-01,133627.55555555556,1.0,1.211312469668467,0.0,1618.6472433576027,0.118249,136.88464539722133,91.50167362442559
ES,2017-01-01,141440.0,1.0,1.1986856675383935,0.0,1695.4210081663039,0.118249,143.3771962694233,96.0500158008373
ES,2017-02-01,148877.3333333333,1.0,1.1993531188680648,0.0,1785.5649406209382,0.118249,151.00042627176026,101.40674737513952
ES,2017-03-01,156396.44444444444,1.0,1.2006192558136337,0.0,1877.7258274078717,0.118249,158.79422467909848,106.86257965724782
ES,2017-04-01,162262.22222222222,1.0,1.1973212227034515,0.0,1942.8000230969026,0.118249,164.29737444687925,110.79028939996778
ES,2017-05-01,167633.77777777778,1.0,1.1918300273607605,0.0,1997.9096995547652,0.118249,168.9578516143701,114.04013231695717
ES,2017-06-01,173136.88888888888,1.0,1.182187228602128,0.0,2046.802188443501,0.118249,173.09255794497213,117.26993789361006
ES,2017-07-01,178747.55555555553,1.0,1.177849481507849,0.0,2105.3771563190653,0.118249,178.04608549070733,120.55951985717807
ES,2017-08-01,183268.44444444444,1.0,1.1705551949849446,0.0,2145.2582972125415,0.118249,181.41872634969778,122.87698159431986
ES,2017-09-01,188700.44444444444,1.0,1.1640002586662002,0.0,2196.473661437603,0.118249,185.7498720020975,126.1161653368164
ES,2017-10-01,194042.66666666666,1.0,1.1604169770461286,0.0,2251.704046713029,0.118249,190.42055718974612,129.76308050310368
ES,2017-11-01,199363.55555555553,1.0,1.1527099270764622,0.0,2298.0834958614864,0.118249,194.3427425061934,133.1536006671298
ES,2017-12-01,204666.66666666666,1.0,1.1450433018508648,0.0,2343.521957788103,0.118249,198.1853510632735,136.40003485003714
ES,2018-01-01,207026.66666666666,1.0,1.141475692186661,0.0,2363.1590763443046,0.118249,199.8460093822615,137.49875137473126
ES,2018-02-01,209536.88888888888,1.0,1.138393040567523,0.0,2385.353360532815,0.118249,201.72292032345428,138.41733756909494
ES,2018-03-01,211988.44444444444,1.0,1.1320531619581398,0.0,2399.8218883192076,0.118249,202.94648481756354,138.8464471153827
ES,2018-04-01,214746.66666666666,1.0,1.1235033327311312,0.0,2412.685956929013,0.118249,204.03436451293567,139.24791810194455
ES,2018-05-01,217261.3333333333,1.0,1.1191612995150861,0.0,2431.504761477136,0.118249,205.62582021641924,139.99439602374994
ES,2018-06-01,220008.88888888888,1.0,1.1142554320047846,0.0,2451.4609953378153,0.118249,207.31346525871805,140.67349406004453
ES,2018-07-01,222845.3333333333,1.0,1.109178028095171,0.0,2471.751473968777,0.118249,209.02937648257296,141.6660206933503
ES,2018-08-01,225336.0,1.0,1.1060741055393184,0.0,2492.3831464580785,0.118249,210.77414155367725,142.57719144208872
ES,2018-09-01,228039.1111111111,1.0,1.1042850009270442,0.0,2518.2017002473567,0.118249,212.95754723061984,143.84718979018774
ES,2018-10-01,228151.1111111111,1.0,1.1047499680047508,0.0,2520.4993270024834,0.118249,213.15185134779009,142.65777677423745
ES,2018-11-01,230403.55555555553,1.0,1.1057265671768028,0.0,2547.633325497742,0.118249,215.44650064674897,143.8724657032096
ES,2018-12-01,231840.88888888888,1.0,1.1043920547127788,0.0,2560.4323564643705,0.118249,216.52888028350094,143.76541748358324
ES,2019-01-01,229104.0,1.0,1.1043920547127788,0.0,2530.2063730291648,0.118249,213.97275013143152,140.61534476197284
ES,2019-02-01,229842.66666666666,1.0,1.1022050819418363,0.0,2533.337552470635,0.118249,214.23754555815563,140.77464143813478
ES,2019-03-01,230425.77777777775,1.0,1.0982317380401847,0.0,2530.6090241815023,0.118249,214.00680125679727,140.29557564896294
ES,2019-04-01,226672.88888888888,1.0,1.0982317380401847,0.0,2489.393607310341,0.118249,210.52132426577313,136.9114155300257
ES,2019-05-01,228109.3333333333,1.0,1.0891291884328407,0.0,2484.4053308728962,0.118249,210.09947913918054,136.9183734766272
ES,2019-06-01,228478.22222222222,1.0,1.0787646554233246,0.0,2464.7423066728934,0.118249,208.4366300495474,135.9516422010788
ES,2019-07-01,226763.55555555553,1.0,1.0762675790894127,0.0,2440.5826296348528,0.118249,206.39351111932046,134.58013060026406
ES,2019-08-01,227244.44444444444,1.0,1.0623594937482947,0.0,2414.152929571125,0.118249,204.1584224451052,133.65670182070244
ES,2019-09-01,227600.0,1.0,1.0496277770123783,0.0,2388.952820480173,0.118249,202.02731697351967,132.83416418219758
ES,2019-10-01,227080.0,1.0,1.0411772703005155,0.0,2364.3053453984107,0.118249,199.94294627425268,131.9677318858441
ES,2019-11-01,229709.3333333333,1.0,1.0223600147284673,0.0,2348.456374099331,0.118249,198.60264138380288,131.50095406469808
ES,2019-12-01,230224.0,1.0,1.0121788456095155,0.0,2330.278625516051,0.118249,197.0653980596919,130.82827226842602
ES,2020-01-01,230402.66666666666,1.0,1.0032168321372357,0.0,2311.4383336930478,0.118249,195.47212523514344,130.1593480841816
ES,2020-02-01,232185.77777777775,1.0,0.9868880745039113,0.0,2291.413751583041,0.118249,193.77870016516343,129.58482690500006
ES,2020-03-01,238370.839,1.0,0.9647950183623041,0.0,2299.7899799004285,0.118249,194.4870552732309,133.77330518690155
ES,2020-04-01,249184.15988888888,1.0,0.9471291537304867,0.0,2360.0958247860563,0.118249,199.58695843398726,135.76523312204438
ES,2020-05-01,265213.15466666664,1.0,0.9184019592136643,0.0,2435.7228085510324,0.118249,205.98252911661257,139.42902775406606
ES,2020-06-01,281931.0857777778,1.0,0.8760000900853948,0.0,2469.716565392065,0.118249,208.85728973539437,145.54761934513442
ES,2020-07-01,289451.3457777777,1.0,0.8513089699321742,0.0,2464.1252701956155,0.118249,208.38444893365823,145.76905705189728
ES,2020-08-01,296612.9978888889,1.0,0.8261810438486044,0.0,2450.560362149061,0.118249,207.2373011314312,145.87032253692738
ES,2020-09-01,307157.89222222223,1.0,0.7935198143921505,0.0,2437.3587362526196,0.118249,206.1208751239012,146.25962507462555
ES,2020-10-01,317652.1198888889,1.0,0.7592195464758661,0.0,2411.676983991397,0.118249,203.94903838437506,146.83867700708248
ES,2020-11-01,327018.3475555555,1.0,0.7272751765916883,0.0,2378.3232646718875,0.118249,201.12840401795256,147.18925091490644
ES,2020-12-01,334628.8407777777,1.0,0.6998195685596266,0.0,2341.7981098071236,0.118249,198.0395698743434,147.03286485236515
ES,2021-01-01,342094.4273333333,1.0,0.6750866937618631,0.0,2309.4339590281793,0.118249,195.3026206587945,146.78330120108723
ES,2021-02-01,345480.92055555555,1.0,0.661991681900573,0.0,2287.0549566313043,0.118249,193.41008859536268,146.9854193002417
ES,2021-03-01,353857.803,1.0,0.6415066415783094,0.0,2270.0213079880905,0.118249,191.96959872710045,147.48008986814773
ES,2021-04-01,364964.62,1.0,0.6191498499508699,0.0,2259.6778971037625,0.118249,191.0948842784093,148.7232436229188
ES,2021-05-01,374770.95366666664,1.0,0.604116967067792,0.0,2264.054918742107,0.118249,191.46503723009133,150.05966174699208
ES,2021-06-01,384794.12344444444,1.0,0.5877333387290048,0.0,2261.5633489530414,0.118249,191.2543318719855,151.2695783615387
ES,2021-07-01,390199.63344444445,1.0,0.57515232853823,0.0,2244.24227770336,0.118249,189.78953544667266,151.508028072168
ES,2021-08-01,397677.76800000004,1.0,0.5580163738304447,0.0,2219.1070605234486,0.118249,187.66391770953229,151.88462371096
ES,2021-09-01,407119.5302222222,1.0,0.5413079036446831,0.0,2203.770194373993,0.118249,186.36692017471546,152.1634686888926
ES,2021-10-01,416252.77966666664,1.0,0.5297177724579408,0.0,2204.964952244527,0.118249,186.46795763554252,152.70160891319938
ES,2021-11-01,421194.034,1.0,0.5229064408308666,0.0,2202.45073218135,0.118249,186.2553368046537,153.05109899546346
ES,2021-12-01,427865.7772222222,1.0,0.5144278208881762,0.0,2201.060594090536,0.118249,186.13777656390633,153.27557161848085
ES,2022-01-01,431941.0692222222,1.0,0.5125110322472012,0.0,2213.745632570409,0.118249,187.2105161625391,152.86038237559896
ES,2022-02-01,437306.0401111111,1.0,0.5213980239247747,0.0,2280.1050516430164,0.118249,192.822353816355,154.6372878851668
ES,2022-03-01,442089.51811111113,1.0,0.531458543290791,0.0,2349.522512994589,0.118249,198.69280188370206,156.24375199915954
ES,2022-04-01,449089.614,1.0,0.5573724941250794,0.0,2503.1019824084915,0.118249,211.68060469082116,162.58637693682394
ES,2022-05-01,446893.16244444443,1.0,0.5648216706500264,0.0,2524.1494261394478,0.118249,213.4605304179695,158.80965850193962
ES,2022-06-01,449613.19166666665,1.0,0.5961500932958852,0.0,2680.3694615914405,0.118249,226.67163879537588,163.2335631626569
ES,2022-07-01,456172.0417777777,1.0,0.631133282747606,0.0806451612903225,2511.172903395823,0.118249,212.36314077884995,162.4627194176191
ES,2022-08-01,455928.45211111114,1.0,0.6442071901288351,0.5,657.4816097873248,0.118249,55.601452002750534,113.03232230612474
ES,2022-09-01,457663.575,1.0,0.6755101766213152,0.925,-1141.8240449360749,0.118249,-96.56098951670414,66.58205014287604
ES,2022-10-01,453953.29277777777,1.0,0.6832196006661336,1.25,-2572.9182855951244,0.118249,-217.5847817398138,22.984376249167582
ES,2022-11-01,453763.8618888889,1.0,0.7071390740582548,1.975,-5753.094700933489,0.118249,-486.52375080833565,-61.54130977852833
ES,2022-12-01,453832.24611111113,1.0,0.733247622134738,2.177419354838709,-6554.117012232185,0.118249,-554.2640540074067,-83.48242730647553
ES,2023-01-01,449595.70822222217,1.0,0.7395890071809588,2.5,-7914.7322707866215,0.118249,-669.327628207141,-121.63090266932738
ES,2023-02-01,451213.58211111114,1.0,0.7782101316468052,2.875,-9461.000674339302,0.118249,-800.0913897233212,-162.036439774295
ES,2023-03-01,453970.20855555555,1.0,0.8234496396924038,3.161290322580645,-10613.100223804373,0.118249,-897.5213510308224,-193.71858574424414
ES,2023-04-01,455091.1486666666,1.0,0.8574718523029703,3.5,-12025.9117011944,0.118249,-1016.9990191201954,-233.2256286745802
ES,2023-05-01,452322.92333333334,1.0,0.8701339630173128,3.6774193548387095,-12697.995350596164,0.118249,-1073.8353263533868,-250.77180802249393
ES,2023-06-01,453063.4257777778,1.0,0.9026874932579204,3.8333333333333335,-13277.684440459601,0.118249,-1122.8580741029184,-267.0305375969655
ES,2023-07-01,445735.9542222222,1.0,0.9027630310678545,4.0,-13805.498757993131,0.118249,-1167.4939118295401,-285.0209504085691
ES,2023-08-01,446538.7212222222,1.0,0.936837694149467,4.241935483870968,-14758.54140536632,0.118249,-1248.090166121178,-310.54111036479094
ES,2023-09-01,447026.7822222222,1.0,0.9707173961550527,4.341666666666667,-15069.046054311539,0.118249,-1274.3487094446073,-321.0773422001761
ES,2023-10-01,440582.2771111111,1.0,0.9794966067369408,4.5,-15510.71401581232,0.118249,-1311.6993814588131,-332.1768223275511
ES,2023-11-01,440151.22088888887,1.0,1.0063105182133323,4.5,-15377.516908150714,0.118249,-1300.4352601840787,-329.2614031165017
ES,2023-12-01,440347.70866666664,1.0,1.030173671337953,4.5,-15279.300732976048,0.118249,-1292.129382318332,-326.7249625487242
ES,2024-01-01,435222.2638888889,1.0,1.034893792498446,4.5,-15080.913682442682,0.118249,-1275.3523228477773,-319.7295508012521
ES,2024-02-01,436722.89588888886,1.0,1.066603588192704,4.5,-14994.428236990025,0.118249,-1268.0384812548118,-321.74799001180384
ES,2024-03-01,438146.19155555556,1.0,1.097377028318292,4.5,-14908.462963417873,0.118249,-1260.7686291992213,-324.1849141618329
ES,2024-04-01,431506.86388888885,1.0,1.0984857159695078,4.5,-14677.767611752566,0.118249,-1241.2593435676044,-316.3102789552828
ES,2024-05-01,427753.83044444444,1.0,1.1046776491228445,4.5,-14523.621411813392,0.118249,-1228.2236138837022,-310.6908973930101
ES,2024-06-01,428481.92144444445,1.0,1.1337572301005518,4.341666666666667,-13745.311991996141,0.118249,-1162.4040788502346,-298.2502015898143
ES,2024-07-01,422568.80322222225,1.0,1.134356544242398,4.25,-13165.737263666386,0.118249,-1113.3910023481285,-283.1507374254884
ES,2024-08-01,422823.94622222224,1.0,1.1556275881537992,4.25,-13083.74754257986,0.118249,-1106.457352077384,-283.0702183746432
ES,2024-09-01,422795.5421111111,1.0,1.17413111190047,3.99,-11905.368130578525,0.118249,-1006.8049734525048,-256.3707632843028
ES,2024-10-01,414952.49255555554,1.0,1.174078460162996,3.577419354838709,-9972.722947063861,0.118249,-843.366366486301,-204.5486953376128
ES,2024-11-01,415452.9995555555,1.0,1.1949195385915694,3.4,-9161.072919534809,0.118249,-774.7273058998222,-186.76459298341422
ES,2024-12-01,411796.1203333333,1.0,1.2019925397044984,3.287096774193548,-8586.378342531956,0.118249,-726.1269306744205,-172.18435641167696
ES,2025-01-01,402400.1368888889,1.0,1.2017987120764364,3.0,-7235.964444142183,0.118249,-611.92605807594,-133.3442982008345
ES,2025-02-01,402400.1368888889,1.0,1.2206765892352789,2.7857142857142856,-6297.713832994236,0.118249,-532.5807265172843,-111.92724836476265
ES,2025-03-01,402362.8026666667,1.0,1.2414345670502887,2.588709677419355,-5420.933893711402,0.118249,-458.43380440522975,-92.25523461939332
ES,2025-04-01,392201.4917777778,1.0,1.2410679842374377,2.433333333333333,-4676.082485103632,0.118249,-395.44372342291535,-72.30158642065209
ES,2025-05-01,392201.4917777778,1.0,1.2582253724524808,2.25,-3889.75488431487,0.118249,-328.9461123827576,-54.26491748477105
ES,2025-06-01,388986.0808888889,1.0,1.2654034851619143,2.083333333333333,-3181.633260822441,0.118249,-269.0621705741647,-38.16343681602444
ES,2025-07-01,379442.52,1.0,1.265251363255205,2.0,-2787.948742930096,0.118249,-235.76932937530938,-30.09263331375655
ES,2025-08-01,379442.52,1.0,1.2828362258823758,2.0,-2721.224297039021,0.118249,-230.1266223848845,-28.677809653743566
ES,2025-09-01,379134.9506666667,1.0,1.2993218721279292,2.0,-2656.515674439899,0.118249,-224.65438815041978,-28.009043830043453
ES,2025-10-01,368895.36877777777,1.0,1.2991065076157395,2.0,-2585.563633470363,0.118249,-218.65416481072677,-27.555891028598182
ES,2025-11-01,368895.36877777777,1.0,1.3158581918402334,2.0,-2523.767446173928,0.118249,-213.42822739929537,-26.421794920217906
ES,2025-12-01,368895.36877777777,1.0,1.3337097886241858,2.0,-2457.913732385045,0.118249,-207.85915588166029,-24.917206820677734
ES,2026-01-01,368895.36877777777,1.0,1.351056233711853,2.0,-2393.92349980906,0.116851,-204.86974863792864,-24.361371763434505
ES,2026-02-01,361129.63544444443,1.0,1.3510626549539053,2.0,-2343.505068427818,0.116851,-200.55498613001328,-24.370341463110748
ES,2026-03-01,361047.85188888886,1.0,1.3707797430244477,2.0,-2271.786221459978,0.116851,-194.41735384891683,-23.299953906284117
ES,2026-04-01,351754.9986666667,1.0,1.3705072653062833,2.0,-2214.272160528647,0.116851,-189.49535395748833,-23.852246167557865
ES,2026-05-01,351530.098,1.0,1.3906653879801762,2.0,-2141.9945587812063,0.116851,-183.3099039615584,-23.556671806198977
ES,2026-06-01,349984.16111111105,1.0,1.4039573747251433,2.1166666666666667,-2494.36963656248,0.116851,-213.46583568497317,-34.080413176328165
ES,2026-07-01,340738.36344444443,1.0,1.4039159575082976,2.25,-2882.932919750825,0.116851,-246.7187204004095,-45.08578140112152
ES,2026-08-01,340738.36344444443,1.0,1.4268950579008004,2.25,-2804.6343091391545,0.116851,-240.0179980607059,-43.344547632730524
FI,2015-03-01,688.0,1.0,0.040726758691486675,0.05,-0.0637999002025717,0.018165,-0.03512243336227454,-1.2819596268823223
FI,2015-04-01,1386.6666666666665,1.0,0.0018827665507206127,0.05,-0.6672256371633408,0.018165,-0.3673138657656707,-3.170673372950178
FI,2015-05-01,2134.222222222222,1.0,0.0765196863048354,0.05,0.5659890383814203,0.018165,0.3115821846305645,-5.430740179232373
FI,2015-06-01,2877.333333333333,1.0,0.1518184378804893,0.05,2.9296558526146117,0.018165,1.6128025613072456,-7.800945634591135
FI,2015-07-01,3632.8888888888887,1.0,0.17957761272514594,0.05,4.707410695179302,0.018165,2.59147299486887,-9.853418269584088
FI,2015-08-01,4243.555555555556,1.0,0.1861031421437432,0.05,5.775612449726489,0.018165,3.179527910666936,-11.354584879579955
FI,2015-09-01,4976.888888888889,1.0,0.20324679339053017,0.05,7.626922632831808,0.018165,4.198691237452137,-12.844365723921179
FI,2015-10-01,5727.11111111111,1.0,0.2093567956346369,0.05,9.126540749101913,0.018165,5.024244838481648,-14.77816305613426
FI,2015-11-01,6535.11111111111,1.0,0.20775262050693544,0.05,10.309309030817683,0.018165,5.67536968390734,-16.844341563135217
FI,2015-12-01,7187.555555555555,1.0,0.21099681009715776,0.05,11.571735168405489,0.018165,6.3703469135180235,-17.74465908418724
FI,2016-01-01,7956.444444444444,1.0,0.20674733656010902,0.05,12.471514751551432,0.018165,6.865683870933902,-19.282532164800898
FI,2016-02-01,8737.777777777777,1.0,0.18809770423338038,0.05,12.06667051212559,0.018165,6.64281338404932,-21.37087987107588
FI,2016-03-01,9512.0,1.0,0.1724847417210645,0.0241935483870967,14.10545830992702,0.018165,7.765184866461338,-22.792304174167732
FI,2016-04-01,10688.888888888889,1.0,0.14834910456610936,0.0,15.856870954733022,0.018165,8.729353677254622,-25.164022100640103
FI,2016-05-01,11903.111111111111,1.0,0.12862516541968358,0.0,15.310396356755403,0.018165,8.42851437200958,-27.929787869679238
FI,2016-06-01,12991.11111111111,1.0,0.10863981201884941,0.0,14.113518690270968,0.018165,7.769622180165686,-30.878272526965933
FI,2016-07-01,14055.11111111111,1.0,0.07674527426494984,0.0,10.78663357046566,0.018165,5.93814124440719,-33.62756797123796
FI,2016-08-01,14829.333333333332,1.0,0.05297545511929827,0.0,7.855906824491138,0.018165,4.324749146430574,-35.66190373005083
FI,2016-09-01,15900.444444444443,1.0,0.02404058449702177,0.0,3.8225597820686703,0.018165,2.1043544079651366,-38.50529214951346
FI,2016-10-01,17018.666666666664,1.0,0.0031059181754274903,0.0,0.5285858612154197,0.018165,0.2909913907048829,-41.39499174372429
FI,2016-11-01,18090.666666666664,1.0,-0.005832849384151653,0.0,-1.055201339255595,0.018165,-0.5808980673028323,-44.46936787855061
FI,2016-12-01,18925.333333333332,1.0,-0.016534205471155358,0.0,-3.1291534994343886,0.018165,-1.7226278554552097,-47.10559962825096
FI,2017-01-01,19616.0,1.0,-0.023467718142773698,0.0,-4.603427590886488,0.018165,-2.5342293371244087,-49.861409805710416
FI,2017-02-01,20261.333333333332,1.0,-0.031133341271924835,0.0,-6.30803005290893,0.018165,-3.4726287106572697,-53.06630760727801
FI,2017-03-01,20910.222222222223,1.0,-0.03801679794092931,0.0,-7.949396931221521,0.018165,-4.376216312260678,-56.30786133411134
FI,2017-04-01,21509.333333333332,1.0,-0.04691372671089068,0.0,-10.090829857334512,0.018165,-5.555094884301961,-59.06217993121343
FI,2017-05-01,22074.666666666664,1.0,-0.05148143374874578,0.0,-11.364354895256467,0.018165,-6.25618216088988,-61.173901458302815
FI,2017-06-01,22646.222222222223,1.0,-0.05246122906365818,0.0,-11.880486514265062,0.018165,-6.5403173764189715,-62.36293742778103
FI,2017-07-01,23227.555555555555,1.0,-0.04778574422998959,0.0,-11.099460288656514,0.018165,-6.110355237355637,-63.59692087088489
FI,2017-08-01,23696.888888888887,1.0,-0.047061419121664325,0.0,-11.152092198795103,0.018165,-6.139329589207323,-64.68107434458524
FI,2017-09-01,23876.44444444444,1.0,-0.04753052911864061,0.0,-11.348600379162715,0.018165,-6.247509154507412,-65.88121581978852
FI,2017-10-01,24811.555555555555,1.0,-0.048170212027777444,0.0,-11.951778918500905,0.018165,-6.579564502340162,-67.2370411889826
FI,2017-11-01,25359.11111111111,1.0,-0.05119922458329872,0.0,-12.983668250106037,0.018165,-7.147629094470706,-68.33677093353428
FI,2017-12-01,25922.666666666664,1.0,-0.05310657619628358,0.0,-13.766640725441937,0.018165,-7.578662661955374,-69.3639788751917
FI,2018-01-01,26171.555555555555,1.0,-0.05079526354580931,0.0,-13.293910618482341,0.018165,-7.318420379015877,-69.66567838654613
FI,2018-02-01,26434.666666666664,1.0,-0.045506540541391624,0.0,-12.029502303648403,0.018165,-6.622351942553483,-69.92793469691281
FI,2018-03-01,26683.555555555555,1.0,-0.04242692738795961,0.0,-11.32101274008142,0.018165,-6.232321904806727,-70.33235960698758
FI,2018-04-01,27165.333333333332,1.0,-0.03882671402083122,0.0,-10.54740628613887,0.018165,-5.806444418463457,-70.59289082945459
FI,2018-05-01,27597.333333333332,1.0,-0.03579300917580843,0.0,-9.877916052278438,0.018165,-5.437883871334125,-71.06930806400342
FI,2018-06-01,28076.44444444444,1.0,-0.034599091470656394,0.0,-9.714194695041359,0.018165,-5.347753754495656,-71.98772495316918
FI,2018-07-01,28569.777777777777,1.0,-0.03500931995389639,0.0,-10.002084912339413,0.018165,-5.5062399737624075,-72.86959576298506
FI,2018-08-01,29004.44444444444,1.0,-0.03451874286381043,0.0,-10.011969596854527,0.018165,-5.511681583734945,-73.70863169532348
FI,2018-09-01,28688.888888888887,1.0,-0.03443828875966076,0.0,-9.879962397493786,0.018165,-5.439010403244584,-74.54936784367668
FI,2018-10-01,29034.666666666664,1.0,-0.029582924626614812,0.0,-8.589303555588854,0.018165,-4.728490809572724,-75.22256538312536
FI,2018-11-01,29336.0,1.0,-0.026717809538575787,0.0,-7.837936606236593,0.018165,-4.314856375577536,-75.88889131911691
FI,2018-12-01,29451.555555555555,1.0,-0.025689304355845526,0.0,-7.565899744197599,0.018165,-4.165097574565152,-76.92856037448286
FI,2019-01-01,29647.11111111111,1.0,-0.025878805185066498,0.0,-7.6723181274446475,0.018165,-4.223681875829699,-77.58108724528839
FI,2019-02-01,29760.888888888887,1.0,-0.02693164884536113,0.0,-8.015098088813653,0.018165,-4.412385405347456,-77.8752895253683
FI,2019-03-01,29887.11111111111,1.0,-0.02804332267890926,0.0,-8.38133900829303,0.018165,-4.6140044086391585,-78.32523001647351
FI,2019-04-01,30055.11111111111,1.0,-0.02932887442451147,0.0,-8.814825795925172,0.018165,-4.852642882425088,-78.46255161817251
FI,2019-05-01,30216.0,1.0,-0.03229693222800292,0.0,-9.758841042013364,0.018165,-5.372331980189025,-78.55343764274235
FI,2019-06-01,30328.888888888887,1.0,-0.03719185863170492,0.0,-11.279877480122416,0.018165,-6.209676564889851,-78.69466441335844
FI,2019-07-01,29236.44444444444,1.0,-0.037191858631704926,0.0,-10.873577086714725,0.018165,-5.9860044518110245,-77.79938497086745
FI,2019-08-01,29340.44444444444,1.0,-0.0460377809902822,0.0,-13.507689554908753,0.018165,-7.436107654780486,-77.93782827918324
FI,2019-09-01,29401.777777777777,1.0,-0.053159153651081266,0.0,-15.629736225038355,0.018165,-8.604313914141677,-77.79746670546376
FI,2019-10-01,29747.555555555555,1.0,-0.06298926666893778,0.0,-18.737767096379304,0.018165,-10.315313568059072,-78.29052795646763
FI,2019-11-01,29943.11111111111,1.0,-0.0686281105952547,0.0,-20.54939140899333,0.018165,-11.312629457194236,-78.41431677629905
FI,2019-12-01,30119.11111111111,1.0,-0.07368202080655321,0.0,-22.19236971563777,0.018165,-12.217104164953355,-78.45422995621921
FI,2020-01-01,30634.666666666664,1.0,-0.08189213158856827,0.0,-25.087381538385927,0.018165,-13.810834868365498,-79.12361201932734
FI,2020-02-01,30811.555555555555,1.0,-0.08932329656587286,0.0,-27.521897145447564,0.018165,-15.151058158793044,-79.34493141895642
FI,2020-03-01,31285.355333333333,1.0,-0.09529192764611889,0.0,-29.8124181680712,0.018165,-16.412011102709165,-77.12576118903854
FI,2020-04-01,31169.930555555555,1.0,-0.09589391051340357,0.0,-29.890065314034477,0.018165,-16.45475657254857,-80.27648188449146
FI,2020-05-01,33163.914666666664,1.0,-0.11245194539209728,0.0,-37.29346721084173,0.018165,-20.5303975837279,-87.08389894627442
FI,2020-06-01,35112.56133333333,1.0,-0.13150974352564324,0.0,-46.17643935475084,0.018165,-25.420555659097626,-88.73022604935758
FI,2020-07-01,37023.828555555556,1.0,-0.14994951750053923,0.0,-55.51705227928242,0.018165,-30.56264920411914,-93.1780410858801
FI,2020-08-01,38101.27211111111,1.0,-0.16251673283773074,0.0,-61.920942604591254,0.018165,-34.08804987866295,-95.45502847316678
FI,2020-09-01,38096.96544444444,1.0,-0.17403967075462323,0.0,-66.30383322701368,0.018165,-36.500871581070015,-96.36212163034565
FI,2020-10-01,39779.769888888884,1.0,-0.19579862132454504,0.0,-77.88824100852094,0.018165,-42.8781948849551,-99.98855626224767
FI,2020-11-01,41435.018777777776,1.0,-0.21622725718564118,0.0,-89.59380461754427,0.018165,-49.32221558906924,-103.26136869211537
FI,2020-12-01,42716.90688888889,1.0,-0.2318168476456196,0.0,-99.02498696153674,0.018165,-54.51416843464725,-105.52087345662552
FI,2021-01-01,43965.01155555555,1.0,-0.24508440221184039,0.0,-107.75138575329987,0.018165,-59.31813143589313,-107.83745089360039
FI,2021-02-01,45237.12466666666,1.0,-0.2541650888809253,0.0,-114.97697811620831,0.018165,-63.29588665907421,-109.72055595419522
FI,2021-03-01,46740.37211111111,1.0,-0.2621279980653888,0.0,-122.51960170316885,0.018165,-67.44817049445024,-111.93767935340296
FI,2021-04-01,47169.86111111111,1.0,-0.26755251021467447,0.0,-126.2041474675533,0.018165,-69.47654691304888,-111.84818756853937
FI,2021-05-01,48944.24166666667,1.0,-0.26982336889266517,0.0,-132.06300174396753,0.018165,-72.70190021688276,-114.10727569998201
FI,2021-06-01,50819.943111111104,1.0,-0.27378421193555286,0.0,-139.13698075285183,0.018165,-76.59619089064235,-116.58094440108916
FI,2021-07-01,52892.106111111105,1.0,-0.27890597839831655,0.0,-147.5192460446702,0.018165,-81.2107052269035,-119.49221260140816
FI,2021-08-01,54338.453555555556,1.0,-0.2857532348970841,0.0,-155.27388882804962,0.018165,-85.47970758494337,-121.25900158351564
FI,2021-09-01,56211.476888888894,1.0,-0.2893312665500728,0.0,-162.6373780291237,0.018165,-89.53337628908544,-123.73682777490828
FI,2021-10-01,57415.156444444445,1.0,-0.28794899275242725,0.0,-165.32636466900811,0.018165,-91.01368822956681,-124.78003695190996
FI,2021-11-01,58768.16655555555,1.0,-0.2880293064520793,0.0,-169.26954254456948,0.018165,-93.18444401022266,-126.38868181941291
FI,2021-12-01,60027.818,1.0,-0.2885975616571639,0.0,-173.23881906400013,0.018165,-95.36956733498494,-128.23177228041038
FI,2022-01-01,61186.97855555556,1.0,-0.28275844256381216,0.0,-173.0113476155426,0.018165,-95.24434220508815,-129.5944759920283
FI,2022-02-01,61972.81088888888,1.0,-0.26926848941492176,0.0,-166.87325172847721,0.018165,-91.86526381969568,-130.05032975088386
FI,2022-03-01,63300.020222222214,1.0,-0.24598579812785504,0.0,-155.70905995872695,0.018165,-85.71927330510705,-128.16832318964958
FI,2022-04-01,62703.56,1.0,-0.24253402281647135,0.0,-152.0774665171398,0.018165,-83.72004762848324,-132.81427538248045
FI,2022-05-01,62299.87977777777,1.0,-0.21800336231381687,0.0,-135.8158326330212,0.018165,-74.76786822627095,-129.4187401423008
FI,2022-06-01,63174.606,1.0,-0.1669279515300386,0.0,-105.45607568297284,0.018165,-58.05454207705634,-121.49261770977532
FI,2022-07-01,63619.93933333333,1.0,-0.1388027830101268,0.0806451612903225,-139.61264903219296,0.018165,-76.85805066457085,-126.7584720258017
FI,2022-08-01,63058.95566666666,1.0,-0.1233065449002277,0.5,-393.0505978160664,0.018165,-216.37797842888324,-158.94710812550903
FI,2022-09-01,61919.375555555554,1.0,-0.1211753276558415,0.925,-647.7852301007845,0.018165,-356.61174241716736,-193.46870275758718
FI,2022-10-01,62826.095,1.0,-0.05173436128616188,1.25,-817.8288664692873,0.018165,-450.2223322154073,-209.6531742264259
FI,2022-11-01,62497.13411111111,1.0,-0.023872746565996847,1.975,-1249.2381811318012,0.018165,-687.7171379751177,-262.73469694531036
FI,2022-12-01,63004.723666666665,1.0,0.0261871582037119,2.177419354838709,-1355.377900918243,0.018165,-746.1480324350362,-275.366405734105
FI,2023-01-01,63703.43911111111,1.0,0.08516736068644605,2.5,-1538.3314400203471,0.018165,-846.8656427307168,-299.1689171929032
FI,2023-02-01,63310.47044444445,1.0,0.11571020573563301,2.875,-1746.9193496743142,0.018165,-961.695210390484,-323.6402604414578
FI,2023-03-01,64150.54311111111,1.0,0.18349045065108413,3.161290322580645,-1910.2747906047846,0.018165,-1051.62388692804,-347.8211216414618
FI,2023-04-01,62519.37611111111,1.0,0.1831293476880197,3.5,-2073.686838237991,0.018165,-1141.5837259774244,-357.8103355318092
FI,2023-05-01,62550.46588888888,1.0,0.2133120255662875,3.6774193548387095,-2166.815273351046,0.018165,-1192.851788247204,-369.78826991631115
FI,2023-06-01,62663.37566666666,1.0,0.24817938370071338,3.8333333333333335,-2246.578487686626,0.018165,-1236.7621732378893,-380.9346367319364
FI,2023-07-01,62997.63966666667,1.0,0.2943134133929155,4.0,-2334.495083006731,0.018165,-1285.161069643122,-402.68810822215084
FI,2023-08-01,62904.29466666667,1.0,0.32093813941187543,4.241935483870968,-2466.4757234307226,0.018165,-1357.817629193902,-420.26857343751476
FI,2023-09-01,60622.439,1.0,0.32051858616170353,4.341666666666667,-2437.718042203792,0.018165,-1341.9862605030507,-388.71489325861955
FI,2023-10-01,61108.722,1.0,0.3773281820328873,4.5,-2519.3120602138692,0.018165,-1386.9045197984417,-407.38196066717967
FI,2023-11-01,60850.912,1.0,0.3958057101187464,4.5,-2497.439655644667,0.018165,-1374.8635593970089,-403.68970232943184
FI,2023-12-01,61006.487,1.0,0.4252720963831345,4.5,-2485.8483488053953,0.018165,-1368.4824380982081,-403.07801832860025
FI,2024-01-01,61426.095,1.0,0.46493957709192135,4.5,-2478.5800486829185,0.018165,-1364.4811718595752,-408.85839981305
FI,2024-02-01,60930.922,1.0,0.48055140469763624,4.5,-2449.0870884337787,0.018165,-1348.2450252869687,-401.95453404396073
FI,2024-03-01,60698.915888888885,1.0,0.49815298689821924,4.5,-2429.077752484662,0.018165,-1337.229701340304,-400.6459863029156
FI,2024-04-01,59202.89155555556,1.0,0.5013938910094906,4.5,-2367.290438439471,0.018165,-1303.2152152157837,-378.26615060346205
FI,2024-05-01,59338.019555555555,1.0,0.5347125235814854,4.5,-2352.9230581912134,0.018165,-1295.3058399070815,-377.77312341638935
FI,2024-06-01,59662.504555555555,1.0,0.5762153236500313,4.341666666666667,-2246.562579064528,0.018165,-1236.7534153947306,-372.59953813431036
FI,2024-07-01,59981.65555555555,1.0,0.6159980950919568,4.25,-2179.73450548427,0.018165,-1199.9639446651638,-369.7236797425237
FI,2024-08-01,59487.371555555554,1.0,0.6291972308291159,4.25,-2153.920396590528,0.018165,-1185.7530396865004,-362.3659059837596
FI,2024-09-01,57891.76155555555,1.0,0.6293630592376616,3.99,-1945.5319244940497,0.018165,-1071.0332642411504,-320.59905407294843
FI,2024-10-01,57889.983555555555,1.0,0.650831535177608,3.577419354838709,-1694.2012075407035,0.018165,-932.67338703039,-293.8557158817018
FI,2024-11-01,56767.20411111111,1.0,0.6561644913701163,3.4,-1557.5987036570698,0.018165,-857.4724490267381,-269.5097361103301
FI,2024-12-01,56833.879111111106,1.0,0.6783369659580036,3.287096774193548,-1482.659395711843,0.018165,-816.2176689853251,-262.27509472258157
FI,2025-01-01,56833.879111111106,1.0,0.7016871719913778,3.0,-1306.2203342655794,0.018165,-719.0863387093748,-240.5045788342693
FI,2025-02-01,55426.59211111111,1.0,0.7141989300077454,2.7857142857142856,-1148.1703667264965,0.018165,-632.0783741957041,-211.4248960431824
FI,2025-03-01,55426.59211111111,1.0,0.7376170462933471,2.588709677419355,-1025.997562253047,0.018165,-564.8211187740418,-198.64254898820536
FI,2025-04-01,55125.23255555556,1.0,0.7486195261028871,2.433333333333333,-928.7024041313373,0.018165,-511.259237066522,-188.11710006425875
FI,2025-05-01,54582.053555555554,1.0,0.7612881329345719,2.25,-812.569508569563,0.018165,-447.327007194915,-172.64581229692845
FI,2025-06-01,54582.053555555554,1.0,0.7812003421637771,2.083333333333333,-710.7309266047246,0.018165,-391.2639287667077,-160.3651950085674
FI,2025-07-01,52011.270000000004,1.0,0.7811999335457877,2.0,-633.9133933236798,0.018165,-348.9751683587557,-143.29847229720286
FI,2025-08-01,51521.431,1.0,0.7947394441124396,2.0,-620.9674856718259,0.018165,-341.8483268218144,-140.39951409067345
FI,2025-09-01,49434.22788888888,1.0,0.7947315527670219,2.0,-595.8151508780228,0.018165,-328.0017345874059,-131.35639026702958
FI,2025-10-01,49434.22788888888,1.0,0.8148179919523753,2.0,-585.8855747563722,0.018165,-322.53541137152337,-131.43713758939478
FI,2025-11-01,49434.22788888888,1.0,0.8351262138912253,2.0,-575.8463620429396,0.018165,-317.0087322009026,-130.00229972182515
FI,2025-12-01,49434.22788888888,1.0,0.8568679463769271,2.0,-565.0985044589653,0.018165,-311.09193749461343,-128.14998843363088
FI,2026-01-01,49434.22788888888,1.0,0.879467031706349,2.0,-553.9268211164144,0.01795,-308.5943293127657,-128.08595243827156
FI,2026-02-01,49434.22788888888,1.0,0.9008559965343998,2.0,-543.3533515002415,0.01795,-302.70381699177796,-126.51917232487543
FI,2026-03-01,49434.22788888888,1.0,0.9253376476672278,2.0,-531.2510362882766,0.01795,-295.96158010488944,-124.84418016225672
FI,2026-04-01,46074.08444444444,1.0,0.925302752391834,2.0,-495.1569173851065,0.01795,-275.85343586914007,-110.2103280792096
FI,2026-05-01,46074.08444444444,1.0,0.9497006520576773,2.0,-483.91580849039514,0.01795,-269.59097966038723,-109.8377475050278
FI,2026-06-01,46074.08444444444,1.0,0.9732738669486661,2.1166666666666667,-526.807764073769,0.01795,-293.48621953970417,-114.10079703105916
FI,2026-07-01,46074.08444444444,1.0,0.998214576422524,2.25,-576.7486731223329,0.01795,-321.3084529929431,-119.67551399365513
FI,2026-08-01,46074.08444444444,1.0,1.0242069675827576,2.25,-564.7729168700364,0.01795,-314.6367224902709,-117.96327206229554
FR,2015-03-01,7784.0,1.0,0.21880766509471494,0.05,13.139988650972612,0.200047,0.6568450739562509,-0.5899921195637968
FR,2015-04-01,15449.777777777777,1.0,0.19476138103029353,0.05,22.365311677222504,0.200047,1.1180028531906254,-1.6853566539938818
FR,2015-05-01,23880.888888888887,1.0,0.28395060490733387,0.05,55.86948401280383,0.200047,2.792817888436409,-2.9495044754265285
FR,2015-06-01,32259.555555555555,1.0,0.3746346980402098,0.05,104.72571076689151,0.200047,5.235055300348994,-4.1786928955493865
FR,2015-07-01,40672.88888888888,1.0,0.4064313402853788,0.05,144.97092299944956,0.200047,7.246843141834147,-5.19804812261881
FR,2015-08-01,47861.33333333333,1.0,0.4161198062684075,0.05,175.22982087747675,0.200047,8.759432577218192,-5.774680213028699
FR,2015-09-01,56292.44444444444,1.0,0.4205562718874813,0.05,208.5951834876649,0.200047,10.427308756825392,-6.615748204547925
FR,2015-10-01,65136.88888888888,1.0,0.4088980775456701,0.05,233.77504199528138,0.200047,11.6860058883803,-8.116402006235607
FR,2015-11-01,74222.22222222222,1.0,0.3934333892921201,0.05,254.9038933857069,0.200047,12.742200252226073,-9.777510994816485
FR,2015-12-01,81570.66666666666,1.0,0.38675082233302804,0.05,274.6898907825332,0.200047,13.731267691219225,-10.38373830648604
FR,2016-01-01,90432.0,1.0,0.37109879289323155,0.05,290.37606038920717,0.200047,14.515391902363303,-11.632824133371495
FR,2016-02-01,99311.11111111111,1.0,0.3417958647188408,0.05,289.7857154285555,0.200047,14.4858815892543,-13.527811665870898
FR,2016-03-01,108068.44444444444,1.0,0.31034080755705856,0.0241935483870967,309.2348918053907,0.200047,15.458111933965053,-15.099377106664019
FR,2016-04-01,121342.22222222222,1.0,0.2766446064896063,0.0,335.6867131724103,0.200047,16.780392266437904,-17.11298351145682
FR,2016-05-01,135029.3333333333,1.0,0.2504076085367878,0.0,338.1237244231676,0.200047,16.902214200821184,-19.456088040867634
FR,2016-06-01,147192.0,1.0,0.22587065048728036,0.0,332.4635278652377,0.200047,16.619270864608705,-22.028623842522915
FR,2016-07-01,159253.3333333333,1.0,0.18926308951572804,0.0,301.4077788234474,0.200047,15.06684823183789,-24.498860983807262
FR,2016-08-01,167936.88888888888,1.0,0.16485992187331777,0.0,276.86062381870266,0.200047,13.83977884290705,-26.146874033574356
FR,2016-09-01,180033.77777777778,1.0,0.1359024989005287,0.0,244.6704028650247,0.200047,12.230645941454993,-28.379000616023603
FR,2016-10-01,192620.44444444444,1.0,0.11961623440191457,0.0,230.4053223326763,0.200047,11.517559490153628,-30.168423644275542
FR,2016-11-01,204602.66666666666,1.0,0.12273268425971996,0.0,251.1143448669673,0.200047,12.552767343022754,-31.33570246822502
FR,2016-12-01,214104.0,1.0,0.1232290810377924,0.0,263.83839166515503,0.200047,13.188820210508283,-32.194151562287466
FR,2017-01-01,226761.77777777775,1.0,0.1302120993835218,0.0,295.2712714438408,0.200047,14.76009494987882,-32.56708551870719
FR,2017-02-01,238813.3333333333,1.0,0.1441078617176724,0.0,344.14878816336403,0.200047,17.20339660996486,-32.39028228665589
FR,2017-03-01,250997.3333333333,1.0,0.15721550926240868,0.0,394.6067358350654,0.200047,19.725701251959062,-32.20594376989159
FR,2017-04-01,261044.44444444444,1.0,0.16263256386521205,0.0,424.5432728276991,0.200047,21.222176429923923,-32.28490861698755
FR,2017-05-01,270616.8888888889,1.0,0.16370726937946148,0.0,443.01951927965126,0.200047,22.14577170763127,-32.77194758978167
FR,2017-06-01,280216.0,1.0,0.159132643193092,0.0,445.9151274499547,0.200047,22.29051810074406,-33.532101950618
FR,2017-07-01,289095.1111111111,1.0,0.161606915893639,0.0,467.1976930659556,0.200047,23.354396370150795,-34.13216926337846
FR,2017-08-01,297335.11111111107,1.0,0.15924911916597706,0.0,473.5035454156236,0.200047,23.66961491127703,-34.87212984410088
FR,2017-09-01,307157.3333333333,1.0,0.15576541927439644,0.0,478.44490809872207,0.200047,23.916624998061558,-35.71708166721955
FR,2017-10-01,316480.0,1.0,0.15716088818171559,0.0,497.3827789174935,0.200047,24.86329607129792,-35.794180615344516
FR,2017-11-01,325759.11111111107,1.0,0.1554584793571463,0.0,506.4201605006899,0.200047,25.315058986172744,-35.87408285289083
FR,2017-12-01,333958.2222222222,1.0,0.15369225553098326,0.0,513.2679242645066,0.200047,25.6573667320433,-36.127949481193035
FR,2018-01-01,337494.2222222222,1.0,0.15655813180653508,0.0,528.374649266107,0.200047,26.412525519808195,-35.93473248772206
FR,2018-02-01,341248.8888888889,1.0,0.16189285320180632,0.0,552.457562741684,0.200047,27.61638828583703,-35.6891944685223
FR,2018-03-01,344795.55555555556,1.0,0.1642107934022672,0.0,566.1915173935329,0.200047,28.302924682376286,-35.79711301980457
FR,2018-04-01,348853.3333333333,1.0,0.16575188521867282,0.0,578.2309766481808,0.200047,28.904756214698587,-35.881690196292546
FR,2018-05-01,352552.0,1.0,0.16712371761419778,0.0,589.1980089232065,0.200047,29.452978996096245,-36.17844519657305
FR,2018-06-01,356589.3333333333,1.0,0.1675914790697696,0.0,597.6133379383642,0.200047,29.873646589969567,-36.766324608703954
FR,2018-07-01,360707.55555555556,1.0,0.1670237236847509,0.0,602.4671909011305,0.200047,30.116282218735122,-37.24707357048753
FR,2018-08-01,364370.6666666666,1.0,0.1671480379434937,0.0,609.0384201749608,0.200047,30.444766488623216,-37.75218362296532
FR,2018-09-01,368120.8888888889,1.0,0.1687153099188338,0.0,621.0762985648547,0.200047,31.04651899627861,-38.06383844415349
FR,2018-10-01,369897.77777777775,1.0,0.1705262769227653,0.0,630.7729088644884,0.200047,31.53123560285775,-38.96283897069489
FR,2018-11-01,371374.2222222222,1.0,0.17127473725494363,0.0,636.0702233437015,0.200047,31.796039097997046,-39.77799584554233
FR,2018-12-01,373561.77777777775,1.0,0.17181518763014877,0.0,641.8358694034083,0.200047,32.084253670557835,-40.67920912935987
FR,2019-01-01,375777.77777777775,1.0,0.17134870654370962,0.0,643.8903617009177,0.200047,32.18695415082044,-41.17045121863825
FR,2019-02-01,375117.3333333333,1.0,0.17053219889126095,0.0,639.6958369555942,0.200047,31.977277187640617,-41.485626932380235
FR,2019-03-01,376401.77777777775,1.0,0.1680690147298377,0.0,632.6147593367043,0.200047,31.623306489810112,-42.08791911802424
FR,2019-04-01,375751.11111111107,1.0,0.16581239864359193,0.0,623.0419302632815,0.200047,31.14477749045382,-42.465131245293605
FR,2019-05-01,371684.44444444444,1.0,0.16557466713138355,0.0,615.4152816680212,0.200047,30.763534652757663,-42.41757100979566
FR,2019-06-01,372460.44444444444,1.0,0.1592981208807532,0.0,593.3224890241017,0.200047,29.659154549885866,-42.82583329858272
FR,2019-07-01,373689.77777777775,1.0,0.15059385786319912,0.0,562.7538527959713,0.200047,28.131081835567205,-43.68229868348922
FR,2019-08-01,374035.55555555556,1.0,0.14099788047379888,0.0,527.3822055517318,0.200047,26.362914992563336,-44.13880563183942
FR,2019-09-01,375022.2222222222,1.0,0.13130486896266944,0.0,492.4224374697798,0.200047,24.61533726923072,-44.57781552209137
FR,2019-10-01,373112.0,1.0,0.1275405932436053,0.0,475.8692582630806,0.200047,23.787872763054715,-44.187341625353845
FR,2019-11-01,373246.2222222222,1.0,0.12242138180668036,0.0,456.9331827856773,0.200047,22.841291435796453,-44.26039588330836
FR,2019-12-01,377920.8888888889,1.0,0.11327487279039515,0.0,428.0894061372195,0.200047,21.399441438123016,-44.83768435314283
FR,2020-01-01,384527.11111111107,1.0,0.10171735490683749,0.0,391.1308063218982,0.200047,19.551945608876824,-45.760831542085015
FR,2020-02-01,386173.3333333333,1.0,0.09319971354723856,0.0,359.91244046248937,0.200047,17.99139404552377,-46.2024792146396
FR,2020-03-01,396236.71644444444,1.0,0.07996674019332141,0.0,316.85758558967655,0.200047,15.839157077570599,-44.87459300875877
FR,2020-04-01,415643.5504444444,1.0,0.06656200458237524,0.0,276.6606790931782,0.200047,13.829783955429384,-49.99194135651351
FR,2020-05-01,427271.06388888886,1.0,0.05384585690470328,0.0,230.06776565681446,0.200047,11.500685621719619,-55.052815740826894
FR,2020-06-01,455719.53288888885,1.0,0.03142512099493456,0.0,143.2104146078839,0.200047,7.158838403369404,-56.15083198689055
FR,2020-07-01,473799.49111111107,1.0,0.013515647003247722,0.0,64.03706672176185,0.200047,3.2011010773349184,-59.414290804426045
FR,2020-08-01,486256.7165555555,1.0,5.54692750315921e-05,0.0,0.26972307546579033,0.200047,0.013482985271750656,-61.35349560923208
FR,2020-09-01,505449.3596666666,1.0,-0.019699628631138222,0.0,-99.57164677279947,0.200047,-4.977412646668006,-64.83866269594365
FR,2020-10-01,518678.447,1.0,-0.03635467944136787,0.0,-188.56388673831512,0.200047,-9.425979231796283,-66.53634060908885
FR,2020-11-01,530071.9788888888,1.0,-0.05092892178288481,0.0,-269.95994352131186,0.200047,-13.494825891980977,-67.4339789950271
FR,2020-12-01,543458.9822222221,1.0,-0.06695609759206865,0.0,-363.87892650957406,0.200047,-18.18967175261684,-69.19637677459511
FR,2021-01-01,557106.3993333334,1.0,-0.08153489085062325,0.0,-454.23609461827067,0.200047,-22.706468710766504,-71.22578816847376
FR,2021-02-01,566509.4026666667,1.0,-0.0895388519790714,0.0,-507.24601550122816,0.200047,-25.35634203468326,-71.78101132980426
FR,2021-03-01,580487.8034444444,1.0,-0.09828846266052027,0.0,-570.5525379373671,0.200047,-28.520924479615648,-73.01043333856838
FR,2021-04-01,594525.139111111,1.0,-0.10491443906174686,0.0,-623.7427147794923,0.200047,-31.17980848398088,-73.55144913947137
FR,2021-05-01,605772.1856666666,1.0,-0.10458607171746062,0.0,-633.5533325457686,0.200047,-31.670224124619146,-73.0755996077184
FR,2021-06-01,623294.6976666666,1.0,-0.10650770574780892,0.0,-663.8568825325085,0.200047,-33.185045640899816,-73.16979915134662
FR,2021-07-01,642102.7448888889,1.0,-0.11296446356342532,0.0,-725.3479212897628,0.200047,-36.258875228809366,-74.54038260331401
FR,2021-08-01,655592.1166666667,1.0,-0.12069006652332502,0.0,-791.2345617266745,0.200047,-39.552433264516566,-75.33172726308885
FR,2021-09-01,673074.5014444444,1.0,-0.12510585683175265,0.0,-842.0556221481196,0.200047,-42.09288927842555,-76.2963407642484
FR,2021-10-01,681642.9916666667,1.0,-0.12408743405766563,0.0,-845.8332977930743,0.200047,-42.281728683413114,-76.04807740575626
FR,2021-11-01,696695.9343333333,1.0,-0.12541567454569616,0.0,-873.7659055765903,0.200047,-43.67803094155825,-76.8822687507485
FR,2021-12-01,708640.128111111,1.0,-0.12679921649883286,0.0,-898.5501302412142,0.200047,-44.916951028568995,-77.77915597399445
FR,2022-01-01,723435.9013333333,1.0,-0.12133020407403415,0.0,-877.7462554325617,0.200047,-43.87700167623417,-78.22713546317433
FR,2022-02-01,728412.4988888889,1.0,-0.11074416381462572,0.0,-806.6743310157198,0.200047,-40.32424035430273,-78.50930628549091
FR,2022-03-01,737126.9206666667,1.0,-0.09596091105397513,0.0,-707.3537086958459,0.200047,-35.359375981436656,-77.80842586597919
FR,2022-04-01,736972.1084444444,1.0,-0.08275913932771994,0.0,-609.9117740339731,0.200047,-30.488423922076965,-79.58265167607418
FR,2022-05-01,733941.6643333333,1.0,-0.07283085287802567,0.0,-534.5359737611429,0.200047,-26.720519366006137,-81.371391282036
FR,2022-06-01,737965.6516666666,1.0,-0.04074185418003373,0.0,-300.66088970076896,0.200047,-15.029512549589295,-78.46758818230828
FR,2022-07-01,735956.6406666667,1.0,-0.028482678504601615,0.0806451612903225,-803.1335837868253,0.200047,-40.14724458686335,-90.04766594809419
FR,2022-08-01,737462.4292222222,1.0,-0.00901624730774156,0.5,-3753.8035825314646,0.200047,-187.6460822972334,-130.21521199385919
FR,2022-09-01,744187.9706666666,1.0,0.03744276208798545,0.925,-6605.09419732254,0.200047,-330.1771182433398,-167.03407858375962
FR,2022-10-01,738502.5442222222,1.0,0.04749604606643377,1.25,-8880.522294172206,0.200047,-443.9217930872348,-203.35263509825342
FR,2022-11-01,739582.6388888889,1.0,0.07907481702483862,1.975,-14021.933499606694,0.200047,-700.9319559706815,-275.9495149408742
FR,2022-12-01,741855.6195555555,1.0,0.11605701823868203,2.177419354838709,-15292.332333469005,0.200047,-764.4369739845639,-293.65534728363275
FR,2023-01-01,745692.2047777778,1.0,0.15963097273299867,2.5,-17451.949399363533,0.200047,-872.3924577406076,-324.69573220279403
FR,2023-02-01,743770.3365555555,1.0,0.18534006197528044,2.875,-20004.8927732464,0.200047,-1000.0096363977665,-361.9546864487403
FR,2023-03-01,735792.9876666666,1.0,0.1916487007439758,3.161290322580645,-21850.41481230488,0.200047,-1092.264058561482,-388.4612932749037
FR,2023-04-01,736437.5012222221,1.0,0.22582061135647216,3.5,-24112.284875259422,0.200047,-1205.3309909800907,-421.55760053447557
FR,2023-05-01,724870.995,1.0,0.22760811112669116,3.6774193548387095,-25006.681087917183,0.200047,-1250.0402949265515,-426.97677659565863
FR,2023-06-01,726556.419888889,1.0,0.26630737191647835,3.8333333333333335,-25916.456121777523,0.200047,-1295.5183592744468,-439.69082276849383
FR,2023-07-01,723520.9635555556,1.0,0.28870810526595836,4.0,-26851.97487713897,0.200047,-1342.2833072797378,-459.8103458587667
FR,2023-08-01,724464.1925555555,1.0,0.3262068466575083,4.241935483870968,-28368.051854255144,0.200047,-1418.0693464163494,-480.52029065996226
FR,2023-09-01,724803.8133333332,1.0,0.3631031100316413,4.341666666666667,-28836.780374380956,0.200047,-1441.500266156501,-488.2288989120699
FR,2023-10-01,714380.6693333334,1.0,0.3742209960045338,4.5,-29473.767663956947,0.200047,-1473.342147793116,-493.819588661854
FR,2023-11-01,713810.0691111111,1.0,0.40600105226360655,4.5,-29223.376718245312,0.200047,-1460.8255419099169,-489.6516848423398
FR,2023-12-01,714092.7933333333,1.0,0.43391534069901017,4.5,-29035.61752290059,0.200047,-1451.4397877948977,-486.0353680252898
FR,2024-01-01,715482.4282222223,1.0,0.465402654734242,4.5,-28866.83505489676,0.200047,-1443.0026471227643,-487.37987507623916
FR,2024-02-01,709830.6001111111,1.0,0.4766517949481155,4.5,-28558.956708479407,0.200047,-1427.6123465225376,-481.3218552795296
FR,2024-03-01,698564.3352222221,1.0,0.476604180708167,4.5,-28106.008258394675,0.200047,-1404.9702449121794,-468.386529874791
FR,2024-04-01,700393.0605555555,1.0,0.513899705075656,4.5,-27918.36985243464,0.200047,-1395.5905288474528,-470.64146423513114
FR,2024-05-01,687359.8263333333,1.0,0.5147622969839956,4.5,-27392.922954421327,0.200047,-1369.3243564972895,-451.7916400065974
FR,2024-06-01,688327.0904444444,1.0,0.5514196194365881,4.341666666666667,-26089.297220855267,0.200047,-1304.1583838225652,-440.0045065621449
FR,2024-07-01,682874.6491111111,1.0,0.5636293795853324,4.25,-25173.29043909175,0.200047,-1258.3688052853454,-428.1285403627053
FR,2024-08-01,683236.4753333332,1.0,0.5930766257674012,4.25,-24985.434367747606,0.200047,-1248.978208508381,-425.5910748056401
FR,2024-09-01,683677.442111111,1.0,0.6213122234578647,3.99,-23030.95842337293,0.200047,-1151.2773709864646,-400.8431608182626
FR,2024-10-01,683969.0735555554,1.0,0.64971236221043,3.577419354838709,-20024.610393900854,0.200047,-1000.995285802879,-362.17761465419085
FR,2024-11-01,666616.4282222223,1.0,0.6496280177413386,3.4,-18334.43147095742,0.200047,-916.5061945921419,-328.5434816757339
FR,2024-12-01,666806.6854444444,1.0,0.677582776491309,3.287096774193548,-17400.413794287117,0.200047,-869.8162828878772,-315.87370862513365
FR,2025-01-01,666391.5504444444,1.0,0.7070670242000145,3.0,-15279.91160808546,0.200047,-763.8160836246212,-285.23432374951574
FR,2025-02-01,659651.6548888888,1.0,0.71402174727498,2.7857142857142856,-13665.95411402451,0.200047,-683.1371684666358,-262.4836903141141
FR,2025-03-01,636194.5831111111,1.0,0.713981992494627,2.588709677419355,-11926.915979575457,0.200047,-596.2056906414721,-230.02712085563564
FR,2025-04-01,635774.1308888888,1.0,0.7387465071222256,2.433333333333333,-10773.744666501274,0.200047,-538.5606715672454,-215.41853456498217
FR,2025-05-01,617091.5044444444,1.0,0.738708887422682,2.25,-9326.049063138555,0.200047,-466.19289782593864,-191.51170292795211
FR,2025-06-01,616963.5,1.0,0.764116460484493,2.083333333333333,-8139.086591318754,0.200047,-406.85871776726236,-175.95998400912208
FR,2025-07-01,616826.6036666667,1.0,0.7904686142268799,2.0,-7460.711367146706,0.200047,-372.9479255948205,-167.27122953326767
FR,2025-08-01,616814.1592222222,1.0,0.817922291766642,2.0,-7291.222677392899,0.200047,-364.47548213134405,-163.0266694002031
FR,2025-09-01,616648.8167777777,1.0,0.8461787926522134,2.0,-7115.024822841196,0.200047,-355.66765924213786,-159.02231492176153
FR,2025-10-01,606544.4962222222,1.0,0.8476257977166555,2.0,-6989.662299834364,0.200047,-349.4010057553657,-158.30273197323712
FR,2025-11-01,590911.809,1.0,0.8475696990357605,2.0,-6809.846738891933,0.200047,-340.4123400446861,-153.40590756560866
FR,2025-12-01,589471.7748888889,1.0,0.8715752249176998,2.0,-6651.745549963588,0.200047,-332.5091378507845,-149.56718878980195
FR,2026-01-01,589471.7748888889,1.0,0.9002132040817207,2.0,-6482.932745893123,0.197682,-327.9475493921107,-147.43917251761658
FR,2026-02-01,569453.0896666667,1.0,0.9001555614196471,2.0,-6263.098137022824,0.197682,-316.8269309812134,-140.6422863143109
FR,2026-03-01,565403.977,1.0,0.914630560956567,2.0,-6136.72197349416,0.197682,-310.4340290716484,-139.3166291290157
FR,2026-04-01,554440.9122222222,1.0,0.9145119390589783,2.0,-6018.389907144712,0.197682,-304.44804823629426,-138.8049404463638
FR,2026-05-01,534204.4445555556,1.0,0.9144313552777977,2.0,-5799.155948807512,0.197682,-293.3578145105529,-133.60458235519346
FR,2026-06-01,533873.7625555556,1.0,0.9441596093428797,2.1166666666666667,-6259.707543163926,0.197682,-316.65541339949647,-137.26999089085146
FR,2026-07-01,533144.8361111111,1.0,0.9741368228039657,2.25,-6802.198645063812,0.197682,-344.09802840237415,-142.46508940308618
FR,2026-08-01,533144.8361111111,1.0,1.0095083639623477,2.25,-6613.6170999249825,0.197682,-334.55838669807986,-137.88493627010448
GR,2020-03-01,267.589,1.0,1.72700348556244,0.0,4.621271356981677,0.022593,2.0454438795120957,-58.66830620681728
GR,2020-04-01,1978.914,1.0,1.8015848561655448,0.0,35.65181494053983,0.022593,15.780026973195165,-48.04169833874773
GR,2020-05-01,4169.41,1.0,1.755128218750377,0.0,73.1784914654001,0.022593,32.38989574886032,-34.163605613686194
GR,2020-06-01,6932.4220000000005,1.0,1.505000806148554,0.0,104.33300698561972,0.022593,46.179350677475206,-17.130319712784747
GR,2020-07-01,8841.994,1.0,1.3851766725128365,0.0,122.47723827298466,0.022593,54.21025905058411,-8.40513283117685
GR,2020-08-01,10037.699,1.0,1.3239091184673755,0.0,132.89001234530858,0.022593,58.81910872629071,-2.5478698682131196
GR,2020-09-01,11526.774,1.0,1.2649711254270384,0.0,145.81036279323123,0.022593,64.53784924234553,4.676599193069883
GR,2020-10-01,13014.071,1.0,1.198598809718266,0.0,155.98650010189004,0.022593,69.04195994418185,11.931598566889285
GR,2020-11-01,14496.923,1.0,1.1308431241330286,0.0,163.93745695635957,0.022593,72.56117246773762,18.62201936469149
GR,2020-12-01,15686.405,1.0,1.0761222820808827,0.0,168.8048994624497,0.022593,74.7155753828397,23.708870360861432
GR,2021-01-01,16846.55,1.0,1.0316147496911496,0.0,173.79149461409438,0.022593,76.92271704248856,28.403397584781302
GR,2021-02-01,18036.032,1.0,1.0006705572883328,0.0,180.48126192710203,0.022593,79.88370819594655,33.459038900825554
GR,2021-03-01,19501.104,1.0,0.9739355002467208,0.0,189.92817479603326,0.022593,84.06505324482508,39.575544385872355
GR,2021-04-01,21211.54,1.0,0.9454051271624521,0.0,200.5349867101144,0.022593,88.7597869738921,46.38814631840162
GR,2021-05-01,22829.52,1.0,0.9307068932533814,0.0,212.47591633665937,0.022593,94.04502117322153,52.63964569012227
GR,2021-06-01,24402.161,1.0,0.9064467373631462,0.0,221.1925922306021,0.022593,97.90315240587887,57.91839889543206
GR,2021-07-01,26133.044,1.0,0.8771130299991569,0.0,229.21633405941287,0.022593,101.45458064861369,63.17307327410903
GR,2021-08-01,27161.617000000002,1.0,0.8551687317433392,0.0,232.27765561988323,0.022593,102.8095673969297,67.03027339835742
GR,2021-09-01,28611.576,1.0,0.8395709444478443,0.0,240.21447884461276,0.022593,106.32252416439286,72.11907267857
GR,2021-10-01,29945.965,1.0,0.8339638477827866,0.0,249.73852196968656,0.022593,110.53800821922127,76.77165949687812
GR,2021-11-01,31056.326,1.0,0.8424427227511505,0.0,261.6317583408735,0.022593,115.80213266979752,82.59789486060727
GR,2021-12-01,31764.859,1.0,0.8511246378235005,0.0,270.3585411188956,0.022593,119.66473736064074,86.80253241521528
GR,2022-01-01,32781.875,1.0,0.874578643407318,0.0,286.7032776584827,0.022593,126.89916242131756,92.54902863437741
GR,2022-02-01,33442.402,1.0,0.9163031519952768,0.0,306.4337836289315,0.022593,135.63217971448304,97.44711378329487
GR,2022-03-01,34229.167,1.0,0.965540862493386,0.0,330.49659427610146,0.022593,146.28273990886626,103.83369002432373
GR,2022-04-01,34026.475,1.0,0.9720391038237434,0.0,330.75064265281003,0.022593,146.39518552330813,97.30095776931091
GR,2022-05-01,34382.964,1.0,1.0201718863800282,0.0,350.765332432166,0.022593,155.2539868243111,100.60311490828124
GR,2022-06-01,34100.262,1.0,1.0240060187961184,0.0,349.18873530524564,0.022593,154.55616133547812,91.11808570275915
GR,2022-07-01,35350.196,1.0,1.1179075612907117,0.0806451612903225,366.6742914344416,0.022593,162.29553022371604,112.3951088624852
GR,2022-08-01,34318.956,1.0,1.1179075612907117,0.5,212.05942408003236,0.022593,93.86067546586659,151.2915457692408
GR,2022-09-01,34560.764,1.0,1.1715252405857304,0.925,85.20100659926649,0.022593,37.7112409150031,200.8542805745833
GR,2022-10-01,34677.223,1.0,1.2179174252285188,1.25,-11.125345997648289,0.022593,-4.9242446765140935,235.64491331246728
GR,2022-11-01,35208.845,1.0,1.2957279144059797,1.975,-239.163855745066,0.022593,-105.85750265350597,319.1249383763013
GR,2022-12-01,35060.382,1.0,1.3130185705381832,2.177419354838709,-303.0622169867604,0.022593,-134.13987384887375,336.6417528520574
GR,2023-01-01,33566.862,1.0,1.3130185705381832,2.5,-398.4324183930754,0.022593,-176.3521526105765,371.3445729272371
GR,2023-02-01,33502.854,1.0,1.3359970509281724,2.875,-515.6099110832288,0.022593,-228.21666493304514,409.83828501598106
GR,2023-03-01,33535.747,1.0,1.367267823014636,3.161290322580645,-601.638846577533,0.022593,-266.2943595704568,437.5084057161215
GR,2023-04-01,33369.504,1.0,1.380458862195387,3.5,-707.2803647613559,0.022593,-313.05287689167267,470.7205135539425
GR,2023-05-01,33912.683,1.0,1.4449235489098804,3.6774193548387095,-757.0992256529389,0.022593,-335.1034504726858,487.9600678582071
GR,2023-06-01,33493.075,1.0,1.4449235489098804,3.8333333333333335,-799.9518804042854,0.022593,-354.07067693723076,501.7568595687222
GR,2023-07-01,33760.664,1.0,1.4875721143013836,4.0,-848.2123367330138,0.022593,-375.43147733059527,507.0414840903758
GR,2023-08-01,33927.796,1.0,1.5218257911827984,4.241935483870968,-922.8732675114692,0.022593,-408.47752291040115,529.071532845986
GR,2023-09-01,34010.473,1.0,1.552345098982475,4.341666666666667,-948.6614586604087,0.022593,-419.89176234249936,533.3796049019318
GR,2023-10-01,34543.873,1.0,1.6185807932437946,4.5,-995.353791379471,0.022593,-440.5584877526097,538.9640713786523
GR,2023-11-01,34874.581,1.0,1.6603316670179185,4.5,-990.3224329171857,0.022593,-438.3315331815987,532.8423238859784
GR,2023-12-01,34905.696,1.0,1.6766243402599768,4.5,-985.5189247268469,0.022593,-436.2054285516961,529.1989912179117
GR,2024-01-01,34990.151,1.0,1.694694626517915,4.5,-981.5805861924954,0.022593,-434.46226096246426,521.1605110840609
GR,2024-02-01,34950.146,1.0,1.7093295057378466,4.5,-975.3434121235442,0.022593,-431.7015943538018,514.5888968892061
GR,2024-03-01,34976.816,1.0,1.726539085722115,4.5,-970.0683208188935,0.022593,-429.36675997826484,507.21695505912356
GR,2024-04-01,34031.809,1.0,1.726539085722115,4.5,-943.8589210367036,0.022593,-417.76608729991756,507.1829773124041
GR,2024-05-01,34214.054000000004,1.0,1.7530771251556938,4.5,-939.8336757375833,0.022593,-415.984453475671,501.5482630150211
GR,2024-06-01,34079.815,1.0,1.7638947508673817,4.341666666666667,-878.4999000263523,0.022593,-388.83720622597815,475.3166710344421
GR,2024-07-01,34143.823000000004,1.0,1.7830747912031577,4.25,-842.3025768339743,0.022593,-372.8157291346764,457.4245357879637
GR,2024-08-01,34096.706,1.0,1.7946306743361362,4.25,-837.2000601857902,0.022593,-370.5572788854027,452.8298548173381
GR,2024-09-01,34015.807,1.0,1.8035843737426747,3.99,-743.726919645533,0.022593,-329.18466766057327,421.2495425076287
GR,2024-10-01,34029.142,1.0,1.815243712470549,3.577419354838709,-599.6532516308733,0.022593,-265.41550552422143,373.40216562446676
GR,2024-11-01,34120.709,1.0,1.8299540914000914,3.4,-535.7107956397808,0.022593,-237.11361733270522,350.8490955837028
GR,2024-12-01,34056.701,1.0,1.8382031064155306,3.287096774193548,-493.4453842430927,0.022593,-218.4063135675177,335.5362606952258
GR,2025-01-01,34056.701,1.0,1.8511009746148277,3.0,-391.27710586734224,0.022593,-173.18510417710897,305.3966556979965
GR,2025-02-01,32792.543,1.0,1.8511009746148277,2.7857142857142856,-306.48347192601346,0.022593,-135.65417249856748,284.99930565395425
GR,2025-03-01,32734.758,1.0,1.8627788662742237,2.588709677419355,-237.63169427579575,0.022593,-105.17934505191687,260.99922473391956
GR,2025-04-01,32734.758,1.0,1.8746499524350069,2.433333333333333,-182.88365272328534,0.022593,-80.94704232429751,242.19509467796576
GR,2025-05-01,32734.758,1.0,1.8856999788495745,2.25,-119.25273031754061,0.022593,-52.78304356107672,221.89815133690982
GR,2025-06-01,32734.758,1.0,1.8961440511743428,2.083333333333333,-61.27595851668263,0.022593,-27.12165649390636,203.77707726423392
GR,2025-07-01,32734.758,1.0,1.9069665787723362,2.0,-30.454265297996372,0.022593,-13.479513698046464,192.19718236350636
GR,2025-08-01,32734.758,1.0,1.9177588425606427,2.0,-26.921443864172623,0.022593,-11.915834047790302,189.53297868335065
GR,2025-09-01,32703.643,1.0,1.9277471031273798,2.0,-23.62932945037986,0.022593,-10.458694927800586,186.18664939257573
GR,2025-10-01,32703.643,1.0,1.937968400087668,2.0,-20.286592982517362,0.022593,-8.979149728906018,182.11912405322258
GR,2025-11-01,32703.643,1.0,1.948166945791839,2.0,-16.951297004233478,0.022593,-7.502897802077404,179.50353467700006
GR,2025-12-01,32703.643,1.0,1.9598211468844184,2.0,-13.139948684414172,0.022593,-5.815937982744289,177.12601107823826
GR,2026-01-01,32703.643,1.0,1.9711980881826001,2.0,-9.41927441793727,0.022326,-4.218970893996807,176.28940598049732
GR,2026-02-01,30751.399,1.0,1.9711980881826001,2.0,-8.85699082259679,0.022326,-3.967119422465642,172.2175252444369
GR,2026-03-01,30751.399,1.0,1.9859853360792186,2.0,-4.309705220788543,0.022326,-1.9303526027002347,169.1870473399325
GR,2026-04-01,30751.399,1.0,2.0014821097146416,2.0,0.45576947196719286,0.022326,0.2041429149723161,165.8472507049028
GR,2026-05-01,30751.399,1.0,2.0168247765307883,2.0,5.1738541618410645,0.022326,2.317412058515213,162.07064421387463
GR,2026-06-01,30751.399,1.0,2.0311574288879415,2.1166666666666667,-26.29528689119453,0.022326,-11.77787641816471,167.6075460904803
GR,2026-07-01,29910.405,1.0,2.0311574288879415,2.25,-65.4566993320297,0.022326,-29.318596852114,172.314342147174
GR,2026-08-01,29910.405,1.0,2.047697360617389,2.25,-60.5095387650284,0.022326,-27.102722729117804,169.57072769885758
IE,2015-03-01,641.7777777777777,1.0,0.5821989347812988,0.05,3.4155344969964236,0.021782,1.56805366678745,0.3212164732674023
IE,2015-04-01,1295.111111111111,1.0,0.5553029937479222,0.05,6.544235216806424,0.021782,3.004423476635031,0.20106396945052385
IE,2015-05-01,1984.0,1.0,0.7002750870332178,0.05,12.901457726739041,0.021782,5.922990417197246,0.18066805333430835
IE,2015-06-01,2680.8888888888887,1.0,0.855470794022263,0.05,21.593777020187954,0.021782,9.913587834077658,0.499839638179278
IE,2015-07-01,3366.222222222222,1.0,0.9068453030621091,0.05,28.84331700174406,0.021782,13.241812965634038,0.7969217011810805
IE,2015-08-01,3934.222222222222,1.0,0.9114592110296507,0.05,33.89171971570874,0.021782,15.559507720002177,1.0253949297552865
IE,2015-09-01,4666.666666666666,1.0,0.9083651435984211,0.05,40.05704003459298,0.021782,18.389973388390864,1.3469164270175469
IE,2015-10-01,5385.777777777777,1.0,0.8831715380967453,0.05,44.87276754958381,0.021782,20.600848200157845,0.7984403055419378
IE,2015-11-01,6132.444444444444,1.0,0.8577360757598973,0.05,49.53396610371139,0.021782,22.74077959035506,0.2210683433125027
IE,2015-12-01,6740.444444444444,1.0,0.8425694595335533,0.05,53.42270410349275,0.021782,24.526078460881806,0.41107246317654145
IE,2016-01-01,7435.555555555555,1.0,0.8237034850424796,0.05,57.529152465603026,0.021782,26.41132699733864,0.26311096160384295
IE,2016-02-01,8149.333333333333,1.0,0.806967458387764,0.05,61.68780140888017,0.021782,28.320540542135788,0.3068472870105907
IE,2016-03-01,8867.555555555555,1.0,0.7799760535412897,0.0241935483870967,67.0194335237176,0.021782,30.76826440350638,0.2107753628773068
IE,2016-04-01,9825.777777777777,1.0,0.7544160564280092,0.0,74.12724522449079,0.021782,34.031422837430355,0.13804705953563
IE,2016-05-01,10814.22222222222,1.0,0.7305435429020236,0.0,79.00260215952017,0.021782,36.26967319783315,-0.0886290438556685
IE,2016-06-01,11778.666666666666,1.0,0.7083171687329791,0.0,83.4303182478285,0.021782,38.30241403352699,-0.34548067360462653
IE,2016-07-01,12655.111111111111,1.0,0.6693791749820857,0.0,84.7106783486218,0.021782,38.89022052548976,-0.6754886901553903
IE,2016-08-01,13274.666666666666,1.0,0.6402926720601685,0.0,84.9967179070805,0.021782,39.02153976084863,-0.965113115632775
IE,2016-09-01,14147.555555555555,1.0,0.6057022608088781,0.0,85.69206384919204,0.021782,39.340769373423946,-1.2688771840546522
IE,2016-10-01,15056.0,1.0,0.5784317563046684,0.0,87.08868522923086,0.021782,39.981950798471615,-1.7040323359575567
IE,2016-11-01,15926.22222222222,1.0,0.5732018154151873,0.0,91.28939490483475,0.021782,41.91047420109942,-1.977995610148355
IE,2016-12-01,16502.222222222223,1.0,0.5661602866820543,0.0,93.42902864224301,0.021782,42.89276863568222,-2.490203137113525
IE,2017-01-01,16988.444444444445,1.0,0.5651003332796841,0.0,96.00175617458953,0.021782,44.07389412110437,-3.253286347481641
IE,2017-02-01,17483.555555555555,1.0,0.5655816485380191,0.0,98.88378173417152,0.021782,45.397016680824315,-4.1966622157964295
IE,2017-03-01,17985.777777777777,1.0,0.5657179308668154,0.0,101.74876989474795,0.021782,46.71231746154988,-5.219327560300776
IE,2017-04-01,18449.777777777777,1.0,0.5615693478214916,0.0,103.60829674118115,0.021782,47.566016316766664,-5.941068730144806
IE,2017-05-01,18908.44444444444,1.0,0.554308561141187,0.0,104.8111263341807,0.021782,48.11822896620178,-6.79949033121116
IE,2017-06-01,19368.888888888887,1.0,0.543570085320143,0.0,105.283485858897,0.021782,48.33508670411211,-7.487533347249951
IE,2017-07-01,19901.333333333332,1.0,0.5372270149046783,0.0,106.91533899289635,0.021782,49.08426177251692,-8.402303861012335
IE,2017-08-01,20335.11111111111,1.0,0.5280461584952441,0.0,107.37877304796174,0.021782,49.29702187492505,-9.244722880452862
IE,2017-09-01,20848.0,1.0,0.5166279786796505,0.0,107.70660099513354,0.021782,49.447525936614426,-10.186180728666685
IE,2017-10-01,20819.555555555555,1.0,0.514558591236357,0.0,107.12881176833739,0.021782,49.18226598491295,-11.475210701729488
IE,2017-11-01,21860.44444444444,1.0,0.49494362382254986,0.0,108.1968759170486,0.021782,49.67260853780581,-11.516533301257766
IE,2017-12-01,22474.666666666664,1.0,0.4822852296573626,0.0,108.39199774806004,0.021782,49.762187929510624,-12.023128283725711
IE,2018-01-01,22836.44444444444,1.0,0.48331653503741484,0.0,110.3723120146331,0.021782,50.67133964495138,-11.67591836257887
IE,2018-02-01,23219.555555555555,1.0,0.4897474567386648,0.0,113.71718279935469,0.021782,52.20695197840175,-11.09863077595758
IE,2018-03-01,23584.0,1.0,0.4931379714976906,0.0,116.30165919801534,0.021782,53.39347130567227,-10.706566396508585
IE,2018-04-01,24088.0,1.0,0.4957970037782882,0.0,119.42758227011407,0.021782,54.828565912273476,-9.957880498717657
IE,2018-05-01,24548.44444444444,1.0,0.49895838774036283,0.0,122.48652261533866,0.021782,56.232909106298166,-9.398515086371134
IE,2018-06-01,25050.666666666664,1.0,0.5004368480567906,0.0,125.36276668387973,0.021782,57.55337741432363,-9.086593784349894
IE,2018-07-01,25562.666666666664,1.0,0.4995500253140794,0.0,127.69830780428705,0.021782,58.6256118833381,-8.73774390588455
IE,2018-08-01,26017.777777777777,1.0,0.49963743028050944,0.0,129.99455630498232,0.021782,59.67980732025632,-8.517142791332212
IE,2018-09-01,26321.777777777777,1.0,0.5011934942613515,0.0,131.92303779615236,0.021782,60.565162885020825,-8.545194555411271
IE,2018-10-01,26472.888888888887,1.0,0.5032931183851781,0.0,133.2362280155322,0.021782,61.16804150928849,-9.326033064264145
IE,2018-11-01,26597.333333333332,1.0,0.5047348417950743,0.0,134.24600832170856,0.021782,61.63162626099925,-9.942408682540126
IE,2018-12-01,26786.666666666664,1.0,0.5056305574462084,0.0,135.44157198792436,0.021782,62.180503162209334,-10.58295963770837
IE,2019-01-01,26968.0,1.0,0.5067683700198257,0.0,136.66529402694658,0.021782,62.74230742215893,-10.615097947299759
IE,2019-02-01,27137.777777777777,1.0,0.5067441148440363,0.0,137.51909178834157,0.021782,63.13428141967752,-10.328622700343331
IE,2019-03-01,27308.44444444444,1.0,0.504224176152547,0.0,137.69577902007597,0.021782,63.21539758519694,-10.495828022637411
IE,2019-04-01,27477.333333333332,1.0,0.5000044218978232,0.0,137.38788168627121,0.021782,63.07404356178093,-10.535865173966492
IE,2019-05-01,27641.777777777777,1.0,0.4948961588292994,0.0,136.7980964543531,0.021782,62.80327630812281,-10.37782935443051
IE,2019-06-01,27796.44444444444,1.0,0.4870476201267508,0.0,135.38192114652108,0.021782,62.15311777913924,-10.331870069329355
IE,2019-07-01,27959.11111111111,1.0,0.4773386802999185,0.0,133.45965200136564,0.021782,61.27061426928916,-10.542766249767261
IE,2019-08-01,28102.22222222222,1.0,0.4664248773791994,0.0,131.0757555408301,0.021782,60.17618012158209,-10.325540502820658
IE,2019-09-01,28257.777777777777,1.0,0.45600125085078436,0.0,128.85582012930163,0.021782,59.157019616794436,-10.036133174527656
IE,2019-10-01,28261.333333333332,1.0,0.4495235683951699,0.0,127.04135407605361,0.021782,58.32400793134405,-9.65120645706451
IE,2019-11-01,28643.555555555555,1.0,0.43572579793701893,0.0,124.80736100197775,0.021782,57.29839362867402,-9.803293690430792
IE,2019-12-01,29089.777777777777,1.0,0.41970802155294523,0.0,122.09213078525943,0.021782,56.051845921063006,-10.185279870202848
IE,2020-01-01,29686.22222222222,1.0,0.4009416768900654,0.0,119.02443718308899,0.021782,54.6434841534703,-10.669292997491539
IE,2020-02-01,30073.777777777777,1.0,0.3844674229606226,0.0,115.6238784091266,0.021782,53.08230576123708,-11.111567498926291
IE,2020-03-01,30828.467222222218,1.0,0.36861759066340527,0.0,113.63915311301317,0.021782,52.171128965665766,-8.542621120663604
IE,2020-04-01,30801.924888888887,1.0,0.35818148013509366,0.0,110.32679047712202,0.021782,50.65044094992288,-13.17128436202001
IE,2020-05-01,32699.0,1.0,0.3275970767483648,0.0,107.1209681259478,0.021782,49.17866501053521,-17.3748363520113
IE,2020-06-01,34600.519555555555,1.0,0.29915740058306317,0.0,103.51001489063445,0.021782,47.5208956434829,-15.788774746777051
IE,2020-07-01,36397.10788888889,1.0,0.26869106317752656,0.0,97.79577615252694,0.021782,44.89751912245292,-17.717872759308044
IE,2020-08-01,37504.765,1.0,0.24672429424153763,0.0,92.53336675319723,0.021782,42.48157504049088,-18.885403554012946
IE,2020-09-01,39150.225333333336,1.0,0.2180816550819161,0.0,85.37945937523294,0.021782,39.19725432707416,-20.663995722201484
IE,2020-10-01,40389.46355555556,1.0,0.194133393169951,0.0,78.40943608354075,0.021782,35.99735381670221,-21.11300756059036
IE,2020-11-01,42060.70177777777,1.0,0.16510073562062044,0.0,69.44252804230649,0.021782,31.88069417055665,-22.05845893248948
IE,2020-12-01,43339.91444444445,1.0,0.14216901115706854,0.0,61.61592780198618,0.021782,28.28754375263345,-22.71916126934482
IE,2021-01-01,44430.68022222222,1.0,0.12442732998544517,0.0,55.28390909488237,0.021782,25.38054774349572,-23.138771714211536
IE,2021-02-01,45520.55933333333,1.0,0.1122168368902096,0.0,51.081731818597746,0.021782,23.451350573224566,-22.973318721896433
IE,2021-03-01,46871.79577777778,1.0,0.10028627760572761,0.0,47.00597923249194,0.021782,21.58019430377924,-22.909314555173484
IE,2021-04-01,48335.054444444446,1.0,0.08984579553438395,0.0,43.42701418758872,0.021782,19.937110544297457,-22.43453011119303
IE,2021-05-01,49682.75211111111,1.0,0.085529616810871,0.0,42.493467501728254,0.021782,19.50852424099176,-21.896851242107495
IE,2021-06-01,51034.88688888889,1.0,0.08001068398059022,0.0,40.83336206852056,0.021782,18.74637869273738,-21.238374817709428
IE,2021-07-01,52485.705,1.0,0.07016881811892185,0.0,36.82859887988388,0.021782,16.90781327696441,-21.373694097540245
IE,2021-08-01,53600.48544444445,1.0,0.05945045662034356,0.0,31.865733347443012,0.021782,14.629388186320362,-21.149905812251916
IE,2021-09-01,54885.942777777775,1.0,0.05183769899602619,0.0,28.451609808275617,0.021782,13.06198228274521,-21.141469203077634
IE,2021-10-01,56020.27922222222,1.0,0.049446076386605746,0.0,27.699830056209827,0.021782,12.716844209076223,-21.049504513266932
IE,2021-11-01,57179.50533333333,1.0,0.04709087324865367,0.0,26.926328380727163,0.021782,12.361733716246059,-20.84250409294419
IE,2021-12-01,58127.15066666667,1.0,0.0437527160638404,0.0,25.432207187187384,0.021782,11.67579064695041,-21.18641429847505
IE,2022-01-01,59596.592333333334,1.0,0.04822407037804481,0.0,28.739902629743124,0.021782,13.194335979130992,-21.155797807809165
IE,2022-02-01,60380.661888888884,1.0,0.06100930380272924,0.0,36.837821449890974,0.021782,16.912047309655208,-21.273018621532962
IE,2022-03-01,58433.94788888889,1.0,0.05906464180449122,0.0,34.51380201279528,0.021782,15.845102383984612,-26.603947500557922
IE,2022-04-01,59529.07,1.0,0.09274132765566476,0.0,55.20804985907003,0.021782,25.345721173019022,-23.748506580978187
IE,2022-05-01,60281.092333333334,1.0,0.12305662451402141,0.0,74.17987744558054,0.021782,34.0555860093566,-20.59528590667327
IE,2022-06-01,60825.11144444445,1.0,0.15738485975628833,0.0,95.72951634344497,0.021782,43.948910266938285,-19.489165365780693
IE,2022-07-01,61195.77811111111,1.0,0.17823732856203156,0.0806451612903225,59.72228613741948,0.021782,27.418182966403215,-22.482238394827625
IE,2022-08-01,61383.34277777777,1.0,0.19526816011407425,0.5,-187.05458983020674,0.021782,-85.87576431466658,-28.444894011292384
IE,2022-09-01,62147.81411111111,1.0,0.24176220315161376,0.925,-424.61735592218605,0.021782,-194.93956290615466,-31.79652324657448
IE,2022-10-01,60524.623,1.0,0.2419271544841791,1.25,-610.1322893138231,0.021782,-280.1084791634483,-39.53932117446692
IE,2022-11-01,60922.86933333333,1.0,0.2775729377304821,1.975,-1034.121271175097,0.021782,-474.75955889041273,-49.777117860605415
IE,2022-12-01,61151.318222222224,1.0,0.3081298608738571,2.177419354838709,-1143.0951669490141,0.021782,-524.7888930993546,-54.00726639842344
IE,2023-01-01,61435.777444444444,1.0,0.3416369055622083,2.5,-1326.007147141826,0.021782,-608.76280742899,-61.066081891176395
IE,2023-02-01,61667.79044444444,1.0,0.37580733020048057,2.875,-1541.1968984148837,0.021782,-707.5552742699861,-69.50032432095986
IE,2023-03-01,58916.567111111115,1.0,0.3750362773182114,3.161290322580645,-1641.56523446309,0.021782,-753.6338419167616,-49.83107663018336
IE,2023-04-01,59069.46422222222,1.0,0.4031113957385063,3.5,-1829.31550609632,0.021782,-839.8289900359563,-56.0555995903411
IE,2023-05-01,59291.69766666666,1.0,0.4334734903642292,3.6774193548387095,-1923.3905744345452,0.021782,-883.0183520496489,-59.95483371875605
IE,2023-06-01,59396.59344444444,1.0,0.45984407170747854,3.8333333333333335,-2003.7377016198998,0.021782,-919.9052895142319,-64.07775300827893
IE,2023-07-01,59459.71244444445,1.0,0.4861620570218733,4.0,-2089.317936658576,0.021782,-959.1947188773189,-76.72175745634786
IE,2023-08-01,59532.61044444445,1.0,0.5127273954460779,4.241935483870968,-2220.094923944703,0.021782,-1019.2337360869999,-81.68468033061276
IE,2023-09-01,59573.50444444445,1.0,0.5392285618364339,4.341666666666667,-2265.2456333782884,0.021782,-1039.9621859233719,-86.69081867894067
IE,2023-10-01,59669.516444444445,1.0,0.5695250057240389,4.5,-2345.295423054272,0.021782,-1076.712617323603,-97.19005819234087
IE,2023-11-01,59721.967444444446,1.0,0.5950807655455908,4.5,-2332.0945939327116,0.021782,-1070.652187096094,-99.4783300285169
IE,2023-12-01,59756.63844444444,1.0,0.6138546129355701,4.5,-2322.2298483735476,0.021782,-1066.1233350351426,-100.71891526553475
IE,2024-01-01,59880.209444444445,1.0,0.6362642548869091,4.5,-2313.613056553585,0.021782,-1062.167411878425,-106.54463983189976
IE,2024-02-01,59987.77844444444,1.0,0.6608712006649087,4.5,-2303.0080783419944,0.021782,-1057.2987229556488,-111.00823171264085
IE,2024-03-01,56676.53044444445,1.0,0.6600801602705355,4.5,-2176.3333370065325,0.021782,-999.1430249777488,-62.559309940360436
IE,2024-04-01,56784.98844444445,1.0,0.6851972759414786,4.5,-2166.2352860349833,0.021782,-994.5070636465813,-69.55799903425964
IE,2024-05-01,56918.338444444445,1.0,0.7117600089090758,4.5,-2156.2032592169244,0.021782,-989.9014136520634,-72.3686971613713
IE,2024-06-01,56969.01144444445,1.0,0.735189823815498,4.341666666666667,-2054.5742053451213,0.021782,-943.2440571780008,-79.0901799175806
IE,2024-07-01,57032.13044444445,1.0,0.75793998546216,4.25,-1991.5962226895065,0.021782,-914.3312013081933,-84.09093638555316
IE,2024-08-01,57051.688444444444,1.0,0.7759193224173536,4.25,-1982.021684483096,0.021782,-909.9355818947278,-86.54844819198695
IE,2024-09-01,57085.47044444445,1.0,0.7928904878812478,3.99,-1825.0850056170727,0.021782,-837.8867898343002,-87.45257966609825
IE,2024-10-01,57129.031444444445,1.0,0.810317419667642,3.577419354838709,-1580.8185346437097,0.021782,-725.7453560938893,-86.92768494520112
IE,2024-11-01,57167.25844444445,1.0,0.8281302147298014,3.4,-1470.2674469999931,0.021782,-674.9919415113366,-87.02922859492855
IE,2024-12-01,57180.59344444444,1.0,0.8437210797897128,3.287096774193548,-1397.1367221374283,0.021782,-641.4180158559491,-87.47544159320557
IE,2025-01-01,57180.59344444444,1.0,0.8618711792378698,3.0,-1222.594748318488,0.021782,-561.2867268012524,-82.70496692614688
IE,2025-02-01,57180.59344444444,1.0,0.8791320804005082,2.7857142857142856,-1090.195019504594,0.021782,-500.50271761298046,-79.84923946045876
IE,2025-03-01,52982.15677777778,1.0,0.8793582790981946,2.588709677419355,-905.6512377416539,0.021782,-415.77965188763835,-49.60108210180192
IE,2025-04-01,52982.15677777778,1.0,0.8958455026008928,2.433333333333333,-814.5942129179161,0.021782,-373.97585755115057,-50.8337205488873
IE,2025-05-01,52982.15677777778,1.0,0.9121127094580708,2.25,-708.8415417848882,0.021782,-325.42537039063825,-50.74417549265172
IE,2025-06-01,52982.15677777778,1.0,0.9282237996556003,2.083333333333333,-612.0019440881941,0.021782,-280.9668276963521,-50.0680939382118
IE,2025-07-01,52982.15677777778,1.0,0.9447381456348959,2.0,-559.1004900958046,0.021782,-256.68005238077524,-51.003356319222405
IE,2025-08-01,52982.15677777778,1.0,0.9613547706721166,2.0,-550.2966437674088,0.021782,-252.63825349711175,-51.1894407659708
IE,2025-09-01,52982.15677777778,1.0,0.9779655949095009,2.0,-541.4958708278766,0.021782,-248.59786558988,-51.95252126950368
IE,2025-10-01,52982.15677777778,1.0,0.9939725071142914,2.0,-533.0150635082533,0.021782,-244.70437219183424,-53.60609840970565
IE,2025-11-01,52982.15677777778,1.0,1.0102435916282242,2.0,-524.3942920016368,0.021782,-240.74662198220403,-53.74018950312657
IE,2025-12-01,52982.15677777778,1.0,1.027749655520633,2.0,-515.1192017845428,0.021782,-236.48847754317458,-53.54652848219203
IE,2026-01-01,52982.15677777778,1.0,1.0456257720807165,2.0,-505.64804968290105,0.021525,-234.9119859154012,-54.40360904090707
IE,2026-02-01,52982.15677777778,1.0,1.063073740722565,2.0,-496.40373958253934,0.021525,-230.6173006190659,-54.43265595216337
IE,2026-03-01,52982.15677777778,1.0,1.0834819527877164,2.0,-485.5910286706395,0.021525,-225.59397383072684,-54.47657388809412
IE,2026-04-01,52982.15677777778,1.0,1.1043893468374286,2.0,-474.51384037707317,0.021525,-220.4477771786635,-54.80466938873303
IE,2026-05-01,47906.38288888888,1.0,1.1034376090057338,2.0,-429.5106118674901,0.021525,-199.54035394540773,-39.7871217900483
IE,2026-06-01,47906.38288888888,1.0,1.1219679049845575,2.1166666666666667,-476.5241973624676,0.021525,-221.3817409349443,-41.9963184262993
IE,2026-07-01,47906.38288888888,1.0,1.141880223562025,2.25,-530.8601029678758,0.021525,-246.62490265638831,-44.99196365710034
IE,2026-08-01,47906.38288888888,1.0,1.162773885971851,2.25,-520.8507050543126,0.021525,-241.9747758672765,-45.30132543930111
IT,2015-03-01,6763.555555555555,1.0,1.0548384770809403,0.05,67.96280864096776,0.160201,4.242346092781429,2.9955088992613814
IT,2015-04-01,13505.777777777777,1.0,1.0866299329598317,0.05,140.0049351234816,0.160201,8.739329662329299,5.935970155144791
IT,2015-05-01,20819.555555555555,1.0,1.2149155761982438,0.05,242.53024556191343,0.160201,15.139121825825896,9.396799461962958
IT,2015-06-01,28076.44444444444,1.0,1.356266850617621,0.05,366.7532866098504,0.160201,22.893320679012643,13.479572483114262
IT,2015-07-01,35408.0,1.0,1.4062430646985784,0.05,480.2185443484726,0.160201,29.976001669682002,17.531110405229043
IT,2015-08-01,41380.444444444445,1.0,1.4093916270950324,0.05,562.5222970324893,0.160201,35.11353218971725,20.579419399470357
IT,2015-09-01,48699.555555555555,1.0,1.4263478265127387,0.05,670.2752744102526,0.160201,41.83964359837034,24.79658663699702
IT,2015-10-01,56135.11111111111,1.0,1.4112677057499958,0.05,764.1491391424331,0.160201,47.69939882662612,27.896990932010215
IT,2015-11-01,64024.88888888888,1.0,1.3771639827551145,0.05,849.7152653323144,0.160201,53.04057186486442,30.52086061782186
IT,2015-12-01,70408.0,1.0,1.355503273418755,0.05,919.1787447486771,0.160201,57.37659220283751,33.26158620513225
IT,2016-01-01,78016.0,1.0,1.3310588096537637,0.05,999.4308409394803,0.160201,62.386055077027,36.237839041292204
IT,2016-02-01,85570.66666666666,1.0,1.3187430531682327,0.05,1085.6718888830776,0.160201,67.76935779945678,39.75566454433159
IT,2016-03-01,93152.88888888889,1.0,1.2919939846271795,0.0241935483870967,1180.9927317035729,0.160201,73.71943569038726,43.161946649758185
IT,2016-04-01,104706.66666666666,1.0,1.2705221060103902,0.0,1330.3213464666123,0.160201,83.04076419414439,49.14738841624966
IT,2016-05-01,116655.11111111111,1.0,1.2621367876118217,0.0,1472.3470719627792,0.160201,91.90623479021849,55.54793254852967
IT,2016-06-01,128008.0,1.0,1.2532280229018096,0.0,1604.2321275561483,0.160201,100.13870871943048,61.49081401229886
IT,2016-07-01,138556.44444444444,1.0,1.2283575740211516,0.0,1701.9685796277427,0.160201,106.23957276344984,66.6738635478047
IT,2016-08-01,146090.66666666666,1.0,1.2096011737528378,0.0,1767.1144187433456,0.160201,110.30607915951497,70.31942628303355
IT,2016-09-01,156586.66666666666,1.0,1.191916837628677,0.0,1866.382845481491,0.160201,116.50257148716244,75.89292492968384
IT,2016-10-01,167540.44444444444,1.0,1.1878821444306158,0.0,1990.1830242552512,0.160201,124.2303746078521,82.54439147342293
IT,2016-11-01,177946.66666666666,1.0,1.2131691584795496,0.0,2158.794078542409,0.160201,134.75534350861787,90.8668736973701
IT,2016-12-01,186317.3333333333,1.0,1.224491476591935,0.0,2281.4398660800507,0.160201,142.41108770107869,97.02811592828294
IT,2017-01-01,197252.44444444444,1.0,1.2429129688366916,0.0,2451.67621334739,0.160201,153.0375099623217,105.7103294937357
IT,2017-02-01,207728.0,1.0,1.278225917497985,0.0,2655.2331339002144,0.160201,165.7438551507303,116.15017625410955
IT,2017-03-01,218296.88888888888,1.0,1.3136087645252303,0.0,2867.567065130348,0.160201,178.99807523862825,127.06643021677759
IT,2017-04-01,226973.3333333333,1.0,1.3352603514812407,0.0,3030.6849284353543,0.160201,189.18015046319027,135.6730654162788
IT,2017-05-01,235345.77777777775,1.0,1.3510475463812217,0.0,3179.6333561784686,0.160201,198.47774709137076,143.56002779395783
IT,2017-06-01,243632.88888888888,1.0,1.360338943537316,0.0,3314.233066820554,0.160201,206.87967408571447,151.0570540343524
IT,2017-07-01,252186.66666666666,1.0,1.3756911439480473,0.0,3469.309639551115,0.160201,216.55979922416935,159.0732335906401
IT,2017-08-01,258992.88888888888,1.0,1.383494451644255,0.0,3583.152247930948,0.160201,223.6660350391663,165.12429028378838
IT,2017-09-01,267174.2222222222,1.0,1.3909787525745572,0.0,3716.3366634674417,0.160201,231.97961707276744,172.34591040748631
IT,2017-10-01,275281.77777777775,1.0,1.3957779841295948,0.0,3842.322448542777,0.160201,239.8438491983681,179.18637251172566
IT,2017-11-01,283350.2222222222,1.0,1.3893764741675103,0.0,3936.8013270569163,0.160201,245.74137034456191,184.55222850549833
IT,2017-12-01,290424.0,1.0,1.3853156719487516,0.0,4023.289187100442,0.160201,251.14007946894478,189.35476325570843
IT,2018-01-01,293464.8888888889,1.0,1.3870552959274847,0.0,4070.5202830210415,0.160201,254.08831923777265,191.7410612302424
IT,2018-02-01,296698.6666666666,1.0,1.3905270833651173,0.0,4125.6753159831915,0.160201,257.53118369942706,194.22560094506773
IT,2018-03-01,299740.44444444444,1.0,1.3917596186246635,0.0,4171.666466463871,0.160201,260.40202411120225,196.3019864090214
IT,2018-04-01,303270.2222222222,1.0,1.388987642789914,0.0,4212.3859109281775,0.160201,262.9437962889231,198.157349877932
IT,2018-05-01,306478.2222222222,1.0,1.3945893488208696,0.0,4274.112643566666,0.160201,266.7968766466293,201.16545245396
IT,2018-06-01,309987.55555555556,1.0,1.4125809126693714,0.0,4378.825041428141,0.160201,273.3331902689834,206.69321907030988
IT,2018-07-01,313604.44444444444,1.0,1.4287799266095966,0.0,4480.717351177766,0.160201,279.69346952751647,212.33011373829382
IT,2018-08-01,316802.6666666666,1.0,1.4543978079165165,0.0,4607.571039421068,0.160201,287.6118775426538,219.41492743106528
IT,2018-09-01,320029.3333333333,1.0,1.4753098498836354,0.0,4721.424277183599,0.160201,294.71877686054387,225.60841942011177
IT,2018-10-01,321587.55555555556,1.0,1.498583512666738,0.0,4819.258086343542,0.160201,300.8257180881232,230.33164351457057
IT,2018-11-01,322862.2222222222,1.0,1.5190494980974751,0.0,4904.436966213021,0.160201,306.142718598075,234.56868365453565
IT,2018-12-01,324759.11111111107,1.0,1.535549927838794,0.0,4986.838296316575,0.160201,311.2863400550917,238.52287725517402
IT,2019-01-01,327721.77777777775,1.0,1.5506224124568537,0.0,5081.727336724267,0.160201,317.20946415592084,243.85205878646215
IT,2019-02-01,327953.77777777775,1.0,1.5603933302485309,0.0,5117.368874742532,0.160201,319.4342653755303,245.97136125550944
IT,2019-03-01,329313.77777777775,1.0,1.5713952894644265,0.0,5174.821191557349,0.160201,323.02052993160777,249.3093043237734
IT,2019-04-01,329260.44444444444,1.0,1.578526041602563,0.0,5197.461860251895,0.160201,324.4337963091301,250.8238875733827
IT,2019-05-01,325766.2222222222,1.0,1.5790463828471242,0.0,5143.9997485377235,0.160201,321.0966066714767,247.9155010089234
IT,2019-06-01,326375.11111111107,1.0,1.5836642237031624,0.0,5168.685869738111,0.160201,322.63755343213285,250.15256558366426
IT,2019-07-01,328215.11111111107,1.0,1.5789663789199393,0.0,5182.406254979166,0.160201,323.49400159669204,251.68062107763564
IT,2019-08-01,326067.55555555556,1.0,1.5767637030517119,0.0,5141.314863427976,0.160201,320.92901189305786,250.4272912686551
IT,2019-09-01,325168.0,1.0,1.5684499826292586,0.0,5100.097439515908,0.160201,318.35615504996275,249.16300225864066
IT,2019-10-01,322514.6666666666,1.0,1.5655970941573296,0.0,5049.280249564531,0.160201,315.1840656153539,247.20885122694534
IT,2019-11-01,323396.44444444444,1.0,1.5574998302107663,0.0,5036.899073129877,0.160201,314.4112129843058,247.30952566520097
IT,2019-12-01,323367.11111111107,1.0,1.5520503597854616,0.0,5018.820411427852,0.160201,313.2827143043959,247.04558851313004
IT,2020-01-01,327413.3333333333,1.0,1.5390222224154086,0.0,5038.963959151036,0.160201,314.54010643822676,249.22732928726492
IT,2020-02-01,329427.55555555556,1.0,1.5243876829637906,0.0,5021.753081177587,0.160201,313.4657761922577,249.27190293209432
IT,2020-03-01,341848.2353333333,1.0,1.5152847901380995,0.0,5179.974315361496,0.160201,323.3421960762727,262.6284459899434
IT,2020-04-01,364831.2281111111,1.0,1.5188616024082202,0.0,5541.281437374011,0.160201,345.89555854045926,282.0738332285164
IT,2020-05-01,385424.59611111105,1.0,1.5184144285559709,0.0,5852.342678554685,0.160201,365.31249358959593,298.7589922270494
IT,2020-06-01,406554.08955555555,1.0,1.4991147675858592,0.0,6094.712394751572,0.160201,380.44159491835705,317.1319245280971
IT,2020-07-01,426557.49244444445,1.0,1.4687210514234466,0.0,6264.939687955533,0.160201,391.0674520106325,328.45206012887155
IT,2020-08-01,437291.97555555555,1.0,1.4450904993846265,0.0,6319.264793324676,0.160201,394.45851107825024,333.0915324837464
IT,2020-09-01,450364.3603333333,1.0,1.4171867128638218,0.0,6382.503874118144,0.160201,398.40599460166567,338.54474455239
IT,2020-10-01,462344.29777777777,1.0,1.3852177398931431,0.0,6404.475232202157,0.160201,399.7774815514358,342.66712017414324
IT,2020-11-01,471248.6854444444,1.0,1.3573276015963567,0.0,6396.388479697436,0.160201,399.2726936596798,345.3335405566337
IT,2020-12-01,478756.3763333333,1.0,1.3312769848973038,0.0,6373.573451853989,0.160201,397.8485435080923,346.841838486114
IT,2021-01-01,490059.58999999997,1.0,1.3001511282022054,0.0,6371.515288248102,0.160201,397.7200696779734,349.2007502202662
IT,2021-02-01,501612.6117777778,1.0,1.266604317363375,0.0,6353.446997216519,0.160201,396.5922183517281,350.1675490566071
IT,2021-03-01,514150.75766666664,1.0,1.2350181311979278,0.0,6349.8550788748535,0.160201,396.3680051232423,351.8784962642896
IT,2021-04-01,528780.6772222222,1.0,1.2043740339287474,0.0,6368.497172897028,0.160201,397.5316741404253,355.16003348493484
IT,2021-05-01,540726.1052222222,1.0,1.1839833824192607,0.0,6402.107230233997,0.160201,399.62966712030493,358.2242916372057
IT,2021-06-01,548246.567111111,1.0,1.1671614374618182,0.0,6398.922513529114,0.160201,399.4308720625411,359.4461185520943
IT,2021-07-01,565473.8637777778,1.0,1.1371305005886927,0.0,6430.175777874467,0.160201,401.38175029334815,363.1002429188435
IT,2021-08-01,574048.3364444445,1.0,1.1164941042833871,0.0,6409.215832139085,0.160201,400.0733973033305,364.29410330475827
IT,2021-09-01,587358.9148888888,1.0,1.0940728537636066,0.0,6426.13444195982,0.160201,401.12948370857987,366.92603222275704
IT,2021-10-01,599242.7267777778,1.0,1.0789473316416291,0.0,6465.513410625372,0.160201,403.58758126512146,369.8212325427783
IT,2021-11-01,605078.543111111,1.0,1.0712543857730294,0.0,6481.930430449328,0.160201,404.6123576288118,371.40811981962156
IT,2021-12-01,611990.5602222222,1.0,1.0651466433612147,0.0,6518.5969098944925,0.160201,406.90113731465425,374.0389323692288
IT,2022-01-01,625817.3783333333,1.0,1.0651446925007788,0.0,6665.860590065018,0.160201,416.0935693325896,381.74343554564945
IT,2022-02-01,634081.2947777777,1.0,1.077167553807545,0.0,6830.117972108997,0.160201,426.3467751205671,388.16170918937894
IT,2022-03-01,641856.1140000001,1.0,1.0892151170953346,0.0,6991.193823688664,0.160201,436.40138474096074,393.9523348564182
IT,2022-04-01,641759.9505555555,1.0,1.1024398069308372,0.0,7075.017159864103,0.160201,441.6337700678587,392.5395423138615
IT,2022-05-01,646413.2557777778,1.0,1.1334638683866658,0.0,7326.860694702992,0.160201,457.35424215223327,402.7033702362034
IT,2022-06-01,647712.9623333333,1.0,1.1645577395555229,0.0,7542.991432957182,0.160201,470.8454649444874,407.4073893117684
IT,2022-07-01,657188.5626666667,1.0,1.2121611952023663,0.0806451612903225,7436.1939596094335,0.160201,464.17899760984227,414.27857624861144
IT,2022-08-01,655937.1555555556,1.0,1.2298471557952315,0.5,4787.3386736263665,0.160201,298.8332578215096,356.2641281248838
IT,2022-09-01,649793.7578888889,1.0,1.2359291312643979,0.925,2020.3980864142068,0.160201,126.11644661482805,289.25948627440823
IT,2022-10-01,656420.6412222222,1.0,1.3014355866583949,1.25,337.63380775944745,0.160201,21.075636716340565,261.64479470532194
IT,2022-11-01,651343.8918888889,1.0,1.3123312272077992,1.975,-4316.2525750370605,0.160201,-269.42731787173994,155.55512315806737
IT,2022-12-01,650023.0755555555,1.0,1.3401083887869853,2.177419354838709,-5442.7144934933485,0.160201,-339.7428538831436,131.03877281778756
IT,2023-01-01,649130.6286666666,1.0,1.3696030243413335,2.5,-7337.752994522088,0.160201,-458.03415674821554,89.66256878959803
IT,2023-02-01,653365.5674444444,1.0,1.422180494193009,2.875,-9492.22240805942,0.160201,-592.5195478217627,45.535402127263524
IT,2023-03-01,650350.4141111111,1.0,1.4419520737285256,3.161290322580645,-11181.723421380484,0.160201,-697.9808753616072,5.82188992497106
IT,2023-04-01,652468.8543333333,1.0,1.4827678668303075,3.5,-13161.811388536154,0.160201,-821.581100525974,-37.80771008035879
IT,2023-05-01,653221.8773333333,1.0,1.5179966690559104,3.6774193548387095,-14105.821407632287,0.160201,-880.5077001786685,-57.44418184777567
IT,2023-06-01,650621.7924444445,1.0,1.5380770391349703,3.8333333333333335,-14933.437642507322,0.160201,-932.1688155821327,-76.34127907617972
IT,2023-07-01,648684.2037777777,1.0,1.5618015329604902,4.0,-15816.208312437228,0.160201,-987.2727581249324,-104.7997967039613
IT,2023-08-01,638949.6745555556,1.0,1.563924845260247,4.241935483870968,-17111.14025996636,0.160201,-1068.1044600199973,-130.55540426361017
IT,2023-09-01,636596.911,1.0,1.58755985816124,4.341666666666667,-17532.55886858623,0.160201,-1094.4100766278757,-141.1387093834445
IT,2023-10-01,627547.7078888889,1.0,1.5900021077041997,4.5,-18261.625072717274,0.160201,-1139.9195431187866,-160.39698398752455
IT,2023-11-01,623577.7276666666,1.0,1.6048810548537866,4.5,-18053.316931389927,0.160201,-1126.9166192089892,-155.7427621414122
IT,2023-12-01,622135.8296666667,1.0,1.6247976586691317,4.5,-17887.663940834223,0.160201,-1116.5762973286198,-151.17187755901193
IT,2024-01-01,617971.264111111,1.0,1.6349593347143023,4.5,-17705.128016563413,0.160201,-1105.1821160019858,-149.5593439554607
IT,2024-02-01,616182.1974444444,1.0,1.6536629020038693,4.5,-17538.622477108984,0.160201,-1094.78857666987,-148.49808542686208
IT,2024-03-01,612391.2457777777,1.0,1.6670480654154645,4.5,-17348.749644487893,0.160201,-1082.9364139105182,-146.35269887312984
IT,2024-04-01,609411.7055555555,1.0,1.68133816812476,4.5,-17177.255143474365,0.160201,-1072.2314557009236,-147.2823910886019
IT,2024-05-01,603660.5333333333,1.0,1.6896937928988711,4.5,-16964.709438086444,0.160201,-1058.964016334882,-141.43129984418988
IT,2024-06-01,605016.2855555556,1.0,1.7202223494411764,4.341666666666667,-15860.165035984859,0.160201,-990.0166063872797,-125.86272912685945
IT,2024-07-01,600236.5705555556,1.0,1.7280775581857188,4.25,-15137.500776816969,0.160201,-944.906759434521,-114.66649451188084
IT,2024-08-01,596128.7918888889,1.0,1.7368147473935556,4.25,-14981.820884292516,0.160201,-935.1889741195446,-111.80184041680377
IT,2024-09-01,585901.0166666666,1.0,1.7397926010642795,3.99,-13183.98802747294,0.160201,-822.9654014315105,-72.53119126330853
IT,2024-10-01,582885.0957777777,1.0,1.749648238595767,3.577419354838709,-10653.805421511228,0.160201,-665.0273981754938,-26.20972702680558
IT,2024-11-01,577056.4372222222,1.0,1.75299645951611,3.4,-9504.139951640194,0.160201,-593.2634597561935,-5.300746839785461
IT,2024-12-01,565374.0248888889,1.0,1.752994538770486,3.287096774193548,-8673.415554321784,0.160201,-541.4083279331455,12.534246329597977
IT,2025-01-01,562012.9626666666,1.0,1.7623961619294362,3.0,-6955.493996416751,0.160201,-434.17294501387323,44.40881486123226
IT,2025-02-01,554224.1135555556,1.0,1.7623863133983635,2.7857142857142856,-5671.53038333396,0.160201,-354.02590391657736,66.62757423594434
IT,2025-03-01,544836.9767777778,1.0,1.7623658179797812,2.588709677419355,-4502.226901559383,0.160201,-281.0361297095139,85.14244007632254
IT,2025-04-01,541561.2627777777,1.0,1.7705284008038809,2.433333333333333,-3589.4947623598996,0.160201,-224.06194482930192,99.08019217296135
IT,2025-05-01,536427.6277777777,1.0,1.77346954185868,2.25,-2556.2410322460582,0.160201,-159.56461147221668,115.11658342576985
IT,2025-06-01,527383.6733333333,1.0,1.7734228059915753,2.083333333333333,-1634.4175231416664,0.160201,-102.02292889193366,128.87580486620664
IT,2025-07-01,520770.8762222222,1.0,1.7734174103121627,2.0,-1179.9761376843528,0.160201,-73.6559782825546,132.02071777899823
IT,2025-08-01,515684.36844444444,1.0,1.7756539800446725,2.0,-1156.917356136878,0.160201,-72.21661263892723,129.2322000922137
IT,2025-09-01,511933.92744444445,1.0,1.7812389929735781,2.0,-1119.9118149873786,0.160201,-69.906668184804,126.73867613557232
IT,2025-10-01,511933.92744444445,1.0,1.795195254981664,2.0,-1048.464974764947,0.160201,-65.44684332588106,125.65143045624752
IT,2025-11-01,505398.47522222216,1.0,1.7951857811676826,2.0,-1035.1279390168377,0.160201,-64.61432444347025,122.39210803560721
IT,2025-12-01,496947.4258888889,1.0,1.7951423204871697,2.0,-1018.0349650747198,0.160201,-63.54735395376557,119.39459510721699
IT,2026-01-01,493384.451,1.0,1.8006491748101943,2.0,-983.5659744266927,0.158307,-62.13028952773362,118.37808734676051
IT,2026-02-01,486363.6268888889,1.0,1.8006449129269972,2.0,-969.5906318757587,0.158307,-61.24748949040527,114.93715517649726
IT,2026-03-01,478642.408,1.0,1.8005790889344675,2.0,-954.5130507796032,0.158307,-60.29506280705232,110.8223371355804
IT,2026-04-01,468487.89544444444,1.0,1.8007033206855023,2.0,-933.6808186111537,0.158307,-58.97912401922553,106.66398377070493
IT,2026-05-01,468359.00111111114,1.0,1.8197263321296704,2.0,-844.3279501038379,0.158307,-53.334846223087915,106.41838593227152
IT,2026-06-01,459259.02166666667,1.0,1.8196727210761736,2.1166666666666667,-1363.9714889281306,0.158307,-86.15989747314589,93.22552503549912
IT,2026-07-01,453426.6955555555,1.0,1.819676733005699,2.25,-1951.2005697389693,0.158307,-123.25421931683181,78.37871968245616
IT,2026-08-01,447909.00111111114,1.0,1.820706185439296,2.25,-1922.8456366306348,0.158307,-121.463083542145,75.21036688583038
LT,2015-03-01,34.666666666666664,1.0,0.7188821186333549,0.05,0.231879134459563,0.005902,0.39288230169360044,-0.8539548918264472
LT,2015-04-01,108.44444444444444,1.0,0.3639064664461078,0.05,0.340414123612668,0.005902,0.5767775730475567,-2.2265819341369504
LT,2015-05-01,217.77777777777777,1.0,0.3765435416052852,0.05,0.7111392683848433,0.005902,1.204912349008545,-4.537410014854393
LT,2015-06-01,336.0,1.0,0.4587288905417153,0.05,1.3733290722201632,0.005902,2.326887618129724,-7.086860577768656
LT,2015-07-01,448.0,1.0,0.5491206821357978,0.05,2.2360606559683744,0.005902,3.788649027394738,-8.656242237058219
LT,2015-08-01,575.1111111111111,1.0,0.6257910020156113,0.05,3.311438029369782,0.005902,5.610704895577401,-8.92340789466949
LT,2015-09-01,686.2222222222222,1.0,0.6657980353251864,0.05,4.225742962409279,0.005902,7.159849139968279,-9.883207821405037
LT,2015-10-01,787.5555555555555,1.0,0.6987123633744328,0.05,5.108970257331087,0.005902,8.656337270977781,-11.146070623638126
LT,2015-11-01,891.5555555555555,1.0,0.7084631130336821,0.05,5.870564465535851,0.005902,9.946737488200355,-12.572973758842203
LT,2015-12-01,984.0,1.0,0.7083331399518452,0.05,6.477998097126157,0.005902,10.975937135083289,-13.139068862621976
LT,2016-01-01,1080.888888888889,1.0,0.7095778987346921,0.05,7.129304220990094,0.005902,12.079471740071321,-14.068744295663477
LT,2016-02-01,1177.7777777777776,1.0,0.7177862446281877,0.05,7.865037992287543,0.005902,13.326055561314032,-14.687637693811165
LT,2016-03-01,1288.888888888889,1.0,0.7270791553324498,0.0241935483870967,9.059414489517884,0.005902,15.349736512229555,-15.207752528399517
LT,2016-04-01,1381.3333333333333,1.0,0.7277583708825525,0.0,10.052768963124324,0.005902,17.03281762643904,-16.860558151455685
LT,2016-05-01,1481.7777777777776,1.0,0.6937362051289268,0.0,10.279628923999296,0.005902,17.417195737037098,-18.94110650465172
LT,2016-06-01,1575.111111111111,1.0,0.67140902191088,0.0,10.575438105120707,0.005902,17.918397331617598,-20.729497375514022
LT,2016-07-01,1639.111111111111,1.0,0.6581790697094742,0.0,10.788286262615737,0.005902,18.27903467064679,-21.28667454499836
LT,2016-08-01,1681.7777777777776,1.0,0.6496481897637141,0.0,10.92563888918175,0.005902,18.511756843750845,-21.474896032730562
LT,2016-09-01,1746.6666666666665,1.0,0.6330065137168762,0.0,11.056513772921438,0.005902,18.733503512235576,-21.876143045243023
LT,2016-10-01,1857.7777777777776,1.0,0.5739474222294676,0.0,10.66266766630744,0.005902,18.066193944946527,-23.619789189482645
LT,2016-11-01,1945.7777777777776,1.0,0.5232840389986275,0.0,10.181944545493295,0.005902,17.25168509910758,-26.636784712140194
LT,2016-12-01,2012.4444444444443,1.0,0.47921433745675623,0.0,9.643922311129742,0.005902,16.34009202156852,-29.04287975122723
LT,2017-01-01,2074.6666666666665,1.0,0.44025098372664,0.0,9.133740409048691,0.005902,15.475669957723976,-31.85151051086203
LT,2017-02-01,2132.4444444444443,1.0,0.40365726665657525,0.0,8.607766957414436,0.005902,14.584491625575119,-35.009187271045626
LT,2017-03-01,2199.111111111111,1.0,0.3672956889975244,0.0,8.07724030737667,0.005902,13.685598623139052,-38.246046398711606
LT,2017-04-01,2249.777777777778,1.0,0.3403744027251937,0.0,7.657667673755247,0.005902,12.974699548890625,-40.532385498020844
LT,2017-05-01,2296.0,1.0,0.31576160576156864,0.0,7.249886468285617,0.005902,12.28377917364557,-42.63394012376737
LT,2017-06-01,2329.777777777778,1.0,0.2974264204764789,0.0,6.929374649500899,0.005902,11.74072288969993,-44.08189716166213
LT,2017-07-01,2382.222222222222,1.0,0.27259433681357087,0.0,6.493802868092177,0.005902,11.002715804968107,-46.48384982856115
LT,2017-08-01,2385.777777777778,1.0,0.2633854503538219,0.0,6.283791544441403,0.005902,10.646885029551681,-47.89485972582623
LT,2017-09-01,2411.555555555555,1.0,0.2479737342748472,0.0,5.980024365223647,0.005902,10.132199873303366,-49.50150679197775
LT,2017-10-01,2464.8888888888887,1.0,0.22535989880650253,0.0,5.554871105692724,0.005902,9.411845316321118,-51.24563137032132
LT,2017-11-01,2526.222222222222,1.0,0.20214636170008973,0.0,5.106666310681378,0.005902,8.652433599934561,-52.53670823912901
LT,2017-12-01,2581.333333333333,1.0,0.18328136596546069,0.0,4.731102993455091,0.005902,8.016101310496596,-53.76921490273974
LT,2018-01-01,2645.333333333333,1.0,0.1638192827734995,0.0,4.333566093634973,0.005902,7.342538281319845,-55.0047197262104
LT,2018-02-01,2466.6666666666665,1.0,0.1638192827734995,0.0,4.040875641746321,0.005902,6.8466208772387676,-56.45896187712056
LT,2018-03-01,2469.333333333333,1.0,0.16012488727386373,0.0,3.954017216415941,0.005902,6.699453094571231,-57.40058460760962
LT,2018-04-01,2506.6666666666665,1.0,0.15172121591037385,0.0,3.8031451454867042,0.005902,6.443824373918509,-58.34262203707262
LT,2018-05-01,2484.4444444444443,1.0,0.15130395207811348,0.0,3.759062631629575,0.005902,6.369133567654312,-59.26229062501499
LT,2018-06-01,2538.6666666666665,1.0,0.14136941219603846,0.0,3.5888981442834296,0.005902,6.080816916779785,-60.55915428189374
LT,2018-07-01,2576.0,1.0,0.1341621882023677,0.0,3.4560179680929917,0.005902,5.8556725992765015,-61.50768318994615
LT,2018-08-01,2612.4444444444443,1.0,0.12709991778411034,0.0,3.3204147410444467,0.005902,5.625914505327764,-62.57103560626077
LT,2018-09-01,2757.333333333333,1.0,0.1133583905781342,0.0,3.1256686895410866,0.005902,5.295948304881542,-63.814409135550555
LT,2018-10-01,2768.8888888888887,1.0,0.11033798390865944,0.0,3.055136176670881,0.005902,5.176442183447782,-65.31763239010486
LT,2018-11-01,2793.777777777778,1.0,0.10635523032886628,0.0,2.971328790432237,0.005902,5.034443901105112,-66.53959104243427
LT,2018-12-01,2812.4444444444443,1.0,0.10335422589110815,0.0,2.9067801841730327,0.005902,4.925076557392464,-67.83838624252525
LT,2019-01-01,2832.0,1.0,0.1003083037144005,0.0,2.840731161191822,0.005902,4.813166996258594,-68.5442383732001
LT,2019-02-01,2841.777777777778,1.0,0.0982305488882601,0.0,2.7914939092957116,0.005902,4.729742306499003,-68.73316181352185
LT,2019-03-01,2854.222222222222,1.0,0.09655904742162306,0.0,2.756009789074059,0.005902,4.66962011025764,-69.04160549757671
LT,2019-04-01,2817.777777777778,1.0,0.09655904742162308,0.0,2.7208193806804015,0.005902,4.60999556197967,-68.99991317376775
LT,2019-05-01,2854.222222222222,1.0,0.09355712727176015,0.0,2.670328317063305,0.005902,4.5244464877385715,-68.65665917481475
LT,2019-06-01,2855.111111111111,1.0,0.09290073334416545,0.0,2.6524191600129723,0.005902,4.494102270438787,-67.9908855780298
LT,2019-07-01,2956.4444444444443,1.0,0.09166937286472894,0.0,2.7101540813163414,0.005902,4.591924909041581,-67.22145561001484
LT,2019-08-01,2973.333333333333,1.0,0.092199548406151,0.0,2.741399905942889,0.005902,4.644865987703979,-65.85685463669877
LT,2019-09-01,3088.8888888888887,1.0,0.09441680161622472,0.0,2.91643009436783,0.005902,4.941426794930243,-64.25172599639185
LT,2019-10-01,3160.8888888888887,1.0,0.09622977527416701,0.0,3.041716274443892,0.005902,5.153704294211948,-62.82151009419661
LT,2019-11-01,3228.4444444444443,1.0,0.09756163410070139,0.0,3.14972315603331,0.005902,5.3367047713204165,-61.7649825477844
LT,2019-12-01,3293.333333333333,1.0,0.09843526703001783,0.0,3.2418014608552532,0.005902,5.492716809310831,-60.74440898195502
LT,2020-01-01,3358.222222222222,1.0,0.09944558381923448,0.0,3.3396036948361587,0.005902,5.658427134591932,-59.654350016369904
LT,2020-02-01,3390.222222222222,1.0,0.10027822236447885,0.0,3.3996545786499763,0.005902,5.760173803202264,-58.43369945696111
LT,2020-03-01,3412.4444444444443,1.0,0.10130986854542962,0.0,3.4571429808524825,0.005902,5.857578754409492,-54.856171331919874
LT,2020-04-01,3970.7292222222222,1.0,0.11035262129102008,0.0,4.381803781090756,0.005902,7.424269368164615,-56.397455943778276
LT,2020-05-01,4376.116666666667,1.0,0.11251368980086376,0.0,4.923730331657232,0.005902,8.342477688338244,-58.21102367420827
LT,2020-06-01,4766.3805555555555,1.0,0.10056991807500071,0.0,4.793545019864986,0.005902,8.121899389808515,-55.187771000451434
LT,2020-07-01,5045.510333333333,1.0,0.09441284520648167,0.0,4.763609860887037,0.005902,8.071179025562582,-54.544212856198385
LT,2020-08-01,5398.432888888889,1.0,0.09334500136967376,0.0,5.039167254074252,0.005902,8.538067187519912,-52.82891140698391
LT,2020-09-01,5590.443111111111,1.0,0.09157383398070926,0.0,5.1193830933548865,0.005902,8.673980164952365,-51.187269884323285
LT,2020-10-01,5689.114666666666,1.0,0.09074438432671754,0.0,5.162552077907655,0.005902,8.747123141151567,-48.363238236141
LT,2020-11-01,5826.897777777777,1.0,0.0898553574331212,0.0,5.235779825484818,0.005902,8.87119590898817,-45.06795719405796
LT,2020-12-01,5970.014,1.0,0.08923035653214499,0.0,5.32706477721897,0.005902,9.025863736392697,-41.98084128558557
LT,2021-01-01,6113.131555555556,1.0,0.0888595704265575,0.0,5.432102439876998,0.005902,9.203833344420532,-39.315486113286724
LT,2021-02-01,6192.253333333333,1.0,0.0886965418045728,0.0,5.492314566445052,0.005902,9.305853213224418,-37.11881608189658
LT,2021-03-01,6365.596111111112,1.0,0.08660699786324132,0.0,5.513051687932573,0.005902,9.340988966337806,-35.14851989261492
LT,2021-04-01,6515.822222222221,1.0,0.0842504593439999,0.0,5.489610152260643,0.005902,9.301271013657477,-33.07036964183301
LT,2021-05-01,6603.833888888888,1.0,0.08291783389277944,0.0,5.475756014543965,0.005902,9.277797381470627,-32.12757810162863
LT,2021-06-01,6728.280777777778,1.0,0.08112075832891061,0.0,5.458032389431659,0.005902,9.247767518521956,-30.736985991924854
LT,2021-07-01,6894.510777777778,1.0,0.07974179024069236,0.0,5.497806322537483,0.005902,9.315158120192278,-28.966349254312377
LT,2021-08-01,6932.740333333333,1.0,0.07967732468097588,0.0,5.523822024678969,0.005902,9.359237588408961,-26.42005641016332
LT,2021-09-01,7135.4184444444445,1.0,0.07861689679694095,0.0,5.609644554498779,0.005902,9.504650210943373,-24.69880127487947
LT,2021-10-01,7266.091777777778,1.0,0.07769042874946644,0.0,5.645057855485284,0.005902,9.56465241525802,-24.201696307085133
LT,2021-11-01,7434.104222222222,1.0,0.0770259166494394,0.0,5.726186921841345,0.005902,9.702112710676625,-23.502125098513623
LT,2021-12-01,7538.109222222221,1.0,0.07683463225446496,0.0,5.791878499834353,0.005902,9.813416638146988,-23.04878830727847
LT,2022-01-01,7758.569888888889,1.0,0.0759630033861756,0.0,5.893642707415467,0.005902,9.985839897349148,-24.364293889591007
LT,2022-02-01,7854.575888888889,1.0,0.07596990114165192,0.0,5.967113537884916,0.005902,10.110324530472576,-28.074741400715595
LT,2022-03-01,7874.135,1.0,0.07583600111266615,0.0,5.971429106212835,0.005902,10.117636574403312,-32.33141331013922
LT,2022-04-01,8004.801777777777,1.0,0.076274476001297,0.0,6.1056206109425055,0.005902,10.345002729485776,-38.74922502451143
LT,2022-05-01,8009.246222222222,1.0,0.0762844439103582,0.0,6.109808942033594,0.005902,10.352099190161969,-44.298772725867906
LT,2022-06-01,8097.24711111111,1.0,0.07621346761492004,0.0,6.171192804726714,0.005902,10.45610437940819,-52.98197125331079
LT,2022-07-01,8153.248333333333,1.0,0.07519721886976205,0.0806451612903225,-0.4441842746053041,0.005902,-0.7525995842177297,-50.65302094544857
LT,2022-08-01,8189.693555555556,1.0,0.07461660534661986,0.5,-34.83759645833133,0.005902,-59.026764585447864,-1.5958942820736652
LT,2022-09-01,8113.245333333333,1.0,0.07461314126272443,0.925,-68.99397213178194,0.005902,-116.89930893219577,46.24373072738442
LT,2022-10-01,8163.023888888889,1.0,0.07414265511133775,1.25,-95.9855159625161,0.005902,-162.63218563625227,77.9369723527291
LT,2022-11-01,8194.135777777778,1.0,0.10744146032078844,1.975,-153.03028247079845,0.005902,-259.2854667414409,165.6969742883664
LT,2022-12-01,8224.358555555555,1.0,0.14062857540235604,2.177419354838709,-167.51297672734034,0.005902,-283.8240879826166,186.95753871831454
LT,2023-01-01,8329.250666666667,1.0,0.19797425186199863,2.5,-191.7414949736228,0.005902,-324.87545742735136,222.8212681104622
LT,2023-02-01,8378.140777777777,1.0,0.2367217782812501,2.875,-221.03866352504895,0.005902,-374.5148483989307,263.54010155009547
LT,2023-03-01,8427.033777777777,1.0,0.2748840145883643,3.161290322580645,-243.23843453841792,0.005902,-412.1288284283597,291.67393685821855
LT,2023-04-01,8332.801666666666,1.0,0.284960616656055,3.5,-267.90285531927395,0.005902,-453.9187653664418,329.8546250791734
LT,2023-05-01,8364.80411111111,1.0,0.3167622600633498,3.6774193548387095,-281.1123828241165,0.005902,-476.3002081059242,346.7633102249687
LT,2023-06-01,8305.246777777778,1.0,0.32124514968451634,3.8333333333333335,-291.6875907052075,0.005902,-494.21821535955183,361.6093211464011
LT,2023-07-01,8317.692777777778,1.0,0.3478722659240972,4.0,-303.7727647724506,0.005902,-514.6946200820918,367.7783413388793
LT,2023-08-01,8140.792888888889,1.0,0.3478366339988523,4.241935483870968,-317.0105222566932,0.005902,-537.1238940303172,400.42516172607
LT,2023-09-01,8149.682888888889,1.0,0.37248074035357615,4.341666666666667,-323.4760662649239,0.005902,-548.0787296931952,405.192637551236
LT,2023-10-01,8170.129888888889,1.0,0.4000942054467243,4.5,-334.9676287370846,0.005902,-567.5493540106482,411.9732051206138
LT,2023-11-01,8181.686888888889,1.0,0.42509591401090685,4.5,-333.3958933381673,0.005902,-564.8862984381011,406.28755862947594
LT,2023-12-01,8189.687888888889,1.0,0.44881295000161836,4.5,-331.77957518995254,0.005902,-562.147704489923,403.25671527968495
LT,2024-01-01,7936.348222222222,1.0,0.449051931128746,4.5,-321.49734504700916,0.005902,-544.7261014012354,410.89667064528976
LT,2024-02-01,7972.7972222222215,1.0,0.4805144661309594,4.5,-320.4654309919349,0.005902,-542.9776872110045,403.31280403200344
LT,2024-03-01,8009.246222222222,1.0,0.5121048562866259,4.5,-319.4003411440469,0.005902,-541.1730619180732,395.41065311931516
LT,2024-04-01,7841.242888888888,1.0,0.5125675450227355,4.5,-312.6642638251524,0.005902,-529.7598506017491,395.1892140105725
LT,2024-05-01,7885.692888888889,1.0,0.5461449501107724,4.5,-311.78886650608905,0.005902,-528.2766291190935,389.2560873715986
LT,2024-06-01,7558.565777777778,1.0,0.545980927139097,4.341666666666667,-286.89940333992223,0.005902,-486.1053936630332,378.048483597387
LT,2024-07-01,7579.901777777777,1.0,0.5718741834471113,4.25,-278.7983241577958,0.005902,-472.3794038593625,357.8608610632776
LT,2024-08-01,7441.229666666666,1.0,0.5720259287146103,4.25,-273.68649772479625,0.005902,-463.71822725312813,359.6689064496127
LT,2024-09-01,7451.897666666666,1.0,0.5939354131469083,3.99,-253.07125770619848,0.005902,-428.7889828976592,321.64522727054276
LT,2024-10-01,7466.121666666666,1.0,0.6166361456884674,3.577419354838709,-221.05567668139483,0.005902,-374.5436744855893,264.2739966630989
LT,2024-11-01,7362.118222222221,1.0,0.6168924752754044,3.4,-204.89566622178725,0.005902,-347.1631077969963,240.7996051194117
LT,2024-12-01,7366.563222222221,1.0,0.6368795660129075,3.287096774193548,-195.2299261668396,0.005902,-330.78604907970106,223.15652518304245
LT,2025-01-01,7366.563222222221,1.0,0.6554270015198668,3.0,-172.71445222419024,0.005902,-292.63716066450394,185.94459921060155
LT,2025-02-01,7366.563222222221,1.0,0.6739154782392781,2.7857142857142856,-155.56699427878138,0.005902,-263.58352131274376,157.06995683977794
LT,2025-03-01,7365.674222222222,1.0,0.6914991861400603,2.588709677419355,-139.74234409745458,0.005902,-236.7711692603432,129.40740052549322
LT,2025-04-01,7365.674222222222,1.0,0.7087241977611587,2.433333333333333,-127.02909053292915,0.005902,-215.2305837562337,107.91155324602957
LT,2025-05-01,6984.325222222222,1.0,0.7091180047394106,2.25,-107.62020983966637,0.005902,-182.34532334745234,92.3358715505342
LT,2025-06-01,6984.325222222222,1.0,0.725926738553157,2.083333333333333,-94.8056911673396,0.005902,-160.63316022931141,70.26557352882887
LT,2025-07-01,6984.325222222222,1.0,0.7425087958164901,2.0,-87.82727534101483,0.005902,-148.8093448678665,56.86735119368632
LT,2025-08-01,6898.986222222222,1.0,0.7421718213566365,2.0,-86.77739274383437,0.005902,-147.03048584180678,54.41832688933417
LT,2025-09-01,6892.763666666666,1.0,0.7569690571986906,2.0,-85.67918519083278,0.005902,-145.16974786654146,51.47559645383487
LT,2025-10-01,6562.971777777777,1.0,0.7572106158938796,2.0,-81.56391653610294,0.005902,-138.1970798646271,52.90119391750147
LT,2025-11-01,6418.076666666666,1.0,0.7573198220599928,2.0,-79.75616654165941,0.005902,-135.13413510955507,51.872297369522386
LT,2025-12-01,6418.076666666666,1.0,0.7733232755960695,2.0,-78.72905262439963,0.005902,-133.3938539891556,49.548095071826964
LT,2026-01-01,6259.847666666667,1.0,0.7734514519317406,2.0,-76.78007066678481,0.005832,-131.65307041629768,48.85530645819645
LT,2026-02-01,6259.847666666667,1.0,0.7891474877845421,2.0,-75.79752273269405,0.005832,-129.96831744289102,46.21632722401151
LT,2026-03-01,6259.847666666667,1.0,0.8052169156574508,2.0,-74.79160102694509,0.005832,-128.24348598584547,42.87391395678725
LT,2026-04-01,6259.847666666667,1.0,0.8212432785792201,2.0,-73.7883751215352,0.005832,-126.52327695736487,39.1198308325656
LT,2026-05-01,6259.847666666667,1.0,0.8373408360308696,2.0,-72.78069254700779,0.005832,-124.79542617799689,34.95780597736254
LT,2026-06-01,6068.728777777777,1.0,0.837592280494503,2.1166666666666667,-77.62355536281456,0.005832,-133.09937476477117,46.28604774387384
LT,2026-07-01,6068.728777777777,1.0,0.8534743757876702,2.25,-84.75135244561439,0.005832,-145.32124904940738,56.31168994988059
LT,2026-08-01,6026.056777777778,1.0,0.8628132434443556,2.25,-83.59266156385712,0.005832,-143.33446770208695,53.33898272588843
LU,2015-03-01,162.66666666666666,1.0,-0.22443403825436564,0.05,-0.4464127022271014,0.00364,-1.226408522601927,-2.4732457161219745
LU,2015-04-01,344.88888888888886,1.0,-0.24274407665251155,0.05,-1.0096417932548842,0.00364,-2.773741190260671,-5.577100697445179
LU,2015-05-01,419.55555555555554,1.0,-0.22187939083531083,0.05,-1.1406850886601485,0.00364,-3.1337502435718365,-8.876072607434775
LU,2015-06-01,651.5555555555555,1.0,-0.1781052322384005,0.05,-1.4862323131622006,0.00364,-4.083055805390661,-13.496804001289041
LU,2015-07-01,722.6666666666666,1.0,-0.18224646980687623,0.05,-1.678367821804359,0.00364,-4.610900609352635,-17.055791873805592
LU,2015-08-01,799.1111111111111,1.0,-0.1904902603754112,0.05,-1.9217843917999524,0.00364,-5.279627449999869,-19.81374024024676
LU,2015-09-01,921.7777777777777,1.0,-0.20471818973784067,0.05,-2.347935668961251,0.00364,-6.4503727169265135,-23.49342967829983
LU,2015-10-01,927.1111111111111,1.0,-0.2079598098884355,0.05,-2.391574059676784,0.00364,-6.5702584057054505,-26.372666300321356
LU,2015-11-01,953.7777777777777,1.0,-0.22029479561494045,0.05,-2.5780116950651655,0.00364,-7.082449711717488,-29.602160958760045
LU,2015-12-01,991.1111111111111,1.0,-0.23488645095246127,0.05,-2.8235412694399495,0.00364,-7.756981509450411,-31.871987507155676
LU,2016-01-01,1141.3333333333333,1.0,-0.2073169805564474,0.05,-2.9368444714175865,0.00364,-8.068254042356006,-34.21647007809081
LU,2016-02-01,1239.111111111111,1.0,-0.20796485633642384,0.05,-3.196471197626443,0.00364,-8.781514279193525,-36.79520753431872
LU,2016-03-01,1367.111111111111,1.0,-0.20900632774522246,0.0241935483870967,-3.188101417702283,0.00364,-8.758520378302975,-39.31600941893205
LU,2016-04-01,1398.2222222222222,1.0,-0.21087044091723312,0.0,-2.948437365002735,0.00364,-8.100102651106415,-41.993478429001144
LU,2016-05-01,1412.4444444444443,1.0,-0.2119710044953033,0.0,-2.9939726768269947,0.00364,-8.225199661612622,-44.58350190330144
LU,2016-06-01,1435.5555555555554,1.0,-0.21566877347983288,0.0,-3.096045059288267,0.00364,-8.505618294747986,-47.1535130018796
LU,2016-07-01,1440.888888888889,1.0,-0.22015341628131796,0.0,-3.1721661137068127,0.00364,-8.714742070623112,-48.28045128626826
LU,2016-08-01,1440.888888888889,1.0,-0.2240808564431171,0.0,-3.228756162615936,0.00364,-8.87020923795587,-48.85686211443728
LU,2016-09-01,1449.7777777777776,1.0,-0.2302424366563262,0.0,-3.338003681657493,0.00364,-9.170339784773333,-49.77998634225193
LU,2016-10-01,1452.4444444444443,1.0,-0.23437706144531545,0.0,-3.404196608014626,0.00364,-9.352188483556665,-51.03817161798584
LU,2016-11-01,1519.111111111111,1.0,-0.24614064570326194,0.0,-3.7391498978388857,0.00364,-10.27238982922771,-54.16085964047548
LU,2016-12-01,1549.3333333333333,1.0,-0.2542094835363002,0.0,-3.9385522649224107,0.00364,-10.820198530006623,-56.20317030280237
LU,2017-01-01,1558.2222222222222,1.0,-0.2581467107518972,0.0,-4.022499412871785,0.00364,-11.050822562834574,-58.37800303142058
LU,2017-02-01,1624.0,1.0,-0.2643523603857726,0.0,-4.293082332664947,0.00364,-11.79418223259601,-61.38786112921675
LU,2017-03-01,1683.5555555555554,1.0,-0.2665682524977236,0.0,-4.487824624272786,0.00364,-12.329188528221941,-64.26083355007259
LU,2017-04-01,1727.111111111111,1.0,-0.26966670942547266,0.0,-4.657443701455052,0.00364,-12.795175003997397,-66.30226005090887
LU,2017-05-01,1799.111111111111,1.0,-0.2701682530331024,0.0,-4.860627059013326,0.00364,-13.353371041245401,-68.27109033865834
LU,2017-06-01,1848.8888888888887,1.0,-0.270635813704772,0.0,-5.003755488941562,0.00364,-13.74658101357572,-69.56920106493777
LU,2017-07-01,1903.111111111111,1.0,-0.2667606210254584,0.0,-5.076751018804502,0.00364,-13.94711818352885,-71.4336838170581
LU,2017-08-01,1944.8888888888887,1.0,-0.266951907276383,0.0,-5.191917983295342,0.00364,-14.263510943119073,-72.80525569849698
LU,2017-09-01,1993.7777777777776,1.0,-0.26845022356915704,0.0,-5.352300901916615,0.00364,-14.704123356913778,-74.3378300221949
LU,2017-10-01,2028.4444444444443,1.0,-0.2696309103921769,0.0,-5.46931322235509,0.00364,-15.0255857757008,-75.68306246234324
LU,2017-11-01,2055.111111111111,1.0,-0.27203601836458197,0.0,-5.590642439634786,0.00364,-15.358907801194468,-76.54804964025804
LU,2017-12-01,2120.0,1.0,-0.2741761541123374,0.0,-5.812534467181553,0.00364,-15.968501283465807,-77.75381749670214
LU,2018-01-01,2144.0,1.0,-0.2720171813861641,0.0,-5.832048368919358,0.00364,-16.022110903624608,-78.36936891115485
LU,2018-02-01,2166.222222222222,1.0,-0.2676197021788437,0.0,-5.79723745964304,0.00364,-15.92647653748088,-79.23205929184022
LU,2018-03-01,2190.222222222222,1.0,-0.2647250290663897,0.0,-5.798066414396304,0.00364,-15.928753885704133,-80.028791587885
LU,2018-04-01,2225.777777777778,1.0,-0.262476221344089,0.0,-5.842137406627545,0.00364,-16.049828040185563,-80.83627445117669
LU,2018-05-01,2235.5555555555557,1.0,-0.2617979203976437,0.0,-5.852637953778435,0.00364,-16.078675697193503,-81.7100998898628
LU,2018-06-01,2240.0,1.0,-0.2622501894184054,0.0,-5.874404242972281,0.00364,-16.138473194978793,-82.77844439365231
LU,2018-07-01,2245.333333333333,1.0,-0.2629584736701932,0.0,-5.904294262141405,0.00364,-16.220588632256607,-83.58394442147926
LU,2018-08-01,2286.222222222222,1.0,-0.26399234892619483,0.0,-6.035451746117094,0.00364,-16.580911390431577,-84.77786150202012
LU,2018-09-01,2305.777777777778,1.0,-0.26396360649073697,0.0,-6.086414179884193,0.00364,-16.720918076604928,-85.83127551703703
LU,2018-10-01,2309.333333333333,1.0,-0.26377258308220086,0.0,-6.091388185311624,0.00364,-16.734582926680286,-87.22865750023293
LU,2018-11-01,2316.4444444444443,1.0,-0.26465927901330305,0.0,-6.13068516541038,0.00364,-16.842541663215332,-88.4165766067547
LU,2018-12-01,2322.6666666666665,1.0,-0.2655504442770349,0.0,-6.16785165240793,0.00364,-16.944647396725085,-89.70811019664279
LU,2019-01-01,2324.4444444444443,1.0,-0.266787987502474,0.0,-6.201338553946396,0.00364,-17.036644378973616,-90.39404974843231
LU,2019-02-01,2326.222222222222,1.0,-0.2684250239096879,0.0,-6.2441625561924745,0.00364,-17.154292736792513,-90.61719685681337
LU,2019-03-01,2328.0,1.0,-0.2708780708852076,0.0,-6.306041490207633,0.00364,-17.32428980826273,-91.03551541609708
LU,2019-04-01,2334.222222222222,1.0,-0.27463060824245733,0.0,-6.410488686619493,0.00364,-17.611232655548058,-91.22114139129548
LU,2019-05-01,2336.0,1.0,-0.27937497023039526,0.0,-6.526199304582033,0.00364,-17.929118968631958,-91.11022463118528
LU,2019-06-01,2336.8888888888887,1.0,-0.28578029331578964,0.0,-6.678367921130764,0.00364,-18.34716461849111,-90.8321524669597
LU,2019-07-01,2352.0,1.0,-0.29643568014292976,0.0,-6.972167196961708,0.00364,-19.15430548615854,-90.96768600521496
LU,2019-08-01,2354.6666666666665,1.0,-0.3074621445192937,0.0,-7.239708629614301,0.00364,-19.889309422017313,-90.39103004642007
LU,2019-09-01,2376.0,1.0,-0.3209421473508932,0.0,-7.625585421057223,0.00364,-20.949410497409954,-90.14256328873205
LU,2019-10-01,2379.555555555555,1.0,-0.32922928067817536,0.0,-7.834193638893114,0.00364,-21.522509996959105,-89.49772438536766
LU,2019-11-01,2407.111111111111,1.0,-0.3384978332261619,0.0,-8.1480189544573,0.00364,-22.384667457300274,-89.48635477640508
LU,2019-12-01,2417.777777777778,1.0,-0.34557829739150786,0.0,-8.355315279154679,0.00364,-22.95416285482055,-89.1912886460864
LU,2020-01-01,2488.8888888888887,1.0,-0.35825638072894783,0.0,-8.916603253698256,0.00364,-24.496162784885318,-89.80893993584715
LU,2020-02-01,2506.6666666666665,1.0,-0.36788638848954086,0.0,-9.221685471471156,0.00364,-25.33430074579988,-89.52817400596325
LU,2020-03-01,2579.559444444444,1.0,-0.3817392947300694,0.0,-9.847192030365118,0.00364,-27.05272535814593,-87.7664754444753
LU,2020-04-01,2752.904,1.0,-0.393721722696934,0.0,-10.838781052992804,0.00364,-29.776871024705507,-93.5985963366484
LU,2020-05-01,2499.606444444444,1.0,-0.4176464927557689,0.0,-10.4395186479194,0.00364,-28.679996285492855,-95.23349764803936
LU,2020-06-01,2756.5227777777777,1.0,-0.43858639197104105,0.0,-12.089733794915473,0.00364,-33.213554381635916,-96.52322477189587
LU,2020-07-01,2906.756333333333,1.0,-0.45397038906557824,0.0,-13.195813035621669,0.00364,-36.25223361434524,-98.8676254961062
LU,2020-08-01,3058.7686666666664,1.0,-0.46918811841500974,0.0,-14.351379153801213,0.00364,-39.42686580714619,-100.79384440165002
LU,2020-09-01,3237.443777777778,1.0,-0.4877853611568719,0.0,-15.79177682368401,0.00364,-43.38400226286816,-103.2452523121438
LU,2020-10-01,3515.6866666666665,1.0,-0.512265893965512,0.0,-18.00966373202631,0.00364,-49.47709816490745,-106.58745954220002
LU,2020-11-01,3689.9161111111107,1.0,-0.526359825305219,0.0,-19.42223599635357,0.00364,-53.35779119877355,-107.29694430181968
LU,2020-12-01,3784.1408888888886,1.0,-0.5348568366999223,0.0,-20.239736254579434,0.00364,-55.60367102906438,-106.61037605104265
LU,2021-01-01,3906.811333333333,1.0,-0.5438518737477855,0.0,-21.247266640124177,0.00364,-58.3716116486928,-106.89093110640005
LU,2021-02-01,3993.925222222222,1.0,-0.5506062149950103,0.0,-21.99080049580883,0.00364,-60.41428707639789,-106.83895637151889
LU,2021-03-01,4092.5968888888888,1.0,-0.5581171749717302,0.0,-22.841486139247586,0.00364,-62.751335547383476,-107.24084440633621
LU,2021-04-01,4294.391888888888,1.0,-0.5693874190559003,0.0,-24.45172714029037,0.00364,-67.17507456123728,-109.54671521672776
LU,2021-05-01,4521.080777777778,1.0,-0.5787074383668519,0.0,-26.163830755573922,0.00364,-71.87865592190639,-113.28403140500563
LU,2021-06-01,4675.758888888889,1.0,-0.5852413437013251,0.0,-27.364474149567478,0.00364,-75.17712678452604,-115.16188029497285
LU,2021-07-01,4768.205333333333,1.0,-0.5900637377714236,0.0,-28.135450614483034,0.00364,-77.2951939958325,-115.57670137033716
LU,2021-08-01,4836.650111111111,1.0,-0.5950649043203151,0.0,-28.781207355991747,0.00364,-79.0692509779993,-114.84854497657159
LU,2021-09-01,4958.428444444444,1.0,-0.6003399817063829,0.0,-29.767428416301858,0.00364,-81.77864949533478,-115.98210098115763
LU,2021-10-01,5034.876,1.0,-0.6003534739517155,0.0,-30.227052975161172,0.00364,-83.04135432736585,-116.807703049709
LU,2021-11-01,5086.433888888889,1.0,-0.5997428755418293,0.0,-30.50552486775631,0.00364,-83.80638699933053,-117.01062480852077
LU,2021-12-01,5138.878777777778,1.0,-0.5979690299446571,0.0,-30.728903577509627,0.00364,-84.4200647733781,-117.28226971880356
LU,2022-01-01,5170.879444444445,1.0,-0.5941674190927039,0.0,-30.723680939450702,0.00364,-84.40571686662281,-118.75585065356296
LU,2022-02-01,5213.546444444444,1.0,-0.5802008501120164,0.0,-30.249040791651467,0.00364,-83.10176041662491,-121.28682634781308
LU,2022-03-01,4863.314888888888,1.0,-0.5810210223726252,0.0,-28.25688188862232,0.00364,-77.62879639731408,-120.07784628185661
LU,2022-04-01,4907.759777777777,1.0,-0.5433771882140387,0.0,-26.66764708478844,0.00364,-73.26276671645176,-122.35699447044897
LU,2022-05-01,4955.761555555555,1.0,-0.5001949743319797,0.0,-24.78847024076522,0.00364,-68.10019296913522,-122.75106488516509
LU,2022-06-01,5018.874,1.0,-0.4390307652621795,0.0,-22.034400929744557,0.00364,-60.534068488309224,-123.97214412102821
LU,2022-07-01,5070.429555555555,1.0,-0.3951844128310969,0.0806451612903225,-24.12660336032658,0.00364,-66.28187736353456,-116.1822987247654
LU,2022-08-01,5097.096333333333,1.0,-0.3588708379179843,0.5,-43.77747398758685,0.00364,-120.26778568018366,-62.836915376809465
LU,2022-09-01,5141.542222222222,1.0,-0.2983678813399793,0.925,-62.89997615220049,0.00364,-172.80213228626508,-9.659092626684895
LU,2022-10-01,5159.3208888888885,1.0,-0.2461324716287009,1.25,-77.19027513418918,0.00364,-212.06119542359664,28.50796256538473
LU,2022-11-01,5194.877666666666,1.0,-0.18678278227947234,1.975,-112.3019709584816,0.00364,-308.5218982375868,116.46054279222051
LU,2022-12-01,5209.101111111111,1.0,-0.13783286022815466,2.177419354838709,-120.60382886007262,0.00364,-331.3292001650347,139.45242653589645
LU,2023-01-01,5263.324666666666,1.0,-0.06663947379803302,2.5,-135.0905685288154,0.00364,-371.12793551872363,176.56879001908993
LU,2023-02-01,5308.658888888889,1.0,0.003178483580748884,2.875,-152.45520820441428,0.00364,-418.8329895725667,219.2219603764595
LU,2023-03-01,5348.660222222223,1.0,0.07034433018195183,3.161290322580645,-165.32419878580083,0.00364,-454.18735930165064,249.61540598492763
LU,2023-04-01,5371.772,1.0,0.12548480832305536,3.5,-181.27126220224844,0.00364,-497.99797308310013,285.77541736251504
LU,2023-05-01,5406.439666666666,1.0,0.18422031577935657,3.6774193548387095,-188.85769848332365,0.00364,-518.8398309981419,304.22368733275096
LU,2023-06-01,5423.329333333333,1.0,0.2359352789785045,3.8333333333333335,-195.09874391858804,0.00364,-535.9855602159013,319.84197629005166
LU,2023-07-01,4813.538555555555,1.0,0.23203414809704737,4.0,-181.37248904151593,0.00364,-498.2760687953735,384.19689262559757
LU,2023-08-01,4822.428555555555,1.0,0.2749416065751117,4.241935483870968,-191.30544553585588,0.00364,-525.5644108127909,411.9846449435962
LU,2023-09-01,4825.984555555555,1.0,0.3157425768228244,4.341666666666667,-194.29047479425438,0.00364,-533.765040643556,419.50632660087524
LU,2023-10-01,4838.430555555555,1.0,0.3629350337757141,4.5,-200.16901542897995,0.00364,-549.9148775521427,429.60768157911934
LU,2023-11-01,4846.431555555555,1.0,0.40326394069399263,4.5,-198.54550912602946,0.00364,-545.4546954011798,425.7191616663972
LU,2023-12-01,4850.876555555555,1.0,0.4343104097766986,4.5,-197.22158315380483,0.00364,-541.8175361368264,423.58688363278145
LU,2024-01-01,4850.876555555555,1.0,0.46377426653344683,4.5,-195.79232783402927,0.00364,-537.8910105330474,417.73176151347775
LU,2024-02-01,4850.876555555555,1.0,0.4971182539937569,4.5,-194.17485216362968,0.00364,-533.4473960539277,412.84309518908026
LU,2024-03-01,4850.876555555555,1.0,0.531257032845445,4.5,-192.5188221439602,0.00364,-528.8978630328577,407.6858520045307
LU,2024-04-01,4850.876555555555,1.0,0.5666067696932353,4.5,-190.80405004676012,0.00364,-524.1869506779125,400.7621139344092
LU,2024-05-01,4850.876555555555,1.0,0.6031071258529442,4.5,-189.03346282711456,0.00364,-519.3227000744905,398.2100164162016
LU,2024-06-01,4850.876555555555,1.0,0.6393283727899564,4.341666666666667,-179.59586030502086,0.00364,-493.39522061818917,370.7586566422311
LU,2024-07-01,4850.876555555555,1.0,0.6745880785256515,4.25,-173.43881866333754,0.00364,-476.48027105312514,353.759993869515
LU,2024-08-01,4850.876555555555,1.0,0.7038181048699795,4.25,-172.02090616821783,0.00364,-472.5849070555435,350.8022266471973
LU,2024-09-01,4850.876555555555,1.0,0.7305163259417887,3.99,-158.1135293770506,0.00364,-434.37782795893025,316.0563822092717
LU,2024-10-01,4850.876555555555,1.0,0.7570414993731341,3.577419354838709,-136.8130481688601,0.00364,-375.8600224419233,262.95764870676487
LU,2024-11-01,4850.876555555555,1.0,0.7843715251160855,3.4,-126.88090846857911,0.00364,-348.57392436422833,239.38878855217968
LU,2024-12-01,4850.876555555555,1.0,0.8104428603034664,3.287096774193548,-120.13942407114303,0.00364,-330.05336283281054,223.88921142993297
LU,2025-01-01,4850.876555555555,1.0,0.8397529867421956,3.0,-104.79091590821194,0.00364,-287.8871316159669,190.6946282591386
LU,2025-02-01,4850.876555555555,1.0,0.8661422465750651,2.7857142857142856,-93.11607001360413,0.00364,-255.8133791582531,164.8400989942686
LU,2025-03-01,4850.876555555555,1.0,0.8941308886950284,2.588709677419355,-82.20192517764566,0.00364,-225.82946477375182,140.3491050120846
LU,2025-04-01,4480.181666666666,1.0,0.8960728257998933,2.433333333333333,-68.87206342742012,0.00364,-189.20896545994538,133.9331715423179
LU,2025-05-01,4480.181666666666,1.0,0.9178723931620196,2.25,-59.68173681816061,0.00364,-163.96081543450717,110.72037946347936
LU,2025-06-01,4480.181666666666,1.0,0.9403686656712146,2.083333333333333,-51.206893497075825,0.00364,-140.6782788381204,90.22045492001988
LU,2025-07-01,4480.181666666666,1.0,0.9625240027108575,2.0,-46.48080942661532,0.00364,-127.69453139180034,77.98216466975249
LU,2025-08-01,4480.181666666666,1.0,0.9842146147348806,2.0,-45.50903060332725,0.00364,-125.02480934980014,76.42400338134081
LU,2025-09-01,4480.181666666666,1.0,1.0068255228460397,2.0,-44.49602084346425,0.00364,-122.24181550402267,74.40352881635366
LU,2025-10-01,4480.181666666666,1.0,1.0295579798783678,2.0,-43.47756547111901,0.00364,-119.44386118439289,71.6544125977357
LU,2025-11-01,4480.181666666666,1.0,1.0532147787073238,2.0,-42.4176979070639,0.00364,-116.53213710731842,70.47429537175904
LU,2025-12-01,4480.181666666666,1.0,1.0790919262265757,2.0,-41.2583546880501,0.00364,-113.3471282638739,69.59482079710865
LU,2026-01-01,4480.181666666666,1.0,1.1036531780767682,2.0,-40.15796598555394,0.003597,-111.64294129984415,68.86543557464998
LU,2026-02-01,4480.181666666666,1.0,1.1259322846082287,2.0,-39.159821539234315,0.003597,-108.8680053912547,67.31663927564783
LU,2026-03-01,4480.181666666666,1.0,1.1554753706423022,2.0,-37.83623761496819,0.003597,-105.18831697238862,65.9290829702441
LU,2026-04-01,4480.181666666666,1.0,1.1883239741218088,2.0,-36.36456050412331,0.003597,-101.09691549658969,64.54619229334078
LU,2026-05-01,4480.181666666666,1.0,1.2223248201797512,2.0,-34.841260832523815,0.003597,-96.86199842236256,62.89123373299687
LU,2026-06-01,4480.181666666666,1.0,1.2552826163319692,2.1166666666666667,-38.59157030268589,0.003597,-107.28821324071694,72.09720926792806
LU,2026-07-01,4480.181666666666,1.0,1.2905607509033197,2.25,-42.9846213408338,0.003597,-119.5013103720706,82.13162862721737
LU,2026-08-01,4480.181666666666,1.0,1.3278945186961186,2.25,-41.312000720704916,0.003597,-114.85126694663585,81.82218348133954
LV,2015-03-01,66.66666666666666,1.0,0.16825058050976827,0.05,0.0788337203398455,0.003876,0.2033893713618305,-1.0434478221582173
LV,2015-04-01,224.0,1.0,0.09518058095659558,0.05,0.10120450134277409,0.003876,0.2611055246201602,-2.542253982564347
LV,2015-05-01,406.2222222222222,1.0,0.1676969227748339,0.05,0.47811105518310293,0.003876,1.2335166542391716,-4.508805709623767
LV,2015-06-01,447.1111111111111,1.0,0.2031472666687464,0.05,0.6847384456389283,0.003876,1.76661105685998,-7.6471371390384
LV,2015-07-01,466.66666666666663,1.0,0.21708844911390424,0.05,0.7797460958648864,0.003876,2.011728833500739,-10.433162430952219
LV,2015-08-01,487.1111111111111,1.0,0.2184286134636531,0.05,0.8204344904718391,0.003876,2.1167040517849305,-12.41740873846196
LV,2015-09-01,504.0,1.0,0.22158285865967542,0.05,0.8647776076447642,0.003876,2.2311083788564607,-14.811948582516855
LV,2015-10-01,560.0,1.0,0.23851756536742177,0.05,1.0556983660575618,0.003876,2.7236799949885495,-17.078727899627356
LV,2015-11-01,587.5555555555555,1.0,0.24901529718192325,0.05,1.1693254349977888,0.003876,3.016835487610394,-19.502875759432165
LV,2015-12-01,608.0,1.0,0.2507324486886343,0.05,1.2204532880268966,0.003876,3.148744293155048,-20.966261704550217
LV,2016-01-01,644.4444444444445,1.0,0.25129865399291174,0.05,1.2972579923987646,0.003876,3.346898845198051,-22.801317190536746
LV,2016-02-01,671.1111111111111,1.0,0.24896757474747055,0.05,1.3352935016385803,0.003876,3.4450296739901454,-24.568663581135052
LV,2016-03-01,710.2222222222222,1.0,0.23448373851549456,0.0241935483870967,1.4935276614452433,0.003876,3.853270540364405,-26.704218500264666
LV,2016-04-01,777.7777777777777,1.0,0.20908492698637948,0.0,1.6262160987829515,0.003876,4.195603970028254,-29.69777180786647
LV,2016-05-01,829.3333333333333,1.0,0.1861076028377449,0.0,1.543452386201031,0.003876,3.9820752997962616,-32.376226941892554
LV,2016-06-01,909.3333333333333,1.0,0.16757257137775028,0.0,1.5237932490616757,0.003876,3.9313551317380693,-34.716539575393554
LV,2016-07-01,933.3333333333333,1.0,0.1556909245497262,0.0,1.4531152957974445,0.003876,3.749007471097638,-35.816701744547515
LV,2016-08-01,997.3333333333333,1.0,0.1209498147316383,0.0,1.2062728189235392,0.003876,3.1121589755509267,-36.87449390093048
LV,2016-09-01,1037.3333333333333,1.0,0.09607824967978319,0.0,0.9966517100116176,0.003876,2.5713408411032446,-38.038305716375355
LV,2016-10-01,1117.3333333333333,1.0,0.06704805055501646,0.0,0.7491502182013839,0.003876,1.9327921006227655,-39.75319103380641
LV,2016-11-01,1152.0,1.0,0.06468016777451772,0.0,0.7451155327624441,0.003876,1.922382695465542,-41.96608711578223
LV,2016-12-01,1166.2222222222222,1.0,0.06843621299269884,0.0,0.7981183239681855,0.003876,2.0591288028074963,-43.32384296998825
LV,2017-01-01,1200.888888888889,1.0,0.07517752702166591,0.0,0.902798568944628,0.003876,2.329201674263746,-44.997978794322265
LV,2017-02-01,1250.6666666666665,1.0,0.08629913902699765,0.0,1.0793145654309837,0.003876,2.7846093019375227,-46.80906959468322
LV,2017-03-01,1308.4444444444443,1.0,0.09737132184928239,0.0,1.2740496512190547,0.003876,3.2870218039707293,-48.644623217879925
LV,2017-04-01,1346.6666666666665,1.0,0.10580111922898978,0.0,1.424788405617062,0.003876,3.6759246790945874,-49.831160367816885
LV,2017-05-01,1370.6666666666665,1.0,0.10997363346781991,0.0,1.5073719360655846,0.003876,3.8889884831413433,-51.0287308142716
LV,2017-06-01,1402.6666666666665,1.0,0.1158233036007493,0.0,1.6246148718398432,0.003876,4.191472837564095,-51.631147213797966
LV,2017-07-01,1427.5555555555554,1.0,0.12297072220006276,0.0,1.7554753764737847,0.003876,4.529090238580456,-52.957475394948794
LV,2017-08-01,1449.7777777777776,1.0,0.12628272383705416,0.0,1.8308188673620915,0.003876,4.723474889995076,-53.81826986538284
LV,2017-09-01,1473.7777777777776,1.0,0.12581054980382889,0.0,1.8541679251088734,0.003876,4.783714977061077,-54.84999168822003
LV,2017-10-01,1516.4444444444443,1.0,0.12420837114737776,0.0,1.8835509437993463,0.003876,4.859522558821843,-55.797954127820596
LV,2017-11-01,1542.2222222222222,1.0,0.12274530925406656,0.0,1.8930054360516042,0.003876,4.883914953693509,-56.30522688537006
LV,2017-12-01,1548.4444444444443,1.0,0.12100396040982789,0.0,1.873679102523735,0.003876,4.834053412083939,-56.951262801152396
LV,2018-01-01,1596.4444444444443,1.0,0.11802504808910719,0.0,1.8842043232714354,0.003876,4.861208264374189,-57.48604974315606
LV,2018-02-01,1638.2222222222222,1.0,0.12006050548827944,0.0,1.9668578810213244,0.003876,5.074452737413118,-58.23113001694621
LV,2018-03-01,1585.7777777777776,1.0,0.12006050548827944,0.0,1.9038928159208044,0.003876,4.912004169042323,-59.18803353313854
LV,2018-04-01,1611.5555555555554,1.0,0.12497999067307868,0.0,2.0141219830248143,0.003876,5.1963931450588605,-59.59005326593227
LV,2018-05-01,1646.2222222222222,1.0,0.13291873681133376,0.0,2.1881377828852457,0.003876,5.645350317041398,-59.9860738756279
LV,2018-06-01,1702.2222222222222,1.0,0.14783402980908003,0.0,2.5164637074167846,0.003876,6.492424425739898,-60.14754677293362
LV,2018-07-01,1738.6666666666665,1.0,0.16302062247541416,0.0,2.834385222772534,0.003876,7.312655373510149,-60.050700415712505
LV,2018-08-01,1768.0,1.0,0.17290684097560038,0.0,3.056992948448615,0.003876,7.886978711167737,-60.3099714004208
LV,2018-09-01,1787.5555555555554,1.0,0.18044341484576018,0.0,3.225526286709544,0.003876,8.32179124538066,-60.78856619505144
LV,2018-10-01,1826.6666666666665,1.0,0.19387295324255152,0.0,3.541412612563941,0.003876,9.136771446243397,-61.35730312730924
LV,2018-11-01,1833.7777777777776,1.0,0.2000303947484712,0.0,3.6681129276986315,0.003876,9.463655644217315,-62.11037929932206
LV,2018-12-01,1844.4444444444443,1.0,0.20751802431738509,0.0,3.8275546707428805,0.003876,9.875012050420228,-62.88845074949748
LV,2019-01-01,1849.7777777777776,1.0,0.21219987215447,0.0,3.92522607958624,0.003876,10.127002269314344,-63.23040310014434
LV,2019-02-01,1837.3333333333333,1.0,0.21294110653315837,0.0,3.9124379307025627,0.003876,10.094009109139739,-63.36889501088111
LV,2019-03-01,1840.8888888888887,1.0,0.21488049660235078,0.0,3.9557111863419414,0.003876,10.205653215536485,-63.505572392297864
LV,2019-04-01,1871.111111111111,1.0,0.21667512652426393,0.0,4.05423236740956,0.003876,10.459835829230032,-63.150072906517394
LV,2019-05-01,1896.0,1.0,0.21694277848787225,0.0,4.113235080130058,0.003876,10.612061610242668,-62.56904405231065
LV,2019-06-01,1922.6666666666665,1.0,0.21415338950441537,0.0,4.117455835538226,0.003876,10.622951072080046,-61.86203677638855
LV,2019-07-01,1952.8888888888887,1.0,0.2075208315827321,0.0,4.0526512621089985,0.003876,10.455756610188335,-61.35762390886809
LV,2019-08-01,1976.8888888888887,1.0,0.1985990871063468,0.0,3.926083286440136,0.003876,10.129213845304788,-60.37250677909796
LV,2019-09-01,2005.3333333333333,1.0,0.18836084653398463,0.0,3.7772628424948387,0.003876,9.745260171555312,-59.447892619766776
LV,2019-10-01,2048.0,1.0,0.17898029491234055,0.0,3.6655164398047346,0.003876,9.456956759042143,-58.51825762936642
LV,2019-11-01,2056.8888888888887,1.0,0.17645989663212447,0.0,3.6295840071709864,0.003876,9.36425182448655,-57.73743549461826
LV,2019-12-01,2095.111111111111,1.0,0.17279222598281324,0.0,3.62018912570214,0.003876,9.340013224205729,-56.89711256706013
LV,2020-01-01,2126.222222222222,1.0,0.16888022373144504,0.0,3.590768845916591,0.003876,9.264109509588728,-56.04866764137311
LV,2020-02-01,2145.777777777778,1.0,0.1636598844009695,0.0,3.5117774306128036,0.003876,9.060313288474726,-55.13355997168865
LV,2020-03-01,2230.225333333333,1.0,0.14836758073858813,0.0,3.308931372085779,0.003876,8.536974644184156,-52.176775442145214
LV,2020-04-01,2445.3565555555556,1.0,0.14265336291222447,0.0,3.4883833616945386,0.003876,8.999957073515322,-54.821768238427566
LV,2020-05-01,2648.044,1.0,0.1438311000752197,0.0,3.8087108156758505,0.003876,9.826395293281347,-56.72710606926516
LV,2020-06-01,2851.624,1.0,0.12376994519821305,0.0,3.5294534620590907,0.003876,9.105917084775776,-54.20375330548418
LV,2020-07-01,3118.3096666666665,1.0,0.08525745964056161,0.0,2.6585916055260643,0.003876,6.859111469365491,-55.75628041239547
LV,2020-08-01,3178.757777777778,1.0,0.07454212242473571,0.0,2.3695135142969193,0.003876,6.113295960518368,-55.25368263398546
LV,2020-09-01,3219.648555555555,1.0,0.06612451699157365,0.0,2.1289770561872885,0.003876,5.492716863228298,-54.36853318604735
LV,2020-10-01,3309.4306666666666,1.0,0.051110643460524734,0.0,1.6914713086132667,0.003876,4.3639610645337115,-52.74640031275886
LV,2020-11-01,3384.989777777778,1.0,0.03787981227677667,0.0,1.282227773410302,0.003876,3.308121190429056,-50.631031912617075
LV,2020-12-01,3291.656111111111,1.0,0.03628654154524853,0.0,1.1944281622850454,0.003876,3.0816000058953703,-47.9251050160829
LV,2021-01-01,3028.543111111111,1.0,0.033137287796122995,0.0,1.0035770467585459,0.003876,2.5892080669725126,-45.930111390734744
LV,2021-02-01,3168.1077777777778,1.0,0.012622267807127645,0.0,0.3998870481295515,0.003876,1.0317003305715984,-45.392968964549404
LV,2021-03-01,3383.233888888889,1.0,-0.01272285192920582,0.0,-0.43044383810204506,0.003876,-1.110536218013532,-45.60004507696625
LV,2021-04-01,3637.476555555555,1.0,-0.04106372993992943,0.0,-1.4936835494015803,0.003876,-3.8536727280742524,-46.22531338356474
LV,2021-05-01,3751.2603333333327,1.0,-0.048023083849955885,0.0,-1.8014708953068008,0.003876,-4.647757727829723,-46.053133210928976
LV,2021-06-01,3835.706777777778,1.0,-0.04691459716390267,0.0,-1.799506383182956,0.003876,-4.64268932709741,-44.627442837544216
LV,2021-07-01,3913.0446666666667,1.0,-0.047238989687772175,0.0,-1.8484827665645858,0.003876,-4.769047385357548,-43.0505547598622
LV,2021-08-01,3948.602777777778,1.0,-0.04884971215889756,0.0,-1.928881091242678,0.003876,-4.97647340361888,-40.75576740219116
LV,2021-09-01,4114.836888888889,1.0,-0.05396861356838292,0.0,-2.2207204195337145,0.003876,-5.729412847094206,-39.93286433291705
LV,2021-10-01,4247.2880000000005,1.0,-0.051831187226389755,0.0,-2.2014197953239854,0.003876,-5.679617634994802,-39.44596635733795
LV,2021-11-01,4356.625,1.0,-0.046258997527838706,0.0,-2.015331051047203,0.003876,-5.1995125156016595,-38.40375032479191
LV,2021-12-01,4412.6251111111105,1.0,-0.04150104593183063,0.0,-1.8312855741617142,0.003876,-4.724678983905352,-37.58688392933081
LV,2022-01-01,4524.634333333333,1.0,-0.03241587515460269,0.0,-1.466699816695623,0.003876,-3.7840552546326705,-38.134189041572824
LV,2022-02-01,4641.976333333333,1.0,-0.008677871118269667,0.0,-0.40282472354724663,0.003876,-1.039279472516116,-39.224345403704284
LV,2022-03-01,4808.209555555555,1.0,0.037279443131596354,0.0,1.7924737469113152,0.003876,4.624545270669028,-37.8245046138735
LV,2022-04-01,4929.987777777777,1.0,0.08623399815193501,0.0,4.25132556917951,0.003876,10.968332221825362,-38.125895532171846
LV,2022-05-01,5009.987777777777,1.0,0.13086771553905216,0.0,6.556456553563503,0.003876,16.915522584013168,-37.7353493320167
LV,2022-06-01,5027.765555555556,1.0,0.16007286521461073,0.0,8.04808838105107,0.003876,20.763901911896465,-42.67417372082251
LV,2022-07-01,5027.765555555556,1.0,0.1795520736878697,0.0806451612903225,4.972807673587386,0.003876,12.829741159926177,-37.07068020130466
LV,2022-08-01,5064.21,1.0,0.21150684619693455,0.5,-14.609899144210221,0.003876,-37.693238246156405,19.737632057217795
LV,2022-09-01,5108.654444444444,1.0,0.25966659731276026,0.925,-33.989584446755124,0.003876,-87.69242633321755,75.45061332636263
LV,2022-10-01,5122.876666666667,1.0,0.30162205499957623,1.25,-48.58423245623954,0.003876,-125.34631696656228,115.22284102241909
LV,2022-11-01,5142.432222222222,1.0,0.34709165677392667,1.975,-83.71408319030152,0.003876,-215.98060678612364,209.00183424368367
LV,2022-12-01,5172.654444444444,1.0,0.39604475345583123,2.177419354838709,-92.14435249063594,0.003876,-237.73052758162007,233.0510991193111
LV,2023-01-01,5233.99,1.0,0.46729606371074317,2.5,-106.39152075498606,0.003876,-274.4879276444429,273.2087978933707
LV,2023-02-01,5288.214333333333,1.0,0.5327973820426838,2.875,-123.86069455852737,0.003876,-319.5580354967166,318.49691445230957
LV,2023-03-01,5331.772666666667,1.0,0.5948824918862882,3.161290322580645,-136.83503123215465,0.003876,-353.0315563265084,350.7712089600699
LV,2023-04-01,5041.088444444445,1.0,0.5972612477391586,3.5,-146.32962781263214,0.003876,-377.5274195372346,406.24597090838057
LV,2023-05-01,4999.311111111111,1.0,0.6094228258713342,3.6774193548387095,-153.37869136116922,0.003876,-395.7138580009526,427.34966032994026
LV,2023-06-01,5014.423333333333,1.0,0.6502376686530787,3.8333333333333335,-159.61389173204844,0.003876,-411.80054626431485,444.0269902416381
LV,2023-07-01,5025.980333333333,1.0,0.6893060211366216,4.0,-166.39482827452423,0.003876,-429.29522258649183,453.1777388344792
LV,2023-08-01,5037.537333333333,1.0,0.7278162144989772,4.241935483870968,-177.02507013247458,0.003876,-456.72102717356705,480.8280285828201
LV,2023-09-01,5042.871333333333,1.0,0.7627216690733113,4.341666666666667,-180.48159131940264,0.003876,-465.63878049381486,487.6325867506163
LV,2023-10-01,5057.984333333333,1.0,0.8061979707814498,4.5,-186.83192794222302,0.003876,-482.0225179107921,497.50004122046994
LV,2023-11-01,5031.3173333333325,1.0,0.8220731774365686,4.5,-185.0481697309498,0.003876,-477.4204585421822,493.75339852539486
LV,2023-12-01,5036.651333333333,1.0,0.8515814470674895,4.5,-183.758121691856,0.003876,-474.0921612276986,491.3122585419093
LV,2024-01-01,5052.653333333333,1.0,0.8841134578809698,4.5,-182.69821189992857,0.003876,-471.35761584088897,484.2651562056362
LV,2024-02-01,5066.877333333333,1.0,0.9167102295243907,4.5,-181.56089716788065,0.003876,-468.42336730619365,477.8671239368143
LV,2024-03-01,5081.101333333333,1.0,0.9496626485977914,4.5,-180.39623849992896,0.003876,-465.41857198124086,471.16514305614754
LV,2024-04-01,4616.194111111111,1.0,0.9496511430391095,4.5,-163.89099485892928,0.003876,-422.8353840529651,502.11368055935657
LV,2024-05-01,4633.085111111111,1.0,0.9824736384740066,4.5,-162.96999013526917,0.003876,-420.45921087530746,497.07350561538465
LV,2024-06-01,4639.308111111111,1.0,1.0096669647010679,4.341666666666667,-154.5817324354881,0.003876,-398.81767914212617,465.3361981182941
LV,2024-07-01,4647.309111111111,1.0,1.036761760998538,4.25,-149.32911344282115,0.003876,-385.26603055423413,444.974234368406
LV,2024-08-01,4649.976111111111,1.0,1.0580651235875327,4.25,-148.4242092354037,0.003876,-382.93139637617054,440.4557373265703
LV,2024-09-01,4654.421111111111,1.0,1.0789588707710511,3.99,-135.49211287195948,0.003876,-349.56685467481805,400.8673554933839
LV,2024-10-01,4660.644111111111,1.0,1.0999840179302998,3.577419354838709,-115.46444413620749,0.003876,-297.8958827043537,340.9217884443345
LV,2024-11-01,4665.978111111111,1.0,1.1206461865855482,3.4,-106.3541500086947,0.003876,-274.3915118903372,313.5712010260708
LV,2024-12-01,4667.756111111111,1.0,1.1393808700846766,3.287096774193548,-100.25014036334707,0.003876,-258.6432929910915,295.299281271652
LV,2025-01-01,4604.639888888889,1.0,1.1431192514945345,3.0,-85.50267163478124,0.003876,-220.59512805671113,257.98663181839436
LV,2025-02-01,4604.639888888889,1.0,1.1618217304749188,2.7857142857142856,-74.77440435124892,0.003876,-192.91641989486305,227.73705825765865
LV,2025-03-01,4604.639888888889,1.0,1.181876766520806,2.588709677419355,-64.77958938525127,0.003876,-167.13000357391968,199.04856621191675
LV,2025-04-01,4604.639888888889,1.0,1.2008379236197673,2.433333333333333,-56.7519752643954,0.003876,-146.41892483074147,176.7232121715218
LV,2025-05-01,4604.639888888889,1.0,1.219010443278902,2.25,-47.473356379058416,0.003876,-122.48027961573379,152.20091528225274
LV,2025-06-01,4604.639888888889,1.0,1.2369361459576442,2.083333333333333,-38.973542508334596,0.003876,-100.55093526402115,130.34779849411913
LV,2025-07-01,4604.639888888889,1.0,1.2535000051132859,2.0,-34.37363653510716,0.003876,-88.68327279439411,116.99342326715872
LV,2025-08-01,4604.639888888889,1.0,1.269933264514664,2.0,-33.61694411766672,0.003876,-86.73102197540433,114.71779075573662
LV,2025-09-01,4175.292555555556,1.0,1.2704368168769886,2.0,-30.461397273009243,0.003876,-78.58977624615387,118.05556807422245
LV,2025-10-01,4175.292555555556,1.0,1.2875828784536012,2.0,-29.745499040429962,0.003876,-76.74277358212065,114.35550020000794
LV,2025-11-01,4175.292555555556,1.0,1.3072951069250818,2.0,-28.922455832526133,0.003876,-74.61933909320467,112.38709338587279
LV,2025-12-01,4175.292555555556,1.0,1.3283698799211112,2.0,-28.042522404522682,0.003876,-72.34912901063643,110.59282005034612
LV,2026-01-01,4175.292555555556,1.0,1.349271443572741,2.0,-27.169820973381476,0.00383,-70.9394803482545,109.56889652623963
LV,2026-02-01,4175.292555555556,1.0,1.368613783742174,2.0,-26.362221684216916,0.00383,-68.83086601623215,107.35377865067038
LV,2026-03-01,4175.292555555556,1.0,1.3908473866413096,2.0,-25.433903717537518,0.00383,-66.40705931471936,104.71034062791335
LV,2026-04-01,4175.292555555556,1.0,1.4141011456712858,2.0,-24.462991247872097,0.00383,-63.872039811676494,101.77106797825397
LV,2026-05-01,4175.292555555556,1.0,1.4374538633117366,2.0,-23.487946966710442,0.00383,-61.3262322890612,98.42699986629822
LV,2026-06-01,4175.292555555556,1.0,1.4600830652846692,2.1166666666666667,-27.414286229501105,0.00383,-71.57777083420653,107.80765167443847
LV,2026-07-01,4175.292555555556,1.0,1.4830840186529968,2.25,-32.02098587654726,0.00383,-83.60570724947064,118.02723174981733
LV,2026-08-01,4175.292555555556,1.0,1.5070834042003198,2.25,-31.018941318410803,0.00383,-80.98940292013265,115.68404750784273
MT,2015-03-01,4.444444444444445,1.0,1.1450722768488713,0.05,0.04866987897106094,0.001288,0.37787173114177747,-0.8689654623782703
MT,2015-04-01,51.55555555555555,1.0,0.9342569018058439,0.05,0.45588355826434607,0.001288,3.539468620064799,0.7361091128802917
MT,2015-05-01,127.1111111111111,1.0,1.1685340650723746,0.05,1.4217810782697737,0.001288,11.038672967933026,5.2963506040700885
MT,2015-06-01,185.77777777777777,1.0,1.3263694536253468,0.05,2.371210807179533,0.001288,18.41002179487215,8.99627359897377
MT,2015-07-01,207.1111111111111,1.0,1.35000244545129,0.05,2.6924495092457823,0.001288,20.904111096628746,8.459219832175789
MT,2015-08-01,216.88888888888889,1.0,1.347181134188781,0.05,2.813441748818333,0.001288,21.843491838651655,7.3093790484047645
MT,2015-09-01,232.88888888888889,1.0,1.3421570512960594,0.05,3.0092901994628227,0.001288,23.364054343655457,6.32099738228214
MT,2015-10-01,242.66666666666666,1.0,1.3271251866898042,0.05,3.099157119700591,0.001288,24.061778879662974,4.259370985047067
MT,2015-11-01,244.44444444444443,1.0,1.3204318348831527,0.05,3.105500040825484,0.001288,24.11102516168854,1.5913139146459834
MT,2015-12-01,250.66666666666666,1.0,1.3066482061909828,0.05,3.1499981701853965,0.001288,24.456507532495316,0.3415015347900514
MT,2016-01-01,304.0,1.0,1.2265147791265043,0.05,3.576604928544573,0.001288,27.768671805470287,1.6204557697354893
MT,2016-02-01,322.66666666666663,1.0,1.1998521579348356,0.05,3.710189629603069,0.001288,28.80582010561389,0.7921268504886925
MT,2016-03-01,376.0,1.0,1.1351234883546042,0.0241935483870967,4.1770965742778285,0.001288,32.43087402389619,1.8733849832671154
MT,2016-04-01,429.3333333333333,1.0,1.0823450735704685,0.0,4.646868182529211,0.001288,36.07816911901561,2.184793341120887
MT,2016-05-01,488.0,1.0,1.0454495126535357,0.0,5.1017936217492545,0.001288,39.61019892662465,3.2518966849358293
MT,2016-06-01,520.8888888888889,1.0,1.0266105722194023,0.0,5.3475004028495094,0.001288,41.51786027057073,2.8699655634391092
MT,2016-07-01,531.5555555555555,1.0,1.014841515713608,0.0,5.394446456859889,0.001288,41.88234826754572,2.316639051900573
MT,2016-08-01,541.3333333333333,1.0,1.0002854099311929,0.0,5.4148783524275235,0.001288,42.0409809971081,2.0543281206266926
MT,2016-09-01,547.5555555555555,1.0,0.9893613220625566,0.0,5.417302883471421,0.001288,42.05980499589612,1.4501584384175246
MT,2016-10-01,580.4444444444445,1.0,0.9535761520177874,0.0,5.534979797934358,0.001288,42.97344563613632,1.2874625017071466
MT,2016-11-01,668.4444444444445,1.0,0.9169188007980756,0.0,6.129092784001359,0.001288,47.58612409938944,3.6976542881416634
MT,2016-12-01,717.3333333333333,1.0,0.8960405041619744,0.0,6.427597216521896,0.001288,49.90370509721969,4.520733324423944
MT,2017-01-01,743.1111111111111,1.0,0.8994926335387714,0.0,6.684229703452559,0.001288,51.89619334978695,4.5690128812009405
MT,2017-02-01,786.6666666666666,1.0,0.911972634944929,0.0,7.174184728233441,0.001288,55.70019198939007,6.106513092769326
MT,2017-03-01,813.3333333333333,1.0,0.9287307572657288,0.0,7.5536768257612605,0.001288,58.64655920622097,6.714914184370315
MT,2017-04-01,824.0,1.0,0.9345661888853793,0.0,7.700825396415525,0.001288,59.78901705291557,6.281932006004098
MT,2017-05-01,835.5555555555555,1.0,0.9390581117859473,0.0,7.846352222922581,0.001288,60.918883718343025,6.001164420930088
MT,2017-06-01,849.7777777777777,1.0,0.9409442424817106,0.0,7.995935073889025,0.001288,62.08024125690237,6.25762120554031
MT,2017-07-01,859.5555555555555,1.0,0.9442362348036298,0.0,8.1162350138232,0.001288,63.01424700173292,5.527681368203666
MT,2017-08-01,883.5555555555555,1.0,0.9456820115326815,0.0,8.355625950786537,0.001288,64.87287228871536,6.331127533337444
MT,2017-09-01,902.2222222222222,1.0,0.9471210395764738,0.0,8.545136490401074,0.001288,66.34422740994623,6.710520744665118
MT,2017-10-01,915.5555555555555,1.0,0.9476401531146774,0.0,8.676172068516601,0.001288,67.36158438289287,6.704107696250432
MT,2017-11-01,894.2222222222222,1.0,0.9476401531146774,0.0,8.474008835852137,0.001288,65.79199406717498,4.602852228111409
MT,2017-12-01,912.8888888888888,1.0,0.9462158500131637,0.0,8.637899359675725,0.001288,67.06443602232706,5.279119809090723
MT,2018-01-01,919.1111111111111,1.0,0.9485993932896537,0.0,8.718682423657794,0.001288,67.6916337240512,5.3443757165209504
MT,2018-02-01,923.5555555555555,1.0,0.9516509779104905,0.0,8.789025475991108,0.001288,68.23777543471357,4.932192680354241
MT,2018-03-01,951.1111111111111,1.0,0.9550833333010272,0.0,9.083903703396437,0.001288,70.52720266612141,6.427164963940555
MT,2018-04-01,954.6666666666666,1.0,0.956111338796193,0.0,9.127676247707656,0.001288,70.86705161263708,6.080605201645952
MT,2018-05-01,969.7777777777777,1.0,0.9595776104585174,0.0,9.30577042675771,0.001288,72.24977039408161,6.618346201412308
MT,2018-06-01,984.8888888888888,1.0,0.9637829355926283,0.0,9.49219104565895,0.001288,73.69713544766266,7.057164248989139
MT,2018-07-01,975.1111111111111,1.0,0.9637829355926283,0.0,9.397954491956561,0.001288,72.96548518599815,5.602129396775496
MT,2018-08-01,982.2222222222222,1.0,0.9680927107173894,0.0,9.50882173637969,0.001288,73.82625571723362,5.6293056056450865
MT,2018-09-01,984.0,1.0,0.9713635939118104,0.0,9.558217764092214,0.001288,74.20976524916315,5.099407808731058
MT,2018-10-01,1008.0,1.0,0.9834871839514129,0.0,9.913550814230241,0.001288,76.96856222228449,6.474487648731852
MT,2018-11-01,1024.0,1.0,0.9912805135254715,0.0,10.150712458500829,0.001288,78.80987933618655,7.235844392647181
MT,2018-12-01,1025.7777777777778,1.0,0.9931260608025165,0.0,10.187266437032036,0.001288,79.09368351732948,6.330220717411777
MT,2019-01-01,1028.4444444444443,1.0,0.9935255532610311,0.0,10.217858356649003,0.001288,79.33119842118792,5.973793051729231
MT,2019-02-01,1029.3333333333333,1.0,0.9932055028324073,0.0,10.223395309154911,0.001288,79.37418718287975,5.9112830628588995
MT,2019-03-01,1035.5555555555554,1.0,0.9908502441047875,0.0,10.26080475006291,0.001288,79.66463315266235,5.953407544827996
MT,2019-04-01,1036.4444444444443,1.0,0.9890577462604925,0.0,10.251034063464303,0.001288,79.58877378466075,5.97886504891332
MT,2019-05-01,1036.4444444444443,1.0,0.9869958185213572,0.0,10.229663327963577,0.001288,79.42285192518305,6.241746262629732
MT,2019-06-01,1051.5555555555554,1.0,0.9765620112384122,0.0,10.269092082622592,0.001288,79.72897579675926,7.243987948290666
MT,2019-07-01,1043.5555555555554,1.0,0.9760683724529294,0.0,10.185815726753235,0.001288,79.08242023876736,7.269039719710932
MT,2019-08-01,1051.5555555555554,1.0,0.9618469295082153,0.0,10.114354823184165,0.001288,78.52759955888327,8.025878934480517
MT,2019-09-01,1014.2222222222222,1.0,0.9618469295082153,0.0,9.755265302834433,0.001288,75.73963744436672,6.5464846530446295
MT,2019-10-01,1021.3333333333333,1.0,0.9496832307948225,0.0,9.699431397184453,0.001288,75.30614438807805,7.330929999669493
MT,2019-11-01,1023.1111111111111,1.0,0.9428547946417217,0.0,9.646452165623304,0.001288,74.8948149504915,7.793127631386682
MT,2019-12-01,1024.888888888889,1.0,0.936184044305017,0.0,9.594846249632752,0.001288,74.4941479008754,8.25702210960955
MT,2020-01-01,1024.888888888889,1.0,0.9305858645596309,0.0,9.537471127442261,0.001288,74.04868887765731,8.735911726695477
MT,2020-02-01,1039.111111111111,1.0,0.9131511065353393,0.0,9.488654609242769,0.001288,73.6696786431892,9.475805383025829
MT,2020-03-01,1065.7793333333332,1.0,0.890553091159047,0.0,9.491330797934282,0.001288,73.69045650570095,12.976706419371581
MT,2020-04-01,1111.1195555555555,1.0,0.8628659966206242,0.0,9.587472826691094,0.001288,74.436900828347,10.615175516404115
MT,2020-05-01,1173.347,1.0,0.8399704457341955,0.0,9.85576802590881,0.001288,76.51993808935411,9.9664367268076
MT,2020-06-01,1166.235888888889,1.0,0.8394732809392018,0.0,9.79023867994602,0.001288,76.0111698753573,12.701499485097344
MT,2020-07-01,1166.235888888889,1.0,0.8368007571797162,0.0,9.759070748723817,0.001288,75.76918283170666,13.153790949945694
MT,2020-08-01,1168.9026666666666,1.0,0.8321378076215924,0.0,9.72688102363033,0.001288,75.51926260582555,14.152284011321719
MT,2020-09-01,1280.0263333333332,1.0,0.7829651000380728,0.0,10.022159461297008,0.001288,77.81179705975939,17.95054701048374
MT,2020-10-01,1280.9153333333334,1.0,0.778053457745764,0.0,9.96620604179568,0.001288,77.37737610089813,20.267014723605563
MT,2020-11-01,1310.2511111111112,1.0,0.7607426429981389,0.0,9.967638932579149,0.001288,77.38850102934121,23.449347926295083
MT,2020-12-01,1311.140111111111,1.0,0.7549527932446973,0.0,9.898488892184961,0.001288,76.85162183373417,25.8449168117559
MT,2021-01-01,1314.6961111111111,1.0,0.7482843970932518,0.0,9.837665868636206,0.001288,76.37939339003266,27.860073932325406
MT,2021-02-01,1328.9193333333333,1.0,0.7378764684683267,0.0,9.805783045592829,0.001288,76.1318559440437,29.707186648922708
MT,2021-03-01,1345.809888888889,1.0,0.7255134463393318,0.0,9.764031706053311,0.001288,75.80769958115926,31.31819072220653
MT,2021-04-01,1349.3654444444444,1.0,0.7195264704109574,0.0,9.709041555356238,0.001288,75.3807574173621,33.00911676187162
MT,2021-05-01,1388.4782222222223,1.0,0.7031281697813055,0.0,9.76278151172312,0.001288,75.79799310344036,34.392617620341106
MT,2021-06-01,1390.2562222222223,1.0,0.6985923880570131,0.0,9.712224142933437,0.001288,75.40546694824097,35.42071343779416
MT,2021-07-01,1437.3690000000001,1.0,0.682041065091631,0.0,9.803446836896926,0.001288,76.11371767777116,37.83221030326651
MT,2021-08-01,1407.1513333333332,1.0,0.667068406152585,0.0,9.386661971421514,0.001288,72.87781033712356,37.098516338551285
MT,2021-09-01,1435.598,1.0,0.6597303459292589,0.0,9.471075651553523,0.001288,73.53319605243419,39.329744566611346
MT,2021-10-01,1498.7132222222222,1.0,0.6535244050236433,0.0,9.794456668538452,0.001288,76.04391823399419,42.27756951165104
MT,2021-11-01,1588.4975555555554,1.0,0.6454406184011936,0.0,10.252808445865622,0.001288,79.60255004554054,46.39831223635029
MT,2021-12-01,1676.5027777777777,1.0,0.6372940664407645,0.0,10.684252726492373,0.001288,82.95227272121407,50.09006777578861
MT,2022-01-01,1692.5047777777777,1.0,0.6384474802631571,0.0,10.805754107055769,0.001288,83.89560642124044,49.54547263430029
MT,2022-02-01,1736.0644444444442,1.0,0.654605404884317,0.0,11.364371685608221,0.001288,88.23269942242408,50.047633491235906
MT,2022-03-01,1787.623222222222,1.0,0.6738158138708982,0.0,12.045287963761838,0.001288,93.51931648883415,51.07026660429162
MT,2022-04-01,1795.6233333333332,1.0,0.6855705631475406,0.0,12.310264998341973,0.001288,95.57659160203396,46.48236384803675
MT,2022-05-01,1786.7342222222223,1.0,0.6886351792525895,0.0,12.304080413967363,0.001288,95.52857464260374,40.87770272657387
MT,2022-06-01,1797.4009999999998,1.0,0.7132004968804632,0.0,12.819072862934412,0.001288,99.52696322154047,36.08888758882149
MT,2022-07-01,1795.6224444444442,1.0,0.7271862648396838,0.0806451612903225,11.609437167891128,0.001288,90.13538173828516,40.23496037705432
MT,2022-08-01,1789.4003333333333,1.0,0.7343805207645098,0.5,4.19400581982854,0.001288,32.56215698624643,89.99302728962063
MT,2022-09-01,1795.6226666666666,1.0,0.7620038646598998,0.925,-2.9267955519575173,0.001288,-22.723567949980726,140.41947170959946
MT,2022-10-01,1801.845,1.0,0.7945329014749709,1.25,-8.20681114141831,0.001288,-63.71747780604278,176.8516801829386
MT,2022-11-01,1810.734,1.0,0.827085220680695,1.975,-20.785683200159628,0.001288,-161.3795279515499,263.6029130782574
MT,2022-12-01,1813.4007777777776,1.0,0.8522100007125692,2.177419354838709,-24.031356734907284,0.001288,-186.5788566374789,284.20277006345225
MT,2023-01-01,1823.1785555555555,1.0,0.8873137996348889,2.5,-29.402148973460406,0.001288,-228.27755414177335,319.4191713960402
MT,2023-02-01,1825.8452222222222,1.0,0.9125024502575206,2.875,-35.83216774820124,0.001288,-278.20006015684197,359.8548897921842
MT,2023-03-01,1827.623,1.0,0.9359521451004716,3.161290322580645,-40.67079235940847,0.001288,-315.76702142397886,388.0357438625994
MT,2023-04-01,1828.511888888889,1.0,0.9580362156373241,3.5,-46.480110008321454,0.001288,-360.870419319266,422.9029711263492
MT,2023-05-01,1827.623,1.0,0.9777176979276962,3.6774193548387095,-49.34036841308677,0.001288,-383.0773945115433,439.9861238193496
MT,2023-06-01,1828.511888888889,1.0,1.0005672436912927,3.8333333333333335,-51.7974647335176,0.001288,-402.1542292974969,453.67330720845604
MT,2023-07-01,1816.955888888889,1.0,1.0054138762785325,4.0,-54.41030892280671,0.001288,-422.440286667754,460.03267475321707
MT,2023-08-01,1816.955888888889,1.0,1.027641834046838,4.241935483870968,-58.402297756661135,0.001288,-453.4339887939529,484.11506696243424
MT,2023-09-01,1816.955888888889,1.0,1.0509858566533556,4.341666666666667,-59.790218762073444,0.001288,-464.20977299746465,489.06159424696654
MT,2023-10-01,1816.955888888889,1.0,1.0761575296465293,4.5,-62.209707391366194,0.001288,-482.9946226037748,496.5279365274872
MT,2023-11-01,1803.6225555555554,1.0,1.0829465924929487,4.5,-61.63074599317687,0.001288,-478.49958069236703,492.67427637521
MT,2023-12-01,1803.6225555555554,1.0,1.1007462917144153,4.5,-61.30970660319745,0.001288,-476.0070388447007,489.3973809249072
MT,2024-01-01,1804.5115555555553,1.0,1.1199678582411496,4.5,-60.99307057953038,0.001288,-473.5486846236831,482.07408742284207
MT,2024-02-01,1805.4005555555555,1.0,1.1403221009223545,4.5,-60.65564345482503,0.001288,-470.92890881075334,475.36158243225464
MT,2024-03-01,1807.1785555555555,1.0,1.161190418427562,4.5,-60.33825076901127,0.001288,-468.46467988362787,468.11903515376054
MT,2024-04-01,1807.1785555555555,1.0,1.1803859849707312,4.5,-59.99135260682572,0.001288,-465.77137117100716,459.1776934413145
MT,2024-05-01,1808.0675555555554,1.0,1.20137808265013,4.5,-59.64131266804758,0.001288,-463.05366978297815,454.47904670771396
MT,2024-06-01,1808.9565555555555,1.0,1.222462993994368,4.341666666666667,-56.42503931793521,0.001288,-438.0826034001181,426.07127386030214
MT,2024-07-01,1797.4012222222223,1.0,1.2306184529121391,4.25,-54.27040083090946,0.001288,-421.35404371824114,408.88622120439896
MT,2024-08-01,1798.2902222222222,1.0,1.24936750130398,4.25,-53.960080828872876,0.001288,-418.9447269322428,404.442406770498
MT,2024-09-01,1799.179222222222,1.0,1.2665794420305487,3.99,-48.99921681271488,0.001288,-380.428701962072,370.00550820612995
MT,2024-10-01,1758.2873333333332,1.0,1.2679007303222052,3.577419354838709,-40.60797343584792,0.001288,-315.2792968621733,323.5383742865149
MT,2024-11-01,1752.954,1.0,1.2784896671343446,3.4,-37.18910024038182,0.001288,-288.73525031352347,299.22746260288454
MT,2024-12-01,1752.954,1.0,1.2930196643403102,3.287096774193548,-34.955254460256725,0.001288,-271.3917271759063,282.5508470868372
MT,2025-01-01,1752.954,1.0,1.3098765535760086,3.0,-29.627086559027212,0.001288,-230.02396396760258,248.5577959075029
MT,2025-02-01,1752.954,1.0,1.3258620333302424,2.7857142857142856,-25.59053845225618,0.001288,-198.68430475354177,221.96917339897993
MT,2025-03-01,1752.954,1.0,1.343654523629405,2.588709677419355,-21.825244120567078,0.001288,-169.45065310999286,196.72791667584357
MT,2025-04-01,1752.954,1.0,1.3593941913706062,2.433333333333333,-18.8256591466013,0.001288,-146.16194989597284,176.98018710629043
MT,2025-05-01,1752.954,1.0,1.3755803369015713,2.25,-15.32817446107043,0.001288,-119.0075656915406,155.67362920644592
MT,2025-06-01,1752.954,1.0,1.391331250407465,2.083333333333333,-12.130478192732319,0.001288,-94.18073131003354,136.71800244810674
MT,2025-07-01,1720.9514444444444,1.0,1.3924389549072052,2.0,-10.455830581406214,0.001288,-81.17880886184949,124.49788719970334
MT,2025-08-01,1720.9514444444444,1.0,1.409324122984739,2.0,-10.165245037479023,0.001288,-78.92270991831539,122.52610281282556
MT,2025-09-01,1720.9514444444444,1.0,1.4262609282769554,2.0,-9.873770842159884,0.001288,-76.65971150745251,119.98563281292381
MT,2025-10-01,1720.9514444444444,1.0,1.442267099004241,2.0,-9.598312415828419,0.001288,-74.52105912910262,116.57721465302596
MT,2025-11-01,1679.1725555555554,1.0,1.4419392153592483,2.0,-9.370803539005495,0.001288,-72.75468586184391,114.25174661723355
MT,2025-12-01,1679.1725555555554,1.0,1.4604109511277654,2.0,-9.060631221445815,0.001288,-70.34651569445509,112.59543336652746
MT,2026-01-01,1679.1725555555554,1.0,1.4782818210829893,2.0,-8.760548477718672,0.001273,-68.81813415332813,111.690242721166
MT,2026-02-01,1679.1725555555554,1.0,1.4950827209145638,2.0,-8.478432378660495,0.001273,-66.60198255035738,109.58266211654515
MT,2026-03-01,1679.1725555555554,1.0,1.514728554303566,2.0,-8.1485449360822,0.001273,-64.0105650909835,107.10683485164921
MT,2026-04-01,1679.1725555555554,1.0,1.5352190566362547,2.0,-7.804474044416221,0.001273,-61.3077301211015,104.33537766882897
MT,2026-05-01,1679.1725555555554,1.0,1.55614561447306,2.0,-7.453081028398124,0.001273,-58.54737649959249,101.20585565576694
MT,2026-06-01,1679.1725555555554,1.0,1.5767941392138982,2.1166666666666667,-9.06539131597102,0.001273,-71.21281473661446,108.17260777203055
MT,2026-07-01,1655.171,1.0,1.5775324117560856,2.25,-11.130488505012682,0.001273,-87.435102160351,114.19783683893698
MT,2026-08-01,1655.171,1.0,1.598216134633355,2.25,-10.788137522227753,0.001273,-84.74577786510412,111.92767256287127
NL,2015-03-01,2210.6666666666665,1.0,-0.05654876060202946,0.05,-2.3554379343755314,0.059077,-0.3987064228677034,-1.645543616387751
NL,2015-04-01,4456.888888888889,1.0,-0.0282106714198014,0.05,-3.4857627244345264,0.059077,-0.5900371928897077,-3.3933967000742147
NL,2015-05-01,6827.555555555555,1.0,0.05827629904843607,0.05,0.5650689154758883,0.059077,0.09564956166966643,-5.6466728021932715
NL,2015-06-01,9194.666666666666,1.0,0.13569971066348968,0.05,7.879802729805664,0.059077,1.3338190378329406,-8.07992915806544
NL,2015-07-01,11556.444444444443,1.0,0.16045132312823832,0.05,12.764245795468678,0.059077,2.160611709373983,-10.284279555078975
NL,2015-08-01,13523.555555555555,1.0,0.16358546471792823,0.05,15.360793424164976,0.059077,2.6001309179824594,-11.93398187226443
NL,2015-09-01,15837.333333333332,1.0,0.16574431462409883,0.05,18.33081292140061,0.059077,3.102867938690287,-13.940189022683029
NL,2015-10-01,18256.0,1.0,0.15148076894284607,0.05,18.526329178205977,0.059077,3.135963095317294,-16.666444799298613
NL,2015-11-01,20818.666666666664,1.0,0.1297645183767438,0.05,16.605909199126366,0.059077,2.810892428377603,-19.708818818664955
NL,2015-12-01,22766.222222222223,1.0,0.11831414686611481,0.05,15.552550484754956,0.059077,2.6325897531619677,-21.482416244543295
NL,2016-01-01,25290.666666666664,1.0,0.09594618205803625,0.05,11.620095750357752,0.059077,1.9669407299554398,-24.18127530577936
NL,2016-02-01,27774.22222222222,1.0,0.06223089116220699,0.05,3.397034891149506,0.059077,0.5750181781657,-27.4386750769595
NL,2016-03-01,30226.666666666664,1.0,0.031249678872034514,0.0241935483870967,2.1328330412472027,0.059077,0.36102595616690125,-30.19646308446217
NL,2016-04-01,33981.33333333333,1.0,0.010849508033276807,0.0,3.686807489814569,0.059077,0.6240681635517322,-33.26930761434299
NL,2016-05-01,37852.444444444445,1.0,-0.002639781168446288,0.0,-0.9992217002410376,0.059077,-0.16913886965164746,-36.527441111340465
NL,2016-06-01,41213.33333333333,1.0,-0.017177116739317905,0.0,-7.079262378830885,0.059077,-1.1983110819491316,-39.84620578908075
NL,2016-07-01,44621.33333333333,1.0,-0.04239032057578756,0.0,-18.91512624519075,0.059077,-3.2017750131507605,-42.76748422879591
NL,2016-08-01,47212.444444444445,1.0,-0.06068567582661038,0.0,-28.65119098537408,0.059077,-4.849804659236941,-44.83645753571835
NL,2016-09-01,50627.555555555555,1.0,-0.0806142214142058,0.0,-40.8130097321556,0.059077,-6.908443172834707,-47.51808973031331
NL,2016-10-01,54179.555555555555,1.0,-0.0924730104897892,0.0,-50.10146609221006,0.059077,-8.480705874064366,-50.166689008493535
NL,2016-11-01,57584.88888888888,1.0,-0.0923799328679222,0.0,-53.19688169762314,0.059077,-9.004668770862288,-52.89313858211006
NL,2016-12-01,60288.0,1.0,-0.09511870105512663,0.0,-57.34516249211474,0.059077,-9.706850803547022,-55.08982257634277
NL,2017-01-01,63862.22222222222,1.0,-0.09604483950414966,0.0,-61.33636883711672,0.059077,-10.38244474789118,-57.709625216477185
NL,2017-02-01,67262.22222222222,1.0,-0.09912074388871393,0.0,-66.67081502274652,0.059077,-11.285409723368913,-60.87908861998966
NL,2017-03-01,70701.33333333333,1.0,-0.1017021678939535,0.0,-71.90478872993037,0.059077,-12.171367660837614,-64.10301268268827
NL,2017-04-01,73347.55555555555,1.0,-0.1012967839609656,0.0,-74.29871489176033,0.059077,-12.576589009557074,-66.08367405646854
NL,2017-05-01,75696.0,1.0,-0.09807863201210788,0.0,-74.24160128788519,0.059077,-12.56692135482255,-67.48464065223548
NL,2017-06-01,78051.55555555555,1.0,-0.09792269645842343,0.0,-76.43018782774439,0.059077,-12.937384739872435,-68.7600047912345
NL,2017-07-01,80449.77777777777,1.0,-0.0915261553750441,0.0,-73.63258860776658,0.059077,-12.46383340517741,-69.95039903870666
NL,2017-08-01,82382.22222222222,1.0,-0.09115840609991711,0.0,-75.0983206874695,0.059077,-12.711938772698257,-71.25368352807617
NL,2017-09-01,84692.44444444444,1.0,-0.0918778161349464,0.0,-77.8135683868583,0.059077,-13.171550415027555,-72.80525708030866
NL,2017-10-01,86980.44444444444,1.0,-0.09262221976168242,0.0,-80.56321840302141,0.059077,-13.636985358603416,-74.29446204524585
NL,2017-11-01,89257.77777777777,1.0,-0.09576530344753707,0.0,-85.47798173941719,0.059077,-14.468910360955563,-75.65805220001914
NL,2017-12-01,91362.66666666666,1.0,-0.09771270078285561,0.0,-89.27292910723776,0.059077,-15.111283427939428,-76.89659964117577
NL,2018-01-01,92300.44444444444,1.0,-0.09521668721669149,0.0,-87.88542548628277,0.059077,-14.876419839579324,-77.22367784710957
NL,2018-02-01,93298.66666666666,1.0,-0.08993895096280353,0.0,-83.91184206228284,0.059077,-14.203808937874781,-77.5093916922341
NL,2018-03-01,94243.55555555555,1.0,-0.08733892459207904,0.0,-82.31130791956076,0.059077,-13.9328855425226,-78.03292324470345
NL,2018-04-01,95390.22222222222,1.0,-0.08231695204826052,0.0,-78.52232348539582,0.059077,-13.291521824973477,-78.0779682359646
NL,2018-05-01,96433.77777777777,1.0,-0.07855522578875121,0.0,-75.75377186995591,0.059077,-12.822887396102699,-78.454311588772
NL,2018-06-01,97574.22222222222,1.0,-0.07724966473377975,0.0,-75.3757595332599,0.059077,-12.758901016175482,-79.398872214849
NL,2018-07-01,98215.11111111111,1.0,-0.07685807846516131,0.0,-75.48624716242314,0.059077,-12.777603324885003,-80.14095911410766
NL,2018-08-01,99343.11111111111,1.0,-0.07634830518930463,0.0,-75.8467816556611,0.059077,-12.838631219537401,-81.03558133112594
NL,2018-09-01,101011.55555555555,1.0,-0.07364537038358082,0.0,-74.39033421910538,0.059077,-12.592097469252904,-81.702454909685
NL,2018-10-01,101456.88888888889,1.0,-0.07187444902693699,0.0,-72.92157988876055,0.059077,-12.343480523513474,-82.83755509706612
NL,2018-11-01,101819.55555555555,1.0,-0.07127838033834975,0.0,-72.5753300677062,0.059077,-12.284870604077087,-83.85890554761646
NL,2018-12-01,102384.88888888888,1.0,-0.07185101093639058,0.0,-73.56457771276689,0.059077,-12.45232115929497,-85.21578395921267
NL,2019-01-01,99850.66666666666,1.0,-0.07185101093639058,0.0,-71.74371342672556,0.059077,-12.144102345536428,-85.50150771499511
NL,2019-02-01,100154.66666666666,1.0,-0.07385340047975494,0.0,-73.96762707249697,0.059077,-12.520545571457076,-85.98344969147793
NL,2019-03-01,100387.55555555555,1.0,-0.07651164681420715,0.0,-76.80817195208265,0.059077,-13.001366344276562,-86.71259195211091
NL,2019-04-01,101320.88888888889,1.0,-0.07948080910792392,0.0,-80.53066228422948,0.059077,-13.631474564420921,-87.24138330016835
NL,2019-05-01,101915.55555555555,1.0,-0.08347072182938495,0.0,-85.06964987865005,0.059077,-14.399791776605117,-87.58089743915843
NL,2019-06-01,101832.88888888889,1.0,-0.08750262235834788,0.0,-89.10644820104044,0.059077,-15.083103102906449,-87.56809095137504
NL,2019-07-01,99145.77777777777,1.0,-0.08750262235834788,0.0,-86.75515551313566,0.059077,-14.685098348449593,-86.49847886750601
NL,2019-08-01,99112.0,1.0,-0.09465021972363041,0.0,-93.80972577248458,0.059077,-15.879229780199498,-86.38095040460225
NL,2019-09-01,99586.66666666666,1.0,-0.10382346123814393,0.0,-103.39432426502626,0.059077,-17.501620641709337,-86.69477343303143
NL,2019-10-01,101002.66666666666,1.0,-0.11527533327966623,0.0,-116.43116062135033,0.059077,-19.708373922397943,-87.6835883108065
NL,2019-11-01,101470.22222222222,1.0,-0.12068677708805499,0.0,-122.46114090408737,0.059077,-20.72907238080596,-87.83075969991077
NL,2019-12-01,102010.66666666666,1.0,-0.12570771414955273,0.0,-128.2352772553864,0.059077,-21.706463980125328,-87.94358977139117
NL,2020-01-01,98571.55555555555,1.0,-0.12570771414955273,0.0,-123.91204929054533,0.059077,-20.974668532685364,-86.2874456836472
NL,2020-02-01,98694.22222222222,1.0,-0.13100744995085922,0.0,-129.29678378216755,0.059077,-21.88614584054159,-86.08001910070496
NL,2020-03-01,99973.41244444443,1.0,-0.14017837707811137,0.0,-140.14110707422884,0.059077,-23.721771090987836,-84.43552117731721
NL,2020-04-01,104736.50977777777,1.0,-0.15907933904893268,0.0,-166.61414749740962,0.059077,-28.20287886951091,-92.02460418145381
NL,2020-05-01,110786.04322222222,1.0,-0.18634644798926436,0.0,-206.44585641246226,0.059077,-34.94521665156698,-101.49871801411349
NL,2020-06-01,116808.91022222221,1.0,-0.21064052512845208,0.0,-246.046901888911,0.059077,-41.64850989199029,-104.95818028225024
NL,2020-07-01,118396.96388888889,1.0,-0.22618062790773272,0.0,-267.79099634758046,0.059077,-45.32914608859293,-107.94453797035389
NL,2020-08-01,121536.871,1.0,-0.2413690566357524,0.0,-293.3523989973113,0.059077,-49.655940382435006,-111.02291897693883
NL,2020-09-01,126125.755,1.0,-0.26152369954379634,0.0,-329.8487405535447,0.059077,-55.83369848732073,-115.69494853659637
NL,2020-10-01,131248.86111111112,1.0,-0.2850545886065204,0.0,-374.13090109102114,0.059077,-63.32936694331485,-120.43972832060743
NL,2020-11-01,136103.52277777778,1.0,-0.30643592279992277,0.0,-417.07008598728646,0.059077,-70.59770908937259,-124.53686219241871
NL,2020-12-01,140030.98555555556,1.0,-0.3234571110315885,0.0,-452.9401804270609,0.059077,-76.66946196101036,-127.67616698298863
NL,2021-01-01,143127.32844444443,1.0,-0.3365867225921063,0.0,-481.74758394479505,0.059077,-81.54570881134707,-130.06502826905432
NL,2021-02-01,146473.4578888889,1.0,-0.34784795048845313,0.0,-509.5049212760675,0.059077,-86.24421031468549,-132.66887960980648
NL,2021-03-01,150916.5581111111,1.0,-0.360588168387361,0.0,-544.1872526861029,0.059077,-92.11490981026505,-136.60441866921778
NL,2021-04-01,156440.62433333334,1.0,-0.37414519287350434,0.0,-585.3150756444644,0.059077,-99.07664161085776,-141.44828226634826
NL,2021-05-01,161321.116,1.0,-0.3827650173606766,0.0,-617.4807976638372,0.059077,-104.52135309237727,-145.92672857547652
NL,2021-06-01,166243.35933333333,1.0,-0.39132681463526015,0.0,-650.5548426217828,0.059077,-110.11981695444636,-150.1045704648932
NL,2021-07-01,167329.21622222223,1.0,-0.40107158142143345,0.0,-671.1099336825564,0.059077,-113.59918981711265,-151.8806971916173
NL,2021-08-01,171081.61,1.0,-0.4121763532339636,0.0,-705.157941151952,0.059077,-119.36251691046463,-155.1418109090369
NL,2021-09-01,175786.9281111111,1.0,-0.4205535527663498,0.0,-739.278171470107,0.059077,-125.13806920969363,-159.34152069551646
NL,2021-10-01,180031.76811111113,1.0,-0.4229858719137357,0.0,-761.5089440664982,0.059077,-128.9010857129675,-162.66743443531067
NL,2021-11-01,184357.49944444443,1.0,-0.427073542325948,0.0,-787.3421034209288,0.059077,-133.27388043078165,-166.47811823997188
NL,2021-12-01,187793.36577777777,1.0,-0.4306401447501144,0.0,-808.713622216534,0.059077,-136.89145051653503,-169.75365546196048
NL,2022-01-01,184435.09933333332,1.0,-0.431810203312159,0.0,-796.4095774102491,0.059077,-134.80873731067067,-169.1588710976108
NL,2022-02-01,185140.8801111111,1.0,-0.42508757836202965,0.0,-787.0108838224708,0.059077,-133.2178146863366,-171.40288061752477
NL,2022-03-01,187284.13033333333,1.0,-0.41316411909274314,0.0,-773.7908272922217,0.059077,-130.9800476145068,-173.4290974990493
NL,2022-04-01,190768.60944444445,1.0,-0.38151974041604303,0.0,-727.8199035477394,0.059077,-123.19852117537101,-172.29274892936823
NL,2022-05-01,193246.90288888887,1.0,-0.3525862713819801,0.0,-681.3620494570893,0.059077,-115.33457173808576,-169.9854436541156
NL,2022-06-01,194950.06588888887,1.0,-0.31401733920529534,0.0,-612.1770096832589,0.059077,-103.6235776500599,-167.06165328277888
NL,2022-07-01,188802.97144444444,1.0,-0.31207822438225474,0.0806451612903225,-741.4734217070514,0.059077,-125.50966056283349,-175.41008192406434
NL,2022-08-01,187560.15955555555,1.0,-0.3025930508538114,0.5,-1505.3448067632096,0.059077,-254.81063811012908,-197.37976780675487
NL,2022-09-01,190646.5412222222,1.0,-0.24124025275858785,0.925,-2223.39670422555,0.059077,-376.3557229083315,-213.2126832487513
NL,2022-10-01,192232.37544444442,1.0,-0.19355329680472722,1.25,-2774.976793254318,0.059077,-469.72202265760245,-229.15286466862108
NL,2022-11-01,194060.06222222222,1.0,-0.14464411600570642,1.975,-4113.382690410346,0.059077,-696.2748092168434,-271.2923681870361
NL,2022-12-01,196333.14344444446,1.0,-0.08788843384183703,2.177419354838709,-4447.54999020835,0.059077,-752.8395128744436,-282.05788617351243
NL,2023-01-01,190879.48766666665,1.0,-0.08718387963555654,2.5,-4938.40333444294,0.059077,-835.9265593112277,-288.22983377341416
NL,2023-02-01,190152.24599999998,1.0,-0.06407479987393018,2.875,-5588.716743580283,0.059077,-946.0055086717814,-307.9505587227552
NL,2023-03-01,190537.95755555556,1.0,-0.028120744014977245,3.161290322580645,-6077.038704342159,0.059077,-1028.6640662765813,-324.861300990003
NL,2023-04-01,190954.00388888887,1.0,0.006960717061915941,3.5,-6670.098368182005,0.059077,-1129.0516390781531,-345.27824863253795
NL,2023-05-01,191549.5508888889,1.0,0.04389922154146117,3.6774193548387095,-6959.991496788235,0.059077,-1178.122026641203,-355.05850831031023
NL,2023-06-01,192352.2971111111,1.0,0.08513991557971828,3.8333333333333335,-7209.736139216544,0.059077,-1220.396455340749,-364.56891883479614
NL,2023-07-01,184125.29877777776,1.0,0.08422001737919778,4.0,-7209.941592480966,0.059077,-1220.4312325407461,-337.9582711197751
NL,2023-08-01,185136.98077777776,1.0,0.129314402907409,4.241935483870968,-7613.982500126341,0.059077,-1288.8234846262235,-351.27442886983636
NL,2023-09-01,184731.6222222222,1.0,0.154330953921004,4.341666666666667,-7735.333190045512,0.059077,-1309.3645902881854,-356.09322304375416
NL,2023-10-01,187674.21222222224,1.0,0.23248544334117183,4.5,-8009.024325678114,0.059077,-1355.6924565699196,-376.1698974386576
NL,2023-11-01,188087.6098888889,1.0,0.2677283151757277,4.5,-7960.378655990184,0.059077,-1347.4581742455073,-376.28431717793023
NL,2023-12-01,189323.31988888886,1.0,0.30425983316320987,4.5,-7943.514577767015,0.059077,-1344.6035813881908,-379.19916161858293
NL,2024-01-01,180545.07777777777,1.0,0.3043729937234191,4.5,-7574.998041747503,0.059077,-1282.2245614617368,-326.60178941521167
NL,2024-02-01,179876.54977777775,1.0,0.3208708490400349,4.5,-7517.273327504122,0.059077,-1272.4534637006147,-326.16297245760677
NL,2024-03-01,179691.63777777777,1.0,0.3435781429680152,4.5,-7468.742507854298,0.059077,-1264.2386221125478,-327.6549070751594
NL,2024-04-01,179899.66377777775,1.0,0.37203708631811755,4.5,-7426.191402585064,0.059077,-1257.0359704428226,-332.086905830501
NL,2024-05-01,181334.50977777777,1.0,0.4185501228111852,4.5,-7401.077126626051,0.059077,-1252.7848615579753,-335.2521450672832
NL,2024-06-01,180838.51722222223,1.0,0.43945144397110386,4.341666666666667,-7056.708147542493,0.059077,-1194.4933133948055,-330.3394361343852
NL,2024-07-01,173389.31122222223,1.0,0.4392667834678335,4.25,-6607.404076661557,0.059077,-1118.4393379253443,-288.19907300270415
NL,2024-08-01,171755.3292222222,1.0,0.45199522324494307,4.25,-6523.275608191374,0.059077,-1104.1988605026277,-280.81172679988686
NL,2024-09-01,171134.84344444444,1.0,0.46563124566532915,3.99,-6031.422950135557,0.059077,-1020.9426596028161,-270.50844943461414
NL,2024-10-01,170670.79522222222,1.0,0.48120357238983597,3.577419354838709,-5284.336097701442,0.059077,-894.4828101801787,-255.66513903149053
NL,2024-11-01,170240.53966666665,1.0,0.49753916526491737,3.4,-4941.164988666642,0.059077,-836.3940262143714,-248.43131329796336
NL,2024-12-01,170659.25866666666,1.0,0.5211907401802588,3.287096774193548,-4720.27473306368,0.059077,-799.003797258439,-245.06122299569552
NL,2025-01-01,169001.28455555555,1.0,0.5339190607604141,3.0,-4167.708465494609,0.059077,-705.4705664631937,-226.8888065880882
NL,2025-02-01,167609.99955555555,1.0,0.5469899205202625,2.7857142857142856,-3752.325898551816,0.059077,-635.1585047568116,-214.50502660428987
NL,2025-03-01,166940.58255555556,1.0,0.5622400041192598,2.588709677419355,-3383.0002779188426,0.059077,-572.6425305819257,-206.46396079608928
NL,2025-04-01,165164.44155555556,1.0,0.5680973329481939,2.433333333333333,-3080.7066237292956,0.059077,-521.4730984527473,-198.33096145048404
NL,2025-05-01,164170.5801111111,1.0,0.5779627393083866,2.25,-2744.993270551353,0.059077,-464.64669339190425,-189.96549849391772
NL,2025-06-01,164170.5801111111,1.0,0.598205147457418,2.083333333333333,-2438.14355814611,0.059077,-412.7060544960154,-181.8073207378751
NL,2025-07-01,155595.98377777776,1.0,0.5978630319442819,2.0,-2181.6688093581997,0.059077,-369.2924165679029,-163.61572050635004
NL,2025-08-01,155595.98377777776,1.0,0.6183700496562328,2.0,-2149.760713405807,0.059077,-363.8913136086475,-162.44250087750657
NL,2025-09-01,155307.08433333333,1.0,0.6356244090929043,2.0,-2118.971949593498,0.059077,-358.6796806868151,-162.0343363664388
NL,2025-10-01,155307.08433333333,1.0,0.6554108555587015,2.0,-2088.242196494293,0.059077,-353.47803654455925,-162.37976276243066
NL,2025-11-01,155094.63255555555,1.0,0.6732690792939271,2.0,-2057.688446470023,0.059077,-348.306184550675,-161.29975207159757
NL,2025-12-01,155094.63255555555,1.0,0.6950294368669682,2.0,-2023.9392998493395,0.059077,-342.593445816365,-159.65149675538242
NL,2026-01-01,149387.6718888889,1.0,0.6951791586017311,2.0,-1949.2414772858856,0.058378,-333.90000981292366,-153.39163293842952
NL,2026-02-01,149387.6718888889,1.0,0.7148329791768935,2.0,-1919.881092291431,0.058378,-328.87065200785077,-152.68600734094824
NL,2026-03-01,149387.6718888889,1.0,0.7377249119558335,2.0,-1885.6833668626027,0.058378,-323.012670331735,-151.8952703891023
NL,2026-04-01,148192.93733333334,1.0,0.745670946345213,2.0,-1858.8270684364315,0.058378,-318.41225606160396,-152.7691482716735
NL,2026-05-01,148192.93733333334,1.0,0.7704867484910566,2.0,-1822.0518023136774,0.058378,-312.11274834932294,-152.35951619396351
NL,2026-06-01,148192.93733333334,1.0,0.7944540276726466,2.1166666666666667,-1959.425747517821,0.058378,-335.64454889133253,-156.25912638268753
NL,2026-07-01,140295.69233333334,1.0,0.7942151887908786,2.25,-2042.4033797693464,0.058378,-349.8584020982813,-148.22546309899334
NL,2026-08-01,140295.69233333334,1.0,0.8195498950686015,2.25,-2006.8598781963988,0.058378,-343.7698924588713,-147.09644203089593
PT,2015-03-01,954.6666666666666,1.0,1.6093528435848625,0.05,14.886621813423487,0.023254,6.401746716015948,5.154909522495901
PT,2015-04-01,1918.2222222222222,1.0,1.6789304966565493,0.05,31.24650677142074,0.023254,13.437046001299018,10.63368649411451
PT,2015-05-01,2961.777777777778,1.0,1.8732137794335122,0.05,53.99954056064411,0.023254,23.221613726947666,17.479291363084727
PT,2015-06-01,3996.4444444444443,1.0,2.0834588756380943,0.05,81.26605426550108,0.023254,34.947129210243865,25.533381014345487
PT,2015-07-01,5027.555555555556,1.0,2.16131891395799,0.05,106.14773135419014,0.023254,45.647084954928246,33.20219369047529
PT,2015-08-01,5886.222222222222,1.0,2.177802753659714,0.05,125.24719853097446,0.023254,53.860496487045005,39.32638369679812
PT,2015-09-01,6906.666666666666,1.0,2.2033235832731655,0.05,148.72288215139994,0.023254,63.95582787967658,46.912770918303266
PT,2015-10-01,7959.11111111111,1.0,2.1970027038271764,0.05,170.88233075616478,0.023254,73.48513406560797,53.682726170992055
PT,2015-11-01,9068.444444444443,1.0,2.2087216029787586,0.05,195.7624692763493,0.023254,84.18442817422778,61.66471692718522
PT,2015-12-01,9973.333333333332,1.0,2.205964326738015,0.05,215.02150885333802,0.023254,92.46646119090823,68.35145519320297
PT,2016-01-01,11037.333333333332,1.0,2.2250601905475005,0.05,240.0686434313628,0.023254,103.23756920588406,77.08935317014925
PT,2016-02-01,12116.444444444443,1.0,2.2943399495008507,0.05,271.93420312574307,0.023254,116.94082872871036,88.92713547358517
PT,2016-03-01,13194.666666666666,1.0,2.3179286313080025,0.0241935483870967,302.6506984078038,0.023254,130.14995201161253,99.59246297098346
PT,2016-04-01,14443.555555555555,1.0,2.3688993375518774,0.0,342.15329187449294,0.023254,147.13739222262532,113.24401644473059
PT,2016-05-01,15733.333333333332,1.0,2.415313820143861,0.0,380.00937436930076,0.023254,163.41677748744334,127.05847524575452
PT,2016-06-01,17011.555555555555,1.0,2.461848682820943,0.0,418.7987563717974,0.023254,180.09751284587486,141.44961813874323
PT,2016-07-01,17863.11111111111,1.0,2.48298181656186,0.0,443.53780076113003,0.023254,190.73613174556206,151.17042252991692
PT,2016-08-01,18504.888888888887,1.0,2.492149153917511,0.0,461.16943187781993,0.023254,198.31832453677643,158.33167166029503
PT,2016-09-01,19413.333333333332,1.0,2.5207237213745812,0.0,489.356498442852,0.023254,210.4397086276993,169.83006207022072
PT,2016-10-01,20320.888888888887,1.0,2.549599382478172,0.0,518.1012576251866,0.023254,222.80091925053176,181.1149361161026
PT,2016-11-01,21230.222222222223,1.0,2.5830168068285437,0.0,548.3802081270483,0.023254,235.82188360155166,191.9334137903039
PT,2016-12-01,21875.555555555555,1.0,2.612293769054148,0.0,571.4537747237563,0.023254,245.7442911859277,200.36131941313195
PT,2017-01-01,22487.11111111111,1.0,2.6453674306520316,0.0,594.8667134278675,0.023254,255.81264015991547,208.48545969132948
PT,2017-02-01,23070.222222222223,1.0,2.677692069710671,0.0,617.7495109090734,0.023254,265.65301062573036,216.0593317291096
PT,2017-03-01,23659.555555555555,1.0,2.707009303919858,0.0,640.4663701549765,0.023254,275.4220220843625,223.4903770625118
PT,2017-04-01,24127.11111111111,1.0,2.7248883818133542,0.0,657.4368475338655,0.023254,282.7198965914963,229.21281154458484
PT,2017-05-01,24575.11111111111,1.0,2.727652677884956,0.0,670.3236763154256,0.023254,288.2616652255206,233.34394592810764
PT,2017-06-01,25027.555555555555,1.0,2.7217578233914814,0.0,681.1894513369826,0.023254,292.93431295131273,237.11169289995067
PT,2017-07-01,25487.11111111111,1.0,2.7165599712213786,0.0,692.3726582651607,0.023254,297.74346704444855,240.25690141091928
PT,2017-08-01,25855.11111111111,1.0,2.70744819367332,0.0,700.0137387500076,0.023254,301.02938795476376,242.48764319938584
PT,2017-09-01,26294.22222222222,1.0,2.691801955950498,0.0,707.7883880797483,0.023254,304.37274794863174,244.73904128335062
PT,2017-10-01,26728.888888888887,1.0,2.6684797592194975,0.0,713.2549898642692,0.023254,306.723570080102,246.06609339345954
PT,2017-11-01,27162.666666666664,1.0,2.6371605444934008,0.0,716.3231281655941,0.023254,308.04297246305754,246.85383062399396
PT,2017-12-01,27621.333333333332,1.0,2.6025063900728194,0.0,718.8469650233137,0.023254,309.1283069679684,247.34299075473206
PT,2018-01-01,28031.11111111111,1.0,2.5716701862751403,0.0,720.8677273261026,0.023254,309.9973025398222,247.65004453229196
PT,2018-02-01,28465.777777777777,1.0,2.5451194601165614,0.0,724.4880496957579,0.023254,311.5541625938582,248.2485798394989
PT,2018-03-01,28876.44444444444,1.0,2.514760060428972,0.0,726.1732917608496,0.023254,312.2788732092756,248.17883550709476
PT,2018-04-01,29430.22222222222,1.0,2.47629091900345,0.0,728.7779203314241,0.023254,313.39895086067946,248.61250444968834
PT,2018-05-01,29935.11111111111,1.0,2.4458022056281736,0.0,732.1536078128,0.023254,314.85060970706115,249.21918551439185
PT,2018-06-01,30486.22222222222,1.0,2.415492185550231,0.0,736.3923154472557,0.023254,316.673396167221,250.03342496854745
PT,2018-07-01,31053.333333333332,1.0,2.383583899326519,0.0,740.1822535375283,0.023254,318.3031966704774,250.93984088125475
PT,2018-08-01,31552.888888888887,1.0,2.356692876615551,0.0,743.6046848108641,0.023254,319.77495691531095,251.57800680372242
PT,2018-09-01,32038.22222222222,1.0,2.33270604222843,0.0,747.3575456003492,0.023254,321.38881293555914,252.27845549512705
PT,2018-10-01,32273.777777777777,1.0,2.3175488332546013,0.0,747.9605603360717,0.023254,321.6481294986117,251.15405492505906
PT,2018-11-01,32456.888888888887,1.0,2.303024338252019,0.0,747.4900505505263,0.023254,321.445794508698,249.8717595651586
PT,2018-12-01,32752.0,1.0,2.2825041565856337,0.0,747.5657613649267,0.023254,321.478352698429,248.71488989851127
PT,2019-01-01,33145.777777777774,1.0,2.2585220765080463,0.0,748.6047085414091,0.023254,321.9251348333229,248.5677294638642
PT,2019-02-01,33482.666666666664,1.0,2.2350946828298235,0.0,748.3693023363003,0.023254,321.8239022689861,248.36099814896525
PT,2019-03-01,33824.0,1.0,2.2077379971239597,0.0,746.7453001472081,0.023254,321.12552685439414,247.41430124655977
PT,2019-04-01,34261.33333333333,1.0,2.174281629922515,0.0,744.9378768331859,0.023254,320.3482742036578,246.7383654679104
PT,2019-05-01,34652.444444444445,1.0,2.1400494763771496,0.0,741.579455885216,0.023254,318.90404054580546,245.72293488325215
PT,2019-06-01,33949.33333333333,1.0,2.1400494763771496,0.0,726.5325302335331,0.023254,312.4333578023278,239.9483699538592
PT,2019-07-01,34409.777777777774,1.0,2.092031923278212,0.0,719.8635358402031,0.023254,309.5654665176757,237.7520859986193
PT,2019-08-01,34760.88888888889,1.0,2.047362640119876,0.0,711.6814524846922,0.023254,306.04689622632327,235.5451756019205
PT,2019-09-01,35121.777777777774,1.0,2.003960852759005,0.0,703.8266774596782,0.023254,302.66907949586226,233.47592670454017
PT,2019-10-01,35682.666666666664,1.0,1.9498710704440172,0.0,695.7659944963037,0.023254,299.2027154452153,231.22750105680672
PT,2019-11-01,36153.777777777774,1.0,1.9060065466861482,0.0,689.0933713188061,0.023254,296.3332636616522,229.23157634254738
PT,2019-12-01,36612.444444444445,1.0,1.864884233919331,0.0,682.7797040969184,0.023254,293.61817497932327,227.38104918805743
PT,2020-01-01,36878.22222222222,1.0,1.833372337444427,0.0,676.1151247635056,0.023254,290.75218231852824,225.4394051675664
PT,2020-02-01,37132.444444444445,1.0,1.8012305896341128,0.0,668.840948012226,0.023254,287.6240423205582,223.43016906039483
PT,2020-03-01,37755.58722222222,1.0,1.7653730290028276,0.0,666.5269537627489,0.023254,286.62894717586175,225.9151970895324
PT,2020-04-01,39542.42588888888,1.0,1.708946643686019,0.0,675.758960060198,0.023254,290.59901954940995,226.77729423746706
PT,2020-05-01,41954.23888888888,1.0,1.6309763374864665,0.0,684.2637088503227,0.023254,294.2563468006892,227.70284543814267
PT,2020-06-01,44654.97511111111,1.0,1.5348296227088836,0.0,685.3777860186125,0.023254,294.73543735211683,231.42576696185688
PT,2020-07-01,46805.42277777777,1.0,1.4578834528802458,0.0,682.3685137278636,0.023254,293.44134932822897,230.825957446468
PT,2020-08-01,48222.45211111111,1.0,1.4042928127670773,0.0,677.1844291363791,0.023254,291.21201906613015,229.84504047162633
PT,2020-09-01,49911.51655555556,1.0,1.34537239477485,0.0,671.4957655519236,0.023254,288.76570291215427,228.90445286287863
PT,2020-10-01,51715.24766666666,1.0,1.2818024423561638,0.0,662.8873076618723,0.023254,285.0637772692321,227.95341589193953
PT,2020-11-01,53510.089888888884,1.0,1.2184434757293559,0.0,651.9901991080803,0.023254,280.3776550735703,226.43850197052416
PT,2020-12-01,55080.00811111111,1.0,1.1633089430901145,0.0,640.7506602113159,0.023254,275.54427634442067,224.5375713224424
PT,2021-01-01,56641.03388888888,1.0,1.1113632019380155,0.0,629.4876078383519,0.023254,270.7007860318018,222.18146657409454
PT,2021-02-01,58180.72977777777,1.0,1.0651060053042083,0.0,619.6864467929248,0.023254,266.48595802568366,220.06128873056267
PT,2021-03-01,60005.79188888888,1.0,1.0166253017102909,0.0,610.0340628340658,0.023254,262.33510915716255,217.84560029820983
PT,2021-04-01,60417.551555555554,1.0,0.9815903150177946,0.0,593.0528346402162,0.023254,255.0326114389852,212.66097078349472
PT,2021-05-01,62426.63677777778,1.0,0.946923281778562,0.0,591.1323576801161,0.023254,254.20674192832033,212.80136644522108
PT,2021-06-01,64474.823000000004,1.0,0.9107920302811032,0.0,587.2315494218477,0.023254,252.52926353395014,212.54451002350334
PT,2021-07-01,66699.921,1.0,0.8702794394326913,0.0,580.475698580848,0.023254,249.62402106340755,211.3425136889029
PT,2021-08-01,68380.96711111111,1.0,0.8351320611881136,0.0,571.0713800953882,0.023254,245.57984866921313,209.80055467064085
PT,2021-09-01,70508.24966666667,1.0,0.798827755934631,0.0,563.2394685610202,0.023254,242.2118640066312,208.00841252080835
PT,2021-10-01,72410.62988888889,1.0,0.7711583584690939,0.0,558.4006248082866,0.023254,240.1309988854763,206.36465016313315
PT,2021-11-01,74274.78877777778,1.0,0.7467281125688853,0.0,554.6307283548263,0.023254,238.50981695829802,205.30557914910776
PT,2021-12-01,75218.84255555556,1.0,0.7317780215590155,0.0,550.4349578926353,0.023254,236.70549492243714,203.8432899770117
PT,2022-01-01,76105.98433333333,1.0,0.7222440241430896,0.0,549.6709238627759,0.023254,236.37693466189725,202.0268008749571
PT,2022-02-01,77305.20877777778,1.0,0.725023810483676,0.0,560.4811703830056,0.023254,241.02570326954742,202.84063733835924
PT,2022-03-01,77635.86044444445,1.0,0.7280355353377376,0.0,565.21665220077,0.023254,243.06211929163584,200.6130694070933
PT,2022-04-01,79272.37533333333,1.0,0.7552243565678793,0.0,598.684286547241,0.023254,257.4543246526365,208.36009689863928
PT,2022-05-01,79391.42266666667,1.0,0.7734581782685366,0.0,614.059451459074,0.023254,264.06616128798225,209.41528937195238
PT,2022-06-01,80182.58,1.0,0.8091207813751835,0.0,648.7739178227816,0.023254,278.9945462384027,215.5564706056837
PT,2022-07-01,80609.25755555555,1.0,0.8279548398618928,0.0806451612903225,602.4007835373515,0.023254,259.05254301941665,209.15212165818582
PT,2022-08-01,80883.947,1.0,0.8440316213166592,0.5,278.26635424900735,0.023254,119.66386610862962,177.0947364120038
PT,2022-09-01,81264.38833333334,1.0,0.8755528008922644,0.925,-40.18296390286684,0.023254,-17.280022319973696,145.86301733960647
PT,2022-10-01,78153.14544444444,1.0,0.8737100301817884,1.25,-294.082447404883,0.023254,-126.46531667880063,114.10384131018074
PT,2022-11-01,78474.93633333333,1.0,0.9055588180336346,1.975,-839.2432866705527,0.023254,-360.902763683905,64.07967734590233
PT,2022-12-01,78501.624,1.0,0.9315676024467263,2.177419354838709,-978.0138582601653,0.023254,-420.5787641954783,50.202862505452856
PT,2023-01-01,78355.76788888889,1.0,0.9615926214782767,2.5,-1205.4309147000217,0.023254,-518.3757266276863,29.320998910127287
PT,2023-02-01,79179.81622222222,1.0,1.012472573658661,2.875,-1474.7457932655575,0.023254,-634.1901579365087,3.864792012517455
PT,2023-03-01,78921.99622222222,1.0,1.0310714762443467,3.161290322580645,-1681.2112374305989,0.023254,-722.9772243186543,-19.174459032076015
PT,2023-04-01,79397.58177777777,1.0,1.0680661491339896,3.5,-1930.8966680228007,0.023254,-830.3503345759011,-46.57694413028594
PT,2023-05-01,79221.54033333334,1.0,1.0866945599902929,3.6774193548387095,-2052.412088276506,0.023254,-882.6060412301134,-59.54252289922056
PT,2023-06-01,79465.119,1.0,1.1158747926833739,3.8333333333333335,-2159.431663103154,0.023254,-928.6280481221096,-72.80051161615665
PT,2023-07-01,79233.99888888889,1.0,1.1345831026639934,4.0,-2270.384392597246,0.023254,-976.3414434494048,-93.86848202843373
PT,2023-08-01,79370.01588888888,1.0,1.1627690968557245,4.241935483870968,-2443.9348506193246,0.023254,-1050.9739617353248,-113.42490597893766
PT,2023-09-01,79174.43588888888,1.0,1.1832748062010816,4.341666666666667,-2500.6389386842093,0.023254,-1075.3586216066954,-122.08725436226416
PT,2023-10-01,75297.79977777778,1.0,1.1839229879160247,4.5,-2496.933029035908,0.023254,-1073.7649561520202,-94.24239702075818
PT,2023-11-01,75359.14722222222,1.0,1.2081377146667602,4.5,-2480.719345957085,0.023254,-1066.7925285787755,-95.6186715111985
PT,2023-12-01,75176.03988888889,1.0,1.2217706579592988,4.5,-2464.442997821777,0.023254,-1059.7931529292925,-94.38873315968465
PT,2024-01-01,75191.15455555555,1.0,1.2399901739370296,4.5,-2451.2390268413055,0.023254,-1054.1150025119573,-98.49223046543216
PT,2024-02-01,71784.74477777777,1.0,1.24219439820032,4.5,-2338.6074366080475,0.023254,-1005.6796407534391,-59.38914951043114
PT,2024-03-01,71931.43444444444,1.0,1.2644646417506122,4.5,-2327.366995145979,0.023254,-1000.8458738909345,-64.26215885354611
PT,2024-04-01,72127.90344444444,1.0,1.2890404388589247,4.5,-2315.9978118999916,0.023254,-995.9567437430082,-71.0076791306866
PT,2024-05-01,72370.60044444444,1.0,1.315420131958261,4.5,-2304.699572134703,0.023254,-991.0981216714126,-73.56540518072052
PT,2024-06-01,72476.39144444445,1.0,1.338450293082446,4.341666666666667,-2176.622854842549,0.023254,-936.0208372075981,-71.86695994717786
PT,2024-07-01,72535.95444444445,1.0,1.3587854691971712,4.25,-2097.1700549542984,0.023254,-901.853468200868,-71.61320327822784
PT,2024-08-01,72571.51444444444,1.0,1.3745570348776108,4.25,-2086.7525067755564,0.023254,-897.3735730521872,-73.98643934944641
PT,2024-09-01,72535.06544444445,1.0,1.3873393965509657,3.99,-1887.8415720085302,0.023254,-811.8351991091985,-61.40098894099651
PT,2024-10-01,72196.402,1.0,1.3948811683706404,3.577419354838709,-1575.7140429059966,0.023254,-677.6098920211562,-38.792220872467965
PT,2024-11-01,72199.07466666667,1.0,1.4081885496715305,3.4,-1438.069436241868,0.023254,-618.4180941953505,-30.45538127894247
PT,2024-12-01,72225.74466666667,1.0,1.4205182102461043,3.287096774193548,-1348.1502675994138,0.023254,-579.7498355549212,-25.807261292177714
PT,2025-01-01,72101.28466666666,1.0,1.4332545761217321,3.0,-1129.643578072443,0.023254,-485.7846297722727,-7.202869897167204
PT,2025-02-01,72101.28466666666,1.0,1.4479320821754986,2.7857142857142856,-964.5581547935067,0.023254,-414.7923603653163,5.861117787205387
PT,2025-03-01,71995.49366666666,1.0,1.4631718625030445,2.588709677419355,-810.3365062540106,0.023254,-348.4718784957472,17.706691290089225
PT,2025-04-01,71995.49366666666,1.0,1.4769436882972373,2.433333333333333,-688.5574463206182,0.023254,-296.1027979361048,27.039339066158448
PT,2025-05-01,71949.26566666667,1.0,1.4894446104502155,2.25,-547.2140177693261,0.023254,-235.32038263065542,39.36081226733111
PT,2025-06-01,71949.26566666667,1.0,1.5023948891732644,2.083333333333333,-417.9809445485278,0.023254,-179.7458263303207,51.15290742781957
PT,2025-07-01,71890.59477777778,1.0,1.5150002710682118,2.0,-348.66918979967255,0.023254,-149.93944689071665,55.73724917083618
PT,2025-08-01,71890.59477777778,1.0,1.528546015691096,2.0,-338.93107342320224,0.023254,-145.7517302069331,55.69708252420784
PT,2025-09-01,71884.37177777778,1.0,1.5422558371072403,2.0,-329.0465158449081,0.023254,-141.50103889434422,55.144305426032105
PT,2025-10-01,66155.213,1.0,1.5416947779954924,2.0,-303.1927958072049,0.023254,-130.38307207672008,60.715201705408504
PT,2025-11-01,66155.213,1.0,1.5539413519942045,2.0,-295.0910486931543,0.023254,-126.89904906388331,60.10738341519415
PT,2025-12-01,66155.213,1.0,1.5676172374130437,2.0,-286.0437375646853,0.023254,-123.0084018081557,59.933547252826855
PT,2026-01-01,66116.99077777777,1.0,1.5809541229108908,2.0,-277.0605239096643,0.022979,-120.57118408532327,59.937192789170865
PT,2026-02-01,65985.43522222222,1.0,1.5921011096628193,2.0,-269.1538580556037,0.022979,-117.13036165873349,59.05428300816904
PT,2026-03-01,65982.76855555555,1.0,1.6098170703690073,2.0,-257.45349940170405,0.022979,-112.03860020092435,59.078799741708366
PT,2026-04-01,65982.76855555555,1.0,1.6285319079479785,2.0,-245.10493143642336,0.022979,-106.6647510494031,58.978356740527374
PT,2026-05-01,65982.76855555555,1.0,1.6474510477917692,2.0,-232.62155918059307,0.022979,-101.23223777387749,58.52099438148194
PT,2026-06-01,65982.76855555555,1.0,1.6654471292418802,2.1166666666666667,-297.72714305644524,0.022979,-129.5648823083882,49.8205402002568
PT,2026-07-01,61007.423777777774,1.0,1.6648315252694854,2.25,-356.99621119280346,0.022979,-155.35759223325798,46.27534676603
PT,2026-08-01,61007.423777777774,1.0,1.6844073639095507,2.25,-345.05349635560486,0.022979,-150.16036222446795,46.513088203507436
SI,2015-03-01,185.77777777777777,1.0,0.5947771208300419,0.05,1.012074828919811,0.004942,2.0479053600158053,0.8010681664957575
SI,2015-04-01,380.4444444444444,1.0,0.6985686764412237,0.05,2.4674434979274995,0.004942,4.992803516648117,2.1894440094636094
SI,2015-05-01,585.7777777777777,1.0,0.8466342553001823,0.05,4.666506437713956,0.004942,9.44254641382832,3.7002240499653816
SI,2015-06-01,788.4444444444445,1.0,1.0252792287916197,0.05,7.689534897228148,0.004942,15.559560698559586,6.145812502661206
SI,2015-07-01,994.6666666666666,1.0,1.183480872888798,0.05,11.274356415667244,0.004942,22.813347664239668,10.36845639978671
SI,2015-08-01,1165.3333333333333,1.0,1.235169469390718,0.05,13.811174883299833,0.004942,27.946529508902938,13.412416718656047
SI,2015-09-01,1367.111111111111,1.0,1.2777237484132806,0.05,16.784347778307783,0.004942,33.96266244093036,16.919605479557042
SI,2015-10-01,1584.888888888889,1.0,1.280135104458039,0.05,19.496274588877185,0.004942,39.450171163248044,19.647763268632136
SI,2015-11-01,1805.3333333333333,1.0,1.2576268869186158,0.05,21.801690731837407,0.004942,44.11511681877258,21.59540557173002
SI,2015-12-01,1980.4444444444443,1.0,1.235698964434572,0.05,23.482109268979787,0.004942,47.51539714483971,23.400391147134446
SI,2016-01-01,2204.4444444444443,1.0,1.2113922478690904,0.05,25.60224688635861,0.004942,51.80543684006194,25.65722080432714
SI,2016-02-01,2453.333333333333,1.0,1.1950214302602922,0.05,28.09119242238583,0.004942,56.84174913473458,28.82805587960938
SI,2016-03-01,2664.0,1.0,1.1753378696819967,0.0241935483870967,30.666484719296136,0.004942,62.05278170638635,31.495292665757276
SI,2016-04-01,2873.777777777778,1.0,1.1541126080578317,0.0,33.16663166089751,0.004942,67.11175973471774,33.21838395682301
SI,2016-05-01,3088.8888888888887,1.0,1.1415283293760763,0.0,35.26054172961658,0.004942,71.34872871229578,34.99042647060696
SI,2016-06-01,3314.6666666666665,1.0,1.1306971500973264,0.0,37.478841535226046,0.004942,75.83739687419272,37.1895021670611
SI,2016-07-01,3512.8888888888887,1.0,1.0965908888286333,0.0,38.52201949022896,0.004942,77.9482385476102,38.38252933196505
SI,2016-08-01,3648.8888888888887,1.0,1.0676513355086392,0.0,38.957410953448566,0.004942,78.82924110370004,38.842588227218634
SI,2016-09-01,3843.555555555555,1.0,1.0279897609417994,0.0,39.511357567220806,0.004942,79.95013672039822,39.34049016291962
SI,2016-10-01,4043.555555555555,1.0,0.9833685458572219,0.0,39.763053467595576,0.004942,80.45943639740099,38.77345326297182
SI,2016-11-01,4235.555555555556,1.0,0.9562260150129943,0.0,40.50148410255038,0.004942,81.95363031677535,38.06516050552757
SI,2016-12-01,4384.888888888889,1.0,0.9363214835997237,0.0,41.056656698643884,0.004942,83.07700667471445,37.694034901918705
SI,2017-01-01,4527.111111111111,1.0,0.9192523467595403,0.0,41.61557512930079,0.004942,84.20796262505218,36.88078215646617
SI,2017-02-01,4662.222222222222,1.0,0.9036217042532207,0.0,42.12885190051682,0.004942,85.24656394276977,35.652885046149024
SI,2017-03-01,4795.555555555556,1.0,0.8905046422928193,0.0,42.704644845953425,0.004942,86.41166500597616,34.480019984125505
SI,2017-04-01,4896.0,1.0,0.8813315700022897,0.0,43.1499936673121,0.004942,87.31281600022683,33.80573095331536
SI,2017-05-01,5001.777777777777,1.0,0.8717179553656078,0.0,43.60139497637578,0.004942,88.2262140355641,33.30849473815116
SI,2017-06-01,5143.11111111111,1.0,0.8573205969327153,0.0,44.09295087869058,0.004942,89.22086377719664,33.39824372583458
SI,2017-07-01,5290.666666666666,1.0,0.8537540797990609,0.0,45.16928251523564,0.004942,91.39879100614253,33.91222537261328
SI,2017-08-01,5416.0,1.0,0.8491581981228749,0.0,45.9904080103349,0.004942,93.06031568258781,34.5185709272099
SI,2017-09-01,5557.333333333333,1.0,0.8407248318934952,0.0,46.72188132442784,0.004942,94.54043165606605,34.90672499078494
SI,2017-10-01,5703.11111111111,1.0,0.8342416346123206,0.0,47.577727357090204,0.004942,96.27221237776244,35.61473569112
SI,2017-11-01,5928.888888888889,1.0,0.8187047426675934,0.0,48.54009452082531,0.004942,98.21953565525153,37.03039381618796
SI,2017-12-01,6139.555555555556,1.0,0.801285444024129,0.0,49.19536499444141,0.004942,99.54545729348727,37.76014108025094
SI,2018-01-01,6235.555555555556,1.0,0.7968753900400493,0.0,49.689607654497294,0.004942,100.54554361492775,38.1982856073975
SI,2018-02-01,6337.777777777777,1.0,0.7987609263297045,0.0,50.62369248649594,0.004942,102.43563837817875,39.13005562381942
SI,2018-03-01,6434.666666666666,1.0,0.8006532263279389,0.0,51.51936627011511,0.004942,104.24800944984845,40.1479717476676
SI,2018-04-01,6547.555555555555,1.0,0.7973656306880922,0.0,52.20795765020876,0.004942,105.64135501863367,40.85490860764254
SI,2018-05-01,6648.0,1.0,0.7958300404864487,0.0,52.9067810915391,0.004942,107.05540487968251,41.42398068701321
SI,2018-06-01,6750.222222222222,1.0,0.7949341783587099,0.0,53.659823559609265,0.004942,108.57916543830284,41.939194239629316
SI,2018-07-01,6853.333333333333,1.0,0.7897205169071971,0.0,54.12217942537324,0.004942,109.51472971544564,42.15137392622299
SI,2018-08-01,6885.333333333333,1.0,0.7869004960348903,0.0,54.180722153655644,0.004942,109.63318930322873,41.4362391916402
SI,2018-09-01,6954.666666666666,1.0,0.7825384557183535,0.0,54.42294113369242,0.004942,110.12331269464269,41.012955254210596
SI,2018-10-01,6991.11111111111,1.0,0.7815200072739822,0.0,54.63693206408772,0.004942,110.55631741013298,40.06224283658034
SI,2018-11-01,7019.555555555555,1.0,0.7815774412096441,0.0,54.86326269540053,0.004942,111.01429116835396,39.44025622481459
SI,2018-12-01,7063.11111111111,1.0,0.7811311856613269,0.0,55.172163566799135,0.004942,111.63934351841183,38.87588071849413
SI,2019-01-01,7120.888888888889,1.0,0.7807980160982492,0.0,55.599759173005104,0.004942,112.504571373948,39.14716600448931
SI,2019-02-01,6908.444444444444,1.0,0.7807980160982492,0.0,53.940997165471934,0.004942,109.14811243519209,35.68520831517124
SI,2019-03-01,6954.666666666666,1.0,0.7766524354722268,0.0,54.0135880456418,0.004942,109.29499806888262,35.58377246104827
SI,2019-04-01,6999.11111111111,1.0,0.7704689835221397,0.0,53.92598023336291,0.004942,109.1177260893624,35.50781735361498
SI,2019-05-01,7032.888888888889,1.0,0.7631410969677676,0.0,53.6708654151909,0.004942,108.60150832697471,35.42040266442139
SI,2019-06-01,7058.666666666666,1.0,0.7545332528437309,0.0,53.259987207396144,0.004942,107.77010766369109,35.2851198152225
SI,2019-07-01,7103.11111111111,1.0,0.7412699485105236,0.0,52.65322807597861,0.004942,106.54234738158358,34.72896686252716
SI,2019-08-01,7123.555555555555,1.0,0.7310707283004897,0.0,52.07822948088999,0.004942,105.37885366428569,34.877133039882935
SI,2019-09-01,7152.888888888889,1.0,0.7185524203893626,0.0,51.3972562388729,0.004942,104.00092318671165,34.807770395389554
SI,2019-10-01,7219.555555555555,1.0,0.7021127539209379,0.0,50.68942033196318,0.004942,102.56863685140262,34.593422462994056
SI,2019-11-01,7259.555555555555,1.0,0.6902911190267983,0.0,50.11206728081655,0.004942,101.40037895754055,34.29869163843574
SI,2019-12-01,7296.888888888889,1.0,0.6791380715799741,0.0,49.5559504853334,0.004942,100.2750920383112,34.03796624704535
SI,2020-01-01,7035.555555555555,1.0,0.6791380715799741,0.0,47.78113632493773,0.004942,96.68380478538593,31.371027634424095
SI,2020-02-01,7063.11111111111,1.0,0.6699684651792972,0.0,47.32061710501951,0.004942,95.7519569101973,31.55808365003392
SI,2020-03-01,7170.673222222222,1.0,0.652443639840699,0.0,46.784601372149,0.004942,94.66734393393159,33.95359384760222
SI,2020-04-01,7611.6068888888885,1.0,0.6147275937256166,0.0,46.79064787191993,0.004942,94.67957885859961,30.85785354665672
SI,2020-05-01,8087.215444444444,1.0,0.6084736762296544,0.0,49.208577119423495,0.004942,99.57219166212766,33.01869029958115
SI,2020-06-01,8619.719888888889,1.0,0.5788110979247477,0.0,49.891895326915616,0.004942,100.9548671123343,37.645196722074346
SI,2020-07-01,9134.432888888889,1.0,0.5344439069354844,0.0,48.81842000777761,0.004942,98.78271956247998,36.16732768071902
SI,2020-08-01,9457.128444444445,1.0,0.4990881270638152,0.0,47.1994052273971,0.004942,95.50668803601194,34.13970944150811
SI,2020-09-01,9875.831222222221,1.0,0.4594790128460703,0.0,45.37737181021066,0.004942,91.81985392596248,31.95860387668683
SI,2020-10-01,10302.534,1.0,0.42122841589669213,0.0,43.39720076541811,0.004942,87.81303271027542,30.702671332982852
SI,2020-11-01,10725.681222222222,1.0,0.3849952208552805,0.0,41.29336010972779,0.004942,83.55596946525252,29.616816362206386
SI,2020-12-01,11088.376777777778,1.0,0.3541369879323277,0.0,39.268043531409916,0.004942,79.45779751398202,28.451092492003745
SI,2021-01-01,11146.182666666666,1.0,0.3380268817173511,0.0,37.67709369865322,0.004942,76.23855463102635,27.719235173319092
SI,2021-02-01,11505.322555555555,1.0,0.3193712562138445,0.0,36.744693177132575,0.004942,74.35186802333584,27.92719872821484
SI,2021-03-01,11935.580444444444,1.0,0.29853520717832277,0.0,35.631909807757594,0.004942,72.10018172350787,27.61067286455515
SI,2021-04-01,12125.836666666666,1.0,0.28598529333975886,0.0,34.678109561066705,0.004942,70.17019336516937,27.79855270967888
SI,2021-05-01,12526.759777777777,1.0,0.27399439069651194,0.0,34.322619127137955,0.004942,69.45086832686756,28.045492843768308
SI,2021-06-01,12982.796444444444,1.0,0.2598714878388193,0.0,33.73858628326311,0.004942,68.26909405759432,28.284340547147508
SI,2021-07-01,13499.28388888889,1.0,0.2462884154129599,0.0,33.247172382041434,0.004942,67.27473165123722,28.993224276732562
SI,2021-08-01,13836.203222222222,1.0,0.23020853263779165,0.0,31.85212041066062,0.004942,64.45188266017932,28.672588661607044
SI,2021-09-01,14165.111444444443,1.0,0.21894825857820868,0.0,31.01426483327365,0.004942,62.756505126009,28.553053640186157
SI,2021-10-01,14331.336888888889,1.0,0.21435856038302184,0.0,30.72044743866317,0.004942,62.16197377309423,28.39562505075108
SI,2021-11-01,14555.34911111111,1.0,0.20901889655829134,0.0,30.42343010225151,0.004942,61.56096742665218,28.35672961746193
SI,2021-12-01,14606.898222222222,1.0,0.20699692712948425,0.0,30.235830468931262,0.004942,61.181364769185066,28.319159823759605
SI,2022-01-01,14919.812333333331,1.0,0.20808883199303418,0.0,31.04646321998599,0.004942,62.821657668931586,28.47152388199143
SI,2022-02-01,15142.054555555555,1.0,0.2166773761885454,0.0,32.80940651201588,0.004942,66.38892454879782,28.203858617609647
SI,2022-03-01,14991.83322222222,1.0,0.21852584193543806,0.0,32.76102977041782,0.004942,66.29103555325338,23.841985668710848
SI,2022-04-01,15189.168555555556,1.0,0.24546644081995414,0.0,37.28431144346586,0.004942,75.44377062619559,26.349542872198377
SI,2022-05-01,15310.947888888888,1.0,0.26994438579604124,0.0,41.33104423821305,0.004942,83.63222225457922,28.981350338549348
SI,2022-06-01,15392.726888888888,1.0,0.29402548052820604,0.0,45.25853920144993,0.004942,91.57939943636164,28.141323803642663
SI,2022-07-01,15478.060111111112,1.0,0.3172926730822744,0.0806451612903225,36.62844412660707,0.004942,74.1166412922037,24.216219930972855
SI,2022-08-01,15550.06111111111,1.0,0.33400766434472867,0.5,-25.811909634155366,0.004942,-52.22968359804809,5.2011867053261085
SI,2022-09-01,15659.396222222222,1.0,0.35446801165128516,0.925,-89.34186463004798,0.004942,-180.78078638212864,-17.637746722548457
SI,2022-10-01,15732.286111111112,1.0,0.38198023796410213,1.25,-136.55935246447328,0.004942,-276.3240640721839,-35.75490608320251
SI,2022-11-01,15788.287333333332,1.0,0.42145921312511464,1.975,-245.2774832723345,0.004942,-496.3121879245943,-71.32974689478698
SI,2022-12-01,15838.065888888888,1.0,0.4594487079399441,2.177419354838709,-272.09332300759706,0.004942,-550.5732962517139,-79.79166955078279
SI,2023-01-01,15922.514111111112,1.0,0.49992229338983035,2.5,-318.46265506819174,0.004942,-644.4003542456328,-96.70362870781923
SI,2023-02-01,16003.407111111112,1.0,0.5413646031338465,2.875,-373.461173049484,0.004942,-755.6883307354997,-117.63338078647348
SI,2023-03-01,15434.482666666667,1.0,0.5435939870810796,3.161290322580645,-404.02788716864893,0.004942,-817.5392293983183,-113.73646411174002
SI,2023-04-01,15471.818888888889,1.0,0.5751566550140785,3.5,-452.5264651199414,0.004942,-915.6747574260246,-131.90136698040942
SI,2023-05-01,15526.045222222221,1.0,0.6067288445841215,3.6774193548387095,-476.7567972566136,0.004942,-964.7041628017272,-141.64064447083433
SI,2023-06-01,15554.492222222221,1.0,0.6372701430229222,3.8333333333333335,-497.13140035414034,0.004942,-1005.9316073535822,-150.10407084762926
SI,2023-07-01,15573.161222222221,1.0,0.6664984679907074,4.0,-519.1315679250548,0.004942,-1050.4483365541375,-167.9753751331665
SI,2023-08-01,15599.831222222221,1.0,0.6972457367089139,4.241935483870968,-552.965617908696,0.004942,-1118.9105987630433,-181.36154300665612
SI,2023-09-01,15610.49922222222,1.0,0.7250045949975987,4.341666666666667,-564.5790045683059,0.004942,-1142.4099647274502,-189.138597483019
SI,2023-10-01,15634.503111111111,1.0,0.7567081665041228,4.5,-585.2450781658812,0.004942,-1184.2271917561334,-204.70463262487135
SI,2023-11-01,15650.505111111112,1.0,0.7854979688829701,4.5,-581.3383302322968,0.004942,-1176.3219956137127,-205.14813854613567
SI,2023-12-01,15650.506555555556,1.0,0.8086685435124275,4.5,-577.7120715848719,0.004942,-1168.984361766232,-203.57994199662414
SI,2024-01-01,15677.176555555554,1.0,0.8329623941873437,4.5,-574.8879598218674,0.004942,-1163.269849902605,-207.64707785607993
SI,2024-02-01,15701.179555555555,1.0,0.8591719482222653,4.5,-571.6529497186573,0.004942,-1156.723896638319,-210.43340539531107
SI,2024-03-01,15722.515555555554,1.0,0.8851334737032059,4.5,-568.347951909584,0.004942,-1150.0363251913882,-213.45261015399979
SI,2024-04-01,15740.296333333332,1.0,0.9105154596310381,4.5,-564.9955034932625,0.004942,-1143.2527387560956,-218.30367414377395
SI,2024-05-01,15764.299333333332,1.0,0.937170735288253,4.5,-561.6550700247589,0.004942,-1136.4934642346395,-218.96074774394742
SI,2024-06-01,15770.522777777776,1.0,0.9621156247346233,4.341666666666667,-532.9728668545191,0.004942,-1078.4558212353684,-214.30194397494813
SI,2024-07-01,15784.746777777778,1.0,0.9865953144501998,4.25,-515.1201659481712,0.004942,-1042.3313758562751,-212.09111093363504
SI,2024-08-01,15790.969777777776,1.0,1.0065769822234998,4.25,-512.1679485025751,0.004942,-1036.3576456952146,-212.9705119924738
SI,2024-09-01,15207.824444444443,1.0,1.0073834430482593,3.99,-453.591089832154,0.004942,-917.8289960181181,-167.39478584991616
SI,2024-10-01,15212.269888888888,1.0,1.0257717131062773,3.577419354838709,-388.1635258738061,0.004942,-785.4381341032094,-146.62046295452126
SI,2024-11-01,15223.826888888889,1.0,1.0460806859257998,3.4,-358.35660147877695,0.004942,-725.1246488846155,-137.16193596820744
SI,2024-12-01,15228.271888888888,1.0,1.0636593654081925,3.287096774193548,-338.5910938890998,0.004942,-685.1296922078102,-131.1871179450667
SI,2025-01-01,15228.271888888888,1.0,1.0826831775540342,3.0,-291.9742186934767,0.004942,-590.8017375424457,-112.21997766734023
SI,2025-02-01,15228.271888888888,1.0,1.0997752055553707,2.7857142857142856,-256.73938700763193,0.004942,-519.5050323909994,-98.85155423847772
SI,2025-03-01,15228.271888888888,1.0,1.1195332525234833,2.588709677419355,-223.7301805106008,0.004942,-452.7118181112926,-86.53324832545616
SI,2025-04-01,15220.271666666667,1.0,1.1355225628293812,2.433333333333333,-197.53032498996137,0.004942,-399.6971367664131,-76.55499976414984
SI,2025-05-01,15220.271666666667,1.0,1.1517543129604826,2.25,-167.15597713486434,0.004942,-338.2354859062411,-63.55429100825455
SI,2025-06-01,15220.271666666667,1.0,1.1678430386572083,2.083333333333333,-139.3401099316734,0.004942,-281.95084972009994,-51.05211596195966
SI,2025-07-01,14211.338666666667,1.0,1.1674687717694894,2.0,-118.31383234959748,0.004942,-239.40475991419964,-33.72806385264681
SI,2025-08-01,14211.338666666667,1.0,1.1841922130216458,2.0,-115.93720747653248,0.004942,-234.5957253673259,-33.146912636184965
SI,2025-09-01,14210.449666666667,1.0,1.2010188419416425,2.0,-113.53881531203334,0.004942,-229.7426453096587,-33.09730098928239
SI,2025-10-01,14210.449666666667,1.0,1.2172911889598932,2.0,-111.2264416294195,0.004942,-225.063621265519,-33.96534748339042
SI,2025-11-01,14210.449666666667,1.0,1.2335339757951997,2.0,-108.91826858172429,0.004942,-220.39309708968895,-33.38666461061149
SI,2025-12-01,14210.449666666667,1.0,1.2512837797249037,2.0,-106.39594162836168,0.004942,-215.28923842242347,-32.347289361440914
SI,2026-01-01,14210.449666666667,1.0,1.2681691983997216,2.0,-103.99644770657076,0.004884,-212.93293961214323,-32.4245627376491
SI,2026-02-01,13750.870666666666,1.0,1.2683515531111185,2.0,-100.60803166636543,0.004884,-205.99515083203403,-29.8105061651315
SI,2026-03-01,13090.384777777777,1.0,1.2695018389143458,2.0,-95.62502008070307,0.004884,-195.7924244076639,-24.675024465031186
SI,2026-04-01,13088.606777777777,1.0,1.2885464742865944,2.0,-93.11935438726375,0.004884,-190.6620687699913,-25.018960980060825
SI,2026-05-01,13088.606777777777,1.0,1.308767873282073,2.0,-90.47265498778007,0.004884,-185.242946330426,-25.48971417506658
SI,2026-06-01,13038.826777777776,1.0,1.3212685558466217,2.1166666666666667,-103.71058186354257,0.004884,-212.3476287132321,-32.96220620458709
SI,2026-07-01,13038.826777777776,1.0,1.340588266066307,2.25,-118.57662068439953,0.004884,-242.78587363718165,-41.15293463789368
SI,2026-08-01,13038.826777777776,1.0,1.3617191951584557,2.25,-115.82139544353922,0.004884,-237.14454431519084,-40.47109388721546
SK,2015-03-01,449.77777777777777,1.0,0.30553830375398766,0.05,1.1493545039957134,0.0115,0.9994386991267074,-0.24739849439334038
SK,2015-04-01,913.7777777777777,1.0,0.5414976718639937,0.05,4.4911965037883155,0.0115,3.905388264163753,1.1020287569792457
SK,2015-05-01,1384.0,1.0,0.5654627574490108,0.05,7.134004563094309,0.0115,6.20348222877766,0.4611598649147224
SK,2015-06-01,1869.3333333333333,1.0,0.6135652893854917,0.05,10.534913809579457,0.0115,9.160794617025616,-0.2529535788727646
SK,2015-07-01,2262.222222222222,1.0,0.6427294577513707,0.05,13.408857510908785,0.0115,11.659876096442423,-0.7850151680105348
SK,2015-08-01,2638.222222222222,1.0,0.6260738796896386,0.05,15.198109110389753,0.0115,13.21574705251283,-1.3183657377340605
SK,2015-09-01,3053.333333333333,1.0,0.5974909833865986,0.05,16.716724692737472,0.0115,14.536282341510846,-2.5067746198624707
SK,2015-10-01,3388.4444444444443,1.0,0.5642517338587231,0.05,17.42513430639513,0.0115,15.152290701213158,-4.65011719340275
SK,2015-11-01,3862.222222222222,1.0,0.5166562074069025,0.05,18.023299743848813,0.0115,15.672434559868535,-6.847276687174023
SK,2015-12-01,4108.444444444444,1.0,0.4959787061989611,0.05,18.322787378236427,0.0115,15.932858589770808,-8.182147407934456
SK,2016-01-01,4619.555555555556,1.0,0.4603551637267663,0.05,18.95658476344893,0.0115,16.483986750825157,-9.664229284909641
SK,2016-02-01,5112.0,1.0,0.42285166178430983,0.05,19.06017695041392,0.0115,16.57406691340341,-11.439626341721787
SK,2016-03-01,5496.888888888889,1.0,0.38747126853104,0.0241935483870967,19.968972634401293,0.0115,17.36432402991417,-13.193165010714903
SK,2016-04-01,5789.333333333333,1.0,0.361162483346567,0.0,20.90890003587725,0.0115,18.18165220511065,-15.711723572784074
SK,2016-05-01,6076.444444444444,1.0,0.3394909535246639,0.0,20.628979184840908,0.0115,17.93824276942688,-18.42005947226194
SK,2016-06-01,6283.555555555556,1.0,0.34190688530439367,0.0,21.48390908637119,0.0115,18.681660075105384,-19.966234632026236
SK,2016-07-01,6480.0,1.0,0.33332275805203965,0.0,21.59931472177217,0.0115,18.78201280154102,-20.78369641410413
SK,2016-08-01,6589.333333333333,1.0,0.3231093251342295,0.0,21.290750464178164,0.0115,18.5136960558071,-21.47295682067431
SK,2016-09-01,6707.555555555555,1.0,0.3122634487048327,0.0,20.945244301570373,0.0115,18.21325591440902,-22.396390643069576
SK,2016-10-01,6853.333333333333,1.0,0.302814867031552,0.0,20.752912220562365,0.0115,18.04601062657597,-23.6399725078532
SK,2016-11-01,7057.777777777777,1.0,0.29967399679623397,0.0,21.15032475166309,0.0115,18.3915867405766,-25.496883070671174
SK,2016-12-01,7249.777777777777,1.0,0.30395552933826064,0.0,22.036100420292033,0.0115,19.161826452427857,-26.221145320367892
SK,2017-01-01,7546.666666666666,1.0,0.310194016472104,0.0,23.40930844309478,0.0115,20.35592038529981,-26.971260083286197
SK,2017-02-01,7814.222222222222,1.0,0.3169211806706395,0.0,24.76492532689415,0.0115,21.53471767556013,-28.058961221060613
SK,2017-03-01,8075.555555555555,1.0,0.3243856830121608,0.0,26.195946045915385,0.0115,22.779083518187292,-29.152561503663364
SK,2017-04-01,8282.666666666666,1.0,0.33060673602762,0.0,27.383053922714335,0.0115,23.8113512371429,-29.69573380976857
SK,2017-05-01,8470.222222222223,1.0,0.33515920471161803,0.0,28.388729437306743,0.0115,24.685851684614562,-30.231867612798375
SK,2017-06-01,8680.888888888889,1.0,0.33498284131010336,0.0,29.079488250973064,0.0115,25.286511522585275,-30.536108528776783
SK,2017-07-01,8876.444444444443,1.0,0.33603200620040447,0.0,29.827694345931008,0.0115,25.93712551820088,-31.549440115328373
SK,2017-08-01,8929.777777777777,1.0,0.3350821114877887,0.0,29.92208792894511,0.0115,26.019206894734882,-32.52253786064303
SK,2017-09-01,9088.0,1.0,0.33273391952889775,0.0,30.238858606786224,0.0115,26.29465965807498,-33.33904700720613
SK,2017-10-01,9290.666666666666,1.0,0.3312228563491413,0.0,30.772811507210886,0.0115,26.758966528009466,-33.89851015863297
SK,2017-11-01,9412.444444444443,1.0,0.3289164470929781,0.0,30.959077851267065,0.0115,26.920937261971364,-34.268204577092206
SK,2017-12-01,9584.888888888889,1.0,0.32471747016626384,0.0,31.123808718247314,0.0115,27.064181494128103,-34.721134719108235
SK,2018-01-01,9751.111111111111,1.0,0.32187214423535754,0.0,31.386110420105535,0.0115,27.292269930526555,-35.0549880770037
SK,2018-02-01,9876.444444444443,1.0,0.32116271915830646,0.0,31.71945753393727,0.0115,27.58213698603241,-35.72344576832692
SK,2018-03-01,9998.22222222222,1.0,0.3217595742894117,0.0,32.170237258731575,0.0115,27.974119355418765,-36.12591834676209
SK,2018-04-01,10149.333333333332,1.0,0.32171761511874314,0.0,32.65219315045164,0.0115,28.39321143517534,-36.393234975815794
SK,2018-05-01,10267.555555555555,1.0,0.32152823431826233,0.0,33.01309008542442,0.0115,28.707034856890804,-36.9243893357785
SK,2018-06-01,10432.0,1.0,0.3278519663802212,0.0,34.20151713278467,0.0115,29.740449680682328,-36.89952151799119
SK,2018-07-01,10567.111111111111,1.0,0.3323054476776179,0.0,35.11508588436908,0.0115,30.534857290755724,-36.82849849846693
SK,2018-08-01,10681.777777777777,1.0,0.33592672798526074,0.0,35.88294657954558,0.0115,31.20256224308312,-36.99438786850541
SK,2018-09-01,10890.666666666666,1.0,0.3427188009809726,0.0,37.32436221883446,0.0115,32.455967146812576,-36.65439029361952
SK,2018-10-01,10965.333333333332,1.0,0.3477743604885631,0.0,38.13461787543923,0.0115,33.16053728299064,-37.333537290562
SK,2018-11-01,10372.444444444443,1.0,0.3477743604885631,0.0,36.07270233369815,0.0115,31.367567246694048,-40.20646769684532
SK,2018-12-01,10386.666666666666,1.0,0.3505463416111103,0.0,36.410080015340654,0.0115,31.660939143774485,-41.10252365614322
SK,2019-01-01,10463.111111111111,1.0,0.3536171166043266,0.0,36.99935181821803,0.0115,32.17334940714612,-41.18405596231257
SK,2019-02-01,10530.666666666666,1.0,0.3552240506815168,0.0,37.40746069710159,0.0115,32.52822669313182,-40.93467742688903
SK,2019-03-01,10599.111111111111,1.0,0.35543461301937496,0.0,37.672909561271354,0.0115,32.75905179240988,-40.95217381542447
SK,2019-04-01,10670.22222222222,1.0,0.3539434956025452,0.0,37.766557521892906,0.0115,32.84048480164601,-40.76942393410142
SK,2019-05-01,10597.333333333332,1.0,0.35342145353217796,0.0,37.453249502316666,0.0115,32.56804304549276,-40.613062617060564
SK,2019-06-01,10658.666666666666,1.0,0.34785370355140316,0.0,37.07656674919889,0.0115,32.24049282539034,-40.24449502307825
SK,2019-07-01,10736.0,1.0,0.3381841029974729,0.0,36.3074452978087,0.0115,31.571691563311912,-40.24168895574451
SK,2019-08-01,10793.777777777777,1.0,0.32525996355626974,0.0,35.10783766634474,0.0115,30.528554492473692,-39.97316613192906
SK,2019-09-01,10861.333333333332,1.0,0.3118579021608204,0.0,33.87192628002723,0.0115,29.453848939154117,-39.73930385216798
SK,2019-10-01,10960.0,1.0,0.29879375108564477,0.0,32.747795118986666,0.0115,28.476343581727537,-39.498870806681026
SK,2019-11-01,11046.22222222222,1.0,0.29150268328333045,0.0,32.20003417921731,0.0115,28.000029721058535,-39.10165759804627
SK,2019-12-01,11130.666666666666,1.0,0.28475803914252196,0.0,31.695468143490306,0.0115,27.56127664651331,-38.67584914475255
SK,2020-01-01,11255.111111111111,1.0,0.27722918535586055,0.0,31.20245284423028,0.0115,27.132567690635028,-38.18020946032681
SK,2020-02-01,11318.22222222222,1.0,0.26994401509165844,0.0,30.552863503662994,0.0115,26.567707394489563,-37.62616586567381
SK,2020-03-01,11520.900666666666,1.0,0.2573453080726802,0.0,29.648497313380798,0.0115,25.78130201163548,-34.932448074693895
SK,2020-04-01,11928.125777777777,1.0,0.2741615879537108,0.0,32.70233904547147,0.0115,28.43681656127954,-35.38490875066336
SK,2020-05-01,13086.478111111112,1.0,0.27981892458228014,0.0,36.618442316206604,0.0115,31.842123753223138,-34.71137760932338
SK,2020-06-01,14217.270666666667,1.0,0.2371487343448072,0.0,33.716077444375536,0.0115,29.318328212500468,-33.991342177759485
SK,2020-07-01,14864.42111111111,1.0,0.20582601513114251,0.0,30.594845645312297,0.0115,26.604213604619392,-36.01117827714157
SK,2020-08-01,15320.450222222222,1.0,0.1810336426275784,0.0,27.73516910423382,0.0115,24.11753835150767,-37.24944024299616
SK,2020-09-01,15879.593,1.0,0.1514819996526688,0.0,24.054725013105216,0.0115,20.917152185308886,-38.94409786396676
SK,2020-10-01,16297.38322222222,1.0,0.1274922389448401,0.0,20.777898759431835,0.0115,18.067738051679857,-39.04262332561271
SK,2020-11-01,16858.300666666666,1.0,0.0977003311630154,0.0,16.470615579790163,0.0115,14.322274417208838,-39.61687868583729
SK,2020-12-01,17578.35122222222,1.0,0.05812619551497852,0.0,10.217626799738504,0.0115,8.88489286933783,-42.12181215264044
SK,2021-01-01,18013.04222222222,1.0,0.03616000800563365,0.0,6.513517509613723,0.0115,5.6639282692293245,-42.85539118847793
SK,2021-02-01,18533.96888888889,1.0,0.020006125063149357,0.0,3.707928995076304,0.0115,3.224286082675047,-43.20038321244595
SK,2021-03-01,18738.43222222222,1.0,0.013455480421144677,0.0,2.521346078890576,0.0115,2.1924748512091967,-42.29703400774353
SK,2021-04-01,19326.916444444443,1.0,0.000375745961644927,0.0,0.07262010805048931,0.0115,0.06314792004390375,-42.308492735446585
SK,2021-05-01,19642.48688888889,1.0,-0.005211624554515576,0.0,-1.0236926698188358,0.0115,-0.8901675389729008,-42.29554302207216
SK,2021-06-01,20074.50888888889,1.0,-0.01254238476628646,0.0,-2.5178221447868214,0.0115,-2.189410560684193,-42.174164071131
SK,2021-07-01,20382.96711111111,1.0,-0.021372999273790536,0.0,-4.356451412634741,0.0115,-3.788218619682384,-42.06972599418704
SK,2021-08-01,20639.869666666666,1.0,-0.031174043171107214,0.0,-6.434281880346929,0.0115,-5.5950277220408084,-41.37432172061309
SK,2021-09-01,20921.654333333332,1.0,-0.03804088445073703,0.0,-7.958782350125949,0.0115,-6.920680304457347,-41.124131790280195
SK,2021-10-01,21290.574444444443,1.0,-0.039682637864235024,0.0,-8.448661556004256,0.0115,-7.346662222612396,-41.11301094495555
SK,2021-11-01,21485.251,1.0,-0.04259299328105943,0.0,-9.151211514848754,0.0115,-7.957575230303265,-41.16181303949351
SK,2021-12-01,21724.378444444443,1.0,-0.04574515577129665,0.0,-9.9378507597571,0.0115,-8.641609356310523,-41.503814301735986
SK,2022-01-01,22053.28911111111,1.0,-0.043301549239899866,0.0,-9.549415843465253,0.0115,-8.30383986388283,-42.653973650822984
SK,2022-02-01,22320.865444444444,1.0,-0.030363806002683194,0.0,-6.777464281671061,0.0115,-5.893447201453097,-44.07851313264127
SK,2022-03-01,22603.551555555554,1.0,-0.011659705900521228,0.0,-2.6355076344504687,0.0115,-2.291745769087364,-44.740795653629895
SK,2022-04-01,22901.32933333333,1.0,0.020210294540192707,0.0,4.628426111886217,0.0115,4.024718358161928,-45.06950939583528
SK,2022-05-01,23098.662666666667,1.0,0.05108657915595333,0.0,11.800316587173306,0.0115,10.261144858411571,-44.3897270576183
SK,2022-06-01,23231.10711111111,1.0,0.08501483274681172,0.0,19.749886855743792,0.0115,17.173814657168517,-46.26426097555046
SK,2022-07-01,23294.21822222222,1.0,0.10784283558884407,0.0806451612903225,6.3354856024668615,0.0115,5.509117915188575,-44.391303446042265
SK,2022-08-01,23373.32933333333,1.0,0.1307841316067091,0.5,-86.29804087049045,0.0115,-75.04177466999171,-17.61090436661751
SK,2022-09-01,23449.773777777777,1.0,0.16610278201601622,0.925,-177.9596808230933,0.0115,-154.74754854182027,8.395491117759917
SK,2022-10-01,23517.32933333333,1.0,0.20796042860357378,1.25,-245.05987778895266,0.0115,-213.0955459034371,27.47361208554426
SK,2022-11-01,23584.884888888886,1.0,0.24862136338438048,1.975,-407.16441419216324,0.0115,-354.0560123410115,70.9264286887958
SK,2022-12-01,23652.440444444444,1.0,0.28754599485570836,2.177419354838709,-447.00117094540036,0.0115,-388.69667038730466,82.08495631362649
SK,2023-01-01,23870.225444444444,1.0,0.3454944455477295,2.5,-514.2853330608348,0.0115,-447.2046374442042,100.49208809360937
SK,2023-02-01,22905.75111111111,1.0,0.34496241307329983,2.875,-579.5241126789913,0.0115,-503.9340110252098,134.12093892381637
SK,2023-03-01,23085.315333333332,1.0,0.40269282464854905,3.161290322580645,-636.8309311750678,0.0115,-553.7660271087547,150.03673817782362
SK,2023-04-01,23169.763333333332,1.0,0.44719609270796484,3.5,-707.3274403503174,0.0115,-615.0673394350587,168.7060510105565
SK,2023-05-01,23297.768555555554,1.0,0.49550409942110074,3.6774193548387095,-741.3152518411089,0.0115,-644.6219581227034,178.44156020818946
SK,2023-06-01,23354.660444444446,1.0,0.5356395100412578,3.8333333333333335,-770.1651949272822,0.0115,-669.7088651541585,186.11867135179443
SK,2023-07-01,23388.442444444445,1.0,0.573773563443147,4.0,-801.3409981304394,0.0115,-696.8182592438604,185.6547021771106
SK,2023-08-01,23424.002444444443,1.0,0.6123657999251867,4.241935483870968,-850.1904914902743,0.0115,-739.2960795567603,198.2529761996268
SK,2023-09-01,23439.115444444444,1.0,0.6493699896915002,4.341666666666667,-865.4416806675952,0.0115,-752.5579831892132,200.71338405521794
SK,2023-10-01,23484.454444444444,1.0,0.6925153250611006,4.5,-894.1670039652295,0.0115,-777.5365251871561,201.98603394410588
SK,2023-11-01,22853.318666666666,1.0,0.6925429267647367,4.5,-870.1302980429948,0.0115,-756.6350417765173,214.5388152910598
SK,2023-12-01,22869.320666666667,1.0,0.7213353393528263,4.5,-864.1549381614138,0.0115,-751.4390766620991,213.96534310750883
SK,2024-01-01,22922.660666666667,1.0,0.7543431201625176,4.5,-858.6042163028005,0.0115,-746.6123620024352,209.0104100440899
SK,2024-02-01,22965.332666666665,1.0,0.7883342142981177,4.5,-852.3963951612843,0.0115,-741.2142566619864,205.0762345810216
SK,2024-03-01,23008.893666666667,1.0,0.8229324971492544,4.5,-846.0525517824833,0.0115,-735.6978711152029,200.88584392218547
SK,2024-04-01,23052.454666666665,1.0,0.8592137572396267,4.5,-839.2905981225717,0.0115,-729.817911410932,195.13115320138968
SK,2024-05-01,23108.461666666666,1.0,0.8973882435505274,4.5,-832.508156737953,0.0115,-723.9201362938722,193.61258019681986
SK,2024-06-01,22320.876333333334,1.0,0.8973640857591445,4.341666666666667,-768.7985196301764,0.0115,-668.5204518523274,195.63342540809288
SK,2024-07-01,22347.546333333332,1.0,0.9293950591343222,4.25,-742.0737277069132,0.0115,-645.2815023538377,184.9587625688024
SK,2024-08-01,22356.43633333333,1.0,0.9557376866784006,4.25,-736.4796567307371,0.0115,-640.4170928093367,182.97004089340408
SK,2024-09-01,22371.549333333332,1.0,0.9817547431549438,3.99,-672.9910717027518,0.0115,-585.2096275676104,165.2245826005916
SK,2024-10-01,22391.107333333333,1.0,1.007458562630677,3.577419354838709,-575.4426794078842,0.0115,-500.3849386155515,138.4327325331367
SK,2024-11-01,21281.743666666665,1.0,1.007241983372667,3.4,-509.22062766224633,0.0115,-442.8005457932577,145.1621671231503
SK,2024-12-01,21287.966666666667,1.0,1.0296513095312652,3.287096774193548,-480.5642380354852,0.0115,-417.88194611781324,136.06062814493026
SK,2025-01-01,21287.966666666667,1.0,1.0535585335825512,3.0,-414.35781055712437,0.0115,-360.3111396148908,118.27062026021468
SK,2025-02-01,21287.966666666667,1.0,1.0749531550388078,2.7857142857142856,-364.1862592444855,0.0115,-316.683703690857,103.96977446166471
SK,2025-03-01,21287.966666666667,1.0,1.0983576071354508,2.588709677419355,-317.2656519380141,0.0115,-275.88317559827317,90.29539418756326
SK,2025-04-01,21287.966666666667,1.0,1.1204179061862571,2.433333333333333,-279.4929984925938,0.0115,-243.03738999355986,80.10474700870341
SK,2025-05-01,20069.253,1.0,1.1203839111847804,2.25,-226.70551079303112,0.0115,-197.13522677654882,77.54596812143771
SK,2025-06-01,20069.253,1.0,1.1412288475221246,2.083333333333333,-189.07333278180053,0.0115,-164.41159372330483,66.48714003483545
SK,2025-07-01,20069.253,1.0,1.1616569430603703,2.0,-168.24918910514836,0.0115,-146.30364270012902,59.373053361423814
SK,2025-08-01,20069.253,1.0,1.1822294009183085,2.0,-164.12045048932035,0.0115,-142.71343520810467,58.73537752303628
SK,2025-09-01,20069.253,1.0,1.203057373646897,2.0,-159.94043194764893,0.0115,-139.07863647621647,57.56670784415985
SK,2025-10-01,18975.00233333333,1.0,1.202767607539565,2.0,-151.27486507145667,0.0115,-131.54336093170147,59.554912850427115
SK,2025-11-01,18975.00233333333,1.0,1.2220069327813776,2.0,-147.62420265790513,0.0115,-128.36887187643924,58.63756060263822
SK,2025-12-01,18975.00233333333,1.0,1.2422284496710498,2.0,-143.78716935625442,0.0115,-125.03232117935168,57.90962788163087
SK,2026-01-01,18975.00233333333,1.0,1.2616360586360502,2.0,-140.1045751023014,0.011364,-123.28808087143733,57.2202960030568
SK,2026-02-01,18923.440333333332,1.0,1.2751187057858513,2.0,-137.17247919810887,0.011364,-120.7079190409265,55.47672562597603
SK,2026-03-01,18923.440333333332,1.0,1.296561593277208,2.0,-133.11474717793817,0.011364,-117.13722912525357,53.98017081737915
SK,2026-04-01,18923.440333333332,1.0,1.3186342945883445,2.0,-128.9378327153704,0.011364,-113.46166201634142,52.18144577358905
SK,2026-05-01,18045.18888888889,1.0,1.3184686254084175,2.0,-122.98362388209196,0.011364,-108.22212590821185,51.53110624714758
SK,2026-06-01,18045.18888888889,1.0,1.3409802525841474,2.1166666666666667,-139.97407860663944,0.011364,-123.17324762991854,56.21217487872647
SK,2026-07-01,18045.18888888889,1.0,1.3647251265493026,2.25,-159.74952310005042,0.011364,-140.57508192542275,61.05785707386522
SK,2026-08-01,18045.18888888889,1.0,1.3897650044746717,2.25,-155.2310298308704,0.011364,-136.59893508524323,60.074515342732155
