ncb,month,stock_eur_m,approx_share,portfolio_yield_pct,ref_pct,carry_eur_m_pa,key_share,carry_per_keypp_eur_m_pa,carry_per_keypp_demeaned
AT,2015-03-01,1080.888888888889,1.0,0.20885779734735382,0.05,1.7170762806611757,0.029565,0.5807800712535686,-1.176114840690286
AT,2015-04-01,2152.0,1.0,0.1861394033194371,0.05,2.929719959434286,0.029565,0.9909419784996739,-2.816912459561327
AT,2015-05-01,3320.0,1.0,0.29848985573580056,0.05,8.249863210428579,0.029565,2.79041542717016,-4.838920885547697
AT,2015-06-01,4484.444444444444,1.0,0.42113851593261453,0.05,16.64350055893369,0.029565,5.629460699791541,-6.776040414089732
AT,2015-07-01,5696.0,1.0,0.5008447336110917,0.05,25.680116026487784,0.029565,8.685985464734578,-7.553951838706659
AT,2015-08-01,6641.777777777777,1.0,0.5282511538201528,0.05,31.764378856392725,0.029565,10.743913024316836,-8.306961394450077
AT,2015-09-01,7778.666666666666,1.0,0.554874285161746,0.05,39.27248772844834,0.029565,13.283439109909805,-9.162782799794153
AT,2015-10-01,8955.555555555555,1.0,0.560062461026435,0.05,45.678927065256275,0.029565,15.45033893632886,-10.63041613396039
AT,2015-11-01,10209.777777777777,1.0,0.5622616937430114,0.05,52.300780571842026,0.029565,17.69009997356402,-12.158156842329213
AT,2015-12-01,11236.444444444443,1.0,0.5709937439250317,0.05,58.541172595167325,0.029565,19.800836325103102,-12.468205689308657
AT,2016-01-01,12434.666666666666,1.0,0.5684455236221353,0.05,64.46697271066711,0.029565,21.805165807768343,-13.598511885712501
AT,2016-02-01,13642.666666666666,1.0,0.5481629366185553,0.05,67.96270889974744,0.029565,22.987555859884132,-15.189661627643488
AT,2016-03-01,14845.333333333332,1.0,0.525669195248465,0.0241935483870967,74.44573136205965,0.029565,25.18035899274806,-16.51483563196711
AT,2016-04-01,16676.444444444445,1.0,0.4933819716574491,0.0,82.27857040235915,0.029565,27.82972108992361,-18.367648140002288
AT,2016-05-01,18578.666666666664,1.0,0.4657113722721999,0.0,86.5229634832111,0.029565,29.26533518796249,-20.56782109865355
AT,2016-06-01,20222.222222222223,1.0,0.4462602640051052,0.0,90.24374227658795,0.029565,30.523843151222035,-22.524054617981133
AT,2016-07-01,21891.555555555555,1.0,0.4183256235983296,0.0,91.57798629315253,0.029565,30.975134886911054,-23.871162323389004
AT,2016-08-01,23095.11111111111,1.0,0.3986900609202801,0.0,92.07791255849526,0.029565,31.14422883764426,-24.82755453048544
AT,2016-09-01,24769.777777777777,1.0,0.3773887754674316,0.0,93.47836104155955,0.029565,31.617913425185034,-25.921543854055894
AT,2016-10-01,26511.11111111111,1.0,0.3643883169559579,0.0,96.60339158410171,0.029565,32.67491682195221,-26.989007346699097
AT,2016-11-01,28182.22222222222,1.0,0.3673012834115038,0.0,103.51366391610424,0.029565,35.01223200274116,-27.97069708633542
AT,2016-12-01,29511.11111111111,1.0,0.370141148638925,0.0,109.23276564277609,0.029565,36.94664828099986,-28.55589293588232
AT,2017-01-01,31262.22222222222,1.0,0.37552307308703536,0.0,117.39685760418695,0.029565,39.70805263121493,-28.889960813642354
AT,2017-02-01,32940.444444444445,1.0,0.38120980159498846,0.0,125.57220291117406,0.029565,42.473263288068345,-29.556420417368763
AT,2017-03-01,34680.88888888889,1.0,0.3868982909714987,0.0,134.1797664048355,0.029565,45.384666465359544,-30.077452588520458
AT,2017-04-01,36069.33333333333,1.0,0.38747154594596134,0.0,139.7584034790686,0.029565,47.271572291245924,-30.613056402291882
AT,2017-05-01,37397.33333333333,1.0,0.3934315348254162,0.0,147.1329025171103,0.029565,49.76590648304086,-30.381434976894376
AT,2017-06-01,38723.555555555555,1.0,0.3954453230144305,0.0,153.13048934933911,0.029565,51.7945169454893,-30.14417049764574
AT,2017-07-01,40078.22222222222,1.0,0.40285273395192905,0.0,161.45621394155177,0.029565,54.610591558109846,-29.841382108460692
AT,2017-08-01,41165.33333333333,1.0,0.40517217424621327,0.0,166.79047610236782,0.029565,56.41484055551084,-29.874248283497202
AT,2017-09-01,42468.444444444445,1.0,0.40716232570795213,0.0,172.91550609198958,0.029565,58.48655710873992,-29.836173236203884
AT,2017-10-01,43758.22222222222,1.0,0.409489500431724,0.0,179.1853255755814,0.029565,60.60724693914473,-29.72509960644757
AT,2017-11-01,45043.555555555555,1.0,0.40911668439713195,0.0,184.28070102346902,0.029565,62.33069542481617,-29.643074979386384
AT,2017-12-01,46187.555555555555,1.0,0.40855121976476655,0.0,188.69982160175144,0.029565,63.8254089638936,-29.77525188372342
AT,2018-01-01,46675.555555555555,1.0,0.409968732951328,0.0,191.35518370910432,0.029565,64.7235527512614,-29.914104051744005
AT,2018-02-01,47194.666666666664,1.0,0.41320950803706935,0.0,195.01284995306807,0.029565,65.9607136658441,-29.87672977756793
AT,2018-03-01,47685.33333333333,1.0,0.4159205843261424,0.0,198.33311703786873,0.029565,67.08375343746617,-29.92925292662717
AT,2018-04-01,48246.22222222222,1.0,0.41828773491045174,0.0,201.80803011319634,0.029565,68.25910032578939,-29.957728287576955
AT,2018-05-01,48758.22222222222,1.0,0.4202239604252054,0.0,204.89373245514477,0.029565,69.30280143925073,-30.169673902875743
AT,2018-06-01,49319.11111111111,1.0,0.4215488910695855,0.0,207.9041659742656,0.029565,70.32104379308831,-30.60236903810994
AT,2018-07-01,49896.0,1.0,0.421620820191896,0.0,210.37192444294843,0.029565,71.15573294197478,-30.925475267370615
AT,2018-08-01,50403.555555555555,1.0,0.42162838488568655,0.0,212.51569721384863,0.029565,71.88083788731562,-31.341856968143546
AT,2018-09-01,50941.33333333333,1.0,0.4222765682741958,0.0,215.11331423311898,0.029565,72.75945010421748,-31.633635341806794
AT,2018-10-01,51193.777777777774,1.0,0.42263189819118807,0.0,216.36123477800083,0.029565,73.18154398038249,-32.63527611386802
AT,2018-11-01,51394.666666666664,1.0,0.422600475060926,0.0,217.1941054893127,0.029565,73.4632523217699,-33.43630855512251
AT,2018-12-01,51723.555555555555,1.0,0.4219824436507042,0.0,218.26432367636292,0.029565,73.82524054671501,-34.46502208198362
AT,2019-01-01,51978.666666666664,1.0,0.4211256320794037,0.0,218.89548854644627,0.029565,74.03872435191823,-34.911567649244034
AT,2019-02-01,52118.22222222222,1.0,0.42067530707764805,0.0,219.2484913767443,0.029565,74.1581232459815,-34.97165973807904
AT,2019-03-01,51876.44444444444,1.0,0.420675307077648,0.0,218.2313919676321,0.029565,73.81410179862408,-35.799117517170046
AT,2019-04-01,52112.0,1.0,0.4193285189422345,0.0,218.52047779117726,0.029565,73.91188154614485,-35.916751375070135
AT,2019-05-01,52291.555555555555,1.0,0.41801659504185507,0.0,218.5873800277533,0.029565,73.93451041019898,-36.017495914637365
AT,2019-06-01,51833.777777777774,1.0,0.41801659504185507,0.0,216.67379294822837,0.029565,73.28726296236373,-36.41909906125211
AT,2019-07-01,51917.33333333333,1.0,0.41690760353563094,0.0,216.44731021960527,0.029565,73.21065794676315,-36.4783444410385
AT,2019-08-01,51981.33333333333,1.0,0.4157735016513303,0.0,216.12460980505017,0.029565,73.10150847456457,-36.45318714681143
AT,2019-09-01,52105.777777777774,1.0,0.4137444797283146,0.0,215.5847791750584,0.029565,72.91891736007386,-36.32275360555521
AT,2019-10-01,51755.555555555555,1.0,0.4137444797283146,0.0,214.13575406383214,0.029565,72.42880232160735,-36.510723179375944
AT,2019-11-01,52332.44444444444,1.0,0.40675127731559135,0.0,212.86288622824998,0.029565,71.9982703291899,-37.07021489214952
AT,2019-12-01,52956.44444444444,1.0,0.39973407942844474,0.0,211.68495569803574,0.029565,71.59984972028944,-37.56983448686486
AT,2020-01-01,53633.777777777774,1.0,0.39185448602410805,0.0,210.16636424642337,0.029565,71.0862047172073,-37.83358188197299
AT,2020-02-01,54157.33333333333,1.0,0.38435075394754226,0.0,208.15411898455025,0.029565,70.4055873446813,-38.48065298387354
AT,2020-03-01,55414.666666666664,1.0,0.3712803353142555,0.0,205.74376021327697,0.029565,69.5903129420859,-34.31783186494404
AT,2020-04-01,58226.777777777774,1.0,0.3495382999585763,0.0,203.52488916510254,0.029565,68.83980692207086,-39.31934251465729
AT,2020-05-01,62386.88888888888,1.0,0.314450331313067,0.0,196.17577880702606,0.029565,66.35406014105396,-46.045925479383214
AT,2020-06-01,66127.0,1.0,0.2849177427637583,0.0,188.40755575739047,0.029565,63.726553613188045,-44.78628849341959
AT,2020-07-01,67768.0,1.0,0.2667700882314873,0.0,180.7847533927143,0.029565,61.14823385513759,-47.932844179095085
AT,2020-08-01,69687.88888888888,1.0,0.2520185590479207,0.0,175.62641340869376,0.029565,59.40348838447277,-49.78891086180477
AT,2020-09-01,72353.55555555556,1.0,0.23100666775948517,0.0,167.14153769439676,0.029565,56.53358284944927,-52.4150286276704
AT,2020-10-01,74901.11111111111,1.0,0.20966964392434886,0.0,157.04489296204756,0.029565,53.1185161380171,-54.60132407438937
AT,2020-11-01,77637.22222222222,1.0,0.187662630830458,0.0,145.69605372591118,0.029565,49.27990993604302,-56.77201519007492
AT,2020-12-01,79737.44444444444,1.0,0.17126125280841767,0.0,136.55934631297157,0.029565,46.18953029358077,-58.35430988737818
AT,2021-01-01,81826.22222222222,1.0,0.15605420888471672,0.0,127.69326374913915,0.029565,43.190686199607356,-60.06254750524205
AT,2021-02-01,83927.44444444444,1.0,0.14628940522684097,0.0,122.77695929986515,0.029565,41.52780629117712,-60.975195117720624
AT,2021-03-01,86435.66666666666,1.0,0.137965963018587,0.0,119.25179990820244,0.029565,40.33546420030524,-61.87979727577532
AT,2021-04-01,89326.33333333333,1.0,0.1302547704153438,0.0,116.35181040377806,0.029565,39.354578184941,-61.94313378917217
AT,2021-05-01,91992.22222222222,1.0,0.1266979310346348,0.0,116.5522422683391,0.029565,39.42237181408392,-62.52386188882713
AT,2021-06-01,94699.44444444444,1.0,0.12132500514339306,0.0,114.89410584298686,0.029565,38.861527428711945,-63.183805094430646
AT,2021-07-01,97624.22222222222,1.0,0.1113187801375999,0.0,108.67409329659749,0.029565,36.75768418623287,-64.97091423618338
AT,2021-08-01,99702.88888888888,1.0,0.10262778964761932,0.0,102.32287108148849,0.029565,34.609460876539316,-66.00336705299338
AT,2021-09-01,99846.44444444444,1.0,0.09428905091960585,0.0,94.14426484363817,0.029565,31.843147249666217,-68.47390446850545
AT,2021-10-01,102183.66666666666,1.0,0.0911482568014858,0.0,93.13863090250757,0.029565,31.50300385675886,-69.63248715574659
AT,2021-11-01,104309.66666666666,1.0,0.08688028980145192,0.0,90.62454069092848,0.029565,30.652643561957884,-70.93877888862386
AT,2021-12-01,105187.33333333333,1.0,0.08488314025605492,0.0,89.28631168493733,0.029565,30.200003952287275,-71.89161424220126
AT,2022-01-01,107635.44444444444,1.0,0.08442822699281123,0.0,90.87469736027677,0.029565,30.73725599874066,-73.27294347770618
AT,2022-02-01,108917.22222222222,1.0,0.08874572964586484,0.0,96.65938357111916,0.029565,32.69385542740374,-74.41089837500459
AT,2022-03-01,110355.88888888889,1.0,0.09555270846158144,0.0,105.44804078018674,0.029565,35.66651134117596,-74.44508490385407
AT,2022-04-01,111260.22222222222,1.0,0.10454836870354199,0.0,116.32074734926904,0.029565,39.34407148630781,-74.76592064682855
AT,2022-05-01,112538.55555555555,1.0,0.11969154787020547,0.0,134.69913909521554,0.029565,45.56033793174887,-70.90522362557058
AT,2022-06-01,113353.0,1.0,0.1329709616946961,0.0,150.72657420978888,0.029565,50.98142202259052,-69.29551932222918
AT,2022-07-01,113838.0,1.0,0.13939006319941796,0.0806451612903225,66.8740214352761,0.029565,22.619320627524473,-79.87958148765823
AT,2022-08-01,114036.44444444444,1.0,0.14183184949888117,0.5,-408.4422239639025,0.029565,-138.1505915656697,-124.4201006576593
AT,2022-09-01,112432.77777777778,1.0,0.14116653348175207,0.925,-881.285739558314,0.029565,-298.0841331162909,-168.64355810283507
AT,2022-10-01,113065.66666666666,1.0,0.16006184853218497,1.25,-1232.345837211428,0.029565,-416.8259216003477,-199.7527175940092
AT,2022-11-01,109935.11111111111,1.0,0.1570513558813606,1.975,-1998.5638618547641,0.029565,-675.9898061406271,-259.3756471786523
AT,2022-12-01,110339.0,1.0,0.16639749768575768,2.177419354838709,-2218.941406963995,0.029565,-750.5298180158956,-278.51258254808096
AT,2023-01-01,111335.55555555555,1.0,0.1898552364686983,2.5,-2572.0125066151495,0.029565,-869.9518033536781,-310.8508499036068
AT,2023-02-01,112146.11111111111,1.0,0.2104267497825007,2.875,-2988.215277825862,0.029565,-1010.7273052006974,-349.6276812400765
AT,2023-03-01,113338.0,1.0,0.24015417876489578,3.161290322580645,-3310.757282677894,0.029565,-1119.823197252797,-383.42250887995465
AT,2023-04-01,111947.55555555555,1.0,0.2412106085321572,3.5,-3648.135064452014,0.029565,-1233.9371095728104,-407.7218966141387
AT,2023-05-01,112795.33333333333,1.0,0.2615875622959667,3.6774193548387095,-3852.898856504562,0.029565,-1303.1959602586037,-429.4776161147877
AT,2023-06-01,113230.88888888889,1.0,0.27216521593359905,3.8333333333333335,-4032.3423141594294,0.029565,-1363.8905172194925,-449.417235603122
AT,2023-07-01,109355.77777777778,1.0,0.27129644633502814,4.0,-4077.55277213797,0.029565,-1379.1824022113883,-432.1982768743171
AT,2023-08-01,109646.77777777778,1.0,0.27885828885143926,4.241935483870968,-4345.386445184852,0.029565,-1469.7738695027404,-458.2246936784344
AT,2023-09-01,109825.77777777778,1.0,0.2836698543734272,4.341666666666667,-4456.72656129848,0.029565,-1507.433303331128,-472.6453083774577
AT,2023-10-01,105403.0,1.0,0.28168974260115476,4.5,-4446.225560606104,0.029565,-1503.8814681569777,-436.5347651496436
AT,2023-11-01,105668.0,1.0,0.2888143626900754,4.5,-4449.87563923265,0.029565,-1505.1160626526805,-440.31210118097806
AT,2023-12-01,105823.0,1.0,0.29215275890435527,4.5,-4452.870185944644,0.029565,-1506.1289314881258,-441.4433740793056
AT,2024-01-01,105828.22222222222,1.0,0.29544345710047804,4.5,-4449.6074416786905,0.029565,-1505.0253481071165,-446.0091516872162
AT,2024-02-01,106226.22222222222,1.0,0.3047632898857673,4.5,-4456.44147043419,0.029565,-1507.3368748297614,-453.17483906274674
AT,2024-03-01,106700.22222222222,1.0,0.3157301777458335,4.5,-4464.625198722579,0.029565,-1510.1049209276437,-461.1397194712438
AT,2024-04-01,106938.22222222222,1.0,0.3214571269311049,4.5,-4468.4594632532435,0.029565,-1511.401814054877,-470.2244356247236
AT,2024-05-01,107515.22222222222,1.0,0.3355311818629139,4.5,-4477.43790419524,0.029565,-1514.4386619973752,-475.6571976590003
AT,2024-06-01,107902.22222222222,1.0,0.3449414359604176,4.341666666666667,-4312.55534004828,0.029565,-1458.6691493483106,-471.79300249568803
AT,2024-07-01,103524.22222222222,1.0,0.34623857949738895,4.25,-4041.338647986502,0.029565,-1366.9334172117376,-412.01173034543535
AT,2024-08-01,103586.22222222222,1.0,0.34758547533620715,4.25,-4042.363781550513,0.029565,-1367.2801561138215,-415.4468675261172
AT,2024-09-01,103746.66666666666,1.0,0.35161218532505406,3.99,-3774.7060781314335,0.029565,-1276.748208398929,-398.3291130069697
AT,2024-10-01,98467.0,1.0,0.35168955102246063,3.577419354838709,-3176.279365923745,0.029565,-1074.3376850748334,-311.0310172926248
AT,2024-11-01,98490.77777777778,1.0,0.3567617400381766,3.4,-2997.3090318673103,0.029565,-1013.803156390093,-301.22453534746114
AT,2024-12-01,98591.77777777778,1.0,0.3588929270468702,3.287096774193548,-2886.968229859192,0.029565,-976.4817283474351,-296.3440004738386
AT,2025-01-01,98301.77777777778,1.0,0.35918369940322215,3.0,-2595.9693713319766,0.029565,-878.0549201190518,-273.49328823209555
AT,2025-02-01,98301.77777777778,1.0,0.35918369940322215,2.7857142857142856,-2385.32270466531,0.029565,-806.8062589769355,-260.4591558221257
AT,2025-03-01,98301.77777777778,1.0,0.35918369940322215,2.588709677419355,-2191.6636724072455,0.029565,-741.3034576043448,-249.46944103859727
AT,2025-04-01,94872.66666666666,1.0,0.3597635424141661,2.433333333333333,-1967.250955839438,0.029565,-665.3985982883266,-217.29661311737152
AT,2025-05-01,94872.66666666666,1.0,0.3597635424141661,2.25,-1793.317733617216,0.029565,-606.567811133846,-207.2532888308109
AT,2025-06-01,94790.88888888888,1.0,0.35970272474410975,2.083333333333333,-1633.8447750426897,0.029565,-552.6280314705529,-197.22927458641578
AT,2025-07-01,94790.88888888888,1.0,0.35970272474410975,2.0,-1554.8523676352825,0.029565,-525.9098148605724,-195.84590186741235
AT,2025-08-01,94790.88888888888,1.0,0.35970272474410975,2.0,-1554.8523676352825,0.029565,-525.9098148605724,-197.00026698121405
AT,2025-09-01,94609.22222222222,1.0,0.35973069111354045,2.0,-1551.846035487299,0.029565,-524.8929597454081,-198.41282824496915
AT,2025-10-01,89364.88888888888,1.0,0.35983407776520504,2.0,-1465.732453998544,0.029565,-495.76609301489736,-174.43411248193723
AT,2025-11-01,89364.88888888888,1.0,0.35983407776520504,2.0,-1465.732453998544,0.029565,-495.76609301489736,-176.66932696710006
AT,2025-12-01,89364.88888888888,1.0,0.35983407776520504,2.0,-1465.732453998544,0.029565,-495.76609301489736,-176.96715720761983
AT,2026-01-01,89364.88888888888,1.0,0.35983407776520504,2.0,-1465.732453998544,0.029216,-501.6882714945729,-180.5013343084126
AT,2026-02-01,89364.88888888888,1.0,0.35983407776520504,2.0,-1465.732453998544,0.029216,-501.6882714945729,-184.60210945048925
AT,2026-03-01,84916.33333333333,1.0,0.3596446892361581,2.0,-1392.9295835392595,0.029216,-476.7694357678189,-163.85497490826043
AT,2026-04-01,84916.33333333333,1.0,0.3596446892361581,2.0,-1392.9295835392595,0.029216,-476.7694357678189,-168.11790790552686
AT,2026-05-01,84916.33333333333,1.0,0.3596446892361581,2.0,-1392.9295835392595,0.029216,-476.7694357678189,-171.82147267011032
AT,2026-06-01,84916.33333333333,1.0,0.3596446892361581,2.1166666666666667,-1491.9986390948152,0.029216,-510.6786141480063,-182.7412616608056
AT,2026-07-01,83374.88888888888,1.0,0.3600206290242246,2.25,-1575.7682005739737,0.029216,-539.3511091778388,-186.57141679449904
AT,2026-08-01,83374.88888888888,1.0,0.3600206290242246,2.25,-1575.7682005739737,0.029216,-539.3511091778388,-187.52376777869495
BE,2015-03-01,1358.2222222222222,1.0,0.3994659967404376,0.05,4.74652482683901,0.036695,1.2935072426322414,-0.463387669311613
BE,2015-04-01,2718.222222222222,1.0,0.38091478317884164,0.05,8.994999172985759,0.036695,2.4512874159928493,-1.3565670220681518
BE,2015-05-01,4190.222222222222,1.0,0.5178721195233753,0.05,19.604881523850587,0.036695,5.342657453018282,-2.286678859699575
BE,2015-06-01,5663.11111111111,1.0,0.6670021668177135,0.05,34.941518264850245,0.036695,9.522146958672911,-2.8833541552083624
BE,2015-07-01,7122.666666666666,1.0,0.7327534390635929,0.05,48.63025161970284,0.036695,13.252555285380254,-2.987382018060984
BE,2015-08-01,8333.333333333332,1.0,0.7489479408758657,0.05,58.24566173965546,0.036695,15.87291504010232,-3.1779593786645925
BE,2015-09-01,9784.888888888889,1.0,0.7672052051009577,0.05,70.17773242445637,0.036695,19.124603467626752,-3.321618442077206
BE,2015-10-01,11276.444444444443,1.0,0.7650493939011804,0.05,80.63214765360333,0.036695,21.973606118981696,-4.107148951307554
BE,2015-11-01,12844.444444444443,1.0,0.7676680232087988,0.05,92.1804705365968,0.036695,25.120716865130618,-4.7275399507626155
BE,2015-12-01,14129.777777777777,1.0,0.7726524587487018,0.05,102.10918652683878,0.036695,27.82645769909764,-4.442584315314118
BE,2016-01-01,15648.888888888889,1.0,0.774805720603821,0.05,113.42404187760238,0.036695,30.9099446457562,-4.493733047724643
BE,2016-02-01,17166.222222222223,1.0,0.7655765888169702,0.05,122.83746740651848,0.036695,33.47526022796525,-4.70195725956237
BE,2016-03-01,18686.222222222223,1.0,0.750947559424246,0.0241935483870967,135.80286951131512,0.036695,37.008548715442195,-4.6866459092729755
BE,2016-04-01,21008.0,1.0,0.726279760586822,0.0,152.57685210407956,0.036695,41.579738957372825,-4.617630272553072
BE,2016-05-01,23403.555555555555,1.0,0.705657623831494,0.0,165.14897402541695,0.036695,45.00585203036298,-4.827304256253058
BE,2016-06-01,25484.44444444444,1.0,0.6804170266449826,0.0,173.40049914588133,0.036695,47.254530357237044,-5.793367411966123
BE,2016-07-01,27589.333333333332,1.0,0.6422362314330129,0.0,177.188694677492,0.036695,48.28687687082491,-6.559420339475146
BE,2016-08-01,29104.0,1.0,0.6162703031348181,0.0,179.35930902435746,0.036695,48.87840551147499,-7.093377856654712
BE,2016-09-01,31216.888888888887,1.0,0.5866790827903048,0.0,183.1429574090019,0.036695,49.90951285161518,-7.629944427625745
BE,2016-10-01,33418.666666666664,1.0,0.5660857832492026,0.0,189.17832095144016,0.036695,51.55425015708957,-8.109674011561737
BE,2016-11-01,35527.11111111111,1.0,0.5661165939366176,0.0,201.12487134629984,0.036695,54.80988454729523,-8.173044541781344
BE,2016-12-01,37186.666666666664,1.0,0.5681450049641621,0.0,211.27418917933974,0.036695,57.57574306563286,-7.926798151249322
BE,2017-01-01,39399.11111111111,1.0,0.5760144016119073,0.0,226.94455410707712,0.036695,61.84617907264672,-6.751834372210567
BE,2017-02-01,41505.777777777774,1.0,0.5911118612295044,0.0,245.34557554000423,0.036695,66.86076455648025,-5.16891914895686
BE,2017-03-01,43637.33333333333,1.0,0.6052702265467406,0.0,264.123786325623,0.036695,71.9781404348339,-3.4839786190460984
BE,2017-04-01,45391.11111111111,1.0,0.6127317373743357,0.0,278.12574372462626,0.036695,75.7939075417976,-2.090721151740212
BE,2017-05-01,47062.22222222222,1.0,0.6189747666496411,0.0,291.3032801801355,0.036695,79.38500618071551,-0.7623352792197267
BE,2017-06-01,48738.666666666664,1.0,0.620160272319313,0.0,302.2578479248022,0.036695,82.37030874091899,0.4316212977839484
BE,2017-07-01,50449.777777777774,1.0,0.628178787407306,0.0,316.91480229412497,0.036695,86.36457345527319,1.91259978870265
BE,2017-08-01,51822.22222222222,1.0,0.631353231226993,0.0,327.1812744936328,0.036695,89.1623584939727,2.873269654964659
BE,2017-09-01,53468.44444444444,1.0,0.6341452807261247,0.0,339.06761712211426,0.036695,92.4015852628735,4.078854917929689
BE,2017-10-01,55096.0,1.0,0.6361977868750648,0.0,350.51953265668567,0.036695,95.52242339737994,5.190076851787637
BE,2017-11-01,56717.33333333333,1.0,0.634687896011671,0.0,359.97804960725944,0.036695,98.1000271446408,6.126256740438251
BE,2017-12-01,58191.11111111111,1.0,0.6319724225596842,0.0,367.7517746032865,0.036695,100.21849696233451,6.617836114717491
BE,2018-01-01,58824.88888888888,1.0,0.6325352790847418,0.0,372.08817510462256,0.036695,101.4002384806166,6.762581677611195
BE,2018-02-01,59497.777777777774,1.0,0.6360117714948448,0.0,378.4128704445105,0.036695,103.12382353032034,7.286380086908309
BE,2018-03-01,60132.44444444444,1.0,0.6381756842637601,0.0,383.7506387978587,0.036695,104.5784545027548,7.565448138661452
BE,2018-04-01,60844.44444444444,1.0,0.6397313248576904,0.0,389.2409705467458,0.036695,106.07466154700799,7.857832933641646
BE,2018-05-01,61487.11111111111,1.0,0.6412888893768114,0.0,394.3100119543304,0.036695,107.45605994122643,7.983584599099956
BE,2018-06-01,62211.555555555555,1.0,0.6426337316683359,0.0,399.79244099558656,0.036695,108.95011336574099,8.02670053454274
BE,2018-07-01,62945.777777777774,1.0,0.6425887583828479,0.0,404.4824918766488,0.036695,110.22823051550589,8.147022306160494
BE,2018-08-01,63589.33333333333,1.0,0.6427699489451428,0.0,408.7331254012233,0.036695,111.38659910102828,8.163904245569114
BE,2018-09-01,64238.22222222222,1.0,0.6434958994368395,0.0,413.3703258711246,0.036695,112.65031363159139,8.257228185567115
BE,2018-10-01,64549.33333333333,1.0,0.6441773733591484,0.0,415.8121999875078,0.036695,113.31576508720748,7.498944992956979
BE,2018-11-01,64802.666666666664,1.0,0.6445334824565984,0.0,417.6748841914079,0.036695,113.82337762403813,6.923816747145722
BE,2018-12-01,65215.11111111111,1.0,0.6447163634054949,0.0,420.4524927464084,0.036695,114.58032231813827,6.290059689439644
BE,2019-01-01,65461.33333333333,1.0,0.6448605428960176,0.0,422.134309520305,0.036695,115.03864546131763,6.088353460155361
BE,2019-02-01,65595.55555555555,1.0,0.6447725210434795,0.0,422.94211724803165,0.036695,115.25878655076487,6.129003566704327
BE,2019-03-01,65076.44444444444,1.0,0.6447725210434795,0.0,419.5950314499038,0.036695,114.34664980239918,4.733430486605059
BE,2019-04-01,65262.22222222222,1.0,0.6440315049240251,0.0,420.30927192463923,0.036695,114.54129225361473,4.712659332399738
BE,2019-05-01,65427.555555555555,1.0,0.6432044821765973,0.0,420.8329699119167,0.036695,114.68400869652996,4.732002371693611
BE,2019-06-01,65514.666666666664,1.0,0.6424312148888028,0.0,420.88666899701616,0.036695,114.69864259354577,4.992280569929932
BE,2019-07-01,65720.88888888889,1.0,0.6401342041325755,0.0,420.7018890377432,0.036695,114.64828697036195,4.959284582560301
BE,2019-08-01,65768.88888888889,1.0,0.6394097436790624,0.0,420.53268386501185,0.036695,114.6021757364796,5.047480115103596
BE,2019-09-01,64714.666666666664,1.0,0.6394097436790624,0.0,413.79188425609294,0.036695,112.76519532799918,3.523524362370111
BE,2019-10-01,65029.33333333333,1.0,0.6352071240334626,0.0,413.0709580448004,0.036695,112.56873090197587,3.629205400992575
BE,2019-11-01,65678.22222222222,1.0,0.6277749972561221,0.0,412.31145775342526,0.036695,112.3617543952651,3.2932691739256654
BE,2019-12-01,66442.66666666666,1.0,0.6196756626765066,0.0,411.72903496660894,0.036695,112.20303446426188,3.0333502571075712
BE,2020-01-01,67296.0,1.0,0.6103704278988396,0.0,410.75488315880307,0.036695,111.93756183643633,3.0177752372560462
BE,2020-02-01,67923.55555555555,1.0,0.6027725805929652,0.0,409.42456865271856,0.036695,111.57502892838768,2.688788599832847
BE,2020-03-01,70113.33333333333,1.0,0.5805696038118904,0.0,407.05670155264335,0.036695,110.92974562001454,7.021600812984602
BE,2020-04-01,74289.55555555555,1.0,0.5460274021606132,0.0,405.6413302766655,0.036695,110.54403332243236,2.3848838857041983
BE,2020-05-01,79603.22222222222,1.0,0.4992058535505262,0.0,397.38394494816663,0.036695,108.29375799105236,-4.106227629384819
BE,2020-06-01,84726.66666666666,1.0,0.4551093254814612,0.0,385.59896116959266,0.036695,105.08215320059755,-3.43068890601009
BE,2020-07-01,88472.55555555555,1.0,0.4214802562746532,0.0,372.8943538882904,0.036695,101.61993565561805,-7.461142378614625
BE,2020-08-01,90831.66666666666,1.0,0.40049600569261123,0.0,363.77719690402694,0.036695,99.13535819703692,-10.057041049240624
BE,2020-09-01,92032.88888888889,1.0,0.3761005623387159,0.0,346.13621264767676,0.036695,94.32789553009314,-14.620715947026525
BE,2020-10-01,95287.44444444444,1.0,0.346559537962491,0.0,330.22772720293193,0.036695,89.99256770757104,-17.727272504835426
BE,2020-11-01,98525.11111111111,1.0,0.3180744989369724,0.0,313.383253493762,0.036695,85.40216745980707,-20.64975766631086
BE,2020-12-01,100959.77777777777,1.0,0.2978361115842897,0.0,300.6946763974731,0.036695,81.9443184078139,-22.599521773145057
BE,2021-01-01,103458.22222222222,1.0,0.27882266616008505,0.0,288.46497356182556,0.036695,78.61152025121285,-24.641713453636555
BE,2021-02-01,105944.44444444444,1.0,0.26312533266002625,0.0,278.76667187926114,0.036695,75.96857116208234,-26.534430246815404
BE,2021-03-01,108965.11111111111,1.0,0.24908372516641478,0.0,271.41435788727847,0.036695,73.9649428770346,-28.250318599045954
BE,2021-04-01,112561.77777777777,1.0,0.23521478594742679,0.0,264.7619446586182,0.036695,72.15204923248895,-29.14566274162422
BE,2021-05-01,115802.55555555555,1.0,0.22660488130773998,0.0,262.4142435679963,0.036695,71.51226149829577,-30.433972204615273
BE,2021-06-01,119028.0,1.0,0.21736332556026236,0.0,258.7232191478691,0.036695,70.50639573453307,-31.53893678860952
BE,2021-07-01,122658.44444444444,1.0,0.20426550080858005,0.0,250.54888582845837,0.036695,68.27875346190446,-33.44984496051178
BE,2021-08-01,125199.22222222222,1.0,0.19357869634323166,0.0,242.35902220964337,0.036695,66.04687892346189,-34.56594900607081
BE,2021-09-01,125572.77777777777,1.0,0.18146893150338822,0.0,227.87557809245743,0.036695,62.0998986489869,-38.21715306918477
BE,2021-10-01,128392.88888888889,1.0,0.17625272817798818,0.0,226.29596945319972,0.036695,61.6694289285188,-39.46606208398664
BE,2021-11-01,131147.88888888888,1.0,0.17015840641924967,0.0,223.15915778582152,0.036695,60.81459539060404,-40.776827059977705
BE,2021-12-01,133318.77777777775,1.0,0.16532197657016,0.0,220.40523856140143,0.036695,60.06410643450101,-42.027511759987526
BE,2022-01-01,136127.55555555556,1.0,0.16381085111959293,0.0,222.99170736385224,0.036695,60.76896235559402,-43.24123712085282
BE,2022-02-01,138104.55555555556,1.0,0.16788505281885302,0.0,231.85690603968666,0.036695,63.184876969529,-43.919876832879325
BE,2022-03-01,137475.44444444444,1.0,0.1678342526949946,0.0,230.7308848224558,0.036695,62.87801739268451,-47.23357885234552
BE,2022-04-01,139817.55555555556,1.0,0.18535041631087842,0.0,259.15242129791596,0.036695,70.62336048451178,-43.48663164862458
BE,2022-05-01,140726.77777777775,1.0,0.1958888845721512,0.0,275.6681152832188,0.036695,75.12416276964677,-41.341398787672674
BE,2022-06-01,141755.55555555556,1.0,0.2090666022166691,0.0,296.36352345336275,0.036695,80.76400693646622,-39.51293440835349
BE,2022-07-01,141970.88888888888,1.0,0.21480348838260535,0.0806451612903225,190.46576949137705,0.036695,51.905101373859395,-50.59380074132331
BE,2022-08-01,142289.77777777775,1.0,0.21770268300467963,0.5,-401.68022502527015,0.036695,-109.4645660240551,-95.73407511604469
BE,2022-09-01,139528.11111111112,1.0,0.21428471176567146,0.925,-991.6476170512476,0.036695,-270.2405278787976,-140.79995286534177
BE,2022-10-01,140468.88888888888,1.0,0.2308864338188273,1.25,-1431.5375029306244,0.036695,-390.1178642677816,-173.04466026144308
BE,2022-11-01,139783.88888888888,1.0,0.2380522723269884,1.975,-2427.973081708523,0.036695,-661.6631916360602,-245.04903267408537
BE,2022-12-01,140197.0,1.0,0.24519657955964413,2.177419354838709,-2708.9183642579906,0.036695,-738.2254705703749,-266.2082351025603
BE,2023-01-01,140001.3333333333,1.0,0.2529963332648157,2.5,-3145.835093478147,0.036695,-857.2925721428388,-298.1916186927675
BE,2023-02-01,140635.77777777775,1.0,0.26518453981297907,2.875,-3670.334270998707,0.036695,-1000.227352772505,-339.12772881188414
BE,2023-03-01,141276.66666666666,1.0,0.277670203612931,3.161290322580645,-4073.882383406954,0.036695,-1110.2009492865388,-373.80026091369655
BE,2023-04-01,141760.66666666666,1.0,0.2869666340724695,3.5,-4554.817519761305,0.036695,-1241.2638015428004,-415.04858858412865
BE,2023-05-01,142440.77777777775,1.0,0.2996677876545725,3.6774193548387095,-4811.295603698162,0.036695,-1311.1583604573273,-437.44001631351125
BE,2023-06-01,138960.22222222222,1.0,0.29713467910477476,3.8333333333333335,-4913.909508135237,0.036695,-1339.1223622115376,-424.6490805951671
BE,2023-07-01,139235.22222222222,1.0,0.3027711659367758,4.0,-5147.844783172006,0.036695,-1402.873629424174,-455.88950408710275
BE,2023-08-01,139523.22222222222,1.0,0.3086540434348737,4.241935483870968,-5487.841004765074,0.036695,-1495.5282749053208,-483.97909908101485
BE,2023-09-01,139708.22222222222,1.0,0.3125504058144525,4.341666666666667,-5629.006699303102,0.036695,-1533.9982829549265,-499.21028800125623
BE,2023-10-01,136438.22222222222,1.0,0.3119488925329104,4.5,-5714.102476786185,0.036695,-1557.1883027077765,-489.84159970044243
BE,2023-11-01,136644.22222222222,1.0,0.3161935675515795,4.5,-5716.929758902447,0.036695,-1557.9587842764538,-493.15482280475135
BE,2023-12-01,136778.22222222222,1.0,0.31841031353375715,4.5,-5719.504033776323,0.036695,-1558.6603171484735,-493.97475973965334
BE,2024-01-01,137320.22222222222,1.0,0.32758461071742495,4.5,-5729.5700845970305,0.036695,-1561.4034840160868,-502.3872875961865
BE,2024-02-01,137799.22222222222,1.0,0.33629472825718637,4.5,-5737.553480087261,0.036695,-1563.579092543197,-509.41705677618233
BE,2024-03-01,138284.22222222222,1.0,0.3450783797605167,4.5,-5745.601046491123,0.036695,-1565.77218871539,-516.8069872589901
BE,2024-04-01,138768.22222222222,1.0,0.3540440003169531,4.5,-5753.269434875726,0.036695,-1567.861952548229,-526.6845741180757
BE,2024-05-01,139349.22222222222,1.0,0.3650663497089024,4.5,-5761.997881085586,0.036695,-1570.240599832562,-531.4591354941872
BE,2024-06-01,133163.44444444444,1.0,0.36448050214591565,4.341666666666667,-5296.1580886437205,0.036695,-1443.2914807586103,-456.4153339059877
BE,2024-07-01,133419.44444444444,1.0,0.3694533765308658,4.25,-5177.403746440166,0.036695,-1410.9289403025389,-456.0072534362366
BE,2024-08-01,133498.44444444444,1.0,0.3707942323025339,4.25,-5178.679356675287,0.036695,-1411.2765653836454,-459.4432767959412
BE,2024-09-01,133633.44444444444,1.0,0.37299774088517235,3.99,-4833.524704488514,0.036695,-1317.2161614630097,-438.7970660710505
BE,2024-10-01,129112.66666666666,1.0,0.37330200369420463,3.577419354838709,-4136.921355192033,0.036695,-1127.38012132226,-364.07345354005145
BE,2024-11-01,129266.66666666666,1.0,0.3760524668980743,3.4,-3908.956177789755,0.036695,-1065.255805365787,-352.6771843231551
BE,2024-12-01,129294.55555555555,1.0,0.376877377146564,3.287096774193548,-3762.755235103466,0.036695,-1025.4136081491938,-345.2758802755973
BE,2025-01-01,129294.55555555555,1.0,0.376877377146564,3.0,-3391.5547368955818,0.036695,-924.255276439728,-319.69364455277184
BE,2025-02-01,129294.55555555555,1.0,0.376877377146564,2.7857142857142856,-3114.4949749908196,0.036695,-848.7518667368361,-302.40476358202625
BE,2025-03-01,129294.55555555555,1.0,0.376877377146564,2.588709677419355,-2859.778742271926,0.036695,-779.3374416874033,-287.50342512165577
BE,2025-04-01,129294.55555555555,1.0,0.376877377146564,2.433333333333333,-2658.885588747433,0.036695,-724.5907041143025,-276.4887189433474
BE,2025-05-01,129294.55555555555,1.0,0.376877377146564,2.25,-2421.845570228915,0.036695,-659.9933424796063,-260.6788201765712
BE,2025-06-01,119984.11111111111,1.0,0.37754528238700746,2.083333333333333,-2046.6746303674956,0.036695,-557.7529991463404,-202.3542422622033
BE,2025-07-01,119984.11111111111,1.0,0.37754528238700746,2.0,-1946.6878711082368,0.036695,-530.5049383044657,-200.44102531130562
BE,2025-08-01,119984.11111111111,1.0,0.37754528238700746,2.0,-1946.6878711082368,0.036695,-530.5049383044657,-201.59539042510733
BE,2025-09-01,119984.11111111111,1.0,0.37754528238700746,2.0,-1946.6878711082368,0.036695,-530.5049383044657,-204.0248068040267
BE,2025-10-01,119984.11111111111,1.0,0.37754528238700746,2.0,-1946.6878711082368,0.036695,-530.5049383044657,-209.17295777150554
BE,2025-11-01,119984.11111111111,1.0,0.37754528238700746,2.0,-1946.6878711082368,0.036695,-530.5049383044657,-211.40817225666837
BE,2025-12-01,119984.11111111111,1.0,0.37754528238700746,2.0,-1946.6878711082368,0.036695,-530.5049383044657,-211.70600249718814
BE,2026-01-01,119984.11111111111,1.0,0.37754528238700746,2.0,-1946.6878711082368,0.036261,-536.8544362009422,-215.66749901478192
BE,2026-02-01,119984.11111111111,1.0,0.37754528238700746,2.0,-1946.6878711082368,0.036261,-536.8544362009422,-219.76827415685858
BE,2026-03-01,115348.44444444444,1.0,0.37780660962177604,2.0,-1871.1748416818755,0.036261,-516.0295749377776,-203.11511407821916
BE,2026-04-01,115348.44444444444,1.0,0.37780660962177604,2.0,-1871.1748416818755,0.036261,-516.0295749377776,-207.3780470754856
BE,2026-05-01,115221.66666666666,1.0,0.37793489518752227,2.0,-1868.97044818335,0.036261,-515.4216508599735,-210.47368776226494
BE,2026-06-01,107933.33333333333,1.0,0.3769161497698132,2.1166666666666667,-1877.7707245706704,0.036261,-517.8485768651362,-189.91122437793553
BE,2026-07-01,107933.33333333333,1.0,0.3769161497698132,2.25,-2021.6818356817814,0.036261,-557.5361505975515,-204.7564582142117
BE,2026-08-01,107933.33333333333,1.0,0.3769161497698132,2.25,-2021.6818356817814,0.036261,-557.5361505975515,-205.7088091984076
CY,2015-07-01,87.1111111111111,1.0,3.014821330588808,0.05,2.582688803535139,0.002204,11.71818876377105,-4.521748539670188
CY,2015-08-01,87.1111111111111,1.0,3.014821330588808,0.05,2.582688803535139,0.002204,11.71818876377105,-7.3326856549958634
CY,2015-09-01,87.1111111111111,1.0,3.014821330588808,0.05,2.582688803535139,0.002204,11.71818876377105,-10.728033145932908
CY,2015-10-01,167.11111111111111,1.0,3.0307550846343703,0.05,4.981172941433437,0.002204,22.600603182547356,-3.4801518877418935
CY,2015-11-01,253.33333333333331,1.0,3.1629764430888336,0.05,7.886206989158378,0.002204,35.78133842630843,5.933081610415197
CY,2015-12-01,253.33333333333331,1.0,3.1629764430888336,0.05,7.886206989158378,0.002204,35.78133842630843,3.5122964118966706
CY,2016-01-01,253.33333333333331,1.0,3.1629764430888336,0.05,7.886206989158378,0.002204,35.78133842630843,0.37766073282758583
CY,2016-02-01,253.33333333333331,1.0,3.1629764430888336,0.05,7.886206989158378,0.002204,35.78133842630843,-2.3958790612191905
CY,2016-03-01,239.1111111111111,1.0,3.1629764430888336,0.0241935483870967,7.50517865488682,0.002204,34.05253473179138,-7.642659892923788
CY,2016-04-01,239.1111111111111,1.0,3.1629764430888336,0.0,7.56302811725241,0.002204,34.315009606408395,-11.882359623517502
CY,2016-05-01,239.1111111111111,1.0,3.1629764430888336,0.0,7.56302811725241,0.002204,34.315009606408395,-15.518146680207643
CY,2016-06-01,239.1111111111111,1.0,3.1629764430888336,0.0,7.56302811725241,0.002204,34.315009606408395,-18.732888162794772
CY,2016-07-01,239.1111111111111,1.0,3.1629764430888336,0.0,7.56302811725241,0.002204,34.315009606408395,-20.531287603891663
CY,2016-08-01,239.1111111111111,1.0,3.1629764430888336,0.0,7.56302811725241,0.002204,34.315009606408395,-21.656773761721304
CY,2016-09-01,220.44444444444443,1.0,3.1629764430888336,0.0,6.972605847875829,0.002204,31.63614268546202,-25.90331459377891
CY,2016-10-01,220.44444444444443,1.0,3.1629764430888336,0.0,6.972605847875829,0.002204,31.63614268546202,-28.027781483189287
CY,2016-11-01,220.44444444444443,1.0,3.1629764430888336,0.0,6.972605847875829,0.002204,31.63614268546202,-31.34678640361456
CY,2016-12-01,220.44444444444443,1.0,3.1629764430888336,0.0,6.972605847875829,0.002204,31.63614268546202,-33.86639853142016
CY,2017-01-01,220.44444444444443,1.0,3.1629764430888336,0.0,6.972605847875829,0.002204,31.63614268546202,-36.96187075939527
CY,2017-02-01,220.44444444444443,1.0,3.1629764430888336,0.0,6.972605847875829,0.002204,31.63614268546202,-40.39354101997509
CY,2017-03-01,220.44444444444443,1.0,3.1629764430888336,0.0,6.972605847875829,0.002204,31.63614268546202,-43.82597636841798
CY,2017-04-01,220.44444444444443,1.0,3.1629764430888336,0.0,6.972605847875829,0.002204,31.63614268546202,-46.24848600807579
CY,2017-05-01,220.44444444444443,1.0,3.1629764430888336,0.0,6.972605847875829,0.002204,31.63614268546202,-48.511198774473215
CY,2017-06-01,190.2222222222222,1.0,3.162976443088834,0.0,6.016684078408981,0.002204,27.298929575358358,-54.63975786777668
CY,2017-07-01,190.2222222222222,1.0,3.162976443088834,0.0,6.016684078408981,0.002204,27.298929575358358,-57.15304409121218
CY,2017-08-01,190.2222222222222,1.0,3.162976443088834,0.0,6.016684078408981,0.002204,27.298929575358358,-58.99015926364969
CY,2017-09-01,189.33333333333331,1.0,3.1629764430888336,0.0,5.988568732248191,0.002204,27.171364483884716,-61.15136586105909
CY,2017-10-01,189.33333333333331,1.0,3.1629764430888336,0.0,5.988568732248191,0.002204,27.171364483884716,-63.160982061707585
CY,2017-11-01,189.33333333333331,1.0,3.1629764430888336,0.0,5.988568732248191,0.002204,27.171364483884716,-64.80240592031784
CY,2017-12-01,189.33333333333331,1.0,3.1629764430888336,0.0,5.988568732248191,0.002204,27.171364483884716,-66.4292963637323
CY,2018-01-01,189.33333333333331,1.0,3.1629764430888336,0.0,5.988568732248191,0.002204,27.171364483884716,-67.46629231912068
CY,2018-02-01,189.33333333333331,1.0,3.1629764430888336,0.0,5.988568732248191,0.002204,27.171364483884716,-68.66607895952731
CY,2018-03-01,189.33333333333331,1.0,3.1629764430888336,0.0,5.988568732248191,0.002204,27.171364483884716,-69.84164188020863
CY,2018-04-01,189.33333333333331,1.0,3.1629764430888336,0.0,5.988568732248191,0.002204,27.171364483884716,-71.04546412948163
CY,2018-05-01,189.33333333333331,1.0,3.1629764430888336,0.0,5.988568732248191,0.002204,27.171364483884716,-72.30111085824176
CY,2018-06-01,189.33333333333331,1.0,3.1629764430888336,0.0,5.988568732248191,0.002204,27.171364483884716,-73.75204834731353
CY,2018-07-01,189.33333333333331,1.0,3.1629764430888336,0.0,5.988568732248191,0.002204,27.171364483884716,-74.90984372546068
CY,2018-08-01,189.33333333333331,1.0,3.1629764430888336,0.0,5.988568732248191,0.002204,27.171364483884716,-76.05133037157445
CY,2018-09-01,189.33333333333331,1.0,3.1629764430888336,0.0,5.988568732248191,0.002204,27.171364483884716,-77.22172096213956
CY,2018-10-01,327.1111111111111,1.0,2.556529425904789,0.0,8.362691810959666,0.002204,37.94324778112371,-67.8735723131268
CY,2018-11-01,447.1111111111111,1.0,2.36813855629432,0.0,10.588210611698159,0.002204,48.04088299318584,-58.85867788370657
CY,2018-12-01,601.7777777777777,1.0,2.243919083034989,0.0,13.503406393019445,0.002204,61.267724106258825,-47.0225385224398
CY,2019-01-01,653.3333333333333,1.0,2.205422876052595,0.0,14.408762790210284,0.002204,65.37551175231526,-43.574780248847006
CY,2019-02-01,703.1111111111111,1.0,2.160429723512024,0.0,15.190221433760096,0.002204,68.92114988094417,-40.20863310311637
CY,2019-03-01,753.7777777777777,1.0,2.105372055820997,0.0,15.869826696321827,0.002204,72.00465833176872,-37.6085609840254
CY,2019-04-01,857.7777777777777,1.0,1.9867134182538653,0.0,17.041586209910932,0.002204,77.32117155132002,-32.50746136989497
CY,2019-05-01,960.8888888888888,1.0,1.8817866201214348,0.0,18.08187854534463,0.002204,82.04119122207183,-27.910815102764516
CY,2019-06-01,1046.2222222222222,1.0,1.7757931593495302,0.0,18.57874265381686,0.002204,84.29556557993132,-25.410796443684518
CY,2019-07-01,1170.6666666666665,1.0,1.637108695862143,0.0,19.165085799559485,0.002204,86.95592468039695,-22.733077707404703
CY,2019-08-01,1252.4444444444443,1.0,1.5494385055013082,0.0,19.405856482234164,0.002204,88.04835064534558,-21.50634497603042
CY,2019-09-01,1395.5555555555554,1.0,1.427867933164075,0.0,19.92669026726753,0.002204,90.41148034150423,-18.83019062412484
CY,2019-10-01,1485.3333333333333,1.0,1.3656726380901587,0.0,20.28479091776582,0.002204,92.0362564326943,-16.903269068288992
CY,2019-11-01,1615.111111111111,1.0,1.2954272442508354,0.0,20.922589358255713,0.002204,94.93007875796604,-14.138406463373386
CY,2019-12-01,1728.0,1.0,1.2426445904528884,0.0,21.47289852302591,0.002204,97.42694429685078,-11.742739910303527
CY,2020-01-01,1817.7777777777776,1.0,1.207836366567006,0.0,21.955781063373575,0.002204,99.61788141276577,-9.301905186414515
CY,2020-02-01,1854.2222222222222,1.0,1.1939181059870039,0.0,22.13789483634569,0.002204,100.44416894893689,-8.442071379617943
CY,2020-03-01,1980.3333333333333,1.0,1.19490422102143,0.0,23.663086590294384,0.002204,107.36427672547362,3.456131918443674
CY,2020-04-01,2299.4444444444443,1.0,1.2964337368005205,0.0,29.81077353676308,0.002204,135.25759317950582,27.09844374277766
CY,2020-05-01,2623.222222222222,1.0,1.3520114580840195,0.0,35.46626501545068,0.002204,160.91771785594685,48.51773223550967
CY,2020-06-01,2967.777777777778,1.0,1.3253597581659107,0.0,39.33373237845719,0.002204,178.46521042857165,69.95236832196402
CY,2020-07-01,3281.777777777778,1.0,1.2928751453594218,0.0,42.42928921481764,0.002204,192.51038663710366,83.42930860287099
CY,2020-08-01,3513.555555555555,1.0,1.2683896048055412,0.0,44.56557342573424,0.002204,202.20314621476518,93.01074696848764
CY,2020-09-01,3764.6666666666665,1.0,1.2341677685639667,0.0,46.46230259387146,0.002204,210.8089954349885,101.86038395786883
CY,2020-10-01,4022.555555555555,1.0,1.1849896521521652,0.0,47.66686708540537,0.002204,216.27435156717502,108.55451135476855
CY,2020-11-01,4274.222222222223,1.0,1.13332013835282,0.0,48.44062120239587,0.002204,219.78503267874714,113.7331075526292
CY,2020-12-01,4510.222222222223,1.0,1.0844825731488579,0.0,48.91257401028716,0.002204,221.92637935701978,117.38253917606083
CY,2021-01-01,4697.777777777777,1.0,1.0498770115637155,0.0,49.32088894323765,0.002204,223.77898794572437,120.52575424087496
CY,2021-02-01,4857.555555555555,1.0,1.0254225066403357,0.0,49.81046793922465,0.002204,226.00030825419535,123.4973068452976
CY,2021-03-01,5028.777777777777,1.0,1.0037258801893103,0.0,50.47514401276443,0.002204,229.0160799127243,126.80081843664375
CY,2021-04-01,5187.222222222223,1.0,0.9852465552125577,0.0,51.106928255664734,0.002204,231.88261459013037,130.5849026160172
CY,2021-05-01,5323.888888888889,1.0,0.9731952770452927,0.0,51.81183522180578,0.002204,235.0809220590099,133.13468835609888
CY,2021-06-01,5472.333333333333,1.0,0.955622565041826,0.0,52.29485216763886,0.002204,237.27246900017633,135.22713647703375
CY,2021-07-01,5609.0,1.0,0.9373832585092942,0.0,52.57782696978631,0.002204,238.55638371046422,136.82778528804798
CY,2021-08-01,5721.0,1.0,0.9210097899256318,0.0,52.69097008164539,0.002204,239.06973721254715,138.45690928301445
CY,2021-09-01,5852.0,1.0,0.9041074928489761,0.0,52.90837048152208,0.002204,240.0561274116247,139.739075693453
CY,2021-10-01,5951.444444444444,1.0,0.8942396947004388,0.0,53.220178630266226,0.002204,241.47086492861266,140.33537391610722
CY,2021-11-01,6053.555555555555,1.0,0.8872279505252414,0.0,53.70883688946244,0.002204,243.6880076654376,142.09658521485585
CY,2021-12-01,6137.888888888889,1.0,0.882972139410731,0.0,54.19584883687577,0.002204,245.8976807480752,143.80606255358668
CY,2022-01-01,6273.222222222223,1.0,0.8809499778545916,0.0,55.26394977743599,0.002204,250.7438737633212,146.73367428687436
CY,2022-02-01,6384.222222222223,1.0,0.8923108304640682,0.0,56.96710632978271,0.002204,258.47144432750775,151.36669052509944
CY,2022-03-01,6490.0,1.0,0.9079950408209237,0.0,58.92887814927795,0.002204,267.372405395998,157.26080915096796
CY,2022-04-01,6584.222222222223,1.0,0.9266481834808666,0.0,61.012575618565776,0.002204,276.82656814231296,162.7165760091766
CY,2022-05-01,6195.666666666666,1.0,0.9268774466260125,0.0,57.42623700145898,0.002204,260.55461434418777,144.0890527868683
CY,2022-06-01,6232.111111111111,1.0,0.9412107293893999,0.0,58.657298445246724,0.002204,266.14019258278915,145.86325123796945
CY,2022-07-01,6281.0,1.0,0.9598499890589073,0.0806451612903225,55.22285523214481,0.002204,250.55741938359716,148.05851726841445
CY,2022-08-01,6320.333333333333,1.0,0.9725587086151357,0.5,29.86728558017196,0.002204,135.51399991003612,149.24449081804653
CY,2022-09-01,6390.555555555555,1.0,1.0020910366612736,0.925,4.926545526192389,0.002204,22.352747396517195,151.79332240997303
CY,2022-10-01,6442.555555555555,1.0,1.0273001187115829,1.25,-14.34756357416254,0.002204,-65.09783835826924,151.97536564806927
CY,2022-11-01,6470.111111111111,1.0,1.0406003123672893,1.975,-60.45669801171153,0.002204,-274.3044374397075,142.30972152226735
CY,2022-12-01,6497.444444444444,1.0,1.0538050205582976,2.177419354838709,-73.00621713968403,0.002204,-331.2441793996553,140.7730560681593
CY,2023-01-01,6511.666666666666,1.0,1.0606241848451385,2.5,-93.72735516350072,0.002204,-425.2602321392955,133.8407213107758
CY,2023-02-01,6524.111111111111,1.0,1.0664690606902731,2.875,-117.99056795938804,0.002204,-535.3474045344285,125.75221942619237
CY,2023-03-01,6527.666666666666,1.0,1.0681403663588158,3.161290322580645,-136.63385197564025,0.002204,-619.9358075119794,116.46488086086288
CY,2023-04-01,6557.222222222223,1.0,1.081228981568494,3.5,-158.60419072526147,0.002204,-719.6197401327654,106.59547282590631
CY,2023-05-01,6605.222222222223,1.0,1.101801498258389,3.6774193548387095,-170.12528302236703,0.002204,-771.8932986495782,101.82504549423777
CY,2023-06-01,6632.333333333333,1.0,1.1126889164149674,3.8333333333333335,-180.4422065447491,0.002204,-818.7032964825278,95.76998513384274
CY,2023-07-01,6203.0,1.0,1.113050579057858,4.0,-179.07747258104106,0.002204,-812.5112186072644,134.47290672980682
CY,2023-08-01,6225.0,1.0,1.1225692632035167,4.241935483870968,-194.18054723654885,0.002204,-881.036965683071,130.51221014123496
CY,2023-09-01,6240.0,1.0,1.1293748549087692,4.341666666666667,-200.44700905369282,0.002204,-909.4691880839058,125.31880686976444
CY,2023-10-01,6266.0,1.0,1.141587519183123,4.5,-210.4381260479855,0.002204,-954.8009348819669,112.5457681253672
CY,2023-11-01,6275.0,1.0,1.145305598570089,4.5,-210.5070736897269,0.002204,-955.1137644724452,109.6901969992573
CY,2023-12-01,6284.0,1.0,1.1481883897527005,4.5,-210.6278415879403,0.002204,-955.6617131939216,109.02384421489853
CY,2024-01-01,6286.0,1.0,1.148833883652996,4.5,-210.6543020735727,0.002204,-955.7817698437963,103.23442657610406
CY,2024-02-01,6286.0,1.0,1.148833883652996,4.5,-210.6543020735727,0.002204,-955.7817698437963,98.38026592321842
CY,2024-03-01,6286.0,1.0,1.148833883652996,4.5,-210.6543020735727,0.002204,-955.7817698437963,93.18343161260361
CY,2024-04-01,6286.0,1.0,1.148833883652996,4.5,-210.6543020735727,0.002204,-955.7817698437963,85.39560858635707
CY,2024-05-01,6286.0,1.0,1.148833883652996,4.5,-210.6543020735727,0.002204,-955.7817698437963,82.99969449457865
CY,2024-06-01,5902.777777777777,1.0,1.1480271329446035,4.341666666666667,-188.51344469887175,0.002204,-855.3241592507793,131.55198760184328
CY,2024-07-01,5939.777777777777,1.0,1.1606172387109448,4.25,-183.5024707255448,0.002204,-832.5883426748858,122.33334419141647
CY,2024-08-01,5951.777777777777,1.0,1.164154934258409,4.25,-183.66264087946004,0.002204,-833.3150675111618,118.51822107654243
CY,2024-09-01,5971.777777777777,1.0,1.1695956926907274,3.99,-168.42827766738242,0.002204,-764.1936373293214,114.22545806263781
CY,2024-10-01,5997.777777777777,1.0,1.1765582766811808,3.577419354838709,-143.9983122210482,0.002204,-653.3498739611988,109.9567938210098
CY,2024-11-01,6020.777777777777,1.0,1.182814879585436,3.4,-133.4917890221155,0.002204,-605.6796235123209,106.89899753031102
CY,2024-12-01,5570.888888888889,1.0,1.1826496284292574,3.287096774193548,-117.23641221592223,0.002204,-531.9256452628051,148.2120826107914
CY,2025-01-01,5570.888888888889,1.0,1.1826496284292574,3.0,-101.24256992201543,0.002204,-459.3583027314675,145.2033291554887
CY,2025-02-01,5570.888888888889,1.0,1.1826496284292574,2.7857142857142856,-89.30495087439638,0.002204,-405.19487692557345,141.15222622923636
CY,2025-03-01,5570.888888888889,1.0,1.1826496284292574,2.588709677419355,-78.33004304029501,0.002204,-355.3994693298322,136.43454723591532
CY,2025-04-01,5570.888888888889,1.0,1.1826496284292574,2.433333333333333,-69.67419955164505,0.002204,-316.12613226699204,131.97585290396307
CY,2025-05-01,5570.888888888889,1.0,1.1826496284292574,2.25,-59.46090325534877,0.002204,-269.7863124108383,129.5282098921968
CY,2025-06-01,5570.888888888889,1.0,1.1826496284292574,2.083333333333333,-50.17608844053394,0.002204,-227.65920345069847,127.7395534334386
CY,2025-07-01,5570.888888888889,1.0,1.1826496284292574,2.0,-45.53368103312655,0.002204,-206.59564897062864,123.4682640225314
CY,2025-08-01,5570.888888888889,1.0,1.1826496284292574,2.0,-45.53368103312655,0.002204,-206.59564897062864,122.3138989087297
CY,2025-09-01,5570.888888888889,1.0,1.1826496284292574,2.0,-45.53368103312655,0.002204,-206.59564897062864,119.88448252981033
CY,2025-10-01,5570.888888888889,1.0,1.1826496284292574,2.0,-45.53368103312655,0.002204,-206.59564897062864,114.73633156233149
CY,2025-11-01,5132.555555555555,1.0,1.1825516841764474,2.0,-41.95598894759706,0.002204,-190.3629262595148,128.7338397882825
CY,2025-12-01,5132.555555555555,1.0,1.1825516841764474,2.0,-41.95598894759706,0.002204,-190.3629262595148,128.43600954776272
CY,2026-01-01,5132.555555555555,1.0,1.1825516841764474,2.0,-41.95598894759706,0.002178,-192.63539461706642,128.5515425690939
CY,2026-02-01,4674.666666666666,1.0,1.1823677293793309,2.0,-38.221583210614206,0.002178,-175.48936276682372,141.59679927725995
CY,2026-03-01,4674.666666666666,1.0,1.1823677293793309,2.0,-38.221583210614206,0.002178,-175.48936276682372,137.42509809273474
CY,2026-04-01,4674.666666666666,1.0,1.1823677293793309,2.0,-38.221583210614206,0.002178,-175.48936276682372,133.1621650954683
CY,2026-05-01,4674.666666666666,1.0,1.1823677293793309,2.0,-38.221583210614206,0.002178,-175.48936276682372,129.45860033088485
CY,2026-06-01,4674.666666666666,1.0,1.1823677293793309,2.1166666666666667,-43.675360988391986,0.002178,-200.52966477682273,127.40768771037799
CY,2026-07-01,4674.666666666666,1.0,1.1823677293793309,2.25,-49.908249877280866,0.002178,-229.14715278825008,123.63253959508967
CY,2026-08-01,4674.666666666666,1.0,1.1823677293793309,2.25,-49.908249877280866,0.002178,-229.14715278825008,122.68018861089377
DE,2015-03-01,9840.0,1.0,0.08974650314707147,0.05,3.9110559096718327,0.266301,0.1468659865968146,-1.6100289253470397
DE,2015-04-01,19749.333333333332,1.0,0.0382173900744259,0.05,-2.3269869095680478,0.266301,-0.08738183144517098,-3.895236269506172
DE,2015-05-01,30544.0,1.0,0.11871170520014418,0.05,20.987303236332036,0.266301,0.7881045597399947,-6.841231752977863
DE,2015-06-01,41184.0,1.0,0.18605493021146333,0.05,56.032862458289046,0.266301,2.1041176134633006,-10.301383500417973
DE,2015-07-01,51828.44444444444,1.0,0.20528500536189714,0.05,80.48180273454344,0.266301,3.022211810490514,-13.217725492950724
DE,2015-08-01,60651.555555555555,1.0,0.2096609705673505,0.05,96.8368622641958,0.266301,3.636368705494752,-15.414505713272161
DE,2015-09-01,71185.77777777778,1.0,0.21584330423985493,0.05,118.05684601550705,0.266301,4.433210765844178,-18.013011143859778
DE,2015-10-01,82025.77777777777,1.0,0.2063777511923017,0.05,128.2700666868836,0.266301,4.8167324451235105,-21.26402262516574
DE,2015-11-01,93495.11111111111,1.0,0.19436624120372906,0.05,134.97537762036114,0.266301,5.068526878245336,-24.779729937647897
DE,2015-12-01,102777.77777777777,1.0,0.1889975814471072,0.05,142.85862537619352,0.266301,5.364554597098528,-26.90448741731323
DE,2016-01-01,113752.88888888888,1.0,0.1728052691947903,0.05,139.6945414168507,0.266301,5.245738522080304,-30.157939171400542
DE,2016-02-01,124810.66666666666,1.0,0.140593179077235,0.05,113.06995076082417,0.266301,4.245945406169115,-33.93127208135851
DE,2016-03-01,135842.66666666666,1.0,0.11438541290577532,0.0241935483870967,122.51903387856021,0.266301,4.600772579846121,-37.09442204486905
DE,2016-04-01,152718.22222222222,1.0,0.08107098085527432,0.0,123.81016070029307,0.266301,4.649256318988402,-41.5481129109375
DE,2016-05-01,170116.44444444444,1.0,0.05583256487922164,0.0,94.98037421466948,0.266301,3.566654808456201,-46.26650147815984
DE,2016-06-01,185128.0,1.0,0.030313483556686154,0.0,56.118745838821944,0.266301,2.107342662581888,-50.94055510662128
DE,2016-07-01,200458.66666666666,1.0,0.0004067512636367351,0.0,0.8153681597360173,0.266301,0.030618291322076042,-54.81567891897798
DE,2016-08-01,211452.44444444444,1.0,-0.016422154959824607,0.0,-34.7250480930037,0.266301,-1.3039773824733552,-57.275760750603055
DE,2016-09-01,226730.66666666666,1.0,-0.034724076132853034,0.0,-78.73012930985857,0.266301,-2.956433859048917,-60.49589113828984
DE,2016-10-01,242744.88888888888,1.0,-0.045322680004908474,0.0,-110.01848921938173,0.266301,-4.1313584710302145,-63.79528263968152
DE,2016-11-01,258113.77777777775,1.0,-0.044450741423108724,0.0,-114.73348793741745,0.266301,-4.308413709952927,-67.29134279902951
DE,2016-12-01,270174.2222222222,1.0,-0.04259566779933372,0.0,-115.08251417721144,0.266301,-4.321520166173293,-69.82406138305547
DE,2017-01-01,285919.1111111111,1.0,-0.040723918291351115,0.0,-116.43746518824629,0.266301,-4.372400598880451,-72.97041404373773
DE,2017-02-01,300994.6666666666,1.0,-0.04117541460083034,0.0,-123.93580192638724,0.266301,-4.653974334545767,-76.68365803998287
DE,2017-03-01,316085.3333333333,1.0,-0.038408436902314595,0.0,-121.4034358108041,0.266301,-4.558880207389536,-80.02099926126954
DE,2017-04-01,327187.55555555556,1.0,-0.04115281927624822,0.0,-134.64690343215202,0.266301,-5.05619218223559,-82.9408208757734
DE,2017-05-01,337782.2222222222,1.0,-0.04094569417959616,0.0,-138.307275704155,0.266301,-5.1936446240966045,-85.34098608403184
DE,2017-06-01,348352.8888888889,1.0,-0.043625830221277806,0.0,-151.9718398775832,0.266301,-5.706769402953169,-87.64545684608821
DE,2017-07-01,359169.77777777775,1.0,-0.04093361301820001,0.0,-147.02116691388449,0.266301,-5.520864244365754,-89.97283791093629
DE,2017-08-01,367883.55555555556,1.0,-0.04176954584262348,0.0,-153.663290385251,0.266301,-5.770285893979031,-92.05937473298708
DE,2017-09-01,378262.2222222222,1.0,-0.04341231053738847,0.0,-164.21237055673754,0.266301,-6.166419598752446,-94.48914994369625
DE,2017-10-01,388529.77777777775,1.0,-0.044746294484093854,0.0,-173.85267852283988,0.266301,-6.528427550885647,-96.86077409647795
DE,2017-11-01,398807.11111111107,1.0,-0.047693025538701306,0.0,-190.2031773523791,0.266301,-7.142413184793864,-99.11618358899642
DE,2017-12-01,408282.6666666666,1.0,-0.05003781078771032,0.0,-204.29570822568468,0.266301,-7.671608751964306,-101.27226959958132
DE,2018-01-01,412569.77777777775,1.0,-0.049287169330056294,0.0,-203.34396497797027,0.266301,-7.635869372550995,-102.2735261755564
DE,2018-02-01,417083.5555555555,1.0,-0.04653405444949811,0.0,-194.08588884212492,0.266301,-7.2882147961188615,-103.12565823953089
DE,2018-03-01,421319.11111111107,1.0,-0.045199721979574115,0.0,-190.43506686903515,0.266301,-7.1511209822357085,-104.16412734632905
DE,2018-04-01,425512.8888888889,1.0,-0.044256105414147415,0.0,-188.31543265745063,0.266301,-7.071525554070417,-105.28835416743676
DE,2018-05-01,431640.0,1.0,-0.043694802238078055,0.0,-188.6042443804401,0.266301,-7.082370865315567,-106.55484620744204
DE,2018-06-01,436963.5555555555,1.0,-0.044603885497726155,0.0,-194.90272398679298,0.266301,-7.318888174914588,-108.24230100611284
DE,2018-07-01,442604.44444444444,1.0,-0.04575383580857286,0.0,-202.50851079255722,0.266301,-7.604496820986673,-109.68570503033206
DE,2018-08-01,447424.0,1.0,-0.04666438935427743,0.0,-208.78767742448224,0.266301,-7.840288899571621,-111.06298375503079
DE,2018-09-01,453040.0,1.0,-0.04667400908637103,0.0,-211.45193076489534,0.266301,-7.940335588859798,-112.33342103488407
DE,2018-10-01,455595.5555555555,1.0,-0.046504595101366356,0.0,-211.8728684109317,0.266301,-7.956142425711194,-113.7729625199617
DE,2018-11-01,457821.3333333333,1.0,-0.0468565009732091,0.0,-214.5190575088922,0.266301,-8.055510775734682,-114.95507165262708
DE,2018-12-01,460939.5555555555,1.0,-0.047898506849881464,0.0,-220.78316459159095,0.266301,-8.290737345770047,-116.58099997446868
DE,2019-01-01,459606.2222222222,1.0,-0.047898506849881464,0.0,-220.14451783359252,0.266301,-8.266755206837095,-117.21704720799936
DE,2019-02-01,458093.3333333333,1.0,-0.047898506849881464,0.0,-219.419866645517,0.266301,-8.239543473194505,-117.36932645725504
DE,2019-03-01,454637.3333333333,1.0,-0.047898506849881464,0.0,-217.7644942487851,0.266301,-8.177381769080291,-117.79060108487442
DE,2019-04-01,456578.6666666666,1.0,-0.04924233269284795,0.0,-224.82998604456927,0.266301,-8.44270153114593,-118.27133445236092
DE,2019-05-01,460893.3333333333,1.0,-0.05308910088220928,0.0,-244.6841266927104,0.266301,-9.188254144472246,-119.1402604693086
DE,2019-06-01,459898.6666666666,1.0,-0.05308910088220928,0.0,-244.15606710260204,0.266301,-9.168424718743152,-118.87478674235899
DE,2019-07-01,460271.11111111107,1.0,-0.0535784280777563,0.0,-246.60602622935642,0.266301,-9.260424340477744,-118.94942672827939
DE,2019-08-01,461453.3333333333,1.0,-0.05562397850380134,0.0,-256.67870293840804,0.266301,-9.638668384212151,-119.19336400558815
DE,2019-09-01,460539.5555555555,1.0,-0.05562397850380134,0.0,-256.1704233837244,0.266301,-9.619581728334644,-118.8612526939637
DE,2019-10-01,462907.5555555555,1.0,-0.05875900748349317,0.0,-271.99988521054416,0.266301,-10.214001645151319,-119.1535271461346
DE,2019-11-01,467914.6666666666,1.0,-0.06413704384927077,0.0,-300.10663493716913,0.266301,-11.269452046262279,-120.3379372676017
DE,2019-12-01,469184.8888888889,1.0,-0.06539077439520503,0.0,-306.8036321897267,0.266301,-11.520934288257525,-120.69061849541183
DE,2020-01-01,469592.0,1.0,-0.06578202115500573,0.0,-308.9071087822145,0.266301,-11.599922973710743,-120.51970957289103
DE,2020-02-01,472259.5555555555,1.0,-0.06913080280315843,0.0,-326.4768220701835,0.266301,-12.259691930191156,-121.14593225874599
DE,2020-03-01,477196.2222222222,1.0,-0.07514655757920002,0.0,-358.5965338979895,0.266301,-13.465835047483466,-117.37397985451341
DE,2020-04-01,495288.44444444444,1.0,-0.09939426107640434,0.0,-492.28828955237293,0.266301,-18.486160005121004,-126.64530944184916
DE,2020-05-01,527270.7777777778,1.0,-0.1403333586746025,0.0,-739.9367917652552,0.266301,-27.78573087465894,-140.18571649509613
DE,2020-06-01,553645.2222222222,1.0,-0.16769597030009722,0.0,-928.440727425685,0.266301,-34.86433499782896,-143.3771771044366
DE,2020-07-01,579015.8888888889,1.0,-0.19312616713057432,0.0,-1118.231193288136,0.266301,-41.9912502502107,-151.07232828444336
DE,2020-08-01,596997.7777777778,1.0,-0.2096397836542087,0.0,-1251.5448497537668,0.266301,-46.99737701900356,-156.1897762652811
DE,2020-09-01,618293.3333333333,1.0,-0.228227313982374,0.0,-1411.1142671987527,0.266301,-52.98944679887618,-161.93805827599584
DE,2020-10-01,642496.3333333333,1.0,-0.2500818203493432,0.0,-1606.7665260777835,0.266301,-60.336481127663184,-168.05632134006964
DE,2020-11-01,671952.3333333333,1.0,-0.2741849046021654,0.0,-1842.391864122024,0.266301,-69.18456423828763,-175.23648936440557
DE,2020-12-01,690708.4444444445,1.0,-0.2883646089217242,0.0,-1991.7587046115473,0.266301,-74.79351202629908,-179.33735220725805
DE,2021-01-01,704360.6666666666,1.0,-0.2980252732276261,0.0,-2099.172801341262,0.266301,-78.827071672328,-182.0803053771774
DE,2021-02-01,725907.111111111,1.0,-0.3093564846435515,0.0,-2245.6407207108923,0.266301,-84.32716064569387,-186.8301620545916
DE,2021-03-01,747707.4444444444,1.0,-0.31912217112202074,0.0,-2386.1002303520877,0.266301,-89.6016248663012,-191.81688634238174
DE,2021-04-01,773745.7777777778,1.0,-0.32884336929487157,0.0,-2544.411685421254,0.266301,-95.54645628147298,-196.84416825558617
DE,2021-05-01,799392.1111111111,1.0,-0.33517302366056806,0.0,-2679.346709715159,0.266301,-100.61346783208319,-202.55970153499425
DE,2021-06-01,821801.4444444444,1.0,-0.34138746851577134,0.0,-2805.5271474149317,0.266301,-105.35173159000273,-207.39706411314532
DE,2021-07-01,847100.3333333333,1.0,-0.351685049403482,0.0,-2979.125225780394,0.266301,-111.87059852499216,-213.59919694740842
DE,2021-08-01,866539.2222222222,1.0,-0.3607149129965991,0.0,-3125.7362015202957,0.266301,-117.37605947857107,-217.98888740810378
DE,2021-09-01,885471.5555555555,1.0,-0.3661524693229655,0.0,-3242.1759658191413,0.266301,-121.74854641248591,-222.06559813065758
DE,2021-10-01,904711.5555555555,1.0,-0.36829392493631036,0.0,-3331.9976973079033,0.266301,-125.1214864873922,-226.25697749989763
DE,2021-11-01,928636.3333333333,1.0,-0.3725632721225439,0.0,-3459.7579095854803,0.266301,-129.91907313849666,-231.5104955890784
DE,2021-12-01,943566.8888888889,1.0,-0.37572717268921135,0.0,-3545.2371940537746,0.266301,-133.1289478467514,-235.22056604123992
DE,2022-01-01,958715.0,1.0,-0.37494736170888454,0.0,-3594.6765988073325,0.266301,-134.98547128277147,-238.9956707592183
DE,2022-02-01,972625.3333333333,1.0,-0.3698125150235392,0.0,-3596.890206956081,0.266301,-135.06859557253185,-242.1733493749402
DE,2022-03-01,982258.4444444444,1.0,-0.36516342082979936,0.0,-3586.8485371229076,0.266301,-134.69151588326395,-244.80311212829398
DE,2022-04-01,992820.7777777778,1.0,-0.3545953006515014,0.0,-3520.4958218916854,0.266301,-132.19987239596117,-246.30986452909752
DE,2022-05-01,1005002.3333333333,1.0,-0.34052024317519936,0.0,-3422.236389383094,0.266301,-128.5100840546259,-244.97564561194537
DE,2022-06-01,1001881.6666666666,1.0,-0.33931609931908757,0.0,-3399.5457911263966,0.266301,-127.65801822473053,-247.93495956955024
DE,2022-07-01,987621.1111111111,1.0,-0.3366515051124959,0.0806451612903225,-4121.309973357143,0.266301,-154.76134048903842,-257.2602426042211
DE,2022-08-01,987346.2222222221,1.0,-0.33496025242907357,0.5,-8243.948509415588,0.266301,-309.57257049036946,-295.842079582359
DE,2022-09-01,983971.8888888889,1.0,-0.3347758879075539,0.925,-12395.840600010732,0.266301,-465.4823151250176,-336.04174011156175
DE,2022-10-01,986759.0,1.0,-0.32802769141153315,1.25,-15571.330267495532,0.266301,-584.7266915068111,-367.6534875004726
DE,2022-11-01,991750.4444444444,1.0,-0.3163915590215722,1.975,-22724.885970558924,0.266301,-853.3533847247634,-436.7392257627885
DE,2022-12-01,985967.0,1.0,-0.31584305431200976,2.177419354838709,-24582.744577631067,0.266301,-923.1187482446954,-451.10151277688084
DE,2023-01-01,992354.0,1.0,-0.299854627783075,2.5,-27784.469392990457,0.266301,-1043.34829358472,-484.24734013464877
DE,2023-02-01,987811.3333333333,1.0,-0.29990006800697677,2.875,-31362.022693780622,0.266301,-1177.6907594706975,-516.5911355100766
DE,2023-03-01,987006.7777777778,1.0,-0.29417543653590794,3.161290322580645,-34105.68124627072,0.266301,-1280.7192329833802,-544.3185446105379
DE,2023-04-01,975173.3333333333,1.0,-0.29479886779378495,3.5,-37005.866612360245,0.266301,-1389.6255219604975,-563.4103090018258
DE,2023-05-01,973770.0,1.0,-0.2925944985599447,3.6774193548387095,-38658.80390024008,0.266301,-1451.695784102954,-577.9774399591379
DE,2023-06-01,964987.7777777778,1.0,-0.2934265921128119,3.8333333333333335,-39822.728898786634,0.266301,-1495.4029049378948,-580.9296233215243
DE,2023-07-01,967490.7777777778,1.0,-0.28503114856945444,4.0,-41457.281187314664,0.266301,-1556.7827829153725,-609.7986575783013
DE,2023-08-01,958616.1111111111,1.0,-0.28603165075504744,4.241935483870968,-43405.82245834112,0.266301,-1629.9534158092204,-618.4042399849144
DE,2023-09-01,949292.6666666666,1.0,-0.2865320973678195,4.341666666666667,-43935.151465736686,0.266301,-1649.8305100520345,-615.0425150983642
DE,2023-10-01,945805.8888888889,1.0,-0.28298232508266274,4.5,-45237.72849514652,0.266301,-1698.7442215818385,-631.3975185745044
DE,2023-11-01,942390.8888888889,1.0,-0.2833615295065259,4.5,-45077.963236685704,0.266301,-1692.7447976795318,-627.9408362078293
DE,2023-12-01,938192.7777777778,1.0,-0.28340429466500267,4.5,-44877.553624459106,0.266301,-1685.2191176322697,-620.5335602234495
DE,2024-01-01,933666.5555555555,1.0,-0.28193337162933574,4.5,-44647.312599853256,0.266301,-1676.5732235272587,-617.5570271073584
DE,2024-02-01,925747.4444444444,1.0,-0.2831299775212934,4.5,-44279.7035313595,0.266301,-1662.7689543546398,-608.6069185876252
DE,2024-03-01,922512.2222222222,1.0,-0.28266547835095823,4.5,-44120.67358579051,0.266301,-1656.797142548864,-607.8319410924641
DE,2024-04-01,911445.0,1.0,-0.2840867093198835,4.5,-43604.31910776061,0.266301,-1637.407261248009,-596.2298828178557
DE,2024-05-01,903564.111111111,1.0,-0.28510734003258986,4.5,-43236.512602678,0.266301,-1623.5955780368079,-584.814113698433
DE,2024-06-01,895277.0,1.0,-0.2854615869867564,4.341666666666667,-41425.61501546076,0.266301,-1555.5936709010014,-568.7175240483788
DE,2024-07-01,893196.5555555555,1.0,-0.28405342566260117,4.25,-40498.009025067026,0.266301,-1520.7606815245538,-565.8389946582515
DE,2024-08-01,882267.6666666666,1.0,-0.28442273684447933,4.25,-40005.74567716059,0.266301,-1502.2754581154627,-550.4421695277584
DE,2024-09-01,876930.0,1.0,-0.28434951524031643,3.99,-37483.05320399691,0.266301,-1407.54459066984,-529.1254952778809
DE,2024-10-01,864951.8888888889,1.0,-0.28532264039911914,3.577419354838709,-33410.85985071395,0.266301,-1254.62765257036,-491.32098478815135
DE,2024-11-01,863783.3333333333,1.0,-0.2840811574303542,3.4,-31822.47902435716,0.266301,-1194.981581907584,-482.4029608649522
DE,2024-12-01,859982.0,1.0,-0.2839307846390346,3.287096774193548,-30710.19422099962,0.266301,-1153.2136274741595,-473.07589960056293
DE,2025-01-01,851499.7777777778,1.0,-0.28356715599309806,3.0,-27959.567036465327,0.266301,-1049.923471427645,-445.3618395406887
DE,2025-02-01,832435.2222222222,1.0,-0.28348419120278046,2.7857142857142856,-25549.08916176564,0.266301,-959.4064296328455,-413.0593264780357
DE,2025-03-01,821551.3333333333,1.0,-0.2826527143106308,2.588709677419355,-23589.716014089583,0.266301,-885.8290436044018,-393.9950270386543
DE,2025-04-01,806226.6666666666,1.0,-0.28268487139943493,2.433333333333333,-21897.26303807684,0.266301,-822.2749083960194,-374.1729232250643
DE,2025-05-01,803338.5555555555,1.0,-0.2825808535101759,2.25,-20345.198446865204,0.266301,-763.9925665643465,-364.67804426131136
DE,2025-06-01,794662.7777777778,1.0,-0.28196021754317796,2.083333333333333,-18796.107433993915,0.266301,-705.8218870373718,-350.4231301532347
DE,2025-07-01,793874.111111111,1.0,-0.2819214334321122,2.0,-18115.583495913103,0.266301,-680.2671974913012,-350.20328449814116
DE,2025-08-01,779251.3333333333,1.0,-0.28220885214683866,2.0,-17784.1429098056,0.266301,-667.82110881317,-338.91156093381164
DE,2025-09-01,773850.6666666666,1.0,-0.2817039104863991,2.0,-17656.9809226584,0.266301,-663.0459864085527,-336.56585490811375
DE,2025-10-01,761591.3333333333,1.0,-0.2820694001440764,2.0,-17380.04277214927,0.266301,-652.6465455311572,-331.3145649981971
DE,2025-11-01,759470.7777777778,1.0,-0.28214686023636465,2.0,-17332.238509468254,0.266301,-650.8514241203845,-331.75465807258723
DE,2025-12-01,757864.111111111,1.0,-0.2816943014453993,2.0,-17292.14223592205,0.266301,-649.345749205675,-330.5468133983975
DE,2026-01-01,756052.5555555555,1.0,-0.28176598000023184,2.0,-17251.350003589017,0.263152,-655.5659848144425,-334.37904762828214
DE,2026-02-01,741440.5555555555,1.0,-0.28204959399974583,2.0,-16920.041187805018,0.263152,-642.9759677982694,-325.8898057541857
DE,2026-03-01,733742.4444444445,1.0,-0.2818820378450318,2.0,-16743.13704382284,0.263152,-636.2534597427662,-323.3389988832077
DE,2026-04-01,709812.6666666666,1.0,-0.28241444817636446,2.0,-16200.866858985939,0.263152,-615.6467311282429,-306.99520326595086
DE,2026-05-01,707163.7777777778,1.0,-0.28216492743810545,2.0,-16138.643715990787,0.263152,-613.2821987289014,-308.3342356311929
DE,2026-06-01,702603.6666666666,1.0,-0.2821287638872675,2.1166666666666667,-16854.024650904394,0.263152,-640.4672832015107,-312.52993071430996
DE,2026-07-01,700945.3333333333,1.0,-0.28224498520993446,2.25,-17749.65305239639,0.263152,-674.501924834179,-321.7222324508393
DE,2026-08-01,686875.7777777778,1.0,-0.2825069885885575,2.25,-17395.17707514423,0.263152,-661.0315359618863,-309.2041945627425
EE,2020-06-01,169.0,1.0,0.10786565051117966,0.0,0.18229294936389362,0.00298,0.611721306590247,-107.9011208000174
EE,2020-07-01,294.55555555555554,1.0,0.07180854883843284,0.0,0.21151606996742828,0.00298,0.7097854696893566,-108.37129256454332
EE,2020-08-01,349.44444444444446,1.0,0.05725538635409508,0.0,0.2000757667595878,0.00298,0.6713951904684154,-108.52100405580913
EE,2020-09-01,391.1111111111111,1.0,0.050132356607450496,0.0,0.19607321695358415,0.00298,0.6579638152804838,-108.29064766183919
EE,2020-10-01,392.0,1.0,0.04979563643900836,0.0,0.19519889484091277,0.00298,0.6550298484594389,-107.06481036394703
EE,2020-11-01,439.77777777777777,1.0,0.02621570187533447,0.0,0.11529083113619315,0.00298,0.3868819836785005,-105.66504314243943
EE,2020-12-01,456.66666666666663,1.0,0.01773927332689822,0.0,0.0810093481928352,0.00298,0.2718434503115275,-104.27199673064743
EE,2021-01-01,480.3333333333333,1.0,0.005981064240980324,0.0,0.02872904523750882,0.00298,0.09640619207217725,-103.15682751277723
EE,2021-02-01,537.0,1.0,-0.011999999275388494,0.0,-0.06443999610883622,0.00298,-0.21624159768065845,-102.71924300657841
EE,2021-03-01,567.0,1.0,-0.011845098740364459,0.0,-0.06716170985786649,0.00298,-0.22537486529485398,-102.44063634137541
EE,2021-04-01,587.6666666666666,1.0,-0.010613802379540196,0.0,-0.06237377865043122,0.00298,-0.20930798204842693,-101.5070199561616
EE,2021-05-01,598.8888888888889,1.0,-0.008333993272488915,0.0,-0.04991135970968361,0.00298,-0.16748778426068328,-102.11372148717173
EE,2021-06-01,607.7777777777778,1.0,-0.007463728751125778,0.0,-0.045362884742953344,0.00298,-0.15222444544615216,-102.19755696858874
EE,2021-07-01,607.7777777777778,1.0,-0.007463728751125778,0.0,-0.045362884742953344,0.00298,-0.15222444544615216,-101.88082286786239
EE,2021-08-01,609.5555555555555,1.0,-0.007594054714329676,0.0,-0.04628998240312512,0.00298,-0.15533551141988294,-100.76816344095258
EE,2021-09-01,615.1111111111111,1.0,-0.008041534747362538,0.0,-0.04946437373488778,0.00298,-0.1659878313251268,-100.4830395494968
EE,2021-10-01,617.7777777777778,1.0,-0.007639950055442528,0.0,-0.04719791367584495,0.00298,-0.15838226065719782,-101.29387327316263
EE,2021-11-01,619.5555555555555,1.0,-0.007288681579540823,0.0,-0.04515743165279959,0.00298,-0.15153500554630736,-101.74295745612805
EE,2021-12-01,619.5555555555555,1.0,-0.007288681579540823,0.0,-0.04515743165279959,0.00298,-0.15153500554630736,-102.24315320003484
EE,2022-01-01,623.1111111111111,1.0,-0.005972898572369021,0.0,-0.0372177946598283,0.00298,-0.12489192838868558,-104.13509140483553
EE,2022-02-01,624.8888888888889,1.0,-0.003903708576099786,0.0,-0.02439384114665022,0.00298,-0.08185852733775242,-107.18661232974608
EE,2022-03-01,624.8888888888889,1.0,-0.003903708576099786,0.0,-0.02439384114665022,0.00298,-0.08185852733775242,-110.19345477236779
EE,2022-04-01,638.2222222222222,1.0,0.026069761262988475,0.0,0.1663830096606731,0.00298,0.5583322471834667,-113.55165988595289
EE,2022-05-01,646.2222222222222,1.0,0.048466952869063176,0.0,0.3132042198738571,0.00298,1.0510208720599232,-115.41454068525952
EE,2022-06-01,652.4444444444443,1.0,0.07087970743033777,0.0,0.46245071336771476,0.00298,1.5518480314352845,-118.72509331338442
EE,2022-07-01,652.4444444444443,1.0,0.07087970743033777,0.0806451612903225,-0.06371416118425591,0.00298,-0.2138059100142816,-102.71270802519699
EE,2022-08-01,652.4444444444443,1.0,0.07087970743033777,0.5,-2.7997715088545068,0.00298,-9.395206405552036,4.335284502458379
EE,2022-09-01,653.3333333333333,1.0,0.07467889024292802,0.925,-5.55543125041287,0.00298,-18.642386746351914,110.79818826710391
EE,2022-10-01,690.6666666666666,1.0,0.28488044218825803,1.25,-6.665759079286431,0.00298,-22.368319058008158,194.70488494833037
EE,2022-11-01,729.7777777777778,1.0,0.46788661038426144,1.975,-10.998578603329081,0.00298,-36.907981890366045,379.7061770716088
EE,2022-12-01,758.2222222222222,1.0,0.5792162485385293,2.177419354838709,-12.117931108213806,0.00298,-40.66419834971076,431.3530371181038
EE,2023-01-01,776.8888888888889,1.0,0.6559613678689479,2.5,-14.326131239844797,0.00298,-48.074265905519454,511.02668754455186
EE,2023-02-01,794.6666666666666,1.0,0.7268275577256833,2.875,-17.070810341273233,0.00298,-57.28459846064844,603.8150254999724
EE,2023-03-01,794.6666666666666,1.0,0.7268275577256833,3.161290322580645,-19.345864104714096,0.00298,-64.91900706279898,671.4816813100433
EE,2023-04-01,794.6666666666666,1.0,0.7268275577256833,3.5,-22.037477007939902,0.00298,-73.95126512731511,752.2639478313566
EE,2023-05-01,794.6666666666666,1.0,0.7268275577256833,3.6774193548387095,-23.447369481058182,0.00298,-78.68244792301404,795.035896220802
EE,2023-06-01,794.6666666666666,1.0,0.7268275577256833,3.8333333333333335,-24.686365896828793,0.00298,-82.84015401620401,831.6331276001665
EE,2023-07-01,794.6666666666666,1.0,0.7268275577256833,4.0,-26.01081034127323,0.00298,-87.28459846064843,859.6995268764227
EE,2023-08-01,794.6666666666666,1.0,0.7268275577256833,4.241935483870968,-27.933390986434524,0.00298,-93.73621136387425,917.8129644604317
EE,2023-09-01,794.6666666666666,1.0,0.7268275577256833,4.341666666666667,-28.725921452384345,0.00298,-96.39570957175955,938.3922853819107
EE,2023-10-01,794.6666666666666,1.0,0.7268275577256833,4.5,-29.984143674606567,0.00298,-100.61793179398177,966.7287712133523
EE,2023-11-01,794.6666666666666,1.0,0.7268275577256833,4.5,-29.984143674606567,0.00298,-100.61793179398177,964.1860296777206
EE,2023-12-01,794.6666666666666,1.0,0.7268275577256833,4.5,-29.984143674606567,0.00298,-100.61793179398177,964.0676256148383
EE,2024-01-01,794.6666666666666,1.0,0.7268275577256833,4.5,-29.984143674606567,0.00298,-100.61793179398177,958.3982646259185
EE,2024-02-01,794.6666666666666,1.0,0.7268275577256833,4.5,-29.984143674606567,0.00298,-100.61793179398177,953.5441039730329
EE,2024-03-01,794.6666666666666,1.0,0.7268275577256833,4.5,-29.984143674606567,0.00298,-100.61793179398177,948.3472696624181
EE,2024-04-01,794.6666666666666,1.0,0.7268275577256833,4.5,-29.984143674606567,0.00298,-100.61793179398177,940.5594466361715
EE,2024-05-01,794.6666666666666,1.0,0.7268275577256833,4.5,-29.984143674606567,0.00298,-100.61793179398177,938.1635325443931
EE,2024-06-01,794.6666666666666,1.0,0.7268275577256833,4.341666666666667,-28.725921452384345,0.00298,-96.39570957175955,890.480437280863
EE,2024-07-01,794.6666666666666,1.0,0.7268275577256833,4.25,-27.997477007939903,0.00298,-93.95126512731511,860.9704217389872
EE,2024-08-01,794.6666666666666,1.0,0.7268275577256833,4.25,-27.997477007939903,0.00298,-93.95126512731511,857.8820234603892
EE,2024-09-01,794.6666666666666,1.0,0.7268275577256833,3.99,-25.93134367460657,0.00298,-87.01793179398179,791.4011635979774
EE,2024-10-01,794.6666666666666,1.0,0.7268275577256833,3.577419354838709,-22.65270281439151,0.00298,-76.01578125634735,687.2908865258612
EE,2024-11-01,794.6666666666666,1.0,0.7268275577256833,3.4,-21.242810341273238,0.00298,-71.28459846064845,641.2940225819834
EE,2024-12-01,794.6666666666666,1.0,0.7268275577256833,3.287096774193548,-20.345606040197964,0.00298,-68.27384577247639,611.8638821011201
EE,2025-01-01,794.6666666666666,1.0,0.7268275577256833,3.0,-18.064143674606566,0.00298,-60.61793179398177,543.9437000929745
EE,2025-02-01,794.6666666666666,1.0,0.7268275577256833,2.7857142857142856,-16.361286531749425,0.00298,-54.90364607969606,491.44345707511377
EE,2025-03-01,794.6666666666666,1.0,0.7268275577256833,2.588709677419355,-14.795756577832377,0.00298,-49.65018985849791,442.1838267072496
EE,2025-04-01,794.6666666666666,1.0,0.7268275577256833,2.433333333333333,-13.561032563495457,0.00298,-45.50682068287067,402.59516448808444
EE,2025-05-01,794.6666666666666,1.0,0.7268275577256833,2.25,-12.104143674606568,0.00298,-40.617931793981775,358.69659050905335
EE,2025-06-01,794.6666666666666,1.0,0.7268275577256833,2.083333333333333,-10.779699230162123,0.00298,-36.173487349537325,319.22526953459976
EE,2025-07-01,794.6666666666666,1.0,0.7268275577256833,2.0,-10.117477007939902,0.00298,-33.95126512731511,296.1126478658449
EE,2025-08-01,794.6666666666666,1.0,0.7268275577256833,2.0,-10.117477007939902,0.00298,-33.95126512731511,294.95828275204326
EE,2025-09-01,794.6666666666666,1.0,0.7268275577256833,2.0,-10.117477007939902,0.00298,-33.95126512731511,292.52886637312383
EE,2025-10-01,794.6666666666666,1.0,0.7268275577256833,2.0,-10.117477007939902,0.00298,-33.95126512731511,287.380715405645
EE,2025-11-01,794.6666666666666,1.0,0.7268275577256833,2.0,-10.117477007939902,0.00298,-33.95126512731511,285.14550092048216
EE,2025-12-01,794.6666666666666,1.0,0.7268275577256833,2.0,-10.117477007939902,0.00298,-33.95126512731511,284.84767067996245
EE,2026-01-01,794.6666666666666,1.0,0.7268275577256833,2.0,-10.117477007939902,0.002945,-34.35476063816605,286.83217654799427
EE,2026-02-01,794.6666666666666,1.0,0.7268275577256833,2.0,-10.117477007939902,0.002945,-34.35476063816605,282.7314014059176
EE,2026-03-01,794.6666666666666,1.0,0.7268275577256833,2.0,-10.117477007939902,0.002945,-34.35476063816605,278.5597002213924
EE,2026-04-01,794.6666666666666,1.0,0.7268275577256833,2.0,-10.117477007939902,0.002945,-34.35476063816605,274.296767224126
EE,2026-05-01,794.6666666666666,1.0,0.7268275577256833,2.0,-10.117477007939902,0.002945,-34.35476063816605,270.5932024595425
EE,2026-06-01,794.6666666666666,1.0,0.7268275577256833,2.1166666666666667,-11.044588119051014,0.002945,-37.50284590509681,290.4345065821039
EE,2026-07-01,794.6666666666666,1.0,0.7268275577256833,2.25,-12.104143674606568,0.002945,-41.100657638731974,311.67903474460775
EE,2026-08-01,794.6666666666666,1.0,0.7268275577256833,2.25,-12.104143674606568,0.002945,-41.100657638731974,310.7266837604119
ES,2015-03-01,4841.777777777777,1.0,1.3106512567298767,0.05,61.037932403623444,0.118249,5.161813833827215,3.40491892188336
ES,2015-04-01,9704.888888888889,1.0,1.3014420165975786,0.05,121.45105721966546,0.118249,10.27078936986067,6.462934931799669
ES,2015-05-01,14957.333333333332,1.0,1.4602170578920797,0.05,210.93086607244462,0.118249,17.837856224783685,10.208519912065828
ES,2015-06-01,20215.11111111111,1.0,1.6522324465692437,0.05,323.89306933224657,0.118249,27.390766038803417,14.985264924922143
ES,2015-07-01,25451.555555555555,1.0,1.7346634148696798,0.05,428.7730449596759,0.118249,36.26018359222284,20.0202462887816
ES,2015-08-01,29791.11111111111,1.0,1.7610493369398872,0.05,509.7406091336917,0.118249,43.10739280109698,24.056518382330065
ES,2015-09-01,34936.88888888889,1.0,1.79353887458706,0.05,609.138239349065,0.118249,51.51318314311875,29.066961233414794
ES,2015-10-01,40307.555555555555,1.0,1.7786301239643292,0.05,696.768547566991,0.118249,58.923842702009395,32.843087631720145
ES,2015-11-01,45937.777777777774,1.0,1.7667822521703038,0.05,788.6516159303226,0.118249,66.69414675221968,36.845889936326444
ES,2015-12-01,50504.0,1.0,1.7555249052914994,0.05,861.3582981684189,0.118249,72.84275538638117,40.57371337196941
ES,2016-01-01,55932.44444444444,1.0,1.7488177328479848,0.05,950.1902846375696,0.118249,80.35503764408743,44.95135995060659
ES,2016-02-01,61376.88888888888,1.0,1.7438922033544773,0.05,1039.6583355504292,0.118249,87.92111016164442,49.7438926741168
ES,2016-03-01,66808.88888888889,1.0,1.724498822164276,0.0241935483870967,1135.9550611297136,0.118249,96.06466533583485,54.369470711119675
ES,2016-04-01,75091.55555555555,1.0,1.6974498151859838,0.0,1274.6414709980581,0.118249,107.79300213938875,61.59563290946285
ES,2016-05-01,83641.77777777777,1.0,1.6805028670999456,0.0,1405.6024736489205,0.118249,118.86802202546494,69.03486573884891
ES,2016-06-01,91853.33333333333,1.0,1.6603346409979918,0.0,1525.0727122446885,0.118249,128.9712988900277,75.92340112082454
ES,2016-07-01,99367.11111111111,1.0,1.6215087438409745,0.0,1611.2463951688433,0.118249,136.25877556417754,81.41247835387748
ES,2016-08-01,104800.0,1.0,1.5880992443716293,0.0,1664.3280081014675,0.118249,140.747744852089,84.77596148395929
ES,2016-09-01,112344.0,1.0,1.5486891040314723,0.0,1739.8592870331172,0.118249,147.13522203427658,89.59576475503565
ES,2016-10-01,120190.22222222222,1.0,1.514143406837897,0.0,1819.8523254415945,0.118249,153.9000182193164,94.23609405066509
ES,2016-11-01,127711.11111111111,1.0,1.504687383942727,0.0,1921.6529767819673,0.118249,162.50902559700015,99.52609650792357
ES,2016-12-01,133627.55555555556,1.0,1.4972726402797976,0.0,2000.7688292080202,0.118249,169.19964052195112,103.69709930506895
ES,2017-01-01,141440.0,1.0,1.4883453481132514,0.0,2105.115660371383,0.118249,178.02397148148253,109.42595803662525
ES,2017-02-01,148877.3333333333,1.0,1.4913686642937454,0.0,2220.3098975694797,0.118249,187.76563840450908,115.73595469907197
ES,2017-03-01,156396.44444444444,1.0,1.4941040151813405,0.0,2336.725556045299,0.118249,197.61059764102012,122.14847858714012
ES,2017-04-01,162262.22222222222,1.0,1.491954385481243,0.0,2420.8783404237643,0.118249,204.72717235864692,126.84254366510912
ES,2017-05-01,167633.77777777778,1.0,1.4882657394225627,0.0,2494.83608236642,0.118249,210.9815797483632,130.83423828842797
ES,2017-06-01,173136.88888888888,1.0,1.4808847087571193,0.0,2563.957712773359,0.118249,216.82701018810806,134.88832274497304
ES,2017-07-01,178747.55555555553,1.0,1.4780910854952516,0.0,2642.051684207339,0.118249,223.43120738503822,138.9792337184677
ES,2017-08-01,183268.44444444444,1.0,1.473049366809264,0.0,2699.6346604500764,0.118249,228.3008448655021,142.01175602649408
ES,2017-09-01,188700.44444444444,1.0,1.468480842121074,0.0,2771.029875663987,0.118249,234.3385462595021,146.0158159145583
ES,2017-10-01,194042.66666666666,1.0,1.4661654757584692,0.0,2844.986586907754,0.118249,240.59286648578453,150.26051994019224
ES,2017-11-01,199363.55555555553,1.0,1.4606119832577948,0.0,2911.927982693255,0.118249,246.25392034547903,154.28014994127648
ES,2017-12-01,204666.66666666666,1.0,1.4544835349285725,0.0,2976.8429681538114,0.118249,251.74360613229803,158.142945284681
ES,2018-01-01,207026.66666666666,1.0,1.452272278336314,0.0,3006.590888763726,0.118249,254.2593077965755,159.6216509935701
ES,2018-02-01,209536.88888888888,1.0,1.4503727283026655,0.0,3039.065892178302,0.118249,257.005631521476,161.16818807806396
ES,2018-03-01,211988.44444444444,1.0,1.4465883559080235,0.0,3066.6001532038827,0.118249,259.3341299464589,162.32112358236557
ES,2018-04-01,214746.66666666666,1.0,1.4411625365235161,0.0,3094.848508433033,0.118249,261.72301739828947,163.50618878492313
ES,2018-05-01,217261.3333333333,1.0,1.4383489733666368,0.0,3124.9761575226667,0.118249,264.2708316791403,164.79835633701384
ES,2018-06-01,220008.88888888888,1.0,1.4350629387916882,0.0,3157.266026491829,0.118249,267.00149908175365,166.0780862505554
ES,2018-07-01,222845.3333333333,1.0,1.4313789352314623,0.0,3189.7611594796695,0.118249,269.7495251105438,167.6683169011984
ES,2018-08-01,225336.0,1.0,1.4289692644982632,0.0,3219.9821818498062,0.118249,272.3052357186789,169.08254086321972
ES,2018-09-01,228039.1111111111,1.0,1.4271377181950775,0.0,3254.4321669034484,0.118249,275.21857833076376,170.8254928847395
ES,2018-10-01,228151.1111111111,1.0,1.4271258296127045,0.0,3256.003437215047,0.118249,275.35145643642204,169.53463634217155
ES,2018-11-01,230403.55555555553,1.0,1.4269483069487634,0.0,3287.739635149753,0.118249,278.03530136827817,171.13574049138577
ES,2018-12-01,231840.88888888888,1.0,1.425874754234149,0.0,3305.760704658711,0.118249,279.5592947643287,171.26903213563006
ES,2019-01-01,229104.0,1.0,1.425874754234149,0.0,3266.7360969406045,0.118249,276.2590886130626,167.30879661190033
ES,2019-02-01,229842.66666666666,1.0,1.4249813793071926,0.0,3275.2152017030994,0.118249,276.9761437054943,167.84636072143374
ES,2019-03-01,230425.77777777775,1.0,1.4238521710942842,0.0,3280.9224396497793,0.118249,277.4587894738881,167.84557015809395
ES,2019-04-01,226672.88888888888,1.0,1.4238521710942842,0.0,3227.486849726579,0.118249,272.93988530360326,163.11125238238827
ES,2019-05-01,228109.3333333333,1.0,1.4194630449839896,0.0,3237.927688826012,0.118249,273.82283899449567,163.8708326696593
ES,2019-06-01,228478.22222222222,1.0,1.417756195067562,0.0,3239.2641499357865,0.118249,273.9358599172751,164.22949789365924
ES,2019-07-01,226763.55555555553,1.0,1.417756195067562,0.0,3214.954357044361,0.118249,271.88004609293614,162.1910437051345
ES,2019-08-01,227244.44444444444,1.0,1.414850155731743,0.0,3215.168376113956,0.118249,271.89814511022973,162.34344948885374
ES,2019-09-01,227600.0,1.0,1.4127671336522607,0.0,3215.4579961925456,0.118249,271.92263750158946,162.6809665359604
ES,2019-10-01,227080.0,1.0,1.4127671336522607,0.0,3208.1116070975536,0.118249,271.3013731276842,162.36184762670092
ES,2019-11-01,229709.3333333333,1.0,1.3998297581425196,0.0,3215.5396052307938,0.118249,271.9295389585361,162.8610537371967
ES,2019-12-01,230224.0,1.0,1.3974282746301088,0.0,3217.2152709844213,0.118249,272.0712455060441,162.90156129888976
ES,2020-01-01,230402.66666666666,1.0,1.3965877488611027,0.0,3217.77541571595,0.118249,272.1186154399572,163.1988288407769
ES,2020-02-01,232185.77777777775,1.0,1.3872566828378476,0.0,3221.012718821256,0.118249,272.3923854596027,163.50614513104784
ES,2020-03-01,238543.0,1.0,1.3632171063345138,0.0,3251.8589819635395,0.118249,275.00097099878553,171.0928261917556
ES,2020-04-01,250231.88888888888,1.0,1.3338917363707823,0.0,3337.8224876534064,0.118249,282.2706735493244,174.11152411259621
ES,2020-05-01,267698.6666666666,1.0,1.2890916515977004,0.0,3450.8811634383555,0.118249,291.8317417854151,179.4317561649779
ES,2020-06-01,285901.77777777775,1.0,1.2330863850012463,0.0,3525.4158962542965,0.118249,298.13494374195943,189.62210163535178
ES,2020-07-01,294569.77777777775,1.0,1.1991395016425974,0.0,3532.302565234151,0.118249,298.7173308217533,189.63625278752062
ES,2020-08-01,302493.8888888889,1.0,1.173230659616519,0.0,3548.9510479107707,0.118249,300.1252482397966,190.93284899351903
ES,2020-09-01,313932.22222222225,1.0,1.1372803328149323,0.0,3570.289421702202,0.118249,301.9297771399506,192.98116566283093
ES,2020-10-01,325319.8888888889,1.0,1.1005227098466273,0.0,3580.2192568700366,0.118249,302.7695166022576,195.04967638985116
ES,2020-11-01,335579.5555555555,1.0,1.067523320959916,0.0,3582.3900159291925,0.118249,302.9530918594823,196.90116673336436
ES,2020-12-01,343904.77777777775,1.0,1.0410487337337384,0.0,3580.216334305382,0.118249,302.76926944882257,198.2254292678636
ES,2021-01-01,352067.3333333333,1.0,1.0170737044781406,0.0,3580.7842693907364,0.118249,302.81729819201314,199.56406448716373
ES,2021-02-01,356168.5555555555,1.0,0.9995671481830453,0.0,3560.1438734914113,0.118249,301.0717954055773,198.56879399667955
ES,2021-03-01,365427.0,1.0,0.9792365096601802,0.0,3578.3946001559066,0.118249,302.6152102898042,200.39994881372365
ES,2021-04-01,377572.0,1.0,0.9555299362120023,0.0,3607.8134907543817,0.118249,305.10308677066035,203.8053747965472
ES,2021-05-01,388377.6666666666,1.0,0.9394440931795093,0.0,3648.5910487284036,0.118249,308.5515352120021,206.60530150909102
ES,2021-06-01,399347.44444444444,1.0,0.9222125706237082,0.0,3682.8323331311963,0.118249,311.4472285711673,209.4018960480247
ES,2021-07-01,405817.44444444444,1.0,0.9032287992179217,0.0,3665.4600304724117,0.118249,309.97809964332987,208.24950122091363
ES,2021-08-01,414096.0,1.0,0.8872993069565087,0.0,3674.270938134624,0.118249,310.72321441488924,210.11038648535654
ES,2021-09-01,424410.2222222222,1.0,0.8705234855308124,0.0,3694.590659437955,0.118249,312.4415986129231,212.1245468947514
ES,2021-10-01,434347.6666666666,1.0,0.8581813059528576,0.0,3727.4904781757646,0.118249,315.2238478275304,214.08835681502495
ES,2021-11-01,440098.0,1.0,0.8486236202186529,0.0,3734.775580109887,0.118249,315.8399293110205,214.24850686043877
ES,2021-12-01,447401.2222222222,1.0,0.8397613200889581,0.0,3757.102409827466,0.118249,317.7280492712383,215.63643107674977
ES,2022-01-01,452101.2222222222,1.0,0.8353177082495123,0.0,3776.4815684347013,0.118249,319.3668926109059,215.35669313445905
ES,2022-02-01,457992.1111111111,1.0,0.8376202096090605,0.0,3836.2344810818504,0.118249,324.42003577889454,217.31528197648623
ES,2022-03-01,463142.1111111111,1.0,0.8407277273007958,0.0,3893.7641449173707,0.118249,329.2851647724184,219.17356852738837
ES,2022-04-01,470238.0,1.0,0.8525022070092502,0.0,4008.7893281961574,0.118249,339.01253526001545,224.9025431268791
ES,2022-05-01,468034.44444444444,1.0,0.8509409952888258,0.0,3982.696959850082,0.118249,336.80597382219565,220.3404122648762
ES,2022-06-01,470783.6666666666,1.0,0.8608394078481879,0.0,4052.6913283793197,0.118249,342.72520937845724,222.44826803363753
ES,2022-07-01,477969.77777777775,1.0,0.8803014510632812,0.0806451612903225,3822.115391213833,0.118249,323.2260223100265,220.7271201948438
ES,2022-08-01,477692.1111111111,1.0,0.8806909627480891,0.5,1818.5306967605604,0.118249,153.78825163515634,167.51874254316675
ES,2022-09-01,479439.0,1.0,0.8878666386705479,0.925,-178.03181622431188,0.118249,-15.055672033109106,114.38490298034672
ES,2022-10-01,475668.77777777775,1.0,0.8860718439273948,1.25,-1731.0926119797648,0.118249,-146.39384789552255,70.67935611081597
ES,2022-11-01,475381.8888888889,1.0,0.8896386564854863,1.975,-5159.611256069117,0.118249,-436.3344515445472,-19.72029258257237
ES,2022-12-01,475390.1111111111,1.0,0.8927264548998375,2.177419354838709,-6107.303004455957,0.118249,-516.4781946955962,-44.46095922778164
ES,2023-01-01,471060.2222222222,1.0,0.8910348535767024,2.5,-7579.194794219688,0.118249,-640.9521259562184,-81.85117250614712
ES,2023-02-01,472774.1111111111,1.0,0.9000502423794831,2.875,-9337.051161481444,0.118249,-789.6093126776077,-128.50968871698683
ES,2023-03-01,475712.55555555556,1.0,0.9155683528989546,3.161290322580645,-10683.18137264533,0.118249,-903.4479253647243,-167.04723699188196
ES,2023-04-01,476884.6666666666,1.0,0.9215516825530121,3.5,-12296.22466382934,0.118249,-1039.8586595936827,-213.64344663501095
ES,2023-05-01,473891.3333333333,1.0,0.9229539142778531,3.6774193548387095,-13053.173002479716,0.118249,-1103.8717454253072,-230.15340128149114
ES,2023-06-01,474689.77777777775,1.0,0.927063935240554,3.8333333333333335,-13795.763747430174,0.118249,-1166.6706481602528,-252.19736654388225
ES,2023-07-01,467002.2222222222,1.0,0.9272214968195783,4.0,-14349.943893819307,0.118249,-1213.5361731447458,-266.5520478076746
ES,2023-08-01,467905.2222222222,1.0,0.9322087351701807,4.241935483870968,-15486.384298456747,0.118249,-1309.641882676111,-298.092706851805
ES,2023-09-01,468454.2222222222,1.0,0.9353943792442481,4.341666666666667,-15956.826350815787,0.118249,-1349.4259021907826,-314.63790723711236
ES,2023-10-01,461949.1111111111,1.0,0.9316703608313156,4.5,-16483.867049654058,0.118249,-1393.996317064335,-326.6496140570009
ES,2023-11-01,461572.8888888889,1.0,0.9338455924791323,4.5,-16460.40192103251,0.118249,-1392.0119342262942,-327.20797275459176
ES,2023-12-01,461812.6666666666,1.0,0.935484939008846,4.5,-16461.38205689821,0.118249,-1392.0948216812155,-327.4092642723954
ES,2024-01-01,456575.8888888889,1.0,0.9334187072459003,4.5,-16284.150240336854,0.118249,-1377.1068034686848,-318.0906070487845
ES,2024-02-01,458263.8888888889,1.0,0.9416247186085794,4.5,-16306.748945765266,0.118249,-1379.0179152267897,-324.855879459775
ES,2024-03-01,459871.55555555556,1.0,0.9494040555034055,4.5,-16328.18080144896,0.118249,-1380.8303496392323,-331.8651481828324
ES,2024-04-01,453015.8888888889,1.0,0.9478057279882741,4.5,-16092.004456414117,0.118249,-1360.8575511348186,-319.6801727046652
ES,2024-05-01,449118.44444444444,1.0,0.9471964849432831,4.5,-15956.29588099027,0.118249,-1349.3810417838856,-310.5995774455107
ES,2024-06-01,449937.44444444444,1.0,0.951416624665827,4.341666666666667,-15254.004399255282,0.118249,-1289.9901393885175,-303.1139925358949
ES,2024-07-01,443795.22222222225,1.0,0.9504638653558154,4.25,-14643.18372104668,0.118249,-1238.3346769145344,-283.41299004823213
ES,2024-08-01,444082.22222222225,1.0,0.9517351288576376,4.25,-14647.007934543919,0.118249,-1238.65808036803,-286.82479178032565
ES,2024-09-01,444094.1111111111,1.0,0.953007780628912,3.99,-13487.10360112964,0.118249,-1140.568089466265,-262.14899407430585
ES,2024-10-01,435868.5555555555,1.0,0.9528274277467871,3.577419354838709,-11439.770921843277,0.118249,-967.4306693370156,-204.12400155480702
ES,2024-11-01,436431.5555555555,1.0,0.955325431913535,3.4,-10669.331245770818,0.118249,-902.2766573730701,-189.69803633043819
ES,2024-12-01,432784.3333333333,1.0,0.952986182988011,3.287096774193548,-10101.664961411607,0.118249,-854.2706459599325,-174.13291808633596
ES,2025-01-01,422960.8888888889,1.0,0.9522358730693493,3.0,-8661.241353613676,0.118249,-732.4578942412768,-127.89626235432058
ES,2025-02-01,422960.8888888889,1.0,0.9522358730693493,2.7857142857142856,-7754.896591708913,0.118249,-655.8107545695026,-109.46365141469278
ES,2025-03-01,422922.6666666666,1.0,0.9522209982040728,2.588709677419355,-6921.081561835383,0.118249,-585.2972593286524,-93.46324276290494
ES,2025-04-01,412339.77777777775,1.0,0.9507599409297635,2.433333333333333,-6113.239831629339,0.118249,-516.9802562076076,-68.87827103665245
ES,2025-05-01,412339.77777777775,1.0,0.9507599409297635,2.25,-5357.283572370082,0.118249,-453.0510678627372,-53.73654555970211
ES,2025-06-01,408824.8888888889,1.0,0.9527874676688379,2.083333333333333,-4621.952879140799,0.118249,-390.86612818212404,-35.46737129798697
ES,2025-07-01,398832.0,1.0,0.9522087368195218,2.0,-4178.926850767965,0.118249,-353.4006081039133,-23.336695110753283
ES,2025-08-01,398832.0,1.0,0.9522087368195218,2.0,-4178.926850767965,0.118249,-353.4006081039133,-24.491060224554985
ES,2025-09-01,398510.6666666666,1.0,0.9521785031159802,2.0,-4175.680432709153,0.118249,-353.12606725715676,-26.64593575671779
ES,2025-10-01,387800.77777777775,1.0,0.9513354720920879,2.0,-4066.7291955065443,0.118249,-343.91235405851586,-22.58037352555573
ES,2025-11-01,387800.77777777775,1.0,0.9513354720920879,2.0,-4066.7291955065443,0.118249,-343.91235405851586,-24.815588010718557
ES,2025-12-01,387800.77777777775,1.0,0.9513354720920879,2.0,-4066.7291955065443,0.118249,-343.91235405851586,-25.11341825123833
ES,2026-01-01,387800.77777777775,1.0,0.9513354720920879,2.0,-4066.7291955065443,0.116851,-348.0269056753082,-26.839968489147907
ES,2026-02-01,379635.44444444444,1.0,0.9513617360039202,2.0,-3981.002534136024,0.116851,-340.6904976539374,-23.604335609853763
ES,2026-03-01,379547.8888888889,1.0,0.951387434310877,2.0,-3979.9868556966794,0.116851,-340.60357683688454,-27.689115977326082
ES,2026-04-01,369846.6666666666,1.0,0.9502565931087995,2.0,-3882.440998940209,0.116851,-332.25569305698787,-23.604165194695838
ES,2026-05-01,369610.0,1.0,0.9502599102806297,2.0,-3879.9443456117647,0.116851,-332.0420317850737,-27.09406868736511
ES,2026-06-01,367905.1111111111,1.0,0.951591758080522,2.1166666666666667,-4286.370136961532,0.116851,-366.82357335080843,-38.88622086360772
ES,2026-07-01,358195.44444444444,1.0,0.9514270622303315,2.25,-4651.429105879343,0.116851,-398.06498069159386,-45.28528830825411
ES,2026-08-01,358195.44444444444,1.0,0.9514270622303315,2.25,-4651.429105879343,0.116851,-398.06498069159386,-46.23763929245001
FI,2015-03-01,688.0,1.0,0.18518536967508856,0.05,0.9300753433646092,0.018165,0.5120150527743513,-1.2448798591695032
FI,2015-04-01,1386.6666666666665,1.0,0.1366890575913364,0.05,1.2020882652665312,0.018165,0.6617606745205237,-3.1460937635404775
FI,2015-05-01,2134.222222222222,1.0,0.23979473681625052,0.05,4.0506414497406,0.018165,2.229915469166309,-5.399420843551548
FI,2015-06-01,2877.333333333333,1.0,0.3463806149568265,0.05,8.527858227691087,0.018165,4.694664589975826,-7.7108365239054475
FI,2015-07-01,3632.8888888888887,1.0,0.39237645432545054,0.05,12.438156167361035,0.018165,6.8473196627366,-9.392617640704637
FI,2015-08-01,4243.555555555556,1.0,0.4046334776476341,0.05,15.049068642576046,0.018165,8.284651055643295,-10.766223363123618
FI,2015-09-01,4976.888888888889,1.0,0.4270872970341118,0.05,18.76721578750215,0.018165,10.331525344069446,-12.114696565634512
FI,2015-10-01,5727.11111111111,1.0,0.43668223231421033,0.05,22.14572109155962,0.018165,12.191423667249996,-13.889331403039254
FI,2015-11-01,6535.11111111111,1.0,0.441963673126461,0.05,25.615261554006587,0.018165,14.101437684561843,-15.74681913133139
FI,2015-12-01,7187.555555555555,1.0,0.4497576641213243,0.05,28.73280419631136,0.018165,15.817673656103143,-16.451368358308617
FI,2016-01-01,7956.444444444444,1.0,0.45005284053187267,0.05,31.829982005340376,0.018165,17.522698599141414,-17.88097909433943
FI,2016-02-01,8737.777777777777,1.0,0.43301556424569254,0.05,33.46704885809029,0.018165,18.423918997021904,-19.753298490505717
FI,2016-03-01,9512.0,1.0,0.4184045042626841,0.0241935483870967,37.49734612288587,0.018165,20.642634804781654,-21.052559819933517
FI,2016-04-01,10688.888888888889,1.0,0.39346066758343606,0.0,42.05657357947394,0.018165,23.152531560404043,-23.044837669521854
FI,2016-05-01,11903.111111111111,1.0,0.3720800806582496,0.0,44.28910542306329,0.018165,24.381560926541862,-25.451595360074176
FI,2016-06-01,12991.11111111111,1.0,0.3492505510218355,0.0,45.37152713941445,0.018165,24.977444062435698,-28.07045370676747
FI,2016-07-01,14055.11111111111,1.0,0.3156130069873405,0.0,44.359758813189586,0.018165,24.42045626930338,-30.42584094099668
FI,2016-08-01,14829.333333333332,1.0,0.29160907312768286,0.0,43.243681484347846,0.018165,23.80604540839408,-32.16573795973562
FI,2016-09-01,15900.444444444443,1.0,0.26239394980209796,0.0,41.72180421386602,0.018165,22.9682379377187,-34.57121934152222
FI,2016-10-01,17018.666666666664,1.0,0.2412502935156864,0.0,41.057583285789605,0.018165,22.602578192011894,-37.061345976639416
FI,2016-11-01,18090.666666666664,1.0,0.23408243811407192,0.0,42.34707360442303,0.018165,23.3124545028478,-39.67047458622878
FI,2016-12-01,18925.333333333332,1.0,0.22824046531649952,0.0,43.19526886269858,0.018165,23.77939381376195,-41.72314740312023
FI,2017-01-01,19616.0,1.0,0.22498314425288066,0.0,44.13269357664507,0.018165,24.295454762810387,-44.3025586820469
FI,2017-02-01,20261.333333333332,1.0,0.22166219781094607,0.0,44.91171677246848,0.018165,24.724314215507007,-47.3053694899301
FI,2017-03-01,20910.222222222223,1.0,0.21850935390705017,0.0,45.69079147830621,0.018165,25.153202024941486,-50.30891702893852
FI,2017-04-01,21509.333333333332,1.0,0.2131835748427623,0.0,45.854365724845884,0.018165,25.24325115598452,-52.64137753755328
FI,2017-05-01,22074.666666666664,1.0,0.21092749229825494,0.0,46.56154083319878,0.018165,25.63255757401529,-54.51478388591994
FI,2017-06-01,22646.222222222223,1.0,0.21066918461116552,0.0,47.708611700788126,0.018165,26.26403066379748,-55.67465677933755
FI,2017-07-01,23227.555555555555,1.0,0.214983459483789,0.0,49.935402486852354,0.018165,27.489899524829262,-56.962074141741276
FI,2017-08-01,23696.888888888887,1.0,0.21611646040627763,0.0,51.212877493075155,0.018165,28.19316129538957,-58.09592754361847
FI,2017-09-01,23876.44444444444,1.0,0.21623667039433792,0.0,51.629628475220535,0.018165,28.422586553933684,-59.90014379101012
FI,2017-10-01,24811.555555555555,1.0,0.21738593392992833,0.0,53.93683176698746,0.018165,29.69272324084088,-60.639623304751424
FI,2017-11-01,25359.11111111111,1.0,0.21609363919845503,0.0,54.79942606837976,0.018165,30.1675893577648,-61.80618104643776
FI,2017-12-01,25922.666666666664,1.0,0.21505575186886444,0.0,55.748185704459495,0.018165,30.68989028596724,-62.910770561649784
FI,2018-01-01,26171.555555555555,1.0,0.2162311298700881,0.0,56.59105028235559,0.018165,31.15389500817814,-63.48376179482726
FI,2018-02-01,26434.666666666664,1.0,0.2190438951338626,0.0,57.90352353231946,0.018165,31.876423634637742,-63.96101980877428
FI,2018-03-01,26683.555555555555,1.0,0.22060417290321996,0.0,58.86503703450453,0.018165,32.40574568373495,-64.6072606803584
FI,2018-04-01,27165.333333333332,1.0,0.22298581051730001,0.0,60.574838713059606,0.018165,33.34700727391115,-64.8698213394552
FI,2018-05-01,27597.333333333332,1.0,0.22502341442567497,0.0,62.100461757101606,0.018165,34.186876827471295,-65.28559851465518
FI,2018-06-01,28076.44444444444,1.0,0.22595790472231056,0.0,63.44094558719023,0.018165,34.92482553657596,-65.9985872946223
FI,2018-07-01,28569.777777777777,1.0,0.22556535936126165,0.0,64.44352191315832,0.018165,35.476753048807225,-66.60445516053817
FI,2018-08-01,29004.44444444444,1.0,0.22563553108065268,0.0,65.44433225921507,0.018165,36.027708372813144,-67.19498648264602
FI,2018-09-01,28688.888888888887,1.0,0.22563553108065268,0.0,64.7323268055828,0.018165,35.63574280516532,-68.75734264085895
FI,2018-10-01,29034.666666666664,1.0,0.2280781586414698,0.0,66.22173310102194,0.018165,36.45567470466388,-69.36114538958662
FI,2018-11-01,29336.0,1.0,0.2293745658873395,0.0,67.28932264870993,0.018165,37.04339259494078,-69.85616828195162
FI,2018-12-01,29451.555555555555,1.0,0.22951404832834382,0.0,67.5954574512268,0.018165,37.211922626604355,-71.07834000209428
FI,2019-01-01,29647.11111111111,1.0,0.22921532710282463,0.0,67.9557227098712,0.018165,37.41025197350465,-71.54004002765762
FI,2019-02-01,29760.888888888887,1.0,0.2287118978149259,0.0,68.06669378436919,0.018165,37.471342573283344,-71.65844041077719
FI,2019-03-01,29887.11111111111,1.0,0.2280560357180286,0.0,68.15936079064245,0.018165,37.522356614721964,-72.09086270107215
FI,2019-04-01,30055.11111111111,1.0,0.22713993935694315,0.0,68.26716115143967,0.018165,37.58170170737113,-72.24693121384385
FI,2019-05-01,30216.0,1.0,0.22572388452249945,0.0,68.20472894731843,0.018165,37.5473322033132,-72.40467412152314
FI,2019-06-01,30328.888888888887,1.0,0.22412384810435682,0.0,67.97427286507248,0.018165,37.420464004994486,-72.28589801862135
FI,2019-07-01,29236.44444444444,1.0,0.22412384810435682,0.0,65.52584433778132,0.018165,36.07258152368914,-73.61642086411251
FI,2019-08-01,29340.44444444444,1.0,0.2214832330322331,0.0,64.98416494158178,0.018165,35.774382021239624,-73.78031360013637
FI,2019-09-01,29401.777777777777,1.0,0.22004695548729142,0.0,64.697716859139,0.018165,35.61668971050867,-73.62498125512039
FI,2019-10-01,29747.555555555555,1.0,0.21306017239580438,0.0,63.38019315020435,0.018165,34.89138075981522,-74.04814474116807
FI,2019-11-01,29943.11111111111,1.0,0.2099204273709781,0.0,62.85670681261127,0.018165,34.60319670388729,-74.46528851745214
FI,2019-12-01,30119.11111111111,1.0,0.20728588622945082,0.0,62.43266639109966,0.018165,34.369758541755935,-74.79992566539838
FI,2020-01-01,30634.666666666664,1.0,0.1993717296400244,0.0,61.07686480278933,0.018165,33.62337726550472,-75.29640933367557
FI,2020-02-01,30811.555555555555,1.0,0.19584121699093182,0.0,60.341725373837065,0.018165,33.21867623112418,-75.66756409743066
FI,2020-03-01,31307.333333333332,1.0,0.19037082307643705,0.0,59.6000281499504,0.018165,32.81036507016262,-71.09777973686732
FI,2020-04-01,31322.555555555555,1.0,0.18338011155421122,0.0,57.43933731940756,0.018165,31.620884844155,-76.53826459257316
FI,2020-05-01,33522.666666666664,1.0,0.15784541856310272,0.0,52.9139935135137,0.018165,29.12964135068192,-83.27034426975526
FI,2020-06-01,35673.33333333333,1.0,0.13112401092019005,0.0,46.776305495595786,0.018165,25.750787501016124,-82.76205460559152
FI,2020-07-01,37740.555555555555,1.0,0.105313942674852,0.0,39.74606704294845,0.018165,21.880576406797935,-87.20050162743473
FI,2020-08-01,38928.11111111111,1.0,0.09050735957711634,0.0,35.23280549991271,0.018165,19.395984310439147,-89.7964149358384
FI,2020-09-01,39061.44444444444,1.0,0.07180719782897162,0.0,28.04892868707606,0.018165,15.441193882232898,-93.50741759488677
FI,2020-10-01,40881.88888888889,1.0,0.0459832688984488,0.0,18.798828898542844,0.018165,10.348928653202776,-97.37091155920369
FI,2020-11-01,42674.77777777778,1.0,0.021934091406908992,0.0,9.360324765473065,0.018165,5.152945095223267,-100.89898003089466
FI,2020-12-01,44066.88888888889,1.0,0.004467504414766912,0.0,1.968690206561541,0.018165,1.0837821120625053,-103.46005806889644
FI,2021-01-01,45419.555555555555,1.0,-0.010602464437549686,0.0,-4.815592225470901,0.018165,-2.651027924839472,-105.90426162968888
FI,2021-02-01,46804.666666666664,1.0,-0.021481676032887663,0.0,-10.054426861606293,0.018165,-5.53505469948048,-108.03805610837823
FI,2021-03-01,48444.11111111111,1.0,-0.03159607342772108,0.0,-15.306436918073455,0.018165,-8.426334664505067,-110.64159614058562
FI,2021-04-01,49029.11111111111,1.0,-0.04158206104225963,0.0,-20.38731491069952,0.018165,-11.22340485037133,-112.5211168244845
FI,2021-05-01,50961.666666666664,1.0,-0.046280269753672124,0.0,-23.58519680430054,0.018165,-12.983868320561816,-114.93010202347286
FI,2021-06-01,52983.11111111111,1.0,-0.0526551303995715,0.0,-27.898326245305412,0.018165,-15.358285849328606,-117.4036183724712
FI,2021-07-01,55218.11111111111,1.0,-0.06112897140140182,0.0,-33.75426334950539,0.018165,-18.582033222959204,-120.31063164537545
FI,2021-08-01,56789.555555555555,1.0,-0.06920932534277544,0.0,-39.303668265160645,0.018165,-21.637031800253588,-122.2498597297863
FI,2021-09-01,58796.88888888889,1.0,-0.07510810924128088,0.0,-44.161231537141205,0.018165,-24.311165173212885,-124.62821689138455
FI,2021-10-01,60124.444444444445,1.0,-0.07583909927875963,0.0,-45.59783711302491,0.018165,-25.10202978971919,-126.23752080222462
FI,2021-11-01,61598.555555555555,1.0,-0.0779500641169653,0.0,-48.016113550680046,0.018165,-26.4333132676466,-128.02473571822836
FI,2021-12-01,62954.0,1.0,-0.08063122693613453,0.0,-50.76058260537413,0.018165,-27.944168789085676,-130.0357869835742
FI,2022-01-01,64162.555555555555,1.0,-0.07852563943936959,0.0,-50.38405703064076,0.018165,-27.73688798824154,-131.74708746468838
FI,2022-02-01,65002.88888888888,1.0,-0.0723365111257766,0.0,-47.020821953187316,0.018165,-25.885396065613715,-132.99014986802203
FI,2022-03-01,66428.22222222222,1.0,-0.058301166871777,0.0,-38.728428687732624,0.018165,-21.320357108578378,-131.4319533536084
FI,2022-04-01,65816.0,1.0,-0.05889490387868831,0.0,-38.762269936797495,0.018165,-21.338987028239742,-135.4489791613761
FI,2022-05-01,65287.777777777774,1.0,-0.04278019808060957,0.0,-27.93024065576153,0.018165,-15.375855026568416,-131.84141658388785
FI,2022-06-01,66222.0,1.0,-0.014478950509079654,0.0,-9.58825060612273,0.018165,-5.278420372211797,-125.5553617170315
FI,2022-07-01,66667.33333333333,1.0,-0.0037735438290426287,0.0806451612903225,-56.279699537610874,0.018165,-30.982493552221786,-133.48139566740448
FI,2022-08-01,66011.66666666666,1.0,0.0033805143004910273,0.5,-327.8267995016742,0.018165,-180.4716760262451,-166.74118511823468
FI,2022-09-01,64847.555555555555,1.0,0.0020357126667716304,0.925,-598.5197789863527,0.018165,-329.49065730049693,-200.0500822870411
FI,2022-10-01,65807.0,1.0,0.04261300479062945,1.25,-794.5451599374304,0.018165,-437.40443706987634,-220.3312330635378
FI,2022-11-01,65406.11111111111,1.0,0.05439184667973134,1.975,-1256.1951027697144,0.018165,-691.5469874867682,-274.93282852479336
FI,2022-12-01,65947.66666666666,1.0,0.07595065747357013,2.177419354838709,-1385.869571642704,0.018165,-762.9339783334456,-290.91674286563097
FI,2023-01-01,66695.11111111111,1.0,0.10597471016832405,2.5,-1596.697827081336,0.018165,-878.9968770059653,-319.895923555894
FI,2023-02-01,66222.44444444444,1.0,0.11841870427515955,2.875,-1825.475517127329,0.018165,-1004.9411049421025,-343.8414809814816
FI,2023-03-01,67135.11111111111,1.0,0.1570379358235732,3.161290322580645,-2016.9081779075675,0.018165,-1110.3265499078268,-373.9258615349845
FI,2023-04-01,65448.11111111111,1.0,0.15634404756713388,3.5,-2188.3596629215426,0.018165,-1204.7121733672132,-378.49696040854144
FI,2023-05-01,65457.88888888888,1.0,0.16534040810210335,3.6774193548387095,-2298.9327346449068,0.018165,-1265.583668948476,-391.8653248046601
FI,2023-06-01,65591.66666666666,1.0,0.1732973861157731,3.8333333333333335,-2400.678578379118,0.018165,-1321.595694125581,-407.12241250921056
FI,2023-07-01,65967.66666666666,1.0,0.18976956413443627,4.0,-2513.520113163675,0.018165,-1383.7159995395953,-436.73187420252407
FI,2023-08-01,65862.66666666666,1.0,0.18997118156732257,4.241935483870968,-2668.7317418785747,0.018165,-1469.1614323581473,-457.61225653384133
FI,2023-09-01,63503.0,1.0,0.1891206107476501,4.341666666666667,-2636.9913218902534,0.018165,-1451.688038475229,-416.9000435215587
FI,2023-10-01,64050.0,1.0,0.21629982728089478,4.5,-2743.7099606265865,0.018165,-1510.4376331552912,-443.0909301479571
FI,2023-11-01,63760.0,1.0,0.2166850853251634,4.5,-2731.0415895966753,0.018165,-1503.4635780879028,-438.6596166162003
FI,2023-12-01,63935.0,1.0,0.22310825957313138,4.5,-2734.430734241918,0.018165,-1505.3293334665113,-440.6437760576912
FI,2024-01-01,64407.0,1.0,0.24088995611522404,4.5,-2743.1650059648673,0.018165,-1510.137630588972,-451.12143416907156
FI,2024-02-01,63850.0,1.0,0.24131909157736298,4.5,-2719.1677600278535,0.018165,-1496.926925421334,-442.7648896543194
FI,2024-03-01,63611.88888888888,1.0,0.2412619636101961,4.5,-2709.0637077771303,0.018165,-1491.3645514875477,-442.39935003114783
FI,2024-04-01,62091.555555555555,1.0,0.24070727047032525,4.5,-2644.661111429656,0.018165,-1455.9103283400254,-414.7329499098721
FI,2024-05-01,62243.555555555555,1.0,0.24726856649724194,4.5,-2647.051252440863,0.018165,-1457.2261230062556,-418.44465866788073
FI,2024-06-01,62608.555555555555,1.0,0.2631339441795015,4.341666666666667,-2553.5104254098896,0.018165,-1405.7310351829835,-418.85488833036095
FI,2024-07-01,62967.555555555555,1.0,0.27814627221549665,4.25,-2500.979202628111,0.018165,-1376.8121126496621,-421.8904257833599
FI,2024-08-01,62411.555555555555,1.0,0.27812146777981245,4.25,-2478.911176735787,0.018165,-1364.663460906021,-412.83017231831684
FI,2024-09-01,60761.555555555555,1.0,0.27813798518529326,3.99,-2255.3851002772017,0.018165,-1241.6102946750352,-363.191199283076
FI,2024-10-01,60759.555555555555,1.0,0.2781378932619836,3.577419354838709,-2004.6287525808557,0.018165,-1103.5666130365294,-340.25994525432077
FI,2024-11-01,59524.11111111111,1.0,0.278097931944239,3.4,-1858.2844557695869,0.018165,-1023.0027281968548,-310.42410715422295
FI,2024-12-01,59599.11111111111,1.0,0.28084515908991703,3.287096774193548,-1791.6992403651852,0.018165,-986.3469531324995,-306.20922525890296
FI,2025-01-01,59599.11111111111,1.0,0.28084515908991703,3.0,-1620.5921149171568,0.018165,-892.1509027895165,-287.5892709025603
FI,2025-02-01,58016.11111111111,1.0,0.2806637285105648,2.7857142857142856,-1453.3329146568185,0.018165,-800.0731707441886,-253.72606758937877
FI,2025-03-01,58016.11111111111,1.0,0.2806637285105648,2.588709677419355,-1339.0385022144224,0.018165,-737.1530427825061,-245.31902621675857
FI,2025-04-01,57688.555555555555,1.0,0.2806430753985231,2.433333333333333,-1241.855915387755,0.018165,-683.6531326109304,-235.55114743997524
FI,2025-05-01,57077.555555555555,1.0,0.28056973279428693,2.25,-1124.102654892267,0.018165,-618.8288769018811,-219.514354598846
FI,2025-06-01,57077.555555555555,1.0,0.28056973279428693,2.083333333333333,-1028.9733956330078,0.018165,-566.4593424899575,-211.06058560582045
FI,2025-07-01,54390.0,1.0,0.2805711166611956,2.0,-935.1973696479757,0.018165,-514.8347754736998,-184.77086248053973
FI,2025-08-01,53839.0,1.0,0.28050026131961303,2.0,-925.7614643081336,0.018165,-509.64022257535566,-180.73067469599732
FI,2025-09-01,51659.88888888889,1.0,0.28050403617391734,2.0,-888.2897043614835,0.018165,-489.0116731965227,-162.5315416960837
FI,2025-10-01,51659.88888888889,1.0,0.28050403617391734,2.0,-888.2897043614835,0.018165,-489.0116731965227,-167.67969266356255
FI,2025-11-01,51659.88888888889,1.0,0.28050403617391734,2.0,-888.2897043614835,0.018165,-489.0116731965227,-169.91490714872538
FI,2025-12-01,51659.88888888889,1.0,0.28050403617391734,2.0,-888.2897043614835,0.018165,-489.0116731965227,-170.21273738924515
FI,2026-01-01,51659.88888888889,1.0,0.28050403617391734,2.0,-888.2897043614835,0.01795,-494.86891607882086,-173.68197889266054
FI,2026-02-01,51659.88888888889,1.0,0.28050403617391734,2.0,-888.2897043614835,0.01795,-494.86891607882086,-177.7827540347372
FI,2026-03-01,51659.88888888889,1.0,0.28050403617391734,2.0,-888.2897043614835,0.01795,-494.86891607882086,-181.9544552192624
FI,2026-04-01,48156.44444444444,1.0,0.28052036062388097,2.0,-828.0402572696943,0.01795,-461.30376449565136,-152.65223663335934
FI,2026-05-01,48156.44444444444,1.0,0.28052036062388097,2.0,-828.0402572696943,0.01795,-461.30376449565136,-156.3558013979428
FI,2026-06-01,48156.44444444444,1.0,0.28052036062388097,2.1166666666666667,-884.2227757882127,0.01795,-492.6032177093107,-164.66586522210997
FI,2026-07-01,48156.44444444444,1.0,0.28052036062388097,2.25,-948.4313683808053,0.01795,-528.3740213820643,-175.5943289987245
FI,2026-08-01,48156.44444444444,1.0,0.28052036062388097,2.25,-948.4313683808053,0.01795,-528.3740213820643,-176.5466799829204
FR,2015-03-01,7784.0,1.0,0.376425241092449,0.05,25.408940766636235,0.200047,1.2701485534217576,-0.4867463585220968
FR,2015-04-01,15449.777777777777,1.0,0.3398035658133521,0.05,44.77400691023887,0.200047,2.2381743745339278,-1.5696800635270733
FR,2015-05-01,23880.888888888887,1.0,0.45566009931011464,0.05,96.8752375828048,0.200047,4.842623862532545,-2.7867124501853127
FR,2015-06-01,32259.555555555555,1.0,0.5759091749960882,0.05,169.65596247962694,0.200047,8.480805134774675,-3.9246959791065983
FR,2015-07-01,40672.88888888888,1.0,0.6267661325522542,0.05,234.5874482417199,0.200047,11.72661665717156,-4.513320646269678
FR,2015-08-01,47861.33333333333,1.0,0.6429464288178578,0.05,283.79206678461094,0.200047,14.186269565882565,-4.864604852884348
FR,2015-09-01,56292.44444444444,1.0,0.653911056453864,0.05,339.9562959481489,0.200047,16.993821249413834,-5.452400660290124
FR,2015-10-01,65136.88888888888,1.0,0.6465869717794258,0.05,388.59819293355145,0.200047,19.425344690675264,-6.655410379613986
FR,2015-11-01,74222.22222222222,1.0,0.6382166697181274,0.05,436.5874837463434,0.200047,21.82424548962711,-8.024011326266123
FR,2015-12-01,81570.66666666666,1.0,0.6363162695731521,0.05,478.2620898659506,0.200047,23.907486234032532,-8.361555780379227
FR,2016-01-01,90432.0,1.0,0.6254115251286991,0.05,520.3561504043852,0.200047,26.01169477194785,-9.391982921532993
FR,2016-02-01,99311.11111111111,1.0,0.5977460681374374,0.05,543.9727063347127,0.200047,27.19224513912794,-10.98497234839968
FR,2016-03-01,108068.44444444444,1.0,0.5681340885008458,0.0241935483870967,587.8280804036378,0.200047,29.384498662996087,-12.310695961719084
FR,2016-04-01,121342.22222222222,1.0,0.5332941507342497,0.0,647.110973482066,0.200047,32.347946906580255,-13.849422323345642
FR,2016-05-01,135029.3333333333,1.0,0.5050666205194488,0.0,681.9880905766082,0.200047,34.09139305146332,-15.741763235152717
FR,2016-06-01,147192.0,1.0,0.4775094114477508,0.0,702.8556528981733,0.200047,35.13452603129131,-17.91337173791186
FR,2016-07-01,159253.3333333333,1.0,0.43905053747101763,0.0,699.2026159405111,0.200047,34.95191709650788,-19.89438011379218
FR,2016-08-01,167936.88888888888,1.0,0.41411067563075965,0.0,695.4445852110558,0.200047,34.764059706521756,-21.207723661607943
FR,2016-09-01,180033.77777777778,1.0,0.3843283640711419,0.0,691.9208729088084,0.200047,34.58791548530137,-22.951541793939555
FR,2016-10-01,192620.44444444444,1.0,0.3667410767287244,0.0,706.41829195521,0.200047,35.312616132969254,-24.351308035682052
FR,2016-11-01,204602.66666666666,1.0,0.36945643224540997,0.0,755.9177125456353,0.200047,37.78700568094674,-25.195923408129836
FR,2016-12-01,214104.0,1.0,0.3724205068040513,0.0,797.3672018877461,0.200047,39.85899323097802,-25.643547985904156
FR,2017-01-01,226761.77777777775,1.0,0.38147652393568954,0.0,865.0429474814395,0.200047,43.241985507477715,-25.356027937379572
FR,2017-02-01,238813.3333333333,1.0,0.3967951837872797,0.0,947.5998049085288,0.200047,47.36885856366398,-24.66082514177313
FR,2017-03-01,250997.3333333333,1.0,0.41073411518625597,0.0,1030.9316762077642,0.200047,51.53447320918405,-23.927645844695952
FR,2017-04-01,261044.44444444444,1.0,0.416665836337106,0.0,1087.6830176559965,0.200047,54.37137361000148,-23.51325508353633
FR,2017-05-01,270616.8888888889,1.0,0.4191325385840419,0.0,1134.243436237156,0.200047,56.69884758267587,-23.448493877259367
FR,2017-06-01,280216.0,1.0,0.4166252088139613,0.0,1167.4504951301299,0.200047,58.35881043605402,-23.579877007081016
FR,2017-07-01,289095.1111111111,1.0,0.4200866398899304,0.0,1214.4499383527275,0.200047,60.70823048347276,-23.743743183097777
FR,2017-08-01,297335.11111111107,1.0,0.4195715479312655,0.0,1247.5335282320368,0.200047,62.362021336587745,-23.9270675024203
FR,2017-09-01,307157.3333333333,1.0,0.4184375036074009,0.0,1285.261477747063,0.200047,64.24797561308408,-24.074754731859727
FR,2017-10-01,316480.0,1.0,0.4208817345596574,0.0,1332.0065135344037,0.200047,66.58467827732501,-23.74766826826729
FR,2017-11-01,325759.11111111107,1.0,0.4207590096483904,0.0,1370.6608097505107,0.200047,68.51693900685892,-23.456831397343635
FR,2017-12-01,333958.2222222222,1.0,0.41991935657875523,0.0,1402.355217997405,0.200047,70.10128709740236,-23.49937375021466
FR,2018-01-01,337494.2222222222,1.0,0.42149933805644757,0.0,1422.5359126454227,0.200047,71.11008476235199,-23.52757204065341
FR,2018-02-01,341248.8888888889,1.0,0.42456099102450945,0.0,1448.8096645267935,0.200047,72.42346371236727,-23.413979731044762
FR,2018-03-01,344795.55555555556,1.0,0.4258831179283611,0.0,1468.4260624784145,0.200047,73.40405317142545,-23.608953192667897
FR,2018-04-01,348853.3333333333,1.0,0.4268093262393199,0.0,1488.9385615634085,0.200047,74.42943716043773,-23.787391452928617
FR,2018-05-01,352552.0,1.0,0.42767693396096873,0.0,1507.7835842180743,0.200047,75.37146691617842,-24.101008425948052
FR,2018-06-01,356589.3333333333,1.0,0.4280752623434454,0.0,1526.4707241554095,0.200047,76.30560439073865,-24.617808440459598
FR,2018-07-01,360707.55555555556,1.0,0.4277082597837705,0.0,1542.7760087752438,0.200047,77.12067707964847,-24.960531129696918
FR,2018-08-01,364370.6666666666,1.0,0.4276474100034013,0.0,1558.2217188121265,0.200047,77.89278113703912,-25.329913718420045
FR,2018-09-01,368120.8888888889,1.0,0.42827083956523543,0.0,1576.5544214594518,0.200047,78.80920091075856,-25.58388453526571
FR,2018-10-01,369897.77777777775,1.0,0.42879722087537675,0.0,1586.1113911908878,0.200047,79.286937129319,-26.529882964931502
FR,2018-11-01,371374.2222222222,1.0,0.42896925725842305,0.0,1593.081242715912,0.200047,79.63534782905577,-27.264213047836634
FR,2018-12-01,373561.77777777775,1.0,0.4289697566021873,0.0,1602.467048892137,0.200047,80.10452788055493,-28.1857347481437
FR,2019-01-01,375777.77777777775,1.0,0.4286021907532627,0.0,1610.5917879194828,0.200047,80.51066938866781,-28.43962261249446
FR,2019-02-01,375117.3333333333,1.0,0.42860219075326267,0.0,1607.7611085618855,0.200047,80.36916867345602,-28.760614310604524
FR,2019-03-01,376401.77777777775,1.0,0.4277540492616361,0.0,1610.0738459372296,0.200047,80.48477837394361,-29.128440941850513
FR,2019-04-01,375751.11111111107,1.0,0.4277540492616361,0.0,1607.2905929233673,0.200047,80.34564841878995,-29.48298450242504
FR,2019-05-01,371684.44444444444,1.0,0.42775404926163607,0.0,1589.8952615867272,0.200047,79.47608619907957,-30.475920125756772
FR,2019-06-01,372460.44444444444,1.0,0.4265538377416188,0.0,1588.7443198472677,0.200047,79.41855263249475,-30.287809391121087
FR,2019-07-01,373689.77777777775,1.0,0.42420167137889553,0.0,1585.1982831054138,0.200047,79.24129245154458,-30.44770993625707
FR,2019-08-01,374035.55555555556,1.0,0.42333958377901665,0.0,1583.4405640744214,0.200047,79.15342714834121,-30.40126847303479
FR,2019-09-01,375022.2222222222,1.0,0.4210732378323805,0.0,1579.118213702056,0.200047,78.93736040540753,-30.304310560221538
FR,2019-10-01,373112.0,1.0,0.4210732378323805,0.0,1571.0747791411516,0.200047,78.53528316551369,-30.404242335469604
FR,2019-11-01,373246.2222222222,1.0,0.4208528019216807,0.0,1570.817184289045,0.200047,78.52240644893675,-30.54607877240268
FR,2019-12-01,377920.8888888889,1.0,0.4138348091573093,0.0,1563.9681892989402,0.200047,78.18003715621529,-30.989647050939013
FR,2020-01-01,384527.11111111107,1.0,0.403505762551437,0.0,1551.5890519059,0.200047,77.5612257072538,-31.358560891926487
FR,2020-02-01,386173.3333333333,1.0,0.40032092735727315,0.0,1545.9326692064935,0.200047,77.27847301916518,-31.607767309389658
FR,2020-03-01,396508.44444444444,1.0,0.38577844930501304,0.0,1529.6441283412069,0.200047,76.46423732128984,-27.443907485740098
FR,2020-04-01,417414.44444444444,1.0,0.36423217811333153,0.0,1520.3577227596622,0.200047,76.00002613184213,-32.15912330488602
FR,2020-05-01,429887.8888888889,1.0,0.34925888311179176,0.0,1501.4216393661936,0.200047,75.0534444088736,-37.346541211563576
FR,2020-06-01,460580.8888888889,1.0,0.3168954259857409,0.0,1459.5597698533563,0.200047,72.96084269463458,-35.55199941197306
FR,2020-07-01,480395.11111111107,1.0,0.29486859907392543,0.0,1416.5343341529608,0.200047,70.8100763397082,-38.27100169452447
FR,2020-08-01,494076.5555555555,1.0,0.28029697540120324,0.0,1384.8816413886677,0.200047,69.22781353325307,-39.964585713024476
FR,2020-09-01,514799.6666666666,1.0,0.2572541768590967,0.0,1324.3436449567068,0.200047,66.20162486599183,-42.74698661112784
FR,2020-10-01,529559.0,1.0,0.23989526132969735,0.0,1270.3869469449319,0.200047,63.5044238076518,-44.21541640475467
FR,2020-11-01,542482.8888888889,1.0,0.22393400953023238,0.0,1214.8036841043242,0.200047,60.72591361551657,-45.32601151060137
FR,2020-12-01,557094.2222222222,1.0,0.20715036768641318,0.0,1154.022729693097,0.200047,57.68757990337756,-46.85626027758139
FR,2021-01-01,571935.3333333333,1.0,0.19161582667696225,0.0,1095.918617024306,0.200047,54.78305683285958,-48.47017687198983
FR,2021-02-01,582562.6666666666,1.0,0.18339808780632696,0.0,1068.408790940213,0.200047,53.40788869316776,-49.09511271572998
FR,2021-03-01,598051.4444444445,1.0,0.17378351290247235,0.0,1039.3148091195335,0.200047,51.95353137610329,-50.261730099977264
FR,2021-04-01,613867.111111111,1.0,0.166109602913523,0.0,1019.6922206833816,0.200047,50.97263246553968,-50.32507950857349
FR,2021-05-01,626825.6666666666,1.0,0.16367423118512503,0.0,1025.952090787701,0.200047,51.28555243456293,-50.660681268348114
FR,2021-06-01,645969.6666666666,1.0,0.15920007610930362,0.0,1028.3842009763482,0.200047,51.40712937341466,-50.63820314972793
FR,2021-07-01,666600.8888888889,1.0,0.15028135270546344,0.0,1001.7768329688656,0.200047,50.07707353616228,-51.65152488625396
FR,2021-08-01,681460.6666666666,1.0,0.14202795585914108,0.0,967.8646548507418,0.200047,48.38186300473098,-52.23096492480172
FR,2021-09-01,700437.4444444445,1.0,0.13564257091301177,0.0,950.0913572818431,0.200047,47.49340691346749,-52.82364480470418
FR,2021-10-01,710383.6666666666,1.0,0.13417466514955675,0.0,953.1549060271434,0.200047,47.646548362491984,-53.488942650013456
FR,2021-11-01,726822.3333333333,1.0,0.1306688088188902,0.0,949.7300851963302,0.200047,47.47534755314152,-54.11607489744023
FR,2021-12-01,739848.111111111,1.0,0.12742663433219714,0.0,942.7635471592231,0.200047,47.12710248887627,-54.964515705612264
FR,2022-01-01,755749.3333333333,1.0,0.12861821922190364,0.0,972.0313343147418,0.200047,48.59014803094982,-55.42005144549702
FR,2022-02-01,761322.8888888889,1.0,0.1320772970169883,0.0,1005.5346932160936,0.200047,50.26492240403973,-56.839831398368595
FR,2022-03-01,770680.6666666666,1.0,0.13857825190670542,0.0,1067.99579564961,0.200047,53.38724378019216,-56.72435246483787
FR,2022-04-01,770380.4444444445,1.0,0.14035713313126635,0.0,1081.2839060261304,0.200047,54.05149320040442,-60.058498932731936
FR,2022-05-01,767128.3333333333,1.0,0.14073832947300519,0.0,1079.64360124744,0.200047,53.96949723052283,-62.49606432679661
FR,2022-06-01,771139.6666666666,1.0,0.15035921816029205,0.0,1159.4795737238821,0.200047,57.96035800206362,-62.31658334275608
FR,2022-07-01,769008.6666666666,1.0,0.15050724716791283,0.0806451612903225,537.245495112779,0.200047,26.855963604191967,-75.64293851099073
FR,2022-08-01,770525.2222222222,1.0,0.15318956533935454,0.5,-2672.261872358793,0.200047,-133.58170191798894,-119.85121100997853
FR,2022-09-01,777458.6666666666,1.0,0.17250758337634337,0.925,-5850.317509050058,0.200047,-292.4471503721654,-163.0065753587096
FR,2022-10-01,771680.2222222222,1.0,0.17174096658594376,1.25,-8320.711705180776,0.200047,-415.9378398666702,-198.86463586033165
FR,2022-11-01,772854.8888888889,1.0,0.17530778766429933,1.975,-13909.009247989068,0.200047,-695.287069938018,-278.67291097604317
FR,2022-12-01,775219.5555555555,1.0,0.18265697567958492,2.177419354838709,-15463.788050106787,0.200047,-773.0077456851034,-300.9905102172888
FR,2023-01-01,779196.7777777778,1.0,0.19534179223385373,2.5,-17957.822493704894,0.200047,-897.6801698453311,-338.5792163952598
FR,2023-02-01,777184.5555555555,1.0,0.195360499442417,2.875,-20825.744342899558,0.200047,-1041.042572140525,-379.9429481799041
FR,2023-03-01,768747.6666666666,1.0,0.1958384296845932,3.161290322580645,-22796.8422327609,0.200047,-1139.5743116748015,-403.1736233019592
FR,2023-04-01,769461.2222222222,1.0,0.1983017690997689,3.5,-25405.287561574405,0.200047,-1269.9659360837406,-443.75072312506893
FR,2023-05-01,757611.0,1.0,0.19719026664727599,3.6774193548387095,-26366.598397338003,0.200047,-1318.0201851233962,-444.3018409795802
FR,2023-06-01,759387.8888888889,1.0,0.20351747451343186,3.8333333333333335,-27564.38202084654,0.200047,-1377.8952956478497,-463.4220140314792
FR,2023-07-01,756451.5555555555,1.0,0.20604029554171324,4.0,-28699.467201525666,0.200047,-1434.6362205644507,-487.6520952273795
FR,2023-08-01,757512.5555555555,1.0,0.21002763618554,4.241935483870968,-30542.20817464688,0.200047,-1526.7516221011501,-515.2024462768442
FR,2023-09-01,757917.3333333333,1.0,0.21229020829275996,4.341666666666667,-31297.259936601953,0.200047,-1564.4953404250978,-529.7073454714275
FR,2023-10-01,747461.3333333333,1.0,0.21031745775079072,4.5,-32063.718326063165,0.200047,-1602.8092561279682,-535.4625531206341
FR,2023-11-01,746957.111111111,1.0,0.21240426350511887,4.5,-32026.501249445322,0.200047,-1600.948839494985,-536.1448780232824
FR,2023-12-01,747297.3333333333,1.0,0.21397943953482104,4.5,-32029.317354474664,0.200047,-1601.089611664992,-536.4040542561718
FR,2024-01-01,748988.2222222222,1.0,0.22240514422045987,4.5,-32038.68166417241,0.200047,-1601.5577171450914,-542.541520725191
FR,2024-02-01,743064.111111111,1.0,0.22243616292366142,4.5,-31785.04170318163,0.200047,-1588.8786986648952,-534.7166628978805
FR,2024-03-01,731311.2222222222,1.0,0.2222669734258991,4.5,-31283.541680042716,0.200047,-1563.8095887487798,-514.8443872923799
FR,2024-04-01,733420.5555555555,1.0,0.23132855018460308,4.5,-31307.31386207747,0.200047,-1564.9979185930042,-523.8205401628509
FR,2024-05-01,720042.3333333333,1.0,0.23027317358582022,4.5,-30743.84066787194,0.200047,-1536.8308781372348,-498.04941379885986
FR,2024-06-01,721162.4444444445,1.0,0.23564396984609087,4.341666666666667,-29611.093649834966,0.200047,-1480.206833885785,-493.33068703316246
FR,2024-07-01,715713.111111111,1.0,0.23476928704186614,4.25,-28737.532654001505,0.200047,-1436.5390460242595,-481.61735915795725
FR,2024-08-01,716123.3333333333,1.0,0.23631787359771758,4.25,-28742.914232996238,0.200047,-1436.8080617552994,-484.9747731675951
FR,2024-09-01,716642.111111111,1.0,0.2387196722612756,3.99,-26883.2545344026,0.200047,-1343.846922693297,-465.42782730133786
FR,2024-10-01,717009.5555555555,1.0,0.24110419858830967,3.577419354838709,-23921.698473763623,0.200047,-1195.8039097693854,-432.49724198717684
FR,2024-11-01,699012.2222222222,1.0,0.24039831642193174,3.4,-22086.001941749804,0.200047,-1104.0406475353195,-391.46202649268764
FR,2024-12-01,699237.4444444445,1.0,0.24155304102947547,3.287096774193548,-21295.582169214395,0.200047,-1064.5289441588425,-384.39121628524595
FR,2025-01-01,698798.4444444445,1.0,0.2415663059387997,3.0,-19275.891745131095,0.200047,-963.5681487416005,-359.00651685464425
FR,2025-02-01,691718.8888888889,1.0,0.24160969026482654,2.7857142857142856,-17598.05203981416,0.200047,-879.6958734604448,-333.34877030563496
FR,2025-03-01,667191.111111111,1.0,0.24134653560596325,2.588709677419355,-15661.398227677453,0.200047,-782.8859331895732,-291.05191662382566
FR,2025-04-01,666762.8888888889,1.0,0.24129843280477362,2.433333333333333,-14615.675228216904,0.200047,-730.6120675749651,-282.51008240400995
FR,2025-05-01,647232.4444444445,1.0,0.241053665061351,2.25,-13002.552471200495,0.200047,-649.9748794633509,-250.6603571603158
FR,2025-06-01,647100.0,1.0,0.2410466018594029,2.083333333333333,-11921.4374393678,0.200047,-595.9318279888126,-240.53307110467557
FR,2025-07-01,646955.6666666666,1.0,0.24104952607524155,2.0,-11379.629764916415,0.200047,-568.8478090107033,-238.7838960175432
FR,2025-08-01,646943.2222222222,1.0,0.24104715633857426,2.0,-11379.426204152636,0.200047,-568.8376333637914,-239.92808548443304
FR,2025-09-01,646768.7777777778,1.0,0.2410511559140766,2.0,-11376.331940630876,0.200047,-568.6829565367577,-242.20282503631876
FR,2025-10-01,636344.2222222222,1.0,0.24036425977675302,2.0,-11197.340365067865,0.200047,-559.7354804154957,-238.40349988253553
FR,2025-11-01,620025.0,1.0,0.24003280854574421,2.0,-10912.23657881425,0.200047,-545.4836402852455,-226.38687423744824
FR,2025-12-01,618550.8888888889,1.0,0.23988252821886188,2.0,-10887.222267190868,0.200047,-544.2332185531834,-225.43428274590588
FR,2026-01-01,618550.8888888889,1.0,0.23988252821886188,2.0,-10887.222267190868,0.197682,-550.7442390906035,-229.5573019044432
FR,2026-02-01,597625.6666666666,1.0,0.23954084235489218,2.0,-10520.95577727096,0.197682,-532.2161743239627,-215.13001227987905
FR,2026-03-01,593353.0,1.0,0.2396395346465228,2.0,-10445.151631988818,0.197682,-528.3815234562994,-215.46706259674096
FR,2026-04-01,581992.2222222222,1.0,0.23901492066544025,2.0,-10248.796196220968,0.197682,-518.4486294260969,-209.79710156380486
FR,2026-05-01,560844.5555555555,1.0,0.2385907762552011,2.0,-9878.767732426077,0.197682,-499.7302603386285,-194.78229724091995
FR,2026-06-01,560498.5555555555,1.0,0.23858550447832239,2.1166666666666667,-10526.61778622666,0.197682,-532.5025943801995,-204.5652418929988
FR,2026-07-01,559732.111111111,1.0,0.2385907521502897,2.25,-11258.503446073302,0.197682,-569.5259783932428,-216.74628600990303
FR,2026-08-01,559732.111111111,1.0,0.2385907521502897,2.25,-11258.503446073302,0.197682,-569.5259783932428,-217.69863699409893
GR,2020-03-01,301.0,1.0,1.8075288031922097,0.0,5.440661697608551,0.022593,2.4081183099227865,-101.50002649710716
GR,2020-04-01,2226.0,1.0,1.8885562987817557,0.0,42.039263210881884,0.022593,18.60720719288359,-89.55194224384456
GR,2020-05-01,4690.0,1.0,1.852379979061409,0.0,86.87662101798009,0.022593,38.4528929393972,-73.94709268103998
GR,2020-06-01,7798.0,1.0,1.6135290283771087,0.0,125.82299363284693,0.022593,55.69114045626829,-52.82170165033934
GR,2020-07-01,9946.0,1.0,1.496551465388353,0.0,148.8470087475256,0.022593,65.88191419799301,-43.19916383623966
GR,2020-08-01,11291.0,1.0,1.4379059797518738,0.0,162.35396417378408,0.022593,71.86029485848896,-37.33210438778859
GR,2020-09-01,12966.0,1.0,1.380730562517794,0.0,179.02552473605715,0.022593,79.23937712391324,-29.709234353206426
GR,2020-10-01,14639.0,1.0,1.3161597869191113,0.0,192.6726312070887,0.022593,85.27979073478012,-22.440049477626346
GR,2020-11-01,16307.0,1.0,1.2508335263267518,0.0,203.9734231381034,0.022593,90.28169040769417,-15.770234718423765
GR,2020-12-01,17645.0,1.0,1.1991195193161552,0.0,211.5846391833356,0.022593,93.65052856342037,-10.893311617538586
GR,2021-01-01,18950.0,1.0,1.157268329361354,0.0,219.30234841397657,0.022593,97.06650219713035,-6.18673150771906
GR,2021-02-01,20288.0,1.0,1.12969513509346,0.0,229.1925490077612,0.022593,101.44405302870855,-1.058948380189193
GR,2021-03-01,21936.0,1.0,1.1070009532485086,0.0,242.83172910459285,0.022593,107.48095830770278,5.265696831622222
GR,2021-04-01,23860.0,1.0,1.0837431803345403,0.0,258.58112282782133,0.022593,114.45187572603079,13.154163751917622
GR,2021-05-01,25680.0,1.0,1.0741108065171185,0.0,275.831655113596,0.022593,122.08721954304256,20.14098584013152
GR,2021-06-01,27449.0,1.0,1.0547412631240882,0.0,289.515929314931,0.022593,128.14408414771435,26.09875162457176
GR,2021-07-01,29396.0,1.0,1.028829150037342,0.0,302.4346169449771,0.022593,133.8620886756859,32.133490253269656
GR,2021-08-01,30553.0,1.0,1.0103231945028894,0.0,308.6840456164678,0.022593,136.62817935487445,36.01535142534175
GR,2021-09-01,32184.0,1.0,0.9968666626288497,0.0,320.83156670046895,0.022593,142.00485402579073,41.687802307619066
GR,2021-10-01,33685.0,1.0,0.9921477222990464,0.0,334.20496025643376,0.022593,147.92411820317523,46.788627190669786
GR,2021-11-01,34934.0,1.0,0.9980555539724835,0.0,348.6607272247474,0.022593,154.32245705517084,52.7310346045891
GR,2021-12-01,35731.0,1.0,1.0031899030583766,0.0,358.4497842617885,0.022593,158.65524023449237,56.563622040003835
GR,2022-01-01,36875.0,1.0,1.0204723928204138,0.0,376.2991948525276,0.022593,166.5556565540334,62.54545707758655
GR,2022-02-01,37618.0,1.0,1.0480454591477555,0.0,394.25374082220264,0.022593,174.50260736608803,67.3978535636797
GR,2022-03-01,38503.0,1.0,1.0826457415116204,0.0,416.8510898542192,0.022593,184.50453231276026,74.39293606773023
GR,2022-04-01,38275.0,1.0,1.0826457415116204,0.0,414.3826575635727,0.022593,183.41196723036904,69.30197509723268
GR,2022-05-01,38676.0,1.0,1.107581251038446,0.0,428.36812465162933,0.022593,189.6021443153319,73.13658275801247
GR,2022-06-01,38358.0,1.0,1.107581251038446,0.0,424.8460162733271,0.022593,188.04320642381586,67.76626507899616
GR,2022-07-01,39764.0,1.0,1.1842204741994542,0.0806451612903225,438.82568742518714,0.022593,194.23081814065736,91.73191602547466
GR,2022-08-01,38604.0,1.0,1.1842204741994542,0.5,264.1364718599573,0.022593,116.91075636699745,130.64124727500786
GR,2022-09-01,38876.0,1.0,1.2066967463441456,0.925,109.51242710875002,0.022593,48.471839555946545,177.91241456940236
GR,2022-10-01,39007.0,1.0,1.2187351024373094,1.25,-12.195498592278712,0.022593,-5.397910234266682,211.67529377207185
GR,2022-11-01,39605.0,1.0,1.2664124094964362,1.975,-280.6361152189365,0.022593,-124.21374550477428,292.40041345720056
GR,2022-12-01,39438.0,1.0,1.2664124094964362,2.177419354838709,-359.2829191040856,0.022593,-159.023998187087,312.9932372807276
GR,2023-01-01,37758.0,1.0,1.2664124094964362,2.5,-465.77800242233565,0.022593,-206.16031621402016,352.94063723605115
GR,2023-02-01,37686.0,1.0,1.2664124094964362,2.875,-606.212319357173,0.022593,-268.31864708412917,392.7809768764917
GR,2023-03-01,37723.0,1.0,1.2693669070759375,3.161290322580645,-713.6902700308408,0.022593,-315.8899969153459,420.5106914574964
GR,2023-04-01,37536.0,1.0,1.2693669070759375,3.5,-837.290437759976,0.022593,-370.5972813526208,455.6179316060509
GR,2023-05-01,38147.0,1.0,1.3120726653840553,3.6774193548387095,-902.3088016262668,0.022593,-399.37538247522104,474.34296166859497
GR,2023-06-01,37675.0,1.0,1.3120726653840553,3.8333333333333335,-949.8849566498906,0.022593,-420.433300867477,494.0399807488935
GR,2023-07-01,37976.0,1.0,1.332139390548671,4.0,-1013.1467450452368,0.022593,-448.43391539204043,498.55020994503076
GR,2023-08-01,38164.0,1.0,1.3445249380081266,4.241935483870968,-1105.7677607230949,0.022593,-489.42936339711196,522.119812427194
GR,2023-09-01,38257.0,1.0,1.3510907844235593,4.341666666666667,-1144.1046152697456,0.022593,-506.3978290929694,528.3901658607008
GR,2023-10-01,38857.0,1.0,1.3958235419054414,4.5,-1206.1898463218026,0.022593,-533.8776817252259,533.4690212821082
GR,2023-11-01,39229.0,1.0,1.4188966773514178,4.5,-1208.6860224418124,0.022593,-534.9825266417972,529.8214348299052
GR,2023-12-01,39264.0,1.0,1.4204985326435853,4.5,-1209.1354561428227,0.022593,-535.1814527255445,529.5041046832756
GR,2024-01-01,39359.0,1.0,1.4248119728741986,4.5,-1210.363255596444,0.022593,-535.72489514294,523.2913012769603
GR,2024-02-01,39314.0,1.0,1.4248119728741986,4.5,-1208.9794209842375,0.022593,-535.1123892286273,519.0496465383874
GR,2024-03-01,39344.0,1.0,1.4262584411712356,4.5,-1209.3328789055893,0.022593,-535.2688349956135,513.6963664607864
GR,2024-04-01,38281.0,1.0,1.4262584411712356,4.5,-1176.6590061352392,0.022593,-520.8068898044702,520.3704886256832
GR,2024-05-01,38486.0,1.0,1.437355283216058,4.5,-1178.689445701468,0.022593,-521.7055927506167,517.0758715877582
GR,2024-06-01,38335.0,1.0,1.437355283216058,4.341666666666667,-1113.367768845791,0.022593,-492.79324075854964,494.08290609407294
GR,2024-07-01,38407.0,1.0,1.441113774710654,4.25,-1078.808932546879,0.022593,-477.4969824931967,477.42470437310556
GR,2024-08-01,38354.0,1.0,1.441113774710654,4.25,-1077.3202228474759,0.022593,-476.8380572953906,474.99523129231363
GR,2024-09-01,38263.0,1.0,1.441113774710654,3.99,-975.2803363824626,0.022593,-431.6736760866032,446.745419305356
GR,2024-10-01,38278.0,1.0,1.4417498447414392,3.577419354838709,-817.4915750750329,0.022593,-361.83400835437214,401.47265942783645
GR,2024-11-01,38381.0,1.0,1.4462031531941228,3.4,-749.8867677725636,0.022593,-331.91110864983125,380.66751239280063
GR,2024-12-01,38309.0,1.0,1.4462031531941228,3.287096774193548,-705.2279372686697,0.022593,-312.1444417601336,367.99328611346294
GR,2025-01-01,38309.0,1.0,1.4462031531941228,3.0,-595.2440340428635,0.022593,-263.46391981713964,341.09771206981657
GR,2025-02-01,36887.0,1.0,1.4462031531941228,2.7857142857142856,-494.10547145271244,0.022593,-218.69847804749813,327.64862510731166
GR,2025-03-01,36822.0,1.0,1.4462031531941228,2.588709677419355,-420.693752350215,0.022593,-186.20535225521846,305.6286643105291
GR,2025-04-01,36822.0,1.0,1.4462031531941228,2.433333333333333,-363.48107493085996,0.022593,-160.88216479921215,287.21982037174297
GR,2025-05-01,36822.0,1.0,1.4462031531941228,2.25,-295.97407493086007,0.022593,-131.002556070845,268.3119662321901
GR,2025-06-01,36822.0,1.0,1.4462031531941228,2.083333333333333,-234.60407493085998,0.022593,-103.83927540869297,251.5594814754441
GR,2025-07-01,36822.0,1.0,1.4462031531941228,2.0,-203.9190749308601,0.022593,-90.25763507761701,239.80627791554303
GR,2025-08-01,36822.0,1.0,1.4462031531941228,2.0,-203.9190749308601,0.022593,-90.25763507761701,238.65191280174133
GR,2025-09-01,36787.0,1.0,1.4462031531941228,2.0,-203.72524603447803,0.022593,-90.17184350660739,236.30828799383158
GR,2025-10-01,36787.0,1.0,1.4462031531941228,2.0,-203.72524603447803,0.022593,-90.17184350660739,231.16013702635274
GR,2025-11-01,36787.0,1.0,1.4462031531941228,2.0,-203.72524603447803,0.022593,-90.17184350660739,228.92492254118991
GR,2025-12-01,36787.0,1.0,1.4462031531941228,2.0,-203.72524603447803,0.022593,-90.17184350660739,228.62709230067014
GR,2026-01-01,36787.0,1.0,1.4462031531941228,2.0,-203.72524603447803,0.022326,-91.25022217794412,229.9367150082162
GR,2026-02-01,34591.0,1.0,1.4462031531941228,2.0,-191.56386727862096,0.022326,-85.80304007821418,231.2831219658695
GR,2026-03-01,34591.0,1.0,1.4462031531941228,2.0,-191.56386727862096,0.022326,-85.80304007821418,227.1114207813443
GR,2026-04-01,34591.0,1.0,1.4462031531941228,2.0,-191.56386727862096,0.022326,-85.80304007821418,222.84848778407786
GR,2026-05-01,34591.0,1.0,1.4462031531941228,2.0,-191.56386727862096,0.022326,-85.80304007821418,219.1449230194944
GR,2026-06-01,34591.0,1.0,1.4462031531941228,2.1166666666666667,-231.92003394528766,0.022326,-103.87890080860328,224.05845167859744
GR,2026-07-01,33645.0,1.0,1.4462031531941228,2.25,-270.4374491078374,0.022326,-121.13116953679003,231.64852284654972
GR,2026-08-01,33645.0,1.0,1.4462031531941228,2.25,-270.4374491078374,0.022326,-121.13116953679003,230.69617186235382
IE,2015-03-01,641.7777777777777,1.0,0.7569592443520115,0.05,4.537107328196908,0.021782,2.0829617703594288,0.32606685841557437
IE,2015-04-01,1295.111111111111,1.0,0.7155737394676313,0.05,8.61991945248301,0.021782,3.9573590361229507,0.1495045980619496
IE,2015-05-01,1984.0,1.0,0.8870569819204485,0.05,16.607210521301695,0.021782,7.624281756175602,-0.005054556542255284
IE,2015-06-01,2680.8888888888887,1.0,1.069948940909044,0.05,27.343697829170456,0.021782,12.55334580349392,0.14784468961264707
IE,2015-07-01,3366.222222222222,1.0,1.1449070278226134,0.05,36.857003683237664,0.021782,16.920853770653597,0.6809164672123593
IE,2015-08-01,3934.222222222222,1.0,1.1599069421763362,0.05,43.66620556508857,0.021782,20.046922029698177,0.9960476109312637
IE,2015-09-01,4666.666666666666,1.0,1.1653143148140428,0.05,52.04800135798865,0.021782,23.894959764020133,1.4487378543161746
IE,2015-10-01,5385.777777777777,1.0,1.1448994847629943,0.05,58.96885313936873,0.021782,27.07228589632207,0.9915308260328217
IE,2015-11-01,6132.444444444444,1.0,1.1280749854171126,0.05,66.11234955015696,0.021782,30.351826990247435,0.503570174354202
IE,2015-12-01,6740.444444444444,1.0,1.1189849784243255,0.05,72.05433859014809,0.021782,33.0797624598972,0.810720445485444
IE,2016-01-01,7435.555555555555,1.0,1.1058093156853321,0.05,78.50528822851379,0.021782,36.04135902511881,0.6376813316379639
IE,2016-02-01,8149.333333333333,1.0,1.0902864135883679,0.05,84.77640746469471,0.021782,38.92039641203504,0.7431789245074185
IE,2016-03-01,8867.555555555555,1.0,1.0653694989217104,0.0241935483870967,92.32685584474049,0.021782,42.386766984088005,0.6915723593728345
IE,2016-04-01,9825.777777777777,1.0,1.0395908434063614,0.0,102.14788607123482,0.021782,46.895549569017916,0.6981803390920192
IE,2016-05-01,10814.22222222222,1.0,1.0150412213840851,0.0,109.76881332763358,0.021782,50.39427661722229,0.5611203306062507
IE,2016-06-01,11778.666666666666,1.0,0.9893635524635266,0.0,116.53383496617057,0.021782,53.500061962248914,0.4521641930457463
IE,2016-07-01,12655.111111111111,1.0,0.9491727797539393,0.0,120.11886991428297,0.021782,55.145932381913035,0.2996351716129766
IE,2016-08-01,13274.666666666666,1.0,0.9205739403833484,0.0,122.20312200608822,0.021782,56.10280139844286,0.1310180303131574
IE,2016-09-01,14147.555555555555,1.0,0.8862063907760805,0.0,125.37654147192976,0.021782,57.559701346033314,0.02024406679238666
IE,2016-10-01,15056.0,1.0,0.8590326699492785,0.0,129.33595878756338,0.021782,59.3774487134163,-0.2864754552350064
IE,2016-11-01,15926.22222222222,1.0,0.8535303768504835,0.0,135.93514455137876,0.021782,62.407099693039555,-0.5758293960370224
IE,2016-12-01,16502.222222222223,1.0,0.8490929884034367,0.0,140.1192118196427,0.021782,64.32798265523951,-1.1745585616426695
IE,2017-01-01,16988.444444444445,1.0,0.8493853160132926,0.0,144.2973525301871,0.021782,66.24614476640672,-2.351868678450572
IE,2017-02-01,17483.555555555555,1.0,0.8513173039599995,0.0,148.84053379190425,0.021782,68.3318950472428,-3.6977886581943125
IE,2017-03-01,17985.777777777777,1.0,0.8525890357889744,0.0,153.3447693347032,0.021782,70.39976555628647,-5.062353497593534
IE,2017-04-01,18449.777777777777,1.0,0.8500868676033551,0.0,156.839137990891,0.021782,72.00401156500368,-5.880617128534126
IE,2017-05-01,18908.44444444444,1.0,0.8454576830305885,0.0,159.862896297126,0.021782,73.39220287261318,-6.755138587322051
IE,2017-06-01,19368.888888888887,1.0,0.8379821004863727,0.0,162.30782195198276,0.021782,74.51465519786188,-7.424032245273153
IE,2017-07-01,19901.333333333332,1.0,0.8338885531013897,0.0,165.9549405812179,0.021782,76.18902790433289,-8.26294576223765
IE,2017-08-01,20335.11111111111,1.0,0.8278167698047899,0.0,168.3374599362149,0.021782,77.28282983023364,-9.006259008774407
IE,2017-09-01,20848.0,1.0,0.8199820969263848,0.0,170.94986756721272,0.021782,78.48217223726597,-9.840558107677836
IE,2017-10-01,20819.555555555555,1.0,0.8199820969263848,0.0,170.71662821519806,0.021782,78.37509329501334,-11.957253250578958
IE,2017-11-01,21860.44444444444,1.0,0.8040444816865744,0.0,175.76769722771485,0.021782,80.6940121328229,-11.279758271379649
IE,2017-12-01,22474.666666666664,1.0,0.7940617294541383,0.0,178.46272682238606,0.021782,81.93128584261595,-11.669375005001072
IE,2018-01-01,22836.44444444444,1.0,0.7942660604384177,0.0,181.3821276330968,0.021782,83.2715671807441,-11.366089622261299
IE,2018-02-01,23219.555555555555,1.0,0.7979664705237047,0.0,185.28426793795745,0.021782,85.06301897803574,-10.774424465376285
IE,2018-03-01,23584.0,1.0,0.7995457813957247,0.0,188.56487708436774,0.021782,86.56912913615267,-10.443877227940675
IE,2018-04-01,24088.0,1.0,0.8005955099423501,0.0,192.84744643491328,0.021782,88.53523387885102,-9.681594734515329
IE,2018-05-01,24548.44444444444,1.0,0.80218727771498,0.0,196.92449821026312,0.021782,90.40698659914752,-9.065488742978957
IE,2018-06-01,25050.666666666664,1.0,0.8026787975892947,0.0,201.07638998810225,0.021782,92.3130979653394,-8.610314865858854
IE,2018-07-01,25562.666666666664,1.0,0.8012042465155719,0.0,204.80917085595388,0.021782,94.02679774857859,-8.054410460766803
IE,2018-08-01,26017.777777777777,1.0,0.8004552121295301,0.0,208.26065830250084,0.021782,95.61135722270721,-7.611337632751955
IE,2018-09-01,26321.777777777777,1.0,0.8007664289493783,0.0,210.77595994710214,0.021782,96.76611878941426,-7.6269666566100085
IE,2018-10-01,26472.888888888887,1.0,0.8013062651977627,0.0,212.12891724550903,0.021782,97.38725426751861,-8.429565826731888
IE,2018-11-01,26597.333333333332,1.0,0.8015893677323993,0.0,213.20139610034533,0.021782,97.87962358844246,-9.019937288449952
IE,2018-12-01,26786.666666666664,1.0,0.8015227266370423,0.0,214.70122104184236,0.021782,98.5681852179976,-9.722077410701033
IE,2019-01-01,26968.0,1.0,0.80158173696776,0.0,216.17056282546554,0.021782,99.24275219239075,-9.707539808771514
IE,2019-02-01,27137.777777777777,1.0,0.8010712829084384,0.0,217.39294459728558,0.021782,99.80394114281773,-9.325841841242806
IE,2019-03-01,27308.44444444444,1.0,0.7994800154262411,0.0,218.3255558571109,0.021782,100.2320979970209,-9.381121318773225
IE,2019-04-01,27477.333333333332,1.0,0.7972224157149745,0.0,219.05546057405593,0.021782,100.56719335876225,-9.261439562452736
IE,2019-05-01,27641.777777777777,1.0,0.7946671245548255,0.0,219.6601206425014,0.021782,100.84478957051759,-9.107216754318756
IE,2019-06-01,27796.44444444444,1.0,0.7910750972044427,0.0,219.8907499082678,0.021782,100.95067023609761,-8.75569178751823
IE,2019-07-01,27959.11111111111,1.0,0.7865974649513334,0.0,219.92565922292658,0.021782,100.96669691622743,-8.722305471574217
IE,2019-08-01,28102.22222222222,1.0,0.781882893409184,0.0,219.7264682233898,0.021782,100.87524939096033,-8.679446230415664
IE,2019-09-01,28257.777777777777,1.0,0.7770272200544379,0.0,219.5706251158274,0.021782,100.80370265165155,-8.437968313977521
IE,2019-10-01,28261.333333333332,1.0,0.7769201503016985,0.0,219.56799341059732,0.021782,100.80249444981973,-8.13703105116356
IE,2019-11-01,28643.555555555555,1.0,0.7662119783157373,0.0,219.47035368218948,0.021782,100.7576685713844,-8.31081664995503
IE,2019-12-01,29089.777777777777,1.0,0.7533805686284382,0.0,219.15673323497126,0.021782,100.61368709713123,-8.555997110023071
IE,2020-01-01,29686.22222222222,1.0,0.7364398812463259,0.0,218.6211796798537,0.021782,100.36781731698362,-8.551969282196666
IE,2020-02-01,30073.777777777777,1.0,0.7241272709885614,0.0,217.77242630538666,0.021782,99.97815917059346,-8.908081157961377
IE,2020-03-01,30851.22222222222,1.0,0.7068624767914711,0.0,218.0757135204407,0.021782,100.11739671308452,-3.7907480939454246
IE,2020-04-01,30948.888888888887,1.0,0.6870265159741263,0.0,212.62707306603681,0.021782,97.61595494722101,-10.543194489507144
IE,2020-05-01,33032.0,1.0,0.6440254283169896,0.0,212.73447948166802,0.021782,97.66526465965845,-14.73472096077873
IE,2020-06-01,35119.555555555555,1.0,0.6050180344280054,0.0,212.47964472207357,0.021782,97.54827138099053,-10.964570725617108
IE,2020-07-01,37059.88888888889,1.0,0.5668581469940891,0.0,210.07699943362388,0.021782,96.44522974640708,-12.635848287825596
IE,2020-08-01,38269.0,1.0,0.5425991204216257,0.0,207.64725739415198,0.021782,95.32974813798181,-13.862651108295736
IE,2020-09-01,40041.33333333333,1.0,0.509217009685325,0.0,203.89728023813325,0.021782,93.6081536305818,-15.340457846537873
IE,2020-10-01,41407.555555555555,1.0,0.48301091122907924,0.0,200.00301140657612,0.021782,91.82031558469201,-15.899524627714456
IE,2020-11-01,43205.777777777774,1.0,0.4502518038423227,0.0,194.53479380854984,0.021782,89.30988605662925,-16.742039069488683
IE,2020-12-01,44586.444444444445,1.0,0.42585298803965976,0.0,189.87270592730954,0.021782,87.16954638109887,-17.374293799860084
IE,2021-01-01,45776.22222222222,1.0,0.4072943913837258,0.0,186.44398569846183,0.021782,85.59543921516016,-17.657794489689252
IE,2021-02-01,46967.33333333333,1.0,0.394103697640468,0.0,185.09999734979073,0.021782,84.97842133403303,-17.524580074864716
IE,2021-03-01,48443.777777777774,1.0,0.3806251008836022,0.0,184.38917803849472,0.021782,84.6520879802106,-17.56317349586996
IE,2021-04-01,50054.444444444445,1.0,0.36853051901019634,0.0,184.4659038987815,0.021782,84.68731241336035,-16.610399560752825
IE,2021-05-01,51544.11111111111,1.0,0.36260250744248507,0.0,186.90023932782944,0.021782,85.80490282243571,-16.141330880475337
IE,2021-06-01,53030.88888888889,1.0,0.35560702932135435,0.0,188.58156860048595,0.021782,86.57679212215865,-15.46854040098394
IE,2021-07-01,54633.0,1.0,0.3441820404663711,0.0,188.03697416799253,0.021782,86.32677172343794,-15.401826698978297
IE,2021-08-01,55861.444444444445,1.0,0.33341428000326,0.0,186.25003279386553,0.021782,85.50639647133667,-15.106431458196028
IE,2021-09-01,57270.777777777774,1.0,0.3247546916009746,0.0,185.9895377497017,0.021782,85.38680458621876,-14.93024713195291
IE,2021-10-01,58519.22222222222,1.0,0.32070704915043546,0.0,187.67527077467474,0.021782,86.16071562513761,-14.974775387367828
IE,2021-11-01,59793.33333333333,1.0,0.3162777407767535,0.0,189.11300380178014,0.021782,86.82077118803606,-14.770651262545684
IE,2021-12-01,60830.666666666664,1.0,0.31156970622640257,0.0,189.5299294288955,0.021782,87.01217951927993,-15.079438675208607
IE,2022-01-01,62408.33333333333,1.0,0.3114236430275081,0.0,194.35430521941734,0.021782,89.2270247082074,-14.783174768239448
IE,2022-02-01,63261.88888888888,1.0,0.31696388857816915,0.0,200.51734301022293,0.021782,92.05644248013174,-15.04831132227659
IE,2022-03-01,61267.88888888889,1.0,0.3133063365242946,0.0,191.95617814355316,0.021782,88.12605736091872,-21.985538884111307
IE,2022-04-01,62374.0,1.0,0.3317765933730123,0.0,206.94233235048267,0.021782,95.00612081098278,-19.10387132215358
IE,2022-05-01,63148.33333333333,1.0,0.34699187915373547,0.0,219.11958848759804,0.021782,100.59663414176754,-15.868927415551909
IE,2022-06-01,63711.444444444445,1.0,0.3622157638923787,0.0,230.77289518131292,0.021782,105.94660507818976,-14.330336266629942
IE,2022-07-01,64082.11111111111,1.0,0.3695471063461844,0.0806451612903225,185.13446543285855,0.021782,84.99424544709326,-17.50465666808944
IE,2022-08-01,64278.777777777774,1.0,0.37339094563346065,0.5,-81.38275270281368,0.021782,-37.36238761491767,-23.631896706907256
IE,2022-09-01,65070.11111111111,1.0,0.3976587357466753,0.925,-343.1415465843765,0.021782,-157.53445348653776,-28.09387847308193
IE,2022-10-01,63367.0,1.0,0.3979531660314228,1.25,-539.9165172808683,0.021782,-247.8727928017943,-30.799588795455776
IE,2022-11-01,63789.33333333333,1.0,0.41187364103418767,1.975,-997.1078835418987,0.021782,-457.7669100825905,-41.152751120615676
IE,2022-12-01,64022.22222222222,1.0,0.41971331199172446,2.177419354838709,-1125.322468764925,0.021782,-516.629542174697,-44.61230670688241
IE,2023-01-01,64321.444444444445,1.0,0.43005457318013945,2.5,-1331.418797742255,0.021782,-611.2472673502227,-52.146313900151426
IE,2023-02-01,64566.444444444445,1.0,0.439246534368114,2.875,-1572.6794081908417,0.021782,-722.0087265590129,-60.909102598391996
IE,2023-03-01,61703.11111111111,1.0,0.43783430829407644,3.161290322580645,-1680.4570905574794,0.021782,-771.4888855740885,-35.0881972012462
IE,2023-04-01,61864.22222222222,1.0,0.4438537715851627,3.5,-1890.661094182618,0.021782,-867.9924222672931,-41.77720930862142
IE,2023-05-01,62097.666666666664,1.0,0.452526422832724,3.6774193548387095,-2002.58326327397,0.021782,-919.3752930281747,-45.65694888435871
IE,2023-06-01,62209.444444444445,1.0,0.45667838972411506,3.8333333333333335,-2100.5982812251636,0.021782,-964.3734648908106,-49.90018327444011
IE,2023-07-01,62280.444444444445,1.0,0.45945774755685576,4.0,-2205.0654505649345,0.021782,-1012.3337850357793,-65.34965969870814
IE,2023-08-01,62362.444444444445,1.0,0.46271964182898845,4.241935483870968,-2356.8113799290727,0.021782,-1081.9995316908792,-70.4503558665732
IE,2023-09-01,62408.444444444445,1.0,0.4646346194969799,4.341666666666667,-2419.5953912512014,0.021782,-1110.823336356258,-76.03534140258785
IE,2023-10-01,62516.444444444445,1.0,0.4694139208672012,4.5,-2519.7791069465675,0.021782,-1156.817145783935,-89.47044277660098
IE,2023-11-01,62575.444444444445,1.0,0.4717704573466881,4.5,-2520.6825395577216,0.021782,-1157.2319068761922,-92.42794540448972
IE,2023-12-01,62614.444444444445,1.0,0.4729791704245582,4.5,-2521.4967201007207,0.021782,-1157.6056928200903,-92.92013541127017
IE,2024-01-01,62753.444444444445,1.0,0.477536742643595,4.5,-2524.2342455033418,0.021782,-1158.8624761286117,-99.84627970871134
IE,2024-02-01,62874.444444444445,1.0,0.48186402797243005,4.5,-2526.380669434712,0.021782,-1159.847887905019,-105.6858521380043
IE,2024-03-01,59426.444444444445,1.0,0.48020127975743554,4.5,-2388.823453263436,0.021782,-1096.6961037845176,-47.730902328117736
IE,2024-04-01,59548.444444444445,1.0,0.48505938878586297,4.5,-2390.834679346289,0.021782,-1097.6194469499076,-56.44206851975423
IE,2024-05-01,59698.444444444445,1.0,0.4910852746416416,4.5,-2393.259730143212,0.021782,-1098.732774833905,-59.95131049553015
IE,2024-06-01,59755.444444444445,1.0,0.49337671576427894,4.341666666666667,-2299.562763672615,0.021782,-1055.7169973705882,-68.84085051796558
IE,2024-07-01,59826.444444444445,1.0,0.4961269033020806,4.25,-2245.808802710927,0.021782,-1031.0388406532581,-76.1171537869559
IE,2024-08-01,59848.444444444445,1.0,0.4968874522115281,4.25,-2246.1794781006574,0.021782,-1031.209015747249,-79.37572715954468
IE,2024-09-01,59886.444444444445,1.0,0.4981340153127633,3.99,-2091.1543829941747,0.021782,-960.0378215931388,-81.61872620117958
IE,2024-10-01,59935.444444444445,1.0,0.49976645225906036,3.577419354838709,-1844.6049456184574,0.021782,-846.8482901563021,-83.54162237409355
IE,2024-11-01,59978.444444444445,1.0,0.5012272746149871,3.4,-1738.638788665758,0.021782,-798.1997927948573,-85.62117175222545
IE,2024-12-01,59993.444444444445,1.0,0.501701433312203,3.287096774193548,-1671.0546063897937,0.021782,-767.1722552519483,-87.03452737835175
IE,2025-01-01,59993.444444444445,1.0,0.501701433312203,3.0,-1498.8153626621954,0.021782,-688.0981372978586,-83.53650541090235
IE,2025-02-01,59993.444444444445,1.0,0.501701433312203,2.7857142857142856,-1370.2579817098144,0.021782,-629.0781295151108,-82.73102636030103
IE,2025-03-01,55580.77777777778,1.0,0.5022383065141927,2.588709677419355,-1159.6770160597518,0.021782,-532.4015315672353,-40.567515001487834
IE,2025-04-01,55580.77777777778,1.0,0.5022383065141927,2.433333333333333,-1073.3176355340647,0.021782,-492.7544006675534,-44.65241549659828
IE,2025-05-01,55580.77777777778,1.0,0.5022383065141927,2.25,-971.4195429414722,0.021782,-445.97352995201186,-46.65900764897674
IE,2025-06-01,55580.77777777778,1.0,0.5022383065141927,2.083333333333333,-878.7849133118424,0.021782,-403.44546566515584,-48.046708781018765
IE,2025-07-01,55580.77777777778,1.0,0.5022383065141927,2.0,-832.4675984970278,0.021782,-382.18143352172797,-52.11752052856792
IE,2025-08-01,55580.77777777778,1.0,0.5022383065141927,2.0,-832.4675984970278,0.021782,-382.18143352172797,-53.271885642369625
IE,2025-09-01,55580.77777777778,1.0,0.5022383065141927,2.0,-832.4675984970278,0.021782,-382.18143352172797,-55.701302021288996
IE,2025-10-01,55580.77777777778,1.0,0.5022383065141927,2.0,-832.4675984970278,0.021782,-382.18143352172797,-60.84945298876784
IE,2025-11-01,55580.77777777778,1.0,0.5022383065141927,2.0,-832.4675984970278,0.021782,-382.18143352172797,-63.084667473930665
IE,2025-12-01,55580.77777777778,1.0,0.5022383065141927,2.0,-832.4675984970278,0.021782,-382.18143352172797,-63.38249771445044
IE,2026-01-01,55580.77777777778,1.0,0.5022383065141927,2.0,-832.4675984970278,0.021525,-386.74452891847983,-65.55759173231951
IE,2026-02-01,55580.77777777778,1.0,0.5022383065141927,2.0,-832.4675984970278,0.021525,-386.74452891847983,-69.65836687439617
IE,2026-03-01,55580.77777777778,1.0,0.5022383065141927,2.0,-832.4675984970278,0.021525,-386.74452891847983,-73.83006805892137
IE,2026-04-01,55580.77777777778,1.0,0.5022383065141927,2.0,-832.4675984970278,0.021525,-386.74452891847983,-78.0930010561878
IE,2026-05-01,50286.88888888889,1.0,0.49986118891142617,2.0,-754.37313711121,0.021525,-350.4637106207712,-45.51574752306266
IE,2026-06-01,50286.88888888889,1.0,0.49986118891142617,2.1166666666666667,-813.0411741482469,0.021525,-377.7194769562123,-49.78212446901159
IE,2026-07-01,50286.88888888889,1.0,0.49986118891142617,2.25,-880.0903593334322,0.021525,-408.8689241967165,-56.08923181337673
IE,2026-08-01,50286.88888888889,1.0,0.49986118891142617,2.25,-880.0903593334322,0.021525,-408.8689241967165,-57.04158279757263
IT,2015-03-01,6763.555555555555,1.0,1.2242442925705013,0.05,79.42066508594615,0.160201,4.9575636285632525,3.200668716619398
IT,2015-04-01,13505.777777777777,1.0,1.2399492292699816,0.05,160.7118985735831,0.160201,10.031891097657512,6.224036659596511
IT,2015-05-01,20819.555555555555,1.0,1.3935372689719476,0.05,279.7184881232085,0.160201,17.460470791269,9.831134478551142
IT,2015-06-01,28076.44444444444,1.0,1.5623610985536263,0.05,424.6172236347985,0.160201,26.505279220154588,14.099778106273314
IT,2015-07-01,35408.0,1.0,1.6338428153123545,0.05,560.8070640457985,0.160201,35.00646463166887,18.76652732822763
IT,2015-08-01,41380.444444444445,1.0,1.6465443907171091,0.05,660.6571646315874,0.160201,41.239265961609945,22.188391542843032
IT,2015-09-01,48699.555555555555,1.0,1.6728300318866274,0.05,790.3110129508681,0.160201,49.33246440102547,26.88624249132151
IT,2015-10-01,56135.11111111111,1.0,1.6640859555097038,0.05,906.0689445542116,0.160201,56.55825772337324,30.477502653083988
IT,2015-11-01,64024.88888888888,1.0,1.6401514351848077,0.05,1018.092689542145,0.160201,63.550957206393534,33.7027003905003
IT,2015-12-01,70408.0,1.0,1.6254856590062787,0.05,1109.2679427931407,0.160201,69.24226083439808,36.97321881998632
IT,2016-01-01,78016.0,1.0,1.6074289609120531,0.05,1215.0437781451474,0.160201,75.84495590821203,40.441278214731184
IT,2016-02-01,85570.66666666666,1.0,1.5960785635184467,0.05,1322.989733993158,0.160201,82.58311333844097,44.405895850913346
IT,2016-03-01,93152.88888888889,1.0,1.571639927592345,0.0241935483870967,1441.4910062361992,0.160201,89.98015032591552,48.284955701200346
IT,2016-04-01,104706.66666666666,1.0,1.5494774878658355,0.0,1622.4062282947207,0.160201,101.27316485507086,55.07579562514496
IT,2016-05-01,116655.11111111111,1.0,1.5392204215369238,0.0,1795.5792929888112,0.160201,112.08290166658206,62.24974537996602
IT,2016-06-01,128008.0,1.0,1.5256382957520267,0.0,1952.9390696262542,0.160201,121.90554800695715,68.85765023775397
IT,2016-07-01,138556.44444444444,1.0,1.4977978674569203,0.0,2075.2954701130216,0.160201,129.54322820163554,74.69693099133548
IT,2016-08-01,146090.66666666666,1.0,1.4777499955623186,0.0,2158.8548201836284,0.160201,134.7591350980099,78.78735172988019
IT,2016-09-01,156586.66666666666,1.0,1.4582841739135357,0.0,2283.4785784587416,0.160201,142.5383473548069,84.99889007556595
IT,2016-10-01,167540.44444444444,1.0,1.45176872341,0.0,2432.2997715065517,0.160201,151.8280017919084,92.1640776232571
IT,2016-11-01,177946.66666666666,1.0,1.473546714299689,0.0,2622.1272598724863,0.160201,163.67733409107848,100.6944050020019
IT,2016-12-01,186317.3333333333,1.0,1.4853328351049075,0.0,2767.432529491861,0.160201,172.74751902246933,107.24497780558715
IT,2017-01-01,197252.44444444444,1.0,1.5044246216203239,0.0,2967.5143409701727,0.160201,185.23694240174362,116.63892895688633
IT,2017-02-01,207728.0,1.0,1.5382098060279148,0.0,3195.2924658656666,0.160201,199.45521350463898,127.42552979920187
IT,2017-03-01,218296.88888888888,1.0,1.5711947079056434,0.0,3429.8691657448844,0.160201,214.09786241939094,138.63574336551093
IT,2017-04-01,226973.3333333333,1.0,1.5904901387500052,0.0,3609.988484258845,0.160201,225.3411953894698,147.456566695932
IT,2017-05-01,235345.77777777775,1.0,1.6050038153880992,0.0,3777.3087126881305,0.160201,235.78558889695637,155.63824743702114
IT,2017-06-01,243632.88888888888,1.0,1.613814560594428,0.0,3931.783035285733,0.160201,245.4281206288184,163.48943318568337
IT,2017-07-01,252186.66666666666,1.0,1.6279576436453833,0.0,4105.492116254504,0.160201,256.27131642464803,171.81934275807748
IT,2017-08-01,258992.88888888888,1.0,1.635161151673159,0.0,4234.95110470714,0.160201,264.3523514027466,178.06326256373853
IT,2017-09-01,267174.2222222222,1.0,1.6427676033685428,0.0,4389.051567218544,0.160201,273.97154619624996,185.64881585130615
IT,2017-10-01,275281.77777777775,1.0,1.6482303200513804,0.0,4537.277726909796,0.160201,283.2240577093649,192.89171116377258
IT,2017-11-01,283350.2222222222,1.0,1.6450451705401612,0.0,4661.239146381481,0.160201,290.9619257296447,198.98815532544214
IT,2017-12-01,290424.0,1.0,1.642872588358132,0.0,4771.296286013222,0.160201,297.8318665934184,204.2312057458014
IT,2018-01-01,293464.8888888889,1.0,1.64400416666293,0.0,4824.575001026071,0.160201,301.1576083186791,206.51995151567368
IT,2018-02-01,296698.6666666666,1.0,1.6461977353366009,0.0,4884.246731440557,0.160201,304.88241218472774,209.0449687413157
IT,2018-03-01,299740.44444444444,1.0,1.6470461712176332,0.0,4936.863513812939,0.160201,308.16683502680627,211.15382866271293
IT,2018-04-01,303270.2222222222,1.0,1.6457699547411135,0.0,4991.130199009941,0.160201,311.55424741480647,213.33741880144012
IT,2018-05-01,306478.2222222222,1.0,1.648808331781257,0.0,5053.238463095075,0.160201,315.4311435693332,215.95866822720672
IT,2018-06-01,309987.55555555556,1.0,1.6584263162736406,0.0,5140.915198506706,0.160201,320.90406417604794,219.9806513448497
IT,2018-07-01,313604.44444444444,1.0,1.6670062372233008,0.0,5227.80564909837,0.160201,326.32790363970076,224.24669543035537
IT,2018-08-01,316802.6666666666,1.0,1.6796117963289945,0.0,5321.054960418156,0.160201,332.1486732553577,228.92597839989855
IT,2018-09-01,320029.3333333333,1.0,1.6899828309989724,0.0,5408.440787493804,0.160201,337.60343490326557,233.2103494572413
IT,2018-10-01,321587.55555555556,1.0,1.69735143349124,0.0,5458.470984151661,0.160201,340.72639897077175,234.90957887652127
IT,2018-11-01,322862.2222222222,1.0,1.7029667112879676,0.0,5498.236167769027,0.160201,343.20860467594,236.30904379904763
IT,2018-12-01,324759.11111111107,1.0,1.7089316386568083,0.0,5549.9111991983955,0.160201,346.4342419334708,238.14397930477216
IT,2019-01-01,327721.77777777775,1.0,1.7161379749314611,0.0,5624.157880564939,0.160201,351.06883730844,242.1185453072777
IT,2019-02-01,327953.77777777775,1.0,1.7167342503069767,0.0,5630.094828286741,0.160201,351.4394309827493,242.30964799868875
IT,2019-03-01,329313.77777777775,1.0,1.7197360442238547,0.0,5663.327735039691,0.160201,353.5138816261878,243.90066231039367
IT,2019-04-01,329260.44444444444,1.0,1.719736044223855,0.0,5662.410542482772,0.160201,353.4566290149732,243.6279960937582
IT,2019-05-01,325766.2222222222,1.0,1.7197360442238545,0.0,5602.319143461936,0.160201,349.7056287702284,239.753622445392
IT,2019-06-01,326375.11111111107,1.0,1.7203832123223237,0.0,5614.9026207538855,0.160201,350.4911093410082,240.78474731739237
IT,2019-07-01,328215.11111111107,1.0,1.7188237659005876,0.0,5641.439333054797,0.160201,352.14757292743474,242.4585705396331
IT,2019-08-01,326067.55555555556,1.0,1.7188237659005878,0.0,5604.526637779991,0.160201,349.84342405977435,240.28872843839835
IT,2019-09-01,325168.0,1.0,1.7188237659005874,0.0,5589.064863103622,0.160201,348.878275610241,239.63660464461196
IT,2019-10-01,322514.6666666666,1.0,1.7188237659005876,0.0,5543.458739181727,0.160201,346.0314691657185,237.0919436647352
IT,2019-11-01,323396.44444444444,1.0,1.7171422870347561,0.0,5553.177102322417,0.160201,346.63810477602624,237.56961955468682
IT,2019-12-01,323367.11111111107,1.0,1.717142287034756,0.0,5552.673407251553,0.160201,346.60666333241073,237.4369791252564
IT,2020-01-01,327413.3333333333,1.0,1.7096193686562589,0.0,5597.521762229746,0.160201,349.40616864000515,240.48638204082488
IT,2020-02-01,329427.55555555556,1.0,1.7040513565026996,0.0,5613.6147291381285,0.160201,350.4107171077664,241.52447677921157
IT,2020-03-01,342083.3333333333,1.0,1.693747609518127,0.0,5794.028280893259,0.160201,361.6724165824969,257.76427177546697
IT,2020-04-01,366724.11111111107,1.0,1.690898779418992,0.0,6200.933518612925,0.160201,387.07208560576555,278.9129361690374
IT,2020-05-01,389572.11111111107,1.0,1.6857634523410747,0.0,6567.264269624674,0.160201,409.93903094391885,297.5390453234817
IT,2020-06-01,413081.55555555556,1.0,1.663954218205449,0.0,6873.4879682953515,0.160201,429.0539989323008,320.5411568256931
IT,2020-07-01,434708.44444444444,1.0,1.6334333230632478,0.0,7100.672589725441,0.160201,443.23522260943696,334.15414457520427
IT,2020-08-01,446591.55555555556,1.0,1.613539937760841,0.0,7205.933107556283,0.160201,449.80575074789067,340.6133515016131
IT,2020-09-01,460936.3333333333,1.0,1.589131596706742,0.0,7324.88491370151,0.160201,457.2309107746837,348.282299297564
IT,2020-10-01,474185.77777777775,1.0,1.5622526644663257,0.0,7407.979947853703,0.160201,462.4178343364713,354.69799412406485
IT,2020-11-01,484365.44444444444,1.0,1.5373299146041886,0.0,7446.294873449976,0.160201,464.80951264036906,358.7575875142511
IT,2020-12-01,492896.3333333333,1.0,1.516796903616762,0.0,7476.236322040553,0.160201,466.67850525530764,362.1346650743487
IT,2021-01-01,505190.0,1.0,1.4917281271941794,0.0,7536.061325772274,0.160201,470.4128766844324,367.15964297958294
IT,2021-02-01,517763.77777777775,1.0,1.4656014625123333,0.0,7588.353499470218,0.160201,473.6770369392337,371.1740355303359
IT,2021-03-01,531557.6666666666,1.0,1.4404177446671274,0.0,7656.650953805206,0.160201,477.94027214594206,375.7250106698615
IT,2021-04-01,547661.2222222222,1.0,1.4149155847173978,0.0,7748.943984676003,0.160201,483.7013492222897,382.40363724817655
IT,2021-05-01,561033.2222222222,1.0,1.3987190390090891,0.0,7847.278494388394,0.160201,489.83954497090497,387.8933112679939
IT,2021-06-01,569903.111111111,1.0,1.3813504581213882,0.0,7872.359236181376,0.160201,491.40512457359046,389.3597920504479
IT,2021-07-01,588647.7777777778,1.0,1.3549952067392212,0.0,7976.149173465831,0.160201,497.88385674657655,396.1552583241603
IT,2021-08-01,598360.4444444445,1.0,1.3392799008432872,0.0,8013.721167041009,0.160201,500.22916005774056,399.6163321282079
IT,2021-09-01,612914.8888888889,1.0,1.321179651755553,0.0,8097.706794580156,0.160201,505.47167586845006,405.1546241502784
IT,2021-10-01,625942.7777777778,1.0,1.309252150497719,0.0,8195.169278940713,0.160201,511.55543841428664,410.4199474017812
IT,2021-11-01,632927.111111111,1.0,1.3000954142441665,0.0,8228.656347063634,0.160201,513.6457542127474,412.0543317621657
IT,2021-12-01,640744.2222222222,1.0,1.2949487919444886,0.0,8297.309565120777,0.160201,517.9311967541262,415.83957855963763
IT,2022-01-01,655610.3333333333,1.0,1.292670519433801,0.0,8474.881501361675,0.160201,529.0155180905035,425.0053186140567
IT,2022-02-01,664678.7777777778,1.0,1.2979376128613973,0.0,8627.1158614852,0.160201,538.5182278191272,431.4134740167189
IT,2022-03-01,673050.0,1.0,1.3032244724221635,0.0,8771.35231163737,0.160201,547.5216953475554,437.41009910252535
IT,2022-04-01,672790.5555555555,1.0,1.305986422652062,0.0,8786.553308440933,0.160201,548.4705656294863,434.3605734963499
IT,2022-05-01,677415.7777777778,1.0,1.3174808581083346,0.0,8924.823202027916,0.160201,557.1015912527336,440.6360296954141
IT,2022-06-01,678866.3333333333,1.0,1.322187009490464,0.0,8975.882471137564,0.160201,560.2887916515855,440.0118503067658
IT,2022-07-01,689274.6666666666,1.0,1.3500956964787725,0.0806451612903225,8750.000944918405,0.160201,546.1889092401674,443.6900071249847
IT,2022-08-01,688171.5555555555,1.0,1.3526215233602052,0.5,5867.498800309399,0.160201,366.2585626999456,379.98905360795607
IT,2022-09-01,681741.8888888889,1.0,1.35249748868809,0.925,2914.429454334749,0.160201,181.9232997506101,311.36387476406594
IT,2022-10-01,688585.2222222222,1.0,1.3827091755430045,1.25,913.8157713220769,0.160201,57.04182691257089,274.11503091890944
IT,2022-11-01,683203.8888888889,1.0,1.383159004742956,1.975,-4043.4806956348293,0.160201,-252.40046539252748,164.21369356944737
IT,2022-12-01,681955.5555555555,1.0,1.3851280353924518,2.177419354838709,-5403.074669148165,0.160201,-337.26847330217447,134.74876216564013
IT,2023-01-01,681060.6666666666,1.0,1.384797231206951,2.5,-7595.207411827065,0.160201,-474.10486899751345,84.99608445255785
IT,2023-02-01,685567.4444444445,1.0,1.4037099311408874,2.875,-10086.685725442327,0.160201,-629.6268890607629,31.472734899857983
IT,2023-03-01,682510.111111111,1.0,1.4028799492946522,3.161290322580645,-12001.328592503532,0.160201,-749.1419274850676,-12.741239112225344
IT,2023-04-01,684846.3333333333,1.0,1.4123466364833757,3.5,-14297.217512753603,0.160201,-892.4549480186517,-66.23973505998003
IT,2023-05-01,685733.3333333333,1.0,1.4171856116208466,3.6774193548387095,-15499.176188492622,0.160201,-967.4831111224413,-93.76476697862529
IT,2023-06-01,683048.4444444445,1.0,1.416855956018634,3.8333333333333335,-16505.711136099962,0.160201,-1030.3126157826707,-115.8393341663002
IT,2023-07-01,681299.7777777778,1.0,1.42239888546802,4.0,-17561.1906653039,0.160201,-1096.197318699877,-149.2131933628059
IT,2023-08-01,671258.5555555555,1.0,1.421066623395848,4.241935483870968,-18935.323566941748,0.160201,-1181.9728695165293,-170.4236936922233
IT,2023-09-01,669031.0,1.0,1.4249255849018898,4.341666666666667,-19513.902026741707,0.160201,-1218.0886528012752,-183.30065784760495
IT,2023-10-01,659667.8888888889,1.0,1.4238595016441737,4.5,-20292.311084760026,0.160201,-1266.678178335967,-199.3314753286329
IT,2023-11-01,655495.6666666666,1.0,1.4238525320968838,4.5,-20164.013352381313,0.160201,-1258.6696308001394,-193.86566932843698
IT,2023-12-01,653933.6666666666,1.0,1.4241908416149907,4.5,-20113.751609096234,0.160201,-1255.53221322565,-190.84665581682975
IT,2024-01-01,649648.111111111,1.0,1.4235150972902342,4.5,-19986.326059072497,0.160201,-1247.5781086929856,-188.56191227308523
IT,2024-02-01,648125.4444444445,1.0,1.4307350735506397,4.5,-19892.68694572737,0.160201,-1241.7330070178946,-187.5709712508799
IT,2024-03-01,644493.7777777778,1.0,1.4337460847006693,4.5,-19761.81569497168,0.160201,-1233.5638163913884,-184.59861493498852
IT,2024-04-01,641529.5555555555,1.0,1.4331136580254185,4.5,-19674.982319063565,0.160201,-1228.1435396198256,-186.96616118967222
IT,2024-05-01,635717.3333333333,1.0,1.431413547067697,4.5,-19507.53596960916,0.160201,-1217.6912734383156,-178.90980909994073
IT,2024-06-01,637269.5555555555,1.0,1.4380875668303221,4.341666666666667,-18503.625624731074,0.160201,-1155.0256006348945,-168.14945378227196
IT,2024-07-01,632330.5555555555,1.0,1.4374348394668757,4.25,-17784.708904961106,0.160201,-1110.1496810232836,-155.22799415698137
IT,2024-08-01,627999.8888888889,1.0,1.4374571951183566,4.25,-17662.76568960916,0.160201,-1102.537792498746,-150.7045039110418
IT,2024-09-01,617552.6666666666,1.0,1.435166988526375,3.99,-15777.439391235677,0.160201,-984.8527406967296,-106.43364530477038
IT,2024-10-01,614615.7777777778,1.0,1.435976498242036,3.577419354838709,-13161.645668738305,0.160201,-821.5707560338766,-58.264088251668
IT,2024-11-01,608573.2222222222,1.0,1.4352509656835164,3.4,-11956.93650671982,0.160201,-746.3709032228151,-33.79228218018318
IT,2024-12-01,596256.8888888889,1.0,1.4352213847696889,3.287096774193548,-11041.934583077698,0.160201,-689.2550348048825,-9.117306931285952
IT,2025-01-01,592722.6666666666,1.0,1.4351462275553428,3.0,-9275.243009467904,0.160201,-578.9753503079197,25.586281579036495
IT,2025-02-01,584529.5555555555,1.0,1.4349903677712963,2.7857142857142856,-7895.380514334742,0.160201,-492.8421491959939,53.50495395881592
IT,2025-03-01,574672.7777777778,1.0,1.4346660501428812,2.588709677419355,-6631.9745696371365,0.160201,-413.978350299757,77.85566626599052
IT,2025-04-01,571238.7777777778,1.0,1.4345084029846202,2.433333333333333,-5705.675324263728,0.160201,-356.1572851769794,91.94469999397569
IT,2025-05-01,565803.7777777778,1.0,1.434659613575619,2.25,-4613.226708137078,0.160201,-287.96491333618883,111.34960896684629
IT,2025-06-01,556361.3333333333,1.0,1.4339170269758628,2.083333333333333,-3613.101220934506,0.160201,-225.53549733987342,129.86325954426366
IT,2025-07-01,549396.2222222222,1.0,1.4338313116132972,2.0,-3110.5093854016504,0.160201,-194.1629194200817,135.90099357307835
IT,2025-08-01,544024.4444444445,1.0,1.4338758627247146,2.0,-3079.853692677776,0.160201,-192.2493425557753,136.66020532358303
IT,2025-09-01,540055.4444444445,1.0,1.4339742477758468,2.0,-3056.8528918441607,0.160201,-190.81359616008393,135.66653534035504
IT,2025-10-01,540055.4444444445,1.0,1.4339742477758468,2.0,-3056.8528918441607,0.160201,-190.81359616008393,130.5183843728762
IT,2025-11-01,533179.2222222222,1.0,1.4338282721284548,2.0,-3018.7100151076215,0.160201,-188.43265741834455,130.66410862945276
IT,2025-12-01,524345.8888888889,1.0,1.433158743590049,2.0,-2972.208824511703,0.160201,-185.52997949524055,133.26895631203698
IT,2026-01-01,520475.0,1.0,1.4340727336636363,2.0,-2945.5099394641893,0.158307,-186.0631519430088,135.12378524315153
IT,2026-02-01,513074.8888888889,1.0,1.4340210760610579,2.0,-2903.895735134256,0.158307,-183.43444921161137,133.6517128324723
IT,2026-03-01,505024.0,1.0,1.4332233927663287,2.0,-2862.3578929157757,0.158307,-180.81057015266384,132.10389070689462
IT,2026-04-01,494135.44444444444,1.0,1.4347291360043792,2.0,-2793.203696119712,0.158307,-176.44221014356356,132.20931771872847
IT,2026-05-01,494001.1111111111,1.0,1.434715159247308,2.0,-2792.513394260974,0.158307,-176.3986048791888,128.54935821851976
IT,2026-06-01,484477.6666666666,1.0,1.4340565147144604,2.1166666666666667,-3307.093736607837,0.158307,-208.90382210564516,119.03353038155555
IT,2026-07-01,478319.5555555555,1.0,1.4341057966831765,2.25,-3902.5815271085703,0.158307,-246.5198334317857,106.25985895155404
IT,2026-08-01,472441.1111111111,1.0,1.4346282899944702,2.25,-3852.1511664357913,0.158307,-243.33422820442502,108.49311319471883
LT,2015-03-01,34.666666666666664,1.0,0.8422013635071265,0.05,0.2746298060158038,0.005902,0.4653165130732019,-1.2915783988706524
LT,2015-04-01,108.44444444444444,1.0,0.4495315195501858,0.05,0.4332697367566459,0.005902,0.7341066363209858,-3.0737478017400153
LT,2015-05-01,217.77777777777777,1.0,0.5114967828558731,0.05,1.005037438219457,0.005902,1.7028760390028073,-5.92646027371505
LT,2015-06-01,336.0,1.0,0.626024112055496,0.05,1.9354410165064664,0.005902,3.2792968764935044,-9.12620423738777
LT,2015-07-01,448.0,1.0,0.722480227936187,0.05,3.0127114211541173,0.005902,5.104560184944285,-11.135377118496953
LT,2015-08-01,575.1111111111111,1.0,0.7945212064128248,0.05,4.281824182658645,0.005902,7.254869845236605,-11.796004573530308
LT,2015-09-01,686.2222222222222,1.0,0.8315825898985008,0.05,5.363393416903489,0.005902,9.087416836502014,-13.358805073201944
LT,2015-10-01,787.5555555555555,1.0,0.8581863623690711,0.05,6.364916596079972,0.005902,10.784338522670232,-15.296416547619017
LT,2015-11-01,891.5555555555555,1.0,0.868449158589852,0.05,7.2969289428055255,0.005902,12.363485162327219,-17.484771653566014
LT,2015-12-01,984.0,1.0,0.8731539799676908,0.05,8.099835162882078,0.005902,13.723882010982848,-18.54516000342891
LT,2016-01-01,1080.888888888889,1.0,0.8795036292505554,0.05,8.966012561499337,0.005902,15.191481805319105,-20.212195888161737
LT,2016-02-01,1177.7777777777776,1.0,0.8890967743227605,0.05,9.882695342023622,0.005902,16.744654933960728,-21.432562553566893
LT,2016-03-01,1288.888888888889,1.0,0.9006094314813342,0.0241935483870967,11.29602693765906,0.005902,19.139320463671734,-22.555874161043437
LT,2016-04-01,1381.3333333333333,1.0,0.9024148091286359,0.0,12.465356563430223,0.005902,21.12056347582213,-25.076805754103766
LT,2016-05-01,1481.7777777777776,1.0,0.8738991074336904,0.0,12.94924277415077,0.005902,21.940431674264264,-27.892724612351774
LT,2016-06-01,1575.111111111111,1.0,0.854252425069907,0.0,13.455424864212223,0.005902,22.798076693006134,-30.249821076197033
LT,2016-07-01,1639.111111111111,1.0,0.8424907769038809,0.0,13.809359934317833,0.005902,23.39776335872218,-31.448533851577878
LT,2016-08-01,1681.7777777777776,1.0,0.8353107344739431,0.0,14.048070307775113,0.005902,23.80222010805678,-32.16956326007292
LT,2016-09-01,1746.6666666666665,1.0,0.8211817410935497,0.0,14.343307744434,0.005902,24.302452972609284,-33.23700430663165
LT,2016-10-01,1857.7777777777776,1.0,0.7706543083052856,0.0,14.317044483182638,0.005902,24.257954054867227,-35.40597011378408
LT,2016-11-01,1945.7777777777776,1.0,0.7319760239669437,0.0,14.242626813010132,0.005902,24.131865152507846,-38.851063936568735
LT,2016-12-01,2012.4444444444443,1.0,0.7021160333135598,0.0,14.129695105972438,0.005902,23.94052034221016,-41.562020874672015
LT,2017-01-01,2074.6666666666665,1.0,0.676209742712495,0.0,14.029098128808561,0.005902,23.770074769245273,-44.82793867561202
LT,2017-02-01,2132.4444444444443,1.0,0.6528192806523212,0.0,13.921008482532608,0.005902,23.586934060543218,-48.442749644893894
LT,2017-03-01,2199.111111111111,1.0,0.628340130485272,0.0,13.81789762507167,0.005902,23.412229117369822,-52.04988993651018
LT,2017-04-01,2249.777777777778,1.0,0.6112495245035935,0.0,13.75175596905418,0.005902,23.300162604293764,-54.584466089244046
LT,2017-05-01,2296.0,1.0,0.5960951320795826,0.0,13.686344232547217,0.005902,23.18933282369911,-56.95800863623612
LT,2017-06-01,2329.777777777778,1.0,0.5858862070904367,0.0,13.649846655858086,0.005902,23.12749348671312,-58.81119395642192
LT,2017-07-01,2382.222222222222,1.0,0.5699659801761223,0.0,13.57785623886229,0.005902,23.00551717868907,-61.44645648788146
LT,2017-08-01,2385.777777777778,1.0,0.5689433400685067,0.0,13.573723775501085,0.005902,22.998515376992685,-63.29057346201536
LT,2017-09-01,2411.555555555555,1.0,0.5615485507641798,0.0,13.542055273095285,0.005902,22.944858138080793,-65.37787220686302
LT,2017-10-01,2464.8888888888887,1.0,0.5465926500706084,0.0,13.47290149907375,0.005902,22.827688070270668,-67.50465847532163
LT,2017-11-01,2526.222222222222,1.0,0.5301947730618584,0.0,13.393898178149346,0.005902,22.69382951228286,-69.2799408919197
LT,2017-12-01,2581.333333333333,1.0,0.5168189275355857,0.0,13.340819249451918,0.005902,22.60389571238888,-70.99676513522815
LT,2018-01-01,2645.333333333333,1.0,0.5023414729233412,0.0,13.288606430398783,0.005902,22.515429397490312,-72.12222740551509
LT,2018-02-01,2466.6666666666665,1.0,0.5023414729233412,0.0,12.391089665442417,0.005902,20.99473003294208,-74.84271341046994
LT,2018-03-01,2469.333333333333,1.0,0.50191730471608,0.0,12.3940113111224,0.005902,20.99968029671704,-76.0133260673763
LT,2018-04-01,2506.6666666666665,1.0,0.4958565862060725,0.0,12.429471760898883,0.005902,21.059762387155,-77.15706622621134
LT,2018-05-01,2484.4444444444443,1.0,0.4958565862060725,0.0,12.319281408408644,0.005902,20.87306236599228,-78.59941297613419
LT,2018-06-01,2538.6666666666665,1.0,0.48757870749515453,0.0,12.377998120943655,0.005902,20.97254849363547,-79.95086433756278
LT,2018-07-01,2576.0,1.0,0.4820180100218504,0.0,12.416783938162867,0.005902,21.038264890143793,-81.0429433192016
LT,2018-08-01,2612.4444444444443,1.0,0.4765947849194636,0.0,12.450773981140475,0.005902,21.095855610200736,-82.12683924525842
LT,2018-09-01,2757.333333333333,1.0,0.4597408065503131,0.0,12.676586505947299,0.005902,21.478459007026935,-82.91462643899735
LT,2018-10-01,2768.8888888888887,1.0,0.4584501342489711,0.0,12.693974828315953,0.005902,21.50792075282269,-84.3088993414278
LT,2018-11-01,2793.777777777778,1.0,0.4557080344902477,0.0,12.731469799136432,0.005902,21.571450015480227,-85.32811086141218
LT,2018-12-01,2812.4444444444443,1.0,0.453711429630956,0.0,12.760381896465287,0.005902,21.620436964529457,-86.66982566416917
LT,2019-01-01,2832.0,1.0,0.45163125299194906,0.0,12.790197084731997,0.005902,21.670954057492366,-87.2793379436699
LT,2019-02-01,2841.777777777778,1.0,0.4506098276721195,0.0,12.805329947269032,0.005902,21.696594285443968,-87.43318869861658
LT,2019-03-01,2854.222222222222,1.0,0.449414349589444,0.0,12.827284235837373,0.005902,21.733792334526214,-87.87942698126791
LT,2019-04-01,2817.777777777778,1.0,0.44941434958944393,0.0,12.663497672875888,0.005902,21.456282061802586,-88.3723508594124
LT,2019-05-01,2854.222222222222,1.0,0.445630747129613,0.0,12.719291813628331,0.005902,21.550816356537325,-88.40118996829902
LT,2019-06-01,2855.111111111111,1.0,0.4455529795815548,0.0,12.721032625919591,0.005902,21.553765886004047,-88.1525961376118
LT,2019-07-01,2956.4444444444443,1.0,0.4381402667874519,0.0,12.953373576311687,0.005902,21.947430661321054,-87.7415717264806
LT,2019-08-01,2973.333333333333,1.0,0.43707024592418575,0.0,12.99555531214579,0.005902,22.018900901636375,-87.53579471973963
LT,2019-09-01,3088.8888888888887,1.0,0.4306371099425614,0.0,13.301901840448005,0.005902,22.537956354537453,-86.70371461109161
LT,2019-10-01,3160.8888888888887,1.0,0.4272973022107063,0.0,13.50639294810019,0.005902,22.884434002202962,-86.05509149878033
LT,2019-11-01,3228.4444444444443,1.0,0.4241450245334882,0.0,13.693286480938925,0.005902,23.201095359096787,-85.86738986224265
LT,2019-12-01,3293.333333333333,1.0,0.4211372469006486,0.0,13.86945333126136,0.005902,23.499582059067027,-85.67010214808728
LT,2020-01-01,3358.222222222222,1.0,0.4181490829100826,0.0,14.042375424304819,0.005902,23.792571034064416,-85.12721556511588
LT,2020-02-01,3390.222222222222,1.0,0.4166939273002381,0.0,14.126850121983182,0.005902,23.935699969473365,-84.95054035908147
LT,2020-03-01,3412.4444444444443,1.0,0.4157714248347862,0.0,14.187968888362171,0.005902,24.03925599519175,-79.86888881183819
LT,2020-04-01,4033.222222222222,1.0,0.3947270515675009,0.0,15.920219160943015,0.005902,26.97427848346834,-81.18487095325982
LT,2020-05-01,4492.666666666666,1.0,0.37918546028360534,0.0,17.035538779008107,0.005902,28.864010130477983,-83.5359754899592
LT,2020-06-01,4924.555555555555,1.0,0.3539831061730381,0.0,17.432094720772465,0.005902,29.535911082298313,-78.97693102430932
LT,2020-07-01,5222.333333333333,1.0,0.34042879568574813,0.0,17.77832647336205,0.005902,30.122545702070568,-78.95853233216211
LT,2020-08-01,5608.888888888889,1.0,0.3315781787422527,0.0,18.59785162545435,0.005902,31.511100686977887,-77.68129855929966
LT,2020-09-01,5811.111111111111,1.0,0.3263426936867305,0.0,18.964136533128897,0.005902,32.1317121876125,-76.81689928950718
LT,2020-10-01,5914.666666666666,1.0,0.32380384344949215,0.0,19.151917993892628,0.005902,32.44987799710712,-75.26996221529934
LT,2020-11-01,6057.777777777777,1.0,0.3203292301589496,0.0,19.404832920295476,0.005902,32.87840210148335,-73.17352302463459
LT,2020-12-01,6206.0,1.0,0.3168684235604965,0.0,19.664854366164413,0.005902,33.31896707245749,-71.22487310850147
LT,2021-01-01,6355.555555555556,1.0,0.31384198234680855,0.0,19.946401544708277,0.005902,33.79600397273513,-69.45722973211429
LT,2021-02-01,6445.333333333333,1.0,0.312722788389064,0.0,20.156026120969802,0.005902,34.15117946623145,-68.3518219426663
LT,2021-03-01,6628.111111111111,1.0,0.3096554371910967,0.0,20.52430643862277,0.005902,34.77517187160753,-67.44008960447303
LT,2021-04-01,6782.222222222222,1.0,0.3069415159120304,0.0,20.817455701411482,0.005902,35.27186665776259,-66.02584531635058
LT,2021-05-01,6881.888888888889,1.0,0.3056278348476123,0.0,21.032968007729515,0.005902,35.637017973109984,-66.30921572980105
LT,2021-06-01,7008.777777777777,1.0,0.3036848529726597,0.0,21.28459648962489,0.005902,36.06336240193983,-65.98197012120276
LT,2021-07-01,7182.777777777777,1.0,0.3011689115041349,0.0,21.632293649094223,0.005902,36.65247992052562,-65.07611850189062
LT,2021-08-01,7228.333333333333,1.0,0.3003794366135616,0.0,21.712426943216943,0.005902,36.78825303832081,-63.82457489121189
LT,2021-09-01,7442.444444444444,1.0,0.29796510289887623,0.0,22.175887247080585,0.005902,37.57351278732732,-62.74353893084435
LT,2021-10-01,7579.777777777777,1.0,0.2962945593597741,0.0,22.458469167116746,0.005902,38.05230289243772,-63.08318812006772
LT,2021-11-01,7760.222222222222,1.0,0.2938787949012208,0.0,22.805647548323403,0.005902,38.64054142379431,-62.950881026787435
LT,2021-12-01,7869.222222222222,1.0,0.292364826369557,0.0,23.006837886634592,0.005902,38.98142644295932,-63.110191751529214
LT,2022-01-01,8105.888888888889,1.0,0.28902486847897424,0.0,23.428034700162897,0.005902,39.69507743165519,-64.31512204479165
LT,2022-02-01,8207.888888888889,1.0,0.28754319384005955,0.0,23.601225857954486,0.005902,39.98852229406046,-67.11623150834787
LT,2022-03-01,8231.0,1.0,0.28701919244296903,0.0,23.62454972998078,0.005902,40.028040884413386,-70.08355536061664
LT,2022-04-01,8361.777777777777,1.0,0.2851622270035556,0.0,23.844631728199534,0.005902,40.400934815654914,-73.70905731748144
LT,2022-05-01,8366.222222222223,1.0,0.28510140075165996,0.0,23.85221674555221,0.005902,40.4137864207933,-76.05177513652615
LT,2022-06-01,8455.11111111111,1.0,0.28388459492054025,0.0,24.00275792785936,0.005902,40.66885450331982,-79.60808684149988
LT,2022-07-01,8512.333333333332,1.0,0.28311660293057583,0.0806451612903225,17.235044017223828,0.005902,29.202040015628306,-73.2968620995544
LT,2022-08-01,8549.555555555555,1.0,0.28260138833664045,0.5,-18.5866150811654,0.005902,-31.492062150398848,-17.761571242388435
LT,2022-09-01,8469.333333333332,1.0,0.2826484738898224,0.925,-54.402891918024636,0.005902,-92.17704493057376,37.26353008288207
LT,2022-10-01,8519.888888888889,1.0,0.2819327569626912,1.25,-82.47825347650866,0.005902,-139.74627834040774,77.32692566593079
LT,2022-11-01,8551.777777777777,1.0,0.29161624875581044,1.975,-143.95923755362256,0.005902,-243.91602431992976,172.6981346420451
LT,2022-12-01,8582.555555555555,1.0,0.30089530273198734,2.177419354838709,-161.05371928542164,0.005902,-272.87990390617017,199.13733156164443
LT,2023-01-01,8690.666666666666,1.0,0.33294969736889984,2.5,-188.33111830066014,0.005902,-319.09711674120655,240.00383670886475
LT,2023-02-01,8740.777777777777,1.0,0.34754573439541053,2.875,-220.9191607914625,0.005902,-374.3123700295874,286.7872539310335
LT,2023-03-01,8793.777777777777,1.0,0.3627757904972392,3.161290322580645,-246.09514903023228,0.005902,-416.9690766354325,319.4316117374098
LT,2023-04-01,8689.666666666666,1.0,0.363490974443115,3.5,-272.5521792908081,0.005902,-461.7963051352221,364.4189078234496
LT,2023-05-01,8724.11111111111,1.0,0.37335372856066107,3.6774193548387095,-288.2503564205261,0.005902,-488.3943687233583,385.3239754204577
LT,2023-06-01,8662.777777777777,1.0,0.37326585898538583,3.8333333333333335,-299.7379562639308,0.005902,-507.8582789968329,406.6150026195376
LT,2023-07-01,8676.777777777777,1.0,0.3773051000499375,4.0,-314.3331860355559,0.005902,-532.587573764073,414.3965515729982
LT,2023-08-01,8488.888888888889,1.0,0.37765126657931997,4.241935483870968,-328.0347935567577,0.005902,-555.8027678020292,455.7464080222768
LT,2023-09-01,8498.888888888889,1.0,0.3805781879782319,4.341666666666667,-336.6485085943093,0.005902,-570.3973375030655,464.39065745060475
LT,2023-10-01,8521.888888888889,1.0,0.38725340676368536,4.5,-350.4836949571618,0.005902,-593.8388596359907,473.50784337134337
LT,2023-11-01,8534.888888888889,1.0,0.3910082690790074,4.5,-350.697878687739,0.005902,-594.2017598911199,470.6022015805826
LT,2023-12-01,8543.888888888889,1.0,0.39359085113155823,4.5,-350.8470350024876,0.005902,-594.4544815358989,470.2310758729212
LT,2024-01-01,8284.222222222223,1.0,0.39331224284558625,4.5,-340.20713977546535,0.005902,-576.4268718662578,482.58932455364254
LT,2024-02-01,8325.222222222223,1.0,0.4053953328495632,4.5,-340.8849376617564,0.005902,-577.575292547876,476.5867432191387
LT,2024-03-01,8366.222222222223,1.0,0.41738407677135286,4.5,-341.560720617138,0.005902,-578.7202992496407,470.2449022067592
LT,2024-04-01,8194.888888888889,1.0,0.41740949250600834,4.5,-334.5637558774576,0.005902,-566.8650557056211,474.31232272453224
LT,2024-05-01,8244.888888888889,1.0,0.43217574506831735,4.5,-335.3875900143895,0.005902,-568.2609115797857,470.52055275858925
LT,2024-06-01,7901.777777777777,1.0,0.432124508509163,4.341666666666667,-308.92333346614333,0.005902,-523.4214392852309,463.45470756739167
LT,2024-07-01,7925.777777777777,1.0,0.43944891865098906,4.25,-302.0158108164307,0.005902,-511.7177411325494,443.20394573375285
LT,2024-08-01,7781.666666666666,1.0,0.4395097303064213,4.25,-296.519651153322,0.005902,-502.405373014778,449.4279155729263
LT,2024-09-01,7793.666666666666,1.0,0.44319460701130386,3.99,-276.42618964489566,0.005902,-468.3601993305585,410.05889606140073
LT,2024-10-01,7809.666666666666,1.0,0.4480710579541399,3.577419354838709,-244.39167082569523,0.005902,-414.08280383886006,349.22386394334853
LT,2024-11-01,7702.222222222222,1.0,0.44819595217373515,3.4,-227.3545073281296,0.005902,-385.21604088127685,327.362580161355
LT,2024-12-01,7707.222222222222,1.0,0.4497385093329254,3.287096774193548,-218.68150671339674,0.005902,-370.52102120195985,309.6167066716367
LT,2025-01-01,7707.222222222222,1.0,0.4497385093329254,3.0,-196.55432033346847,0.005902,-333.03002428578185,271.53160760117436
LT,2025-02-01,7707.222222222222,1.0,0.4497385093329254,2.7857142857142856,-180.03884414299225,0.005902,-305.04717747033584,241.29992568447398
LT,2025-03-01,7706.222222222222,1.0,0.44973172626204105,2.588709677419355,-164.83439420051852,0.005902,-279.28565604967554,212.54836051607197
LT,2025-04-01,7706.222222222222,1.0,0.44973172626204105,2.433333333333333,-152.86074784448502,0.005902,-258.9982172898763,189.1037678810788
LT,2025-05-01,7309.222222222222,1.0,0.44993438184616846,2.25,-131.57079617668165,0.005902,-222.92578139051446,176.38874091252066
LT,2025-06-01,7309.222222222222,1.0,0.44993438184616846,2.083333333333333,-119.38875913964459,0.005902,-202.28525777642253,153.11349910771455
LT,2025-07-01,7309.222222222222,1.0,0.44993438184616846,2.0,-113.29774062112611,0.005902,-191.96499596937664,138.0989170237834
LT,2025-08-01,7218.222222222222,1.0,0.449759192034348,2.0,-111.899826498534,0.005902,-189.59645289483902,139.31309498451932
LT,2025-09-01,7211.666666666666,1.0,0.44975451851332576,2.0,-111.79853663988064,0.005902,-189.42483334442667,137.0552981560123
LT,2025-10-01,6867.777777777777,1.0,0.4498809818165146,2.0,-106.45872945991249,0.005902,-180.37737963387409,140.95460089908605
LT,2025-11-01,6716.666666666666,1.0,0.4499381405199078,2.0,-104.11248822841284,0.005902,-176.40204715081808,142.69471889697923
LT,2025-12-01,6716.666666666666,1.0,0.4499381405199078,2.0,-104.11248822841284,0.005902,-176.40204715081808,142.39688865645945
LT,2026-01-01,6551.666666666666,1.0,0.4500055137432167,2.0,-101.5504720912569,0.005832,-174.12632388761472,147.0606132985456
LT,2026-02-01,6551.666666666666,1.0,0.4500055137432167,2.0,-101.5504720912569,0.005832,-174.12632388761472,142.95983815646895
LT,2026-03-01,6551.666666666666,1.0,0.4500055137432167,2.0,-101.5504720912569,0.005832,-174.12632388761472,138.78813697194374
LT,2026-04-01,6551.666666666666,1.0,0.4500055137432167,2.0,-101.5504720912569,0.005832,-174.12632388761472,134.5252039746773
LT,2026-05-01,6551.666666666666,1.0,0.4500055137432167,2.0,-101.5504720912569,0.005832,-174.12632388761472,130.82163921009385
LT,2026-06-01,6352.777777777777,1.0,0.4501396216843773,2.1166666666666667,-105.87075977429154,0.005832,-181.5342245786892,146.40312790851152
LT,2026-07-01,6352.777777777777,1.0,0.4501396216843773,2.25,-114.34113014466192,0.005832,-196.0581792603942,156.72151312294554
LT,2026-08-01,6304.777777777777,1.0,0.44974471554003465,2.25,-113.502095117902,0.005832,-194.6195046603258,157.20783673881806
LU,2015-03-01,162.66666666666666,1.0,-0.09227840989206651,0.05,-0.23143954675776154,0.00364,-0.6358229306531911,-2.3927178425970457
LU,2015-04-01,344.88888888888886,1.0,-0.11646862585437348,0.05,-0.5741317940577503,0.00364,-1.577285148510303,-5.385139586571304
LU,2015-05-01,419.55555555555554,1.0,-0.08182181102804734,0.05,-0.5530657316021187,0.00364,-1.519411350555271,-9.148747663273129
LU,2015-06-01,651.5555555555555,1.0,0.004771934377874295,0.05,-0.2946859742312724,0.00364,-0.8095768522837155,-13.215077966164989
LU,2015-07-01,722.6666666666666,1.0,0.00726879926883856,0.05,-0.3088041439505267,0.00364,-0.8483630328311172,-17.088300336272354
LU,2015-08-01,799.1111111111111,1.0,0.0020355556156847576,0.05,-0.3832892044577725,0.00364,-1.0529923199389355,-20.103866738705847
LU,2015-09-01,921.7777777777777,1.0,-0.007649863433751054,0.05,-0.5314036300515541,0.00364,-1.4599000825592146,-23.906121992263174
LU,2015-10-01,927.1111111111111,1.0,-0.008605360185942492,0.05,-0.5433368059905601,0.00364,-1.4926835329410992,-27.57343860323035
LU,2015-11-01,953.7777777777777,1.0,-0.016610289370618432,0.05,-0.6353141377304319,0.00364,-1.7453685102484393,-31.593625326141673
LU,2015-12-01,991.1111111111111,1.0,-0.026945785001080785,0.05,-0.7626182246773784,0.00364,-2.095105012849941,-34.3641470272617
LU,2016-01-01,1141.3333333333333,1.0,-0.0012447863104655473,0.05,-0.5848738277567801,0.00364,-1.6067962301010443,-37.01047392358189
LU,2016-02-01,1239.111111111111,1.0,-0.0045028604903306745,0.05,-0.6753510002090752,0.00364,-1.8553598906842728,-40.03257737821189
LU,2016-03-01,1367.111111111111,1.0,-0.008332957565545524,0.0241935483870967,-0.44467347693478887,0.00364,-1.2216304311395298,-42.9168250558547
LU,2016-04-01,1398.2222222222222,1.0,-0.010548356390506967,0.0,-0.14748946313126632,0.00364,-0.40519083277820417,-46.6025600627041
LU,2016-05-01,1412.4444444444443,1.0,-0.011574940444044031,0.0,-0.163489603249653,0.00364,-0.4491472616748709,-50.28230354829091
LU,2016-06-01,1435.5555555555554,1.0,-0.014791220667879643,0.0,-0.21233619003222773,0.00364,-0.583341181407219,-53.63123895061039
LU,2016-07-01,1440.888888888889,1.0,-0.01608297126922625,0.0,-0.23173774602147337,0.00364,-0.6366421593996522,-55.48293936969971
LU,2016-08-01,1440.888888888889,1.0,-0.01608297126922625,0.0,-0.23173774602147337,0.00364,-0.6366421593996522,-56.60842552752935
LU,2016-09-01,1449.7777777777776,1.0,-0.018578612298465167,0.0,-0.2693485925226372,0.00364,-0.7399686607764758,-58.279425940017404
LU,2016-10-01,1452.4444444444443,1.0,-0.01920360588139984,0.0,-0.2789217067573986,0.00364,-0.7662684251576884,-60.430192593809
LU,2016-11-01,1519.111111111111,1.0,-0.030044281827975496,0.0,-0.4564060235023122,0.00364,-1.253862701929429,-64.23679179100601
LU,2016-12-01,1549.3333333333333,1.0,-0.03507681623242108,0.0,-0.5434568061609772,0.00364,-1.4930132037389485,-66.99555442062113
LU,2017-01-01,1558.2222222222222,1.0,-0.036373328783558444,0.0,-0.5667772920673595,0.00364,-1.557080472712526,-70.15509391756981
LU,2017-02-01,1624.0,1.0,-0.04170537081013443,0.0,-0.6772952219565832,0.00364,-1.8607011592213825,-73.89038486465849
LU,2017-03-01,1683.5555555555554,1.0,-0.043309946379337806,0.0,-0.7291470083774737,0.00364,-2.0031511219161366,-77.46527017579614
LU,2017-04-01,1727.111111111111,1.0,-0.04596643228381147,0.0,-0.7938913593550727,0.00364,-2.1810202180084417,-80.06564891154625
LU,2017-05-01,1799.111111111111,1.0,-0.04713779335618614,0.0,-0.84806127780374,0.00364,-2.329838675285,-82.47718013522024
LU,2017-06-01,1848.8888888888887,1.0,-0.048344966933278374,0.0,-0.8938447219663912,0.00364,-2.4556173680395363,-84.39430481117458
LU,2017-07-01,1903.111111111111,1.0,-0.04551504453984621,0.0,-0.8662018698649843,0.00364,-2.3796754666620448,-86.83164913323259
LU,2017-08-01,1944.8888888888887,1.0,-0.04575178932219961,0.0,-0.8898214669953132,0.00364,-2.444564469767344,-88.73365330877539
LU,2017-09-01,1993.7777777777776,1.0,-0.046769361860238015,0.0,-0.932477143577901,0.00364,-2.561750394444783,-90.8844807393886
LU,2017-10-01,2028.4444444444443,1.0,-0.04735078337807691,0.0,-0.9604843348335246,0.00364,-2.638693227564628,-92.97103977315693
LU,2017-11-01,2055.111111111111,1.0,-0.04858385063461528,0.0,-0.9984521125976046,0.00364,-2.7430003093340787,-94.71677071353663
LU,2017-12-01,2120.0,1.0,-0.05031370288892174,0.0,-1.0666505012451408,0.00364,-2.930358519904233,-96.53101936752125
LU,2018-01-01,2144.0,1.0,-0.04931318367005572,0.0,-1.0572746578859948,0.00364,-2.9046007084780077,-97.54225751148341
LU,2018-02-01,2166.222222222222,1.0,-0.04706271939783265,0.0,-1.0194830859779394,0.00364,-2.8007777087306027,-98.63822115214263
LU,2018-03-01,2190.222222222222,1.0,-0.04558513472445538,0.0,-0.9984157507649605,0.00364,-2.7429004141894517,-99.75590677828279
LU,2018-04-01,2225.777777777778,1.0,-0.04427084257204057,0.0,-0.985370576003463,0.00364,-2.707062021987536,-100.92389063535389
LU,2018-05-01,2235.5555555555557,1.0,-0.04409498231971655,0.0,-0.9857678269696634,0.00364,-2.7081533707957783,-102.18062871292226
LU,2018-06-01,2240.0,1.0,-0.04417316027630669,0.0,-0.9894787901892699,0.00364,-2.7183483246957962,-103.64176115589405
LU,2018-07-01,2245.333333333333,1.0,-0.044350873039870106,0.0,-0.9958249359885499,0.00364,-2.735782791177335,-104.81699100052272
LU,2018-08-01,2286.222222222222,1.0,-0.04563985147718663,0.0,-1.043428426660658,0.00364,-2.8665616117051043,-106.08925646716428
LU,2018-09-01,2305.777777777778,1.0,-0.04592520012964736,0.0,-1.0589330589893802,0.00364,-2.90915675546533,-107.3022422014896
LU,2018-10-01,2309.333333333333,1.0,-0.0459337716666737,0.0,-1.0607639003557179,0.00364,-2.9141865394387856,-108.73100663368929
LU,2018-11-01,2316.4444444444443,1.0,-0.046170963664358584,0.0,-1.0695247227494975,0.00364,-2.9382547328282898,-109.83781560972069
LU,2018-12-01,2322.6666666666665,1.0,-0.046441777724405976,0.0,-1.0786876906122027,0.00364,-2.9634277214620957,-111.25369035016072
LU,2019-01-01,2324.4444444444443,1.0,-0.0465666272640109,0.0,-1.0824153804034533,0.00364,-2.9736686274820148,-111.92396062864428
LU,2019-02-01,2326.222222222222,1.0,-0.04673258306748522,0.0,-1.0871037323343007,0.00364,-2.986548715204123,-112.11633169926466
LU,2019-03-01,2328.0,1.0,-0.04694171161836424,0.0,-1.0928030464755194,0.00364,-3.0022061716360424,-112.61542548743017
LU,2019-04-01,2334.222222222222,1.0,-0.0478213954360029,0.0,-1.1162576392439434,0.00364,-3.06664186605479,-112.89527478726978
LU,2019-05-01,2336.0,1.0,-0.04813714513258773,0.0,-1.1244837102972494,0.00364,-3.0892409623550807,-113.04124728719142
LU,2019-06-01,2336.8888888888887,1.0,-0.04833742541933585,0.0,-1.1295919237994128,0.00364,-3.1032745159324526,-112.8096365395483
LU,2019-07-01,2352.0,1.0,-0.05231490191403837,0.0,-1.2304464930181824,0.00364,-3.38034750829171,-113.06934989609336
LU,2019-08-01,2354.6666666666665,1.0,-0.053180960190239546,0.0,-1.2522343426128404,0.00364,-3.4402042379473636,-112.99489985932337
LU,2019-09-01,2376.0,1.0,-0.05957574059163508,0.0,-1.4155195964572496,0.00364,-3.888790100157279,-113.13046106578635
LU,2019-10-01,2379.555555555555,1.0,-0.06050353381416044,0.0,-1.4397152001822886,0.00364,-3.9552615389623313,-112.89478703994563
LU,2019-11-01,2407.111111111111,1.0,-0.06655279714336226,0.0,-1.6019997747931112,0.00364,-4.4010982823986575,-113.4695835037381
LU,2019-12-01,2417.777777777778,1.0,-0.06880579181827054,0.0,-1.6635711444061854,0.00364,-4.570250396720289,-113.73993460387459
LU,2020-01-01,2488.8888888888887,1.0,-0.08315516053801078,0.0,-2.069639551168268,0.00364,-5.685822942769967,-114.60560954195026
LU,2020-02-01,2506.6666666666665,1.0,-0.08745658424516167,0.0,-2.192245045078719,0.00364,-6.022651222743734,-114.90889155129857
LU,2020-03-01,2583.4444444444443,1.0,-0.10217968137918405,0.0,-2.6397553019415647,0.00364,-7.252075005333969,-111.1602198123639
LU,2020-04-01,2768.0,1.0,-0.12702394239012854,0.0,-3.516022725358758,0.00364,-9.65940309164494,-117.81855252837309
LU,2020-05-01,2550.4444444444443,1.0,-0.1829152627090244,0.0,-4.665152155803273,0.00364,-12.81635207638262,-125.21633769681979
LU,2020-06-01,2834.777777777778,1.0,-0.21850891335789135,0.0,-6.194242118333202,0.00364,-17.017148676739566,-125.5299907833472
LU,2020-07-01,2996.333333333333,1.0,-0.24024627378011953,0.0,-7.198579183364981,0.00364,-19.776316437815883,-128.85739447204855
LU,2020-08-01,3160.6666666666665,1.0,-0.26154642571205206,0.0,-8.266610695338924,0.00364,-22.710468943238805,-131.90286818951634
LU,2020-09-01,3347.777777777778,1.0,-0.2865807481765651,0.0,-9.59408660284434,0.00364,-26.35738077704489,-135.30599225416455
LU,2020-10-01,3646.6666666666665,1.0,-0.3208636842931557,0.0,-11.700829020557078,0.00364,-32.145134671860106,-139.8649748842666
LU,2020-11-01,3828.111111111111,1.0,-0.33922216399159305,0.0,-12.985801351113729,0.00364,-35.67527843712563,-141.72720356324356
LU,2020-12-01,3924.8888888888887,1.0,-0.3484379388932214,0.0,-13.675801948293502,0.00364,-37.5708844733338,-142.11472465429276
LU,2021-01-01,4051.333333333333,1.0,-0.35942071072834647,0.0,-14.561331060641075,0.00364,-40.003656760002954,-143.25689046485235
LU,2021-02-01,4141.222222222223,1.0,-0.36621460357091506,0.0,-15.165760544101751,0.00364,-41.66417731896085,-144.16717872785858
LU,2021-03-01,4244.888888888889,1.0,-0.37353603053393364,0.0,-15.856189456131556,0.00364,-43.56096004431746,-145.77622152039802
LU,2021-04-01,4463.888888888889,1.0,-0.3861853726133776,0.0,-17.238885938602717,0.00364,-47.35957675440307,-148.65728872851625
LU,2021-05-01,4712.777777777777,1.0,-0.3960464362203657,0.0,-18.664788435874232,0.00364,-51.276891307346794,-153.22312501025783
LU,2021-06-01,4878.888888888889,1.0,-0.4028824065853196,0.0,-19.656184970179314,0.00364,-54.00050815983328,-156.04584068297586
LU,2021-07-01,4973.333333333333,1.0,-0.40780445598731413,0.0,-20.281474944435754,0.00364,-55.71833775943889,-157.44693618185514
LU,2021-08-01,5042.111111111111,1.0,-0.4120678159872505,0.0,-20.776917135206045,0.00364,-57.079442679137486,-157.69227060867019
LU,2021-09-01,5164.444444444444,1.0,-0.4178898697721573,0.0,-21.5816901633443,0.00364,-59.29035759160523,-159.6074093097769
LU,2021-10-01,5244.0,1.0,-0.4189044915788944,0.0,-21.967351538397224,0.00364,-60.34986686372864,-161.48535787623408
LU,2021-11-01,5297.888888888889,1.0,-0.41934162767575744,0.0,-22.216253499119766,0.00364,-61.03366345912024,-162.625085909702
LU,2021-12-01,5350.777777777777,1.0,-0.41966200811155546,0.0,-22.455181471809084,0.00364,-61.6900589884865,-163.78167718297505
LU,2022-01-01,5383.444444444444,1.0,-0.4189626445966781,0.0,-22.55462121483739,0.00364,-61.963245095707116,-165.97344457215397
LU,2022-02-01,5426.444444444444,1.0,-0.4143314592927257,0.0,-22.48346645437571,0.00364,-61.76776498454865,-168.87251878695696
LU,2022-03-01,5066.888888888889,1.0,-0.4164295909081342,0.0,-21.100024671769706,0.00364,-57.967100746620076,-168.0786969916501
LU,2022-04-01,5111.777777777777,1.0,-0.40205440544713245,0.0,-20.552127752223083,0.00364,-56.461889429184296,-170.57188156232064
LU,2022-05-01,5161.555555555555,1.0,-0.38405378001804324,0.0,-19.82314921884242,0.00364,-54.45920115066599,-170.92476270798545
LU,2022-06-01,5226.0,1.0,-0.35515937709861806,0.0,-18.56062904717378,0.00364,-50.99073914058731,-171.26768048540703
LU,2022-07-01,5277.555555555555,1.0,-0.33676604208938943,0.0806451612903225,-22.02910815347728,0.00364,-60.519527894168355,-163.01843000935105
LU,2022-08-01,5304.333333333333,1.0,-0.3270776240309236,0.5,-43.87095410401363,0.00364,-120.52459918685062,-106.79410827884021
LU,2022-09-01,5350.222222222223,1.0,-0.3036186611027756,0.925,-65.73382863268984,0.00364,-180.58744129859846,-51.146866285142636
LU,2022-10-01,5368.888888888889,1.0,-0.29294667334263874,1.25,-82.83909250657366,0.00364,-227.57992446860897,-10.506720462270437
LU,2022-11-01,5405.666666666666,1.0,-0.27338393617363393,1.975,-121.54014097642606,0.00364,-333.9014861989727,82.71267276300216
LU,2022-12-01,5421.111111111111,1.0,-0.2651249991381938,2.177419354838709,-132.41304336725898,0.00364,-363.7720971627994,108.24513830501519
LU,2023-01-01,5476.666666666666,1.0,-0.23528451523809424,2.5,-149.8024152845396,0.00364,-411.5450969355483,147.555856514523
LU,2023-02-01,5522.888888888889,1.0,-0.20912478821917305,2.875,-170.33278524802466,0.00364,-467.947212219848,193.1524117407729
LU,2023-03-01,5564.222222222223,1.0,-0.18545652712815372,3.161290322580645,-186.22043193301917,0.00364,-511.59459322258016,224.80609515026214
LU,2023-04-01,5588.0,1.0,-0.1723355952858733,3.5,-205.2101130645746,0.00364,-563.7640468806995,262.4511660779722
LU,2023-05-01,5623.666666666666,1.0,-0.1531769631367547,3.6774193548387095,-215.41996826854682,0.00364,-591.813099638865,281.90524450495104
LU,2023-06-01,5641.333333333333,1.0,-0.14351284121987362,3.8333333333333335,-224.34714886046157,0.00364,-616.3383210452241,298.1349605711464
LU,2023-07-01,5018.555555555555,1.0,-0.1505116110795264,4.0,-208.29573104180992,0.00364,-572.2410193456317,374.7431059914395
LU,2023-08-01,5028.555555555555,1.0,-0.14421288418712047,4.241935483870968,-220.55990743689432,0.00364,-605.9338116398196,405.61536418448634
LU,2023-09-01,5032.555555555555,1.0,-0.14164050037417691,4.341666666666667,-225.6249239075343,0.00364,-619.8486920536657,414.9393029000046
LU,2023-10-01,5046.555555555555,1.0,-0.13236770929477693,4.5,-233.77500998717716,0.00364,-642.2390384263109,425.1076645810232
LU,2023-11-01,5055.555555555555,1.0,-0.12692301805798062,4.5,-233.916663690709,0.00364,-642.6281969524972,422.17576451920525
LU,2023-12-01,5060.555555555555,1.0,-0.12441474907585394,4.5,-234.02107749628857,0.00364,-642.9150480667269,421.7705093420933
LU,2024-01-01,5060.555555555555,1.0,-0.12441474907585394,4.5,-234.02107749628857,0.00364,-642.9150480667269,416.10114835317347
LU,2024-02-01,5060.555555555555,1.0,-0.12441474907585394,4.5,-234.02107749628857,0.00364,-642.9150480667269,411.24698770028783
LU,2024-03-01,5060.555555555555,1.0,-0.12441474907585394,4.5,-234.02107749628857,0.00364,-642.9150480667269,406.050153389673
LU,2024-04-01,5060.555555555555,1.0,-0.12441474907585394,4.5,-234.02107749628857,0.00364,-642.9150480667269,398.2623303634265
LU,2024-05-01,5060.555555555555,1.0,-0.12441474907585394,4.5,-234.02107749628857,0.00364,-642.9150480667269,395.86641627164806
LU,2024-06-01,5060.555555555555,1.0,-0.12441474907585394,4.341666666666667,-226.0085311999923,0.00364,-620.9025582417371,365.9735886108855
LU,2024-07-01,5060.555555555555,1.0,-0.12441474907585394,4.25,-221.3696886073997,0.00364,-608.1584851851641,346.7632016811382
LU,2024-08-01,5060.555555555555,1.0,-0.12441474907585394,4.25,-221.3696886073997,0.00364,-608.1584851851641,343.6748034025402
LU,2024-09-01,5060.555555555555,1.0,-0.12441474907585394,3.99,-208.21224416295524,0.00364,-572.0116597883386,306.40743560362057
LU,2024-10-01,5060.555555555555,1.0,-0.12441474907585394,3.577419354838709,-187.3333714030986,0.00364,-514.6521192392819,248.6545485429267
LU,2024-11-01,5060.555555555555,1.0,-0.12441474907585394,3.4,-178.3549663851775,0.00364,-489.9861713878503,222.5924496547816
LU,2024-12-01,5060.555555555555,1.0,-0.12441474907585394,3.287096774193548,-172.64143591922766,0.00364,-474.2896591187573,205.84806875483923
LU,2025-01-01,5060.555555555555,1.0,-0.12441474907585394,3.0,-158.11274416295527,0.00364,-434.3756707773496,170.18596110960658
LU,2025-02-01,5060.555555555555,1.0,-0.12441474907585394,2.7857142857142856,-147.26869654390765,0.00364,-404.5843311645815,141.76277199022832
LU,2025-03-01,5060.555555555555,1.0,-0.12441474907585394,2.588709677419355,-137.29916889413806,0.00364,-377.19551893993975,114.63849762580776
LU,2025-04-01,4661.666666666666,1.0,-0.11816887084607232,2.433333333333333,-118.9425277514966,0.00364,-326.7651861304852,121.33679904046994
LU,2025-05-01,4661.666666666666,1.0,-0.11816887084607232,2.25,-110.39613886260773,0.00364,-303.28609577639486,96.02842652664026
LU,2025-06-01,4661.666666666666,1.0,-0.11816887084607232,2.083333333333333,-102.62669441816328,0.00364,-281.9414681817673,73.4572887023698
LU,2025-07-01,4661.666666666666,1.0,-0.11816887084607232,2.0,-98.74197219594107,0.00364,-271.2691543844535,58.79475860870656
LU,2025-08-01,4661.666666666666,1.0,-0.11816887084607232,2.0,-98.74197219594107,0.00364,-271.2691543844535,57.640393494904856
LU,2025-09-01,4661.666666666666,1.0,-0.11816887084607232,2.0,-98.74197219594107,0.00364,-271.2691543844535,55.210977115985486
LU,2025-10-01,4661.666666666666,1.0,-0.11816887084607232,2.0,-98.74197219594107,0.00364,-271.2691543844535,50.062826148506645
LU,2025-11-01,4661.666666666666,1.0,-0.11816887084607232,2.0,-98.74197219594107,0.00364,-271.2691543844535,47.827611663343816
LU,2025-12-01,4661.666666666666,1.0,-0.11816887084607232,2.0,-98.74197219594107,0.00364,-271.2691543844535,47.529781422824044
LU,2026-01-01,4661.666666666666,1.0,-0.11816887084607232,2.0,-98.74197219594107,0.003597,-274.512016113264,46.674921072896325
LU,2026-02-01,4661.666666666666,1.0,-0.11816887084607232,2.0,-98.74197219594107,0.003597,-274.512016113264,42.57414593081967
LU,2026-03-01,4661.666666666666,1.0,-0.11816887084607232,2.0,-98.74197219594107,0.003597,-274.512016113264,38.402444746294464
LU,2026-04-01,4661.666666666666,1.0,-0.11816887084607232,2.0,-98.74197219594107,0.003597,-274.512016113264,34.13951174902803
LU,2026-05-01,4661.666666666666,1.0,-0.11816887084607232,2.0,-98.74197219594107,0.003597,-274.512016113264,30.43594698444457
LU,2026-06-01,4661.666666666666,1.0,-0.11816887084607232,2.1166666666666667,-104.18058330705216,0.003597,-289.6318690771536,38.30548341004709
LU,2026-07-01,4661.666666666666,1.0,-0.11816887084607232,2.25,-110.39613886260773,0.003597,-306.9117010358847,45.867991347455074
LU,2026-08-01,4661.666666666666,1.0,-0.11816887084607232,2.25,-110.39613886260773,0.003597,-306.9117010358847,44.91564036325917
LV,2015-03-01,66.66666666666666,1.0,0.29058800499592563,0.05,0.16039200333061707,0.003876,0.413808058128527,-1.3430868538153273
LV,2015-04-01,224.0,1.0,0.19528459532797124,0.05,0.32543749353465556,0.003876,0.8396220163432806,-2.9682324217177207
LV,2015-05-01,406.2222222222222,1.0,0.3081038941405461,0.05,1.0484753744198185,0.003876,2.7050448256445265,-4.924291487073331
LV,2015-06-01,447.1111111111111,1.0,0.3496350637140963,0.05,1.3397016626505818,0.003876,3.456402638417394,-8.94909847546388
LV,2015-07-01,466.66666666666663,1.0,0.3639641273810492,0.05,1.4651659277782294,0.003876,3.780097852885009,-12.45983945055623
LV,2015-08-01,487.1111111111111,1.0,0.3672423447524633,0.05,1.5453227104386655,0.003876,3.9869006977261754,-15.063973721040737
LV,2015-09-01,504.0,1.0,0.37111192154579,0.05,1.6184040845907817,0.003876,4.1754491346511395,-18.27077277505282
LV,2015-10-01,560.0,1.0,0.38975861800816103,0.05,1.9026482608457018,0.003876,4.908793242635969,-21.17196182765328
LV,2015-11-01,587.5555555555555,1.0,0.399835575744091,0.05,2.0554783605941704,0.003876,5.303091745598995,-24.54516507029424
LV,2015-12-01,608.0,1.0,0.40269364250081713,0.05,2.1443773464049682,0.003876,5.532449294130465,-26.736592720281294
LV,2016-01-01,644.4444444444445,1.0,0.4048447210229858,0.05,2.2867770910370195,0.003876,5.899837696173941,-29.503839997306905
LV,2016-02-01,671.1111111111111,1.0,0.4023276139496634,0.05,2.364509764728852,0.003876,6.100386389909319,-32.0768310976183
LV,2016-03-01,710.2222222222222,1.0,0.3889858254139153,0.0241935483870967,2.590835816394916,0.003876,6.684302931875428,-35.01089169283974
LV,2016-04-01,777.7777777777777,1.0,0.3623997145549536,0.0,2.818664446538528,0.003876,7.27209609530064,-38.92527313462526
LV,2016-05-01,829.3333333333333,1.0,0.341601840125308,0.0,2.833017927439221,0.003876,7.309127779770952,-42.524028506845085
LV,2016-06-01,909.3333333333333,1.0,0.3258308237187356,0.0,2.962888290349036,0.003876,7.644190635575428,-45.40370713362774
LV,2016-07-01,933.3333333333333,1.0,0.3174112721745814,0.0,2.96250520696276,0.003876,7.643202288345614,-47.203094921954445
LV,2016-08-01,997.3333333333333,1.0,0.28637378878461184,0.0,2.856101253478528,0.003876,7.368682284516327,-48.603101083613375
LV,2016-09-01,1037.3333333333333,1.0,0.2669221757818433,0.0,2.7688727034436544,0.003876,7.143634425809222,-50.3958228534317
LV,2016-10-01,1117.3333333333333,1.0,0.24269313177486712,0.0,2.711691259031182,0.003876,6.996107479440614,-52.667816689210696
LV,2016-11-01,1152.0,1.0,0.2430127105307698,0.0,2.799506425314468,0.003876,7.22266879596096,-55.76026029311562
LV,2016-12-01,1166.2222222222222,1.0,0.2464563646374968,0.0,2.8742288924835178,0.003876,7.415451218997724,-58.087089997884455
LV,2017-01-01,1200.888888888889,1.0,0.25499985843623785,0.0,3.062264966643176,0.003876,7.90058040929612,-60.69743303556117
LV,2017-02-01,1250.6666666666665,1.0,0.2695302319205568,0.0,3.3709247672197633,0.003876,8.696916324096396,-63.332767381340716
LV,2017-03-01,1308.4444444444443,1.0,0.2844224197624799,0.0,3.7215093501366256,0.003876,9.601417312013998,-65.86070174186601
LV,2017-04-01,1346.6666666666665,1.0,0.2937074447342346,0.0,3.955260255754359,0.003876,10.204489823927656,-67.68013886961015
LV,2017-05-01,1370.6666666666665,1.0,0.2982589062944521,0.0,4.088135408942623,0.003876,10.547304976632155,-69.60003648330309
LV,2017-06-01,1402.6666666666665,1.0,0.3045920548205642,0.0,4.272411222283114,0.003876,11.02273277162826,-70.91595467150678
LV,2017-07-01,1427.5555555555554,1.0,0.311191785119772,0.0,4.442435616909812,0.003876,11.46139220048971,-72.99058146608083
LV,2017-08-01,1449.7777777777776,1.0,0.3149094334100697,0.0,4.565486985705099,0.003876,11.778862192221617,-74.51022664678644
LV,2017-09-01,1473.7777777777776,1.0,0.31656595993191383,0.0,4.66547876948545,0.003876,12.036838930561016,-76.28589141438279
LV,2017-10-01,1516.4444444444443,1.0,0.318756772765851,0.0,4.83376937189815,0.003876,12.471025211295537,-77.86132133429676
LV,2017-11-01,1542.2222222222222,1.0,0.3196608168740387,0.0,4.929880153568508,0.003876,12.718989044294396,-79.25478135990815
LV,2017-12-01,1548.4444444444443,1.0,0.31952681421079177,0.0,4.947695203157326,0.003876,12.764951504533865,-80.83570934308315
LV,2018-01-01,1596.4444444444443,1.0,0.31981828143137075,0.0,5.105721186228816,0.003876,13.172655279228112,-81.46500152377729
LV,2018-02-01,1638.2222222222222,1.0,0.3237034895831665,0.0,5.30298250046023,0.003876,13.681585398504204,-82.15585804490783
LV,2018-03-01,1585.7777777777776,1.0,0.3237034895831666,0.0,5.133218003701058,0.003876,13.243596500776725,-83.76940986331661
LV,2018-04-01,1611.5555555555554,1.0,0.32779134318011116,0.0,5.282539601649257,0.003876,13.628843141509952,-84.5879854718564
LV,2018-05-01,1646.2222222222222,1.0,0.33477970551074415,0.0,5.511217907607984,0.003876,14.21882845100099,-85.25364689112548
LV,2018-06-01,1702.2222222222222,1.0,0.34881841820657666,0.0,5.937664629916394,0.003876,15.319052192766755,-85.6043606384315
LV,2018-07-01,1738.6666666666665,1.0,0.3604561903771633,0.0,6.267131630024279,0.003876,16.169070252900617,-85.91213795644478
LV,2018-08-01,1768.0,1.0,0.36766374572586424,0.0,6.50029502443328,0.003876,16.77062699802188,-86.45206785743729
LV,2018-09-01,1787.5555555555554,1.0,0.37230991100290756,0.0,6.655246498016417,0.003876,17.17039860169354,-87.22268684433072
LV,2018-10-01,1826.6666666666665,1.0,0.3829894865416345,0.0,6.9959412874938565,0.003876,18.049384126661135,-87.76743596758936
LV,2018-11-01,1833.7777777777776,1.0,0.3850263007355824,0.0,7.060526741488946,0.003876,18.216013264935363,-88.68354761195704
LV,2018-12-01,1844.4444444444443,1.0,0.38813798712145126,0.0,7.158989540240101,0.003876,18.47004525345743,-89.8202173752412
LV,2019-01-01,1849.7777777777776,1.0,0.3893774875483925,0.0,7.202618236339598,0.003876,18.582606388905052,-90.36768561225722
LV,2019-02-01,1837.3333333333333,1.0,0.3893774875483925,0.0,7.154162371222465,0.003876,18.457591257023903,-90.67219172703663
LV,2019-03-01,1840.8888888888887,1.0,0.38974732271563084,0.0,7.174815158613968,0.003876,18.51087502222386,-91.10234429357027
LV,2019-04-01,1871.111111111111,1.0,0.3913234996437344,0.0,7.322097482222764,0.003876,18.890860377251713,-90.93777254396328
LV,2019-05-01,1896.0,1.0,0.3918927078267206,0.0,7.4302857403946225,0.003876,19.16998385034732,-90.78202247448903
LV,2019-06-01,1922.6666666666665,1.0,0.39028598961459193,0.0,7.503898626989887,0.003876,19.35990357840528,-90.34645844521056
LV,2019-07-01,1952.8888888888887,1.0,0.3860287902101544,0.0,7.538713351926304,0.003876,19.449724850171062,-90.23927753763058
LV,2019-08-01,1976.8888888888887,1.0,0.38025546516362574,0.0,7.517228040212476,0.003876,19.394293189402674,-90.16040243197332
LV,2019-09-01,2005.3333333333333,1.0,0.3731461766855021,0.0,7.482824663133268,0.003876,19.305533186618337,-89.93613777901074
LV,2019-10-01,2048.0,1.0,0.3654278243790193,0.0,7.483961843282315,0.003876,19.308467087931668,-89.63105841305162
LV,2019-11-01,2056.8888888888887,1.0,0.36436006666804627,0.0,7.4944817268431905,0.003876,19.335608170390067,-89.73287705094936
LV,2019-12-01,2095.111111111111,1.0,0.36113413035255604,0.0,7.566161291030884,0.003876,19.52053996653995,-89.64914424061436
LV,2020-01-01,2126.222222222222,1.0,0.35793348543988657,0.0,7.610461308197411,0.003876,19.63483309648455,-89.28495350269574
LV,2020-02-01,2145.777777777778,1.0,0.3546087587011714,0.0,7.609115942263359,0.003876,19.631362080142825,-89.25487824841201
LV,2020-03-01,2233.333333333333,1.0,0.33799189586463857,0.0,7.54848567431026,0.003876,19.474937240222552,-84.4332075668074
LV,2020-04-01,2468.5555555555557,1.0,0.31995321965730283,0.0,7.898222979029219,0.003876,20.377252267877243,-87.78189716885092
LV,2020-05-01,2692.0,1.0,0.31758214168595905,0.0,8.549311254186017,0.003876,22.05704657942729,-90.34293904100988
LV,2020-06-01,2920.0,1.0,0.29459409593146324,0.0,8.602147601198727,0.003876,22.1933632641866,-86.31947884242103
LV,2020-07-01,3205.6666666666665,1.0,0.2533105352373099,0.0,8.120291391257364,0.003876,20.950184187970496,-88.13089384626218
LV,2020-08-01,3269.777777777778,1.0,0.24462305794680309,0.0,7.998630388065023,0.003876,20.636301310797272,-88.55609793548027
LV,2020-09-01,3312.555555555555,1.0,0.23882734401067737,0.0,7.911288452211471,0.003876,20.410960919018244,-88.53765055810143
LV,2020-10-01,3406.6666666666665,1.0,0.2254523840560206,0.0,7.680411216841768,0.003876,19.815302417032424,-87.90453779537404
LV,2020-11-01,3485.777777777778,1.0,0.21410435797964505,0.0,7.46320213170825,0.003876,19.254907460547603,-86.79701766557034
LV,2020-12-01,3392.111111111111,1.0,0.2124089120996904,0.0,7.2051463083238305,0.003876,18.589128762445384,-85.95471141851357
LV,2021-01-01,3127.111111111111,1.0,0.20779362244934618,0.0,6.497937455793776,0.003876,16.764544519591787,-86.48868918525761
LV,2021-02-01,3275.777777777778,1.0,0.1878345209631093,0.0,6.153041496704876,0.003876,15.87472006373807,-86.62828134515968
LV,2021-03-01,3505.8888888888887,1.0,0.16332272942385664,0.0,5.725913423901054,0.003876,14.772738451757105,-87.44252302432345
LV,2021-04-01,3780.555555555555,1.0,0.13619907000936013,0.0,5.149081507853864,0.003876,13.284524014070856,-88.01318796004232
LV,2021-05-01,3900.333333333333,1.0,0.1309967146845178,0.0,5.109308528411809,0.003876,13.181910548018083,-88.76432315489296
LV,2021-06-01,3986.777777777778,1.0,0.13190219705404457,0.0,5.2586474805513035,0.003876,13.567201962206665,-88.47813056093592
LV,2021-07-01,4068.6666666666665,1.0,0.13110849859488258,0.0,5.334367779497122,0.003876,13.76255877063241,-87.96603965178383
LV,2021-08-01,4106.777777777777,1.0,0.12979642272495262,0.0,5.330450644818859,0.003876,13.752452644011504,-86.8603752855212
LV,2021-09-01,4284.888888888889,1.0,0.12435855982474484,0.0,5.328626112312732,0.003876,13.747745387803747,-86.56930633036792
LV,2021-10-01,4424.0,1.0,0.12561824248949288,0.0,5.557351047735165,0.003876,14.337851000348723,-86.79764001215672
LV,2021-11-01,4537.0,1.0,0.12887672749137644,0.0,5.847137126283749,0.003876,15.085493101867257,-86.50592934871449
LV,2021-12-01,4593.111111111111,1.0,0.1310007084952392,0.0,6.017008097529109,0.003876,15.523756701571488,-86.56786149291705
LV,2022-01-01,4714.333333333333,1.0,0.13675561150049603,0.0,6.447115378171718,0.003876,16.633424608286166,-87.37677486816068
LV,2022-02-01,4840.333333333333,1.0,0.15313895640971026,0.0,7.412435953418009,0.003876,19.123931768364315,-87.98082203404401
LV,2022-03-01,5017.555555555555,1.0,0.18882530947560366,0.0,9.47441480588812,0.003876,24.44379464883416,-85.66780159619587
LV,2022-04-01,5139.777777777777,1.0,0.2217304538570565,0.0,11.3964525939108,0.003876,29.402612471390093,-84.70737966174627
LV,2022-05-01,5219.777777777777,1.0,0.24849429645885293,0.0,12.970850065604436,0.003876,33.46452545305582,-83.00103610426362
LV,2022-06-01,5237.555555555555,1.0,0.2562132802839776,0.0,13.419312895584595,0.003876,34.62155029820587,-85.65539104661383
LV,2022-07-01,5237.555555555555,1.0,0.2562132802839776,0.0806451612903225,9.19547777013657,0.003876,23.72414285380952,-78.77475926137318
LV,2022-08-01,5274.0,1.0,0.2699167459972665,0.5,-12.134590816104165,0.003876,-31.306993849597948,-17.576502941587535
LV,2022-09-01,5318.444444444444,1.0,0.2921361840547915,0.925,-33.65851046003706,0.003876,-86.83826228079737,42.60231273265846
LV,2022-10-01,5332.666666666666,1.0,0.3013631455769403,1.25,-50.58764132353369,0.003876,-130.51507049415295,86.55813351218558
LV,2022-11-01,5352.222222222223,1.0,0.3138124629265387,1.975,-88.91044851203183,0.003876,-229.3871220640656,187.22703689790924
LV,2022-12-01,5382.444444444444,1.0,0.3316084827906238,2.177419354838709,-99.34974473750371,0.003876,-256.3202908604327,215.6969446073819
LV,2023-01-01,5446.0,1.0,0.37075716859319735,2.5,-115.95856459841447,0.003876,-299.17070329828294,259.93025015178836
LV,2023-02-01,5502.333333333333,1.0,0.404583040195518,2.875,-135.93057585164195,0.003876,-350.69808011259533,310.40154384802554
LV,2023-03-01,5548.666666666666,1.0,0.43371309827589954,3.161290322580645,-151.3441682525893,0.003876,-390.4648303730374,345.9358579998049
LV,2023-04-01,5240.444444444444,1.0,0.4372210229527443,3.5,-160.5032307482853,0.003876,-414.0950225703955,412.1201903882762
LV,2023-05-01,5199.111111111111,1.0,0.43868249571790685,3.6774193548387095,-168.38552790220066,0.003876,-434.4311865381854,439.2871576056306
LV,2023-06-01,5215.333333333333,1.0,0.44904403855262964,3.8333333333333335,-176.50196768712962,0.003876,-455.3714336613251,459.1018479550454
LV,2023-07-01,5228.333333333333,1.0,0.45738131627883677,4.0,-185.21991351388814,0.003876,-477.86355395739974,469.12057137967145
LV,2023-08-01,5241.333333333333,1.0,0.46568343589074374,4.241935483870968,-197.92595734147014,0.003876,-510.6448847819147,500.90429104239126
LV,2023-09-01,5247.333333333333,1.0,0.46953240183529577,4.341666666666667,-203.18379198991815,0.003876,-524.2099896540716,510.57800529959866
LV,2023-10-01,5264.333333333333,1.0,0.48113979528711015,4.5,-211.5661973767689,0.003876,-545.8364225406834,521.5102804666507
LV,2023-11-01,5237.333333333333,1.0,0.48082417654563325,4.5,-210.49763512705002,0.003876,-543.0795539913571,521.7244074803453
LV,2023-12-01,5243.333333333333,1.0,0.48416181113512363,4.5,-210.56378236948166,0.003876,-543.2502125115626,521.4353448972576
LV,2024-01-01,5261.333333333333,1.0,0.4936600649006318,4.5,-210.78689845202808,0.003876,-543.8258473994532,515.1903490204471
LV,2024-02-01,5277.333333333333,1.0,0.5022212611216831,4.5,-210.97610997973837,0.003876,-544.3140092356512,509.84802653136353
LV,2024-03-01,5293.333333333333,1.0,0.510761782427842,4.5,-211.16367631681953,0.003876,-544.7979265139822,504.16727494241763
LV,2024-04-01,4810.111111111111,1.0,0.5104337962539588,4.5,-191.9025672515221,0.003876,-495.10466267162565,546.0727157585277
LV,2024-05-01,4829.111111111111,1.0,0.5217163769420525,4.5,-192.11573647260502,0.003876,-495.65463486224206,543.1268294761328
LV,2024-06-01,4836.111111111111,1.0,0.5258548854790153,4.341666666666667,-184.53689752910282,0.003876,-476.10138681399076,510.7747600386318
LV,2024-07-01,4845.111111111111,1.0,0.5310287514322172,4.25,-180.18828918338528,0.003876,-464.88206703659773,490.0396198297045
LV,2024-08-01,4848.111111111111,1.0,0.5325961185165969,4.25,-180.22387062307257,0.003876,-464.9738664165959,486.85942217110835
LV,2024-09-01,4853.111111111111,1.0,0.5351233749372337,3.99,-167.6690013661017,0.003876,-432.58256286403946,445.83653252791976
LV,2024-10-01,4860.111111111111,1.0,0.538604255704211,3.577419354838709,-147.68979027915785,0.003876,-381.0366106273422,382.2700571548664
LV,2024-11-01,4866.111111111111,1.0,0.5415805749047381,3.4,-139.09386524671888,0.003876,-358.859301462123,353.71931958050885
LV,2024-12-01,4868.111111111111,1.0,0.5425486299613859,3.287096774193548,-133.6076531591597,0.003876,-344.70498751073194,335.4327403628646
LV,2025-01-01,4799.888888888889,1.0,0.5428734481763661,3.0,-117.9393443469213,0.003876,-304.2810741664636,300.2805577204926
LV,2025-02-01,4799.888888888889,1.0,0.5428734481763661,2.7857142857142856,-107.6538681564451,0.003876,-277.74475788556526,268.60234526924455
LV,2025-03-01,4799.888888888889,1.0,0.5428734481763661,2.588709677419355,-98.19786585229764,0.003876,-253.348467111191,238.4855494545565
LV,2025-04-01,4799.888888888889,1.0,0.5428734481763661,2.433333333333333,-90.73997397655091,0.003876,-234.10726000142134,213.99472516953378
LV,2025-05-01,4799.888888888889,1.0,0.5428734481763661,2.25,-81.94017768025462,0.003876,-211.40396718331945,187.91055511971567
LV,2025-06-01,4799.888888888889,1.0,0.5428734481763661,2.083333333333333,-73.9403628654398,0.003876,-190.76461007595407,164.634146808183
LV,2025-07-01,4799.888888888889,1.0,0.5428734481763661,2.0,-69.9404554580324,0.003876,-180.44493152227142,149.61898147088863
LV,2025-08-01,4799.888888888889,1.0,0.5428734481763661,2.0,-69.9404554580324,0.003876,-180.44493152227142,148.46461635708692
LV,2025-09-01,4356.555555555555,1.0,0.5422431265235422,2.0,-63.50798805793158,0.003876,-163.84929839507632,162.63083310536265
LV,2025-10-01,4356.555555555555,1.0,0.5422431265235422,2.0,-63.50798805793158,0.003876,-163.84929839507632,157.4826821378838
LV,2025-11-01,4356.555555555555,1.0,0.5422431265235422,2.0,-63.50798805793158,0.003876,-163.84929839507632,155.24746765272099
LV,2025-12-01,4356.555555555555,1.0,0.5422431265235422,2.0,-63.50798805793158,0.003876,-163.84929839507632,154.9496374122012
LV,2026-01-01,4356.555555555555,1.0,0.5422431265235422,2.0,-63.50798805793158,0.00383,-165.8172011956438,155.36973599051652
LV,2026-02-01,4356.555555555555,1.0,0.5422431265235422,2.0,-63.50798805793158,0.00383,-165.8172011956438,151.26896084843986
LV,2026-03-01,4356.555555555555,1.0,0.5422431265235422,2.0,-63.50798805793158,0.00383,-165.8172011956438,147.09725966391466
LV,2026-04-01,4356.555555555555,1.0,0.5422431265235422,2.0,-63.50798805793158,0.00383,-165.8172011956438,142.83432666664822
LV,2026-05-01,4356.555555555555,1.0,0.5422431265235422,2.0,-63.50798805793158,0.00383,-165.8172011956438,139.13076190206476
LV,2026-06-01,4356.555555555555,1.0,0.5422431265235422,2.1166666666666667,-68.59063620607972,0.00383,-179.08782299237524,148.84952949482548
LV,2026-07-01,4356.555555555555,1.0,0.5422431265235422,2.25,-74.39937694682047,0.00383,-194.2542479029255,158.52544448041425
LV,2026-08-01,4356.555555555555,1.0,0.5422431265235422,2.25,-74.39937694682047,0.00383,-194.2542479029255,157.57309349621835
MT,2015-03-01,4.444444444444445,1.0,1.328309675751548,0.05,0.05681376336673547,0.001288,0.441100647257263,-1.3157942646865914
MT,2015-04-01,51.55555555555555,1.0,1.0768574708899115,0.05,0.529402073881021,0.001288,4.1102645487656915,0.30241011070469037
MT,2015-05-01,127.1111111111111,1.0,1.3672725727332198,0.05,1.674399803563115,0.001288,12.999998474868905,5.3706621621510475
MT,2015-06-01,185.77777777777777,1.0,1.5482573128772315,0.05,2.7834291412563674,0.001288,21.6104746991954,9.204973585314127
MT,2015-07-01,207.1111111111111,1.0,1.5815073312533676,0.05,3.1719218505069744,0.001288,24.626722441824334,8.386785138383097
MT,2015-08-01,216.88888888888889,1.0,1.5829285302153584,0.05,3.324751656644866,0.001288,25.81328925966511,6.762414840898195
MT,2015-09-01,232.88888888888889,1.0,1.5847884021852956,0.05,3.574351656644866,0.001288,27.751177458422873,5.304955548718915
MT,2015-10-01,242.66666666666666,1.0,1.5746366380053234,0.05,3.6997849082262513,0.001288,28.725038107346673,2.6442830370574235
MT,2015-11-01,244.44444444444443,1.0,1.5721674871376996,0.05,3.7208538574477097,0.001288,28.888616905649922,-0.9596399102433111
MT,2015-12-01,250.66666666666666,1.0,1.5638632126638095,0.05,3.7947504530772824,0.001288,29.462348238177658,-2.806693776234102
MT,2016-01-01,304.0,1.0,1.4987959314126769,0.05,4.404339631494538,0.001288,34.195183474336474,-1.2084942191443702
MT,2016-02-01,322.66666666666663,1.0,1.475984676167659,0.05,4.601177221767646,0.001288,35.72342563484197,-2.4537918526856473
MT,2016-03-01,376.0,1.0,1.4165573098290951,0.0241935483870967,5.235287743021915,0.001288,40.64664396756145,-1.0485506571537186
MT,2016-04-01,429.3333333333333,1.0,1.366117666961815,0.0,5.8651985168227245,0.001288,45.53725556539383,-0.6601136645320693
MT,2016-05-01,488.0,1.0,1.3296758996094593,0.0,6.488818390094162,0.001288,50.37902476781181,0.5458684811957752
MT,2016-06-01,520.8888888888889,1.0,1.3090982322594613,0.0,6.818947236480394,0.001288,52.942136929195605,-0.10576084000756225
MT,2016-07-01,531.5555555555555,1.0,1.2991322813770496,0.0,6.905609815675339,0.001288,53.614983040957604,-1.231314169342454
MT,2016-08-01,541.3333333333333,1.0,1.287480812157807,0.0,6.969562796480927,0.001288,54.111512395038254,-1.8602709730914455
MT,2016-09-01,547.5555555555555,1.0,1.280263354329183,0.0,7.0101531223713485,0.001288,54.42665467679618,-3.112802602444745
MT,2016-10-01,580.4444444444445,1.0,1.2454635715984868,0.0,7.229224108922772,0.001288,56.127516373624005,-3.5364077950273014
MT,2016-11-01,668.4444444444445,1.0,1.2062954610695242,0.0,8.06341499310473,0.001288,62.60415367317338,-0.3787754159031991
MT,2016-12-01,717.3333333333333,1.0,1.1881988623202442,0.0,8.52334650571055,0.001288,66.17505051017508,0.6725092932929044
MT,2017-01-01,743.1111111111111,1.0,1.1918714701812858,0.0,8.856929325080488,0.001288,68.76497923199136,0.16696578713407462
MT,2017-02-01,786.6666666666666,1.0,1.2053171880274645,0.0,9.481828545816052,0.001288,73.61668125633581,1.586997550898701
MT,2017-03-01,813.3333333333333,1.0,1.220157315722508,0.0,9.923946167876398,0.001288,77.0492714897236,1.587152435843592
MT,2017-04-01,824.0,1.0,1.224126006674608,0.0,10.08679829499877,0.001288,78.3136513586861,0.42902266514829535
MT,2017-05-01,835.5555555555555,1.0,1.2275077079656727,0.0,10.256508848779843,0.001288,79.63127988183108,-0.5160615781041571
MT,2017-06-01,849.7777777777777,1.0,1.2292751004352669,0.0,10.446106631254356,0.001288,81.10331235445929,-0.8353750886757467
MT,2017-07-01,859.5555555555555,1.0,1.2316785053636947,0.0,10.58696101943727,0.001288,82.19690232482353,-2.255071341747012
MT,2017-08-01,883.5555555555555,1.0,1.2337269624116007,0.0,10.9006631167745,0.001288,84.63247761470885,-1.6566112242991977
MT,2017-09-01,902.2222222222222,1.0,1.2356910000745163,0.0,11.1486788006723,0.001288,86.55806522261103,-1.7646651223327723
MT,2017-10-01,915.5555555555555,1.0,1.236696376541168,0.0,11.322642380776916,0.001288,87.90871413646674,-2.4236324091255597
MT,2017-11-01,894.2222222222222,1.0,1.236696376541168,0.0,11.058813820448133,0.001288,85.86035574882091,-6.113414655381646
MT,2017-12-01,912.8888888888888,1.0,1.235692024515128,0.0,11.280495192684766,0.001288,87.5814844152544,-6.019176432362627
MT,2018-01-01,919.1111111111111,1.0,1.2367574173956009,0.0,11.367174840773789,0.001288,88.25446304948593,-6.383193753519464
MT,2018-02-01,923.5555555555555,1.0,1.237867671587585,0.0,11.43239565137334,0.001288,88.76083580258805,-7.07660764082398
MT,2018-03-01,951.1111111111111,1.0,1.239957285041132,0.0,11.793371511057877,0.001288,91.56344340883446,-5.449562955258884
MT,2018-04-01,954.6666666666666,1.0,1.2402207574202557,0.0,11.839974164172041,0.001288,91.92526524978292,-6.291563363583421
MT,2018-05-01,969.7777777777777,1.0,1.2424235564757753,0.0,12.048747556578407,0.001288,93.54617668150938,-5.926298660617093
MT,2018-06-01,984.8888888888888,1.0,1.2452206423462822,0.0,12.264039748619382,0.001288,95.21769991164116,-5.705712919557087
MT,2018-07-01,975.1111111111111,1.0,1.2452206423462822,0.0,12.142284841367745,0.001288,94.2723978367061,-7.808810372639286
MT,2018-08-01,982.2222222222222,1.0,1.2471799671831698,0.0,12.25007878877691,0.001288,95.10930736628036,-8.113387489178805
MT,2018-09-01,984.0,1.0,1.2477642655034964,0.0,12.278000372554404,0.001288,95.32608984902488,-9.06699559699939
MT,2018-10-01,1008.0,1.0,1.2564917658421781,0.0,12.665436999689154,0.001288,98.33413819634437,-7.482681897906133
MT,2018-11-01,1024.0,1.0,1.2615755907260702,0.0,12.918534049034958,0.001288,100.29917739933974,-6.600383477552668
MT,2018-12-01,1025.7777777777778,1.0,1.261863913495953,0.0,12.943919610438488,0.001288,100.49627026737957,-7.793992361319056
MT,2019-01-01,1028.4444444444443,1.0,1.2619117713049335,0.0,12.97806150577607,0.001288,100.76134709453471,-8.188944906627555
MT,2019-02-01,1029.3333333333333,1.0,1.2618528100453017,0.0,12.988671591399639,0.001288,100.84372353571148,-8.286059448349064
MT,2019-03-01,1035.5555555555554,1.0,1.2605773216767442,0.0,13.053978486696948,0.001288,101.35076464826824,-8.262454667525887
MT,2019-04-01,1036.4444444444443,1.0,1.2603654157854858,0.0,13.06298733160779,0.001288,101.42070909633378,-8.407923824881209
MT,2019-05-01,1036.4444444444443,1.0,1.2603654157854858,0.0,13.06298733160779,0.001288,101.42070909633378,-8.531297228502567
MT,2019-06-01,1051.5555555555554,1.0,1.252604666234557,0.0,13.171833956937606,0.001288,102.26579159113048,-7.440570432485359
MT,2019-07-01,1043.5555555555554,1.0,1.252604666234557,0.0,13.071625583638841,0.001288,101.4877762704879,-8.201226117313752
MT,2019-08-01,1051.5555555555554,1.0,1.244714480412653,0.0,13.088864269583718,0.001288,101.6216169998736,-7.933078621502403
MT,2019-09-01,1014.2222222222222,1.0,1.244714480412653,0.0,12.624170863562997,0.001288,98.01374894070649,-11.227922024922577
MT,2019-10-01,1021.3333333333333,1.0,1.238004149358593,0.0,12.644149045449094,0.001288,98.16885904851782,-10.770666452465477
MT,2019-11-01,1023.1111111111111,1.0,1.2365326282443494,0.0,12.651102712082189,0.001288,98.22284714349526,-10.845638077844171
MT,2019-12-01,1024.888888888889,1.0,1.2351047254663243,0.0,12.658451097445973,0.001288,98.27989982489109,-10.889784382263215
MT,2020-01-01,1024.888888888889,1.0,1.2351047254663243,0.0,12.658451097445973,0.001288,98.27989982489109,-10.639886774289195
MT,2020-02-01,1039.111111111111,1.0,1.221818199644512,0.0,12.696048670083862,0.001288,98.57180644475048,-10.314433883804355
MT,2020-03-01,1067.3333333333333,1.0,1.1969550330231922,0.0,12.775500052467537,0.001288,99.18866500362995,-4.719479803399992
MT,2020-04-01,1119.5555555555554,1.0,1.1538601634066825,0.0,12.918105562761923,0.001288,100.29585064256152,-7.863298794166639
MT,2020-05-01,1187.0,1.0,1.120519158612414,0.0,13.300562412729352,0.001288,103.2652361236751,-9.134749496762083
MT,2020-06-01,1179.888888888889,1.0,1.1200339448449694,0.0,13.2151560670097,0.001288,102.6021433774045,-5.910698729203133
MT,2020-07-01,1179.888888888889,1.0,1.1200339448449694,0.0,13.2151560670097,0.001288,102.6021433774045,-6.478934656828173
MT,2020-08-01,1182.6666666666665,1.0,1.1185162061226244,0.0,13.228318331076903,0.001288,102.7043348686095,-6.488064377668053
MT,2020-09-01,1306.3333333333333,1.0,1.0498609731972262,0.0,13.714683846533097,0.001288,106.4804646469961,-2.4681468301235725
MT,2020-10-01,1307.3333333333333,1.0,1.0492598141817717,0.0,13.717323304069696,0.001288,106.50095732973367,-1.2188828826728013
MT,2020-11-01,1339.111111111111,1.0,1.0312144563094037,0.0,13.809107363823259,0.001288,107.21356648931102,1.161641363193084
MT,2020-12-01,1340.111111111111,1.0,1.0305652782257946,0.0,13.810719800757008,0.001288,107.2260854096041,2.6822452286451437
MT,2021-01-01,1344.111111111111,1.0,1.0280819684768336,0.0,13.81856396962695,0.001288,107.28698734182416,4.033753636974751
MT,2021-02-01,1359.3333333333333,1.0,1.0199618757110513,0.0,13.864681763832225,0.001288,107.6450447502502,5.142043341352448
MT,2021-03-01,1377.888888888889,1.0,1.0098282016485842,0.0,13.914310587382326,0.001288,108.03036170327893,5.815100227198371
MT,2021-04-01,1381.4444444444443,1.0,1.0082425449124301,0.0,13.92831062321805,0.001288,108.13905763368051,6.841345659567338
MT,2021-05-01,1422.2222222222222,1.0,0.9921025102311577,0.0,14.10990236773202,0.001288,109.54893142649085,7.6026977235798086
MT,2021-06-01,1424.2222222222222,1.0,0.9911827555112812,0.0,14.116645066826225,0.001288,109.60128157473777,7.555949051595178
MT,2021-07-01,1473.0,1.0,0.9729889692871874,0.0,14.33212751760027,0.001288,111.2742819689462,9.545683546529958
MT,2021-08-01,1447.3333333333333,1.0,0.9500012259583444,0.0,13.749684410370437,0.001288,106.75220815504997,6.139380225517272
MT,2021-09-01,1478.0,1.0,0.9419325559512663,0.0,13.921763176959717,0.001288,108.08822342360028,7.771171705428614
MT,2021-10-01,1545.2222222222222,1.0,0.9314272981083678,0.0,14.392621594214523,0.001288,111.74395647682083,10.608465464315387
MT,2021-11-01,1641.5555555555554,1.0,0.9158179391597917,0.0,15.033660259051958,0.001288,116.72096474419222,15.12954229361047
MT,2021-12-01,1734.7777777777776,1.0,0.9000568439203716,0.0,15.613986115698621,0.001288,121.22660027716321,19.134982082674682
MT,2022-01-01,1752.7777777777776,1.0,0.8992885844138196,0.0,15.762530465697782,0.001288,122.37989492001384,18.369695443566997
MT,2022-02-01,1800.4444444444443,1.0,0.9079124779429553,0.0,16.34645976954183,0.001288,126.91350752749868,19.808753725090355
MT,2022-03-01,1855.2222222222222,1.0,0.9190039320651205,0.0,17.04956517076813,0.001288,132.3724003941625,22.26080414913247
MT,2022-04-01,1863.3333333333333,1.0,0.9225176940585839,0.0,17.189579699291613,0.001288,133.459469714997,19.34947758186064
MT,2022-05-01,1854.2222222222222,1.0,0.9222334151307239,0.0,17.1002569241128,0.001288,132.76596990770807,16.300408350388622
MT,2022-06-01,1865.0,1.0,0.9320241784256807,0.0,17.382250927638946,0.001288,134.95536434502287,14.678423000203168
MT,2022-07-01,1862.4444444444443,1.0,0.9375146306678015,0.0806451612903225,15.958717828561445,0.001288,123.90308873106713,21.404186615884427
MT,2022-08-01,1856.3333333333333,1.0,0.9377478947501585,0.5,8.126060086212108,0.001288,63.090528619659224,76.82101952766963
MT,2022-09-01,1862.6666666666665,1.0,0.945835291729422,0.925,0.38809203394670044,0.001288,3.013136909524072,132.4537119229799
MT,2022-10-01,1869.0,1.0,0.9555710816801232,1.25,-5.502876483398499,0.001288,-42.724196299677786,174.34900770666076
MT,2022-11-01,1878.0,1.0,0.9674990688001501,1.975,-18.920867487933183,0.001288,-146.90114509264893,269.7130138693259
MT,2022-12-01,1880.7777777777776,1.0,0.971371849526588,2.177419354838709,-22.683073469353634,0.001288,-176.11081886144126,295.90641660637334
MT,2023-01-01,1890.5555555555554,1.0,0.9847226958017389,2.5,-28.647159256592676,0.001288,-222.4158327375208,336.68512071255054
MT,2023-02-01,1893.2222222222222,1.0,0.9884220287244948,2.875,-35.71711339173704,0.001288,-277.3067809917472,383.7928429688737
MT,2023-03-01,1895.0,1.0,0.9908569559662165,3.161290322580645,-41.129712297343424,0.001288,-319.3300644203682,417.0706239524741
MT,2023-04-01,1895.888888888889,1.0,0.992084198298349,3.5,-47.5472970271503,0.001288,-369.1560328194899,457.0591801391818
MT,2023-05-01,1895.0,1.0,0.9919949530807832,3.6774193548387095,-50.8887924133127,0.001288,-395.0993199791359,478.6190241646801
MT,2023-06-01,1895.888888888889,1.0,0.9932582430900669,3.8333333333333335,-53.844668072023175,0.001288,-418.04866515545945,496.42461646091107
MT,2023-07-01,1883.888888888889,1.0,0.9933082281672128,4.0,-56.642732212694334,0.001288,-439.77276562650883,507.21135971056236
MT,2023-08-01,1883.888888888889,1.0,0.9933082281672128,4.241935483870968,-61.200527911619076,0.001288,-475.1593781958003,536.3897976285057
MT,2023-09-01,1883.888888888889,1.0,0.9933082281672128,4.341666666666667,-63.07935258306471,0.001288,-489.7465262660304,545.0414686876398
MT,2023-10-01,1883.888888888889,1.0,0.9933082281672128,4.5,-66.06217665713878,0.001288,-512.9050982697111,554.441604737623
MT,2023-11-01,1870.5555555555554,1.0,0.9919484711550968,4.5,-65.62005276455993,0.001288,-509.47245935217336,555.3315021195291
MT,2023-12-01,1870.5555555555554,1.0,0.9919484711550968,4.5,-65.62005276455993,0.001288,-509.47245935217336,555.2130980566468
MT,2024-01-01,1871.5555555555554,1.0,0.993211308358037,4.5,-65.63149858001913,0.001288,-509.5613243790305,549.4548720408698
MT,2024-02-01,1872.5555555555554,1.0,0.9945276491583784,4.5,-65.64191725414872,0.001288,-509.64221470612364,544.519821060891
MT,2024-03-01,1874.5555555555554,1.0,0.9970737047269153,4.5,-65.664299475058,0.001288,-509.8159897131832,539.1492117432167
MT,2024-04-01,1874.5555555555554,1.0,0.9970737047269153,4.5,-65.664299475058,0.001288,-509.8159897131832,531.3613887169702
MT,2024-05-01,1875.5555555555554,1.0,0.9984122299670789,4.5,-65.67422395350634,0.001288,-509.8930431172853,528.8884212210896
MT,2024-06-01,1876.5555555555554,1.0,0.9997574950669518,4.341666666666667,-62.71278222127509,0.001288,-486.900483084434,499.9756637681886
MT,2024-07-01,1865.2222222222222,1.0,1.0010807437158797,4.25,-60.599563950268355,0.001288,-470.4935089306549,484.42817793564734
MT,2024-08-01,1866.2222222222222,1.0,1.0023246517138302,4.25,-60.608839055349456,0.001288,-470.5655206160672,481.26776797163706
MT,2024-09-01,1867.2222222222222,1.0,1.0034861474492063,3.99,-55.76485032457344,0.001288,-432.9569124578683,445.4621829340909
MT,2024-10-01,1823.3333333333333,1.0,1.0072847815209705,3.577419354838709,-46.86212038682677,0.001288,-363.8363384070401,399.4703293751685
MT,2024-11-01,1818.0,1.0,1.0067661573210798,3.4,-43.50899125990277,0.001288,-337.8027271731582,374.7758938694737
MT,2024-12-01,1818.0,1.0,1.0067661573210798,3.287096774193548,-41.45641061474147,0.001288,-321.8665420399183,358.27118583367826
MT,2025-01-01,1818.0,1.0,1.0067661573210798,3.0,-36.23699125990277,0.001288,-281.34309984396566,323.21853204299055
MT,2025-02-01,1818.0,1.0,1.0067661573210798,2.7857142857142856,-32.34127697418848,0.001288,-251.09687091761245,295.25023223719734
MT,2025-03-01,1818.0,1.0,1.0067661573210798,2.588709677419355,-28.759733195386644,0.001288,-223.2898540014491,268.5441625642984
MT,2025-04-01,1818.0,1.0,1.0067661573210798,2.433333333333333,-25.934991259902766,0.001288,-201.35862779427615,246.74335737667897
MT,2025-05-01,1818.0,1.0,1.0067661573210798,2.25,-22.60199125990277,0.001288,-175.4812986017296,223.8332237013055
MT,2025-06-01,1818.0,1.0,1.0067661573210798,2.083333333333333,-19.571991259902763,0.001288,-151.95645388123265,203.44230300290442
MT,2025-07-01,1783.4444444444443,1.0,1.0104246416094664,2.0,-17.64852675280717,0.001288,-137.02272323608054,193.0411897570795
MT,2025-08-01,1783.4444444444443,1.0,1.0104246416094664,2.0,-17.64852675280717,0.001288,-137.02272323608054,191.8868246432778
MT,2025-09-01,1783.4444444444443,1.0,1.0104246416094664,2.0,-17.64852675280717,0.001288,-137.02272323608054,189.45740826435843
MT,2025-10-01,1783.4444444444443,1.0,1.0104246416094664,2.0,-17.64852675280717,0.001288,-137.02272323608054,184.3092572968796
MT,2025-11-01,1740.5555555555554,1.0,1.0093061418385292,2.0,-17.243576986777153,0.001288,-133.87870331348722,185.21806273431008
MT,2025-12-01,1740.5555555555554,1.0,1.0093061418385292,2.0,-17.243576986777153,0.001288,-133.87870331348722,184.9202324937903
MT,2026-01-01,1740.5555555555554,1.0,1.0093061418385292,2.0,-17.243576986777153,0.001273,-135.45622142008762,185.7307157660727
MT,2026-02-01,1740.5555555555554,1.0,1.0093061418385292,2.0,-17.243576986777153,0.001273,-135.45622142008762,181.62994062399605
MT,2026-03-01,1740.5555555555554,1.0,1.0093061418385292,2.0,-17.243576986777153,0.001273,-135.45622142008762,177.45823943947084
MT,2026-04-01,1740.5555555555554,1.0,1.0093061418385292,2.0,-17.243576986777153,0.001273,-135.45622142008762,173.1953064422044
MT,2026-05-01,1740.5555555555554,1.0,1.0093061418385292,2.0,-17.243576986777153,0.001273,-135.45622142008762,169.49174167762095
MT,2026-06-01,1740.5555555555554,1.0,1.0093061418385292,2.1166666666666667,-19.274225134925302,0.001273,-151.40789579674237,176.52945669045835
MT,2026-07-01,1715.0,1.0,1.0111922899368204,2.25,-21.24555222758353,0.001273,-166.89357602186593,185.88611636147382
MT,2026-08-01,1715.0,1.0,1.0111922899368204,2.25,-21.24555222758353,0.001273,-166.89357602186593,184.93376537727792
NL,2015-03-01,2210.6666666666665,1.0,0.07836834489713623,0.05,0.6271295445260249,0.059077,0.10615460238773547,-1.6507403095561188
NL,2015-04-01,4456.888888888889,1.0,0.09998511809442664,0.05,2.2277811744484906,0.059077,0.3770978848703371,-3.430756553190664
NL,2015-05-01,6827.555555555555,1.0,0.2144942120805113,0.05,11.230933715470284,0.059077,1.9010670337813842,-5.728269278936473
NL,2015-06-01,9194.666666666666,1.0,0.32232131097761785,0.05,25.0390368066887,0.059077,4.2383731074172175,-8.167128006464056
NL,2015-07-01,11556.444444444443,1.0,0.3633858553305578,0.05,36.216262268022945,0.059077,6.130348912101654,-10.109588391339583
NL,2015-08-01,13523.555555555555,1.0,0.3708032868556968,0.05,43.38401072197841,0.059077,7.343638086222796,-11.707236332544117
NL,2015-09-01,15837.333333333332,1.0,0.3771163485528664,0.05,51.80650650814596,0.059077,8.769319110338365,-13.676902799365593
NL,2015-10-01,18256.0,1.0,0.365661860090916,0.05,57.62722917819763,0.059077,9.754596404387092,-16.326158665902156
NL,2015-11-01,20818.666666666664,1.0,0.34998581748305674,0.05,62.45304738907264,0.059077,10.571465610825301,-19.27679120506793
NL,2015-12-01,22766.222222222223,1.0,0.3425527562445075,0.05,66.60321060386067,0.059077,11.273966281947404,-20.995075732464358
NL,2016-01-01,25290.666666666664,1.0,0.3244925634010687,0.05,69.42099923455294,0.059077,11.750935090568738,-23.652742602912106
NL,2016-02-01,27774.22222222222,1.0,0.29339658364524923,0.05,67.60150802292851,0.059077,11.442948697958345,-26.734268789569278
NL,2016-03-01,30226.666666666664,1.0,0.2648502617874326,0.0241935483870967,72.74250257047487,0.059077,12.313167996085594,-29.382026628629575
NL,2016-04-01,33981.33333333333,1.0,0.24357914890641275,0.0,82.77144252038447,0.059077,14.010772808433817,-32.186596421492084
NL,2016-05-01,37852.444444444445,1.0,0.22870648621493395,0.0,86.57099563534886,0.059077,14.653925493059713,-35.17923079355633
NL,2016-06-01,41213.33333333333,1.0,0.21194815076509022,0.0,87.3508978686525,0.059077,14.785940022115627,-38.26195774708754
NL,2016-07-01,44621.33333333333,1.0,0.18519856943123877,0.0,82.63807099447781,0.059077,13.988196928496338,-40.85810028180372
NL,2016-08-01,47212.444444444445,1.0,0.1661843916783324,0.0,78.45971359647065,0.059077,13.280923810699704,-42.690859557429995
NL,2016-09-01,50627.555555555555,1.0,0.14591849451832306,0.0,73.8749668780943,0.059077,12.504860923556425,-45.0345963556845
NL,2016-10-01,54179.555555555555,1.0,0.13383418448231482,0.0,72.51076633392047,0.059077,12.273941861286197,-47.38998230736511
NL,2016-11-01,57584.88888888888,1.0,0.13536936490720683,0.0,77.9522983714096,0.059077,13.19503332454417,-49.78789576453241
NL,2016-12-01,60288.0,1.0,0.13666081342750588,0.0,82.39007119917474,0.059077,13.946217851139147,-51.55632336574303
NL,2017-01-01,63862.22222222222,1.0,0.14021408471327845,0.0,89.5438303664488,0.059077,15.157139050129288,-53.440874394728
NL,2017-02-01,67262.22222222222,1.0,0.1423330424791983,0.0,95.73636732800831,0.059077,16.20535357719727,-55.824330128239836
NL,2017-03-01,70701.33333333333,1.0,0.14396516275774648,0.0,101.78528960523019,0.059077,17.22925835862183,-58.23286069525817
NL,2017-04-01,73347.55555555555,1.0,0.14619062813464673,0.0,107.22725218807564,0.059077,18.150422700556163,-59.73420599298164
NL,2017-05-01,75696.0,1.0,0.15027357122599336,0.0,113.75108247522795,0.059077,19.254715451906485,-60.89262600802875
NL,2017-06-01,78051.55555555555,1.0,0.1514806325551812,0.0,118.23299007471422,0.059077,20.013370698362174,-61.925316744772864
NL,2017-07-01,80449.77777777777,1.0,0.15800731758039502,0.0,127.11653586605536,0.059077,21.517093939444344,-62.934879727126194
NL,2017-08-01,82382.22222222222,1.0,0.15945936206034322,0.0,131.36616600668987,0.059077,22.236431438070632,-64.05265740093742
NL,2017-09-01,84692.44444444444,1.0,0.16043521949891584,0.0,135.8765091434418,0.059077,22.99989998534824,-65.32283035959557
NL,2017-10-01,86980.44444444444,1.0,0.1613735921061188,0.0,140.36346762986702,0.059077,23.759410198531917,-66.57293634706039
NL,2017-11-01,89257.77777777777,1.0,0.1603342638897649,0.0,143.11080096436214,0.059077,24.224452995981878,-67.74931740822068
NL,2017-12-01,91362.66666666666,1.0,0.15953257092359774,0.0,145.75321099769016,0.059077,24.671735361932758,-68.92892548568426
NL,2018-01-01,92300.44444444444,1.0,0.16097359232064193,0.0,148.57934115014058,0.059077,25.150116145054856,-69.48754065795055
NL,2018-02-01,93298.66666666666,1.0,0.16403476929389108,0.0,153.04225262094312,0.059077,25.905555905164974,-69.93188753824705
NL,2018-03-01,94243.55555555555,1.0,0.16555330883100547,0.0,156.02332458220909,0.059077,26.41016378323359,-70.60284258085976
NL,2018-04-01,95390.22222222222,1.0,0.16842051326212257,0.0,160.65670186854598,0.059077,27.19445839642263,-71.02237021694371
NL,2018-05-01,96433.77777777777,1.0,0.17059427012360298,0.0,164.51049935261722,0.059077,27.84679305865518,-71.62568228347129
NL,2018-06-01,97574.22222222222,1.0,0.1715567390035797,0.0,167.39515375255064,0.059077,28.33508027701993,-72.58833255417832
NL,2018-07-01,98215.11111111111,1.0,0.17173461595960463,0.0,168.66934388096564,0.059077,28.550763221044676,-73.53044498830072
NL,2018-08-01,99343.11111111111,1.0,0.17199487330740143,0.0,170.86505809518658,0.059077,28.92243311190253,-74.30026174355663
NL,2018-09-01,101011.55555555555,1.0,0.17361106793835468,0.0,175.36724034114442,0.059077,29.684520260193377,-74.70856518583089
NL,2018-10-01,101456.88888888889,1.0,0.1741461190784929,0.0,176.68323453777867,0.059077,29.907279404468518,-75.90954068978198
NL,2018-11-01,101819.55555555555,1.0,0.17431008264181286,0.0,177.48175143441543,0.059077,30.042444848996297,-76.85711602789611
NL,2018-12-01,102384.88888888888,1.0,0.17401566480494887,0.0,178.16574505980822,0.059077,30.158224869205988,-78.13203775949265
NL,2019-01-01,99850.66666666666,1.0,0.17401566480494887,0.0,173.75580141217347,0.059077,29.411751004988993,-79.53854099617328
NL,2019-02-01,100154.66666666666,1.0,0.17343887102776503,0.0,173.70712314828796,0.059077,29.403511205424778,-79.72627177863576
NL,2019-03-01,100387.55555555555,1.0,0.17282333273850084,0.0,173.49311916582516,0.059077,29.367286620144075,-80.24593269565005
NL,2019-04-01,101320.88888888889,1.0,0.17078682974471054,0.0,173.042734002494,0.059077,29.291049647492933,-80.53758327372205
NL,2019-05-01,101915.55555555555,1.0,0.16896729361273916,0.0,172.20395599260985,0.059077,29.149069179648567,-80.80293714518778
NL,2019-06-01,101832.88888888889,1.0,0.16896729361273916,0.0,172.0642763632233,0.059077,29.12542552316863,-80.58093650044721
NL,2019-07-01,99145.77777777777,1.0,0.16896729361273916,0.0,167.52393744241166,0.059077,28.35687957113795,-81.3321228166637
NL,2019-08-01,99112.0,1.0,0.16896729361273916,0.0,167.466864045458,0.059077,28.34721872225367,-81.20747689912233
NL,2019-09-01,99586.66666666666,1.0,0.165424755894949,0.0,164.74100023724986,0.059077,27.8858100846776,-81.35586088095147
NL,2019-10-01,101002.66666666666,1.0,0.1566185203101165,0.0,158.1888820070926,0.059077,26.776729015876327,-82.16279648510697
NL,2019-11-01,101470.22222222222,1.0,0.15428357739413967,0.0,156.55188883422773,0.059077,26.499634178145087,-82.56885104319434
NL,2019-12-01,102010.66666666666,1.0,0.15184096903657116,0.0,154.89398478733312,0.059077,26.21899974394995,-82.95068446320435
NL,2020-01-01,98571.55555555555,1.0,0.15184096903657116,0.0,149.67200514997762,0.059077,25.335072050032604,-83.58471454914768
NL,2020-02-01,98694.22222222222,1.0,0.15107152623408937,0.0,149.0988678159749,0.059077,25.238056742213534,-83.6481835863413
NL,2020-03-01,100052.44444444444,1.0,0.14371851668366753,0.0,143.79388906130606,0.059077,24.340079736836003,-79.56806507019394
NL,2020-04-01,105245.77777777777,1.0,0.11459404385357494,0.0,120.60539274070268,0.059077,20.414948751748174,-87.74420068497999
NL,2020-05-01,111939.22222222222,1.0,0.07393118743454269,0.0,82.75799619388037,0.059077,14.008496740504828,-98.39148887993235
NL,2020-06-01,118606.22222222222,1.0,0.03827180380597724,0.0,45.39274067057028,0.059077,7.683657035829557,-100.82918507077808
NL,2020-07-01,120691.88888888889,1.0,0.011545653270848246,0.0,13.93466701714853,0.059077,2.358729626952711,-106.72234840727997
NL,2020-08-01,124183.0,1.0,-0.00664040357162978,0.0,-8.24625236735701,0.059077,-1.3958481925888264,-110.58824743886638
NL,2020-09-01,129211.0,1.0,-0.03179215070687736,0.0,-41.078955849863306,0.059077,-6.953460035185149,-115.90207151230481
NL,2020-10-01,134773.11111111112,1.0,-0.05991616693969862,0.0,-80.75088224315886,0.059077,-13.668751331848071,-121.38859154425454
NL,2020-11-01,140066.77777777775,1.0,-0.08509823926140901,0.0,-119.19436167907938,0.059077,-20.176102659085494,-126.22802778520344
NL,2020-12-01,144345.55555555556,1.0,-0.10400779802190022,0.0,-150.130633875812,0.059077,-25.412704415561386,-129.95654459652033
NL,2021-01-01,147784.44444444444,1.0,-0.11834392299092376,0.0,-174.89390912589784,0.059077,-29.60439919527021,-132.85763290011963
NL,2021-02-01,151481.88888888888,1.0,-0.13127610628219508,0.0,-198.8595254560544,0.059077,-33.661073760694414,-136.16407516959217
NL,2021-03-01,156358.11111111112,1.0,-0.14654530341677624,0.0,-229.1354683445179,0.059077,-38.78590117042468,-141.00116264650524
NL,2021-04-01,162392.3333333333,1.0,-0.16263726567113437,0.0,-264.1104505928874,0.059077,-44.706137852783215,-146.00384982689638
NL,2021-05-01,167764.0,1.0,-0.17282729498289026,0.0,-289.941983155096,0.059077,-49.078657202480834,-151.02489090539189
NL,2021-06-01,173151.3333333333,1.0,-0.18241209441256828,0.0,-315.84897363662077,0.059077,-53.46394936043143,-155.50928188357403
NL,2021-07-01,174760.22222222222,1.0,-0.19729414420114647,0.0,-344.79168483735515,0.059077,-58.36309982520357,-160.0916982476198
NL,2021-08-01,178906.0,1.0,-0.20784584313532822,0.0,-371.8486841196903,0.059077,-62.94305467774096,-163.55588260727365
NL,2021-09-01,184040.11111111112,1.0,-0.21648024546063088,0.0,-398.4104842793511,0.059077,-67.43918687126143,-167.7562385894331
NL,2021-10-01,188680.11111111112,1.0,-0.21982438358521075,0.0,-414.76489119789073,0.059077,-70.2075073544511,-171.34299836695652
NL,2021-11-01,193403.44444444444,1.0,-0.22458156067618387,0.0,-434.34847393482954,0.059077,-73.52243240767635,-175.1138548582581
NL,2021-12-01,197149.77777777775,1.0,-0.22874514769765444,0.0,-450.9705503633752,0.059077,-76.33606147288711,-178.42767966737563
NL,2022-01-01,193747.3333333333,1.0,-0.2321972850131767,0.0,-449.8760477854295,0.059077,-76.15079435066599,-180.16099382711283
NL,2022-02-01,194456.11111111112,1.0,-0.23080800791304934,0.0,-448.8202763207414,0.059077,-75.97208326772541,-183.07683707013373
NL,2022-03-01,196738.3333333333,1.0,-0.22529508774172197,0.0,-443.24180070493475,0.059077,-75.02781128102895,-185.13940752605896
NL,2022-04-01,200257.44444444444,1.0,-0.20758424404442252,0.0,-415.7029021926794,0.059077,-70.36628505047301,-184.47627718360937
NL,2022-05-01,202806.88888888888,1.0,-0.1928326842350819,0.0,-391.07796765810446,0.059077,-66.19800728847173,-182.6635688457912
NL,2022-06-01,204561.88888888888,1.0,-0.17639168372609007,0.0,-360.83016007300466,0.059077,-61.07794235878678,-181.35488370360648
NL,2022-07-01,197987.44444444444,1.0,-0.17290265175712682,0.0806451612903225,-501.99283549742256,0.059077,-84.97263495055986,-187.47153706574255
NL,2022-08-01,196599.55555555556,1.0,-0.17050865224687653,0.5,-1318.2170302789048,0.059077,-223.13540468861058,-209.40491378060017
NL,2022-09-01,199845.22222222222,1.0,-0.13396377943261795,0.925,-2116.2885182599584,0.059077,-358.22545462023436,-228.78487960677853
NL,2022-10-01,201487.44444444444,1.0,-0.11321824569790892,1.25,-2746.713605457104,0.059077,-464.9378955358438,-247.86469152950525
NL,2022-11-01,203446.22222222222,1.0,-0.09002945799231288,1.975,-4201.224420061392,0.059077,-711.1438326356098,-294.52967367363493
NL,2022-12-01,205911.44444444444,1.0,-0.06022619780424062,2.177419354838709,-4607.568278993969,0.059077,-779.9259066970172,-307.90867122920264
NL,2023-01-01,200135.66666666666,1.0,-0.05885845830373596,2.5,-5121.188434582571,0.059077,-866.8667052461315,-307.76575179606016
NL,2023-02-01,199278.0,1.0,-0.05255533114760664,2.875,-5833.973712804328,0.059077,-987.5203061774172,-326.4206822167963
NL,2023-03-01,199597.55555555556,1.0,-0.038742528522070455,3.161290322580645,-6387.187347775771,0.059077,-1081.1631172496523,-344.76242887680996
NL,2023-04-01,200059.88888888888,1.0,-0.03247105252959072,3.5,-7067.057662722862,0.059077,-1196.2451821729035,-370.02996921423176
NL,2023-05-01,200646.88888888888,1.0,-0.02344342747901101,3.6774193548387095,-7425.666034767279,0.059077,-1256.9470411102932,-383.2286969664772
NL,2023-06-01,201529.11111111112,1.0,-0.011429906588792761,3.8333333333333335,-7748.317181741818,0.059077,-1311.5623985208824,-397.0891169045119
NL,2023-07-01,192970.77777777775,1.0,-0.012985467221207747,4.0,-7743.889268205954,0.059077,-1310.8128828826707,-363.8287575455995
NL,2023-08-01,194108.77777777775,1.0,0.003892867596110955,4.241935483870968,-8226.41272415248,0.059077,-1392.489924023305,-380.94074819899913
NL,2023-09-01,193678.22222222222,1.0,0.0040223398999234185,4.341666666666667,-8401.072418404909,0.059077,-1422.054677523386,-387.26668256971584
NL,2023-10-01,196988.22222222222,1.0,0.05637035382512917,4.5,-8753.427042139501,0.059077,-1481.6979606512689,-414.3512576439348
NL,2023-11-01,197465.88888888888,1.0,0.06451869523478447,4.5,-8758.56258495512,0.059077,-1482.5672571313912,-417.76329565968877
NL,2023-12-01,198855.88888888888,1.0,0.08020729210268518,4.5,-8789.018076335498,0.059077,-1487.7224768243984,-423.03691941557827
NL,2024-01-01,189613.77777777775,1.0,0.08053386916546176,4.5,-8379.916688284755,0.059077,-1418.4736341189896,-359.45743769908927
NL,2024-02-01,188861.77777777775,1.0,0.08128166929966311,4.5,-8345.2699943532,0.059077,-1412.6089670012357,-358.446931234221
NL,2024-03-01,188653.77777777775,1.0,0.08148956017017232,4.5,-8335.686866244474,0.059077,-1410.9868250324955,-362.02162357609564
NL,2024-04-01,188887.77777777775,1.0,0.08464622661516899,4.5,-8340.063623573866,0.059077,-1411.7276814282827,-370.5503029981294
NL,2024-05-01,190501.77777777775,1.0,0.10724942472698556,4.5,-8368.267939238653,0.059077,-1416.501843228101,-377.72037888972613
NL,2024-06-01,190013.22222222222,1.0,0.10783889049557163,4.341666666666667,-8044.832580842152,0.059077,-1361.7537418694503,-374.87759501682774
NL,2024-07-01,182247.22222222222,1.0,0.10707929589642314,4.25,-7550.357902098099,0.059077,-1278.0537099206288,-323.1320230543265
NL,2024-08-01,180409.22222222222,1.0,0.10859175883053909,4.25,-7471.482396940837,0.059077,-1264.7024048175833,-312.86911622987907
NL,2024-09-01,179747.44444444444,1.0,0.10871813890845099,3.99,-6976.504956997831,0.059077,-1180.917270172458,-302.49817478049886
NL,2024-10-01,179235.22222222222,1.0,0.10903182570282145,3.577419354838709,-6216.57209537455,0.059077,-1052.2829689006805,-288.97630111847195
NL,2024-11-01,178771.66666666666,1.0,0.10918021758751273,3.4,-5883.053372015176,0.059077,-995.8280501743785,-283.24942913174664
NL,2024-12-01,179242.66666666666,1.0,0.11491298930168622,3.287096774193548,-5685.90680760777,0.059077,-962.4569303803121,-282.31920250671556
NL,2025-01-01,177388.55555555556,1.0,0.11627537720120876,3.0,-5115.397454582669,0.059077,-865.886462512089,-261.3248306251328
NL,2025-02-01,175823.55555555556,1.0,0.11755219293470832,2.7857142857142856,-4691.257459510573,0.059077,-794.0920255785794,-247.7449224237696
NL,2025-03-01,175070.55555555556,1.0,0.11817466712274693,2.588709677419355,-4325.179367720773,0.059077,-732.1257626014817,-240.2917460357342
NL,2025-04-01,173153.55555555556,1.0,0.11884862908165549,2.433333333333333,-4007.6125582012646,0.059077,-678.3710341082425,-230.26904893728738
NL,2025-05-01,172076.11111111112,1.0,0.11929176241936014,2.25,-3666.4398743528595,0.059077,-620.6205247986288,-221.3060024955937
NL,2025-06-01,172076.11111111112,1.0,0.11929176241936014,2.083333333333333,-3379.6463558343403,0.059077,-572.0748101349662,-216.67605325082917
NL,2025-07-01,163127.77777777775,1.0,0.11877606065563111,2.0,-3068.7988072760386,0.059077,-519.4574550630598,-189.39354206989975
NL,2025-08-01,163127.77777777775,1.0,0.11877606065563111,2.0,-3068.7988072760386,0.059077,-519.4574550630598,-190.54790718370145
NL,2025-09-01,162828.3333333333,1.0,0.1187307016751808,2.0,-3063.2394439739974,0.059077,-518.516418229429,-192.03628672898998
NL,2025-10-01,162828.3333333333,1.0,0.1187307016751808,2.0,-3063.2394439739974,0.059077,-518.516418229429,-197.18443769646882
NL,2025-11-01,162608.55555555556,1.0,0.11869157897373336,2.0,-3059.1684489758422,0.059077,-517.8273184108608,-198.7305523630635
NL,2025-12-01,162608.55555555556,1.0,0.11869157897373336,2.0,-3059.1684489758422,0.059077,-517.8273184108608,-199.02838260358328
NL,2026-01-01,156607.88888888888,1.0,0.11892766687936289,2.0,-2945.907669373197,0.058378,-504.6263437207848,-183.43940653462448
NL,2026-02-01,156607.88888888888,1.0,0.11892766687936289,2.0,-2945.907669373197,0.058378,-504.6263437207848,-187.54018167670114
NL,2026-03-01,156607.88888888888,1.0,0.11892766687936289,2.0,-2945.907669373197,0.058378,-504.6263437207848,-191.71188286122634
NL,2026-04-01,155345.3333333333,1.0,0.11906697040823423,2.0,-2921.941684596093,0.058378,-500.52103268287595,-191.86950482058393
NL,2026-05-01,155345.3333333333,1.0,0.11906697040823423,2.0,-2921.941684596093,0.058378,-500.52103268287595,-195.5730695851674
NL,2026-06-01,155345.3333333333,1.0,0.11906697040823423,2.1166666666666667,-3103.1779068183155,0.058378,-531.5663275237788,-203.62897503657808
NL,2026-07-01,147092.3333333333,1.0,0.11869614307438116,2.25,-3134.9845735752206,0.058378,-537.0147270504677,-184.235034667128
NL,2026-08-01,147092.3333333333,1.0,0.11869614307438116,2.25,-3134.9845735752206,0.058378,-537.0147270504677,-185.1873856513239
PT,2015-03-01,954.6666666666666,1.0,1.7890113296323533,0.05,16.601761493556864,0.023254,7.139314308745534,5.382419396801679
PT,2015-04-01,1918.2222222222222,1.0,1.845359808092336,0.05,34.43899080767343,0.023254,14.809921221154823,11.002066783093822
PT,2015-05-01,2961.777777777778,1.0,2.0635883360098286,0.05,59.638011871864435,0.023254,25.646345519852254,18.017009207134397
PT,2015-06-01,3996.4444444444443,1.0,2.3000980524097945,0.05,89.92391861008387,0.023254,38.67030128583636,26.264800171955088
PT,2015-07-01,5027.555555555556,1.0,2.4003234412704884,0.05,118.16381674511896,0.023254,50.81440472396962,34.574467420528386
PT,2015-08-01,5886.222222222222,1.0,2.426970466622285,0.05,139.91376382198018,0.023254,60.167611517149815,41.1167370983829
PT,2015-09-01,6906.666666666666,1.0,2.4618486380627433,0.05,166.57834593553346,0.023254,71.634276225825,49.18805431612105
PT,2015-10-01,7959.11111111111,1.0,2.461575108208008,0.05,191.93994239017337,0.023254,82.5406133956194,56.45985832533015
PT,2015-11-01,9068.444444444443,1.0,2.4813072864365013,0.05,220.48175054422387,0.023254,94.81454826878122,64.96629145288799
PT,2015-12-01,9973.333333333332,1.0,2.4847934176588877,0.05,242.83006352117974,0.023254,104.42507246975993,72.15603045534817
PT,2016-01-01,11037.333333333332,1.0,2.5080772964791254,0.05,271.3061848033893,0.023254,116.67075978472062,81.26708209123977
PT,2016-02-01,12116.444444444443,1.0,2.5729591755426684,0.05,305.692946860641,0.023254,131.45822089130513,93.2810034037775
PT,2016-03-01,13194.666666666666,1.0,2.595803166885153,0.0241935483870967,339.3153171287569,0.023254,145.91696788886077,104.2217732641456
PT,2016-04-01,14443.555555555555,1.0,2.6426220588210185,0.0,381.6885851891798,0.023254,164.13889446511558,117.94152523518969
PT,2016-05-01,15733.333333333332,1.0,2.685064296459203,0.0,422.4501159762479,0.023254,181.66771995194284,131.8345636653268
PT,2016-06-01,17011.555555555555,1.0,2.7244416436110224,0.0,463.46990378157994,0.023254,199.30760461923967,146.2597068500365
PT,2016-07-01,17863.11111111111,1.0,2.74041793774768,0.0,489.5239011286877,0.023254,210.51169739773275,155.66540018743268
PT,2016-08-01,18504.888888888887,1.0,2.746107503333273,0.0,508.1641422612629,0.023254,218.52762632719654,162.55584295906684
PT,2016-09-01,19413.333333333332,1.0,2.7692317296299627,0.0,537.6001864454968,0.023254,231.1861126883533,173.64665540911236
PT,2016-10-01,20320.888888888887,1.0,2.7931860207892543,0.0,567.6002277445612,0.023254,244.08713672682597,184.42321255817467
PT,2016-11-01,21230.222222222223,1.0,2.822508823252203,0.0,599.2248954182721,0.023254,257.68680460061586,194.70387551153928
PT,2016-12-01,21875.555555555555,1.0,2.847639234099351,0.0,622.9369026772002,0.023254,267.8837630847167,202.3812218678345
PT,2017-01-01,22487.11111111111,1.0,2.8751716945335146,0.0,646.5430535849675,0.023254,278.03519978711944,209.43718634226215
PT,2017-02-01,23070.222222222223,1.0,2.9020176892302176,0.0,669.5019298336094,0.023254,287.9082866748127,215.8786029693756
PT,2017-03-01,23659.555555555555,1.0,2.9262717310414494,0.0,692.342885912269,0.023254,297.73066393406253,222.26854488018253
PT,2017-04-01,24127.11111111111,1.0,2.9402308588405766,0.0,709.3927662356423,0.023254,305.0626843707071,227.17805567716925
PT,2017-05-01,24575.11111111111,1.0,2.9439166039845963,0.0,723.4707764476634,0.023254,311.1167009751713,230.96935951523605
PT,2017-06-01,25027.555555555555,1.0,2.9415853772166707,0.0,736.2069144970006,0.023254,316.5936675397784,234.65498009664333
PT,2017-07-01,25487.11111111111,1.0,2.939927551463606,0.0,749.3026016276974,0.023254,322.2252522695869,237.77327860301637
PT,2017-08-01,25855.11111111111,1.0,2.93570377764653,0.0,759.0294736035966,0.023254,326.40813348395824,240.11904464495018
PT,2017-09-01,26294.22222222222,1.0,2.927228825169875,0.0,769.6920522431117,0.023254,330.99339994973406,242.67066960479025
PT,2017-10-01,26728.888888888887,1.0,2.91393508524912,0.0,778.862471230587,0.023254,334.93698771419406,244.60464116860174
PT,2017-11-01,27162.666666666664,1.0,2.895528319499211,0.0,786.5027056645056,0.023254,338.22254479423134,246.24877439002879
PT,2017-12-01,27621.333333333332,1.0,2.8742504287735233,0.0,793.9062917662974,0.023254,341.4063351536498,247.8056743060328
PT,2018-01-01,28031.11111111111,1.0,2.8560768712600986,0.0,800.590081201664,0.023254,344.2805888026421,249.64293199963672
PT,2018-02-01,28465.777777777777,1.0,2.8401692229510305,0.0,808.4762595180781,0.023254,347.6719100017537,251.83446655834166
PT,2018-03-01,28876.44444444444,1.0,2.822169492663993,0.0,814.9422056771774,0.023254,350.45248373491756,253.43947737082422
PT,2018-04-01,29430.22222222222,1.0,2.796379198362882,0.0,822.9806122541926,0.023254,353.90926819222176,255.6924395788554
PT,2018-05-01,29935.11111111111,1.0,2.776557643882684,0.0,831.1656157603301,0.023254,357.4290942462931,257.95661890416665
PT,2018-06-01,30486.22222222222,1.0,2.756086097443171,0.0,840.2265323022971,0.023254,361.32559228618607,260.40217945498785
PT,2018-07-01,31053.333333333332,1.0,2.73400685508675,0.0,849.000262066272,0.023254,365.0985903785464,263.017382169201
PT,2018-08-01,31552.888888888887,1.0,2.7160887572415526,0.0,857.00446769603,0.023254,368.54066728134086,265.3179724258817
PT,2018-09-01,32038.22222222222,1.0,2.700133010000583,0.0,865.0746140395645,0.023254,372.01110090288313,267.61801545685887
PT,2018-10-01,32273.777777777777,1.0,2.693070207956235,0.0,869.1554943153332,0.023254,373.766016304865,267.9491962106145
PT,2018-11-01,32456.888888888887,1.0,2.6873097693661907,0.0,872.2171459434408,0.023254,375.08262920075714,268.18306832386475
PT,2018-12-01,32752.0,1.0,2.676471059983062,0.0,876.5978015656525,0.023254,376.96645805695897,268.67619542826037
PT,2019-01-01,33145.777777777774,1.0,2.6617809518313695,0.0,882.2679992252438,0.023254,379.4048332438478,270.45454124268554
PT,2019-02-01,33482.666666666664,1.0,2.6483759194495713,0.0,886.7468811895684,0.023254,381.3309027219267,272.2011197378662
PT,2019-03-01,33824.0,1.0,2.6328090519593803,0.0,890.5213337347408,0.023254,382.95404392136436,273.3408246055702
PT,2019-04-01,34261.33333333333,1.0,2.6115461220986864,0.0,894.7505220459711,0.023254,384.7727367532343,274.9441038320193
PT,2019-05-01,34652.444444444445,1.0,2.591156447730744,0.0,897.8990485185361,0.023254,386.1267087462527,276.1747024214163
PT,2019-06-01,33949.33333333333,1.0,2.591156447730744,0.0,879.6803396282692,0.023254,378.2920528202757,268.5856907966599
PT,2019-07-01,34409.777777777774,1.0,2.560211720469197,0.0,880.9631636540716,0.023254,378.8437101806449,269.1547077928433
PT,2019-08-01,34760.88888888889,1.0,2.5348089130824625,0.0,881.122109822247,0.023254,378.9120623644306,269.3573667430546
PT,2019-09-01,35121.777777777774,1.0,2.50955953792093,0.0,881.4019241096158,0.023254,379.0323918937025,269.7907209280734
PT,2019-10-01,35682.666666666664,1.0,2.4710181349713953,0.0,881.7251643747263,0.023254,379.1713960500242,270.23187054904093
PT,2019-11-01,36153.777777777774,1.0,2.4416059351873844,0.0,882.7327840166798,0.023254,379.6047062942633,270.53622107292387
PT,2019-12-01,36612.444444444445,1.0,2.4142946270331382,0.0,883.9322790477149,0.023254,380.12052939180995,270.95084518465563
PT,2020-01-01,36878.22222222222,1.0,2.3985672282792274,0.0,884.5489525942096,0.023254,380.38571970164685,271.4659331024666
PT,2020-02-01,37132.444444444445,1.0,2.3829496173644515,0.0,884.8474428069563,0.023254,380.5140805052706,271.6278401767158
PT,2020-03-01,37787.22222222222,1.0,2.35175926679407,0.0,888.6645002751792,0.023254,382.1555432507006,278.24739844367065
PT,2020-04-01,39745.88888888888,1.0,2.2779349257666146,0.0,905.385484556392,0.023254,389.3461273571824,281.18697792045424
PT,2020-05-01,42414.88888888888,1.0,2.176004697718607,0.0,922.9499747543497,0.023254,396.89944730125984,284.49946168082266
PT,2020-06-01,45407.11111111111,1.0,2.056901917810037,0.0,933.9797392665788,0.023254,401.6426160086775,293.12977390206987
PT,2020-07-01,47782.777777777774,1.0,1.96754810462272,0.0,940.1491385027527,0.023254,404.29566461802386,295.2145865837912
PT,2020-08-01,49340.11111111111,1.0,1.9120465838494842,0.0,943.4059089675397,0.023254,405.6961851584844,296.50378591220687
PT,2020-09-01,51204.555555555555,1.0,1.8486503216409071,0.0,946.5931809725748,0.023254,407.0668190300915,298.11820755297185
PT,2020-10-01,53183.666666666664,1.0,1.7809630874399816,0.0,947.1814718804549,0.023254,407.31980385329615,299.59996364088965
PT,2020-11-01,55153.88888888888,1.0,1.7149247720530696,0.0,945.847703306181,0.023254,406.7462386282708,300.6943135021529
PT,2020-12-01,56864.11111111111,1.0,1.6602412638168804,0.0,944.0814369693462,0.023254,405.98668485823777,301.4428446772788
PT,2021-01-01,58561.88888888888,1.0,1.608963009195038,0.0,942.2391297081211,0.023254,405.1944309401054,301.941197235256
PT,2021-02-01,60241.777777777774,1.0,1.5634835123293973,0.0,941.8702630896703,0.023254,405.0358059214201,302.5328045125224
PT,2021-03-01,62239.88888888888,1.0,1.5137965311911048,0.0,942.1852790171978,0.023254,405.1712733367153,302.9560118606347
PT,2021-04-01,62855.555555555555,1.0,1.4618948543677912,0.0,918.882132350955,0.023254,395.1501386217231,293.85242664760995
PT,2021-05-01,65060.777777777774,1.0,1.4233504174937268,0.0,926.0428521246658,0.023254,398.22948831369473,296.2832546107837
PT,2021-06-01,67295.0,1.0,1.3839080039244802,0.0,931.300891240979,0.023254,400.4906215020981,298.44528897895555
PT,2021-07-01,69729.0,1.0,1.3392218020870308,0.0,933.8259703772658,0.023254,401.5764902284621,299.8478918060458
PT,2021-08-01,71567.11111111111,1.0,1.3042344600370757,0.0,933.4029251641339,0.023254,401.3945665967721,300.78173866723944
PT,2021-09-01,73865.66666666666,1.0,1.2657515842156608,0.0,934.9558460247925,0.023254,402.06237465588396,301.7453229377123
PT,2021-10-01,75925.88888888888,1.0,1.2364559669241222,0.0,938.7901836068455,0.023254,403.7112684298811,302.57577741737566
PT,2021-11-01,77948.77777777778,1.0,1.209888126852016,0.0,943.0930073595961,0.023254,405.5616269715301,303.9702045209483
PT,2021-12-01,78946.55555555556,1.0,1.1972986724093384,0.0,945.2260615795675,0.023254,406.47891183433705,304.3872936398485
PT,2022-01-01,79864.33333333333,1.0,1.1885704146813005,0.0,949.2438378824561,0.023254,408.20669041130816,304.19649093486134
PT,2022-02-01,81176.77777777778,1.0,1.184438396001804,0.0,961.48892463706,0.023254,413.4724884480347,306.3677346456264
PT,2022-03-01,81492.44444444444,1.0,1.1852354509895695,0.0,965.8773414335354,0.023254,415.35965486950005,305.24805862447
PT,2022-04-01,83199.33333333333,1.0,1.1951677562270662,0.0,994.3716053958774,0.023254,427.6131441454706,313.5031520123342
PT,2022-05-01,83254.66666666666,1.0,1.208072989040503,0.0,1005.7771401157073,0.023254,432.51790664647257,316.0523450891531
PT,2022-06-01,84092.0,1.0,1.221220995711032,0.0,1026.949159713321,0.023254,441.6225852383766,321.3456438935569
PT,2022-07-01,84529.55555555556,1.0,1.22562036738356,0.0806451612903225,967.84245293192,0.023254,416.2047187287864,313.7058166136037
PT,2022-08-01,84827.0,1.0,1.2282445639463522,0.5,617.7480162587722,0.023254,265.6523678759663,279.38285878397676
PT,2022-09-01,85204.33333333333,1.0,1.2360827171789806,0.925,265.05595528756913,0.023254,113.98295144386734,243.42352645732316
PT,2022-10-01,81961.44444444444,1.0,1.2328218069748338,1.25,-14.079495132881034,0.023254,-6.054655170242123,211.01854883609641
PT,2022-11-01,82296.33333333333,1.0,1.2398198554614763,1.975,-605.0263023499053,0.023254,-260.181604175585,156.43255478638986
PT,2022-12-01,82344.0,1.0,1.2428442887444835,2.177419354838709,-769.5664924246291,0.023254,-330.93940501618175,141.07783045163285
PT,2023-01-01,82119.88888888888,1.0,1.2617582651023977,2.5,-1016.8427368737608,0.023254,-437.276484421502,121.8244690285693
PT,2023-02-01,82992.22222222222,1.0,1.2828357070604393,2.875,-1321.3725281392733,0.023254,-568.23450939162,92.86511456900087
PT,2023-03-01,82692.22222222222,1.0,1.289014684035272,3.161290322580645,-1548.2263316384697,0.023254,-665.7892541663668,70.61143420647545
PT,2023-04-01,83197.77777777778,1.0,1.3003167474929351,3.5,-1830.0875842358225,0.023254,-786.9990471470811,39.2161658115906
PT,2023-05-01,82980.33333333333,1.0,1.3078256334078893,3.6774193548387095,-1966.2967686890324,0.023254,-845.5735652743753,28.144778869440756
PT,2023-06-01,83247.0,1.0,1.3134378222562533,3.8333333333333335,-2097.737416106337,0.023254,-902.097452527022,12.375829089348485
PT,2023-07-01,83006.88888888888,1.0,1.3131128033808532,4.0,-2230.3014698674365,0.023254,-959.1044421894884,-12.120316852417204
PT,2023-08-01,83159.88888888888,1.0,1.3166568585127438,4.241935483870968,-2432.6584545383153,0.023254,-1046.1247331806635,-34.575557356357535
PT,2023-09-01,82939.88888888888,1.0,1.3190790834298105,4.341666666666667,-2506.930783106,0.023254,-1078.0643257529887,-43.27633079931843
PT,2023-10-01,78871.77777777778,1.0,1.320279525858953,4.5,-2507.9020663190286,0.023254,-1078.482010113971,-11.135307106636901
PT,2023-11-01,78947.22222222222,1.0,1.322919283398175,4.5,-2508.216973515013,0.023254,-1078.6174307710555,-13.813469299353073
PT,2023-12-01,78767.88888888888,1.0,1.3218295468829926,4.5,-2503.3777712107008,0.023254,-1076.5364114606953,-11.850854051875103
PT,2024-01-01,78786.55555555556,1.0,1.3223369192049685,4.5,-2503.571288518956,0.023254,-1076.6196303943218,-17.603433974421478
PT,2024-02-01,75192.77777777778,1.0,1.3266297877859685,4.5,-2386.145211736292,0.023254,-1026.1224785999364,28.03955716707833
PT,2024-03-01,75362.44444444444,1.0,1.330783829183643,4.5,-2388.3987760558266,0.023254,-1027.0915868477796,21.8736146086203
PT,2024-04-01,75583.44444444444,1.0,1.3358275205376449,4.5,-2391.590548140829,0.023254,-1028.464155904717,12.713222525436322
PT,2024-05-01,75856.44444444444,1.0,1.3421767855293534,4.5,-2395.4124123386955,0.023254,-1030.107685705124,8.673778633251004
PT,2024-06-01,75975.44444444444,1.0,1.3449540800138258,4.341666666666667,-2276.7657064321033,0.023254,-979.0856224443551,7.790524408267515
PT,2024-07-01,76042.44444444444,1.0,1.3464173016577774,4.25,-2207.9552602853855,0.023254,-949.4948225188722,5.426864347430069
PT,2024-08-01,76082.44444444444,1.0,1.347149136840912,4.25,-2208.559895268089,0.023254,-949.7548358424739,2.078452745230379
PT,2024-09-01,76041.44444444444,1.0,1.3476080245415176,3.99,-2009.3130260227201,0.023254,-864.0719988056765,14.34709658628276
PT,2024-10-01,75706.0,1.0,1.3451614000553087,3.577419354838709,-1689.9532072483212,0.023254,-726.7365645688144,36.57010321339419
PT,2024-11-01,75714.66666666666,1.0,1.345718460611494,3.4,-1555.392419942876,0.023254,-668.8709125066122,43.70770853601971
PT,2024-12-01,75744.66666666666,1.0,1.3461862287121311,3.287096774193548,-1470.1362229730805,0.023254,-632.2078880936959,47.92983977990059
PT,2025-01-01,75604.66666666666,1.0,1.3477466175613897,3.0,-1249.1806622814363,0.023254,-537.1895855686919,67.37204631826432
PT,2025-02-01,75604.66666666666,1.0,1.3477466175613897,2.7857142857142856,-1087.1706622814363,0.023254,-467.5198513294213,78.82725182538854
PT,2025-03-01,75485.66666666666,1.0,1.3490774988757521,2.588709677419355,-935.7446141881621,0.023254,-402.40157142348073,89.43244514226677
PT,2025-04-01,75485.66666666666,1.0,1.3490774988757521,2.433333333333333,-818.4577450125346,0.023254,-351.96428356950827,96.13770160144685
PT,2025-05-01,75433.66666666666,1.0,1.3496603787959869,2.25,-679.1591887269645,0.023254,-292.0612319286852,107.25329037434994
PT,2025-06-01,75433.66666666666,1.0,1.3496603787959869,2.083333333333333,-553.4364109491866,0.023254,-237.99622041334246,117.40253647079462
PT,2025-07-01,75370.77777777778,1.0,1.349887831545707,2.0,-489.9945977919775,0.023254,-210.71411275134494,119.3498002418151
PT,2025-08-01,75370.77777777778,1.0,1.349887831545707,2.0,-489.9945977919775,0.023254,-210.71411275134494,118.1954351280134
PT,2025-09-01,75363.77777777778,1.0,1.349966444180788,2.0,-489.8898444885781,0.023254,-210.6690653171833,115.81106618325566
PT,2025-10-01,69365.0,1.0,1.3485861323411035,2.0,-451.8532293015936,0.023254,-194.3120449391905,127.01993559376962
PT,2025-11-01,69365.0,1.0,1.3485861323411035,2.0,-451.8532293015936,0.023254,-194.3120449391905,124.78472110860679
PT,2025-12-01,69365.0,1.0,1.3485861323411035,2.0,-451.8532293015936,0.023254,-194.3120449391905,124.48689086808702
PT,2026-01-01,69326.77777777778,1.0,1.348253043855531,2.0,-451.8351639597069,0.022979,-196.62960266317373,124.5573345229866
PT,2026-02-01,69195.22222222222,1.0,1.3471037868441302,2.0,-451.7729855736777,0.022979,-196.60254387644272,120.48361816764094
PT,2026-03-01,69192.55555555556,1.0,1.34708044590396,2.0,-451.7717252009881,0.022979,-196.60199538752258,116.31246547203588
PT,2026-04-01,69192.55555555556,1.0,1.34708044590396,2.0,-451.7717252009881,0.022979,-196.60199538752258,112.04953247476945
PT,2026-05-01,69192.55555555556,1.0,1.34708044590396,2.0,-451.7717252009881,0.022979,-196.60199538752258,108.34596771018599
PT,2026-06-01,69192.55555555556,1.0,1.34708044590396,2.1166666666666667,-532.4963733491363,0.022979,-231.73174348280446,96.20560900439625
PT,2026-07-01,63983.777777777774,1.0,1.3454076323790034,2.25,-578.7923702933571,0.022979,-251.87883297504553,100.90085940829422
PT,2026-08-01,63983.777777777774,1.0,1.3454076323790034,2.25,-578.7923702933571,0.022979,-251.87883297504553,99.94850842409832
SI,2015-03-01,185.77777777777777,1.0,0.7117145331843212,0.05,1.2293185549824277,0.004942,2.4874920173663044,0.73059710542245
SI,2015-04-01,380.4444444444444,1.0,0.8225451541457242,0.05,2.9391051197721767,0.004942,5.947197733250054,2.1393432951890525
SI,2015-05-01,585.7777777777777,1.0,1.0023589257715897,0.05,5.578706951853134,0.004942,11.288358866558344,3.6590225538404866
SI,2015-06-01,788.4444444444445,1.0,1.2112676008680907,0.05,9.155949884177746,0.004942,18.526810773326073,6.121309659444799
SI,2015-07-01,994.6666666666666,1.0,1.3837882436937277,0.05,13.266747063940278,0.004942,26.844894908822898,10.60495760538166
SI,2015-08-01,1165.3333333333333,1.0,1.4418636878574236,0.05,16.219851509165174,0.004942,32.82041988904325,13.769545470276338
SI,2015-09-01,1367.111111111111,1.0,1.492054604222881,0.05,19.714488722620366,0.004942,39.89172141363894,17.445499503934982
SI,2015-10-01,1584.888888888889,1.0,1.501179359244902,0.05,22.999580422521426,0.004942,46.539013400488514,20.458258330199264
SI,2015-11-01,1805.3333333333333,1.0,1.489081463928413,0.05,25.980217362120946,0.004942,52.57024961983194,22.721992803938708
SI,2015-12-01,1980.4444444444443,1.0,1.4749113772291629,0.05,28.219578208591773,0.004942,57.10153421406672,24.832492199654958
SI,2016-01-01,2204.4444444444443,1.0,1.4573229487296937,0.05,31.023652558663468,0.004942,62.77550092809281,27.371823234611966
SI,2016-02-01,2453.333333333333,1.0,1.4415457982106892,0.05,34.139256916102234,0.004942,69.0798399759252,30.902622488397576
SI,2016-03-01,2664.0,1.0,1.423375897334475,0.0241935483870967,37.27421777595816,0.004942,75.42334636980605,33.728151745090884
SI,2016-04-01,2873.777777777778,1.0,1.4033170620959499,0.0,40.32821388227739,0.004942,81.60302282937553,35.405653599449636
SI,2016-05-01,3088.8888888888887,1.0,1.3908927673083114,0.0,42.96313214574561,0.004942,86.93470689143183,37.10155060481579
SI,2016-06-01,3314.6666666666665,1.0,1.377835575316538,0.0,45.67065653649218,0.004942,92.41330743928,39.365409670076836
SI,2016-07-01,3512.8888888888887,1.0,1.3449475651462313,0.0,47.246513577403604,0.004942,95.60201047633267,40.75571326603261
SI,2016-08-01,3648.8888888888887,1.0,1.3191790868454338,0.0,48.13537912444894,0.004942,97.40060527003023,41.42882190190053
SI,2016-09-01,3843.555555555555,1.0,1.2828997554139578,0.0,49.3089648214218,0.004942,99.77532339421651,42.235866114975586
SI,2016-10-01,4043.555555555555,1.0,1.2431404648174902,0.0,50.26707532848678,0.004942,101.7140334449348,42.05010927628349
SI,2016-11-01,4235.555555555556,1.0,1.220463424916606,0.0,51.69340639757891,0.004942,104.60017482310585,41.61724573402927
SI,2016-12-01,4384.888888888889,1.0,1.2063885562460155,0.0,52.89879775965862,0.004942,107.03925082893285,41.53670961205067
SI,2017-01-01,4527.111111111111,1.0,1.194698531783321,0.0,54.08532997664403,0.004942,109.44016587746667,40.84215243260938
SI,2017-02-01,4662.222222222222,1.0,1.184623888618608,0.0,55.22979818492976,0.004942,111.75596557047706,39.72628186503995
SI,2017-03-01,4795.555555555556,1.0,1.1760193076900596,0.0,56.39665924433663,0.004942,114.11707657696607,38.65495752308607
SI,2017-04-01,4896.0,1.0,1.1701521349866433,0.0,57.29064852894606,0.004942,115.92603911158652,38.04141041804871
SI,2017-05-01,5001.777777777777,1.0,1.164034060742281,0.0,58.22239697597169,0.004942,117.81140626461288,37.66406480467765
SI,2017-06-01,5143.11111111111,1.0,1.153667835971318,0.0,59.33441865715596,0.004942,120.06155130950214,38.1228638663671
SI,2017-07-01,5290.666666666666,1.0,1.1518711240484127,0.0,60.94166160298801,0.004942,123.31376285509512,38.86178918852458
SI,2017-08-01,5416.0,1.0,1.149149904798864,0.0,62.23795884390647,0.004942,125.93678438669863,39.64769554769059
SI,2017-09-01,5557.333333333333,1.0,1.14375099190732,0.0,63.56205512359613,0.004942,128.61605650262268,40.29332615767888
SI,2017-10-01,5703.11111111111,1.0,1.1398539658152396,0.0,65.00713817484957,0.004942,131.54014199686276,41.20779545127046
SI,2017-11-01,5928.888888888889,1.0,1.1281935189081167,0.0,66.88934018770789,0.004942,135.34872559228629,43.37495518808373
SI,2017-12-01,6139.555555555556,1.0,1.11404858424227,0.0,68.3976317454343,0.004942,138.40071174713535,44.800050899518325
SI,2018-01-01,6235.555555555556,1.0,1.1108803351268763,0.0,69.26956045257812,0.004942,140.165035314808,45.527378511802596
SI,2018-02-01,6337.777777777777,1.0,1.1117729535574616,0.0,70.46169918990844,0.004942,142.5772950018382,46.73985155842617
SI,2018-03-01,6434.666666666666,1.0,1.1124441841686565,0.0,71.58207510397247,0.004942,144.84434460536718,47.83133824127384
SI,2018-04-01,6547.555555555555,1.0,1.1094637567352765,0.0,72.64275584099596,0.004942,146.9906026729987,48.77377405963236
SI,2018-05-01,6648.0,1.0,1.1079553903608301,0.0,73.656874351188,0.004942,149.0426433654148,49.57016802328832
SI,2018-06-01,6750.222222222222,1.0,1.106923523362902,0.0,74.71979765704779,0.004942,151.19343920891905,50.2700263777208
SI,2018-07-01,6853.333333333333,1.0,1.1028155807392777,0.0,75.57962779999849,0.004942,152.9332816673381,50.8520734579927
SI,2018-08-01,6885.333333333333,1.0,1.1015189953501958,0.0,75.84325455984548,0.004942,153.46672310774073,50.244028252281566
SI,2018-09-01,6954.666666666666,1.0,1.098505827534397,0.0,76.39741861892553,0.004942,154.58805871899133,50.19497327296706
SI,2018-10-01,6991.11111111111,1.0,1.097799179896194,0.0,76.74836044340945,0.004942,155.29817977217613,49.481359677925624
SI,2018-11-01,7019.555555555555,1.0,1.097609365550554,0.0,77.04729919780199,0.004942,155.90307405463778,49.003513177745376
SI,2018-12-01,7063.11111111111,1.0,1.0969735170159038,0.0,77.48045836629663,0.004942,156.77955962423437,48.48929699553574
SI,2019-01-01,7120.888888888889,1.0,1.0962653072406012,0.0,78.06383445603961,0.004942,157.96000496972806,49.00971296856579
SI,2019-02-01,6908.444444444444,1.0,1.0962653072406012,0.0,75.73487971443514,0.004942,153.2474296123738,44.11764662831325
SI,2019-03-01,6954.666666666666,1.0,1.093730132254181,0.0,76.06528493117077,0.004942,153.91599540908692,44.30277609329279
SI,2019-04-01,6999.11111111111,1.0,1.0903390585122397,0.0,76.31404219311443,0.004942,154.41934883268803,44.59071591147304
SI,2019-05-01,7032.888888888889,1.0,1.0870901426171966,0.0,76.4538418523312,0.004942,154.7022295676471,44.75022324281075
SI,2019-06-01,7058.666666666666,1.0,1.083906585989203,0.0,76.50935288302453,0.004942,154.81455459940213,45.10819257578629
SI,2019-07-01,7103.11111111111,1.0,1.0771841252571797,0.0,76.51358528826775,0.004942,154.82311875408286,45.134116366281205
SI,2019-08-01,7123.555555555555,1.0,1.0739538885293136,0.0,76.50370189043483,0.004942,154.80311997255123,45.24842435117523
SI,2019-09-01,7152.888888888889,1.0,1.068924592955865,0.0,76.45898844014086,0.004942,154.71264354540844,45.47097257977937
SI,2019-10-01,7219.555555555555,1.0,1.0582556914692538,0.0,76.40135756545136,0.004942,154.5960290680926,45.65650356710931
SI,2019-11-01,7259.555555555555,1.0,1.0523664567605335,0.0,76.39712757656245,0.004942,154.58746980283783,45.5189845814984
SI,2019-12-01,7296.888888888889,1.0,1.0470563762233678,0.0,76.40254037704557,0.004942,154.59842245456406,45.428738247409754
SI,2020-01-01,7035.555555555555,1.0,1.0470563762233678,0.0,73.66623304718182,0.004942,149.06158042732054,40.14179382814025
SI,2020-02-01,7063.11111111111,1.0,1.0431649167898276,0.0,73.67989714499528,0.004942,149.08922935045584,40.202989021901004
SI,2020-03-01,7177.222222222222,1.0,1.0270492515636218,0.0,73.71360711639127,0.004942,149.1574405430823,45.249295736052346
SI,2020-04-01,7662.888888888889,1.0,0.9725370992895739,0.0,74.52443732178305,0.004942,150.7981329862061,42.63898354947794
SI,2020-05-01,8191.444444444444,1.0,0.9490255166075195,0.0,77.73889795650685,0.004942,157.3025049706735,44.90251935023633
SI,2020-06-01,8783.888888888889,1.0,0.9026813936804912,0.0,79.29053064156803,0.004942,160.44219069520037,51.92934858859273
SI,2020-07-01,9344.888888888889,1.0,0.8467060008343505,0.0,79.12373499352469,0.004942,160.10468432522194,51.023606290989264
SI,2020-08-01,9696.444444444445,1.0,0.8081586771708701,0.0,78.36265715483054,0.004942,158.56466441689707,49.37226517061953
SI,2020-09-01,10151.222222222223,1.0,0.7631892439986707,0.0,77.47303613440285,0.004942,156.76454094375322,47.81592946663355
SI,2020-10-01,10614.0,1.0,0.7202941874929373,0.0,76.45202506050036,0.004942,154.69855333974172,46.978713127335254
SI,2020-11-01,11073.222222222223,1.0,0.6803746282133297,0.0,75.33939452568025,0.004942,152.4471762963987,46.39525117028077
SI,2020-12-01,11464.777777777777,1.0,0.6478504173793119,0.0,74.27461068494394,0.004942,150.2926157121488,45.74877553118985
SI,2021-01-01,11550.666666666666,1.0,0.6254712987082012,0.0,72.24610480945529,0.004942,146.18799030646557,42.93475660161616
SI,2021-02-01,11938.555555555555,1.0,0.6050985482557106,0.0,72.24002634936815,0.004942,146.1756907109837,43.672689302085956
SI,2021-03-01,12404.444444444445,1.0,0.5826943890737399,0.0,72.28000177354704,0.004942,146.25657987362817,44.04131839754761
SI,2021-04-01,12628.666666666666,1.0,0.5660450351686073,0.0,71.48394067465952,0.004942,144.64577230809292,43.348060333979745
SI,2021-05-01,13063.777777777777,1.0,0.5527272101027758,0.0,72.20705444513752,0.004942,146.10897297680597,44.16273927389493
SI,2021-06-01,13556.444444444443,1.0,0.5370341101501913,0.0,72.80273079022726,0.004942,147.31430754801144,45.26897502486885
SI,2021-07-01,14115.888888888889,1.0,0.5204228299212699,0.0,73.46230842409766,0.004942,148.6489446056205,46.92034618320426
SI,2021-08-01,14483.222222222223,1.0,0.5044613533950714,0.0,73.06225883743795,0.004942,147.8394553570173,47.2266274274846
SI,2021-09-01,14831.444444444443,1.0,0.49336199639560485,0.0,73.17271040541613,0.004942,148.06295104293022,47.745899324758554
SI,2021-10-01,15000.888888888889,1.0,0.4895687874238181,0.0,73.43966983612759,0.004942,148.60313605044027,47.46764503793483
SI,2021-11-01,15237.111111111111,1.0,0.4839501171986763,0.0,73.74001707991475,0.004942,149.2108803721464,47.619457921564646
SI,2021-12-01,15282.22222222222,1.0,0.4834973867936128,0.0,73.88914508843723,0.004942,149.51263676332908,47.42101856884055
SI,2022-01-01,15620.333333333332,1.0,0.480940230597985,0.0,75.12446715350725,0.004942,152.0122767169309,48.002077240484056
SI,2022-02-01,15862.555555555555,1.0,0.4837481494778328,0.0,76.73481895989316,0.004942,155.2707789556721,48.16602515326379
SI,2022-03-01,15713.22222222222,1.0,0.48100403861402613,0.0,75.58123348528551,0.004942,152.93653072700425,42.824934481974225
SI,2022-04-01,15912.555555555555,1.0,0.49426510367635146,0.0,78.6502092142237,0.004942,159.14651803768453,45.03652590454817
SI,2022-05-01,16035.888888888889,1.0,0.5043570161748187,0.0,80.87813071710929,0.004942,163.65465543729115,47.18909387997171
SI,2022-06-01,16118.888888888889,1.0,0.5124356799055356,0.0,82.59893787099561,0.004942,167.13666100970377,46.85971966488407
SI,2022-07-01,16204.111111111111,1.0,0.520761040186759,0.0806451612903225,71.31686603402177,0.004942,144.3077014043338,41.80879928915111
SI,2022-08-01,16277.111111111111,1.0,0.5259532660024582,0.5,4.224441944182342,0.004942,8.548041165888995,22.27853207389941
SI,2022-09-01,16388.22222222222,1.0,0.5337799400141364,0.925,-64.1140128083944,0.004942,-129.73292757667826,-0.29235256322243686
SI,2022-10-01,16462.11111111111,1.0,0.5424952120747294,1.25,-116.47022430468907,0.004942,-235.67427014303735,-18.60106613669882
SI,2022-11-01,16519.333333333332,1.0,0.5528796492481597,1.975,-234.9248011418657,0.004942,-475.3638226261952,-58.74966366422035
SI,2022-12-01,16569.88888888889,1.0,0.5619020189594759,2.177419354838709,-267.6894275359269,0.004942,-541.662135847687,-69.64490037987235
SI,2023-01-01,16658.11111111111,1.0,0.5760930936653454,2.5,-320.48655013156707,0.004942,-648.4956498008237,-89.39469635075238
SI,2023-02-01,16743.11111111111,1.0,0.590311021816625,2.875,-382.52801416055155,0.004942,-774.0348323766725,-112.93520841605164
SI,2023-03-01,16138.666666666666,1.0,0.5941960600470796,3.161290322580645,-414.29478604941704,0.004942,-838.3140146689943,-101.91332629615204
SI,2023-04-01,16178.888888888889,1.0,0.6009747033095247,3.5,-469.03008161233345,0.004942,-949.0693678922165,-122.8541549335448
SI,2023-05-01,16237.22222222222,1.0,0.6100209319347886,3.6774193548387095,-498.0602983678494,0.004942,-1007.8112067338109,-134.09286258999487
SI,2023-06-01,16268.22222222222,1.0,0.6152716789375289,3.8333333333333335,-523.5214211852303,0.004942,-1059.3310829324773,-144.85780131610682
SI,2023-07-01,16289.22222222222,1.0,0.6188542816677268,4.0,-550.7623397162959,0.004942,-1114.4523264190527,-167.46820108198153
SI,2023-08-01,16319.22222222222,1.0,0.6240526349052529,4.241935483870968,-590.4103418623795,0.004942,-1194.6789596567776,-183.12978383247162
SI,2023-09-01,16331.22222222222,1.0,0.6261172937594455,4.341666666666667,-606.7946248658625,0.004942,-1227.8321021162737,-193.0441071626035
SI,2023-10-01,16359.111111111111,1.0,0.6323828172751146,4.5,-632.7077922743892,0.004942,-1280.2666780137379,-212.91997500640377
SI,2023-11-01,16377.111111111111,1.0,0.635506627554819,4.5,-632.8923734868722,0.004942,-1280.640172980316,-215.8362115086136
SI,2023-12-01,16378.555555555555,1.0,0.6373365416973911,4.5,-632.6484804422363,0.004942,-1280.1466621655934,-215.46110475677324
SI,2024-01-01,16408.555555555555,1.0,0.641600260933866,4.5,-633.1076647400772,0.004942,-1281.0758088629648,-222.05961244306445
SI,2024-02-01,16435.555555555555,1.0,0.645719253275736,4.5,-633.4724533949479,0.004942,-1281.8139485935812,-227.65191282656656
SI,2024-03-01,16459.555555555555,1.0,0.6493625245880443,4.5,-633.7978145084727,0.004942,-1282.4723077872777,-233.50710633087783
SI,2024-04-01,16480.333333333332,1.0,0.653360614890529,4.5,-633.9389927973244,0.004942,-1282.7579781410855,-241.58059971093212
SI,2024-05-01,16507.333333333332,1.0,0.6574815617558596,4.5,-634.2973269957544,0.004942,-1283.4830574580217,-244.70159311964676
SI,2024-06-01,16514.777777777777,1.0,0.6591564076917273,4.341666666666667,-608.1583859135802,0.004942,-1230.5916347907328,-243.7154879381102
SI,2024-07-01,16530.777777777777,1.0,0.6615430852530311,4.25,-593.199838228122,0.004942,-1200.323428223638,-245.40174135733582
SI,2024-08-01,16537.777777777777,1.0,0.6624760613865482,4.25,-593.2967366924735,0.004942,-1200.5194995800757,-248.68621099237146
SI,2024-09-01,15920.444444444443,1.0,0.6646913505888699,3.99,-529.4039161358048,0.004942,-1071.234148392968,-192.8150530010089
SI,2024-10-01,15925.888888888889,1.0,0.665864786536478,3.577419354838709,-463.6909454871818,0.004942,-938.2657739522092,-174.9591061700006
SI,2024-11-01,15938.888888888889,1.0,0.6677185453185096,3.4,-435.49530519339976,0.004942,-881.2126774451633,-168.63405640253143
SI,2024-12-01,15943.888888888889,1.0,0.6683761369440936,3.287096774193548,-417.52590871345603,0.004942,-844.8521018078835,-164.71437393428698
SI,2025-01-01,15943.888888888889,1.0,0.6683761369440936,3.0,-371.7515180324525,0.004942,-752.2288912028581,-147.6672593159019
SI,2025-02-01,15943.888888888889,1.0,0.6683761369440936,2.7857142857142856,-337.58604184197634,0.004942,-683.0959972520767,-136.74889409726688
SI,2025-03-01,15943.888888888889,1.0,0.6683761369440936,2.588709677419355,-306.1758459894418,0.004942,-619.5383366844229,-127.70432011867541
SI,2025-04-01,15935.666666666666,1.0,0.668325466561734,2.433333333333333,-281.26577028916614,0.004942,-569.1334890513276,-121.0315038803725
SI,2025-05-01,15935.666666666666,1.0,0.668325466561734,2.25,-252.05038140027725,0.004942,-510.0169595311154,-110.70243722808027
SI,2025-06-01,15935.666666666666,1.0,0.668325466561734,2.083333333333333,-225.49093695583278,0.004942,-456.274659967286,-100.87590308314896
SI,2025-07-01,14882.666666666666,1.0,0.6671428835413489,2.0,-198.36468178548617,0.004942,-401.38543461247707,-71.32152161931702
SI,2025-08-01,14882.666666666666,1.0,0.6671428835413489,2.0,-198.36468178548617,0.004942,-401.38543461247707,-72.47588673311873
SI,2025-09-01,14881.666666666666,1.0,0.6671671979844219,2.0,-198.34773481995163,0.004942,-401.3511428975144,-74.87101139707545
SI,2025-10-01,14881.666666666666,1.0,0.6671671979844219,2.0,-198.34773481995163,0.004942,-401.3511428975144,-80.01916236455429
SI,2025-11-01,14881.666666666666,1.0,0.6671671979844219,2.0,-198.34773481995163,0.004942,-401.3511428975144,-82.25437684971712
SI,2025-12-01,14881.666666666666,1.0,0.6671671979844219,2.0,-198.34773481995163,0.004942,-401.3511428975144,-82.55220709023689
SI,2026-01-01,14881.666666666666,1.0,0.6671671979844219,2.0,-198.34773481995163,0.004884,-406.1173931612441,-84.93045597508376
SI,2026-02-01,14398.666666666666,1.0,0.6677911224187736,2.0,-191.8203155866622,0.004884,-392.7524889161797,-75.66632687209602
SI,2026-03-01,13696.777777777777,1.0,0.6717302361487456,2.0,-181.93015784411998,0.004884,-372.50237068820627,-59.58790982864781
SI,2026-04-01,13694.777777777777,1.0,0.6717837495091742,2.0,-181.89626391305083,0.004884,-372.4329727949443,-63.78144493265228
SI,2026-05-01,13694.777777777777,1.0,0.6717837495091742,2.0,-181.89626391305083,0.004884,-372.4329727949443,-67.48500969723574
SI,2026-06-01,13642.777777777777,1.0,0.6717508752476433,2.1166666666666667,-197.1266504993164,0.004884,-403.6172205145708,-75.6798680273701
SI,2026-07-01,13642.777777777777,1.0,0.6717508752476433,2.25,-215.3170208696868,0.004884,-440.8620410927247,-88.08234870938497
SI,2026-08-01,13642.777777777777,1.0,0.6717508752476433,2.25,-215.3170208696868,0.004884,-440.8620410927247,-89.03469969358088
SK,2015-03-01,449.77777777777777,1.0,0.4814117363155965,0.05,1.9403941206728161,0.0115,1.6872992353676664,-0.06959567657618804
SK,2015-04-01,913.7777777777777,1.0,0.7006409704613995,0.05,5.945412601193944,0.0115,5.169924001038212,1.362069562977211
SK,2015-05-01,1384.0,1.0,0.7503679521711536,0.05,9.693092458048765,0.0115,8.428776050477188,0.7994397377593305
SK,2015-06-01,1869.3333333333333,1.0,0.8273173120410037,0.05,14.53065161975316,0.0115,12.635349234567967,0.22984812068669314
SK,2015-07-01,2262.222222222222,1.0,0.8728091663277469,0.05,18.613771807147693,0.0115,16.185888527954518,-0.054048775486720047
SK,2015-08-01,2638.222222222222,1.0,0.8649248078751633,0.05,21.49952737576431,0.0115,18.695241196316793,-0.35563322245011975
SK,2015-09-01,3053.333333333333,1.0,0.8451163912636817,0.05,24.277553813251075,0.0115,21.110916359348764,-1.3353055503551943
SK,2015-10-01,3388.4444444444443,1.0,0.8170420870711739,0.05,25.990794985913908,0.0115,22.600691292099054,-3.480063778190196
SK,2015-11-01,3862.222222222222,1.0,0.7786382373176072,0.05,28.141627921288915,0.0115,24.4709808011208,-5.377276014772434
SK,2015-12-01,4108.444444444444,1.0,0.7633942711469006,0.05,29.309407299919773,0.0115,25.486441130365023,-6.782600884046737
SK,2016-01-01,4619.555555555556,1.0,0.7337852092741117,0.05,31.58783762308941,0.0115,27.467684889642968,-7.935992803837877
SK,2016-02-01,5112.0,1.0,0.697610547517201,0.05,33.10585118907931,0.0115,28.787696686155925,-9.389520801371695
SK,2016-03-01,5496.888888888889,1.0,0.6646930701467246,0.0241935483870967,35.20754704499146,0.0115,30.615258299992576,-11.079936324722595
SK,2016-04-01,5789.333333333333,1.0,0.6404577278401699,0.0,37.07823272376023,0.0115,32.24194149892194,-13.955427731003958
SK,2016-05-01,6076.444444444444,1.0,0.6199413365517226,0.0,37.670390903711784,0.0115,32.75686165540155,-17.076294631214488
SK,2016-06-01,6283.555555555556,1.0,0.6189052229037848,0.0,38.889253517394266,0.0115,33.81674218903849,-19.231155580164675
SK,2016-07-01,6480.0,1.0,0.609391603181267,0.0,39.4885758861461,0.0115,34.337892074909654,-20.508405135390404
SK,2016-08-01,6589.333333333333,1.0,0.6012706386086799,0.0,39.61972661338795,0.0115,34.451936185554736,-21.519847182574964
SK,2016-09-01,6707.555555555555,1.0,0.5927854841548903,0.0,39.761415674958236,0.0115,34.57514406518108,-22.96431321405985
SK,2016-10-01,6853.333333333333,1.0,0.5846487311436557,0.0,40.06792637437854,0.0115,34.84167510815525,-24.822249060496056
SK,2016-11-01,7057.777777777777,1.0,0.5813759204552944,0.0,41.032220519244774,0.0115,35.680191755865025,-27.302737333211553
SK,2016-12-01,7249.777777777777,1.0,0.5850969613979212,0.0,42.41822948587951,0.0115,36.885416944243055,-28.617124272639124
SK,2017-01-01,7546.666666666666,1.0,0.5911431331222411,0.0,44.611601779625126,0.0115,38.79269719967402,-29.805316245183263
SK,2017-02-01,7814.222222222222,1.0,0.5979869786381496,0.0,46.72803137073753,0.0115,40.633070757163075,-31.396612948274033
SK,2017-03-01,8075.555555555555,1.0,0.6049835319307975,0.0,48.85578122303373,0.0115,42.483288020029335,-32.97883103385067
SK,2017-04-01,8282.666666666666,1.0,0.6099400012049677,0.0,50.519297166470125,0.0115,43.929823623017505,-33.9548050705203
SK,2017-05-01,8470.222222222223,1.0,0.61367543512968,0.0,51.97967307867307,0.0115,45.19971572058528,-34.94762573934995
SK,2017-06-01,8680.888888888889,1.0,0.6139094494201659,0.0,53.29279718255413,0.0115,46.34156276743838,-35.597124675696655
SK,2017-07-01,8876.444444444443,1.0,0.6153979169244368,0.0,54.625454208066,0.0115,47.50039496353566,-36.951578703034876
SK,2017-08-01,8929.777777777777,1.0,0.6152050248381619,0.0,54.93644159577043,0.0115,47.77081877893082,-38.51827006007723
SK,2017-09-01,9088.0,1.0,0.6142672031763085,0.0,55.82460342466291,0.0115,48.54313341275036,-39.77959693219345
SK,2017-10-01,9290.666666666666,1.0,0.6139815535132087,0.0,57.042979531733835,0.0115,49.60259089715986,-40.729755648432445
SK,2017-11-01,9412.444444444443,1.0,0.6130209878007027,0.0,57.70025990952569,0.0115,50.17413905176147,-41.79963135244108
SK,2017-12-01,9584.888888888889,1.0,0.6103515055470491,0.0,58.50151363834516,0.0115,50.87088142464797,-42.72977942296905
SK,2018-01-01,9751.111111111111,1.0,0.6084838704963458,0.0,59.33393830528812,0.0115,51.59472896112011,-43.04292784188529
SK,2018-02-01,9876.444444444443,1.0,0.608121501669245,0.0,60.06078226708427,0.0115,52.22676718876893,-43.610676254643096
SK,2018-03-01,9998.22222222222,1.0,0.6083195921813155,0.0,60.821144647603866,0.0115,52.887951867481625,-44.12505449661172
SK,2018-04-01,10149.333333333332,1.0,0.6080376230187464,0.0,61.7117651522493,0.0115,53.662404480216786,-44.55442413314956
SK,2018-05-01,10267.555555555555,1.0,0.6078247778085745,0.0,62.4087467419275,0.0115,54.26847542776305,-45.20399991436342
SK,2018-06-01,10432.0,1.0,0.6116014559685474,0.0,63.80226388663887,0.0115,55.4802294666425,-45.44318336455575
SK,2018-07-01,10567.111111111111,1.0,0.613807176124679,0.0,64.8616863090683,0.0115,56.40146635571157,-45.67974185363382
SK,2018-08-01,10681.777777777777,1.0,0.6154112885262841,0.0,65.7368662597365,0.0115,57.162492399770876,-46.06020245568829
SK,2018-09-01,10890.666666666666,1.0,0.6194109390797311,0.0,67.45798067204323,0.0115,58.65911362786369,-45.73397181816058
SK,2018-10-01,10965.333333333332,1.0,0.62133847307175,0.0,68.13183470056096,0.0115,59.24507365266171,-46.57174644158879
SK,2018-11-01,10372.444444444443,1.0,0.62133847307175,0.0,64.44798793132667,0.0115,56.04172863593624,-50.85783224095617
SK,2018-12-01,10386.666666666666,1.0,0.6216441106296461,0.0,64.5681016240659,0.0115,56.146175325274704,-52.14408730342392
SK,2019-01-01,10463.111111111111,1.0,0.6227432822701712,0.0,65.1583215609083,0.0115,56.65941005296375,-52.29088194819852
SK,2019-02-01,10530.666666666666,1.0,0.6230635737747209,0.0,65.6127480756366,0.0115,57.05456354403183,-52.07521944002871
SK,2019-03-01,10599.111111111111,1.0,0.622725625700009,0.0,66.00338098530585,0.0115,57.39424433504857,-52.21897498074556
SK,2019-04-01,10670.22222222222,1.0,0.6216521898344218,0.0,66.33167010464355,0.0115,57.67971313447266,-52.14891978674233
SK,2019-05-01,10597.333333333332,1.0,0.6216521898344218,0.0,65.87855473071978,0.0115,57.2856997658433,-52.66630655899305
SK,2019-06-01,10658.666666666666,1.0,0.6189870580331013,0.0,65.97576722555482,0.0115,57.370232370047674,-52.336129653568165
SK,2019-07-01,10736.0,1.0,0.6140129428169472,0.0,65.92042954082746,0.0115,57.322112644197794,-52.366889743603856
SK,2019-08-01,10793.777777777777,1.0,0.608517687856838,0.0,65.68204696573852,0.0115,57.114823448468286,-52.43987217290771
SK,2019-09-01,10861.333333333332,1.0,0.6021875825159015,0.0,65.40560062899378,0.0115,56.874435329559816,-52.36723563606925
SK,2019-10-01,10960.0,1.0,0.5943012401355702,0.0,65.13541591885848,0.0115,56.63949210335521,-52.300033397628084
SK,2019-11-01,11046.22222222222,1.0,0.5896928449553546,0.0,65.1387820823128,0.0115,56.64241920201113,-52.426066019328296
SK,2019-12-01,11130.666666666666,1.0,0.5854691187869183,0.0,65.16661604844258,0.0115,56.66662265081964,-52.503061556334664
SK,2020-01-01,11255.111111111111,1.0,0.5794756482892834,0.0,65.22062807679028,0.0115,56.713589631991546,-52.20619696718874
SK,2020-02-01,11318.22222222222,1.0,0.575750729856041,0.0,65.16474705117307,0.0115,56.66499743580267,-52.221242892752166
SK,2020-03-01,11532.666666666666,1.0,0.5619113911671209,0.0,64.80336770533349,0.0115,56.350754526376946,-47.557390280652996
SK,2020-04-01,12053.777777777777,1.0,0.5626593383421074,0.0,67.8217062896724,0.0115,58.975396773628184,-49.18375266309997
SK,2020-05-01,13342.111111111111,1.0,0.549633106153325,0.0,73.3326597264279,0.0115,63.76753019689384,-48.63245542354334
SK,2020-06-01,14598.666666666666,1.0,0.4923393174773458,0.0,71.87497582745945,0.0115,62.499978980399526,-46.01286312620811
SK,2020-07-01,15285.111111111111,1.0,0.4583068851518469,0.0,70.0527166253322,0.0115,60.91540576115843,-48.16567227307424
SK,2020-08-01,15770.22222222222,1.0,0.4338032429118601,0.0,68.4117354144068,0.0115,59.48846557774505,-49.70393366853249
SK,2020-09-01,16361.0,1.0,0.40409157653568945,0.0,66.11342283700415,0.0115,57.48993290174275,-51.45867857537692
SK,2020-10-01,16791.22222222222,1.0,0.3825855830338047,0.0,64.24079543739066,0.0115,55.86156124990492,-51.858278962501544
SK,2020-11-01,17380.666666666664,1.0,0.3532918569949472,0.0,61.404480024768446,0.0115,53.39520002153778,-52.656725104580154
SK,2020-12-01,18151.22222222222,1.0,0.31250840068011926,0.0,56.72409427056106,0.0115,49.32529936570528,-55.218540815253675
SK,2021-01-01,18610.22222222222,1.0,0.29237745942506244,0.0,54.41209492669172,0.0115,47.31486515364498,-55.93836855120443
SK,2021-02-01,19168.88888888889,1.0,0.27598247865607267,0.0,52.90277468638406,0.0115,46.00241277076876,-56.50058863812899
SK,2021-03-01,19392.22222222222,1.0,0.27116188349334974,0.0,52.584315028993686,0.0115,45.72549132955973,-56.489770146520826
SK,2021-04-01,20020.444444444445,1.0,0.2579375125263847,0.0,51.64023639672678,0.0115,44.90455338845807,-56.3931585856551
SK,2021-05-01,20350.88888888889,1.0,0.2532047060566351,0.0,51.52940839102352,0.0115,44.808181209585676,-57.13805249332537
SK,2021-06-01,20804.88888888889,1.0,0.24614438168080668,0.0,51.210065114934416,0.0115,44.5304914042908,-57.51484111885179
SK,2021-07-01,21127.11111111111,1.0,0.2389267792193107,0.0,50.47832611986289,0.0115,43.89419662596774,-57.8344017964485
SK,2021-08-01,21397.666666666664,1.0,0.23170635274607088,0.0,49.57975300609509,0.0115,43.11282870095226,-57.49999922858044
SK,2021-09-01,21686.333333333332,1.0,0.22615137858121323,0.0,49.0439417970505,0.0115,42.6469059104787,-57.67014580769297
SK,2021-10-01,22086.444444444445,1.0,0.2234302097415705,0.0,49.34778914667767,0.0115,42.91112099711102,-58.22437001539442
SK,2021-11-01,22291.0,1.0,0.22089962756752643,0.0,49.240735981077314,0.0115,42.81803128789332,-58.77339116268843
SK,2021-12-01,22546.444444444445,1.0,0.21755323972715787,0.0,49.05052033217269,0.0115,42.65262637580234,-59.43899181868619
SK,2022-01-01,22897.11111111111,1.0,0.21708302820946943,0.0,49.705742172486886,0.0115,43.22238449781469,-60.787814978632156
SK,2022-02-01,23185.444444444445,1.0,0.2226268988952084,0.0,51.61703596173805,0.0115,44.884379097163524,-62.2203747052448
SK,2022-03-01,23487.555555555555,1.0,0.23172254469931633,0.0,54.42596142099897,0.0115,47.326922974781716,-62.78467327024831
SK,2022-04-01,23785.333333333332,1.0,0.2472051517889718,0.0,58.798569370179564,0.0115,51.129190756677886,-62.98080137645847
SK,2022-05-01,23982.666666666664,1.0,0.2599247903283015,0.0,62.33689604846879,0.0115,54.205996563885904,-62.25956499343354
SK,2022-06-01,24115.11111111111,1.0,0.27115530327214793,0.0,65.38940266774877,0.0115,56.8603501458685,-63.4165911989512
SK,2022-07-01,24178.22222222222,1.0,0.2757003161269155,0.0806451612903225,47.160868792291076,0.0115,41.009451123731374,-61.48945099145133
SK,2022-08-01,24257.333333333332,1.0,0.2810489462440331,0.5,-53.111686946430744,0.0115,-46.18407560559196,-32.45358469758154
SK,2022-09-01,24333.777777777777,1.0,0.2889995154398857,0.925,-154.7629445784481,0.0115,-134.57647354647662,-5.135898533020793
SK,2022-10-01,24401.333333333332,1.0,0.29773444452514775,1.25,-232.36549240993693,0.0115,-202.0569499216843,15.016254084654236
SK,2022-11-01,24468.888888888887,1.0,0.3060587336200292,1.975,-408.3713840913301,0.0115,-355.1055513837654,61.50860757820948
SK,2022-12-01,24536.444444444445,1.0,0.3139405003521706,2.177419354838709,-457.2314538650593,0.0115,-397.59256857831247,74.42466688950213
SK,2023-01-01,24761.444444444445,1.0,0.3404773794355899,2.5,-534.7289939562672,0.0115,-464.98173387501504,94.11921957505626
SK,2023-02-01,23767.11111111111,1.0,0.33949536130266805,2.875,-602.6162047065711,0.0115,-524.0140910491923,137.08553291142857
SK,2023-03-01,23955.333333333332,1.0,0.3648425395088645,3.161290322580645,-669.8983879274551,0.0115,-582.5203373282219,153.8803510446204
SK,2023-04-01,24043.333333333332,1.0,0.376751864838622,3.5,-750.9329599639673,0.0115,-652.9851825773629,173.23003038130878
SK,2023-05-01,24176.555555555555,1.0,0.3941557882857727,3.6774193548387095,-793.7800402029856,0.0115,-690.2435132199874,183.47483092382856
SK,2023-06-01,24236.444444444445,1.0,0.40207040627650287,3.8333333333333335,-831.6161330589472,0.0115,-723.1444635295194,191.32881808685113
SK,2023-07-01,24274.444444444445,1.0,0.40720041521930905,4.0,-872.1321392078196,0.0115,-758.375773224191,188.6083521128802
SK,2023-08-01,24314.444444444445,1.0,0.41270298439394815,4.241935483870968,-931.0566087339514,0.0115,-809.6144423773491,201.9347334469569
SK,2023-09-01,24331.444444444445,1.0,0.41510987681582273,4.341666666666667,-955.3879839021193,0.0115,-830.7721599148864,204.01583503878385
SK,2023-10-01,24382.444444444445,1.0,0.4227096644742531,4.5,-994.1430508982678,0.0115,-864.4722181724069,202.87448483492722
SK,2023-11-01,23726.666666666664,1.0,0.4227733273101766,4.5,-967.3899818735387,0.0115,-841.2086798900336,223.59528158166881
SK,2023-12-01,23744.666666666664,1.0,0.424905070705477,4.5,-967.6177073112201,0.0115,-841.4067020097567,223.27885539906345
SK,2024-01-01,23804.666666666664,1.0,0.43211608984207756,4.5,-968.3462052000594,0.0115,-842.0401784348344,216.97601798506594
SK,2024-02-01,23852.666666666664,1.0,0.4381561876056743,4.5,-968.8580650910438,0.0115,-842.4852739922121,211.67676177480257
SK,2024-03-01,23901.666666666664,1.0,0.44433557316233285,4.5,-969.3713924213164,0.0115,-842.9316455837535,206.0335558726464
SK,2024-04-01,23950.666666666664,1.0,0.45080082613287337,4.5,-969.8101968023359,0.0115,-843.313214610727,197.86416381942638
SK,2024-05-01,24013.666666666664,1.0,0.45914363112395074,4.5,-970.3577789006648,0.0115,-843.7893729570999,194.99209138127503
SK,2024-06-01,23196.333333333332,1.0,0.45905004933848187,4.341666666666667,-900.6246926108367,0.0115,-783.1519066181189,203.72424023450367
SK,2024-07-01,23226.333333333332,1.0,0.46299482175717266,4.25,-879.5824460492731,0.0115,-764.8543009124115,190.06738595389072
SK,2024-08-01,23236.333333333332,1.0,0.46420285299361447,4.25,-879.680444402227,0.0115,-764.9395168715017,186.89377171620254
SK,2024-09-01,23253.333333333332,1.0,0.4662226907918168,3.99,-819.3956836345429,0.0115,-712.5179857691678,165.9011096227914
SK,2024-10-01,23275.333333333332,1.0,0.46879204019856235,3.577419354838709,-723.5433695735429,0.0115,-629.1681474552547,134.13852032695388
SK,2024-11-01,22135.666666666664,1.0,0.46775033049618603,3.4,-649.0730126757991,0.0115,-564.4113153702601,148.16730567237175
SK,2024-12-01,22142.666666666664,1.0,0.4685807202266368,3.287096774193548,-624.0946147763798,0.0115,-542.6909693707651,137.44675850283147
SK,2025-01-01,22142.666666666664,1.0,0.4685807202266368,3.0,-560.5237330559498,0.0115,-487.4119417877825,117.14969009917371
SK,2025-02-01,22142.666666666664,1.0,0.4685807202266368,2.7857142857142856,-513.0751616273784,0.0115,-446.15231445858996,100.19478869621986
SK,2025-03-01,22142.666666666664,1.0,0.4685807202266368,2.588709677419355,-469.4530878946596,0.0115,-408.2200764301388,83.61394013560869
SK,2025-04-01,22142.666666666664,1.0,0.4685807202266368,2.433333333333333,-435.04862194483866,0.0115,-378.30314951725103,69.79883565370409
SK,2025-05-01,20877.0,1.0,0.46842114257655304,2.25,-371.940218064293,0.0115,-323.4262765776461,75.88824572538903
SK,2025-06-01,20877.0,1.0,0.46842114257655304,2.083333333333333,-337.145218064293,0.0115,-293.16975483851564,62.22900204562143
SK,2025-07-01,20877.0,1.0,0.46842114257655304,2.0,-319.74771806429305,0.0115,-278.0414939689505,52.02241902420957
SK,2025-08-01,20877.0,1.0,0.46842114257655304,2.0,-319.74771806429305,0.0115,-278.0414939689505,50.868053910407866
SK,2025-09-01,20877.0,1.0,0.46842114257655304,2.0,-319.74771806429305,0.0115,-278.0414939689505,48.438637531488496
SK,2025-10-01,19754.333333333332,1.0,0.46708881041954836,2.0,-302.8163860936877,0.0115,-263.3185966032067,58.013383929753445
SK,2025-11-01,19754.333333333332,1.0,0.46708881041954836,2.0,-302.8163860936877,0.0115,-263.3185966032067,55.77816944459062
SK,2025-12-01,19754.333333333332,1.0,0.46708881041954836,2.0,-302.8163860936877,0.0115,-263.3185966032067,55.480339204070845
SK,2026-01-01,19754.333333333332,1.0,0.46708881041954836,2.0,-302.8163860936877,0.011364,-266.4698927258779,54.71704446028241
SK,2026-02-01,19696.333333333332,1.0,0.4674579803912272,2.0,-301.8545846555425,0.011364,-265.623534543772,51.46262750031167
SK,2026-03-01,19696.333333333332,1.0,0.4674579803912272,2.0,-301.8545846555425,0.011364,-265.623534543772,47.290926315786464
SK,2026-04-01,19696.333333333332,1.0,0.4674579803912272,2.0,-301.8545846555425,0.011364,-265.623534543772,43.02799331852003
SK,2026-05-01,18788.88888888889,1.0,0.4668596894418081,2.0,-288.0600294615448,0.011364,-253.4847144152981,51.463248682410466
SK,2026-06-01,18788.88888888889,1.0,0.4668596894418081,2.1166666666666667,-309.9803998319151,0.011364,-272.7740230833466,55.16332940385411
SK,2026-07-01,18788.88888888889,1.0,0.4668596894418081,2.25,-335.032251683767,0.011364,-294.81894727540214,57.96074510793761
SK,2026-08-01,18788.88888888889,1.0,0.4668596894418081,2.25,-335.032251683767,0.011364,-294.81894727540214,57.00839412374171
