ncb,month,stock_eur_m,approx_share,portfolio_yield_pct,ref_pct,carry_eur_m_pa,key_share,carry_per_keypp_eur_m_pa,carry_per_keypp_demeaned
AT,2015-03-01,1080.888888888889,1.0,0.056997268543302615,0.05,0.07563269821027535,0.029565,0.025581836025799203,-1.2212553574942486
AT,2015-04-01,2152.0,1.0,0.04349305538386626,0.05,-0.14002944813919813,0.029565,-0.04736324983568345,-2.8499525608313268
AT,2015-05-01,3320.0,1.0,0.12667116917932852,0.05,2.545482816753707,0.029565,0.8609784599200768,-4.861637244483182
AT,2015-06-01,4484.444444444444,1.0,0.2171999963084466,0.05,7.4979909455654505,0.029565,2.536103820586995,-6.81364661174354
AT,2015-07-01,5696.0,1.0,0.2766056340124669,0.05,12.907456913350115,0.029565,4.365789586791854,-7.986727181882754
AT,2015-08-01,6641.777777777777,1.0,0.2976687489275634,0.05,16.449607928771144,0.029565,5.563878886782054,-8.867109919457295
AT,2015-09-01,7778.666666666666,1.0,0.31761580423971897,0.05,20.81694135912694,0.029565,7.0410760558521694,-9.886523692147371
AT,2015-10-01,8955.555555555555,1.0,0.3191289654292954,0.05,24.101994015112453,0.029565,8.152204977206985,-11.55284832346808
AT,2015-11-01,10209.777777777777,1.0,0.3145328786323054,0.05,27.008219057516975,0.029565,9.13520008710197,-13.321331168140093
AT,2015-12-01,11236.444444444443,1.0,0.31797030527267156,0.05,30.11033447957192,0.029565,10.184452724360535,-13.903981230199713
AT,2016-01-01,12434.666666666666,1.0,0.3111659834515152,0.05,32.47511948891774,0.029565,10.984312358842462,-15.173972147522665
AT,2016-02-01,13642.666666666666,1.0,0.29100212791016766,0.05,32.879116970357806,0.029565,11.120959570559041,-16.950447862382816
AT,2016-03-01,14845.333333333332,1.0,0.2687505959319785,0.0241935483870967,36.30530889819618,0.029565,12.279827126059928,-18.424908302058157
AT,2016-04-01,16676.444444444445,1.0,0.23779272712572538,0.0,39.65537203205097,0.029565,13.41294504720141,-20.703813779004527
AT,2016-05-01,18578.666666666664,1.0,0.21176097162046825,0.0,39.34236504746139,0.029565,13.3070742592462,-23.34677638742867
AT,2016-06-01,20222.222222222223,1.0,0.19595245089594424,0.0,39.62594007006872,0.029565,13.402990045685344,-25.608276177464248
AT,2016-07-01,21891.555555555555,1.0,0.17196356680231825,0.0,37.64549976184439,0.029565,12.733130310111411,-27.36832127034407
AT,2016-08-01,23095.11111111111,1.0,0.15511509089378447,0.0,35.82400259202051,0.029565,12.117031149000681,-28.612919982891455
AT,2016-09-01,24769.777777777777,1.0,0.13573335397052286,0.0,33.62085014882302,0.029565,11.371841755055984,-30.183214159053094
AT,2016-10-01,26511.11111111111,1.0,0.12364961901647564,0.0,32.78088788592343,0.029565,11.087734782994563,-31.712831626053177
AT,2016-11-01,28182.22222222222,1.0,0.1251934424373612,0.0,35.28229415534699,0.029565,11.933804889344492,-33.09609923306742
AT,2016-12-01,29511.11111111111,1.0,0.124757272042424,0.0,36.81725717163091,0.029565,12.452987374135263,-34.11469124050173
AT,2017-01-01,31262.22222222222,1.0,0.1257643444570345,0.0,39.316728840479136,0.029565,13.29840312547916,-35.2097344586393
AT,2017-02-01,32940.444444444445,1.0,0.12674137901213375,0.0,41.74917354161469,0.029565,14.121147823986027,-36.596201062485214
AT,2017-03-01,34680.88888888889,1.0,0.1286056394303097,0.0,44.601578915670785,0.029565,15.085939088676064,-37.88774842468683
AT,2017-04-01,36069.33333333333,1.0,0.12706776409249898,0.0,45.8324953897371,0.029565,15.502281545657736,-39.026623668793285
AT,2017-05-01,37397.33333333333,1.0,0.13087987522352568,0.0,48.94558320359263,0.029565,16.55524546037295,-39.393460944252695
AT,2017-06-01,38723.555555555555,1.0,0.13130572570379148,0.0,50.84624564053309,0.029565,17.198121305778145,-39.73570428164319
AT,2017-07-01,40078.22222222222,1.0,0.13679363809160194,0.0,54.82445826021465,0.029565,18.543703115242565,-40.0174970167114
AT,2017-08-01,41165.33333333333,1.0,0.13781172994173194,0.0,56.73065800294708,0.029565,19.188451886672443,-40.50622661820631
AT,2017-09-01,42468.444444444445,1.0,0.13811121341729016,0.0,58.65368394166997,0.029565,19.8388919132995,-41.06795666033165
AT,2017-10-01,43758.22222222222,1.0,0.13882153652983445,0.0,60.74583644702835,0.029565,20.546536934560578,-41.50980136545174
AT,2017-11-01,45043.555555555555,1.0,0.13709207466638265,0.0,61.75114481461577,0.029565,20.886570206195085,-41.95503954191268
AT,2017-12-01,46187.555555555555,1.0,0.13600606381953248,0.0,62.81787628557091,0.029565,21.24737909202466,-42.44975998629645
AT,2018-01-01,46675.555555555555,1.0,0.13731450249305063,0.0,64.09230689697856,0.029565,21.67843967426976,-42.66058069285467
AT,2018-02-01,47194.666666666664,1.0,0.14041911335913643,0.0,66.27033248613324,0.029565,22.415130216855484,-42.76176236446942
AT,2018-03-01,47685.33333333333,1.0,0.14312127992378815,0.0,68.24785940259144,0.029565,23.084004533262792,-42.912322545323626
AT,2018-04-01,48246.22222222222,1.0,0.14553454368328664,0.0,70.21491935553554,0.029565,23.749338527155604,-43.017111884239256
AT,2018-05-01,48758.22222222222,1.0,0.14742911596773584,0.0,71.88381598380634,0.029565,24.313822419687583,-43.297211084032654
AT,2018-06-01,49319.11111111111,1.0,0.14871873743249883,0.0,73.34675935737569,0.029565,24.808645140326632,-43.78739907595251
AT,2018-07-01,49896.0,1.0,0.14897324911365337,0.0,74.33169237774848,0.029565,25.141786699728897,-44.228878006474176
AT,2018-08-01,50403.555555555555,1.0,0.14918108743136857,0.0,75.19257228185177,0.029565,25.432968808338156,-44.72405908519791
AT,2018-09-01,50941.33333333333,1.0,0.15005991169275584,0.0,76.44251981511239,0.029565,25.855748288554842,-45.1325022897719
AT,2018-10-01,51193.777777777774,1.0,0.15050096736508928,0.0,77.04713078628966,0.029565,26.060250561910927,-46.07666107435036
AT,2018-11-01,51394.666666666664,1.0,0.15054068338928356,0.0,77.36988242564432,0.029565,26.16941736027205,-46.89034086298787
AT,2018-12-01,51723.555555555555,1.0,0.15019263872008523,0.0,77.68497292873812,0.029565,26.275992872903135,-47.9286273538324
AT,2019-01-01,51978.666666666664,1.0,0.14955112965078626,0.0,77.73468317741668,0.029565,26.29280675711709,-48.513513146241905
AT,2019-02-01,52118.22222222222,1.0,0.14928250871527582,0.0,77.8033896311357,0.029565,26.316045875574396,-48.66577016360669
AT,2019-03-01,51876.44444444444,1.0,0.14928250871527582,0.0,77.44245769895298,0.029565,26.193965059683062,-49.225311156258726
AT,2019-04-01,52112.0,1.0,0.1483373843809032,0.0,77.30157774857626,0.029565,26.14631413785769,-49.41393752780614
AT,2019-05-01,52291.555555555555,1.0,0.147340669129302,0.0,77.04672785367624,0.029565,26.060114274877808,-49.554431724422784
AT,2019-06-01,51833.777777777774,1.0,0.147340669129302,0.0,76.37223501277322,0.029565,25.83197531296236,-49.5307465141109
AT,2019-07-01,51917.33333333333,1.0,0.1464375030006605,0.0,76.0264465578629,0.029565,25.715016593222693,-49.6842249969262
AT,2019-08-01,51981.33333333333,1.0,0.14551342153519306,0.0,75.63981669294715,0.029565,25.58424376558334,-49.63947423510268
AT,2019-09-01,52105.777777777774,1.0,0.1439025574827259,0.0,74.98154681848808,0.029565,25.361592023841734,-49.56506810895392
AT,2019-10-01,51755.555555555555,1.0,0.1439025574827259,0.0,74.47756808383747,0.029565,25.191127374881606,-49.38779127553789
AT,2019-11-01,52332.44444444444,1.0,0.13868680114970497,0.0,72.57819316344649,0.029565,24.54868701621731,-50.002216844432
AT,2019-12-01,52956.44444444444,1.0,0.1334315463099229,0.0,70.66060269297748,0.029565,23.900085470312014,-50.587106641036776
AT,2020-01-01,53633.777777777774,1.0,0.1275562545774082,0.0,68.41323812170361,0.029565,23.1399418642664,-51.096092619342414
AT,2020-02-01,54157.33333333333,1.0,0.12173867468390308,0.0,65.93041984414366,0.029565,22.30015891904064,-51.80267996484979
AT,2020-03-01,55376.03866666667,1.0,0.11270712970484435,0.0,62.41274372544476,0.029565,21.110347953811857,-49.61126582165167
AT,2020-04-01,58002.89077777777,1.0,0.09978823173107665,0.0,57.88005906005217,0.029565,19.577222749890804,-54.50525838199586
AT,2020-05-01,61841.434888888885,1.0,0.0754407636474865,0.0,46.65365073074092,0.029565,15.78002730618668,-61.39959675272034
AT,2020-06-01,65259.535,1.0,0.05460746135178381,0.0,35.63657535347883,0.029565,12.053636175707368,-61.96482122051506
AT,2020-07-01,66651.784,1.0,0.04152487697607581,0.0,27.677071308359782,0.029565,9.361431188351016,-64.61054171950458
AT,2020-08-01,68395.95988888889,1.0,0.030550564702167913,0.0,20.895351979523813,0.029565,7.067597490114599,-66.57622947756484
AT,2020-09-01,70842.40155555555,1.0,0.01434512056276222,0.0,10.162427912700583,0.029565,3.4373170683918763,-69.53631252144753
AT,2020-10-01,73170.6211111111,1.0,-0.0023186023973591863,0.0,-1.696535775244829,0.029565,-0.5738324962776353,-71.9276312199076
AT,2020-11-01,75687.28522222221,1.0,-0.01957161416627013,0.0,-14.813223436617722,0.029565,-5.010391827031193,-74.32924687484906
AT,2020-12-01,77611.90544444443,1.0,-0.032288173359660444,0.0,-25.05946657763796,0.029565,-8.476058372277341,-76.05792403571706
AT,2021-01-01,79529.41022222221,1.0,-0.04411158834227592,0.0,-35.08168604826657,0.029565,-11.86595164832287,-78.01536283433657
AT,2021-02-01,81454.91944444444,1.0,-0.05171973593017687,0.0,-42.12826923880496,0.029565,-14.249372311451026,-79.19951718982603
AT,2021-03-01,83746.69166666667,1.0,-0.058413757239884484,0.0,-48.919589166601234,0.029565,-16.546453294977585,-80.47895723854444
AT,2021-04-01,86382.50233333334,1.0,-0.0648130829217613,0.0,-55.98716286719573,0.029565,-18.936973741652537,-81.20154192283545
AT,2021-05-01,88803.19222222222,1.0,-0.06784610961141989,0.0,-60.249511133528785,0.029565,-20.378660961788867,-82.24420801590749
AT,2021-06-01,91274.53944444444,1.0,-0.0722080340645178,0.0,-65.90755053427618,0.029565,-22.292423654414403,-83.3277050439834
AT,2021-07-01,93937.02422222222,1.0,-0.08014034882349477,0.0,-75.28145888609966,0.029565,-25.463033616133824,-85.45903162336359
AT,2021-08-01,95818.99888888889,1.0,-0.08702945759176933,0.0,-83.39075500286349,0.029565,-28.205903941438688,-86.68988396103099
AT,2021-09-01,95748.10244444443,1.0,-0.09340533727718066,0.0,-89.43383802473377,0.029565,-30.2499029341227,-87.80957683047066
AT,2021-10-01,97887.85566666667,1.0,-0.09558235339684949,0.0,-93.5635161359113,0.029565,-31.64671609535305,-89.21612653201495
AT,2021-11-01,99832.92566666666,1.0,-0.09860995465774589,0.0,-98.44520273340115,0.029565,-33.29788693840729,-90.62317930562901
AT,2021-12-01,100656.09133333333,1.0,-0.09994504572495906,0.0,-100.60077650805655,0.029565,-34.02698342907375,-91.40615617287108
AT,2022-01-01,102943.36344444443,1.0,-0.09915484161320369,0.0,-102.0733289746435,0.029565,-34.52505630801404,-93.17127231587162
AT,2022-02-01,104123.02122222222,1.0,-0.09423302485615202,0.0,-98.11827246931311,0.029565,-33.18730677128804,-94.28415321041999
AT,2022-03-01,105474.21988888888,1.0,-0.0869004288147358,0.0,-91.65754937244179,0.029565,-31.002046126312123,-94.75629313140715
AT,2022-04-01,106372.00422222223,1.0,-0.07689897765992344,0.0,-81.7989837632595,0.029565,-27.667506769240486,-95.13466365603031
AT,2022-05-01,107623.58655555555,1.0,-0.06071895434490875,0.0,-65.34791638502112,0.029565,-22.10313424150892,-91.86444706497198
AT,2022-06-01,108418.273,1.0,-0.04666457967673331,0.0,-50.59293138822324,0.029565,-17.11244085514062,-90.38705994866199
AT,2022-07-01,108907.158,1.0,-0.03993619487482943,0.0806451612903225,-131.32172807732474,0.029565,-44.417969922991624,-100.45762919336511
AT,2022-08-01,109088.50844444444,1.0,-0.037524304559944335,0.5,-586.3772463708161,0.029565,-198.33493873526675,-143.51487852758478
AT,2022-09-01,107535.56877777778,1.0,-0.038036917544228305,0.925,-1035.6072268211649,0.029565,-350.28149055341277,-185.27387130410656
AT,2022-10-01,108186.21766666666,1.0,-0.018018839876534944,1.25,-1371.8216221631694,0.029565,-464.0019016279957,-215.50617675945887
AT,2022-11-01,105112.3831111111,1.0,-0.02038205746543281,1.975,-2097.393632773437,0.029565,-709.4177685687255,-270.6477420751981
AT,2022-12-01,105505.283,1.0,-0.010300339377464225,2.177419354838709,-2308.159854629508,0.029565,-780.7068677928321,-289.0965789387544
AT,2023-01-01,106447.55955555555,1.0,0.014436411963999179,2.5,-2645.8217806658254,0.029565,-894.9168884376206,-320.3272208743093
AT,2023-02-01,107210.27411111111,1.0,0.036004383658636493,2.875,-3043.6949822820043,0.029565,-1029.4926373353642,-357.6632572541132
AT,2023-03-01,108331.234,1.0,0.0671429347349924,3.161290322580645,-3351.928047031961,0.029565,-1133.748705236584,-390.3180918377833
AT,2023-04-01,107033.36355555555,1.0,0.0679526732705471,3.5,-3673.435692617061,0.029565,-1242.494737905314,-413.550139466009
AT,2023-05-01,107835.18733333334,1.0,0.08919532825924774,3.6774193548387095,-3869.368101001639,0.029565,-1308.766480974679,-434.56597145157264
AT,2023-06-01,108240.55088888889,1.0,0.10023135269490535,3.8333333333333335,-4040.730149087057,0.029565,-1366.7275998941507,-453.85364978627047
AT,2023-07-01,104509.73977777778,1.0,0.09957577540799403,4.0,-4076.3232073505123,0.029565,-1378.766516945886,-435.63204415383177
AT,2023-08-01,104768.43877777777,1.0,0.10701369039502799,4.241935483870968,-4332.0930077068315,0.029565,-1465.2775267061834,-460.71947791296066
AT,2023-09-01,104927.56977777778,1.0,0.11174143706888885,4.341666666666667,-4438.357746834035,0.029565,-1501.2202762841316,-474.72714665223043
AT,2023-10-01,100638.54699999999,1.0,0.11029130729084438,4.5,-4417.739045875189,0.029565,-1494.2462526214067,-437.42899673409215
AT,2023-11-01,100874.132,1.0,0.11728154235146572,4.5,-4421.029202156747,0.029565,-1495.359107781751,-441.13362054055915
AT,2023-12-01,101011.927,1.0,0.12060891952849401,4.5,-4423.707321250388,0.029565,-1496.2649488416669,-442.2287375001704
AT,2024-01-01,100999.50022222221,1.0,0.12390648563057576,4.5,-4419.832578770199,0.029565,-1494.9543645426006,-446.68048462561114
AT,2024-02-01,101353.32222222222,1.0,0.1331495143877588,4.5,-4425.948043645251,0.029565,-1497.0228458127012,-453.56581236109287
AT,2024-03-01,101774.70822222222,1.0,0.14416375046258825,4.5,-4433.139633604489,0.029565,-1499.4553132435274,-461.32735630408
AT,2024-04-01,101986.29022222222,1.0,0.14987266079405448,4.5,-4436.533493198809,0.029565,-1500.6032447822793,-470.38875272363407
AT,2024-05-01,102499.24322222223,1.0,0.1640347545976,4.5,-4444.331562916031,0.029565,-1503.2408465807646,-475.64296589726064
AT,2024-06-01,102843.28622222222,1.0,0.17352905526164955,4.341666666666667,-4286.649693833358,0.029565,-1449.906881053055,-472.24373121026656
AT,2024-07-01,98744.34022222222,1.0,0.17417802164555876,4.25,-4024.643521158418,0.029565,-1361.286494557219,-414.44476233298803
AT,2024-08-01,98799.45822222222,1.0,0.17549999534164534,4.25,-4025.5839298668743,0.029565,-1361.6045763121508,-417.7241055076504
AT,2024-09-01,98938.14666666667,1.0,0.17943831314759318,3.99,-3770.0991105618414,0.029565,-1275.1899579103133,-401.48138857998435
AT,2024-10-01,93907.675,1.0,0.1794742131319998,3.577419354838709,-3190.9312803522257,0.029565,-1079.293516100871,-315.5770252047969
AT,2024-11-01,93905.92277777777,1.0,0.18441804110033794,3.4,-3019.6219111804703,0.029565,-1021.3502151802707,-306.2062349653396
AT,2024-12-01,93995.71177777777,1.0,0.18646831636920028,3.287096774193548,-2914.4577885163294,0.029565,-985.7797356726973,-301.7754695739633
AT,2025-01-01,93737.90177777778,1.0,0.18658699050452454,3.0,-2637.2343234440905,0.029565,-892.0122859611332,-280.00968213375927
AT,2025-02-01,93737.90177777778,1.0,0.18658699050452454,2.7857142857142856,-2436.367391063138,0.029565,-824.0715004441528,-267.5379487524302
AT,2025-03-01,93737.90177777778,1.0,0.18658699050452454,2.588709677419355,-2251.69940484194,0.029565,-761.6098105333807,-257.2934431225401
AT,2025-04-01,90503.92866666667,1.0,0.18682350317195878,2.433333333333333,-2033.179654178905,0.029565,-687.6981749294453,-225.25992349070924
AT,2025-05-01,90503.92866666667,1.0,0.18682350317195878,2.25,-1867.2557849566829,0.029565,-631.576453562213,-215.85693737672852
AT,2025-06-01,90422.1508888889,1.0,0.18679870501663534,2.083333333333333,-1714.8874032765525,0.029565,-580.039710223762,-206.39491362487877
AT,2025-07-01,90422.1508888889,1.0,0.18679870501663534,2.0,-1639.5356108691453,0.029565,-554.55288715344,-205.57453655725794
AT,2025-08-01,90422.1508888889,1.0,0.18679870501663534,2.0,-1639.5356108691453,0.029565,-554.55288715344,-206.7459808697647
AT,2025-09-01,90250.58522222222,1.0,0.18681010844549206,2.0,-1636.4144883181198,0.029565,-553.4972055870521,-208.24442852404366
AT,2025-10-01,85253.89288888889,1.0,0.18685226108513228,2.0,-1545.7790312517923,0.029565,-522.840869694501,-183.13795338717114
AT,2025-11-01,85253.89288888889,1.0,0.18685226108513228,2.0,-1545.7790312517923,0.029565,-522.840869694501,-185.57715547537947
AT,2025-12-01,85253.89288888889,1.0,0.18685226108513228,2.0,-1545.7790312517923,0.029565,-522.840869694501,-185.9146971488418
AT,2026-01-01,85253.89288888889,1.0,0.18685226108513228,2.0,-1545.7790312517923,0.029216,-529.0864701710681,-189.59858334341038
AT,2026-02-01,85253.89288888889,1.0,0.18685226108513228,2.0,-1545.7790312517923,0.029216,-529.0864701710681,-193.9942852794211
AT,2026-03-01,80999.47633333332,1.0,0.18677503935048667,2.0,-1468.702722871395,0.029216,-502.7049297889496,-171.99085127407784
AT,2026-04-01,80999.47633333332,1.0,0.18677503935048667,2.0,-1468.702722871395,0.029216,-502.7049297889496,-176.47601411283028
AT,2026-05-01,80999.47633333332,1.0,0.18677503935048667,2.0,-1468.702722871395,0.029216,-502.7049297889496,-180.40679240952488
AT,2026-06-01,80999.47633333332,1.0,0.18677503935048667,2.1166666666666667,-1563.2021119269505,0.029216,-535.0500109278993,-191.14796926840938
AT,2026-07-01,79549.60688888888,1.0,0.18692830636714056,2.25,-1641.1654221208819,0.029216,-561.7351526974542,-194.61582788801843
AT,2026-08-01,79549.60688888888,1.0,0.18692830636714056,2.25,-1641.1654221208819,0.029216,-561.7351526974542,-195.58665196505126
BE,2015-03-01,1358.2222222222222,1.0,0.233898212713332,0.05,2.497746391341967,0.036695,0.6806775831426536,-0.5661596103773942
BE,2015-04-01,2718.222222222222,1.0,0.22556817927036474,0.05,4.772333264078003,0.036695,1.3005404725652006,-1.5020488384304427
BE,2015-05-01,4190.222222222222,1.0,0.33454128629390917,0.05,11.922912209684334,0.036695,3.24919259018513,-2.4734231142181287
BE,2015-06-01,5663.11111111111,1.0,0.4532606585922798,0.05,22.837099163479238,0.036695,6.223490710854133,-3.1262597214764014
BE,2015-07-01,7122.666666666666,1.0,0.49830240794125075,0.05,31.931086176295484,0.036695,8.701753965470905,-3.650762803203703
BE,2015-08-01,8333.333333333332,1.0,0.5066946834925143,0.05,38.05789029104286,0.036695,10.371410353193314,-4.059578453046036
BE,2015-09-01,9784.888888888889,1.0,0.5167175606137069,0.05,45.66779473098387,0.036695,12.44523633491862,-4.48236341308092
BE,2015-10-01,11276.444444444443,1.0,0.5098050911328137,0.05,51.849665654318876,0.036695,14.129899347136908,-5.575153953538157
BE,2015-11-01,12844.444444444443,1.0,0.5033500117635819,0.05,58.23029039985562,0.036695,15.86872609343388,-6.587805161808182
BE,2015-12-01,14129.777777777777,1.0,0.5025692360379662,0.05,63.947027342751205,0.036695,17.426632332130048,-6.6618016224302
BE,2016-01-01,15648.888888888889,1.0,0.4995744563117432,0.05,70.35340714105101,0.036695,19.172477760199214,-6.985806746165913
BE,2016-02-01,17166.222222222223,1.0,0.48966928218863176,0.05,75.47460602334985,0.036695,20.56808993687147,-7.5033174960703874
BE,2016-03-01,18686.222222222223,1.0,0.4741515096021818,0.0241935483870967,84.08014453923128,0.036695,22.913242823063438,-7.791492605054646
BE,2016-04-01,21008.0,1.0,0.44994810777405675,0.0,94.52509848117384,0.036695,25.75966711573071,-8.357091710475228
BE,2016-05-01,23403.555555555555,1.0,0.4302295748633039,0.0,100.6890175695638,0.036695,27.439437953280777,-9.214412693394092
BE,2016-06-01,25484.44444444444,1.0,0.4091877327473601,0.0,104.27922042548278,0.036695,28.41782815791873,-10.59343806523086
BE,2016-07-01,27589.333333333332,1.0,0.37547263120805596,0.0,103.59039579942791,0.036695,28.230111949701026,-11.871339630754456
BE,2016-08-01,29104.0,1.0,0.35259089781171593,0.0,102.6180548991218,0.036695,27.965132824396186,-12.76481830749595
BE,2016-09-01,31216.888888888887,1.0,0.3252043716145341,0.0,101.51868734871842,0.036695,27.66553681665579,-13.889519097453285
BE,2016-10-01,33418.666666666664,1.0,0.3058449254950935,0.0,102.2092961681203,0.036695,27.853739247341686,-14.946827161706054
BE,2016-11-01,35527.11111111111,1.0,0.3045800630576771,0.0,108.20849742479322,0.036695,29.488621726336895,-15.541282396075019
BE,2016-12-01,37186.666666666664,1.0,0.30321244478377596,0.0,112.75460113359348,0.036695,30.72751086894495,-15.840167745692039
BE,2017-01-01,39399.11111111111,1.0,0.3065607773139074,0.0,120.78222127699227,0.036695,32.91517135222572,-15.592966231892746
BE,2017-02-01,41505.777777777774,1.0,0.3167553447945715,0.0,131.47176950966863,0.036695,35.828251671799606,-14.889097214671636
BE,2017-03-01,43637.33333333333,1.0,0.3271393222508585,0.0,142.75487651501462,0.036695,38.90308666439968,-14.070600848963217
BE,2017-04-01,45391.11111111111,1.0,0.33257672639337454,0.0,150.96027140691263,0.036695,41.1391937339999,-13.389711480451119
BE,2017-05-01,47062.22222222222,1.0,0.336691787433068,0.0,158.45463720572252,0.036695,43.181533507486726,-12.76717289713892
BE,2017-06-01,48738.666666666664,1.0,0.3363663744638852,0.0,163.94048602870475,0.036695,44.67651887960342,-12.25730670781791
BE,2017-07-01,50449.777777777774,1.0,0.34252500580735107,0.0,172.80310426312903,0.036695,47.091730280182325,-11.469469851771642
BE,2017-08-01,51822.22222222222,1.0,0.3443826037916209,0.0,178.46671823156885,0.036695,48.63515962162934,-11.059518883249417
BE,2017-09-01,53468.44444444444,1.0,0.3454557397387224,0.0,184.70981028234334,0.036695,50.33650641295636,-10.570342160674791
BE,2017-10-01,55096.0,1.0,0.3458167078116187,0.0,190.53117333588943,0.036695,51.92292501318693,-10.133413286825387
BE,2017-11-01,56717.33333333333,1.0,0.3428168512888322,0.0,194.43657626832456,0.036695,52.987212499884066,-9.854397248223698
BE,2017-12-01,58191.11111111111,1.0,0.3394976801856933,0.0,197.55747229650143,0.036695,53.83770876045822,-9.859430317862888
BE,2018-01-01,58824.88888888888,1.0,0.3399835776630567,0.0,199.99496180076235,0.036695,54.50196533608458,-9.837055031039853
BE,2018-02-01,59497.777777777774,1.0,0.34345311315847743,0.0,204.34697003789054,0.036695,55.687960222888826,-9.488932358436081
BE,2018-03-01,60132.44444444444,1.0,0.34572414568719767,0.0,207.8923798363843,0.036695,56.65414357170849,-9.34218350687793
BE,2018-04-01,60844.44444444444,1.0,0.34746990397294736,0.0,211.4161326839844,0.036695,57.614425039919446,-9.15202537147541
BE,2018-05-01,61487.11111111111,1.0,0.3491104549207999,0.0,214.6579333176577,0.036695,58.49786982358842,-9.11316368013182
BE,2018-06-01,62211.555555555555,1.0,0.3505001343832004,0.0,218.05158582410158,0.036695,59.42269677724529,-9.173347439033847
BE,2018-07-01,62945.777777777774,1.0,0.3507340889292063,0.0,220.77230020829168,0.036695,60.16413686014217,-9.2065278460609
BE,2018-08-01,63589.33333333333,1.0,0.35121067337848527,0.0,223.33252579688957,0.036695,60.86184106741779,-9.295186826118275
BE,2018-09-01,64238.22222222222,1.0,0.352280199477455,0.0,226.29853738521524,0.036695,61.67012873285604,-9.3181218454707
BE,2018-10-01,64549.33333333333,1.0,0.35313611973791464,0.0,227.94701105002565,0.036695,62.119365322257984,-10.017546314003305
BE,2018-11-01,64802.666666666664,1.0,0.35362765771459453,0.0,229.16015226992965,0.036695,62.44996655400727,-10.609791669252651
BE,2018-12-01,65215.11111111111,1.0,0.35416650883680967,0.0,230.97008225626857,0.036695,62.943202685997704,-11.261417540737824
BE,2019-01-01,65461.33333333333,1.0,0.35451131697066224,0.0,232.0678349065551,0.036695,63.24235860650092,-11.563961296858075
BE,2019-02-01,65595.55555555555,1.0,0.3545672476744175,0.0,232.58035593007676,0.036695,63.38202914023076,-11.59978689895032
BE,2019-03-01,65076.44444444444,1.0,0.3545672476744175,0.0,230.739757951038,0.036695,62.8804354683303,-12.538840747611495
BE,2019-04-01,65262.22222222222,1.0,0.35407478024347405,0.0,231.077069915341,0.036695,62.97235860889523,-12.5878930567686
BE,2019-05-01,65427.555555555555,1.0,0.353469803304039,0.0,231.26665192886307,0.036695,63.024022872016104,-12.590523127284484
BE,2019-06-01,65514.666666666664,1.0,0.3528508051696303,0.0,231.16902883753272,0.036695,62.99741895013837,-12.36530287693489
BE,2019-07-01,65720.88888888889,1.0,0.3509523762352956,0.0,230.6490212385139,0.036695,62.85570819962227,-12.543533390526619
BE,2019-08-01,65768.88888888889,1.0,0.35035234161157525,0.0,230.42284227413737,0.036695,62.794070656530145,-12.429647344155875
BE,2019-09-01,64714.666666666664,1.0,0.35035234161157525,0.0,226.7293500327922,0.036695,61.78753237029356,-13.139127762502099
BE,2019-10-01,65029.33333333333,1.0,0.3469723782198042,0.0,225.63382440715054,0.036695,61.48898335117879,-13.089935299240707
BE,2019-11-01,65678.22222222222,1.0,0.3411640917616606,0.0,224.07051032964958,0.036695,61.06295417077247,-13.487949689876842
BE,2019-12-01,66442.66666666666,1.0,0.3348422845476658,0.0,222.47814298105706,0.036695,60.62900748904676,-13.858184622302034
BE,2020-01-01,67296.0,1.0,0.32760766774851147,0.0,220.4668560880383,0.036695,60.08089823900758,-14.155136244601238
BE,2020-02-01,67923.55555555555,1.0,0.3216399479075913,0.0,218.4692887058727,0.036695,59.536527784677126,-14.566311099213301
BE,2020-03-01,70064.04933333333,1.0,0.30555178659491755,0.0,214.0819544987444,0.036695,58.34090598139922,-12.380707794064307
BE,2020-04-01,73972.76155555555,1.0,0.2844760291619823,0.0,210.43477473470583,0.036695,57.34698861826021,-16.735492513626454
BE,2020-05-01,78886.05122222222,1.0,0.25392818005687623,0.0,200.31391418732403,0.036695,54.5888851852634,-22.590738873643623
BE,2020-06-01,83609.11866666666,1.0,0.22317353862679912,0.0,186.59342874307964,0.036695,50.84982388420211,-23.16863351202032
BE,2020-07-01,87045.87255555554,1.0,0.19890170754020484,0.0,173.1357268562705,0.036695,47.182375488832406,-26.789597419023195
BE,2020-08-01,89186.53566666666,1.0,0.18374344985114896,0.0,163.87441743665875,0.036695,44.65851408547724,-28.985312882202187
BE,2020-09-01,90114.80888888889,1.0,0.1663400566244316,0.0,149.8970241327761,0.036695,40.849441104449134,-32.12418848539027
BE,2020-10-01,93096.41544444444,1.0,0.143592835286638,0.0,133.6797824869053,0.036695,36.429972063470586,-34.92382666015938
BE,2020-11-01,96061.1331111111,1.0,0.12136945627539784,0.0,116.58887494894172,0.036695,31.772414483973765,-37.5464405638441
BE,2020-12-01,98277.35177777777,1.0,0.10570852961950324,0.0,103.88754351327562,0.036695,28.31108966160938,-39.27077600183035
BE,2021-01-01,100562.89822222223,1.0,0.09088037474291563,0.0,91.3919387566924,0.036695,24.905828793212265,-41.24358239280144
BE,2021-02-01,102830.67244444444,1.0,0.07844136366480774,0.0,80.6617817311139,0.036695,21.9816818997449,-42.9684629786301
BE,2021-03-01,105582.0531111111,1.0,0.06717580466410744,0.0,70.92559375827418,0.036695,19.328408164129765,-44.60409577943709
BE,2021-04-01,108861.48177777776,1.0,0.05594789277233885,0.0,60.905705095410305,0.036695,16.59782125505118,-45.66674692613172
BE,2021-05-01,111796.89855555556,1.0,0.04892838702306911,0.0,54.70041920505018,0.036695,14.906777273484176,-46.95876978063445
BE,2021-06-01,114733.188,1.0,0.041468497322332154,0.0,47.57812899360631,0.036695,12.965834308109093,-48.069447081459906
BE,2021-07-01,118038.40244444444,1.0,0.03105525656984915,0.0,36.65712873007331,0.036695,9.989679446811095,-50.00631856041867
BE,2021-08-01,120334.64722222222,1.0,0.022523709117005485,0.0,27.103825907308057,0.036695,7.386244967245689,-51.09773505234661
BE,2021-09-01,120441.58077777777,1.0,0.013152214002824875,0.0,15.84073445227852,0.036695,4.316864546199351,-53.242809350148605
BE,2021-10-01,123016.0488888889,1.0,0.008924391164776403,0.0,10.978433398297021,0.036695,2.9918063491748255,-54.57760408748708
BE,2021-11-01,125523.8518888889,1.0,0.0040099935861157236,0.0,5.033498409789845,0.036695,1.3717123340481934,-55.95358003317352
BE,2021-12-01,127501.82277777776,1.0,0.0004150525608213445,0.0,0.5291995805330589,0.036695,0.1442157189080417,-57.234957024889276
BE,2022-01-01,130110.91155555555,1.0,-0.0002306284328827837,0.0,-0.30007275633008246,0.036695,-0.0817748348085795,-58.72799084266616
BE,2022-02-01,131911.97655555554,1.0,0.0042316090776841515,0.0,5.5819991744774775,0.036695,1.521187947806916,-59.57565849132503
BE,2022-03-01,131170.75544444442,1.0,0.004998710486331827,0.0,6.55684630740212,0.036695,1.786850063333457,-61.96739694176158
BE,2022-04-01,133465.02555555553,1.0,0.024000335581919902,0.0,32.032054017828486,0.036695,8.729269387608253,-58.73788749918157
BE,2022-05-01,134393.89477777778,1.0,0.035202787895666075,0.0,47.31039772334576,0.036695,12.892873068087141,-56.86843975537593
BE,2022-06-01,135391.25955555553,1.0,0.048928829057070515,0.0,66.24535794615241,0.036695,18.052965784480833,-55.22165330904053
BE,2022-07-01,135637.45088888888,1.0,0.05465546656354669,0.0806451612903225,-35.25175942120268,0.036695,-9.606692852214929,-65.64635212258841
BE,2022-08-01,135928.14577777777,1.0,0.057501805222892714,0.5,-601.4795912606614,0.036695,-163.91322830376384,-109.09316809608188
BE,2022-09-01,133215.2081111111,1.0,0.05491399486640454,0.925,-1159.086882484372,0.036695,-315.87052254649734,-150.86290329719114
BE,2022-10-01,134129.0128888889,1.0,0.07205912438225455,1.25,-1579.9604688808165,0.036695,-430.5655999130172,-182.06987504448034
BE,2022-11-01,133548.4638888889,1.0,0.0789227227725969,1.975,-2532.1820778834663,0.036695,-690.0618825135485,-251.29185602002116
BE,2022-12-01,133944.037,1.0,0.08650326289105698,2.177419354838709,-2800.6574238373178,0.036695,-763.2258955817736,-271.6156067276959
BE,2023-01-01,133807.97733333334,1.0,0.09459858655080237,2.5,-3218.618978083782,0.036695,-877.12739558081,-302.5377280174987
BE,2023-02-01,134399.13177777777,1.0,0.10728379304119424,2.875,-3719.786552225478,0.036695,-1013.7039248468396,-341.87454476558867
BE,2023-03-01,135013.38066666666,1.0,0.1206123653653628,3.161290322580645,-4105.322105222493,0.036695,-1118.7687982620228,-375.33818486322195
BE,2023-04-01,135465.85666666666,1.0,0.13028859585038327,3.5,-4564.8084208256405,0.036695,-1243.986488847429,-415.041890408124
BE,2023-05-01,136105.00877777778,1.0,0.14353122338493507,3.6774193548387095,-4809.798751512007,0.036695,-1310.750443251671,-436.5499337285645
BE,2023-06-01,132722.6882222222,1.0,0.1416156151955739,3.8333333333333335,-4899.746997088515,0.036695,-1335.2628415556658,-422.38889144778557
BE,2023-07-01,132967.1632222222,1.0,0.1473311598700798,4.0,-5122.784465067246,0.036695,-1396.0442744426343,-452.9098016505801
BE,2023-08-01,133223.19522222222,1.0,0.15322855978758135,4.241935483870968,-5447.106007536128,0.036695,-1484.4273082262239,-479.86925943300116
BE,2023-09-01,133387.6602222222,1.0,0.15713705805423125,4.341666666666667,-5581.646136234241,0.036695,-1521.091738992844,-494.5986093609429
BE,2023-10-01,130251.52622222222,1.0,0.15669223010609185,4.5,-5657.224658815178,0.036695,-1541.6881479261967,-484.8708920388822
BE,2023-11-01,130434.66022222221,1.0,0.16094098521683892,4.5,-5659.636882774119,0.036695,-1542.3455192189997,-488.1200319778079
BE,2023-12-01,130553.78622222222,1.0,0.1632244864699629,4.5,-5661.824632871685,0.036695,-1542.9417176377397,-488.9055062962432
BE,2024-01-01,131035.62422222222,1.0,0.17259266660994324,4.5,-5670.445211945882,0.036695,-1545.2909693271242,-497.01708941013476
BE,2024-02-01,131461.45522222223,1.0,0.181480100289814,4.5,-5677.1891042202615,0.036695,-1547.1287925385643,-503.67175908695594
BE,2024-03-01,131892.62022222223,1.0,0.19054340503946846,4.5,-5683.855220432804,0.036695,-1548.9454204749434,-510.817463535496
BE,2024-04-01,132322.89622222222,1.0,0.1997316730493203,4.5,-5690.239595548041,0.036695,-1550.6852692595833,-520.4707772009381
BE,2024-05-01,132839.4052222222,1.0,0.21103599483804897,4.5,-5697.434274652335,0.036695,-1552.64593940655,-525.0480587230461
BE,2024-06-01,126925.35544444443,1.0,0.21065100148672689,4.341666666666667,-5243.306316495319,0.036695,-1428.8884906650278,-451.22534082223933
BE,2024-07-01,127152.93944444443,1.0,0.2157072344656608,4.25,-5129.721837171481,0.036695,-1397.934824137207,-451.0930919129761
BE,2024-08-01,127223.17044444443,1.0,0.21706368393162745,4.25,-5130.829443307563,0.036695,-1398.2366652970607,-454.35619449256023
BE,2024-09-01,127343.18544444445,1.0,0.21926728701572268,3.99,-4801.7711513099,0.036695,-1308.5627882027254,-434.8542188723965
BE,2024-10-01,123044.29666666666,1.0,0.2194621453296857,3.577419354838709,-4131.774830808004,0.036695,-1125.9776075236418,-362.2611166275676
BE,2024-11-01,123181.20266666665,1.0,0.22213164580219405,3.4,-3914.5364578642634,0.036695,-1066.7765248301578,-351.6325446152267
BE,2024-12-01,123203.43055555555,1.0,0.2229482048640484,3.287096774193548,-3775.1361547329184,0.036695,-1028.787615406164,-344.78334930742994
BE,2025-01-01,123203.43055555555,1.0,0.2229482048640484,3.0,-3421.4230799121306,0.036695,-932.3948984635865,-320.39229463621257
BE,2025-02-01,123203.43055555555,1.0,0.2229482048640484,2.7857142857142856,-3157.415728721654,0.036695,-860.4484885465743,-303.9149368548517
BE,2025-03-01,123203.43055555555,1.0,0.2229482048640484,2.588709677419355,-2914.699292949765,0.036695,-794.3042084615793,-289.98784105073867
BE,2025-04-01,123203.43055555555,1.0,0.2229482048640484,2.433333333333333,-2723.2703067639827,0.036695,-742.1366144608211,-279.69836302208506
BE,2025-05-01,123203.43055555555,1.0,0.2229482048640484,2.25,-2497.397350745464,0.036695,-680.5824637540439,-264.86294756855943
BE,2025-06-01,114350.52811111111,1.0,0.22337131608140465,2.083333333333333,-2126.8763893936557,0.036695,-579.6093171804486,-205.96452058156535
BE,2025-07-01,114350.52811111111,1.0,0.22337131608140465,2.0,-2031.584282634397,0.036695,-553.640627506308,-204.6622769101259
BE,2025-08-01,114350.52811111111,1.0,0.22337131608140465,2.0,-2031.584282634397,0.036695,-553.640627506308,-205.83372122263268
BE,2025-09-01,114350.52811111111,1.0,0.22337131608140465,2.0,-2031.584282634397,0.036695,-553.640627506308,-208.3878504432995
BE,2025-10-01,114350.52811111111,1.0,0.22337131608140465,2.0,-2031.584282634397,0.036695,-553.640627506308,-213.93771119897815
BE,2025-11-01,114350.52811111111,1.0,0.22337131608140465,2.0,-2031.584282634397,0.036695,-553.640627506308,-216.37691328718648
BE,2025-12-01,114350.52811111111,1.0,0.22337131608140465,2.0,-2031.584282634397,0.036695,-553.640627506308,-216.71445496064882
BE,2026-01-01,114350.52811111111,1.0,0.22337131608140465,2.0,-2031.584282634397,0.036261,-560.2670314206439,-220.7791445929862
BE,2026-02-01,114350.52811111111,1.0,0.22337131608140465,2.0,-2031.584282634397,0.036261,-560.2670314206439,-225.1748465289969
BE,2026-03-01,109939.63644444445,1.0,0.2235368261315015,2.0,-1953.037154920466,0.036261,-538.6054314333488,-207.89135291847708
BE,2026-04-01,109939.63644444445,1.0,0.2235368261315015,2.0,-1953.037154920466,0.036261,-538.6054314333488,-212.37651575722953
BE,2026-05-01,109822.29366666666,1.0,0.2236180671894485,2.0,-1950.8633828928132,0.036261,-538.0059520953126,-215.70781471588793
BE,2026-06-01,102849.53333333333,1.0,0.2229727707580709,2.1166666666666667,-1947.6553347038096,0.036261,-537.1212417483824,-193.21920008889253
BE,2026-07-01,102849.53333333333,1.0,0.2229727707580709,2.25,-2084.7880458149207,0.036261,-574.9394792793692,-207.8201544699334
BE,2026-08-01,102849.53333333333,1.0,0.2229727707580709,2.25,-2084.7880458149207,0.036261,-574.9394792793692,-208.79097854696624
CY,2015-07-01,87.1111111111111,1.0,2.826906741979785,0.05,2.418994317457946,0.002204,10.9754733097003,-1.377043458974308
CY,2015-08-01,87.1111111111111,1.0,2.826906741979785,0.05,2.418994317457946,0.002204,10.9754733097003,-3.45551549653905
CY,2015-09-01,87.1111111111111,1.0,2.826906741979785,0.05,2.418994317457946,0.002204,10.9754733097003,-5.95212643829924
CY,2015-10-01,167.11111111111111,1.0,2.8629069176627446,0.05,4.70068000462752,0.002204,21.327949204299095,1.6228959036240305
CY,2015-11-01,253.33333333333331,1.0,2.9859555346318767,0.05,7.437754021067421,0.002204,33.746615340596286,11.290084085354223
CY,2015-12-01,253.33333333333331,1.0,2.9859555346318767,0.05,7.437754021067421,0.002204,33.746615340596286,9.658181386036038
CY,2016-01-01,253.33333333333331,1.0,2.9859555346318767,0.05,7.437754021067421,0.002204,33.746615340596286,7.588330834231158
CY,2016-02-01,253.33333333333331,1.0,2.9859555346318767,0.05,7.437754021067421,0.002204,33.746615340596286,5.675207907654428
CY,2016-03-01,239.1111111111111,1.0,2.9859555346318767,0.0241935483870967,7.081901993776407,0.002204,32.13204171404904,1.4273062859309533
CY,2016-04-01,239.1111111111111,1.0,2.9859555346318767,0.0,7.1397514561419975,0.002204,32.39451658866605,-1.7222422375398878
CY,2016-05-01,239.1111111111111,1.0,2.9859555346318767,0.0,7.1397514561419975,0.002204,32.39451658866605,-4.259334058008818
CY,2016-06-01,239.1111111111111,1.0,2.9859555346318767,0.0,7.1397514561419975,0.002204,32.39451658866605,-6.61674963448354
CY,2016-07-01,239.1111111111111,1.0,2.9859555346318767,0.0,7.1397514561419975,0.002204,32.39451658866605,-7.706934991789431
CY,2016-08-01,239.1111111111111,1.0,2.9859555346318767,0.0,7.1397514561419975,0.002204,32.39451658866605,-8.335434543226086
CY,2016-09-01,220.44444444444443,1.0,2.985955534631877,0.0,6.5823730896773816,0.002204,29.865576631930047,-11.689479282179029
CY,2016-10-01,220.44444444444443,1.0,2.985955534631877,0.0,6.5823730896773816,0.002204,29.865576631930047,-12.934989777117693
CY,2016-11-01,220.44444444444443,1.0,2.985955534631877,0.0,6.5823730896773816,0.002204,29.865576631930047,-15.164327490481867
CY,2016-12-01,220.44444444444443,1.0,2.985955534631877,0.0,6.5823730896773816,0.002204,29.865576631930047,-16.702101982706942
CY,2017-01-01,220.44444444444443,1.0,2.985955534631877,0.0,6.5823730896773816,0.002204,29.865576631930047,-18.64256095218842
CY,2017-02-01,220.44444444444443,1.0,2.985955534631877,0.0,6.5823730896773816,0.002204,29.865576631930047,-20.851772254541196
CY,2017-03-01,220.44444444444443,1.0,2.985955534631877,0.0,6.5823730896773816,0.002204,29.865576631930047,-23.10811088143285
CY,2017-04-01,220.44444444444443,1.0,2.985955534631877,0.0,6.5823730896773816,0.002204,29.865576631930047,-24.663328582520975
CY,2017-05-01,220.44444444444443,1.0,2.985955534631877,0.0,6.5823730896773816,0.002204,29.865576631930047,-26.0831297726956
CY,2017-06-01,190.2222222222222,1.0,2.985955534631877,0.0,5.679950972544192,0.002204,25.771102416262213,-31.16272317115912
CY,2017-07-01,190.2222222222222,1.0,2.985955534631877,0.0,5.679950972544192,0.002204,25.771102416262213,-32.79009771569176
CY,2017-08-01,190.2222222222222,1.0,2.985955534631877,0.0,5.679950972544192,0.002204,25.771102416262213,-33.92357608861654
CY,2017-09-01,189.33333333333331,1.0,2.985955534631877,0.0,5.653409145569686,0.002204,25.65067670403669,-35.25617186959446
CY,2017-10-01,189.33333333333331,1.0,2.985955534631877,0.0,5.653409145569686,0.002204,25.65067670403669,-36.40566159597563
CY,2017-11-01,189.33333333333331,1.0,2.985955534631877,0.0,5.653409145569686,0.002204,25.65067670403669,-37.19093304407107
CY,2017-12-01,189.33333333333331,1.0,2.985955534631877,0.0,5.653409145569686,0.002204,25.65067670403669,-38.04646237428442
CY,2018-01-01,189.33333333333331,1.0,2.985955534631877,0.0,5.653409145569686,0.002204,25.65067670403669,-38.68834366308774
CY,2018-02-01,189.33333333333331,1.0,2.985955534631877,0.0,5.653409145569686,0.002204,25.65067670403669,-39.526215877288216
CY,2018-03-01,189.33333333333331,1.0,2.985955534631877,0.0,5.653409145569686,0.002204,25.65067670403669,-40.34565037454973
CY,2018-04-01,189.33333333333331,1.0,2.985955534631877,0.0,5.653409145569686,0.002204,25.65067670403669,-41.115773707358166
CY,2018-05-01,189.33333333333331,1.0,2.985955534631877,0.0,5.653409145569686,0.002204,25.65067670403669,-41.960356799683545
CY,2018-06-01,189.33333333333331,1.0,2.985955534631877,0.0,5.653409145569686,0.002204,25.65067670403669,-42.94536751224245
CY,2018-07-01,189.33333333333331,1.0,2.985955534631877,0.0,5.653409145569686,0.002204,25.65067670403669,-43.71998800216638
CY,2018-08-01,189.33333333333331,1.0,2.985955534631877,0.0,5.653409145569686,0.002204,25.65067670403669,-44.50635118949938
CY,2018-09-01,189.33333333333331,1.0,2.985955534631877,0.0,5.653409145569686,0.002204,25.65067670403669,-45.33757387429005
CY,2018-10-01,327.1111111111111,1.0,2.3704415730519584,0.0,7.75397776784996,0.002204,35.18138733144266,-36.95552430481863
CY,2018-11-01,447.1111111111111,1.0,2.178320512124082,0.0,9.73951304531923,0.002204,44.19016808221066,-28.869590141049258
CY,2018-12-01,601.7777777777777,1.0,2.0542118809508914,0.0,12.361790608033363,0.002204,56.08797916530565,-18.11664106142988
CY,2019-01-01,653.3333333333333,1.0,2.0176525389997795,0.0,13.181996588131891,0.002204,59.80942190622456,-14.99689799713444
CY,2019-02-01,703.1111111111111,1.0,1.9765922383622923,0.0,13.897639649285095,0.002204,63.05644123995052,-11.92537479923056
CY,2019-03-01,753.7777777777777,1.0,1.925999559044285,0.0,14.51775667617381,0.002204,65.87003936557991,-9.54923685036188
CY,2019-04-01,857.7777777777777,1.0,1.813510114387115,0.0,15.55588675896503,0.002204,70.5802484526544,-4.980003213009425
CY,2019-05-01,960.8888888888888,1.0,1.7122680931103933,0.0,16.45299385468742,0.002204,74.65060732616797,-0.9639386731326169
CY,2019-06-01,1046.2222222222222,1.0,1.6088721466040132,0.0,16.832377924914876,0.002204,76.37195065750852,1.0092288304352621
CY,2019-07-01,1170.6666666666665,1.0,1.473333728645708,0.0,17.24782685001242,0.002204,78.2569276316353,2.857686041486417
CY,2019-08-01,1252.4444444444443,1.0,1.3901536758346025,0.0,17.410902482230707,0.002204,78.99683521883262,3.773117218146595
CY,2019-09-01,1395.5555555555554,1.0,1.2746179788739,0.0,17.788002016284647,0.002204,80.70781314103742,5.781153008241759
CY,2019-10-01,1485.3333333333333,1.0,1.215273982949151,0.0,18.05086956007139,0.002204,81.90049709651267,7.32157844609317
CY,2019-11-01,1615.111111111111,1.0,1.1474052574579086,0.0,18.53186980267573,0.002204,84.08289384154142,9.531989980892106
CY,2019-12-01,1728.0,1.0,1.0956063585449738,0.0,18.932077875657146,0.002204,85.89871994399795,11.411527832649156
CY,2020-01-01,1817.7777777777776,1.0,1.061901979996106,0.0,19.303018214151436,0.002204,87.58175233281051,13.34571784920169
CY,2020-02-01,1854.2222222222222,1.0,1.0486063094044458,0.0,19.443491212601547,0.002204,88.21910713521574,14.116268251325309
CY,2020-03-01,1977.7803333333331,1.0,1.0520777050151393,0.0,20.807785941174103,0.002204,94.40919211059031,23.687578335126787
CY,2020-04-01,2272.9154444444443,1.0,1.1500160103201886,0.0,26.138891512151382,0.002204,118.59751139814603,44.51503026625936
CY,2020-05-01,2569.831222222222,1.0,1.2037942023958388,0.0,30.935479264469237,0.002204,140.3606137226372,63.18098966373017
CY,2020-06-01,2884.527777777778,1.0,1.1799611921923838,0.0,34.03630835578714,0.002204,154.42971123315402,80.41125383693159
CY,2020-07-01,3177.8817777777776,1.0,1.1503722831111773,0.0,36.55747116159629,0.002204,165.8687439273879,91.8967710195323
CY,2020-08-01,3395.673555555555,1.0,1.1276272198432407,0.0,38.29053930946323,0.002204,173.73202953476965,100.08820256709022
CY,2020-09-01,3632.1326666666664,1.0,1.0949630914846853,0.0,39.77051213375847,0.002204,180.44696975389508,107.47334016405567
CY,2020-10-01,3873.9265555555553,1.0,1.0482524356206584,0.0,40.608529472766584,0.002204,184.24922628297,112.89542755934004
CY,2020-11-01,4109.4982222222225,1.0,0.9992615083945604,0.0,41.06463392282542,0.002204,186.3186657115491,116.99981066373124
CY,2020-12-01,4332.622222222222,1.0,0.9527354753738089,0.0,41.278428925040174,0.002204,187.28869748203348,119.70683181859376
CY,2021-01-01,4507.745777777778,1.0,0.9200313503895712,0.0,41.47267435141777,0.002204,188.170028817685,122.02061763167129
CY,2021-02-01,4656.201555555555,1.0,0.8959718253347115,0.0,41.71825406857434,0.002204,189.2842743583228,124.33412947994779
CY,2021-03-01,4817.988777777778,1.0,0.8733207376306327,0.0,42.076495133049995,0.002204,190.9096875365245,126.97718359295764
CY,2021-04-01,4967.331222222222,1.0,0.8536941438045001,0.0,42.405815747483615,0.002204,192.4038827018313,130.13931452064838
CY,2021-05-01,5095.339888888889,1.0,0.8403564591624666,0.0,42.81901787255943,0.002204,194.278665483482,132.41311842936338
CY,2021-06-01,5235.792333333333,1.0,0.8217856014464467,0.0,43.02698751697027,0.002204,195.22226641093593,134.18698502136692
CY,2021-07-01,5364.689,1.0,0.8034328495388426,0.0,43.101673701596845,0.002204,195.5611329473541,135.56513494012435
CY,2021-08-01,5470.473,1.0,0.7872646146529689,0.0,43.06709818314471,0.002204,195.4042567293317,136.92027670973943
CY,2021-09-01,5595.812,1.0,0.7699796525895867,0.0,43.0866137971664,0.002204,195.49280307244285,137.9331291760949
CY,2021-10-01,5689.151444444444,1.0,0.7599465393212049,0.0,43.23450951879789,0.002204,196.16383629218646,138.59442585552455
CY,2021-11-01,5785.1575555555555,1.0,0.7530659013036484,0.0,43.56604888758056,0.002204,197.66809840100072,140.342806033779
CY,2021-12-01,5865.161888888889,1.0,0.7491544108491356,0.0,43.93911899405359,0.002204,199.36079398390922,141.9816212401119
CY,2022-01-01,5994.057222222222,1.0,0.7473264627548681,0.0,44.795175814336034,0.002204,203.24489933909274,144.59868333123515
CY,2022-02-01,6097.176222222222,1.0,0.758888229551607,0.0,46.270752685463776,0.002204,209.9398942171678,148.84304777803584
CY,2022-03-01,6197.626,1.0,0.7747631851978828,0.0,48.01692460425213,0.002204,217.86263432056322,154.10838731546818
CY,2022-04-01,6291.848222222223,1.0,0.7949792594057375,0.0,50.018888399955294,0.002204,226.94595462774635,159.4787977409565
CY,2022-05-01,5922.051666666666,1.0,0.7951939076756954,0.0,47.09179406274031,0.002204,213.66512732640797,143.9038145029449
CY,2022-06-01,5958.4961111111115,1.0,0.8104013811404699,0.0,48.28773477964563,0.002204,219.09135562452647,145.81673653100512
CY,2022-07-01,6007.385,1.0,0.8296764134660629,0.0806451612903225,44.9971910885176,0.002204,204.16148406768423,148.12182479731075
CY,2022-08-01,6045.608333333334,1.0,0.8425987487183947,0.5,20.712178502414996,0.002204,93.97540155360707,148.79546176128903
CY,2022-09-01,6114.942555555555,1.0,0.8737146847909744,0.925,-3.1360675644675173,0.002204,-14.228981689961513,150.7786375593447
CY,2022-10-01,6166.498555555556,1.0,0.8998983898683615,1.25,-21.589010731744235,0.002204,-97.95376920029146,150.5419556682454
CY,2022-11-01,6194.054111111111,1.0,0.9140898909740223,1.975,-65.71334622331695,0.002204,-298.1549284179535,140.61509807557388
CY,2022-12-01,6220.721444444444,1.0,0.9279801679557887,2.177419354838709,-77.72413143371813,0.002204,-352.65032410942894,138.95996474464874
CY,2023-01-01,6234.943666666666,1.0,0.9353672199930679,2.5,-97.55397242363279,0.002204,-442.62237941757166,131.96728814573964
CY,2023-02-01,6247.388111111111,1.0,0.9417260531669968,2.875,-120.7791267096536,0.002204,-547.9996674666679,123.82971261458306
CY,2023-03-01,6250.943666666666,1.0,0.9435403136283022,3.161290322580645,-138.6303037271059,0.002204,-628.9941185440377,114.43649485476305
CY,2023-04-01,6278.501222222222,1.0,0.9567327814218441,3.5,-159.67906340280663,0.002204,-724.4966579074712,104.44794053183375
CY,2023-05-01,6322.949222222222,1.0,0.9772179901694773,3.6774193548387095,-170.73236118578706,0.002204,-774.6477367776183,99.55277274548814
CY,2023-06-01,6347.840333333334,1.0,0.988176449374201,3.8333333333333335,-180.60601622656768,0.002204,-819.4465346033016,93.42741550457856
CY,2023-07-01,5938.043,1.0,0.9885224563452811,4.0,-178.82283147756098,0.002204,-811.3558596985526,131.77861309350158
CY,2023-08-01,5957.601000000001,1.0,0.9976646568860408,4.241935483870968,-193.28071123116231,0.002204,-876.954225186762,127.60382360646076
CY,2023-09-01,5970.936,1.0,1.004194794517904,4.341666666666667,-199.27830950400443,0.002204,-904.1665585481145,122.32657108378669
CY,2023-10-01,5994.05,1.0,1.0158105302808242,4.5,-208.84405890970226,0.002204,-947.5683253616255,109.24893052568905
CY,2023-11-01,6002.0509999999995,1.0,1.019373417644361,4.5,-208.90898259254246,0.002204,-947.8628974253288,106.36258981586298
CY,2023-12-01,6010.052,1.0,1.0221560306982334,4.5,-209.0202310339002,0.002204,-948.3676544187849,105.66855692271156
CY,2024-01-01,6011.83,1.0,1.0227722004294761,4.5,-209.04502402292061,0.002204,-948.4801452945582,99.79373462243132
CY,2024-02-01,6011.83,1.0,1.0227722004294761,4.5,-209.04502402292061,0.002204,-948.4801452945582,94.97688815705021
CY,2024-03-01,6011.83,1.0,1.0227722004294761,4.5,-209.04502402292061,0.002204,-948.4801452945582,89.6478116448892
CY,2024-04-01,6011.83,1.0,1.0227722004294761,4.5,-209.04502402292061,0.002204,-948.4801452945582,81.73434676408704
CY,2024-05-01,6011.83,1.0,1.0227722004294761,4.5,-209.04502402292061,0.002204,-948.4801452945582,79.11773538894579
CY,2024-06-01,5641.150777777777,1.0,1.022024378420822,4.341666666666667,-187.26602676282047,0.002204,-849.6643682523616,127.99878159042692
CY,2024-07-01,5674.043777777777,1.0,1.0342757665296454,4.25,-182.4616007797168,0.002204,-827.8657022673177,118.97602995691318
CY,2024-08-01,5684.711777777778,1.0,1.0376487116749677,4.25,-182.6129120310093,0.002204,-828.5522324455958,115.32823835890463
CY,2024-09-01,5702.491777777777,1.0,1.0427743632399784,3.99,-168.065299608799,0.002204,-762.546731437382,111.16183789294689
CY,2024-10-01,5725.605777777777,1.0,1.049285929826615,3.577419354838709,-144.75095345242366,0.002204,-656.7647615808696,106.9517293152046
CY,2024-11-01,5746.052777777777,1.0,1.0551510260700885,3.4,-134.7362596011934,0.002204,-611.3260417477015,103.81793846722951
CY,2024-12-01,5314.034888888889,1.0,1.0550225016319719,3.287096774193548,-118.61320558983502,0.002204,-538.1724391553313,145.8318269434027
CY,2025-01-01,5314.034888888889,1.0,1.0550225016319719,3.0,-103.35678284431535,0.002204,-468.95092034625844,143.0516834811155
CY,2025-02-01,5314.034888888889,1.0,1.0550225016319719,2.7857142857142856,-91.96956522526773,0.002204,-417.2847786990369,139.24877299268564
CY,2025-03-01,5314.034888888889,1.0,1.0550225016319719,2.588709677419355,-81.50067160775622,0.002204,-369.78526137820427,134.53110603263633
CY,2025-04-01,5314.034888888889,1.0,1.0550225016319719,2.433333333333333,-73.24391847394496,0.002204,-332.3226791013837,130.11557233735232
CY,2025-05-01,5314.034888888889,1.0,1.0550225016319719,2.25,-63.50152117764868,0.002204,-288.11942458098315,127.60009160450136
CY,2025-06-01,5314.034888888889,1.0,1.0550225016319719,2.083333333333333,-54.64479636283384,0.002204,-247.9346477442552,125.71014885462802
CY,2025-07-01,5314.034888888889,1.0,1.0550225016319719,2.0,-50.216433955426446,0.002204,-227.84225932589132,121.13609127029073
CY,2025-08-01,5314.034888888889,1.0,1.0550225016319719,2.0,-50.216433955426446,0.002204,-227.84225932589132,119.96464695778397
CY,2025-09-01,5314.034888888889,1.0,1.0550225016319719,2.0,-50.216433955426446,0.002204,-227.84225932589132,117.41051773711715
CY,2025-10-01,5314.034888888889,1.0,1.0550225016319719,2.0,-50.216433955426446,0.002204,-227.84225932589132,111.8606569814385
CY,2025-11-01,4894.460555555555,1.0,1.05494626459593,2.0,-46.25528230815657,0.002204,-209.8697019426342,127.39401227648727
CY,2025-12-01,4894.460555555555,1.0,1.05494626459593,2.0,-46.25528230815657,0.002204,-209.8697019426342,127.05647060302493
CY,2026-01-01,4894.460555555555,1.0,1.05494626459593,2.0,-46.25528230815657,0.002178,-212.3750335544379,127.1128532732198
CY,2026-02-01,4455.330666666667,1.0,1.0548029571438096,2.0,-42.11165371079833,0.002178,-193.35010886500612,141.74207602664086
CY,2026-03-01,4455.330666666667,1.0,1.0548029571438096,2.0,-42.11165371079833,0.002178,-193.35010886500612,137.36396964986562
CY,2026-04-01,4455.330666666667,1.0,1.0548029571438096,2.0,-42.11165371079833,0.002178,-193.35010886500612,132.87880681111318
CY,2026-05-01,4455.330666666667,1.0,1.0548029571438096,2.0,-42.11165371079833,0.002178,-193.35010886500612,128.94802851441858
CY,2026-06-01,4455.330666666667,1.0,1.0548029571438096,2.1166666666666667,-47.309539488576114,0.002178,-217.21551647647436,126.68652518301553
CY,2026-07-01,4455.330666666667,1.0,1.0548029571438096,2.25,-53.249980377465,0.002178,-244.49026803243802,122.62905677699771
CY,2026-08-01,4455.330666666667,1.0,1.0548029571438096,2.25,-53.249980377465,0.002178,-244.49026803243802,121.65823269996488
DE,2015-03-01,9840.0,1.0,-0.06663741988058766,0.05,-11.477122116249827,0.266301,-0.4309830648870949,-1.6778202584071427
DE,2015-04-01,19749.333333333332,1.0,-0.10618178006902594,0.05,-30.844860351765497,0.266301,-1.1582705416714731,-3.9608598526671166
DE,2015-05-01,30544.0,1.0,-0.0524857373807075,0.05,-31.3032436255633,0.266301,-1.1754835177323142,-6.898099222135572
DE,2015-06-01,41184.0,1.0,-0.015084868381861662,0.05,-26.80455219438591,0.266301,-1.0065509402663118,-10.356301372596846
DE,2015-07-01,51828.44444444444,1.0,-0.012078997926988971,0.05,-32.1745789522573,0.266301,-1.2082034597037674,-13.560720228378376
DE,2015-08-01,60651.555555555555,1.0,-0.012431070163497775,0.05,-37.865415204141726,0.266301,-1.4219028544444716,-15.852891660683822
DE,2015-09-01,71185.77777777778,1.0,-0.010614868339684957,0.05,-43.14916547658072,0.266301,-1.620315563087661,-18.547915311087202
DE,2015-10-01,82025.77777777777,1.0,-0.022260210704416198,0.05,-59.27199985415841,0.266301,-2.225752057039155,-21.93080535771422
DE,2015-11-01,93495.11111111111,1.0,-0.039249738624025074,0.05,-83.4441422929085,0.266301,-3.133452082151719,-25.589983337393782
DE,2015-12-01,102777.77777777777,1.0,-0.04845209242457906,0.05,-101.18687276970624,0.266301,-3.7997180922980474,-27.888152046858295
DE,2016-01-01,113752.88888888888,1.0,-0.06773058401876131,0.05,-133.92194042710153,0.266301,-5.028968739400209,-31.187253245765337
DE,2016-02-01,124810.66666666666,1.0,-0.09845697987686974,0.05,-185.2901462975203,0.266301,-6.9579215360633375,-35.02932896900519
DE,2016-03-01,135842.66666666666,1.0,-0.12321191090446404,0.0241935483870967,-200.23950671390386,0.266301,-7.5192923313808,-38.22402775949888
DE,2016-04-01,152718.22222222222,1.0,-0.15357565021340366,0.0,-234.5380027721285,0.266301,-8.807252048326085,-42.92401087453202
DE,2016-05-01,170116.44444444444,1.0,-0.17579112025329344,0.0,-299.04960342396043,0.266301,-11.229758935338598,-47.88360958201346
DE,2016-06-01,185128.0,1.0,-0.19728995552659767,0.0,-365.23894886727976,0.266301,-13.715267643278835,-52.726533866428426
DE,2016-07-01,200458.66666666666,1.0,-0.22267082965005136,0.0,-446.3629761720976,0.266301,-16.76159594489309,-56.86304752534858
DE,2016-08-01,211452.44444444444,1.0,-0.23628071836394202,0.0,-499.6213547314487,0.266301,-18.761527547078256,-59.491478678970395
DE,2016-09-01,226730.66666666666,1.0,-0.2521372938375879,0.0,-571.6725672332552,0.266301,-21.467158111807887,-63.022214025916966
DE,2016-10-01,242744.88888888888,1.0,-0.2615544797368515,0.0,-634.9101312211315,0.266301,-23.84182302060944,-66.64238942965719
DE,2016-11-01,258113.77777777775,1.0,-0.2627714585588641,0.0,-678.2493386080517,0.266301,-25.469274941064874,-70.49917906347679
DE,2016-12-01,270174.2222222222,1.0,-0.26489604260514854,0.0,-715.6808228059064,0.266301,-26.874883038588152,-73.44256165322514
DE,2017-01-01,285919.1111111111,1.0,-0.26791535775439246,0.0,-766.0212094215121,0.266301,-28.765239688229187,-77.27337727234766
DE,2017-02-01,300994.6666666666,1.0,-0.27344660553468253,0.0,-823.0596988404324,0.266301,-30.907120094946407,-81.62446898141765
DE,2017-03-01,316085.3333333333,1.0,-0.2747525949814447,0.0,-868.4526556890828,0.266301,-32.611693372878165,-85.58538088624107
DE,2017-04-01,327187.55555555556,1.0,-0.2794973991480202,0.0,-914.4807081137614,0.266301,-34.3401154375598,-88.86902065201082
DE,2017-05-01,337782.2222222222,1.0,-0.28109040358123477,0.0,-949.4734116701076,0.266301,-35.65414368215318,-91.60285008677883
DE,2017-06-01,348352.8888888889,1.0,-0.28488286102467586,0.0,-992.3976763287769,0.266301,-37.26601388386739,-94.19983947128873
DE,2017-07-01,359169.77777777775,1.0,-0.28408914984243094,0.0,-1020.3623681798372,0.266301,-38.316129799731776,-96.87732993168575
DE,2017-08-01,367883.55555555556,1.0,-0.2860333629158285,0.0,-1052.269705569876,0.266301,-39.51429793992046,-99.20897644479922
DE,2017-09-01,378262.2222222222,1.0,-0.28894175598335603,0.0,-1092.957507110553,0.266301,-41.04218561366848,-101.94903418729963
DE,2017-10-01,388529.77777777775,1.0,-0.2914931542195547,0.0,-1132.5377043266708,0.266301,-42.528481091947484,-104.5848193919598
DE,2017-11-01,398807.11111111107,1.0,-0.2952961665567311,0.0,-1177.662111066754,0.266301,-44.222969912495785,-107.06457966060356
DE,2017-12-01,408282.6666666666,1.0,-0.2978545369447373,0.0,-1216.0884462256251,0.266301,-45.66593614840444,-109.36307522672556
DE,2018-01-01,412569.77777777775,1.0,-0.29724017857608015,0.0,-1226.3231442176036,0.266301,-46.05026433312693,-110.38928470025137
DE,2018-02-01,417083.5555555555,1.0,-0.29489751551606475,0.0,-1229.9690429593988,0.266301,-46.18717327232713,-111.36406585365204
DE,2018-03-01,421319.11111111107,1.0,-0.29373707897326823,0.0,-1237.570450133916,0.266301,-46.47261745670936,-112.46894453529578
DE,2018-04-01,425512.8888888889,1.0,-0.2928640995957771,0.0,-1246.174490708424,0.266301,-46.79571202167562,-113.56216243307048
DE,2018-05-01,431640.0,1.0,-0.29242890013771405,0.0,-1262.240104554429,0.266301,-47.39899979926583,-115.01003330298607
DE,2018-06-01,436963.5555555555,1.0,-0.2933547313879902,0.0,-1281.8532646634112,0.266301,-48.13550323368711,-116.73154744996626
DE,2018-07-01,442604.44444444444,1.0,-0.2942753541969668,0.0,-1302.4757965804063,0.266301,-48.909910085970616,-118.2805747921737
DE,2018-08-01,447424.0,1.0,-0.2949092692553064,0.0,-1319.4948488728621,0.266301,-49.54900090021675,-119.70602879375281
DE,2018-09-01,453040.0,1.0,-0.29462555147838154,0.0,-1334.7715984176598,0.266301,-50.12266564592922,-121.11091622425596
DE,2018-10-01,455595.5555555555,1.0,-0.2943938530661924,0.0,-1341.245310398325,0.266301,-50.36576319271519,-122.50267482897648
DE,2018-11-01,457821.3333333333,1.0,-0.29464994035859565,0.0,-1348.9702856155939,0.266301,-50.655847541526086,-123.715605764786
DE,2018-12-01,460939.5555555555,1.0,-0.29539517069626464,0.0,-1361.5931869399367,0.266301,-51.12985632573429,-125.33447655246982
DE,2019-01-01,459606.2222222222,1.0,-0.29539517069626464,0.0,-1357.6545846639867,0.266301,-50.981955931971214,-125.78827583533021
DE,2019-02-01,458093.3333333333,1.0,-0.2953951706962647,0.0,-1353.1855839482087,0.266301,-50.81413828518138,-125.79595432436247
DE,2019-03-01,454637.3333333333,1.0,-0.29539517069626464,0.0,-1342.9767268489456,0.266301,-50.43078046454747,-125.85005668048926
DE,2019-04-01,456578.6666666666,1.0,-0.296315361945027,0.0,-1352.9127286971116,0.266301,-50.80389216327056,-126.36414382893439
DE,2019-05-01,460893.3333333333,1.0,-0.2991542921729296,0.0,-1378.7821890055543,0.266301,-51.77532900760997,-127.38987500691056
DE,2019-06-01,459898.6666666666,1.0,-0.2991542921729296,0.0,-1375.8066009794074,0.266301,-51.66359123621043,-127.02631306328368
DE,2019-07-01,460271.11111111107,1.0,-0.2995325285523128,0.0,-1378.6616973069363,0.266301,-51.77080436449492,-127.17004595464381
DE,2019-08-01,461453.3333333333,1.0,-0.3011241222079216,0.0,-1389.5472993991946,0.266301,-52.17957496964692,-127.40329297033294
DE,2019-09-01,460539.5555555555,1.0,-0.3011241222079216,0.0,-1386.79569408693,0.266301,-52.0762480834443,-127.00290821623996
DE,2019-10-01,462907.5555555555,1.0,-0.30338074665800696,0.0,-1404.372398380773,0.266301,-52.736279562629235,-127.31519821304873
DE,2019-11-01,467914.6666666666,1.0,-0.30701929766397834,0.0,-1436.5883232667452,0.266301,-53.94603562385215,-128.49693948450147
DE,2019-12-01,469184.8888888889,1.0,-0.307866709957193,0.0,-1444.4640810385338,0.266301,-54.24178208262581,-128.7289741939746
DE,2020-01-01,469592.0,1.0,-0.3081214718857685,0.0,-1446.9137822578182,0.266301,-54.33377201954998,-128.56980650315882
DE,2020-02-01,472259.5555555555,1.0,-0.3104511809193427,0.0,-1466.1353672266614,0.266301,-55.055571223039394,-129.1584101069298
DE,2020-03-01,476850.1242222222,1.0,-0.31462077617333856,0.0,-1500.2695620114846,0.266301,-56.337361181951415,-127.05897495741493
DE,2020-04-01,492996.07244444446,1.0,-0.32907195502302095,0.0,-1622.311813779642,0.266301,-60.920229881962214,-135.00271101384888
DE,2020-05-01,522081.6387777777,1.0,-0.35473865771199176,0.0,-1852.025397561058,0.266301,-69.54631779681856,-146.72594185572558
DE,2020-06-01,545561.8692222222,1.0,-0.370845538651279,0.0,-2023.1918525931364,0.266301,-75.97387364648034,-149.99233104270277
DE,2020-07-01,568691.2238888888,1.0,-0.3868709534101823,0.0,-2200.1011598189784,0.266301,-82.61708216713336,-156.58905507498895
DE,2020-08-01,585092.8057777778,1.0,-0.39722685406955754,0.0,-2324.145745778373,0.266301,-87.27514150447699,-160.91896847215642
DE,2020-09-01,604413.0053333333,1.0,-0.408799728595511,0.0,-2470.838725398638,0.266301,-92.78368182615303,-165.75731141599243
DE,2020-10-01,626640.7603333333,1.0,-0.4234221318974534,0.0,-2653.3356667418116,0.266301,-99.63671434736675,-170.9905130709967
DE,2020-11-01,654123.6243333333,1.0,-0.44020797017265095,0.0,-2879.504329097543,0.266301,-108.1296851719499,-177.44854021976778
DE,2020-12-01,671297.6524444445,1.0,-0.4497705619309227,0.0,-3019.2992236284704,0.266301,-113.37919210323919,-180.96105776667892
DE,2021-01-01,683409.4166666666,1.0,-0.4558154604626519,0.0,-3115.0857794242897,0.266301,-116.97612023328074,-183.12553141929445
DE,2021-02-01,703375.4431111111,1.0,-0.4636646196383064,0.0,-3261.303072930385,0.266301,-122.46679783141576,-187.41694270979076
DE,2021-03-01,723229.8354444443,1.0,-0.4704799849104844,0.0,-3402.6516206671427,0.266301,-127.77464675938664,-191.7071507029535
DE,2021-04-01,746969.9137777777,1.0,-0.4778016827044354,0.0,-3569.0348173260923,0.266301,-134.02258411820054,-196.28715229938345
DE,2021-05-01,770405.9041111111,1.0,-0.4828320466215974,0.0,-3719.766594113299,0.266301,-139.68278730133565,-201.54833435545427
DE,2021-06-01,790722.6654444444,1.0,-0.48776679258043887,0.0,-3856.882583444921,0.266301,-144.8316973441677,-205.86697873373672
DE,2021-07-01,813668.1323333333,1.0,-0.4957708185173132,0.0,-4033.9291596835014,0.266301,-151.4800605211209,-211.47605852835065
DE,2021-08-01,831338.3472222222,1.0,-0.5028530647833864,0.0,-4180.410357726495,0.266301,-156.98064812848975,-215.46462814808206
DE,2021-09-01,848342.0555555555,1.0,-0.507023599741305,0.0,-4301.294428197159,0.266301,-161.52002539221252,-219.07969928856048
DE,2021-10-01,865804.2795555554,1.0,-0.5086442335447348,0.0,-4403.863541742868,0.266301,-165.3716486886218,-222.94105912528372
DE,2021-11-01,887940.2923333333,1.0,-0.5121424919644649,0.0,-4547.519540312488,0.266301,-170.76614583920028,-228.091438206422
DE,2021-12-01,901475.0228888888,1.0,-0.5144375260017231,0.0,-4637.525805273067,0.266301,-174.14601542138658,-231.5251881651839
DE,2022-01-01,915139.619,1.0,-0.5134164446972387,0.0,-4698.477295885656,0.266301,-176.43483486301798,-235.08105087087557
DE,2022-02-01,927880.3453333332,1.0,-0.5083592529115751,0.0,-4716.965591449876,0.266301,-177.12909795494105,-238.225944394073
DE,2022-03-01,936865.8824444443,1.0,-0.5038275887562754,0.0,-4720.188785400046,0.266301,-177.25013369833556,-241.0043807034306
DE,2022-04-01,947347.7407777777,1.0,-0.4924791447154939,0.0,-4665.490051263954,0.266301,-175.19611459453603,-242.66327148132586
DE,2022-05-01,959215.6103333333,1.0,-0.4780255632287822,0.0,-4585.295823874317,0.266301,-172.18470166744834,-241.9460144909114
DE,2022-06-01,956457.0256666667,1.0,-0.47712335836595493,0.0,-4563.479882187924,0.266301,-171.36548049717888,-244.64009959070023
DE,2022-07-01,943419.357111111,1.0,-0.4753280744783035,0.0806451612903225,-5245.159126598213,0.266301,-196.96355352019756,-253.00321279057104
DE,2022-08-01,943293.8742222221,1.0,-0.47369694640019316,0.5,-9184.823648881857,0.266301,-344.9038362184842,-290.08377601080224
DE,2022-09-01,940109.6838888889,1.0,-0.4735725992139337,0.925,-13148.11644142673,0.266301,-493.7313957298969,-328.7237764805907
DE,2022-10-01,942900.791,1.0,-0.46647319593509745,1.25,-16184.639341775013,0.266301,-607.7573626000283,-359.2616377314914
DE,2022-11-01,947605.0784444443,1.0,-0.45462348103056727,1.975,-23023.235493324348,0.266301,-864.5568545865148,-425.7868280929874
DE,2022-12-01,942196.703,1.0,-0.45425198082545215,2.177419354838709,-24795.520558423792,0.266301,-931.1088038882239,-439.4985150341462
DE,2023-01-01,948142.922,1.0,-0.437798604503385,2.5,-27854.52953121362,0.266301,-1045.97915633864,-471.3894887753287
DE,2023-02-01,943792.5073333333,1.0,-0.43782890760787513,2.875,-31266.231010775842,0.266301,-1174.0936388063071,-502.26425872505615
DE,2023-03-01,942726.1027777777,1.0,-0.4320032852458685,3.161290322580645,-33874.916790425894,0.266301,-1272.0536832541331,-528.6230698553323
DE,2023-04-01,931281.2693333332,1.0,-0.4324118201767492,3.5,-36621.81471435606,0.266301,-1375.203799999101,-546.259201559796
DE,2023-05-01,929764.05,1.0,-0.4301146475555302,3.6774193548387095,-38190.374495787786,0.266301,-1434.105560842347,-559.9050513192404
DE,2023-06-01,921187.8437777777,1.0,-0.4306560128474559,3.8333333333333335,-39279.351516996976,0.266301,-1474.9982732696074,-562.1243231617271
DE,2023-07-01,923358.8427777777,1.0,-0.4222908458237263,4.0,-40833.613578265555,0.266301,-1533.3631333816077,-590.2286605895534
DE,2023-08-01,914649.3441111111,1.0,-0.4229241454300753,4.241935483870968,-42667.108003106005,0.266301,-1602.213585495586,-597.6555367023632
DE,2023-09-01,905634.8126666667,1.0,-0.4232410435237518,4.341666666666667,-43152.66301492255,0.266301,-1620.4469008724168,-593.9537712405156
DE,2023-10-01,901990.5258888889,1.0,-0.4194889764649543,4.5,-44373.324489862156,0.266301,-1666.2845610742038,-609.4673051868892
DE,2023-11-01,898642.0148888889,1.0,-0.4197256998680053,4.5,-44210.72215630033,0.266301,-1660.1786007675648,-605.953113526373
DE,2023-12-01,894628.4967777778,1.0,-0.41975239961867683,4.5,-44013.50693789721,0.266301,-1652.772874975956,-598.7366636344595
DE,2024-01-01,889987.7225555555,1.0,-0.4179332720244582,4.5,-43769.00232449238,0.266301,-1643.5913618233644,-595.317481906375
DE,2024-02-01,882150.3074444444,1.0,-0.41867427835414056,4.5,-43390.100268691865,0.266301,-1629.3630241227731,-585.9059906711648
DE,2024-03-01,878867.6882222223,1.0,-0.4179489268316971,4.5,-43222.264041195325,0.266301,-1623.0605232873825,-584.9325663479351
DE,2024-04-01,867983.949,1.0,-0.4188261303329215,4.5,-42694.62129050758,0.266301,-1603.2467505006582,-573.032258442013
DE,2024-05-01,860080.8601111111,1.0,-0.419233617279893,4.5,-42309.386806375835,0.266301,-1588.7806206651808,-561.1827399816768
DE,2024-06-01,852108.9890000001,1.0,-0.419452079148222,4.341666666666667,-40569.92081005273,0.266301,-1523.4610763779606,-545.7979265351721
DE,2024-07-01,849954.3965555555,1.0,-0.417858922273403,4.25,-39674.67213487357,0.266301,-1489.8431524805976,-543.0014202563667
DE,2024-08-01,839467.7316666667,1.0,-0.4180851282568225,4.25,-39187.06833844656,0.266301,-1471.5329021838654,-527.652431379365
DE,2024-09-01,834406.122,1.0,-0.4180402757313716,3.99,-36780.957920928246,0.266301,-1381.179864924587,-507.4712955942581
DE,2024-10-01,822784.4318888888,1.0,-0.4186365222989251,3.577419354838709,-32878.925646669435,0.266301,-1234.6527293051633,-470.9362384090891
DE,2024-11-01,821551.6073333332,1.0,-0.4173396825543921,3.4,-31361.415519398768,0.266301,-1177.6679591664606,-462.52397895152956
DE,2024-12-01,817970.942,1.0,-0.41724801123236566,3.287096774193548,-30300.463936276225,0.266301,-1137.8276437668737,-453.82337766813976
DE,2025-01-01,809986.4437777777,1.0,-0.4170263656193126,3.0,-27677.450341828913,0.266301,-1039.329568489375,-427.32696466200116
DE,2025-02-01,791869.9392222222,1.0,-0.4169758017876429,2.7857142857142856,-25361.140049377656,0.266301,-952.3486599516207,-395.8151082598981
DE,2025-03-01,781700.3353333334,1.0,-0.4164691798879131,2.588709677419355,-23491.49320493735,0.266301,-882.1406305247576,-377.824263113917
DE,2025-04-01,767112.0426666667,1.0,-0.41648876888793956,2.433333333333333,-21861.32854071575,0.266301,-820.9255143884457,-358.48726294970965
DE,2025-05-01,764386.5465555554,1.0,-0.4164254060313406,2.25,-20381.79707764291,0.266301,-765.3668997729227,-349.6473835874382
DE,2025-06-01,756264.2147777777,1.0,-0.4160474209892466,2.083333333333333,-18901.92223598455,0.266301,-709.7953907790263,-336.1505941801431
DE,2025-07-01,755521.9461111111,1.0,-0.4160238047633289,2.0,-18253.590068255613,0.266301,-685.4495502553731,-336.47119965919103
DE,2025-08-01,741545.2993333333,1.0,-0.416198830632652,2.0,-17917.208851103398,0.266301,-672.8179335076998,-325.0110272240245
DE,2025-09-01,736511.1546666666,1.0,-0.41589136138782734,2.0,-17793.30936124974,0.266301,-668.1653227456802,-322.91254568267175
DE,2025-10-01,724768.4153333333,1.0,-0.4161139066925867,2.0,-17511.23047418415,0.266301,-657.5728395381223,-317.86992323079244
DE,2025-11-01,722734.5507777778,1.0,-0.4161610777674925,2.0,-17462.4309114704,0.266301,-655.7403431256511,-318.4766289065296
DE,2025-12-01,721297.9361111111,1.0,-0.4158855110989969,2.0,-17425.73233036443,0.266301,-654.3622566330741,-317.436084087415
DE,2026-01-01,719559.1965555556,1.0,-0.4159291520420853,2.0,-17384.040395785476,0.263152,-660.6083326664998,-321.1204458388421
DE,2026-02-01,705595.8805555555,1.0,-0.416101845624978,2.0,-17047.91509275659,0.263152,-647.8352850351351,-312.74310014348816
DE,2026-03-01,698303.0304444444,1.0,-0.4159998167310329,2.0,-16870.999935765023,0.263152,-641.1123584759007,-310.39827996102895
DE,2026-04-01,675427.3086666666,1.0,-0.4163240474028402,2.0,-16320.512482038474,0.263152,-620.1933666488749,-293.96445097275557
DE,2026-05-01,672954.2437777778,1.0,-0.41617208049591203,2.0,-16259.732552671065,0.263152,-617.8836775958786,-295.58554021645386
DE,2026-06-01,668621.5716666667,1.0,-0.4161500574013992,2.1166666666666667,-16934.95898790008,0.263152,-643.5428569001976,-299.64081524070775
DE,2026-07-01,667021.5133333333,1.0,-0.41622083615752536,2.25,-17784.26657014658,0.263152,-675.8172679723726,-308.6979431629369
DE,2026-08-01,653584.4357777778,1.0,-0.41638041322369695,2.25,-17427.04737945728,0.263152,-662.2426346543929,-296.09413392198996
EE,2020-06-01,160.897,1.0,-0.016879170582402802,0.0,-0.027158079091968636,0.00298,-0.0911344935972102,-74.10959188981964
EE,2020-07-01,276.4625555555556,1.0,-0.04862641937967821,0.0,-0.1344338416922203,0.00298,-0.45112027413496747,-74.42309318199057
EE,2020-08-01,328.90944444444443,1.0,-0.06275395665292566,0.0,-0.20640369019404525,0.00298,-0.6926298328659237,-74.33645680054535
EE,2020-09-01,369.7991111111111,1.0,-0.07022677289107307,0.0,-0.2596979819132069,0.00298,-0.8714697379637817,-73.84509932780318
EE,2020-10-01,370.688,1.0,-0.07056546897780994,0.0,-0.2615777256444641,0.00298,-0.8777776028337722,-72.23157632646374
EE,2020-11-01,416.9117777777778,1.0,-0.09284998468265655,0.0,-0.3871025218068578,0.00298,-1.2990017510297243,-70.61785679884758
EE,2020-12-01,433.80066666666664,1.0,-0.10090848551069989,0.0,-0.43774168286865284,0.00298,-1.4689318217068887,-69.05079748514662
EE,2021-01-01,456.9123333333333,1.0,-0.11188344257748906,0.0,-0.5112092480944653,0.00298,-1.715467275484783,-67.86487846149849
EE,2021-02-01,509.361,1.0,-0.13022400225407338,0.0,-0.6633102801213707,0.00298,-2.2258734232260764,-67.17601830160108
EE,2021-03-01,538.6949999999999,1.0,-0.13189619751192108,0.0,-0.7105182211868432,0.00298,-2.384289332841756,-66.31679327640862
EE,2021-04-01,559.1396666666667,1.0,-0.1322073732670999,0.0,-0.739223866194418,0.00298,-2.4806170006524098,-64.74518518183531
EE,2021-05-01,570.6948888888888,1.0,-0.13131132803960818,0.0,-0.7493870376541661,0.00298,-2.5147216028663295,-64.38026865698495
EE,2021-06-01,579.5837777777778,1.0,-0.13106862009621492,0.0,-0.7596524598348461,0.00298,-2.5491693283048527,-63.58445071787385
EE,2021-07-01,579.5837777777778,1.0,-0.13106862009621492,0.0,-0.7596524598348461,0.00298,-2.5491693283048527,-62.545167335534614
EE,2021-08-01,581.3615555555556,1.0,-0.13121530532181272,0.0,-0.7628353401458621,0.00298,-2.559850134717658,-61.04383015430995
EE,2021-09-01,586.6951111111111,1.0,-0.13186062769857707,0.0,-0.7736198561879754,0.00298,-2.596039785865689,-60.155713682213644
EE,2021-10-01,589.3617777777778,1.0,-0.13157130589952565,0.0,-0.7754309874948825,0.00298,-2.602117407700948,-60.17152784436285
EE,2021-11-01,591.1395555555555,1.0,-0.1312298140721687,0.0,-0.7757513396625998,0.00298,-2.603192414975167,-59.92848478219688
EE,2021-12-01,591.1395555555555,1.0,-0.1312298140721687,0.0,-0.7757513396625998,0.00298,-2.603192414975167,-59.98236515877249
EE,2022-01-01,594.6951111111111,1.0,-0.12986391849610804,0.0,-0.7722943743936724,0.00298,-2.591591860381451,-61.23780786823903
EE,2022-02-01,596.4728888888889,1.0,-0.12764888177833458,0.0,-0.7613909727775947,0.00298,-2.5550032643543448,-63.65184970348629
EE,2022-03-01,596.4728888888889,1.0,-0.12764888177833458,0.0,-0.7613909727775947,0.00298,-2.5550032643543448,-66.30925026944938
EE,2022-04-01,609.8062222222222,1.0,-0.09558493498328101,0.0,-0.5828828810351132,0.00298,-1.9559828222654807,-69.4231397090553
EE,2022-05-01,617.8062222222222,1.0,-0.07202782681718595,0.0,-0.4449923958080212,0.00298,-1.4932630731812793,-71.25457589664435
EE,2022-06-01,624.0284444444444,1.0,-0.048447325274946024,0.0,-0.3023250902881858,0.00298,-1.0145137257992813,-74.28913281932064
EE,2022-07-01,624.0284444444444,1.0,-0.048447325274946024,0.0806451612903225,-0.8055738358078984,0.00298,-2.7032679053956326,-58.74292717576911
EE,2022-08-01,624.0284444444444,1.0,-0.048447325274946024,0.5,-3.422467312510408,0.00298,-11.484789639296672,43.33527056838528
EE,2022-09-01,624.9173333333333,1.0,-0.04442076130075163,0.925,-6.058078370300357,0.00298,-20.329122047987774,144.67849720131844
EE,2022-10-01,662.2506666666666,1.0,0.17450922118066883,1.25,-7.1224448526695445,0.00298,-23.900821653253505,224.59490321528335
EE,2022-11-01,701.3617777777778,1.0,0.36762180028040786,1.975,-11.273536317165771,0.00298,-37.83065878243548,400.9393677110919
EE,2022-12-01,729.8062222222222,1.0,0.48624132418475635,2.177419354838709,-12.342322496567787,0.00298,-41.41718958579794,450.19309926827975
EE,2023-01-01,748.472888888889,1.0,0.5680495281663513,2.5,-14.46012550843583,0.00298,-48.52391110213366,526.0657564611777
EE,2023-02-01,766.2506666666666,1.0,0.643727564049661,2.875,-17.097139915619042,0.00298,-57.37295273697666,614.4564273442743
EE,2023-03-01,766.2506666666666,1.0,0.643727564049661,3.161290322580645,-19.29084142099539,0.00298,-64.73436718454829,678.6962462142525
EE,2023-04-01,766.2506666666666,1.0,0.643727564049661,3.5,-21.88620658228571,0.00298,-73.4436462492809,755.500952190024
EE,2023-05-01,766.2506666666666,1.0,0.643727564049661,3.6774193548387095,-23.24568357153302,0.00298,-78.00564956890275,796.1948599542037
EE,2023-06-01,766.2506666666666,1.0,0.643727564049661,3.8333333333333335,-24.440375471174598,0.00298,-82.0146827891765,830.8592673187037
EE,2023-07-01,766.2506666666666,1.0,0.643727564049661,4.0,-25.71745991561904,0.00298,-86.3002010591243,856.8342717329299
EE,2023-08-01,766.2506666666666,1.0,0.643727564049661,4.241935483870968,-27.57129217368356,0.00298,-92.52111467679048,912.0369341164322
EE,2023-09-01,766.2506666666666,1.0,0.643727564049661,4.341666666666667,-28.335483026730152,0.00298,-95.0855135125173,931.4076161193839
EE,2023-10-01,766.2506666666666,1.0,0.643727564049661,4.5,-29.548713248952378,0.00298,-99.15675586896772,957.6605000183469
EE,2023-11-01,766.2506666666666,1.0,0.643727564049661,4.5,-29.548713248952378,0.00298,-99.15675586896772,955.0687313722241
EE,2023-12-01,766.2506666666666,1.0,0.643727564049661,4.5,-29.548713248952378,0.00298,-99.15675586896772,954.8794554725288
EE,2024-01-01,766.2506666666666,1.0,0.643727564049661,4.5,-29.548713248952378,0.00298,-99.15675586896772,949.1171240480218
EE,2024-02-01,766.2506666666666,1.0,0.643727564049661,4.5,-29.548713248952378,0.00298,-99.15675586896772,944.3002775826407
EE,2024-03-01,766.2506666666666,1.0,0.643727564049661,4.5,-29.548713248952378,0.00298,-99.15675586896772,938.9712010704797
EE,2024-04-01,766.2506666666666,1.0,0.643727564049661,4.5,-29.548713248952378,0.00298,-99.15675586896772,931.0577361896775
EE,2024-05-01,766.2506666666666,1.0,0.643727564049661,4.5,-29.548713248952378,0.00298,-99.15675586896772,928.4411248145362
EE,2024-06-01,766.2506666666666,1.0,0.643727564049661,4.341666666666667,-28.335483026730152,0.00298,-95.0855135125173,882.5776363302712
EE,2024-07-01,766.2506666666666,1.0,0.643727564049661,4.25,-27.63308658228571,0.00298,-92.728478464046,854.1132537601849
EE,2024-08-01,766.2506666666666,1.0,0.643727564049661,4.25,-27.63308658228571,0.00298,-92.728478464046,851.1519923404544
EE,2024-09-01,766.2506666666666,1.0,0.643727564049661,3.99,-25.640834848952377,0.00298,-86.04306996292745,787.6654993674015
EE,2024-10-01,766.2506666666666,1.0,0.643727564049661,3.577419354838709,-22.47943290486635,0.00298,-75.43433860693406,688.2821522891402
EE,2024-11-01,766.2506666666666,1.0,0.643727564049661,3.4,-21.119955915619045,0.00298,-70.87233528731224,644.2716449276188
EE,2024-12-01,766.2506666666666,1.0,0.643727564049661,3.287096774193548,-20.254834195188934,0.00298,-67.96924226573468,616.0350238329993
EE,2025-01-01,766.2506666666666,1.0,0.643727564049661,3.0,-18.054953248952376,0.00298,-60.58709143943751,551.4155123879365
EE,2025-02-01,766.2506666666666,1.0,0.643727564049661,2.7857142857142856,-16.412987534666662,0.00298,-55.07713937807605,501.4564123136465
EE,2025-03-01,766.2506666666666,1.0,0.643727564049661,2.588709677419355,-14.903438410242702,0.00298,-50.01153828940504,454.30482912143555
EE,2025-04-01,766.2506666666666,1.0,0.643727564049661,2.433333333333333,-13.712866137841266,0.00298,-46.01632932161499,416.421922117121
EE,2025-05-01,766.2506666666666,1.0,0.643727564049661,2.25,-12.308073248952377,0.00298,-41.30225922467241,374.4172569608121
EE,2025-06-01,766.2506666666666,1.0,0.643727564049661,2.083333333333333,-11.030988804507931,0.00298,-37.016740954724604,336.6280556441586
EE,2025-07-01,766.2506666666666,1.0,0.643727564049661,2.0,-10.39244658228571,0.00298,-34.87398181975071,314.10436877643133
EE,2025-08-01,766.2506666666666,1.0,0.643727564049661,2.0,-10.39244658228571,0.00298,-34.87398181975071,312.93292446392456
EE,2025-09-01,766.2506666666666,1.0,0.643727564049661,2.0,-10.39244658228571,0.00298,-34.87398181975071,310.37879524325774
EE,2025-10-01,766.2506666666666,1.0,0.643727564049661,2.0,-10.39244658228571,0.00298,-34.87398181975071,304.8289344875791
EE,2025-11-01,766.2506666666666,1.0,0.643727564049661,2.0,-10.39244658228571,0.00298,-34.87398181975071,302.38973239937076
EE,2025-12-01,766.2506666666666,1.0,0.643727564049661,2.0,-10.39244658228571,0.00298,-34.87398181975071,302.0521907259084
EE,2026-01-01,766.2506666666666,1.0,0.643727564049661,2.0,-10.39244658228571,0.002945,-35.28844340334706,304.19944342431063
EE,2026-02-01,766.2506666666666,1.0,0.643727564049661,2.0,-10.39244658228571,0.002945,-35.28844340334706,299.8037414882999
EE,2026-03-01,766.2506666666666,1.0,0.643727564049661,2.0,-10.39244658228571,0.002945,-35.28844340334706,295.4256351115247
EE,2026-04-01,766.2506666666666,1.0,0.643727564049661,2.0,-10.39244658228571,0.002945,-35.28844340334706,290.94047227277224
EE,2026-05-01,766.2506666666666,1.0,0.643727564049661,2.0,-10.39244658228571,0.002945,-35.28844340334706,287.00969397607764
EE,2026-06-01,766.2506666666666,1.0,0.643727564049661,2.1166666666666667,-11.286405693396823,0.002945,-38.32395821187376,305.5780834476161
EE,2026-07-01,766.2506666666666,1.0,0.643727564049661,2.25,-12.308073248952377,0.002945,-41.79311799304712,325.3262068163886
EE,2026-08-01,766.2506666666666,1.0,0.643727564049661,2.25,-12.308073248952377,0.002945,-41.79311799304712,324.3553827393558
ES,2015-03-01,4841.777777777777,1.0,1.1353121482662318,0.05,52.548402414277014,0.118249,4.443877107990512,3.1970399144704644
ES,2015-04-01,9704.888888888889,1.0,1.1368743308365388,0.05,105.47994616954071,0.118249,8.920155449055866,6.117566138060223
ES,2015-05-01,14957.333333333332,1.0,1.2671019858267716,0.05,182.0460010267296,0.118249,15.395140849117505,9.672525144714246
ES,2015-06-01,20215.11111111111,1.0,1.427019165160297,0.05,278.3659542584486,0.118249,23.54066032342333,14.190909891092797
ES,2015-07-01,25451.555555555555,1.0,1.4869338285536473,0.05,365.72201167090293,0.118249,30.928127229059264,18.575610460384656
ES,2015-08-01,29791.11111111111,1.0,1.5040231050269344,0.05,433.16963879980176,0.118249,36.63199171238672,22.201002906147373
ES,2015-09-01,34936.88888888889,1.0,1.5275785633913175,0.05,516.2199809380653,0.118249,43.655335853839375,26.727736105839835
ES,2015-10-01,40307.555555555555,1.0,1.5082904839795985,0.05,587.8012469914567,0.118249,49.70877106710895,30.003717766433883
ES,2015-11-01,45937.777777777774,1.0,1.4886785210056723,0.05,660.8969419162057,0.118249,55.89027745826228,33.43374620302022
ES,2015-12-01,50504.0,1.0,1.4723766511603131,0.05,718.3571039020045,0.118249,60.74952886722124,36.661094912660985
ES,2016-01-01,55932.44444444444,1.0,1.460999989789476,0.05,789.2067854001153,0.118249,66.74109594162448,40.58281143525935
ES,2016-02-01,61376.88888888888,1.0,1.4560934102034564,0.05,863.016390054564,0.118249,72.98297575916615,44.9115683262243
ES,2016-03-01,66808.88888888889,1.0,1.4368265795419362,0.0241935483870967,943.7644321919798,0.118249,79.81162057962264,49.10688515150456
ES,2016-04-01,75091.55555555555,1.0,1.4121156900099707,0.0,1060.3796378725538,0.118249,89.67345498672746,55.556696160521525
ES,2016-05-01,83641.77777777777,1.0,1.3973273011989205,0.0,1168.7493960970205,0.118249,98.8379940715795,62.18414342490463
ES,2016-06-01,91853.33333333333,1.0,1.3822617586639867,0.0,1269.6535007248272,0.118249,107.37118290428054,68.35991668113095
ES,2016-07-01,99367.11111111111,1.0,1.348494635557158,0.0,1339.9601628414541,0.118249,113.31682828957995,73.21537670912446
ES,2016-08-01,104800.0,1.0,1.3187958164114464,0.0,1382.0980155991958,0.118249,116.8803132034263,76.15036207153416
ES,2016-09-01,112344.0,1.0,1.2826031079215074,0.0,1440.9276355633383,0.118249,121.85537599162261,80.30032007751353
ES,2016-10-01,120190.22222222222,1.0,1.2504206249372511,0.0,1502.883327824582,0.118249,127.09480230907508,84.29423590002733
ES,2016-11-01,127711.11111111111,1.0,1.2409003036935555,0.0,1584.7675656281917,0.118249,134.01953214219077,88.98962801977885
ES,2016-12-01,133627.55555555556,1.0,1.2312213032651909,0.0,1645.2509310325281,0.118249,139.13444773592403,92.56676912128704
ES,2017-01-01,141440.0,1.0,1.2192015443884265,0.0,1724.4386643829903,0.118249,145.83114143738976,97.3230038532713
ES,2017-02-01,148877.3333333333,1.0,1.2187436944597072,0.0,1814.4331124797598,0.118249,153.44172994949298,102.72438106302174
ES,2017-03-01,156396.44444444444,1.0,1.2188778618060558,0.0,1906.2816379851402,0.118249,161.20911280307993,108.23542528971703
ES,2017-04-01,162262.22222222222,1.0,1.2155925590745391,0.0,1972.4474995223268,0.118249,166.80458181653347,112.27567660208246
ES,2017-05-01,167633.77777777778,1.0,1.2107603861618044,0.0,2029.6433751598431,0.118249,171.64148323959128,115.69277683496563
ES,2017-06-01,173136.88888888888,1.0,1.202729393633952,0.0,2082.3682538900225,0.118249,176.10028447513486,119.16645888771353
ES,2017-07-01,178747.55555555553,1.0,1.1987543645099137,0.0,2142.7441236770046,0.118249,181.2061094535264,122.64490932157244
ES,2017-08-01,183268.44444444444,1.0,1.1929889587657463,0.0,2186.372307123958,0.118249,184.89562762678395,125.20094912190518
ES,2017-09-01,188700.44444444444,1.0,1.1874320370906843,0.0,2240.6895314658414,0.118249,189.48908924945167,128.58224067582051
ES,2017-10-01,194042.66666666666,1.0,1.1841318415416602,0.0,2297.721002176545,0.118249,194.312087389876,132.25574908986368
ES,2017-11-01,199363.55555555553,1.0,1.1778501893789364,0.0,2348.204016663692,0.118249,198.58130019397134,135.73969044586357
ES,2017-12-01,204666.66666666666,1.0,1.171638484699718,0.0,2397.9534320187563,0.118249,202.78847449185668,139.09133541353557
ES,2018-01-01,207026.66666666666,1.0,1.1694335935050915,0.0,2421.039387513807,0.118249,204.74079167805283,140.40177131092838
ES,2018-02-01,209536.88888888888,1.0,1.1674206847843724,0.0,2446.1769831425363,0.118249,206.86661055421493,141.68971797289004
ES,2018-03-01,211988.44444444444,1.0,1.1636960085917876,0.0,2466.901066675819,0.118249,208.6191905788479,142.62286350026147
ES,2018-04-01,214746.66666666666,1.0,1.1584360375817306,0.0,2487.70277617218,0.118249,210.37833522246953,143.61188481107467
ES,2018-05-01,217261.3333333333,1.0,1.155683679297528,0.0,2510.8537707575333,0.118249,212.3361525896653,144.72511908594504
ES,2018-06-01,220008.88888888888,1.0,1.1524855877644762,0.0,2535.570736245204,0.118249,214.42639990572468,145.83035568944553
ES,2018-07-01,222845.3333333333,1.0,1.1491310594184747,0.0,2560.7849397979644,0.118249,216.5586973080503,147.18803260184723
ES,2018-08-01,225336.0,1.0,1.1470506405134757,0.0,2584.718031307446,0.118249,218.58265450933587,148.42562661579979
ES,2018-09-01,228039.1111111111,1.0,1.1455909703639575,0.0,2612.395465787121,0.118249,220.92326072838844,149.93501015006171
ES,2018-10-01,228151.1111111111,1.0,1.145592203196024,0.0,2613.6813403939864,0.118249,221.03200368662618,148.8950920503649
ES,2018-11-01,230403.55555555553,1.0,1.1456794586294727,0.0,2639.686207951945,0.118249,223.23116541805385,150.17140719479391
ES,2018-12-01,231840.88888888888,1.0,1.1449195861814878,0.0,2654.3917456661497,0.118249,224.47477320452177,150.27015297778624
ES,2019-01-01,229104.0,1.0,1.1449195861814878,0.0,2623.056568725236,0.118249,221.82484153990612,147.01852163654712
ES,2019-02-01,229842.66666666666,1.0,1.1442553316708404,0.0,2629.9869677877705,0.118249,222.4109267552174,147.4291107160363
ES,2019-03-01,230425.77777777775,1.0,1.1433489798317658,0.0,2634.5707794916334,0.118249,222.79856738675448,147.37929117081268
ES,2019-04-01,226672.88888888888,1.0,1.1433489798317658,0.0,2591.6621626663027,0.118249,219.1699010280258,143.60964936236198
ES,2019-05-01,228109.3333333333,1.0,1.1395245369363485,0.0,2599.361824375258,0.118249,219.82104071706803,144.20649471776744
ES,2019-06-01,228478.22222222222,1.0,1.1380068466179298,0.0,2600.097811919817,0.118249,219.88328120489956,144.52055937782632
ES,2019-07-01,226763.55555555553,1.0,1.1380068466179298,0.0,2580.584787856475,0.118249,218.2331172235262,142.83387563337732
ES,2019-08-01,227244.44444444444,1.0,1.1354580796511595,0.0,2580.2654050028345,0.118249,218.20610787430203,142.982389873616
ES,2019-09-01,227600.0,1.0,1.1336452298746877,0.0,2580.1765431947892,0.118249,218.19859307011382,143.27193293731816
ES,2019-10-01,227080.0,1.0,1.1336452298746877,0.0,2574.281587999441,0.118249,217.70007255870584,143.12115390828635
ES,2019-11-01,229709.3333333333,1.0,1.122565284676155,0.0,2578.6372316610305,0.118249,218.06841763237153,143.51751377172224
ES,2019-12-01,230224.0,1.0,1.1205003001500842,0.0,2579.66061101753,0.118249,218.1549620730433,143.6677699616945
ES,2020-01-01,230402.66666666666,1.0,1.1197848058918,0.0,2580.014053702864,0.118249,218.18485177065887,143.94881728705005
ES,2020-02-01,232185.77777777775,1.0,1.1117867228177383,0.0,2581.410649604432,0.118249,218.30295813109893,144.2001192472085
ES,2020-03-01,238370.839,1.0,1.092794784707166,0.0,2604.904096854715,0.118249,220.28973579943298,149.56812202396947
ES,2020-04-01,249184.15988888888,1.0,1.072836141579205,0.0,2673.3377263785123,0.118249,226.07698385428307,151.99450272239642
ES,2020-05-01,265213.15466666664,1.0,1.0404544315406778,0.0,2759.422020758165,0.118249,233.3569011795588,156.17727712065178
ES,2020-06-01,281931.0857777778,1.0,0.9967339768235537,0.0,2810.102923174669,0.118249,237.64284883378875,163.62439143756632
ES,2020-07-01,289451.3457777777,1.0,0.9705951624491289,0.0,2809.4007597630116,0.118249,237.5834687619355,163.61149585407992
ES,2020-08-01,296612.9978888889,1.0,0.9499177261474575,0.0,2817.5794450039393,0.118249,238.27511818315074,164.63129121547132
ES,2020-09-01,307157.89222222223,1.0,0.9203232487078008,0.0,2826.845492361961,0.118249,239.05872289507403,166.08509330523464
ES,2020-10-01,317652.1198888889,1.0,0.8897889329515276,0.0,2826.433408057252,0.118249,239.02387403337465,167.67007530974467
ES,2020-11-01,327018.3475555555,1.0,0.8623729205883078,0.0,2820.1176746744673,0.118249,238.4897694419798,169.17091439416194
ES,2020-12-01,334628.8407777777,1.0,0.8403142694881719,0.0,2811.9338988785207,0.118249,237.79768952621336,170.21582386277362
ES,2021-01-01,342094.4273333333,1.0,0.8203083754696435,0.0,2806.2292394302467,0.118249,237.31526181449706,171.16585062848335
ES,2021-02-01,345480.92055555555,1.0,0.8058087638932494,0.0,2783.915535415741,0.118249,235.4282518596978,170.4781069813228
ES,2021-03-01,353857.803,1.0,0.7881392121034783,0.0,2788.8921005308785,0.118249,235.84910659125052,171.91660264768365
ES,2021-04-01,364964.62,1.0,0.7670022546254859,0.0,2799.286863985337,0.118249,236.72816378872858,174.46359560754567
ES,2021-05-01,374770.95366666664,1.0,0.7524591162010854,0.0,2819.998205738579,0.118249,238.47966627528172,176.6141192211631
ES,2021-06-01,384794.12344444444,1.0,0.736982415896512,0.0,2835.865027188673,0.118249,239.82148070501,178.786199315441
ES,2021-07-01,390199.63344444445,1.0,0.720897991029627,0.0,2812.941318505969,0.118249,237.88288429550934,177.88688628827958
ES,2021-08-01,397677.76800000004,1.0,0.7071547365823871,0.0,2812.197172747117,0.118249,237.81995388942963,179.33597386983735
ES,2021-09-01,407119.5302222222,1.0,0.6921880302344066,0.0,2818.0326569447698,0.118249,238.31344509845914,180.75377120211118
ES,2021-10-01,416252.77966666664,1.0,0.6810268068296458,0.0,2834.793013703541,0.118249,239.73082340683985,182.16141297017793
ES,2021-11-01,421194.034,1.0,0.6729750716840038,0.0,2834.530852240247,0.118249,239.70865311674913,182.3833607495274
ES,2021-12-01,427865.7772222222,1.0,0.66556125069415,0.0,2847.708818172467,0.118249,240.82307826471825,183.44390552092094
ES,2022-01-01,431941.0692222222,1.0,0.6620334093193049,0.0,2859.594186822136,0.118249,241.8281919358418,183.1819759279842
ES,2022-02-01,437306.0401111111,1.0,0.6649321782293544,0.0,2907.7885780393453,0.118249,245.9038620233021,184.80701558417016
ES,2022-03-01,442089.51811111113,1.0,0.668438145226965,0.0,2955.0949751047388,0.118249,249.9044368328475,186.15018982775246
ES,2022-04-01,449089.614,1.0,0.6818179225482744,0.0,3061.973476554865,0.118249,258.9428643417589,191.47570745496904
ES,2022-05-01,446893.16244444443,1.0,0.6805106262098802,0.0,3041.155458239826,0.118249,257.1823405051904,187.4210276817273
ES,2022-06-01,449613.19166666665,1.0,0.6911537330361534,0.0,3107.5183584271617,0.118249,262.7944725475193,189.51985345399794
ES,2022-07-01,456172.0417777777,1.0,0.7097962645090707,0.0806451612903225,2870.011433420377,0.118249,242.7091504723403,186.66949120196682
ES,2022-08-01,455928.45211111114,1.0,0.7101391899525846,0.5,958.0843560296468,0.118249,81.02261803733195,135.8426782450139
ES,2022-09-01,457663.575,1.0,0.7179454893811168,0.925,-947.6130754971357,0.118249,-80.1370899962905,84.8705292530157
ES,2022-10-01,453953.29277777777,1.0,0.7164416972386866,1.25,-2422.105484274207,0.118249,-204.83094861472034,43.66477625381651
ES,2022-11-01,453763.8618888889,1.0,0.720123335503584,1.975,-5694.176814761412,0.118249,-481.54122358425116,-42.771197090723774
ES,2022-12-01,453832.24611111113,1.0,0.7234142617140152,2.177419354838709,-6598.74397269775,0.118249,-558.038036067768,-66.42774721369028
ES,2023-01-01,449595.70822222217,1.0,0.7219936544931626,2.5,-7993.840221317515,0.118249,-676.0175748900637,-101.42790732675235
ES,2023-02-01,451213.58211111114,1.0,0.7315468497706341,2.875,-9671.551740023378,0.118249,-817.8971272504103,-146.06774716915936
ES,2023-03-01,453970.20855555555,1.0,0.7478567040167502,3.161290322580645,-10956.269631544403,0.118249,-926.5422651814731,-183.1116517826723
ES,2023-04-01,455091.1486666666,1.0,0.7542317787524252,3.5,-12495.748137799888,0.118249,-1056.7318233388771,-227.78722489957215
ES,2023-05-01,452322.92333333334,1.0,0.7554052967971981,3.6774193548387095,-13216.939407544329,0.118249,-1117.7210299913172,-243.52052046821075
ES,2023-06-01,453063.4257777778,1.0,0.7597060134659707,3.8333333333333335,-13925.48123103277,0.118249,-1177.6405069838027,-264.76655687592245
ES,2023-07-01,445735.9542222222,1.0,0.7598376837976598,4.0,-14442.568418473356,0.118249,-1221.3691801599468,-278.2347073678926
ES,2023-08-01,446538.7212222222,1.0,0.7647686723542553,4.241935483870968,-15526.896214910248,0.118249,-1313.067866528279,-308.50981773505623
ES,2023-09-01,447026.7822222222,1.0,0.7679113520732406,4.341666666666667,-15975.643387322647,0.118249,-1351.0172083757702,-324.52407874386904
ES,2023-10-01,440582.2771111111,1.0,0.7648152969437088,4.5,-16456.5618190313,0.118249,-1391.6871871247365,-334.86993123742195
ES,2023-11-01,440151.22088888887,1.0,0.7670558335347543,4.5,-16430.599323797334,0.118249,-1389.4916087068248,-335.266121465633
ES,2023-12-01,440347.70866666664,1.0,0.7687183553467872,4.5,-16430.613226130336,0.118249,-1389.4927843897483,-335.4565730482518
ES,2024-01-01,435222.2638888889,1.0,0.7670044134307311,4.5,-16246.827902739078,0.118249,-1373.9505537246891,-325.6766738076997
ES,2024-02-01,436722.89588888886,1.0,0.7751841984120952,4.5,-16267.123435221627,0.118249,-1375.6668923391846,-332.2098588875763
ES,2024-03-01,438146.19155555556,1.0,0.7830775382815007,4.5,-16285.554209092606,0.118249,-1377.2255333315804,-339.0975763921331
ES,2024-04-01,431506.86388888885,1.0,0.7817684237764071,4.5,-16044.424466688824,0.118249,-1356.8338393296199,-326.6193472709747
ES,2024-05-01,427753.83044444444,1.0,0.7812692498230267,4.5,-15907.013227797428,0.118249,-1345.2133403071,-317.61545962359605
ES,2024-06-01,428481.92144444445,1.0,0.7855166153682634,4.341666666666667,-15237.460069250996,0.118249,-1288.5910298819435,-310.92788003915507
ES,2024-07-01,422568.80322222225,1.0,0.7847387195332844,4.25,-14643.113121391256,0.118249,-1238.328706491493,-291.4869742672621
ES,2024-08-01,422823.94622222224,1.0,0.785989715129461,4.25,-14646.664984033254,0.118249,-1238.6290779654164,-294.748607160916
ES,2024-09-01,422795.5421111111,1.0,0.7872641644063032,3.99,-13541.024338485196,0.118249,-1145.1280212505133,-271.4194519201843
ES,2024-10-01,414952.49255555554,1.0,0.7871171955166119,3.577419354838709,-11578.42835993853,0.118249,-979.1565560756142,-215.44006517953994
ES,2024-11-01,415452.9995555555,1.0,0.7895139993893382,3.4,-10845.34239251485,0.118249,-917.161446821102,-202.01746660617096
ES,2024-12-01,411796.1203333333,1.0,0.7876634520551754,3.287096774193548,-10292.569450884364,0.118249,-870.4149253595687,-186.41065926083468
ES,2025-01-01,402400.1368888889,1.0,0.787052669294175,3.0,-8904.903088039253,0.118249,-753.0637120008839,-141.06110817350998
ES,2025-02-01,402400.1368888889,1.0,0.787052669294175,2.7857142857142856,-8042.617080420206,0.118249,-680.1425027205477,-123.60895102882512
ES,2025-03-01,402362.8026666667,1.0,0.7870405590477306,2.588709677419355,-7249.246359459893,0.118249,-613.0492739439566,-108.73290653311597
ES,2025-04-01,392201.4917777778,1.0,0.7858507669447294,2.433333333333333,-6461.451202154922,0.118249,-546.4275555949666,-83.98930415623062
ES,2025-05-01,392201.4917777778,1.0,0.7858507669447294,2.25,-5742.4151338956635,0.118249,-485.620608537549,-69.9010923520645
ES,2025-06-01,388986.0808888889,1.0,0.7875017041712504,2.083333333333333,-5040.604669196226,0.118249,-426.27038445959164,-52.625587860708436
ES,2025-07-01,379442.52,1.0,0.7870305765007314,2.0,-4602.521747355098,0.118249,-389.2228896104912,-40.24453901430917
ES,2025-08-01,379442.52,1.0,0.7870305765007314,2.0,-4602.521747355098,0.118249,-389.2228896104912,-41.41598332681593
ES,2025-09-01,379134.9506666667,1.0,0.7870059617075147,2.0,-4598.884348669822,0.118249,-388.9152845833641,-43.66250752035563
ES,2025-10-01,368895.36877777777,1.0,0.7863195101875978,2.0,-4477.211118677401,0.118249,-378.62570665945594,-38.92279035212613
ES,2025-11-01,368895.36877777777,1.0,0.7863195101875978,2.0,-4477.211118677401,0.118249,-378.62570665945594,-41.36199244033446
ES,2025-12-01,368895.36877777777,1.0,0.7863195101875978,2.0,-4477.211118677401,0.118249,-378.62570665945594,-41.6995341137968
ES,2026-01-01,368895.36877777777,1.0,0.7863195101875978,2.0,-4477.211118677401,0.116851,-383.15556723326296,-43.66768040560527
ES,2026-02-01,361129.63544444443,1.0,0.7863408988300684,2.0,-4382.8826875932955,0.116851,-375.08302775271886,-39.99084286107188
ES,2026-03-01,361047.85188888886,1.0,0.7863618266824545,2.0,-4381.8145544665485,0.116851,-374.9916179122599,-44.27753939738818
ES,2026-04-01,351754.9986666667,1.0,0.7854407419536651,2.0,-4272.272901946762,0.116851,-365.61714507764265,-39.38822940152335
ES,2026-05-01,351530.098,1.0,0.7854434443267694,2.0,-4269.531850423532,0.116851,-365.3825684353178,-43.084431055893106
ES,2026-06-01,349984.16111111105,1.0,0.7865282150077744,2.1166666666666667,-4655.273901654696,0.116851,-398.3940147413968,-54.491973081906906
ES,2026-07-01,340738.36344444443,1.0,0.786394098009442,2.25,-4987.066797718927,0.116851,-426.7885424787915,-59.66921766935576
ES,2026-08-01,340738.36344444443,1.0,0.786394098009442,2.25,-4987.066797718927,0.116851,-426.7885424787915,-60.64004174638859
FI,2015-03-01,688.0,1.0,0.040726758691486675,0.05,-0.0637999002025717,0.018165,-0.03512243336227454,-1.2819596268823223
FI,2015-04-01,1386.6666666666665,1.0,0.0023241335618011997,0.05,-0.6611053479430232,0.018165,-0.3639445901145187,-3.166533901110162
FI,2015-05-01,2134.222222222222,1.0,0.07522700516322035,0.05,0.5384003501945961,0.018165,0.2963943573876114,-5.426221347015647
FI,2015-06-01,2877.333333333333,1.0,0.1484468695108443,0.05,2.832644592058693,0.018165,1.5593969678275215,-7.790353464503013
FI,2015-07-01,3632.8888888888887,1.0,0.1757415713011712,0.05,4.568051572514547,0.018165,2.514754512807348,-9.83776225586726
FI,2015-08-01,4243.555555555556,1.0,0.18240626543769162,0.05,5.618733432884799,0.018165,3.0931645653095505,-11.3378242409298
FI,2015-09-01,4976.888888888889,1.0,0.19904448861342874,0.05,7.417778593303,0.018165,4.083555515168181,-12.84404423283136
FI,2015-10-01,5727.11111111111,1.0,0.20528552150485327,0.05,8.893374356051284,0.018165,4.895884589073099,-14.809168711601966
FI,2015-11-01,6535.11111111111,1.0,0.20430054399803144,0.05,10.083711995320241,0.018165,5.55117643562909,-16.905354819612974
FI,2015-12-01,7187.555555555555,1.0,0.20753666759352954,0.05,11.32303550365582,0.018165,6.233435454806397,-17.85499849975385
FI,2016-01-01,7956.444444444444,1.0,0.2040171196572701,0.05,12.25428656046422,0.018165,6.7460977486728435,-19.412186757692282
FI,2016-02-01,8737.777777777777,1.0,0.1874607609276654,0.05,12.011015821501784,0.018165,6.612174963667374,-21.459232469274482
FI,2016-03-01,9512.0,1.0,0.17360696712658802,0.0241935483870967,14.212204390500414,0.018165,7.823949568125744,-22.88078585999234
FI,2016-04-01,10688.888888888889,1.0,0.15131496818165455,0.0,16.17388882119463,0.018165,8.903874935972821,-25.212883890233115
FI,2016-05-01,11903.111111111111,1.0,0.13303101744295623,0.0,15.834829818476683,0.018165,8.717219828503541,-27.936630818171327
FI,2016-06-01,12991.11111111111,1.0,0.1148376381998728,0.0,14.918685175921253,0.018165,8.212873754980045,-30.798392468169546
FI,2016-07-01,14055.11111111111,1.0,0.086270574612076,0.0,12.125425117921296,0.018165,6.675158336317806,-33.426293244137675
FI,2016-08-01,14829.333333333332,1.0,0.0659668785331432,0.0,9.782448307274915,0.018165,5.3853279973987975,-35.34462313449334
FI,2016-09-01,15900.444444444443,1.0,0.03997044921642409,0.0,6.3554790718523915,0.018165,3.498749833114446,-38.05630608099463
FI,2016-10-01,17018.666666666664,1.0,0.02080005487707631,0.0,3.539892006013359,0.018165,1.9487431907587995,-40.85182321828894
FI,2016-11-01,18090.666666666664,1.0,0.012162293864022868,0.0,2.2002400419608303,0.018165,1.211252431577666,-43.818651690834244
FI,2016-12-01,18925.333333333332,1.0,0.0027782792223798253,0.0,0.5257986037661232,0.018165,0.2894569797776621,-46.27822163485933
FI,2017-01-01,19616.0,1.0,-0.0031968345713519167,0.0,-0.627091069516392,0.018165,-0.34521941619399504,-48.853357000312464
FI,2017-02-01,20261.333333333332,1.0,-0.009529357581906497,0.0,-1.9307749041953484,0.018165,-1.0629093884917966,-51.78025827496304
FI,2017-03-01,20910.222222222223,1.0,-0.015265222315905706,0.0,-3.1919919089721405,0.018165,-1.7572209793405673,-54.73090849270346
FI,2017-04-01,21509.333333333332,1.0,-0.02227830130458247,0.0,-4.791914088606992,0.018165,-2.637992892159093,-57.16689810661011
FI,2017-05-01,22074.666666666664,1.0,-0.02610035078730504,0.0,-5.761565435128295,0.018165,-3.171794899602695,-59.12050130422834
FI,2017-06-01,22646.222222222223,1.0,-0.027420922483111437,0.0,-6.209803040908712,0.018165,-3.418553834796979,-60.35237942221831
FI,2017-07-01,23227.555555555555,1.0,-0.024815427321299082,0.0,-5.764017167403256,0.018165,-3.173144600827556,-61.73434473278152
FI,2017-08-01,23696.888888888887,1.0,-0.024809375145635307,0.0,-5.879050062288814,0.018165,-3.236471270183768,-62.93114977506253
FI,2017-09-01,23876.44444444444,1.0,-0.025166915825822634,0.0,-6.008964675532638,0.018165,-3.3079904627209675,-64.21483903635212
FI,2017-10-01,24811.555555555555,1.0,-0.02650763637103224,0.0,-6.576956924663315,0.018165,-3.620675433340663,-65.67701373335298
FI,2017-11-01,25359.11111111111,1.0,-0.028977290031091424,0.0,-7.348383175973397,0.018165,-4.045352698031047,-66.88696244613881
FI,2017-12-01,25922.666666666664,1.0,-0.030720467460151727,0.0,-7.963564378136931,0.018165,-4.384015622426056,-68.08115470074716
FI,2018-01-01,26171.555555555555,1.0,-0.02988298923460127,0.0,-7.820843129194357,0.018165,-4.305446258846329,-68.64446662597076
FI,2018-02-01,26434.666666666664,1.0,-0.02763637308177151,0.0,-7.305583102922692,0.018165,-4.0217908631559,-69.1986834444808
FI,2018-03-01,26683.555555555555,1.0,-0.026430130271310505,0.0,-7.052498494350845,0.018165,-3.882465452436468,-69.87879253102288
FI,2018-04-01,27165.333333333332,1.0,-0.024535614698092068,0.0,-6.665181518119036,0.018165,-3.6692438855596126,-70.43569429695447
FI,2018-05-01,27597.333333333332,1.0,-0.023020162785425947,0.0,-6.35295105776995,0.018165,-3.49735813805117,-71.1083916417714
FI,2018-06-01,28076.44444444444,1.0,-0.022528233854940124,0.0,-6.325127062596788,0.018165,-3.4820407721424655,-72.07808498842161
FI,2018-07-01,28569.777777777777,1.0,-0.02298177640087253,0.0,-6.565842447115057,0.018165,-3.6145568109634225,-72.9852215171665
FI,2018-08-01,29004.44444444444,1.0,-0.02288628492378421,0.0,-6.638039796116255,0.018165,-3.6543021173224632,-73.81133001085853
FI,2018-09-01,28688.888888888887,1.0,-0.02288628492378421,0.0,-6.56582085257898,0.018165,-3.6145449229721884,-74.60279550129893
FI,2018-10-01,29034.666666666664,1.0,-0.020535262403433844,0.0,-5.962344987962338,0.018165,-3.282325894832005,-75.41923753109329
FI,2018-11-01,29336.0,1.0,-0.019273667070829857,0.0,-5.654122971898647,0.018165,-3.1126468328646557,-76.17240505612457
FI,2018-12-01,29451.555555555555,1.0,-0.01904361923966185,0.0,-5.608642100157477,0.018165,-3.0876091935906835,-77.29222942032621
FI,2019-01-01,29647.11111111111,1.0,-0.019155615869178706,0.0,-5.679086720753043,0.018165,-3.126389606800464,-77.93270951015946
FI,2019-02-01,29760.888888888887,1.0,-0.019437983262267606,0.0,-5.784916600924281,0.018165,-3.1846499316951724,-78.16646597087626
FI,2019-03-01,29887.11111111111,1.0,-0.01975917678623758,0.0,-5.905447120743698,0.018165,-3.251003094271235,-78.67027931021303
FI,2019-04-01,30055.11111111111,1.0,-0.02021297494250186,0.0,-6.075032077829981,0.018165,-3.3443611768951174,-78.90461284255895
FI,2019-05-01,30216.0,1.0,-0.02116385175146243,0.0,-6.394869445221889,0.018165,-3.5204345968741473,-79.13498059617474
FI,2019-06-01,30328.888888888887,1.0,-0.02234117203789373,0.0,-6.775829243848302,0.018165,-3.730156478859511,-79.09287830593277
FI,2019-07-01,29236.44444444444,1.0,-0.02234117203789373,0.0,-6.531764351096556,0.018165,-3.5957965048701106,-78.995038095019
FI,2019-08-01,29340.44444444444,1.0,-0.0244177078392046,0.0,-7.16426400316858,0.018165,-3.9439933956336803,-79.1677113963197
FI,2019-09-01,29401.777777777777,1.0,-0.025513545955276554,0.0,-7.501436085001623,0.018165,-4.129609735756467,-79.05626986855212
FI,2019-10-01,29747.555555555555,1.0,-0.03065596369160802,0.0,-9.119399830252034,0.018165,-5.0203136968081665,-79.59923234722766
FI,2019-11-01,29943.11111111111,1.0,-0.03282262828903319,0.0,-9.828116058172196,0.018165,-5.410468515371426,-79.96137237602073
FI,2019-12-01,30119.11111111111,1.0,-0.03464385532010416,0.0,-10.43442127703475,0.018165,-5.744245129113542,-80.23143724046233
FI,2020-01-01,30634.666666666664,1.0,-0.04001657035772857,0.0,-12.258942940522289,0.018165,-6.7486611288314275,-80.98469561244025
FI,2020-02-01,30811.555555555555,1.0,-0.04256700113216933,0.0,-13.115555202172315,0.018165,-7.220234077716661,-81.3230729616071
FI,2020-03-01,31285.355333333333,1.0,-0.045753573870299595,0.0,-14.31416816302238,0.018165,-7.880081565110036,-78.60169534057356
FI,2020-04-01,31169.930555555555,1.0,-0.04802659722911422,0.0,-14.96985700451127,0.018165,-8.241044318475788,-82.32352545036245
FI,2020-05-01,33163.914666666664,1.0,-0.06433397916223305,0.0,-21.33566595103408,0.018165,-11.745480842848378,-88.9251049017554
FI,2020-06-01,35112.56133333333,1.0,-0.08243912545591921,0.0,-28.946488488373245,0.018165,-15.935308829272362,-89.95376622549479
FI,2020-07-01,37023.828555555556,1.0,-0.09995661333437177,0.0,-37.00776515085739,0.018165,-20.37311596523941,-94.34508887309501
FI,2020-08-01,38101.27211111111,1.0,-0.1101187461099251,0.0,-41.956643100686144,0.018165,-23.09751891036947,-96.7413458780489
FI,2020-09-01,38096.96544444444,1.0,-0.12309996740366454,0.0,-46.89735204389645,0.018165,-25.817424742029424,-98.79105433186882
FI,2020-10-01,39779.769888888884,1.0,-0.14245769275126471,0.0,-56.66934236547344,0.018165,-31.19699552186812,-102.55079424549808
FI,2020-11-01,41435.018777777776,1.0,-0.1605152225003721,0.0,-66.50951258422096,0.018165,-36.61409996378803,-105.93295501160588
FI,2020-12-01,42716.90688888889,1.0,-0.17345714974966572,0.0,-74.09552915068527,0.018165,-40.79027203450882,-108.37213769794855
FI,2021-01-01,43965.01155555555,1.0,-0.18453550893589063,0.0,-81.13105782776756,0.018165,-44.663395446059766,-110.81280663207347
FI,2021-02-01,45237.12466666666,1.0,-0.19262194214017844,0.0,-87.13662810130705,0.018165,-47.969517259183625,-112.91966213755862
FI,2021-03-01,46740.37211111111,1.0,-0.20039683218891569,0.0,-93.66622506397808,0.018165,-51.564120596739926,-115.49662454030678
FI,2021-04-01,47169.86111111111,1.0,-0.20790235587301012,0.0,-98.06725251202683,0.018165,-53.98692678889448,-116.25149497007737
FI,2021-05-01,48944.24166666667,1.0,-0.2117969077820537,0.0,-103.66239038737551,0.018165,-57.06710178220507,-118.9326488363237
FI,2021-06-01,50819.943111111104,1.0,-0.2169891221990808,0.0,-110.27374845887222,0.018165,-60.70671536409151,-121.74199675366052
FI,2021-07-01,52892.106111111105,1.0,-0.2232199670575124,0.0,-118.06574183724672,0.018165,-64.99627956908711,-124.99227757631687
FI,2021-08-01,54338.453555555556,1.0,-0.22950993105707018,0.0,-124.71214729283365,0.018165,-68.65518705908816,-127.13916707868046
FI,2021-09-01,56211.476888888894,1.0,-0.23406173057981056,0.0,-131.56955559060358,0.018165,-72.43025355937439,-129.98992745572235
FI,2021-10-01,57415.156444444445,1.0,-0.23436014489355902,0.0,-134.5582438340636,0.018165,-74.07555399618145,-131.64496443284335
FI,2021-11-01,58768.16655555555,1.0,-0.23569580402904403,0.0,-138.5141026762444,0.018165,-76.25329076589287,-133.5785831331146
FI,2021-12-01,60027.818,1.0,-0.23720583168839998,0.0,-142.38948493129908,0.018165,-78.38672443231438,-135.7658971761117
FI,2022-01-01,61186.97855555556,1.0,-0.23453748188028276,0.0,-143.5063987428286,0.018165,-79.00159578465653,-137.64781179251412
FI,2022-02-01,61972.81088888888,1.0,-0.22804169336320443,0.0,-141.32384737579855,0.018165,-77.80008113173606,-138.896927570868
FI,2022-03-01,63300.020222222214,1.0,-0.2138644762208185,0.0,-135.37625669592774,0.018165,-74.52587761955834,-138.28012462465338
FI,2022-04-01,62703.56,1.0,-0.2142807106787054,0.0,-134.36163398884844,0.018165,-73.96731846344532,-141.43447535023515
FI,2022-05-01,62299.87977777777,1.0,-0.19812526933067023,0.0,-123.43180460240598,0.018165,-67.95034660193006,-137.71165942539312
FI,2022-06-01,63174.606,1.0,-0.16970223981951296,0.0,-107.20872137915244,0.018165,-59.01938969400079,-132.29400878752216
FI,2022-07-01,63619.93933333333,1.0,-0.1585475468230097,0.0806451612903225,-152.17425579145902,0.018165,-83.77333101649272,-139.81299028686618
FI,2022-08-01,63058.95566666666,1.0,-0.1518467178846925,0.5,-411.04773284553,0.018165,-226.28556721471512,-171.46550700703315
FI,2022-09-01,61919.375555555554,1.0,-0.15281779211818805,0.925,-667.378046506258,0.018165,-367.39776851431765,-202.39014926501144
FI,2022-10-01,62826.095,1.0,-0.11219693639635529,1.25,-855.8151413474639,0.018165,-471.13412680840287,-222.63840193986601
FI,2022-11-01,62497.13411111111,1.0,-0.10015362403514069,1.975,-1296.9115434248242,0.018165,-713.9617635149046,-275.19173702137726
FI,2022-12-01,63004.723666666665,1.0,-0.07794937103082474,2.177419354838709,-1420.9888333985205,0.018165,-782.2674557657696,-290.6571669116919
FI,2023-01-01,63703.43911111111,1.0,-0.046925846274310276,2.5,-1622.4793556865066,0.018165,-893.1898462353463,-318.600178672035
FI,2023-02-01,63310.47044444445,1.0,-0.033998952882145966,2.875,-1841.7009222936497,0.018165,-1013.8733401011009,-342.0439600198499
FI,2023-03-01,64150.54311111111,1.0,0.005247406100774104,3.161290322580645,-2024.618671741588,0.018165,-1114.5712478621458,-371.140634463345
FI,2023-04-01,62519.37611111111,1.0,0.004801111857287829,3.5,-2185.176538709316,0.018165,-1202.9598341367002,-374.01523569739527
FI,2023-05-01,62550.46588888888,1.0,0.014386982523826667,3.6774193548387095,-2291.2438145437777,0.018165,-1261.350847533046,-387.15033800993945
FI,2023-06-01,62663.37566666666,1.0,0.022262217255767814,3.8333333333333335,-2388.145810391511,0.018165,-1314.6962897833807,-401.82233967550053
FI,2023-07-01,62997.63966666667,1.0,0.0385944154784365,4.0,-2495.592015872105,0.018165,-1373.846416665073,-430.71194387301887
FI,2023-08-01,62904.29466666667,1.0,0.03870654909018846,4.241935483870968,-2644.011514649096,0.018165,-1455.552719322376,-450.9946705291534
FI,2023-09-01,60622.439,1.0,0.03823331916280405,4.341666666666667,-2608.846255996187,0.018165,-1436.193920174064,-409.70079054216285
FI,2023-10-01,61108.722,1.0,0.0645075767341738,4.5,-2710.472734264577,0.018165,-1492.1402335615617,-435.3229776742471
FI,2023-11-01,60850.912,1.0,0.0646421704231428,4.5,-2698.9556897609227,0.018165,-1485.7999943632935,-431.57450712210175
FI,2023-12-01,61006.487,1.0,0.07098556827956191,4.5,-2701.9861135156534,0.018165,-1487.4682705838995,-433.43205924240306
FI,2024-01-01,61426.095,1.0,0.08835276999560364,4.5,-2709.9026185673692,0.018165,-1491.8263796131953,-443.5524996962058
FI,2024-02-01,60930.922,1.0,0.08830270329431482,4.5,-2688.0878387318494,0.018165,-1479.8171421590143,-436.36010870740597
FI,2024-03-01,60698.915888888885,1.0,0.08830936492478143,4.5,-2677.848387862295,0.018165,-1474.1802300370466,-436.05227309759925
FI,2024-04-01,59202.89155555556,1.0,0.08837410169554252,4.5,-2611.8100964099917,0.018165,-1437.825541651523,-407.61104959287786
FI,2024-05-01,59338.019555555555,1.0,0.09488758714772777,4.5,-2613.9064649824863,0.018165,-1438.9796118813576,-411.3817311978537
FI,2024-06-01,59662.504555555555,1.0,0.11061114903081463,4.341666666666667,-2524.353690957575,0.018165,-1389.6799840118772,-412.0168341690887
FI,2024-07-01,59981.65555555555,1.0,0.12554739839306456,4.25,-2473.914953048022,0.018165,-1361.9129936955806,-415.07126147134966
FI,2024-08-01,59487.371555555554,1.0,0.1250321979044645,4.25,-2453.834922979605,0.018165,-1350.8587519843682,-406.97828117986774
FI,2024-09-01,57891.76155555555,1.0,0.12537520450636902,3.99,-2237.2993716240494,0.018165,-1231.6539342824385,-357.94536495210957
FI,2024-10-01,57889.983555555555,1.0,0.12537329484115775,3.577419354838709,-1998.3888964627859,0.018165,-1100.131514705635,-336.4150238095608
FI,2024-11-01,56767.20411111111,1.0,0.12454391270012856,3.4,-1859.3848426473319,0.018165,-1023.6085013197533,-308.4645211048222
FI,2024-12-01,56833.879111111106,1.0,0.1271608638194755,3.287096774193548,-1795.9141552905887,0.018165,-988.6673026647887,-304.66303656605476
FI,2025-01-01,56833.879111111106,1.0,0.1271608638194755,3.0,-1632.7459217135279,0.018165,-898.8416855015292,-286.8390816741553
FI,2025-02-01,55426.59211111111,1.0,0.12546182792829702,2.7857142857142856,-1474.4872789028482,0.018165,-811.7188433266437,-255.1852916349211
FI,2025-03-01,55426.59211111111,1.0,0.12546182792829702,2.588709677419355,-1365.294338223125,0.018165,-751.607122611134,-247.29075520029335
FI,2025-04-01,55125.23255555556,1.0,0.12526881592700423,2.433333333333333,-1272.3259327524997,0.018165,-700.4271581351499,-237.98890669641384
FI,2025-05-01,54582.053555555554,1.0,0.12458405306801354,2.25,-1160.095670432735,0.018165,-638.643363849565,-222.92384766408054
FI,2025-06-01,54582.053555555554,1.0,0.12458405306801354,2.083333333333333,-1069.1255811734757,0.018165,-588.5634908744705,-214.9186942755873
FI,2025-07-01,52011.270000000004,1.0,0.12459696408832509,2.0,-975.4209365962182,0.018165,-536.9782199814028,-187.9998693852208
FI,2025-08-01,51521.431,1.0,0.12393637345801764,2.0,-966.5748268649252,0.018165,-532.1083550040876,-184.30144872041228
FI,2025-09-01,49434.22788888888,1.0,0.12397154279002194,2.0,-927.4001827975869,0.018165,-510.5423522144712,-165.2895751514627
FI,2025-10-01,49434.22788888888,1.0,0.12397154279002194,2.0,-927.4001827975869,0.018165,-510.5423522144712,-170.83943590714136
FI,2025-11-01,49434.22788888888,1.0,0.12397154279002194,2.0,-927.4001827975869,0.018165,-510.5423522144712,-173.2786379953497
FI,2025-12-01,49434.22788888888,1.0,0.12397154279002194,2.0,-927.4001827975869,0.018165,-510.5423522144712,-173.61617966881204
FI,2026-01-01,49434.22788888888,1.0,0.12397154279002194,2.0,-927.4001827975869,0.01795,-516.6574834526946,-177.1695966250369
FI,2026-02-01,49434.22788888888,1.0,0.12397154279002194,2.0,-927.4001827975869,0.01795,-516.6574834526946,-181.5652985610476
FI,2026-03-01,49434.22788888888,1.0,0.12397154279002194,2.0,-927.4001827975869,0.01795,-516.6574834526946,-185.94340493782283
FI,2026-04-01,46074.08444444444,1.0,0.12412366447063274,2.0,-864.2928469051506,0.01795,-481.5001932619223,-155.27127758580298
FI,2026-05-01,46074.08444444444,1.0,0.12412366447063274,2.0,-864.2928469051506,0.01795,-481.5001932619223,-159.20205588249758
FI,2026-06-01,46074.08444444444,1.0,0.12412366447063274,2.1166666666666667,-918.0459454236691,0.01795,-511.44620914967635,-167.54416749018645
FI,2026-07-01,46074.08444444444,1.0,0.12412366447063274,2.25,-979.4780580162617,0.01795,-545.6702273071095,-178.55090249767375
FI,2026-08-01,46074.08444444444,1.0,0.12412366447063274,2.25,-979.4780580162617,0.01795,-545.6702273071095,-179.52172657470658
FR,2015-03-01,7784.0,1.0,0.21880766509471494,0.05,13.139988650972612,0.200047,0.6568450739562509,-0.5899921195637968
FR,2015-04-01,15449.777777777777,1.0,0.19501846994021138,0.05,22.405031342496127,0.200047,1.1199883698578899,-1.6826009411377534
FR,2015-05-01,23880.888888888887,1.0,0.2824064888299104,0.05,55.50073536803886,0.200047,2.7743847879767687,-2.94823091642649
FR,2015-06-01,32259.555555555555,1.0,0.3708184745713113,0.05,103.49461403681804,0.200047,5.173514925833331,-4.176235506497203
FR,2015-07-01,40672.88888888888,1.0,0.4021714457168767,0.05,143.2383008148189,0.200047,7.160232386130205,-5.192284382544403
FR,2015-08-01,47861.33333333333,1.0,0.41195141613249114,0.05,173.234773779892,0.200047,8.659703658634822,-5.771285147604528
FR,2015-09-01,56292.44444444444,1.0,0.41675973444796516,0.05,206.45801975871274,0.200047,10.32047567615174,-6.6071240718477995
FR,2015-10-01,65136.88888888888,1.0,0.4063575390283955,0.05,232.12021424410483,0.200047,11.60328394047923,-8.101769360195835
FR,2015-11-01,74222.22222222222,1.0,0.3923040987505636,0.05,254.0657088504183,0.200047,12.700300871816038,-9.756230383426024
FR,2015-12-01,81570.66666666666,1.0,0.3863794621295738,0.05,274.3869697888409,0.200047,13.71612520002004,-10.372308754540208
FR,2016-01-01,90432.0,1.0,0.37218522267852383,0.05,291.35854057264265,0.200047,14.564504370105158,-11.59378013625997
FR,2016-02-01,99311.11111111111,1.0,0.3457012295454448,0.05,293.6641766307984,0.200047,14.679759088154205,-13.391648344787653
FR,2016-03-01,108068.44444444444,1.0,0.3173882017930169,0.0241935483870967,316.8509011300583,0.200047,15.838822933113633,-14.865912495004451
FR,2016-04-01,121342.22222222222,1.0,0.28566276710352123,0.0,346.62954966490383,0.200047,17.3274055429426,-16.78935328326334
FR,2016-05-01,135029.3333333333,1.0,0.2608168053015842,0.0,352.1791934200271,0.200047,17.604822537704994,-19.049028108969875
FR,2016-06-01,147192.0,1.0,0.23806698073897037,0.0,350.41555028930526,0.200047,17.516661099106972,-21.494605124042618
FR,2016-07-01,159253.3333333333,1.0,0.2048065455512114,0.0,326.16125067515577,0.200047,16.304231039463517,-23.797220540991965
FR,2016-08-01,167936.88888888888,1.0,0.18364547287707805,0.0,308.4084937350531,0.200047,15.416801738344146,-25.313149393547988
FR,2016-09-01,180033.77777777778,1.0,0.15719122104386574,0.0,282.9972935802887,0.200047,14.146540242057553,-27.40851567205152
FR,2016-10-01,192620.44444444444,1.0,0.1416751443449267,0.0,272.895292704506,0.200047,13.641558868891112,-29.15900754015663
FR,2016-11-01,204602.66666666666,1.0,0.14303943570247066,0.0,292.662499832207,0.200047,14.629687015161787,-30.40021710725013
FR,2016-12-01,214104.0,1.0,0.14254065650463213,0.0,305.18524720267754,0.200047,15.255677275974023,-31.312001338662967
FR,2017-01-01,226761.77777777775,1.0,0.1473604261038249,0.0,334.15712197394186,0.200047,16.70393067498847,-31.804206909129995
FR,2017-02-01,238813.3333333333,1.0,0.1580271154829202,0.0,377.38982205527776,0.200047,18.865057814177558,-31.852291072293685
FR,2017-03-01,250997.3333333333,1.0,0.1681478623816398,0.0,422.04665063491905,0.200047,21.097374648703507,-31.87631286465939
FR,2017-04-01,261044.44444444444,1.0,0.17198533368223606,0.0,448.95815883671713,0.200047,22.442633922863983,-32.08627129158704
FR,2017-05-01,270616.8888888889,1.0,0.1724830694752045,0.0,466.76831647385916,0.200047,23.33293258453559,-32.615773820090055
FR,2017-06-01,280216.0,1.0,0.16868369446266804,0.0,472.67870127550987,0.200047,23.628382393912926,-33.30544319350841
FR,2017-07-01,289095.1111111111,1.0,0.1702377248442425,0.0,492.1489397914905,0.200047,24.601665598158956,-33.95953453379501
FR,2017-08-01,297335.11111111107,1.0,0.16828779462609955,0.0,500.3787011379515,0.200047,25.013056988505276,-34.68162151637348
FR,2017-09-01,307157.3333333333,1.0,0.16537221432356256,0.0,507.95288359053944,0.200047,25.391677135400155,-35.51517143823099
FR,2017-10-01,316480.0,1.0,0.16612102879846313,0.0,525.7398319413761,0.200047,26.280815605401536,-35.775522694610785
FR,2017-11-01,325759.11111111107,1.0,0.16461848519719482,0.0,536.2597141029578,0.200047,26.80668613390642,-36.03492361420135
FR,2017-12-01,333958.2222222222,1.0,0.16315558611431916,0.0,544.871494843627,0.200047,27.237174006289873,-36.45996507203124
FR,2018-01-01,337494.2222222222,1.0,0.16447369001750223,0.0,555.0892008847578,0.200047,27.74793927850744,-36.59108108861699
FR,2018-02-01,341248.8888888889,1.0,0.1670855306159873,0.0,570.1775167211609,0.200047,28.502177824269346,-36.67471475705556
FR,2018-03-01,344795.55555555556,1.0,0.16816082535211238,0.0,579.8110519996234,0.200047,28.983741420747293,-37.012585657839125
FR,2018-04-01,348853.3333333333,1.0,0.1689126678011691,0.0,589.2574720466383,0.200047,29.455951453740287,-37.31049895765457
FR,2018-05-01,352552.0,1.0,0.1695547943005561,0.0,597.7688184024964,0.200047,29.881418786709947,-37.72961471701029
FR,2018-06-01,356589.3333333333,1.0,0.16976592140251773,0.0,605.3671673564286,0.200047,30.261246974782356,-38.33479724149679
FR,2018-07-01,360707.55555555556,1.0,0.16945097853395313,0.0,611.2224825347915,0.200047,30.55394394991135,-38.81672075629172
FR,2018-08-01,364370.6666666666,1.0,0.16948581607161115,0.0,617.5565979255699,0.200047,30.870575311080394,-39.286452582455674
FR,2018-09-01,368120.8888888889,1.0,0.17021093600428813,0.0,626.5820106050833,0.200047,31.321739921372643,-39.6665106569541
FR,2018-10-01,369897.77777777775,1.0,0.17074709367979757,0.0,631.5897051417116,0.200047,31.572065821617503,-40.56484581464379
FR,2018-11-01,371374.2222222222,1.0,0.1709416892608429,0.0,634.8333689459834,0.200047,31.73421090773585,-41.32554731552407
FR,2018-12-01,373561.77777777775,1.0,0.17112775896574675,0.0,639.267898663714,0.200047,31.95588530014017,-42.24873492659536
FR,2019-01-01,375777.77777777775,1.0,0.1709733075871728,0.0,642.4796958442427,0.200047,32.11643742941622,-42.689882473942774
FR,2019-02-01,375117.3333333333,1.0,0.1709733075871728,0.0,641.3505121328003,0.200047,32.059991508635484,-42.9218245305456
FR,2019-03-01,376401.77777777775,1.0,0.17041428695619004,0.0,641.442405690423,0.200047,32.064585107021,-43.35469110892079
FR,2019-04-01,375751.11111111107,1.0,0.17041428695619004,0.0,640.3335767299612,0.200047,32.009156684677166,-43.55109498098666
FR,2019-05-01,371684.44444444444,1.0,0.17041428695619004,0.0,633.4033957270763,0.200047,31.662729045028232,-43.95181695427236
FR,2019-06-01,372460.44444444444,1.0,0.16945860632727705,0.0,631.1662782759375,0.200047,31.550899452425558,-43.811822374647704
FR,2019-07-01,373689.77777777775,1.0,0.16752522445653956,0.0,626.024638993366,0.200047,31.293877888364534,-44.105363701784356
FR,2019-08-01,374035.55555555556,1.0,0.16681934359830378,0.0,623.9636586020466,0.200047,31.190853079628617,-44.0328649210574
FR,2019-09-01,375022.2222222222,1.0,0.16500967451682189,0.0,618.8229482546413,0.200047,30.933877951413486,-43.992782181382175
FR,2019-10-01,373112.0,1.0,0.16500967451682189,0.0,615.6708967832044,0.200047,30.77631240574487,-43.80260624467462
FR,2019-11-01,373246.2222222222,1.0,0.16484583760154145,0.0,615.2808613383329,0.200047,30.75681521534104,-43.79408864530828
FR,2019-12-01,377920.8888888889,1.0,0.15964820899492022,0.0,603.3439305287935,0.200047,30.160108900847977,-44.32708321050082
FR,2020-01-01,384527.11111111107,1.0,0.15201639558676205,0.0,584.5442543650147,0.200047,29.22034593695555,-45.015688546653266
FR,2020-02-01,386173.3333333333,1.0,0.14957521512078936,0.0,577.6195940724563,0.200047,28.87419426796984,-45.22864461592059
FR,2020-03-01,396236.71644444444,1.0,0.13933235918705936,0.0,552.0859649873832,0.200047,27.59781276336977,-43.12380101209375
FR,2020-04-01,415643.5504444444,1.0,0.12607653861196128,0.0,524.0290013642167,0.200047,26.195294174079926,-47.88718695780674
FR,2020-05-01,427271.06388888886,1.0,0.11569333715962148,0.0,494.3241525304739,0.200047,24.71040068236334,-52.46922337654368
FR,2020-06-01,455719.53288888885,1.0,0.09311560003926134,0.0,424.34597754560775,0.200047,21.212313983494266,-52.80614341272816
FR,2020-07-01,473799.49111111107,1.0,0.07728850774442024,0.0,366.1925563804348,0.200047,18.3053260673959,-55.666646840459705
FR,2020-08-01,486256.7165555555,1.0,0.06669447555009143,0.0,324.3063669338224,0.200047,16.21150864216021,-57.43231832551922
FR,2020-09-01,505449.3596666666,1.0,0.04921817881320238,0.0,248.7729696509264,0.200047,12.435726086915896,-60.53790350292351
FR,2020-10-01,518678.447,1.0,0.03616919031398332,0.0,187.60179461304313,0.200047,9.377885927459204,-61.97591279617076
FR,2020-11-01,530071.9788888888,1.0,0.024260193384749,0.0,128.59648715681033,0.200047,6.428313704120048,-62.89054134369781
FR,2020-12-01,543458.9822222221,1.0,0.011502589490442996,0.0,62.5118557739618,0.200047,3.124858446963054,-64.45700721647667
FR,2021-01-01,557106.3993333334,1.0,-0.0003010664941053769,0.0,-1.6772607049095678,0.200047,-0.08384333206244372,-66.23325451807615
FR,2021-02-01,566509.4026666667,1.0,-0.006478829492171802,0.0,-36.70317825589431,0.200047,-1.8347277517730487,-66.78487263014804
FR,2021-03-01,580487.8034444444,1.0,-0.014126539331778619,0.0,-82.0028378697572,0.200047,-4.099178586520028,-68.03168253008688
FR,2021-04-01,594525.139111111,1.0,-0.02032417047838092,0.0,-120.83230280977354,0.200047,-6.040195694500469,-68.30476387568338
FR,2021-05-01,605772.1856666666,1.0,-0.02210604553168716,0.0,-133.91227518176981,0.200047,-6.6940406595335,-68.55958771365212
FR,2021-06-01,623294.6976666666,1.0,-0.025470523084586694,0.0,-158.75641985419315,0.200047,-7.9359560430395435,-68.97123743260855
FR,2021-07-01,642102.7448888889,1.0,-0.03226786125430351,0.0,-207.1928228308211,0.200047,-10.35720719784956,-70.35320520507932
FR,2021-08-01,655592.1166666667,1.0,-0.038704705686796605,0.0,-253.74499926167357,0.200047,-12.684269159831118,-71.16824917942341
FR,2021-09-01,673074.5014444444,1.0,-0.04365725170389248,0.0,-293.84582925032055,0.200047,-14.688839585213502,-72.24851348156146
FR,2021-10-01,681642.9916666667,1.0,-0.044444596346991584,0.0,-302.95347617380753,0.200047,-15.144114941679081,-72.71352537834099
FR,2021-11-01,696695.9343333333,1.0,-0.0467927070920407,0.0,-326.00288787475284,0.200047,-16.296314759769096,-73.62160712699081
FR,2021-12-01,708640.128111111,1.0,-0.0487527940571137,0.0,-345.48186226407665,0.200047,-17.270034655059895,-74.64920739885721
FR,2022-01-01,723435.9013333333,1.0,-0.04663229139224798,0.0,-337.3547375458956,0.200047,-16.86377389043053,-75.50998989828811
FR,2022-02-01,728412.4988888889,1.0,-0.04297009872711338,0.0,-312.99956991318925,0.200047,-15.64630161477999,-76.74314805391194
FR,2022-03-01,737126.9206666667,1.0,-0.036114642786198775,0.0,-266.21075427967355,0.200047,-13.307410472522635,-77.06165747761767
FR,2022-04-01,736972.1084444444,1.0,-0.034293652686469646,0.0,-252.7346552660902,0.200047,-12.63376382880474,-80.10092071559457
FR,2022-05-01,733941.6643333333,1.0,-0.03401462650888651,0.0,-249.64751591608882,0.200047,-12.479443126669674,-82.24075595013275
FR,2022-06-01,737965.6516666666,1.0,-0.023625161091898127,0.0,-174.34557400912578,0.200047,-8.715230621260293,-81.98984971478166
FR,2022-07-01,735956.6406666667,1.0,-0.023515336845962888,0.0806451612903225,-766.576102985472,0.200047,-38.319799996274476,-94.35945926664795
FR,2022-08-01,737462.4292222222,1.0,-0.020639540767349304,0.5,-3839.521004834316,0.200047,-191.93094646929552,-137.11088626161356
FR,2022-09-01,744187.9706666666,1.0,-0.0002428554642614627,0.925,-6885.546029817808,0.200047,-344.19641533328706,-179.18879608398086
FR,2022-10-01,738502.5442222222,1.0,-0.0008177052855353207,1.25,-9237.320577115695,0.200047,-461.7575158395625,-213.26179097102562
FR,2022-11-01,739582.6388888889,1.0,0.0027685762896872642,1.975,-14586.281208472636,0.200047,-729.1427118863385,-290.3726853928111
FR,2022-12-01,741855.6195555555,1.0,0.010610329727893346,2.177419354838709,-16074.594517821535,0.200047,-803.5408937810382,-311.93060492696054
FR,2023-01-01,745692.2047777778,1.0,0.02428686726348436,2.5,-18461.199843475915,0.200047,-922.8431240396465,-348.25345647633515
FR,2023-02-01,743770.3365555555,1.0,0.024300901238784485,2.875,-21202.65428104248,0.200047,-1059.883641396396,-388.0542613151449
FR,2023-03-01,735792.9876666666,1.0,0.024659391080076642,3.161290322580645,-23079.11044296483,0.200047,-1153.684406312758,-410.2537929139572
FR,2023-04-01,736437.5012222221,1.0,0.02712248728709947,3.5,-25575.57237513134,0.200047,-1278.4781763851165,-449.53357794581154
FR,2023-05-01,724870.995,1.0,0.02629230162355256,3.6774193548387095,-26465.960999354887,0.200047,-1322.9871479879673,-448.78663846486086
FR,2023-06-01,726556.419888889,1.0,0.03302113608209147,3.8333333333333335,-27611.412244949395,0.200047,-1380.246254377691,-467.3723042698108
FR,2023-07-01,723520.9635555556,1.0,0.035739641388750805,4.0,-28682.25474447503,0.200047,-1433.7757999107725,-490.6413271187183
FR,2023-08-01,724464.1925555555,1.0,0.039653499908362734,4.241935483870968,-30444.02824402226,0.200047,-1521.8437789130685,-517.2857301198458
FR,2023-09-01,724803.8133333332,1.0,0.041880343967251925,4.341666666666667,-31165.01523211046,0.200047,-1557.8846587107262,-531.391529078825
FR,2023-10-01,714380.6693333334,1.0,0.04044268916213644,4.5,-31858.21536646713,0.200047,-1592.5365222406301,-535.7192663533156
FR,2023-11-01,713810.0691111111,1.0,0.04254265044938064,4.5,-31817.779387425577,0.200047,-1590.5151982996783,-536.2897110584865
FR,2023-12-01,714092.7933333333,1.0,0.044118043460719604,4.5,-31819.131931087333,0.200047,-1590.5828095941122,-536.5465982526157
FR,2024-01-01,715482.4282222223,1.0,0.05245032674457503,4.5,-31821.43639859743,0.200047,-1590.6980058984855,-542.424125981496
FR,2024-02-01,709830.6001111111,1.0,0.05247213594213263,4.5,-31569.913727550836,0.200047,-1578.1248270431868,-534.6677935915784
FR,2024-03-01,698564.3352222221,1.0,0.052353173666607106,4.5,-31069.674485408123,0.200047,-1553.118741366185,-514.9907844267377
FR,2024-04-01,700393.0605555555,1.0,0.06135990727109853,4.5,-31087.927192509902,0.200047,-1554.031162302354,-523.8166702437088
FR,2024-05-01,687359.8263333333,1.0,0.06064161293230895,4.5,-30514.366099662748,0.200047,-1525.359845419464,-497.76196473595996
FR,2024-06-01,688327.0904444444,1.0,0.06598147618965007,4.341666666666667,-29430.69946817445,0.200047,-1471.1892439363976,-493.5260940936091
FR,2024-07-01,682874.6491111111,1.0,0.06543423798753462,4.25,-28575.338764166314,0.200047,-1428.431256862953,-481.5895246387221
FR,2024-08-01,683236.4753333332,1.0,0.06694142046053937,4.25,-28580.181999974007,0.200047,-1428.6733617586872,-484.79289095418676
FR,2024-09-01,683677.442111111,1.0,0.06925999969824961,3.99,-26805.214945890173,0.200047,-1339.9458600174046,-466.23729068707564
FR,2024-10-01,683969.0735555554,1.0,0.07155250082515965,3.577419354838709,-23979.04504148777,0.200047,-1198.6705644917329,-434.95407359565866
FR,2024-11-01,666616.4282222223,1.0,0.0710946822165406,3.4,-22191.029728307716,0.200047,-1109.2908030766628,-394.1468228617317
FR,2024-12-01,666806.6854444444,1.0,0.07220081894334436,3.287096774193548,-21437.141159691393,0.200047,-1071.605230755342,-387.6009646566081
FR,2025-01-01,666391.5504444444,1.0,0.07220938049550685,3.0,-19510.549303082993,0.200047,-975.2982700606854,-363.2956662333114
FR,2025-02-01,659651.6548888888,1.0,0.07223738135252723,2.7857142857142856,-17899.495304650132,0.200047,-894.7644955760462,-338.23094388432366
FR,2025-03-01,636194.5831111111,1.0,0.0720675228195585,2.588709677419355,-16010.741063854659,0.200047,-800.3489711845046,-296.03260377366405
FR,2025-04-01,635774.1308888888,1.0,0.07203647005567097,2.433333333333333,-15012.51461021015,0.200047,-750.4493749074043,-288.01112346866825
FR,2025-05-01,617091.5044444444,1.0,0.07187844188786609,2.25,-13441.00309158294,0.200047,-671.892259898071,-256.17274371258645
FR,2025-06-01,616963.5,1.0,0.0718738812529702,2.083333333333333,-12409.97063663583,0.200047,-620.3527489357916,-246.70795233690842
FR,2025-07-01,616826.6036666667,1.0,0.07187576939135001,2.0,-11893.183206137384,0.200047,-594.5194482365337,-245.5410976403516
FR,2025-08-01,616814.1592222222,1.0,0.07187423927523867,2.0,-11892.952699761512,0.200047,-594.5079256255536,-246.70101934187835
FR,2025-09-01,616648.8167777777,1.0,0.07187682176089814,2.0,-11889.748764629503,0.200047,-594.3477665063461,-249.09498944333768
FR,2025-10-01,606544.4962222222,1.0,0.07143317971509663,2.0,-11697.615904405997,0.200047,-584.7433805258763,-245.0404642185465
FR,2025-11-01,590911.809,1.0,0.07121902055778273,2.0,-11397.394577269924,0.200047,-569.7358409408752,-232.47212672175368
FR,2025-12-01,589471.7748888889,1.0,0.0711219020221542,2.0,-11370.191959593049,0.200047,-568.3760296126934,-231.44985706703426
FR,2026-01-01,589471.7748888889,1.0,0.0711219020221542,2.0,-11370.191959593049,0.197682,-575.1758865042365,-235.68799967657878
FR,2026-02-01,569453.0896666667,1.0,0.07090104472049658,2.0,-10985.313603566521,0.197682,-555.7063163852308,-220.61413149358384
FR,2026-03-01,565403.977,1.0,0.07096484312923478,2.0,-10906.841494675495,0.197682,-551.73670312297,-221.02262460809823
FR,2026-04-01,554440.9122222222,1.0,0.07056098489867077,2.0,-10697.599276099269,0.197682,-541.1519144939483,-214.922998817829
FR,2026-05-01,534204.4445555556,1.0,0.07028663063574589,2.0,-10308.61458632661,0.197682,-521.4746201640316,-199.17648278460695
FR,2026-06-01,533873.7625555556,1.0,0.07028322004982922,2.1166666666666667,-10925.104302767368,0.197682,-552.6605509235726,-208.7585092640827
FR,2026-07-01,533144.8361111111,1.0,0.07028661504106079,2.25,-11621.02935393129,0.197682,-587.8648209716256,-220.74549616218985
FR,2026-08-01,533144.8361111111,1.0,0.07028661504106079,2.25,-11621.02935393129,0.197682,-587.8648209716256,-221.71632023922268
GR,2020-03-01,267.589,1.0,1.72700348556244,0.0,4.621271356981677,0.022593,2.0454438795120957,-68.67616989595143
GR,2020-04-01,1978.914,1.0,1.801446282992839,0.0,35.64907269662491,0.022593,15.77881321498912,-58.303667916897545
GR,2020-05-01,4169.41,1.0,1.7554971681766915,0.0,73.1938744796758,0.022593,32.396704501250746,-44.78291955765628
GR,2020-06-01,6932.4220000000005,1.0,1.5087624977696306,0.0,104.59378332313139,0.022593,46.294774188081,-27.72368320814143
GR,2020-07-01,8841.994,1.0,1.3921887524436218,0.0,123.09724595973991,0.022593,54.48468373378477,-19.48728917407083
GR,2020-08-01,10037.699,1.0,1.3342502725811904,0.0,133.92802626837943,0.022593,59.2785492269196,-14.36527774075983
GR,2020-09-01,11526.774,1.0,1.2777040043434447,0.0,147.27805296961904,0.022593,65.18747088461872,-7.786158705220686
GR,2020-10-01,13014.071,1.0,1.2147169775129607,0.0,158.08412990259075,0.022593,69.97040229389225,-1.383396429737715
GR,2020-11-01,14496.923,1.0,1.1507513235863094,0.0,166.82353330178813,0.022593,73.83859306058875,4.519738012770887
GR,2020-12-01,15686.405,1.0,1.1003552583079514,0.0,172.6061822569814,0.022593,76.39808005000728,8.816214386567552
GR,2021-01-01,16846.55,1.0,1.0593294083793672,0.0,178.46045844733428,0.022593,78.98927032591259,12.839859139898877
GR,2021-02-01,18036.032,1.0,1.030238958062904,0.0,185.81422815269195,0.022593,82.24415887783472,17.29401399945972
GR,2021-03-01,19501.104,1.0,1.0040823675859816,0.0,195.80714674860454,0.022593,86.667174234765,22.734670291198142
GR,2021-04-01,21211.54,1.0,0.9758048560278079,0.0,206.9832373582809,0.022593,91.6138792361709,29.349311054988
GR,2021-05-01,22829.52,1.0,0.9604723798095336,0.0,219.27123404309341,0.022593,97.05273051081903,35.18718345670041
GR,2021-06-01,24402.161,1.0,0.9370316975119065,0.0,228.65598344788842,0.022593,101.20656107993115,40.17127969036215
GR,2021-07-01,26133.044,1.0,0.9089219323758372,0.0,237.5289685134278,0.022593,105.13387709176641,45.13787908453664
GR,2021-08-01,27161.617000000002,1.0,0.8898966804211629,0.0,241.71032803171028,0.022593,106.9846094063251,48.50062938673281
GR,2021-09-01,28611.576,1.0,0.8748079969062779,0.0,250.29635488891734,0.022593,110.78491341960668,53.22523952325873
GR,2021-10-01,29945.965,1.0,0.8685604048066363,0.0,260.09879482725364,0.022593,115.1236200713733,57.55420963471139
GR,2021-11-01,31056.326,1.0,0.8740959614323062,0.0,271.4620913352513,0.022593,120.1531852057059,62.82789283848418
GR,2021-12-01,31764.859,1.0,0.8795108279369499,0.0,279.3753743839047,0.022593,123.65572273885928,66.27654999506197
GR,2022-01-01,32781.875,1.0,0.8967632750419536,0.0,293.9758158701594,0.022593,130.1180966981629,71.47188069030531
GR,2022-02-01,33442.402,1.0,0.9248219909223142,0.0,309.28268798864383,0.022593,136.89314743001987,75.79630099088791
GR,2022-03-01,34229.167,1.0,0.9596521571454922,0.0,328.480939488433,0.022593,145.39058092702743,81.63633392193239
GR,2022-04-01,34026.475,1.0,0.9596521571454922,0.0,326.5358013380716,0.022593,144.52963366444106,77.06247677765124
GR,2022-05-01,34382.964,1.0,0.9848139380207965,0.0,338.6082217766728,0.022593,149.87306766550384,80.11175484204077
GR,2022-06-01,34100.262,1.0,0.9848139380207964,0.0,335.82413307760925,0.022593,148.64078833161125,75.36616923808988
GR,2022-07-01,35350.196,1.0,1.0601000400979856,0.0806451612903225,346.23921939007147,0.022593,153.25066143941552,97.21100216904205
GR,2022-08-01,34318.956,1.0,1.0601000400979856,0.5,192.22048631721006,0.022593,85.07966463825525,139.89972484593721
GR,2022-09-01,34560.764,1.0,1.0829252008484014,0.925,54.58015596174199,0.022593,24.157994052025845,189.16561330133206
GR,2022-10-01,34677.223,1.0,1.0949747798706562,1.25,-53.758441290493444,0.022593,-23.794290838088546,224.7014340304483
GR,2022-11-01,35208.845,1.0,1.143600457842129,1.975,-292.7261761290745,0.022593,-129.5649874426037,309.2050390509237
GR,2022-12-01,35060.382,1.0,1.143600457842129,2.177419354838709,-362.46085447518743,0.022593,-160.4305999536084,331.1796889004693
GR,2023-01-01,33566.862,1.0,1.143600457842129,2.5,-455.30076248476433,0.022593,-201.52293298135015,373.06673458196116
GR,2023-02-01,33502.854,1.0,1.143600457842129,2.875,-580.0682607658199,0.022593,-256.7468953949542,415.08248468629677
GR,2023-03-01,33535.747,1.0,1.1466660743725816,3.161290322580645,-675.6192908797083,0.022593,-299.0392116494969,444.3914017493039
GR,2023-04-01,33369.504,1.0,1.1466660743725816,3.5,-785.2958584455985,0.022593,-347.5837022288313,481.36089621047364
GR,2023-05-01,33912.683,1.0,1.1905363182219852,3.6774193548387095,-843.3687607886037,0.022593,-373.28763811295704,500.9128714101494
GR,2023-06-01,33493.075,1.0,1.1905363182219852,3.8333333333333335,-885.1539863690051,0.022593,-391.7824044478401,521.0915456600401
GR,2023-07-01,33760.664,1.0,1.2116525074998437,4.0,-941.3646280954028,0.022593,-416.6620759064325,526.4723968856217
GR,2023-08-01,33927.796,1.0,1.2244687326629815,4.241935483870968,-1023.7599637176733,0.022593,-453.13148484825984,551.4265639449629
GR,2023-09-01,34010.473,1.0,1.2312443451800978,4.341666666666667,-1057.8693438351627,0.022593,-468.2288070796985,558.2643225522027
GR,2023-10-01,34543.873,1.0,1.276904641576523,4.5,-1113.3819672827005,0.022593,-492.7995251992656,564.0177306880489
GR,2023-11-01,34874.581,1.0,1.3006360277125748,4.5,-1115.7647800001955,0.022593,-493.85419377692017,560.3712934642716
GR,2023-12-01,34905.696,1.0,1.302293669779789,4.5,-1116.181650599423,0.022593,-494.03870694437353,559.997504397123
GR,2024-01-01,34990.151,1.0,1.306702807452064,4.5,-1117.3395095512835,0.022593,-494.55119264873355,553.7226872682559
GR,2024-02-01,34950.146,1.0,1.306702807452064,4.5,-1116.0620310094048,0.022593,-493.9857615232174,549.4712719283909
GR,2024-03-01,34976.816,1.0,1.3082199639619065,4.5,-1116.3830303297775,0.022593,-494.1278406275296,544.0001163119177
GR,2024-04-01,34031.809,1.0,1.3082199639619065,4.5,-1086.2204855646153,0.022593,-480.7774468041497,549.4370452544955
GR,2024-05-01,34214.054000000004,1.0,1.3197873599677525,4.5,-1088.079669975459,0.022593,-481.60034965496357,545.9975310285404
GR,2024-06-01,34079.815,1.0,1.3197873599677525,4.341666666666667,-1029.8508772462728,0.022593,-455.8274143523538,521.8357354904347
GR,2024-07-01,34143.823000000004,1.0,1.3236761154052006,4.25,-999.1588475627726,0.022593,-442.2426625781316,504.5990696460993
GR,2024-08-01,34096.706,1.0,1.3236761154052006,4.25,-997.7800515380679,0.022593,-441.63238681807115,502.24808398642926
GR,2024-09-01,34015.807,1.0,1.3236761154052006,3.99,-906.9715865786696,0.022593,-401.4392008934935,472.26936843683546
GR,2024-10-01,34029.142,1.0,1.3243079007082859,3.577419354838709,-766.7144961443066,0.022593,-339.35931312544005,424.35717777063417
GR,2024-11-01,34120.709,1.0,1.328752288633973,3.4,-706.7244042643621,0.022593,-312.806800453398,402.33717976153304
GR,2024-12-01,34056.701,1.0,1.328752288633973,3.287096774193548,-666.9475259970126,0.022593,-295.20095870270114,388.80330739603284
GR,2025-01-01,34056.701,1.0,1.328752288633973,3.0,-569.1718360292708,0.022593,-251.9239746953795,360.07862913199443
GR,2025-02-01,32792.543,1.0,1.328752288633973,2.7857142857142856,-477.77488938622014,0.022593,-211.47031796849475,345.06323372322777
GR,2025-03-01,32734.758,1.0,1.328752288633973,2.588709677419355,-412.4440021220139,0.022593,-182.5538893117399,321.7624780991007
GR,2025-04-01,32734.758,1.0,1.328752288633973,2.433333333333333,-361.5819318962073,0.022593,-160.04157566335033,302.3966757753857
GR,2025-05-01,32734.758,1.0,1.328752288633973,2.25,-301.5682088962074,0.022593,-133.47860350383192,282.2409126816526
GR,2025-06-01,32734.758,1.0,1.328752288633973,2.083333333333333,-247.0102788962073,0.022593,-109.33044699517875,264.31434960370444
GR,2025-07-01,32734.758,1.0,1.328752288633973,2.0,-219.73131389620738,0.022593,-97.25636874085222,251.72198185532983
GR,2025-08-01,32734.758,1.0,1.328752288633973,2.0,-219.73131389620738,0.022593,-97.25636874085222,250.55053754282306
GR,2025-09-01,32703.643,1.0,1.328752288633973,2.0,-219.52245517081585,0.022593,-97.1639247425379,248.08885232047055
GR,2025-10-01,32703.643,1.0,1.328752288633973,2.0,-219.52245517081585,0.022593,-97.1639247425379,242.5389915647919
GR,2025-11-01,32703.643,1.0,1.328752288633973,2.0,-219.52245517081585,0.022593,-97.1639247425379,240.09978947658357
GR,2025-12-01,32703.643,1.0,1.328752288633973,2.0,-219.52245517081585,0.022593,-97.1639247425379,239.76224780312123
GR,2026-01-01,32703.643,1.0,1.328752288633973,2.0,-219.52245517081585,0.022326,-98.32592276754272,241.16196406011497
GR,2026-02-01,30751.399,1.0,1.328752288633973,2.0,-206.4180620005353,0.022326,-92.45635671438471,242.63582817726228
GR,2026-03-01,30751.399,1.0,1.328752288633973,2.0,-206.4180620005353,0.022326,-92.45635671438471,238.25772180048705
GR,2026-04-01,30751.399,1.0,1.328752288633973,2.0,-206.4180620005353,0.022326,-92.45635671438471,233.7725589617346
GR,2026-05-01,30751.399,1.0,1.328752288633973,2.0,-206.4180620005353,0.022326,-92.45635671438471,229.84178066504
GR,2026-06-01,30751.399,1.0,1.328752288633973,2.1166666666666667,-242.29469416720195,0.022326,-108.52579690370061,235.3762447557893
GR,2026-07-01,29910.405,1.0,1.328752288633973,2.25,-275.5489215228097,0.022326,-123.42064029508632,243.69868451434942
GR,2026-08-01,29910.405,1.0,1.328752288633973,2.25,-275.5489215228097,0.022326,-123.42064029508632,242.7278604373166
IE,2015-03-01,641.7777777777777,1.0,0.5821989347812988,0.05,3.4155344969964236,0.021782,1.56805366678745,0.3212164732674023
IE,2015-04-01,1295.111111111111,1.0,0.555541999336032,0.05,6.547330604734209,0.021782,3.005844552719773,0.20325524172412957
IE,2015-05-01,1984.0,1.0,0.6981032301645678,0.05,12.858368086465022,0.021782,5.903208193216887,0.18059248881362855
IE,2015-06-01,2680.8888888888887,1.0,0.8500976800897456,0.05,21.449729805783754,0.021782,9.847456526390484,0.49770609405995003
IE,2015-07-01,3366.222222222222,1.0,0.9009073052106739,0.05,28.64343079851397,0.021782,13.150046276060035,0.7975295073854269
IE,2015-08-01,3934.222222222222,1.0,0.906154533457864,0.05,33.68302191186228,0.021782,15.463695671592268,1.0327068653529174
IE,2015-09-01,4666.666666666666,1.0,0.9040378013151847,0.05,39.855097394708615,0.021782,18.297262599719318,1.3696628517197773
IE,2015-10-01,5385.777777777777,1.0,0.880854512536192,0.05,44.747977701838096,0.021782,20.54355784677169,0.8385045460966261
IE,2015-11-01,6132.444444444444,1.0,0.8572422275363605,0.05,49.50368113576312,0.021782,22.72687592313062,0.2703446678885584
IE,2015-12-01,6740.444444444444,1.0,0.8433650027058466,0.05,53.476327249052744,0.021782,24.55069656094608,0.4622626063858313
IE,2016-01-01,7435.555555555555,1.0,0.8259079277212531,0.05,57.69306502567361,0.021782,26.48657837924599,0.3282938728808631
IE,2016-02-01,8149.333333333333,1.0,0.8103828000539555,0.05,61.966128985730336,0.021782,28.448319247879137,0.3769118149372801
IE,2016-03-01,8867.555555555555,1.0,0.7855745535246419,0.0241935483870967,67.51588362001911,0.021782,30.996181994316,0.29144656619791576
IE,2016-04-01,9825.777777777777,1.0,0.7613933019791452,0.0,74.8128138673553,0.021782,34.346163744080116,0.22940491787417727
IE,2016-05-01,10814.22222222222,1.0,0.7388221517922585,0.0,79.8978693218188,0.021782,36.68068557608062,0.026834929405751495
IE,2016-06-01,11778.666666666666,1.0,0.7179334180823637,0.0,84.56298420452801,0.021782,38.8224149318373,-0.1888512913122895
IE,2016-07-01,12655.111111111111,1.0,0.6825144768145016,0.0,86.37296539029387,0.021782,39.653367638551956,-0.4480839419035263
IE,2016-08-01,13274.666666666666,1.0,0.657339648663074,0.0,87.25964722786085,0.021782,40.060438540015085,-0.6695125918770515
IE,2016-09-01,14147.555555555555,1.0,0.6258107676894289,0.0,88.53692603151066,0.021782,40.64683042489701,-0.9082254892120645
IE,2016-10-01,15056.0,1.0,0.6006538936679914,0.0,90.43445023065279,0.021782,41.51797366203874,-1.282592747008998
IE,2016-11-01,15926.22222222222,1.0,0.5949189497082172,0.0,94.74811397264114,0.021782,43.49835367396985,-1.5315504484420615
IE,2016-12-01,16502.222222222223,1.0,0.5885346519425654,0.0,97.12129611834423,0.021782,44.58786893689479,-1.979809677742196
IE,2017-01-01,16988.444444444445,1.0,0.5870864970241259,0.0,99.73686338777861,0.021782,45.78866191707769,-2.7194756670407756
IE,2017-02-01,17483.555555555555,1.0,0.5868294380425276,0.0,102.59865081651978,0.021782,47.102493258892565,-3.6148556275786774
IE,2017-03-01,17985.777777777777,1.0,0.5863389666001464,0.0,105.457623557221,0.021782,48.41503239244376,-4.558655120919134
IE,2017-04-01,18449.777777777777,1.0,0.5827829340305308,0.0,107.5221562554462,0.021782,49.362848340577635,-5.166056873873387
IE,2017-05-01,18908.44444444444,1.0,0.5770170185475638,0.0,109.10494238705579,0.021782,50.08949700994206,-5.859209394683589
IE,2017-06-01,19368.888888888887,1.0,0.5687627473829,0.0,110.16302458198568,0.021782,50.57525690110444,-6.358568686316893
IE,2017-07-01,19901.333333333332,1.0,0.5633903442887264,0.0,112.12219038471372,0.021782,51.47469946961424,-7.086500662339731
IE,2017-08-01,20335.11111111111,1.0,0.5564609637397022,0.0,113.15695526642814,0.021782,51.94975450666979,-7.744923998208968
IE,2017-09-01,20848.0,1.0,0.5475049438891915,0.0,114.14383070201865,0.021782,52.402823754484736,-8.504024819146416
IE,2017-10-01,20819.555555555555,1.0,0.5475049438891915,0.0,113.98809596242349,0.021782,52.3313267663316,-9.725011533680721
IE,2017-11-01,21860.44444444444,1.0,0.5292997281709013,0.0,115.70727302139532,0.021782,53.12059178284608,-9.721017965261687
IE,2017-12-01,22474.666666666664,1.0,0.5187883387100197,0.0,116.59594983061456,0.021782,53.528578565152216,-10.168560513168892
IE,2018-01-01,22836.44444444444,1.0,0.5188681830085314,0.0,118.49104435264161,0.021782,54.398606350491974,-9.94041401663246
IE,2018-02-01,23219.555555555555,1.0,0.5224335922268692,0.0,121.30675818800248,0.021782,55.69128555137383,-9.485607029951076
IE,2018-03-01,23584.0,1.0,0.5240688512537792,0.0,123.59639787969128,0.021782,56.74244691933307,-9.253880159253349
IE,2018-04-01,24088.0,1.0,0.5252879528034384,0.0,126.53136207129224,0.021782,58.08987332260226,-8.676577088792598
IE,2018-05-01,24548.44444444444,1.0,0.5268782645588495,0.0,129.34041806508216,0.021782,59.379495943936355,-8.231537559783881
IE,2018-06-01,25050.666666666664,1.0,0.5273425862650084,0.0,132.10283347662636,0.021782,60.64770612277402,-7.9483380935051215
IE,2018-07-01,25562.666666666664,1.0,0.5261908443562351,0.0,134.5084115733032,0.021782,61.752094193968965,-7.618570512234108
IE,2018-08-01,26017.777777777777,1.0,0.5257824658694971,0.0,136.79691356444604,0.021782,62.80273324967682,-7.354294643859248
IE,2018-09-01,26321.777777777777,1.0,0.5263499044903784,0.0,138.544652193503,0.021782,63.60511073065054,-7.383139847676205
IE,2018-10-01,26472.888888888887,1.0,0.5270076746850247,0.0,139.5141561552836,0.021782,64.0502048275106,-8.08670680875069
IE,2018-11-01,26597.333333333332,1.0,0.5273786033770217,0.0,140.26864506886437,0.021782,64.39658666277862,-8.663171560481302
IE,2018-12-01,26786.666666666664,1.0,0.5276039274528277,0.0,141.32750536703077,0.021782,64.88270377698593,-9.321916449749594
IE,2019-01-01,26968.0,1.0,0.527929860948261,0.0,142.37212490052704,0.021782,65.36228303210314,-9.44403687125586
IE,2019-02-01,27137.777777777777,1.0,0.527787845593031,0.0,143.22989267515766,0.021782,65.75607964151945,-9.225736397661635
IE,2019-03-01,27308.44444444444,1.0,0.5266610520378217,0.0,143.82294080627517,0.021782,66.02834487479349,-9.390931341148303
IE,2019-04-01,27477.333333333332,1.0,0.5248826809207752,0.0,144.2237638455378,0.021782,66.2123605938563,-9.347891071807524
IE,2019-05-01,27641.777777777777,1.0,0.5227941383606955,0.0,144.50959396091156,0.021782,66.3435836750122,-9.27096232428839
IE,2019-06-01,27796.44444444444,1.0,0.519787112993232,0.0,144.48233609254538,0.021782,66.33106973305729,-9.031652094015968
IE,2019-07-01,27959.11111111111,1.0,0.5159782332280453,0.0,144.2629275373772,0.021782,66.23034043585402,-9.168901154294872
IE,2019-08-01,28102.22222222222,1.0,0.5120640412986541,0.0,143.90137480583954,0.021782,66.0643535055732,-9.159364495112825
IE,2019-09-01,28257.777777777777,1.0,0.508091154690275,0.0,143.57526940092305,0.021782,65.91464025384403,-9.012019878951634
IE,2019-10-01,28261.333333333332,1.0,0.5080037584121804,0.0,143.56863551072766,0.021782,65.91159467024501,-8.667323980174487
IE,2019-11-01,28643.555555555555,1.0,0.49930440285899647,0.0,143.01853402425158,0.021782,65.65904601241924,-8.891857848230075
IE,2019-12-01,29089.777777777777,1.0,0.488616588519735,0.0,142.13747978574975,0.021782,65.25455871166548,-9.232633399683309
IE,2020-01-01,29686.22222222222,1.0,0.4746047329344234,0.0,140.8922156960972,0.021782,64.68286461119145,-9.55316987241737
IE,2020-02-01,30073.777777777777,1.0,0.4643235720822119,0.0,139.63963923784422,0.021782,64.1078134413021,-9.995025442588329
IE,2020-03-01,30828.467222222218,1.0,0.45130606632029524,0.0,139.13074272745268,0.021782,63.87418176818139,-6.847432007282137
IE,2020-04-01,30801.924888888887,1.0,0.43818376039025664,0.0,134.9690327507157,0.021782,61.96356291925247,-12.118918212634199
IE,2020-05-01,32699.0,1.0,0.4068298508748787,0.0,133.0292929375766,0.021782,61.07303871893151,-16.106585339975517
IE,2020-06-01,34600.519555555555,1.0,0.3778894262329616,0.0,130.75170482211257,0.021782,60.02741016532576,-13.991047230896669
IE,2020-07-01,36397.10788888889,1.0,0.3482090364322137,0.0,126.73801866909324,0.021782,58.18474826420588,-15.787224643649722
IE,2020-08-01,37504.765,1.0,0.329126246993121,0.0,123.4380254880896,0.021782,56.669738999214765,-16.974087968464666
IE,2020-09-01,39150.225333333336,1.0,0.3021631955283757,0.0,118.29757192375969,0.021782,54.30978419050578,-18.663845399333624
IE,2020-10-01,40389.46355555556,1.0,0.28115277706653324,0.0,113.55609842871982,0.021782,52.132999003176856,-19.22079972045311
IE,2020-11-01,42060.70177777777,1.0,0.2540993919956529,0.0,106.87598748643809,0.021782,49.06619570582963,-20.252659341988235
IE,2020-12-01,43339.91444444445,1.0,0.23403087412490953,0.0,101.42878061932126,0.021782,46.56541209224188,-21.01645357119785
IE,2021-01-01,44430.68022222222,1.0,0.21896144641016863,0.0,97.28606006445449,0.021782,44.663511185591084,-21.485900000422625
IE,2021-02-01,45520.55933333333,1.0,0.20801559416764362,0.0,94.68986196566807,0.021782,43.47161048832434,-21.478534390050662
IE,2021-03-01,46871.79577777778,1.0,0.19636654757073196,0.0,92.04052715322634,0.021782,42.2553150092858,-21.677188934281055
IE,2021-04-01,48335.054444444446,1.0,0.18567267158229864,0.0,89.74498689775857,0.021782,41.20144472397327,-21.063123457209635
IE,2021-05-01,49682.75211111111,1.0,0.1801388504050571,0.0,89.49793850254979,0.021782,41.08802612365705,-20.77752093046157
IE,2021-06-01,51034.88688888889,1.0,0.1738372916929167,0.0,88.71766518618787,0.021782,40.72980680662376,-20.305474582945237
IE,2021-07-01,52485.705,1.0,0.16412412809607357,0.0,86.1417057063273,0.021782,39.547197551339316,-20.44880045589045
IE,2021-08-01,53600.48544444445,1.0,0.15500088717183236,0.0,83.08122796729776,0.021782,38.14214854802028,-20.341831471572014
IE,2021-09-01,54885.942777777775,1.0,0.14751836841055355,0.0,80.96684727252781,0.021782,37.17144765059582,-20.38822624575213
IE,2021-10-01,56020.27922222222,1.0,0.14413436890214185,0.0,80.7444759141677,0.021782,37.06935814625273,-20.500052290409172
IE,2021-11-01,57179.50533333333,1.0,0.14078214573815234,0.0,80.49853453072792,0.021782,36.956447769134115,-20.3688445980876
IE,2021-12-01,58127.15066666667,1.0,0.1373109030168154,0.0,79.81491547834483,0.021782,36.64260190907393,-20.736570834723388
IE,2022-01-01,59596.592333333334,1.0,0.138341118398555,0.0,82.44659236136081,0.021782,37.85079072691251,-20.795425280945075
IE,2022-02-01,60380.661888888884,1.0,0.14457541056444126,0.0,87.29558982738821,0.021782,40.07693959571583,-21.019906843416116
IE,2022-03-01,58433.94788888889,1.0,0.14165128121734386,0.0,82.77243585048616,0.021782,38.0003837344992,-25.75386327059583
IE,2022-04-01,59529.07,1.0,0.16238030622712513,0.0,96.66348616015968,0.021782,44.377690827361896,-23.089466059427927
IE,2022-05-01,60281.092333333334,1.0,0.17868739564974548,0.0,107.71471395965173,0.021782,49.45125055534466,-20.310062268118415
IE,2022-06-01,60825.11144444445,1.0,0.19469289865976497,0.0,118.42217258422133,0.021782,54.36698768901907,-18.907631404502297
IE,2022-07-01,61195.77811111111,1.0,0.20240204698089986,0.0806451612903225,74.51007360220493,0.021782,34.20717730337202,-21.832481967001456
IE,2022-08-01,61383.34277777777,1.0,0.20635408526194923,0.5,-180.24967839659877,0.021782,-82.75166577752216,-27.931605569840208
IE,2022-09-01,62147.81411111111,1.0,0.23201604859996985,0.925,-430.6743779359233,0.021782,-197.72030940038715,-32.71269015108095
IE,2022-10-01,60524.623,1.0,0.23225784910504013,1.25,-615.9845999412655,0.021782,-282.7952437523026,-34.29951888376576
IE,2022-11-01,60922.86933333333,1.0,0.24669528941275448,1.975,-1052.9328205129123,0.021782,-483.3958408378075,-44.625814344280116
IE,2022-12-01,61151.318222222224,1.0,0.25526817906811666,2.177419354838709,-1175.4207822076612,0.021782,-539.6294106177859,-48.0191217637082
IE,2023-01-01,61435.777444444444,1.0,0.26626815787673597,2.5,-1372.3105232325377,0.021782,-630.0204403785409,-55.4307728152296
IE,2023-02-01,61667.79044444444,1.0,0.27600010356267635,2.875,-1602.7458097862968,0.021782,-735.8120511368547,-63.98267105560376
IE,2023-03-01,58916.567111111115,1.0,0.2748414957391956,3.161290322580645,-1700.596560193922,0.021782,-780.7348086465531,-37.30419524775232
IE,2023-04-01,59069.46422222222,1.0,0.28115064299625403,3.5,-1901.3570693025579,0.021782,-872.9028873852529,-43.95828894594797
IE,2023-05-01,59291.69766666666,1.0,0.29019738530911665,3.6774193548387095,-2008.3414094723983,0.021782,-922.0188272300056,-47.818317706899165
IE,2023-06-01,59396.59344444444,1.0,0.29454134406201327,3.8333333333333335,-2101.921890712054,0.021782,-964.9811269452089,-52.107176837328666
IE,2023-07-01,59459.71244444445,1.0,0.29730149828784613,4.0,-2201.6138818027994,0.021782,-1010.749188230098,-67.61471543804373
IE,2023-08-01,59532.61044444445,1.0,0.3004864862734505,4.241935483870968,-2346.4474776061907,0.021782,-1077.2415194225464,-72.68347062932366
IE,2023-09-01,59573.50444444445,1.0,0.30235271325436147,4.341666666666667,-2406.3608775611447,0.021782,-1104.7474417230487,-78.25431209114754
IE,2023-10-01,59669.516444444445,1.0,0.30695721128636666,4.5,-2501.9683563340736,0.021782,-1148.6403251923946,-91.82306930508003
IE,2023-11-01,59721.967444444446,1.0,0.3092437359741549,4.5,-2502.8020916775313,0.021782,-1149.0230886408647,-94.79760139967289
IE,2023-12-01,59756.63844444444,1.0,0.31042547638985807,4.5,-2503.5489004342685,0.021782,-1149.365944557097,-95.32973321560053
IE,2024-01-01,59880.209444444445,1.0,0.31482545958222624,4.5,-2506.0912804177283,0.021782,-1150.5331376447198,-102.2592577277303
IE,2024-02-01,59987.77844444444,1.0,0.31904336278139617,4.5,-2508.063004392991,0.021782,-1151.4383456032463,-107.9813121516379
IE,2024-03-01,56676.53044444445,1.0,0.3177197202915031,4.5,-2370.371356000983,0.021782,-1088.2248443673598,-50.09688742791241
IE,2024-04-01,56784.98844444445,1.0,0.32244288221150447,4.5,-2372.2253265962636,0.021782,-1089.0759923773132,-58.86150031866805
IE,2024-05-01,56918.338444444445,1.0,0.3283423319330108,4.5,-2374.4382302539875,0.021782,-1090.0919246414414,-62.49404395793749
IE,2024-06-01,56969.01144444445,1.0,0.33058308157046745,4.341666666666667,-2285.0746666396863,0.021782,-1049.0655893121323,-71.40243946934379
IE,2024-07-01,57032.13044444445,1.0,0.3332628766583756,4.25,-2233.7986253501763,0.021782,-1025.5250322973907,-78.68330007315978
IE,2024-08-01,57051.688444444444,1.0,0.33399353405510357,4.25,-2234.1478084151818,0.021782,-1025.6853403797547,-81.80486957525432
IE,2024-09-01,57085.47044444445,1.0,0.3351823360264948,3.99,-2086.3698573659303,0.021782,-957.841271401125,-84.13270207079609
IE,2024-10-01,57129.031444444445,1.0,0.33673093073808946,3.577419354838709,-1851.373908820914,0.021782,-849.9558850522974,-86.23939415622317
IE,2024-11-01,57167.25844444445,1.0,0.3381217287173316,3.4,-1750.391864598451,0.021782,-803.5955672566574,-88.45158704172638
IE,2024-12-01,57180.59344444444,1.0,0.33857414494332116,3.287096774193548,-1685.982737249016,0.021782,-774.025680492616,-90.02141439388197
IE,2025-01-01,57180.59344444444,1.0,0.33857414494332116,3.0,-1521.8190980052887,0.021782,-698.6590294763055,-86.65642564893153
IE,2025-02-01,57180.59344444444,1.0,0.33857414494332116,2.7857142857142856,-1399.2892549100507,0.021782,-642.4062321687865,-85.87268047706391
IE,2025-03-01,52982.15677777778,1.0,0.3389885383344141,2.588709677419355,-1191.9507809727916,0.021782,-547.2182448686033,-42.90187745776268
IE,2025-04-01,52982.15677777778,1.0,0.3389885383344141,2.433333333333333,-1109.629042753556,0.021782,-509.42477401228354,-46.98652257354752
IE,2025-05-01,52982.15677777778,1.0,0.3389885383344141,2.25,-1012.4950886609636,0.021782,-464.83109386693764,-49.11157768145313
IE,2025-06-01,52982.15677777778,1.0,0.3389885383344141,2.083333333333333,-924.1914940313337,0.021782,-424.29138464389575,-50.64658804501255
IE,2025-07-01,52982.15677777778,1.0,0.3389885383344141,2.0,-880.0396967165191,0.021782,-404.0215300323749,-55.04317943619287
IE,2025-08-01,52982.15677777778,1.0,0.3389885383344141,2.0,-880.0396967165191,0.021782,-404.0215300323749,-56.21462374869964
IE,2025-09-01,52982.15677777778,1.0,0.3389885383344141,2.0,-880.0396967165191,0.021782,-404.0215300323749,-58.76875296936646
IE,2025-10-01,52982.15677777778,1.0,0.3389885383344141,2.0,-880.0396967165191,0.021782,-404.0215300323749,-64.31861372504511
IE,2025-11-01,52982.15677777778,1.0,0.3389885383344141,2.0,-880.0396967165191,0.021782,-404.0215300323749,-66.75781581325344
IE,2025-12-01,52982.15677777778,1.0,0.3389885383344141,2.0,-880.0396967165191,0.021782,-404.0215300323749,-67.09535748671578
IE,2026-01-01,52982.15677777778,1.0,0.3389885383344141,2.0,-880.0396967165191,0.021525,-408.8453875570356,-69.35750072937793
IE,2026-02-01,52982.15677777778,1.0,0.3389885383344141,2.0,-880.0396967165191,0.021525,-408.8453875570356,-73.75320266538864
IE,2026-03-01,52982.15677777778,1.0,0.3389885383344141,2.0,-880.0396967165191,0.021525,-408.8453875570356,-78.13130904216388
IE,2026-04-01,52982.15677777778,1.0,0.3389885383344141,2.0,-880.0396967165191,0.021525,-408.8453875570356,-82.61647188091632
IE,2026-05-01,47906.38288888888,1.0,0.3371528539662504,2.0,-796.6099206358895,0.021525,-370.08590970308455,-47.78777232365985
IE,2026-06-01,47906.38288888888,1.0,0.3371528539662504,2.1166666666666667,-852.5007006729264,0.021525,-396.05142888405413,-52.14938722456424
IE,2026-07-01,47906.38288888888,1.0,0.3371528539662504,2.25,-916.3758778581116,0.021525,-425.7263079480194,-58.606983138583644
IE,2026-08-01,47906.38288888888,1.0,0.3371528539662504,2.25,-916.3758778581116,0.021525,-425.7263079480194,-59.577807215616474
IT,2015-03-01,6763.555555555555,1.0,1.0548384770809403,0.05,67.96280864096776,0.160201,4.242346092781429,2.9955088992613814
IT,2015-04-01,13505.777777777777,1.0,1.0863166612775843,0.05,139.9626253462366,0.160201,8.736688619062091,5.934099308066449
IT,2015-05-01,20819.555555555555,1.0,1.212475103388459,0.05,242.0221499694621,0.160201,15.107405694687431,9.384789990284172
IT,2015-06-01,28076.44444444444,1.0,1.3507267637316824,0.05,365.19782719314594,0.160201,22.79622644010624,13.446476007775704
IT,2015-07-01,35408.0,1.0,1.4001441908811274,0.05,478.0590551071896,0.160201,29.84120293301475,17.48868616434014
IT,2015-08-01,41380.444444444445,1.0,1.4040106996389574,0.05,560.2956453359322,0.160201,34.974541066281255,20.543552260041906
IT,2015-09-01,48699.555555555555,1.0,1.42095380381245,0.05,667.6484093286463,0.160201,41.6756705219472,24.748070773947656
IT,2015-10-01,56135.11111111111,1.0,1.4074258248500824,0.05,761.9924950305102,0.160201,47.56477768743705,27.859724386761986
IT,2015-11-01,64024.88888888888,1.0,1.3758456847060732,0.05,848.8712264711913,0.160201,52.9878856231354,30.531354367893336
IT,2015-12-01,70408.0,1.0,1.3560960635423374,0.05,919.5961164188889,0.160201,57.402645203144104,33.31421124858386
IT,2016-01-01,78016.0,1.0,1.333463777536654,0.05,1001.307100682996,0.160201,62.503174180123466,36.34488967375834
IT,2016-02-01,85570.66666666666,1.0,1.3219757358616635,0.05,1088.4381170150643,0.160201,67.94203013808055,39.8706227051387
IT,2016-03-01,93152.88888888889,1.0,1.2974129731523025,0.0241935483870967,1186.0406760632825,0.160201,74.03453636764331,43.32980093952523
IT,2016-04-01,104706.66666666666,1.0,1.2767812063903516,0.0,1336.8750418377906,0.160201,83.44985623296925,49.333097406763315
IT,2016-05-01,116655.11111111111,1.0,1.268365301612131,0.0,1479.6129518904108,0.160201,92.3597825163645,55.705931869689636
IT,2016-06-01,128008.0,1.0,1.2596567208707774,0.0,1612.4613752522648,0.160201,100.65239138658715,61.641125163437565
IT,2016-07-01,138556.44444444444,1.0,1.236752672513583,0.0,1713.6005296064643,0.160201,106.96565749317821,66.86420591272272
IT,2016-08-01,146090.66666666666,1.0,1.2202415904588886,0.0,1782.6590744453267,0.160201,111.27640117385826,70.54645004196612
IT,2016-09-01,156586.66666666666,1.0,1.2038335646966152,0.0,1885.0428511729397,0.160201,117.66735857909374,76.11230266498467
IT,2016-10-01,167540.44444444444,1.0,1.1994886163395904,0.0,2009.6285588758665,0.160201,125.4441956589451,82.64362924989737
IT,2016-11-01,177946.66666666666,1.0,1.2208003600773143,0.0,2172.3735474122445,0.160201,135.60299545023094,90.57309132781901
IT,2016-12-01,186317.3333333333,1.0,1.229898504323367,0.0,2291.5140959618484,0.160201,143.03993707666297,96.47225846202598
IT,2017-01-01,197252.44444444444,1.0,1.245470883112351,0.0,2456.721761782922,0.160201,153.35246108219812,104.84432349807966
IT,2017-02-01,207728.0,1.0,1.2753058209252732,0.0,2649.167275691652,0.160201,165.36521467978676,114.64786579331552
IT,2017-03-01,218296.88888888888,1.0,1.3052349691022462,0.0,2849.2873302400535,0.160201,177.8570252520305,124.88333773866759
IT,2017-04-01,226973.3333333333,1.0,1.322982488445668,0.0,3002.817453441414,0.160201,187.44061856301857,132.91171334856756
IT,2017-05-01,235345.77777777775,1.0,1.335916045455257,0.0,3144.0220076348055,0.160201,196.2548303465525,140.30612394192684
IT,2017-06-01,243632.88888888888,1.0,1.3437133936965069,0.0,3273.7277594497286,0.160201,204.35126868432337,147.41744309690205
IT,2017-07-01,252186.66666666666,1.0,1.3562936768587648,0.0,3420.3918138808904,0.160201,213.50627111446812,154.94507098251415
IT,2017-08-01,258992.88888888888,1.0,1.3625220484444616,0.0,3528.835215014377,0.160201,220.27547986681589,160.58080136193712
IT,2017-09-01,267174.2222222222,1.0,1.36885659697453,0.0,3657.2319663042795,0.160201,228.29020831981572,167.38335974618457
IT,2017-10-01,275281.77777777775,1.0,1.3731077299851961,0.0,3779.9153699073363,0.160201,235.9483005666217,173.89196226660937
IT,2017-11-01,283350.2222222222,1.0,1.3690058909560794,0.0,3879.081234259364,0.160201,242.1383907877831,179.29678103967532
IT,2017-12-01,290424.0,1.0,1.3666253042004937,0.0,3969.007873471242,0.160201,247.75175395105163,184.05461487273053
IT,2018-01-01,293464.8888888889,1.0,1.3676958937968375,0.0,4013.707235068785,0.160201,250.54195885598622,186.20293848886178
IT,2018-02-01,296698.6666666666,1.0,1.3696959162157172,0.0,4063.869520799816,0.160201,253.67316813252205,188.49627555119713
IT,2018-03-01,299740.44444444444,1.0,1.370517514312681,0.0,4107.995288589783,0.160201,256.42756840405383,190.4312413254674
IT,2018-04-01,303270.2222222222,1.0,1.3692990624863148,0.0,4152.676309689053,0.160201,259.21662846605534,192.45017805466048
IT,2018-05-01,306478.2222222222,1.0,1.372315220988076,0.0,4205.847292569215,0.160201,262.535645381066,194.92461187734574
IT,2018-06-01,309987.55555555556,1.0,1.3819490236279217,0.0,4283.869997368061,0.160201,267.405946115696,198.80990189941684
IT,2018-07-01,313604.44444444444,1.0,1.3907790922900813,0.0,4361.5450458257965,0.160201,272.25454559121334,202.88388088501029
IT,2018-08-01,316802.6666666666,1.0,1.4036491988001856,0.0,4446.798092444289,0.160201,277.5761757070361,207.41914781350005
IT,2018-09-01,320029.3333333333,1.0,1.4142928445536953,0.0,4526.1519618062275,0.160201,282.52956984077673,211.54131926244997
IT,2018-10-01,321587.55555555556,1.0,1.4217582835064198,0.0,4572.197709836921,0.160201,285.4038183180455,213.26690668178423
IT,2018-11-01,322862.2222222222,1.0,1.427463914216129,0.0,4608.741714858509,0.160201,287.68495295650524,214.62519473324534
IT,2018-12-01,324759.11111111107,1.0,1.4337109939947146,0.0,4656.10707999951,0.160201,290.64157402260344,216.4369537958679
IT,2019-01-01,327721.77777777775,1.0,1.4413872658959725,0.0,4723.739972456786,0.160201,294.863326224979,220.05700632162
IT,2019-02-01,327953.77777777775,1.0,1.4420395020161885,0.0,4729.223023909944,0.160201,295.20558697573324,220.22377093655217
IT,2019-03-01,329313.77777777775,1.0,1.44545112409839,0.0,4760.069702699763,0.160201,297.13108549258516,221.71180927664335
IT,2019-04-01,329260.44444444444,1.0,1.44545112409839,0.0,4759.298795433577,0.160201,297.0829642407711,221.52271257510728
IT,2019-05-01,325766.2222222222,1.0,1.44545112409839,0.0,4708.7915210439705,0.160201,293.93022022608915,218.31567422678856
IT,2019-06-01,326375.11111111107,1.0,1.4463439462852439,0.0,4720.506661737293,0.160201,294.66149785190436,219.2987760248311
IT,2019-07-01,328215.11111111107,1.0,1.4455836494513632,0.0,4744.623981250846,0.160201,296.16693911091977,220.76769752077087
IT,2019-08-01,326067.55555555556,1.0,1.4455836494513632,0.0,4713.579269276851,0.160201,294.22907904924756,219.00536104856155
IT,2019-09-01,325168.0,1.0,1.4455836494513632,0.0,4700.575441248009,0.160201,293.41735952010345,218.49069938730779
IT,2019-10-01,322514.6666666666,1.0,1.4455836494513632,0.0,4662.2192884158985,0.160201,291.02310774688664,216.44418909646714
IT,2019-11-01,323396.44444444444,1.0,1.4443723183743684,0.0,4671.048722162499,0.160201,291.5742549773409,217.02335111669157
IT,2019-12-01,323367.11111111107,1.0,1.4443723183743684,0.0,4670.625039615775,0.160201,291.547808042133,217.0606159307842
IT,2020-01-01,327413.3333333333,1.0,1.4389851679765642,0.0,4711.4293046443345,0.160201,294.0948748537359,219.8588403701271
IT,2020-02-01,329427.55555555556,1.0,1.4345874050349094,0.0,4725.926220714379,0.160201,294.9997953018008,220.8969564179104
IT,2020-03-01,341848.2353333333,1.0,1.430943314010228,0.0,4891.654467564283,0.160201,305.3448147991762,234.62320102371268
IT,2020-04-01,364831.2281111111,1.0,1.439270438735215,0.0,5250.908017477862,0.160201,327.76999004237564,253.687508910489
IT,2020-05-01,385424.59611111105,1.0,1.4431257170109382,0.0,5562.161466164984,0.160201,347.19892298830746,270.0192989294004
IT,2020-06-01,406554.08955555555,1.0,1.4310833263760807,0.0,5818.127788329634,0.160201,363.1767459834604,289.15828858723796
IT,2020-07-01,426557.49244444445,1.0,1.4096815601174222,0.0,6013.1023142886,0.160201,375.3473645163638,301.3753916085082
IT,2020-08-01,437291.97555555555,1.0,1.3950318698212434,0.0,6100.362423170922,0.160201,380.7942786356466,307.15045166796716
IT,2020-09-01,450364.3603333333,1.0,1.3764568188665074,0.0,6199.070947552695,0.160201,386.95582097194745,313.98219138210806
IT,2020-10-01,462344.29777777777,1.0,1.35531811081939,0.0,6266.2360021229515,0.160201,391.14836999288093,319.794571269251
IT,2020-11-01,471248.6854444444,1.0,1.3357556991220112,0.0,6294.731172861726,0.160201,392.9270836550163,323.60822860719844
IT,2020-12-01,478756.3763333333,1.0,1.3194831083997578,0.0,6317.109516105109,0.160201,394.3239752626456,326.7421095992059
IT,2021-01-01,490059.58999999997,1.0,1.2988826769415958,0.0,6365.299121201008,0.160201,397.33204669140696,331.18263550539325
IT,2021-02-01,501612.6117777778,1.0,1.2764856175065267,0.0,6403.012844942183,0.160201,399.6861970238752,334.7360521455002
IT,2021-03-01,514150.75766666664,1.0,1.254757370118253,0.0,6451.344525341339,0.160201,402.70313701795493,338.77063307438806
IT,2021-04-01,528780.6772222222,1.0,1.232501555612333,0.0,6517.230072541319,0.160201,406.81581716352076,344.5512489823379
IT,2021-05-01,540726.1052222222,1.0,1.2183968963049707,0.0,6588.190083538306,0.160201,411.24525337159605,349.3797063174774
IT,2021-06-01,548246.567111111,1.0,1.2035521688390318,0.0,6598.433449051315,0.160201,411.8846604610031,350.8493790714341
IT,2021-07-01,565473.8637777778,1.0,1.1805324742980912,0.0,6675.602595564817,0.160201,416.70168073637603,356.70568272914625
IT,2021-08-01,574048.3364444445,1.0,1.1672637807595498,0.0,6700.658315368723,0.160201,418.26569842689645,359.78171840730414
IT,2021-09-01,587358.9148888888,1.0,1.1512115670543086,0.0,6761.743768325559,0.160201,422.0787490918009,364.51907519545296
IT,2021-10-01,599242.7267777778,1.0,1.140490700466704,0.0,6834.3075721236555,0.160201,426.6082965851434,369.03888614848154
IT,2021-11-01,605078.543111111,1.0,1.1328172186409793,0.0,6854.433922664646,0.160201,427.86461524364057,370.53932287641885
IT,2021-12-01,611990.5602222222,1.0,1.1287770663165457,0.0,6908.009091810593,0.160201,431.20886210514254,373.82968936134523
IT,2022-01-01,625817.3783333333,1.0,1.127367580663023,0.0,7055.262237485257,0.160201,440.40063654317123,381.75442053531367
IT,2022-02-01,634081.2947777777,1.0,1.1329295723301525,0.0,7183.694501151371,0.160201,448.4175817349062,387.3207352957743
IT,2022-03-01,641856.1140000001,1.0,1.1383972048735236,0.0,7306.872061085817,0.160201,456.1065200021109,392.3522729970159
IT,2022-04-01,641759.9505555555,1.0,1.1411664355689501,0.0,7323.549152663891,0.160201,457.1475304563574,389.68037356956756
IT,2022-05-01,646413.2557777778,1.0,1.1534525639303872,0.0,7456.070272354668,0.160201,465.4197085133469,395.65839568988383
IT,2022-06-01,647712.9623333333,1.0,1.1579730411615372,0.0,7500.341487928781,0.160201,468.18318786579243,394.90856877227105
IT,2022-07-01,657188.5626666667,1.0,1.184508641635656,0.0806451612903225,7254.4645402837405,0.160201,452.8351595984882,396.7955003281147
IT,2022-08-01,655937.1555555556,1.0,1.1870790769425588,0.5,4506.806953714387,0.160201,281.32202381473195,336.1420840224139
IT,2022-09-01,649793.7578888889,1.0,1.1869837687450622,0.925,1702.3541759874756,0.160201,106.26364229857964,271.27126154788584
IT,2022-10-01,656420.6412222222,1.0,1.2180438838262615,1.25,-209.76654269737253,0.160201,-13.093959631798336,235.40176523673853
IT,2022-11-01,651343.8918888889,1.0,1.2183920761294735,1.975,-4928.119497678009,0.160201,-307.62101969887885,131.14900679464853
IT,2022-12-01,650023.0755555555,1.0,1.2204743878415691,2.177419354838709,-6220.3631058489045,0.160201,-388.28491119586675,103.32537765821093
IT,2023-01-01,649130.6286666666,1.0,1.220219098336311,2.5,-8307.44981252544,0.160201,-518.564167047986,56.02550051532535
IT,2023-02-01,653365.5674444444,1.0,1.24000991465883,2.875,-10682.462248749742,0.160201,-666.8162026922267,5.013177389024236
IT,2023-03-01,650350.4141111111,1.0,1.2393725275503393,3.161290322580645,-12499.20033885473,0.160201,-780.2198699667748,-36.78925656797401
IT,2023-04-01,652468.8543333333,1.0,1.2488914648860676,3.5,-14687.782068857756,0.160201,-916.8346058300358,-87.89000739073083
IT,2023-05-01,653221.8773333333,1.0,1.2536558259760116,3.6774193548387095,-15832.553625357561,0.160201,-988.2930584301947,-114.09254890708826
IT,2023-06-01,650621.7924444445,1.0,1.2534066038907137,3.8333333333333335,-16785.565530852906,0.160201,-1047.7815700808926,-134.9076199730124
IT,2023-07-01,648684.2037777777,1.0,1.2592930790532093,4.0,-17778.532868026137,0.160201,-1109.7641630218375,-166.62969022978325
IT,2023-08-01,638949.6745555556,1.0,1.2582958946462806,4.241935483870968,-19063.955445261858,0.160201,-1190.002274970934,-185.44422617771124
IT,2023-09-01,636596.911,1.0,1.2623832429433532,4.341666666666667,-19602.623156357655,0.160201,-1223.6267661473807,-197.13363651547957
IT,2023-10-01,627547.7078888889,1.0,1.2615907577662762,4.5,-20322.56297169967,0.160201,-1268.566549004043,-211.7492931167285
IT,2023-11-01,623577.7276666666,1.0,1.2615855757101884,4.5,-20194.031079415974,0.160201,-1260.543384836298,-206.31789759510616
IT,2023-12-01,622135.8296666667,1.0,1.2618371009914169,4.5,-20145.771617705235,0.160201,-1257.5309528470632,-203.4947415055667
IT,2024-01-01,617971.264111111,1.0,1.261334665276409,4.5,-20014.02110931972,0.160201,-1249.3068775675383,-201.03299765054885
IT,2024-02-01,616182.1974444444,1.0,1.2688582448108254,4.5,-19909.720269669648,0.160201,-1242.79625406019,-199.33922060858163
IT,2024-03-01,612391.2457777777,1.0,1.2724068702511224,4.5,-19765.49777590712,0.160201,-1233.7936577116948,-195.66570077224742
IT,2024-04-01,609411.7055555555,1.0,1.272082561460669,4.5,-19671.306716127736,0.160201,-1227.9141026665088,-197.69961060786363
IT,2024-05-01,603660.5333333333,1.0,1.2708461963045277,4.5,-19493.127073541706,0.160201,-1216.791847338138,-189.1939666546341
IT,2024-06-01,605016.2855555556,1.0,1.2775537218767083,4.341666666666667,-18538.38232379516,0.160201,-1157.1951688063843,-179.53201896359587
IT,2024-07-01,600236.5705555556,1.0,1.2770849559833997,4.25,-17844.52330573543,0.160201,-1113.8833905990246,-167.04165837479366
IT,2024-08-01,596128.7918888889,1.0,1.2771010133705742,4.25,-17722.30681307102,0.160201,-1106.2544436720757,-162.37397286757528
IT,2024-09-01,585901.0166666666,1.0,1.275455163405316,3.99,-15904.545795480757,0.160201,-992.7869236447186,-119.07835431438968
IT,2024-10-01,582885.0957777777,1.0,1.2765679761905446,3.577419354838709,-13411.31976213767,0.160201,-837.1558081496164,-73.43931725354219
IT,2024-11-01,577056.4372222222,1.0,1.2760478489606242,3.4,-12256.402611092573,0.160201,-765.0640514786159,-49.920071263684804
IT,2024-12-01,565374.0248888889,1.0,1.276026638940794,3.287096774193548,-11370.068167016918,0.160201,-709.7376525125885,-25.733386413854532
IT,2025-01-01,562012.9626666666,1.0,1.275972748613995,3.0,-9689.256632695187,0.160201,-604.8187360063413,7.183867821032663
IT,2025-02-01,554224.1135555556,1.0,1.2758609857010976,2.7857142857142856,-8367.971067987393,0.160201,-522.3419996121993,34.19155207952326
IT,2025-03-01,544836.9767777778,1.0,1.2756283999819718,2.588709677419355,-7154.152334624863,0.160201,-446.5735129384251,57.7428544724155
IT,2025-04-01,541561.2627777777,1.0,1.2755153299102786,2.433333333333333,-6270.293800006348,0.160201,-391.401664159796,71.03658727894003
IT,2025-05-01,536427.6277777777,1.0,1.2756237836136795,2.25,-5226.823223192006,0.160201,-326.2665790595568,89.45293712592769
IT,2025-06-01,527383.6733333333,1.0,1.275091099857961,2.083333333333333,-4262.537580333793,0.160201,-266.07434287762203,107.57045372126117
IT,2025-07-01,520770.8762222222,1.0,1.275029601249885,2.0,-3775.4346979227125,0.160201,-235.6686099289463,113.30974066723576
IT,2025-08-01,515684.36844444444,1.0,1.275061565855562,2.0,-3738.39418572879,0.160201,-233.356482526875,114.45042375680029
IT,2025-09-01,511933.92744444445,1.0,1.2751321529621098,2.0,-3710.8444381230593,0.160201,-231.63678367320176,113.6159933898067
IT,2025-10-01,511933.92744444445,1.0,1.2751321529621098,2.0,-3710.8444381230593,0.160201,-231.63678367320176,108.06613263412805
IT,2025-11-01,505398.47522222216,1.0,1.2750274204509178,2.0,-3664.000362820273,0.160201,-228.71270234394748,108.551011875174
IT,2025-12-01,496947.4258888889,1.0,1.274546964932463,2.0,-3605.120183800944,0.160201,-225.03730836892055,111.8888641767386
IT,2026-01-01,493384.451,1.0,1.2752028091556185,2.0,-3576.0366409109743,0.158307,-225.89251523375304,113.59537159390464
IT,2026-02-01,486363.6268888889,1.0,1.275165749130048,2.0,-3525.3301514640057,0.158307,-222.6894673933563,112.40271749829068
IT,2026-03-01,478642.408,1.0,1.2745933639346927,2.0,-3472.1037906547836,0.158307,-219.32724330918933,111.38683520568242
IT,2026-04-01,468487.89544444444,1.0,1.275673645035132,2.0,-3393.381296524366,0.158307,-214.354469260637,111.87444641548231
IT,2026-05-01,468359.00111111114,1.0,1.2756636210483472,2.0,-3392.4946291423535,0.158307,-214.29845990021624,107.99967747920846
IT,2026-06-01,459259.02166666667,1.0,1.275191173507609,2.1166666666666667,-3864.5521174470473,0.158307,-244.11757644621193,99.78446521327797
IT,2026-07-01,453426.6955555555,1.0,1.2752265286464144,2.25,-4419.883140310743,0.158307,-279.1969489858783,87.92237582355745
IT,2026-08-01,447909.00111111114,1.0,1.2756013178396124,2.25,-4364.419404104423,0.158307,-275.69339347624697,90.45510725615594
LT,2015-03-01,34.666666666666664,1.0,0.7188821186333549,0.05,0.231879134459563,0.005902,0.39288230169360044,-0.8539548918264472
LT,2015-04-01,108.44444444444444,1.0,0.36654940903530064,0.05,0.3432802480205038,0.005902,0.5816337648602232,-2.22095554613542
LT,2015-05-01,217.77777777777777,1.0,0.37769067428442626,0.05,0.7136374684416394,0.005902,1.2091451515446279,-4.513470552858631
LT,2015-06-01,336.0,1.0,0.45738484497617177,0.05,1.3688130791199373,0.005902,2.3192359863096192,-7.030514446020915
LT,2015-07-01,448.0,1.0,0.5443082796285558,0.05,2.21450109273593,0.005902,3.752119777593917,-8.600396991080691
LT,2015-08-01,575.1111111111111,1.0,0.618188765685549,0.05,3.2677167235426685,0.005902,5.536626098852369,-8.894362707386982
LT,2015-09-01,686.2222222222222,1.0,0.6564976204231189,0.05,4.161921448592424,0.005902,7.051713738719796,-9.875886009279744
LT,2015-10-01,787.5555555555555,1.0,0.6874680288581748,0.05,5.020414876163048,0.005902,8.506294266626647,-11.198759034048418
LT,2015-11-01,891.5555555555555,1.0,0.6975460765848643,0.05,5.7732330205743905,0.005902,9.781824840010827,-12.674706415231235
LT,2015-12-01,984.0,1.0,0.6984570860234258,0.05,6.380817726470509,0.005902,10.811280458269245,-13.277153496291003
LT,2016-01-01,1080.888888888889,1.0,0.70043824273069,0.05,7.030514694760169,0.005902,11.91208860515108,-14.246195901214048
LT,2016-02-01,1177.7777777777776,1.0,0.7083657959587439,0.05,7.754086041291871,0.005902,13.138065132653118,-14.93334230028874
LT,2016-03-01,1288.888888888889,1.0,0.7173826033760224,0.0241935483870967,8.934436708746153,0.005902,15.137981546503138,-15.566753881614947
LT,2016-04-01,1381.3333333333333,1.0,0.718608949884564,0.0,9.92638496107211,0.005902,16.8186800424807,-17.298078783725238
LT,2016-05-01,1481.7777777777776,1.0,0.6902666734914467,0.0,10.228218175202146,0.005902,17.330088402579033,-19.323762244095835
LT,2016-06-01,1575.111111111111,1.0,0.6718686574622635,0.0,10.582677875761165,0.005902,17.930663971130404,-21.080602252019187
LT,2016-07-01,1639.111111111111,1.0,0.6617976567093707,0.0,10.847598924196264,0.005902,18.379530539132944,-21.72192104132254
LT,2016-08-01,1681.7777777777776,1.0,0.6560164631689956,0.0,11.032739096139908,0.005902,18.693221104947316,-22.03673002694482
LT,2016-09-01,1746.6666666666665,1.0,0.6433421521514151,0.0,11.237042924244715,0.005902,19.039381437215713,-22.515674476893363
LT,2016-10-01,1857.7777777777776,1.0,0.5934582434893512,0.0,11.0251353679355,0.005902,18.68033779724754,-24.1202286118002
LT,2016-11-01,1945.7777777777776,1.0,0.5525748924256452,0.0,10.751879462397664,0.005902,18.2173491399486,-26.812554982463315
LT,2016-12-01,2012.4444444444443,1.0,0.5194416275588579,0.0,10.45347417594004,0.005902,17.711748857912635,-28.855929756724354
LT,2017-01-01,2074.6666666666665,1.0,0.4904731703177267,0.0,10.175683373525102,0.005902,17.241076539351237,-31.267061044767228
LT,2017-02-01,2132.4444444444443,1.0,0.46382795440362773,0.0,9.89087344546047,0.005902,16.75851142910957,-33.95883745736167
LT,2017-03-01,2199.111111111111,1.0,0.43590359891573455,0.0,9.58600447748913,0.005902,16.241959467111368,-36.73172804625153
LT,2017-04-01,2249.777777777778,1.0,0.4168117734223923,0.0,9.377338653618443,0.005902,15.888408427005155,-38.64049678744587
LT,2017-05-01,2296.0,1.0,0.399881568467218,0.0,9.181280812007326,0.005902,15.556219606925323,-40.39248679770032
LT,2017-06-01,2329.777777777778,1.0,0.3886060653153688,0.0,9.053657752814058,0.005902,15.339982637773732,-41.5938429496476
LT,2017-07-01,2382.222222222222,1.0,0.370511722815833,0.0,8.826412596857176,0.005902,14.954951875393384,-43.60624825656058
LT,2017-08-01,2385.777777777778,1.0,0.369354222309944,0.0,8.811970957154577,0.005902,14.930482814562142,-44.76419569031662
LT,2017-09-01,2411.555555555555,1.0,0.36093861315940734,0.0,8.704235177790862,0.005902,14.747941677043139,-46.158906896588014
LT,2017-10-01,2464.8888888888887,1.0,0.3438829499162417,0.0,8.476332623268783,0.005902,14.361797057385264,-47.694541242627054
LT,2017-11-01,2526.222222222222,1.0,0.32542188811148054,0.0,8.220880053447358,0.005902,13.928973319971801,-48.91263642813596
LT,2017-12-01,2581.333333333333,1.0,0.31069145412537524,0.0,8.019982069156352,0.005902,13.588583648180874,-50.108555430140235
LT,2018-01-01,2645.333333333333,1.0,0.2945656217067147,0.0,7.792242579548291,0.005902,13.202715316076398,-51.13630505104803
LT,2018-02-01,2466.6666666666665,1.0,0.2945656217067147,0.0,7.265952002098962,0.005902,12.310999664688175,-52.86589291663673
LT,2018-03-01,2469.333333333333,1.0,0.29406647197559405,0.0,7.261481414650668,0.005902,12.303424965521295,-53.692902113065124
LT,2018-04-01,2506.6666666666665,1.0,0.2870658543367482,0.0,7.195784082041155,0.005902,12.192111287768814,-54.574339123626046
LT,2018-05-01,2484.4444444444443,1.0,0.2870658543367482,0.0,7.131991669966322,0.005902,12.08402519479214,-55.527008308928096
LT,2018-06-01,2538.6666666666665,1.0,0.27736187030806153,0.0,7.041293347553989,0.005902,11.930351317441525,-56.66569289883761
LT,2018-07-01,2576.0,1.0,0.27113965928823125,0.0,6.984557623264838,0.005902,11.834221659208467,-57.536443046994606
LT,2018-08-01,2612.4444444444443,1.0,0.2651548541594685,0.0,6.927023256663804,0.005902,11.736738828640805,-58.420289064895265
LT,2018-09-01,2757.333333333333,1.0,0.24620682513007786,0.0,6.788742858253346,0.005902,11.50244469375355,-59.485805884573196
LT,2018-10-01,2768.8888888888887,1.0,0.2447456825836859,0.0,6.776736011094947,0.005902,11.482101001516344,-60.65481063474495
LT,2018-11-01,2793.777777777778,1.0,0.241637458840607,0.0,6.750813627875803,0.005902,11.43817964736666,-61.62157857589326
LT,2018-12-01,2812.4444444444443,1.0,0.23952667724914908,0.0,6.736554727256069,0.005902,11.414020208837798,-62.79060001789773
LT,2019-01-01,2832.0,1.0,0.23732598690518072,0.0,6.721071949154719,0.005902,11.387787104633544,-63.41853279872545
LT,2019-02-01,2841.777777777778,1.0,0.23631907516143114,0.0,6.715662962587515,0.005902,11.378622437457665,-63.60319360172342
LT,2019-03-01,2854.222222222222,1.0,0.23520008131157227,0.0,6.713132987479631,0.005902,11.374335797152881,-64.04494041878891
LT,2019-04-01,2817.777777777778,1.0,0.23520008131157225,0.0,6.627415624512747,0.005902,11.229101363118852,-64.33115030254497
LT,2019-05-01,2854.222222222222,1.0,0.2317442848196785,0.0,6.614496876053223,0.005902,11.20721259920912,-64.40733340009147
LT,2019-06-01,2855.111111111111,1.0,0.23168096157782975,0.0,6.61474887633768,0.005902,11.207639573598238,-64.15508225347502
LT,2019-07-01,2956.4444444444443,1.0,0.22594966438508063,0.0,6.680076299953583,0.005902,11.31832649941305,-64.08091509073584
LT,2019-08-01,2973.333333333333,1.0,0.2253881112888123,0.0,6.701539842320686,0.005902,11.354693057134336,-63.869024943551686
LT,2019-09-01,3088.8888888888887,1.0,0.22220293629778481,0.0,6.863601810087131,0.005902,11.629281277680668,-63.29737885511499
LT,2019-10-01,3160.8888888888887,1.0,0.2206105624436768,0.0,6.973254755997464,0.005902,11.81507074889438,-62.76384790152512
LT,2019-11-01,3228.4444444444443,1.0,0.21894984296816808,0.0,7.068674041425657,0.005902,11.976743546976714,-62.5741603136726
LT,2019-12-01,3293.333333333333,1.0,0.21716376131640214,0.0,7.15192653935351,0.005902,12.117801659358708,-62.369390451990085
LT,2020-01-01,3358.222222222222,1.0,0.21556271672202792,0.0,7.23907505578508,0.005902,12.26546095524412,-61.970573528364696
LT,2020-02-01,3390.222222222222,1.0,0.2148919749760277,0.0,7.285315489409507,0.005902,12.343808013231966,-61.759030870658464
LT,2020-03-01,3412.4444444444443,1.0,0.2145800817884751,0.0,7.322426079875163,0.005902,12.406686004532636,-58.314927770930886
LT,2020-04-01,3970.7292222222222,1.0,0.20728478371850118,0.0,8.230717480330657,0.005902,13.945641274704602,-60.13683985718207
LT,2020-05-01,4376.116666666667,1.0,0.199767311126256,0.0,8.742050596747944,0.005902,14.812013888085298,-62.36761017082173
LT,2020-06-01,4766.3805555555555,1.0,0.18168194103844018,0.0,8.659652710612121,0.005902,14.672403779417351,-59.34605361680508
LT,2020-07-01,5045.510333333333,1.0,0.17188884696911336,0.0,8.672669535674133,0.005902,14.694458718526148,-59.27751418932945
LT,2020-08-01,5398.432888888889,1.0,0.1662719619281964,0.0,8.976080277732565,0.005902,15.208539948716647,-58.43528701896278
LT,2020-09-01,5590.443111111111,1.0,0.1624301158464714,0.0,9.080563221708857,0.005902,15.38556967419325,-57.588059915646156
LT,2020-10-01,5689.114666666666,1.0,0.1606904084198417,0.0,9.141861593339781,0.005902,15.48943001243609,-55.864368711193876
LT,2020-11-01,5826.897777777777,1.0,0.15837854602432133,0.0,9.228555978767934,0.005902,15.636319855587823,-53.68253519223004
LT,2020-12-01,5970.014,1.0,0.1562624963840551,0.0,9.328892910877583,0.005902,15.806324823581129,-51.7755408398586
LT,2021-01-01,6113.131555555556,1.0,0.15442654487203528,0.0,9.440297844726548,0.005902,15.995082759618006,-50.1543284263957
LT,2021-02-01,6192.253333333333,1.0,0.15359163958052438,0.0,9.510783421646341,0.005902,16.114509355551238,-48.835635522823765
LT,2021-03-01,6365.596111111112,1.0,0.15024587479549092,0.0,9.56404556308664,0.005902,16.204753580289122,-47.727750363277735
LT,2021-04-01,6515.822222222221,1.0,0.14697456245705018,0.0,9.576601201590353,0.005902,16.226027112149023,-46.03854106903388
LT,2021-05-01,6603.833888888888,1.0,0.14526320432266382,0.0,9.592940715145982,0.005902,16.25371181827513,-45.61183523584349
LT,2021-06-01,6728.280777777778,1.0,0.142819445677252,0.0,9.60929331043132,0.005902,16.281418689310946,-44.753862700258054
LT,2021-07-01,6894.510777777778,1.0,0.14028687117554386,0.0,9.672093453005097,0.005902,16.387823539486778,-43.608174467742984
LT,2021-08-01,6932.740333333333,1.0,0.13970931563743963,0.0,9.68568407462075,0.005902,16.410850685565485,-42.07312933402681
LT,2021-09-01,7135.4184444444445,1.0,0.13718044847314412,0.0,9.788399022524333,0.005902,16.584884822982602,-40.97478907336535
LT,2021-10-01,7266.091777777778,1.0,0.13547714665642407,0.0,9.843893813970372,0.005902,16.678911917943697,-40.8904985187182
LT,2021-11-01,7434.104222222222,1.0,0.13368567736162,0.0,9.938332585246568,0.005902,16.838923390793912,-40.4863689764278
LT,2021-12-01,7538.109222222221,1.0,0.13278201383373728,0.0,10.009253230253336,0.005902,16.959087140381794,-40.42008560341553
LT,2022-01-01,7758.569888888889,1.0,0.13048508249892826,0.0,10.123776320253674,0.005902,17.153128295922862,-41.49308771193472
LT,2022-02-01,7854.575888888889,1.0,0.1298164313352825,0.0,10.196530115477099,0.005902,17.276398026901216,-43.82044841223073
LT,2022-03-01,7874.135,1.0,0.1295272954474721,0.0,10.199154105382808,0.005902,17.280843960323292,-46.47340304477174
LT,2022-04-01,8004.801777777777,1.0,0.12896453328697657,0.0,10.323355253258715,0.005902,17.49128304516895,-49.975873841620874
LT,2022-05-01,8009.246222222222,1.0,0.1289385997468883,0.0,10.327009929213881,0.005902,17.49747531212111,-52.26383751134196
LT,2022-06-01,8097.24711111111,1.0,0.12834393558080975,0.0,10.392325616103422,0.005902,17.608142351920403,-55.66647674160096
LT,2022-07-01,8153.248333333333,1.0,0.1275348260389034,0.0806451612903225,3.82303080961926,0.005902,6.477517468009589,-49.56214180236389
LT,2022-08-01,8189.693555555556,1.0,0.12710723146380312,0.5,-30.53877503394161,0.005902,-51.743095618335495,3.07696458934646
LT,2022-09-01,8113.245333333333,1.0,0.12713393060593947,0.925,-64.73283164136372,0.005902,-109.67948431271384,55.32813493659236
LT,2022-10-01,8163.023888888889,1.0,0.1266263858325355,1.25,-91.70125648596462,0.005902,-155.37318957296614,93.12253529557071
LT,2022-11-01,8194.135777777778,1.0,0.13685358983624446,1.975,-150.62021264316616,0.005902,-255.20198685727914,183.56803963624824
LT,2022-12-01,8224.358555555555,1.0,0.14682321883151492,2.177419354838709,-167.0035070404882,0.005902,-282.960872654165,208.6494161999127
LT,2023-01-01,8329.250666666667,1.0,0.18097137817144607,2.5,-193.15770694384562,0.005902,-327.2750032935371,247.3146642697742
LT,2023-02-01,8378.140777777777,1.0,0.19667496410327254,2.875,-224.393841993895,0.005902,-380.1996645101575,291.62971557109347
LT,2023-03-01,8427.033777777777,1.0,0.21210743963075623,3.161290322580645,-248.52863771462754,0.005902,-421.09223604647156,322.33837735232925
LT,2023-04-01,8332.801666666666,1.0,0.21255725713969936,3.5,-273.9360836677755,0.005902,-464.14111092472973,364.80348751457524
LT,2023-05-01,8364.80411111111,1.0,0.2224387441939304,3.6774193548387095,-289.00236015730627,0.005902,-489.6685194125826,384.53199011052385
LT,2023-06-01,8305.246777777778,1.0,0.22238677883366684,3.8333333333333335,-299.8980223648613,0.005902,-508.1294855385653,404.7444645693149
LT,2023-07-01,8317.692777777778,1.0,0.22635009090420008,4.0,-313.880605947479,0.005902,-531.8207488096899,411.3137239823643
LT,2023-08-01,8140.792888888889,1.0,0.22653881684517194,4.241935483870968,-326.8851263299175,0.005902,-553.854839596607,450.7032091966157
LT,2023-09-01,8149.682888888889,1.0,0.22936010269014434,4.341666666666667,-335.1399443830492,0.005902,-567.8413154575554,458.65181417434576
LT,2023-10-01,8170.129888888889,1.0,0.235735892770206,4.5,-348.3959163659423,0.005902,-590.3014509758425,466.51580491147206
LT,2023-11-01,8181.686888888889,1.0,0.23933509693659322,4.5,-348.59426175342924,0.005902,-590.6375156784636,463.58797156272817
LT,2023-12-01,8189.687888888889,1.0,0.2418001252492177,4.5,-348.7332794271466,0.005902,-590.8730590090589,463.16315233243756
LT,2024-01-01,7936.348222222222,1.0,0.2417416219142793,4.5,-337.95021308683494,0.005902,-572.6028686662739,475.67101125071554
LT,2024-02-01,7972.7972222222215,1.0,0.25329754652732134,4.5,-338.5809752465127,0.005902,-573.6715947924647,469.78543865914367
LT,2024-03-01,8009.246222222222,1.0,0.2648874009312959,4.5,-339.20059584776754,0.005902,-574.7214433205143,463.4065136189331
LT,2024-04-01,7841.242888888888,1.0,0.26511047672876986,4.5,-332.0679735958058,0.005902,-562.6363497048557,467.57814235378953
LT,2024-05-01,7885.692888888889,1.0,0.27942912037728773,4.5,-332.82125772492344,0.005902,-563.9126698151871,463.68521086831686
LT,2024-06-01,7558.565777777778,1.0,0.27932437537609295,4.341666666666667,-307.054814205683,0.005902,-520.2555306771992,457.40761916558927
LT,2024-07-01,7579.901777777777,1.0,0.28633935071880545,4.25,-300.44158401994343,0.005902,-509.0504642831979,437.79126794103297
LT,2024-08-01,7441.229666666666,1.0,0.28644457147522223,4.25,-294.9372624021629,0.005902,-499.7242670317907,444.1562037727097
LT,2024-09-01,7451.897666666666,1.0,0.2899036871788215,3.99,-275.72739079954073,0.005902,-467.17619586502997,406.532373465299
LT,2024-10-01,7466.121666666666,1.0,0.29446957838542587,3.577419354838709,-245.10902456556346,0.005902,-415.2982456210834,348.4182452749908
LT,2024-11-01,7362.118222222221,1.0,0.2946614177555921,3.4,-228.61869762511273,0.005902,-387.3580102085949,327.78597000633613
LT,2024-12-01,7366.563222222221,1.0,0.29611397297838055,3.287096774193548,-220.3326390173085,0.005902,-373.31860219808283,310.68566390065115
LT,2025-01-01,7366.563222222221,1.0,0.29611397297838055,3.0,-199.1834736373802,0.005902,-337.48470626462245,274.5178975627515
LT,2025-02-01,7366.563222222221,1.0,0.29611397297838055,2.7857142857142856,-183.3979810183326,0.005902,-310.7387004715903,245.79485122013227
LT,2025-03-01,7365.674222222222,1.0,0.2961037186170026,2.588709677419355,-168.86588612463547,0.005902,-286.11637771032775,218.19998970051284
LT,2025-04-01,7365.674222222222,1.0,0.2961037186170026,2.433333333333333,-157.4213708008601,0.005902,-266.7254673006779,195.7127841380581
LT,2025-05-01,6984.325222222222,1.0,0.2964101650632853,2.25,-136.44506758025443,0.005902,-231.18445879406036,184.53505739142415
LT,2025-06-01,6984.325222222222,1.0,0.2964101650632853,2.083333333333333,-124.80452554321737,0.005902,-211.46141230636624,162.18338429251696
LT,2025-07-01,6984.325222222222,1.0,0.2964101650632853,2.0,-118.98425452469888,0.005902,-201.59988906251928,147.37846153366277
LT,2025-08-01,6898.986222222222,1.0,0.29614524136506154,2.0,-117.54870504490209,0.005902,-199.16757886293135,148.63932742074394
LT,2025-09-01,6892.763666666666,1.0,0.2961381757217723,2.0,-117.44316875405352,0.005902,-198.9887644087657,146.26401265424278
LT,2025-10-01,6562.971777777777,1.0,0.2963293998790861,2.0,-111.81142067223286,0.005902,-189.44666328741587,150.25625301991394
LT,2025-11-01,6418.076666666666,1.0,0.2964158503257244,2.0,-109.3373368072764,0.005902,-185.25472180155268,152.0089924175688
LT,2025-12-01,6418.076666666666,1.0,0.2964158503257244,2.0,-109.3373368072764,0.005902,-185.25472180155268,151.67145074410647
LT,2026-01-01,6259.847666666667,1.0,0.2965177668324933,2.0,-106.6353928250174,0.005832,-182.8453237740353,156.64256305362238
LT,2026-02-01,6259.847666666667,1.0,0.2965177668324933,2.0,-106.6353928250174,0.005832,-182.8453237740353,152.24686111761167
LT,2026-03-01,6259.847666666667,1.0,0.2965177668324933,2.0,-106.6353928250174,0.005832,-182.8453237740353,147.86875474083644
LT,2026-04-01,6259.847666666667,1.0,0.2965177668324933,2.0,-106.6353928250174,0.005832,-182.8453237740353,143.383591902084
LT,2026-05-01,6259.847666666667,1.0,0.2965177668324933,2.0,-106.6353928250174,0.005832,-182.8453237740353,139.4528136053894
LT,2026-06-01,6068.728777777777,1.0,0.2967206886480838,2.1166666666666667,-110.44758530802297,0.005832,-189.38200498632193,154.52003667316797
LT,2026-07-01,6068.728777777777,1.0,0.2967206886480838,2.25,-118.53922367839334,0.005832,-203.2565563758459,163.86276843358985
LT,2026-08-01,6026.056777777778,1.0,0.29612335542430096,2.25,-117.74171596987092,0.005832,-201.88908773983354,164.25941299256937
LU,2015-03-01,162.66666666666666,1.0,-0.22443403825436564,0.05,-0.4464127022271014,0.00364,-1.226408522601927,-2.4732457161219745
LU,2015-04-01,344.88888888888886,1.0,-0.24254793441763395,0.05,-1.008965320480373,0.00364,-2.7718827485724535,-5.574472059568096
LU,2015-05-01,419.55555555555554,1.0,-0.22285172451112903,0.05,-1.1447645686155814,0.00364,-3.1449576060867623,-8.867573310490021
LU,2015-06-01,651.5555555555555,1.0,-0.1797383941689751,0.05,-1.4968732704520777,0.00364,-4.112289204538675,-13.46203963686921
LU,2015-07-01,722.6666666666666,1.0,-0.18327064050653727,0.05,-1.6857691620605761,0.00364,-4.631233961704879,-16.983750730379487
LU,2015-08-01,799.1111111111111,1.0,-0.19049367004906864,0.05,-1.9218116388810018,0.00364,-5.279702304618137,-19.71069111085749
LU,2015-09-01,921.7777777777777,1.0,-0.2035907314188023,0.05,-2.3375430087226485,0.00364,-6.421821452534749,-23.349421200534287
LU,2015-10-01,927.1111111111111,1.0,-0.2045738183614604,0.05,-2.3601821560089173,0.00364,-6.48401691211241,-26.189070212787474
LU,2015-11-01,953.7777777777777,1.0,-0.21304025751633437,0.05,-2.5088195228002377,0.00364,-6.89236132637428,-29.34889258161634
LU,2015-12-01,991.1111111111111,1.0,-0.2241116388995077,0.05,-2.716750909981787,0.00364,-7.463601401048866,-31.552035355609114
LU,2016-01-01,1141.3333333333333,1.0,-0.20025011031390713,0.05,-2.8561879257160596,0.00364,-7.846670125593571,-34.0049546319587
LU,2016-02-01,1239.111111111111,1.0,-0.2013664001882947,0.05,-3.1147089943331805,0.00364,-8.556892841574673,-36.62830027451653
LU,2016-03-01,1367.111111111111,1.0,-0.20290507488695053,0.0241935483870967,-3.1046905119598636,0.00364,-8.529369538351274,-39.23410496646936
LU,2016-04-01,1398.2222222222222,1.0,-0.20420423848225858,0.0,-2.855229041178602,0.00364,-7.844035827413742,-41.96079465361968
LU,2016-05-01,1412.4444444444443,1.0,-0.20473662775751741,0.0,-2.891791124503957,0.00364,-7.944481111274607,-44.598331757949474
LU,2016-06-01,1435.5555555555554,1.0,-0.20684701519498808,0.0,-2.9694038181324953,0.00364,-8.157702797067294,-47.168969020216885
LU,2016-07-01,1440.888888888889,1.0,-0.20781236694414493,0.0,-2.9943453050351905,0.00364,-8.226223365481292,-48.32767494593678
LU,2016-08-01,1440.888888888889,1.0,-0.20781236694414493,0.0,-2.9943453050351905,0.00364,-8.226223365481292,-48.956174497373425
LU,2016-09-01,1449.7777777777776,1.0,-0.20974729503647296,0.0,-3.0408696729287765,0.00364,-8.354037562991145,-49.90909347710022
LU,2016-10-01,1452.4444444444443,1.0,-0.21024337490686565,0.0,-3.053668218647275,0.00364,-8.38919840287713,-51.18976481192487
LU,2016-11-01,1519.111111111111,1.0,-0.22015457754061973,0.0,-3.344392649039281,0.00364,-9.187891892965059,-54.217796015376976
LU,2016-12-01,1549.3333333333333,1.0,-0.22522017803982597,0.0,-3.4894112917637035,0.00364,-9.586294757592592,-56.15397337222958
LU,2017-01-01,1558.2222222222222,1.0,-0.22644971664658742,0.0,-3.5285898069463797,0.00364,-9.693928041061483,-58.20206562517995
LU,2017-02-01,1624.0,1.0,-0.23229131868533345,0.0,-3.772411015449815,0.00364,-10.363766525961031,-61.081115412432275
LU,2017-03-01,1683.5555555555554,1.0,-0.23499682973294175,0.0,-3.95630218234837,0.00364,-10.8689620394186,-63.842649552781495
LU,2017-04-01,1727.111111111111,1.0,-0.237754898621755,0.0,-4.106291271307288,0.00364,-11.281019976118925,-65.80992519056994
LU,2017-05-01,1799.111111111111,1.0,-0.23940178359763767,0.0,-4.307104088903277,0.00364,-11.832703540943069,-67.78140994556871
LU,2017-06-01,1848.8888888888887,1.0,-0.2405350927846913,0.0,-4.447226604374737,0.00364,-12.217655506524002,-69.15148109394534
LU,2017-07-01,1903.111111111111,1.0,-0.2388081907037144,0.0,-4.5447852115258005,0.00364,-12.485673658037914,-71.04687378999188
LU,2017-08-01,1944.8888888888887,1.0,-0.23952345028691754,0.0,-4.65846497091356,0.00364,-12.797980689322966,-72.49265919420172
LU,2017-09-01,1993.7777777777776,1.0,-0.24114274306561276,0.0,-4.80785042396595,0.00364,-13.208380285620741,-74.11522885925189
LU,2017-10-01,2028.4444444444443,1.0,-0.2422487596174454,0.0,-4.913881506195648,0.00364,-13.499674467570461,-75.55601276758279
LU,2017-11-01,2055.111111111111,1.0,-0.24373539390907303,0.0,-5.009033161935793,0.00364,-13.761080115208223,-76.60268986331599
LU,2017-12-01,2120.0,1.0,-0.24606116481860507,0.0,-5.2164966941544275,0.00364,-14.331034874050625,-78.02817395237173
LU,2018-01-01,2144.0,1.0,-0.24544118622189037,0.0,-5.2622590325973295,0.00364,-14.456755584058598,-78.79577595118303
LU,2018-02-01,2166.222222222222,1.0,-0.2439141133558754,0.0,-5.283721726651274,0.00364,-14.515719029261742,-79.69261161058665
LU,2018-03-01,2190.222222222222,1.0,-0.2429512368022511,0.0,-5.321171977606638,0.00364,-14.618604334084171,-80.61493141267059
LU,2018-04-01,2225.777777777778,1.0,-0.24213895612728967,0.0,-5.389475076824296,0.00364,-14.80625021105576,-81.57270062245061
LU,2018-05-01,2235.5555555555557,1.0,-0.24207782069553094,0.0,-5.411784169326759,0.00364,-14.867538926721865,-82.4785724304421
LU,2018-06-01,2240.0,1.0,-0.24216779941263442,0.0,-5.424558706843011,0.00364,-14.902633810008272,-83.49867802628741
LU,2018-07-01,2245.333333333333,1.0,-0.24230757976492265,0.0,-5.440612857655062,0.00364,-14.94673861993149,-84.31740332613457
LU,2018-08-01,2286.222222222222,1.0,-0.2432273425162978,0.0,-5.560717555128159,0.00364,-15.276696580022415,-85.43372447355848
LU,2018-09-01,2305.777777777778,1.0,-0.24339352593980673,0.0,-5.612113833669855,0.00364,-15.417895147444657,-86.4061457257714
LU,2018-10-01,2309.333333333333,1.0,-0.2434088716345265,0.0,-5.621122208946665,0.00364,-15.442643431172158,-87.57955506743345
LU,2018-11-01,2316.4444444444443,1.0,-0.24360919397338623,0.0,-5.643071639952395,0.00364,-15.502944065803284,-88.5627022890632
LU,2018-12-01,2322.6666666666665,1.0,-0.24378735424996772,0.0,-5.662367614712583,0.00364,-15.555954985474129,-89.76057521220966
LU,2019-01-01,2324.4444444444443,1.0,-0.2438565678464034,0.0,-5.668310443718621,0.00364,-15.57228143878742,-90.37860134214642
LU,2019-02-01,2326.222222222222,1.0,-0.24394247762510154,0.0,-5.674644123954584,0.00364,-15.589681659215891,-90.57149769839697
LU,2019-03-01,2328.0,1.0,-0.24406191738668928,0.0,-5.681761436762127,0.00364,-15.60923471637947,-91.02851093232127
LU,2019-04-01,2334.222222222222,1.0,-0.24461494405195874,0.0,-5.709856382937277,0.00364,-15.686418634443068,-91.2466703001069
LU,2019-05-01,2336.0,1.0,-0.2448256014584843,0.0,-5.7191260500701935,0.00364,-15.711884752940092,-91.32643075224068
LU,2019-06-01,2336.8888888888887,1.0,-0.24496574296883,0.0,-5.724577229022702,0.00364,-15.726860519293139,-91.0895823463664
LU,2019-07-01,2352.0,1.0,-0.2479123410236994,0.0,-5.83089826087741,0.00364,-16.01895126614673,-91.41819285629562
LU,2019-08-01,2354.6666666666665,1.0,-0.24857002662204933,0.0,-5.852995560193855,0.00364,-16.079658132400702,-91.30337613308672
LU,2019-09-01,2376.0,1.0,-0.25330376410625055,0.0,-6.018497435164513,0.00364,-16.534333613089323,-91.46099374588499
LU,2019-10-01,2379.555555555555,1.0,-0.25397183896377934,0.0,-6.04340100360922,0.00364,-16.60275000991544,-91.18166866033494
LU,2019-11-01,2407.111111111111,1.0,-0.25816587051429296,0.0,-6.2143393542462695,0.00364,-17.07236086331393,-91.62326472396325
LU,2019-12-01,2417.777777777778,1.0,-0.2597544697370074,0.0,-6.280285846085868,0.00364,-17.253532544191945,-91.74072465554073
LU,2020-01-01,2488.8888888888887,1.0,-0.2696124653534096,0.0,-6.710354693240416,0.00364,-18.4350403660451,-92.67107484965392
LU,2020-02-01,2506.6666666666665,1.0,-0.2726584362319857,0.0,-6.834638134881775,0.00364,-18.77647839253235,-92.87931727642278
LU,2020-03-01,2579.559444444444,1.0,-0.28298802188566946,0.0,-7.299844245198297,0.00364,-20.05451715713818,-90.7761309326017
LU,2020-04-01,2752.904,1.0,-0.29800422979719143,0.0,-8.203770362256074,0.00364,-22.537830665538667,-96.62031179742533
LU,2020-05-01,2499.606444444444,1.0,-0.3338013788385017,0.0,-8.343720777091601,0.00364,-22.92230982717473,-100.10193388608175
LU,2020-06-01,2756.5227777777777,1.0,-0.35950416705848726,0.0,-9.909814252027475,0.00364,-27.22476442864691,-101.24322182486934
LU,2020-07-01,2906.756333333333,1.0,-0.37537638264778456,0.0,-10.911276776452043,0.00364,-29.976035100142976,-103.94800800799858
LU,2020-08-01,3058.7686666666664,1.0,-0.3908122941508488,0.0,-11.954043998967327,0.00364,-32.84078021694321,-106.48460718462263
LU,2020-09-01,3237.443777777778,1.0,-0.4096730676356445,0.0,-13.262935237401521,0.00364,-36.436635267586595,-109.410264857426
LU,2020-10-01,3515.6866666666665,1.0,-0.43657432686558345,0.0,-15.348585399703067,0.00364,-42.166443405777656,-113.52024212940762
LU,2020-11-01,3689.9161111111107,1.0,-0.4509260971942315,0.0,-16.638794709574494,0.00364,-45.71097447685301,-115.02982952467087
LU,2020-12-01,3784.1408888888886,1.0,-0.45816877885633084,0.0,-17.337752100825323,0.00364,-47.63118709017946,-115.2130527536192
LU,2021-01-01,3906.811333333333,1.0,-0.46676567304377425,0.0,-18.235654214583782,0.00364,-50.09795113896644,-116.24736232498014
LU,2021-02-01,3993.925222222222,1.0,-0.47252705667777783,0.0,-18.872377298478064,0.00364,-51.84719038043424,-116.79733525880924
LU,2021-03-01,4092.5968888888888,1.0,-0.47909185180029645,0.0,-19.607298221699097,0.00364,-53.86620390576675,-117.79870784933361
LU,2021-04-01,4294.391888888888,1.0,-0.4913215524802156,0.0,-21.09927289807334,0.00364,-57.96503543426742,-120.22960361545032
LU,2021-05-01,4521.080777777778,1.0,-0.50218994493628,0.0,-22.704413068446964,0.00364,-62.3747611770521,-124.24030823117073
LU,2021-06-01,4675.758888888889,1.0,-0.509140022771027,0.0,-23.806159871607207,0.00364,-65.40153810881101,-126.43681949838
LU,2021-07-01,4768.205333333333,1.0,-0.5134379251101586,0.0,-24.48177452845859,0.00364,-67.25762233093019,-127.25362033815995
LU,2021-08-01,4836.650111111111,1.0,-0.5170643053537103,0.0,-25.00859129940612,0.00364,-68.70492115221462,-127.18890117180692
LU,2021-09-01,4958.428444444444,1.0,-0.5224237304225543,0.0,-25.904006849799693,0.00364,-71.16485398296619,-128.72452787931414
LU,2021-10-01,5034.876,1.0,-0.5235765069537633,0.0,-26.361427890253363,0.00364,-72.42150519300375,-129.99091562966566
LU,2021-11-01,5086.433888888889,1.0,-0.5240607888086147,0.0,-26.656005560339807,0.00364,-73.23078450642804,-130.55607687364974
LU,2021-12-01,5138.878777777778,1.0,-0.5241283575844744,0.0,-26.93432093622378,0.00364,-73.99538718742797,-131.3745599312253
LU,2022-01-01,5170.879444444445,1.0,-0.5234737922727327,0.0,-27.06819872168455,0.00364,-74.36318330133118,-133.00939930918875
LU,2022-02-01,5213.546444444444,1.0,-0.5191551326207292,0.0,-27.066393957898867,0.00364,-74.35822515906283,-135.45507159819476
LU,2022-03-01,4863.314888888888,1.0,-0.52084689927736,0.0,-25.33042480087196,0.00364,-69.58907912327462,-133.34332612836965
LU,2022-04-01,4907.759777777777,1.0,-0.5066326492201696,0.0,-24.864313379517462,0.00364,-68.30855324043259,-135.7757101272224
LU,2022-05-01,4955.761555555555,1.0,-0.4893032886885705,0.0,-24.24870427089719,0.00364,-66.61731942554174,-136.3786322490048
LU,2022-06-01,5018.874,1.0,-0.4605687689856613,0.0,-23.115366198741416,0.00364,-63.50375329324565,-136.77837238676702
LU,2022-07-01,5070.429555555555,1.0,-0.44205023879287125,0.0806451612903225,-26.50290205134761,0.00364,-72.8101704707352,-128.8498297411087
LU,2022-08-01,5097.096333333333,1.0,-0.43205865299441504,0.5,-47.50792742629438,0.00364,-130.5162841381714,-75.69622393048942
LU,2022-09-01,5141.542222222222,1.0,-0.40834414811000175,0.925,-68.55445234260496,0.00364,-188.33640753462902,-23.328788285322815
LU,2022-10-01,5159.3208888888885,1.0,-0.3977450861415713,1.25,-85.0124564249423,0.00364,-233.5507044641272,14.94502040440966
LU,2022-11-01,5194.877666666666,1.0,-0.3775119406909503,1.975,-122.21011741262075,0.00364,-335.74208080390315,103.02794568962423
LU,2022-12-01,5209.101111111111,1.0,-0.3692843915040602,2.177419354838709,-132.6603731474495,0.00364,-364.45157458090523,127.15871427317245
LU,2023-01-01,5263.324666666666,1.0,-0.33733571251042177,2.5,-149.33819043270344,0.00364,-410.2697539359985,164.31991362731281
LU,2023-02-01,5308.658888888889,1.0,-0.3092079896711493,2.875,-169.03874048438766,0.00364,-464.3921441878782,207.43723589337276
LU,2023-03-01,5348.660222222223,1.0,-0.28409726668801377,3.161290322580645,-184.28207548859393,0.00364,-506.26943815547787,237.16117524332293
LU,2023-04-01,5371.772,1.0,-0.2700695250954767,3.5,-202.51953912961181,0.00364,-556.3723602461863,272.57223819311866
LU,2023-05-01,5406.439666666666,1.0,-0.24962978733051627,3.6774193548387095,-212.31354255173005,0.00364,-583.2789630542035,290.921546468903
LU,2023-06-01,5423.329333333333,1.0,-0.23930350654783167,3.8333333333333335,-220.87250837741487,0.00364,-606.7926054324585,306.08134467542175
LU,2023-07-01,4813.538555555555,1.0,-0.24535310676260305,4.0,-204.35170861349346,0.00364,-561.4057928942128,381.7286798978414
LU,2023-08-01,4822.428555555555,1.0,-0.23923051100841455,4.241935483870968,-216.10102855890852,0.00364,-593.6841443926058,410.8739044006169
LU,2023-09-01,4825.984555555555,1.0,-0.23672733438349272,4.341666666666667,-220.95258738316272,0.00364,-607.0126027009965,419.4805269309047
LU,2023-10-01,4838.430555555555,1.0,-0.22778379263883325,4.5,-228.75053562364056,0.00364,-628.435537427584,428.38171845973056
LU,2023-11-01,4846.431555555555,1.0,-0.22247505224507252,4.5,-228.87152113524385,0.00364,-628.767915206714,425.45757203447783
LU,2023-12-01,4850.876555555555,1.0,-0.21997897036060016,4.5,-228.9603533003748,0.00364,-629.0119596164143,425.0242517250822
LU,2024-01-01,4850.876555555555,1.0,-0.21997897036060016,4.5,-228.9603533003748,0.00364,-629.0119596164143,419.2619203005752
LU,2024-02-01,4850.876555555555,1.0,-0.21997897036060016,4.5,-228.9603533003748,0.00364,-629.0119596164143,414.4450738351941
LU,2024-03-01,4850.876555555555,1.0,-0.21997897036060016,4.5,-228.9603533003748,0.00364,-629.0119596164143,409.11599732303307
LU,2024-04-01,4850.876555555555,1.0,-0.21997897036060016,4.5,-228.9603533003748,0.00364,-629.0119596164143,401.2025324422309
LU,2024-05-01,4850.876555555555,1.0,-0.21997897036060016,4.5,-228.9603533003748,0.00364,-629.0119596164143,398.58592106708966
LU,2024-06-01,4850.876555555555,1.0,-0.21997897036060016,4.341666666666667,-221.2797987540785,0.00364,-607.9115350386772,369.7516148041112
LU,2024-07-01,4850.876555555555,1.0,-0.21997897036060016,4.25,-216.83316191148592,0.00364,-595.6954997568295,351.14623246740143
LU,2024-08-01,4850.876555555555,1.0,-0.21997897036060016,4.25,-216.83316191148592,0.00364,-595.6954997568295,348.18497104767096
LU,2024-09-01,4850.876555555555,1.0,-0.21997897036060016,3.99,-204.2208828670415,0.00364,-561.0463815028613,312.6621878274676
LU,2024-10-01,4850.876555555555,1.0,-0.21997897036060016,3.577419354838709,-184.20710507815255,0.00364,-506.0634754894301,257.6530154066441
LU,2024-11-01,4850.876555555555,1.0,-0.21997897036060016,3.4,-175.6007111892637,0.00364,-482.419536234241,232.72444398069007
LU,2024-12-01,4850.876555555555,1.0,-0.21997897036060016,3.287096774193548,-170.12391507815258,0.00364,-467.3733930718478,216.6308730268862
LU,2025-01-01,4850.876555555555,1.0,-0.21997897036060016,3.0,-156.1972049670415,0.00364,-429.1132004589052,182.88940336846872
LU,2025-02-01,4850.876555555555,1.0,-0.21997897036060016,2.7857142857142856,-145.80246949085102,0.00364,-400.55623486497535,155.9773168267472
LU,2025-03-01,4850.876555555555,1.0,-0.21997897036060016,2.588709677419355,-136.2460191337082,0.00364,-374.3022503673302,130.0141170435104
LU,2025-04-01,4480.181666666666,1.0,-0.21481033643956582,2.433333333333333,-118.6416472001593,0.00364,-325.93859120922883,136.49966022950719
LU,2025-05-01,4480.181666666666,1.0,-0.21481033643956582,2.25,-110.4279808112704,0.00364,-303.3735736573363,112.34594252814821
LU,2025-06-01,4480.181666666666,1.0,-0.21481033643956582,2.083333333333333,-102.96101136682596,0.00364,-282.85992133743395,90.78487526144926
LU,2025-07-01,4480.181666666666,1.0,-0.21481033643956582,2.0,-99.22752664460376,0.00364,-272.6030951774828,76.37525541869923
LU,2025-08-01,4480.181666666666,1.0,-0.21481033643956582,2.0,-99.22752664460376,0.00364,-272.6030951774828,75.20381110619246
LU,2025-09-01,4480.181666666666,1.0,-0.21481033643956582,2.0,-99.22752664460376,0.00364,-272.6030951774828,72.64968188552564
LU,2025-10-01,4480.181666666666,1.0,-0.21481033643956582,2.0,-99.22752664460376,0.00364,-272.6030951774828,67.09982112984699
LU,2025-11-01,4480.181666666666,1.0,-0.21481033643956582,2.0,-99.22752664460376,0.00364,-272.6030951774828,64.66061904163865
LU,2025-12-01,4480.181666666666,1.0,-0.21481033643956582,2.0,-99.22752664460376,0.00364,-272.6030951774828,64.32307736817631
LU,2026-01-01,4480.181666666666,1.0,-0.21481033643956582,2.0,-99.22752664460376,0.003597,-275.86190337671326,63.62598345094443
LU,2026-02-01,4480.181666666666,1.0,-0.21481033643956582,2.0,-99.22752664460376,0.003597,-275.86190337671326,59.23028151493372
LU,2026-03-01,4480.181666666666,1.0,-0.21481033643956582,2.0,-99.22752664460376,0.003597,-275.86190337671326,54.852175138158486
LU,2026-04-01,4480.181666666666,1.0,-0.21481033643956582,2.0,-99.22752664460376,0.003597,-275.86190337671326,50.36701229940604
LU,2026-05-01,4480.181666666666,1.0,-0.21481033643956582,2.0,-99.22752664460376,0.003597,-275.86190337671326,46.436234002711444
LU,2026-06-01,4480.181666666666,1.0,-0.21481033643956582,2.1166666666666667,-104.45440525571486,0.003597,-290.3931199769665,53.50892168252341
LU,2026-07-01,4480.181666666666,1.0,-0.21481033643956582,2.25,-110.4279808112704,0.003597,-307.00022466297025,60.119100146465485
LU,2026-08-01,4480.181666666666,1.0,-0.21481033643956582,2.25,-110.4279808112704,0.003597,-307.00022466297025,59.148276069432654
LV,2015-03-01,66.66666666666666,1.0,0.16825058050976827,0.05,0.0788337203398455,0.003876,0.2033893713618305,-1.0434478221582173
LV,2015-04-01,224.0,1.0,0.09561310751997266,0.05,0.10217336084473877,0.003876,0.2636051621381289,-2.5389841488575144
LV,2015-05-01,406.2222222222222,1.0,0.1667733510537006,0.05,0.4743593016136993,0.003876,1.2238372074656845,-4.498778496937574
LV,2015-06-01,447.1111111111111,1.0,0.19814389587917725,0.05,0.6623678189086769,0.003876,1.7088953016219735,-7.640855130708561
LV,2015-07-01,466.66666666666663,1.0,0.20898493974886329,0.05,0.7419297188280286,0.003876,1.9141633612694235,-10.438353407405184
LV,2015-08-01,487.1111111111111,1.0,0.21034544945736725,0.05,0.7810605004678866,0.003876,2.0151199702473854,-12.415868835991965
LV,2015-09-01,504.0,1.0,0.21286191783477576,0.05,0.8208240658872699,0.003876,2.11770914831597,-14.80989059968357
LV,2015-10-01,560.0,1.0,0.22878429280441717,0.05,1.001192039704736,0.003876,2.583054797999835,-17.12199850267523
LV,2015-11-01,587.5555555555555,1.0,0.23738796267498924,0.05,1.1010083851392702,0.003876,2.840578909028045,-19.615952346214016
LV,2015-12-01,608.0,1.0,0.23899730592514848,0.05,1.1491036200249025,0.003876,2.96466362235527,-21.123770332204977
LV,2016-01-01,644.4444444444445,1.0,0.24011597633438536,0.05,1.2251918474882613,0.003876,3.160969678762284,-22.997314827602843
LV,2016-02-01,671.1111111111111,1.0,0.23884825605411844,0.05,1.2673816295187503,0.003876,3.269818445610811,-24.801588987331048
LV,2016-03-01,710.2222222222222,1.0,0.22793200110527578,0.0241935483870967,1.446995766416223,0.003876,3.7332192116001623,-26.971516216517923
LV,2016-04-01,777.7777777777777,1.0,0.20666476932337643,0.0,1.6073926502929277,0.003876,4.147039861436862,-29.969718964769076
LV,2016-05-01,829.3333333333333,1.0,0.18802608521563494,0.0,1.559363000054999,0.003876,4.023124355147056,-32.630726291527814
LV,2016-06-01,909.3333333333333,1.0,0.17146469214085297,0.0,1.5591856005341562,0.003876,4.022666668044779,-34.98859955510481
LV,2016-07-01,933.3333333333333,1.0,0.1633475573699836,0.0,1.5245772021198467,0.003876,3.933377714447489,-36.168073866007994
LV,2016-08-01,997.3333333333333,1.0,0.13353122498218567,0.0,1.331751417155665,0.003876,3.4358911691322627,-37.294059962759874
LV,2016-09-01,1037.3333333333333,1.0,0.11415033809283119,0.0,1.1841195071496355,0.003876,3.0550038884149524,-38.500052025694124
LV,2016-10-01,1117.3333333333333,1.0,0.08756477227736074,0.0,0.9783903889123774,0.003876,2.524227009577857,-40.27633939946988
LV,2016-11-01,1152.0,1.0,0.08521701377783487,0.0,0.9816999987206577,0.003876,2.5327657345734202,-42.49713838783849
LV,2016-12-01,1166.2222222222222,1.0,0.08690906850839462,0.0,1.0135528700712333,0.003876,2.6149454852199003,-43.95273312941709
LV,2017-01-01,1200.888888888889,1.0,0.09128289828069894,0.0,1.0962061829086602,0.003876,2.828189326389732,-45.67994825772873
LV,2017-02-01,1250.6666666666665,1.0,0.09940753710382151,0.0,1.2432569307117942,0.003876,3.2075772206186643,-47.509771665852575
LV,2017-03-01,1308.4444444444443,1.0,0.10778825066883706,0.0,1.4103493776402503,0.003876,3.638672284933566,-49.33501522842933
LV,2017-04-01,1346.6666666666665,1.0,0.11364356033486218,0.0,1.5303999458428106,0.003876,3.948400273072267,-50.580504941378756
LV,2017-05-01,1370.6666666666665,1.0,0.1160933106654653,0.0,1.5912523115213109,0.003876,4.105398120540018,-51.84330828408563
LV,2017-06-01,1402.6666666666665,1.0,0.11998919980446206,0.0,1.6830485092572542,0.003876,4.342230416040388,-52.591595171380945
LV,2017-07-01,1427.5555555555554,1.0,0.1243885376973359,0.0,1.7757154803726352,0.003876,4.581309288887088,-53.97989084306688
LV,2017-08-01,1449.7777777777776,1.0,0.1263328873369928,0.0,1.8315461266367574,0.003876,4.725351203913203,-54.96932730096556
LV,2017-09-01,1473.7777777777776,1.0,0.1260448123787073,0.0,1.8576204348790817,0.003876,4.792622381008982,-56.11422619262217
LV,2017-10-01,1516.4444444444443,1.0,0.12487036363353055,0.0,1.8935896920782498,0.003876,4.885422322183307,-57.17091597782901
LV,2017-11-01,1542.2222222222222,1.0,0.12396582031439354,0.0,1.911828428848647,0.003876,4.932477886606416,-57.90913186150135
LV,2017-12-01,1548.4444444444443,1.0,0.12349252573338529,0.0,1.9122131540227303,0.003876,4.933470469614887,-58.76366860870622
LV,2018-01-01,1596.4444444444443,1.0,0.1212045118688743,0.0,1.934962696146651,0.003876,4.99216381874781,-59.34685654837662
LV,2018-02-01,1638.2222222222222,1.0,0.1225628350333036,0.0,2.0078515997011426,0.003876,5.180215685503464,-59.996676895821444
LV,2018-03-01,1585.7777777777776,1.0,0.1225628350333036,0.0,1.9435742017725652,0.003876,5.014381325522614,-60.981945753063805
LV,2018-04-01,1611.5555555555554,1.0,0.12553121524552147,0.0,2.0230052732456034,0.003876,5.219311850478853,-61.547138560916004
LV,2018-05-01,1646.2222222222222,1.0,0.13093212283019795,0.0,2.155433702058014,0.003876,5.5609744635139675,-62.05005904020627
LV,2018-06-01,1702.2222222222222,1.0,0.14260004302250845,0.0,2.427369621227588,0.003876,6.262563522259,-62.33348069402014
LV,2018-07-01,1738.6666666666665,1.0,0.15316458903237676,0.0,2.663021654642924,0.003876,6.870540904651507,-62.50012380155157
LV,2018-08-01,1768.0,1.0,0.15960501031222216,0.0,2.821816582320088,0.003876,7.280228540557502,-62.876799352978566
LV,2018-09-01,1787.5555555555554,1.0,0.16377647495553238,0.0,2.927595476760672,0.003876,7.553135904955294,-63.435114673371444
LV,2018-10-01,1826.6666666666665,1.0,0.1734803102735072,0.0,3.168907000996064,0.003876,8.175714656852591,-63.9611969794087
LV,2018-11-01,1833.7777777777776,1.0,0.175340199718006,0.0,3.2153496179399674,0.003876,8.295535649999916,-64.76422257326
LV,2018-12-01,1844.4444444444443,1.0,0.17832009638163468,0.0,3.2890151110390393,0.003876,8.485591101751908,-65.71902912498362
LV,2019-01-01,1849.7777777777776,1.0,0.17949086472181106,0.0,3.3201821287652336,0.003876,8.56600136420339,-66.24031853915561
LV,2019-02-01,1837.3333333333333,1.0,0.17949086472181106,0.0,3.297845487822075,0.003876,8.508373291594621,-66.47344274758646
LV,2019-03-01,1840.8888888888887,1.0,0.1798808116755968,0.0,3.3114058753792084,0.003876,8.543358811607865,-66.87591740433393
LV,2019-04-01,1871.111111111111,1.0,0.18159174612903017,0.0,3.3977833386809646,0.003876,8.766210884109816,-66.79404078155402
LV,2019-05-01,1896.0,1.0,0.18221123143740564,0.0,3.454724948053211,0.003876,8.913119061024796,-66.70142693827579
LV,2019-06-01,1922.6666666666665,1.0,0.18098836924629563,0.0,3.47980304604211,0.003876,8.977820036228355,-66.3849017908449
LV,2019-07-01,1952.8888888888887,1.0,0.17723985210354865,0.0,3.4612973784133008,0.003876,8.93007579569995,-66.46916579444894
LV,2019-08-01,1976.8888888888887,1.0,0.17236764805236474,0.0,3.4075168823863033,0.003876,8.791323225970855,-66.43239477471516
LV,2019-09-01,2005.3333333333333,1.0,0.16630457238908,0.0,3.334961024975684,0.003876,8.604130611392373,-66.32252952140328
LV,2019-10-01,2048.0,1.0,0.16001222863844272,0.0,3.277050442515307,0.003876,8.45472250390946,-66.12419614651003
LV,2019-11-01,2056.8888888888887,1.0,0.15920810206815328,0.0,3.274733761650726,0.003876,8.448745515094751,-66.10215834555456
LV,2019-12-01,2095.111111111111,1.0,0.15694481088253476,0.0,3.2881681711123054,0.003876,8.483406014221634,-66.00378609712716
LV,2020-01-01,2126.222222222222,1.0,0.1546097400764244,0.0,3.2873466512249525,0.003876,8.481286509868298,-65.75474797374052
LV,2020-02-01,2145.777777777778,1.0,0.15190583185100326,0.0,3.2595615830073057,0.003876,8.40960160734599,-65.69323727654444
LV,2020-03-01,2230.225333333333,1.0,0.13943416787154506,0.0,3.1096961351937242,0.003876,8.022951845185046,-62.698661930278476
LV,2020-04-01,2445.3565555555556,1.0,0.13413826974407178,0.0,3.2801589726954536,0.003876,8.462742447614689,-65.61973868427198
LV,2020-05-01,2648.044,1.0,0.13593437126460117,0.0,3.5996019622099955,0.003876,9.28689876731165,-67.89272529159537
LV,2020-06-01,2851.624,1.0,0.1182420655490776,0.0,3.3718191192932285,0.003876,8.699223733986658,-65.31923366223577
LV,2020-07-01,3118.3096666666665,1.0,0.08324258301904831,0.0,2.5957615130660088,0.003876,6.697011127621281,-67.27496178023432
LV,2020-08-01,3178.757777777778,1.0,0.07574309346362756,0.0,2.407689474604553,0.003876,6.211789150166545,-67.43203781751288
LV,2020-09-01,3219.648555555555,1.0,0.07060906756464247,0.0,2.2733638239362572,0.003876,5.865231743901592,-67.10839784593782
LV,2020-10-01,3309.4306666666666,1.0,0.05896294995924925,0.0,1.9513379479227155,0.003876,5.034411630347563,-66.3193870932824
LV,2020-11-01,3384.989777777778,1.0,0.04918434394581058,0.0,1.6648850148327514,0.003876,4.295368975316696,-65.02348607250117
LV,2020-12-01,3291.656111111111,1.0,0.048038775568744745,0.0,1.5812712917115377,0.003876,4.079647295437404,-63.502218368002325
LV,2021-01-01,3028.543111111111,1.0,0.044911952809113434,0.0,1.3601778528658781,0.003876,3.5092307865476733,-62.64018039946603
LV,2021-02-01,3168.1077777777778,1.0,0.02665003376699182,0.0,0.844301792552472,0.003876,2.1782811985357893,-62.77186367983921
LV,2021-03-01,3383.233888888889,1.0,0.0028177660347715097,0.0,0.09533161539799039,0.003876,0.2459536000980144,-63.686550343468845
LV,2021-04-01,3637.476555555555,1.0,-0.024165457873551174,0.0,-0.8790128646930779,0.003876,-2.2678350482277554,-64.53240322941066
LV,2021-05-01,3751.2603333333327,1.0,-0.03031686619935674,0.0,-1.1372645760462101,0.003876,-2.9341191332461563,-64.79966618736478
LV,2021-06-01,3835.706777777778,1.0,-0.02986428849574497,0.0,-1.145506537966399,0.003876,-2.9553832248875103,-63.99066461445651
LV,2021-07-01,3913.0446666666667,1.0,-0.030510670570555808,0.0,-1.1938961675253703,0.003876,-3.0802274703956924,-63.07622547762546
LV,2021-08-01,3948.602777777778,1.0,-0.03158938341163869,0.0,-1.2473392708748379,0.003876,-3.21810957398049,-61.702089593572786
LV,2021-09-01,4114.836888888889,1.0,-0.03669339701863152,0.0,-1.5098734363091058,0.003876,-3.8954423021390756,-61.455116198487026
LV,2021-10-01,4247.2880000000005,1.0,-0.03557018142060531,0.0,-1.5107680470555989,0.003876,-3.89775037940041,-61.46716081606232
LV,2021-11-01,4356.625,1.0,-0.0317786190527494,0.0,-1.3844752623068437,0.003876,-3.5719176014108456,-60.89720996863256
LV,2021-12-01,4412.6251111111105,1.0,-0.029065002594971953,0.0,-1.2825296030508284,0.003876,-3.3088999046719,-60.688072648469216
LV,2022-01-01,4524.634333333333,1.0,-0.0226551338175653,0.0,-1.0250619629721702,0.003876,-2.6446387073585402,-61.29085471521612
LV,2022-02-01,4641.976333333333,1.0,-0.005172983536811495,0.0,-0.24012867150601924,0.003876,-0.6195270162693995,-61.716373455401346
LV,2022-03-01,4808.209555555555,1.0,0.03144026951512683,0.0,1.5117140431187486,0.003876,3.9001910297181337,-59.854055975376895
LV,2022-04-01,4929.987777777777,1.0,0.06767317083178925,0.0,3.3362790508418865,0.003876,8.60753109092334,-58.859625795866485
LV,2022-05-01,5009.987777777777,1.0,0.0965911375919727,0.0,4.839204187774349,0.003876,12.485046924082427,-57.27626589938065
LV,2022-06-01,5027.765555555556,1.0,0.10484095571530859,0.0,5.271157459569539,0.003876,13.599477449869813,-59.67514164365156
LV,2022-07-01,5027.765555555556,1.0,0.10484095571530859,0.0806451612903225,1.2165078179924824,0.003876,3.1385650619001093,-52.90109420847337
LV,2022-08-01,5064.21,1.0,0.1192818069850268,0.5,-19.280368802483576,0.003876,-49.74295356677909,5.077106640902862
LV,2022-09-01,5108.654444444444,1.0,0.14310827217672045,0.925,-39.94414650418743,0.003876,-103.05507354021525,61.952545709090955
LV,2022-10-01,5122.876666666667,1.0,0.15280032386490658,1.25,-56.20818619546694,0.003876,-145.01596025662266,103.47976461191419
LV,2022-11-01,5142.432222222222,1.0,0.16609865279957964,1.975,-93.02152574664629,0.003876,-239.9936164774156,198.77641001611178
LV,2022-12-01,5172.654444444444,1.0,0.18532812671599905,2.177419354838709,-103.04399544887728,0.003876,-265.85138144705184,225.75890740702584
LV,2023-01-01,5233.99,1.0,0.22623912160683382,2.5,-119.00841699901046,0.003876,-307.03925954337063,267.5504080199407
LV,2023-02-01,5288.214333333333,1.0,0.26163165553019796,2.875,-138.2005193750481,0.003876,-356.55448755172364,315.27489252952734
LV,2023-03-01,5331.772666666667,1.0,0.2912925568365175,3.161290322580645,-153.0217564078894,0.003876,-394.79297318856914,348.63764021023167
LV,2023-04-01,5041.088444444445,1.0,0.29432794120927,3.5,-161.6007637224838,0.003876,-416.9266349909283,412.0179634483767
LV,2023-05-01,4999.311111111111,1.0,0.29581398953393745,3.6774193548387095,-169.05697276161095,0.003876,-436.1635004169529,438.03700910615356
LV,2023-06-01,5014.423333333333,1.0,0.3062756437073788,3.8333333333333335,-176.86160376873144,0.003876,-456.29928732902846,456.57466277885175
LV,2023-07-01,5025.980333333333,1.0,0.31436156664109155,4.0,-185.23946281839346,0.003876,-477.91399075952904,465.2204820325252
LV,2023-08-01,5037.537333333333,1.0,0.3223183134298365,4.241935483870968,-197.45217828471561,0.003876,-509.4225445942095,495.1355041990132
LV,2023-09-01,5042.871333333333,1.0,0.32600839027285855,4.341666666666667,-202.50448006489077,0.003876,-522.4573789083869,504.0357507235143
LV,2023-10-01,5057.984333333333,1.0,0.33704633241436,4.5,-210.56154431040707,0.003876,-543.2444383653433,513.5728175219713
LV,2023-11-01,5031.3173333333325,1.0,0.3367912812065088,4.5,-209.46424189150147,0.003876,-540.4134207727076,513.8120664684842
LV,2023-12-01,5036.651333333333,1.0,0.340001257630487,4.5,-209.524632124204,0.003876,-540.5692263266358,513.4669850148607
LV,2024-01-01,5052.653333333333,1.0,0.3490809731355603,4.5,-209.73154857483365,0.003876,-541.1030664985389,507.1708134184506
LV,2024-02-01,5066.877333333333,1.0,0.35734094901023844,4.5,-209.903452451882,0.003876,-541.5465749532559,501.91045849835245
LV,2024-03-01,5081.101333333333,1.0,0.36567406453361545,4.5,-210.06929023132827,0.003876,-541.974433001363,496.1535239380844
LV,2024-04-01,4616.194111111111,1.0,0.3654409856018641,4.5,-190.8592697430603,0.003876,-492.41297663328254,537.8015154253626
LV,2024-05-01,4633.085111111111,1.0,0.37637258289783015,4.5,-191.05116789945626,0.003876,-492.90806991603785,534.689810767466
LV,2024-06-01,4639.308111111111,1.0,0.3803817488684871,4.341666666666667,-183.77621249563205,0.003876,-474.13883512804966,503.5243147147388
LV,2024-07-01,4647.309111111111,1.0,0.38538441488815256,4.25,-179.60063219632283,0.003876,-463.3659241391198,483.4758080851111
LV,2024-08-01,4649.976111111111,1.0,0.38687607971612353,4.25,-179.6343394358193,0.003876,-463.45288812130883,480.4275826831916
LV,2024-09-01,4654.421111111111,1.0,0.3892594367131384,3.99,-167.59362893396482,0.003876,-432.38810354480086,441.3204657855281
LV,2024-10-01,4660.644111111111,1.0,0.3925249556962853,3.577419354838709,-148.43659325873898,0.003876,-382.96334690077134,380.7531439953029
LV,2024-11-01,4665.978111111111,1.0,0.39531923785894546,3.4,-140.1977466702681,0.003876,-361.70729275094965,353.4366874639814
LV,2024-12-01,4667.756111111111,1.0,0.396229091710397,3.287096774193548,-134.93865291324343,0.003876,-348.13893940465283,335.86532669408115
LV,2025-01-01,4604.639888888889,1.0,0.3963523579799161,3.0,-119.88859789057176,0.003876,-309.31010807681054,302.6924957505634
LV,2025-02-01,4604.639888888889,1.0,0.3963523579799161,2.7857142857142856,-110.02151241438129,0.003876,-283.8532312032541,272.68032048846845
LV,2025-03-01,4604.639888888889,1.0,0.3963523579799161,2.588709677419355,-100.95015963788359,0.003876,-260.4493282711135,243.86703913972713
LV,2025-04-01,4604.639888888889,1.0,0.3963523579799161,2.433333333333333,-93.7956385202014,0.003876,-241.99081145562795,220.44743998310807
LV,2025-05-01,4604.639888888889,1.0,0.3963523579799161,2.25,-85.35379872390509,0.003876,-220.21103901936297,195.50847716612154
LV,2025-06-01,4604.639888888889,1.0,0.3963523579799161,2.083333333333333,-77.67939890909027,0.003876,-200.41124589548573,173.23355070339747
LV,2025-07-01,4604.639888888889,1.0,0.3963523579799161,2.0,-73.84219900168287,0.003876,-190.51134933354714,158.4670012626349
LV,2025-08-01,4604.639888888889,1.0,0.3963523579799161,2.0,-73.84219900168287,0.003876,-190.51134933354714,157.29555695012814
LV,2025-09-01,4175.292555555556,1.0,0.3961130428682057,2.0,-66.96697272065033,0.003876,-172.7734074320184,172.47936963099008
LV,2025-10-01,4175.292555555556,1.0,0.3961130428682057,2.0,-66.96697272065033,0.003876,-172.7734074320184,166.92950887531143
LV,2025-11-01,4175.292555555556,1.0,0.3961130428682057,2.0,-66.96697272065033,0.003876,-172.7734074320184,164.4903067871031
LV,2025-12-01,4175.292555555556,1.0,0.3961130428682057,2.0,-66.96697272065033,0.003876,-172.7734074320184,164.15276511364075
LV,2026-01-01,4175.292555555556,1.0,0.3961130428682057,2.0,-66.96697272065033,0.00383,-174.84849274321235,164.63939408444534
LV,2026-02-01,4175.292555555556,1.0,0.3961130428682057,2.0,-66.96697272065033,0.00383,-174.84849274321235,160.24369214843463
LV,2026-03-01,4175.292555555556,1.0,0.3961130428682057,2.0,-66.96697272065033,0.00383,-174.84849274321235,155.8655857716594
LV,2026-04-01,4175.292555555556,1.0,0.3961130428682057,2.0,-66.96697272065033,0.00383,-174.84849274321235,151.38042293290695
LV,2026-05-01,4175.292555555556,1.0,0.3961130428682057,2.0,-66.96697272065033,0.00383,-174.84849274321235,147.44964463621235
LV,2026-06-01,4175.292555555556,1.0,0.3961130428682057,2.1166666666666667,-71.83814736879849,0.00383,-187.56696440939552,156.33507725009437
LV,2026-07-01,4175.292555555556,1.0,0.3961130428682057,2.25,-77.40520410953923,0.00383,-202.10236059931913,165.0169642101166
LV,2026-08-01,4175.292555555556,1.0,0.3961130428682057,2.25,-77.40520410953923,0.00383,-202.10236059931913,164.04614013308378
MT,2015-03-01,4.444444444444445,1.0,1.1450722768488713,0.05,0.04866987897106094,0.001288,0.37787173114177747,-0.8689654623782703
MT,2015-04-01,51.55555555555555,1.0,0.9344523937410386,0.05,0.45598434521760206,0.001288,3.5402511274658544,0.7376618164702111
MT,2015-05-01,127.1111111111111,1.0,1.167413949075511,0.05,1.420357286380427,0.001288,11.027618683077849,5.30500297867459
MT,2015-06-01,185.77777777777777,1.0,1.3232634232915041,0.05,2.3654404930482165,0.001288,18.36522121931845,9.015470786987915
MT,2015-07-01,207.1111111111111,1.0,1.3457586939317363,0.05,2.68366022832084,0.001288,20.835871337894723,8.483354569220115
MT,2015-08-01,216.88888888888889,1.0,1.343534731160777,0.05,2.8055331058064854,0.001288,21.782089330795696,7.351100524556346
MT,2015-09-01,232.88888888888889,1.0,1.3392710963809233,0.05,3.002569131127128,0.001288,23.311872136080186,6.384272388080646
MT,2015-10-01,242.66666666666666,1.0,1.32690890553674,0.05,3.098632277435822,0.001288,24.05770401735887,4.352650716683804
MT,2015-11-01,244.44444444444443,1.0,1.323847013539741,0.05,3.1138482553193665,0.001288,24.17584049160999,1.719309236367927
MT,2015-12-01,250.66666666666666,1.0,1.3134783504394665,0.05,3.1671190651015957,0.001288,24.589433735260837,0.5009997807005888
MT,2016-01-01,304.0,1.0,1.2352941295326159,0.05,3.603294153779152,0.001288,27.97588628710522,1.817601780740091
MT,2016-02-01,322.66666666666663,1.0,1.211447255932549,0.05,3.7476031458090246,0.001288,29.096297715908577,1.0248902829667195
MT,2016-03-01,376.0,1.0,1.1480832549372277,0.0241935483870967,4.225825296628493,0.001288,32.80920261357525,2.1044671854571675
MT,2016-04-01,429.3333333333333,1.0,1.0965853827812955,0.0,4.708006576741028,0.001288,36.55284609270985,2.436087266503911
MT,2016-05-01,488.0,1.0,1.0599922863700018,0.0,5.172762357485609,0.001288,40.161198427683296,3.507347781008427
MT,2016-06-01,520.8888888888889,1.0,1.04216080720501,0.0,5.428499849085651,0.001288,42.14673795873953,3.135471735589938
MT,2016-07-01,531.5555555555555,1.0,1.0332834049434299,0.0,5.492475343610409,0.001288,42.64344210877647,2.541990528320987
MT,2016-08-01,541.3333333333333,1.0,1.0227097875171387,0.0,5.536268983092777,0.001288,42.98345483767684,2.253503705784702
MT,2016-09-01,547.5555555555555,1.0,1.015916239138704,0.0,5.562705807195036,0.001288,43.18870968319128,1.6336537690822013
MT,2016-10-01,580.4444444444445,1.0,0.9825990878212082,0.0,5.703441816419991,0.001288,44.28138056226701,1.4808141532192707
MT,2016-11-01,668.4444444444445,1.0,0.9437875449419577,0.0,6.308695411523131,0.001288,48.980554437291396,3.950650314879482
MT,2016-12-01,717.3333333333333,1.0,0.9229542077696108,0.0,6.620658183734007,0.001288,51.40262565010875,4.834947035471764
MT,2017-01-01,743.1111111111111,1.0,0.924893843658059,0.0,6.872988918205665,0.001288,53.36171520346013,4.853577619341664
MT,2017-02-01,786.6666666666666,1.0,0.9345803337209279,0.0,7.352031958604632,0.001288,57.08099346742727,6.363644580956027
MT,2017-03-01,813.3333333333333,1.0,0.9475985265280916,0.0,7.707134682428477,0.001288,59.83800219276768,6.864314679404785
MT,2017-04-01,824.0,1.0,0.9510786383616194,0.0,7.836887980099744,0.001288,60.84540357220298,6.316498357751961
MT,2017-05-01,835.5555555555555,1.0,0.9537823619250796,0.0,7.969381512973999,0.001288,61.8740800696739,5.925373665048255
MT,2017-06-01,849.7777777777777,1.0,0.9548422375842959,0.0,8.114037147827439,0.001288,62.9971828247472,6.063357237325867
MT,2017-07-01,859.5555555555555,1.0,0.9566670282102172,0.0,8.223084589149156,0.001288,63.84382444991581,5.28262431796184
MT,2017-08-01,883.5555555555555,1.0,0.9574652622790952,0.0,8.459737517381518,0.001288,65.681191905136,5.986513400257245
MT,2017-09-01,902.2222222222222,1.0,0.9582757900226847,0.0,8.645777127760221,0.001288,67.12559881801414,6.2187502443829885
MT,2017-10-01,915.5555555555555,1.0,0.9584539544036448,0.0,8.775178426984482,0.001288,68.13026729025219,6.073928990239871
MT,2017-11-01,894.2222222222222,1.0,0.9584539544036448,0.0,8.570708250045037,0.001288,66.54276591649874,3.7011561683909733
MT,2017-12-01,912.8888888888888,1.0,0.957175079224857,0.0,8.737944945457139,0.001288,67.84118746472934,4.144048386408237
MT,2018-01-01,919.1111111111111,1.0,0.9582535882386455,0.0,8.807415202122307,0.001288,68.3805528115086,4.04153244438416
MT,2018-02-01,923.5555555555555,1.0,0.9594207952785188,0.0,8.860784055950052,0.001288,68.79490726669296,3.6180146853680526
MT,2018-03-01,951.1111111111111,1.0,0.9619434335021231,0.0,9.149150878642414,0.001288,71.03378011368335,5.037453035096931
MT,2018-04-01,954.6666666666666,1.0,0.9622602276044068,0.0,9.18637763953007,0.001288,71.32280776032663,4.556357348931769
MT,2018-05-01,969.7777777777777,1.0,0.964505233362172,0.0,9.35355741865004,0.001288,72.62078741187919,5.009753908158956
MT,2018-06-01,984.8888888888888,1.0,0.9672404732060946,0.0,9.526243949443135,0.001288,73.9615213466082,5.3654771303290545
MT,2018-07-01,975.1111111111111,1.0,0.9672404732060946,0.0,9.431669325396319,0.001288,73.22724631518881,3.856581608985735
MT,2018-08-01,982.2222222222222,1.0,0.9693125203737638,0.0,9.520802977893414,0.001288,73.91927777867558,3.7622498851395108
MT,2018-09-01,984.0,1.0,0.9699303901153162,0.0,9.544115038734711,0.001288,74.10027203986577,3.1120214615390296
MT,2018-10-01,1008.0,1.0,0.9791867078861234,0.0,9.870202015492124,0.001288,76.63200322587053,4.495091589609245
MT,2018-11-01,1024.0,1.0,0.9844690987966979,0.0,10.080963571678186,0.001288,78.26835071178716,5.208592488527245
MT,2018-12-01,1025.7777777777778,1.0,0.9848137072822466,0.0,10.102000161810778,0.001288,78.4316782749284,4.227058048192873
MT,2019-01-01,1028.4444444444443,1.0,0.9849336882848361,0.0,10.129495798627158,0.001288,78.64515371604936,3.8388338126903676
MT,2019-02-01,1029.3333333333333,1.0,0.98490997380873,0.0,10.13800666373786,0.001288,78.7112318613188,3.7294158221377103
MT,2019-03-01,1035.5555555555554,1.0,0.9839514983450902,0.0,10.18936440508471,0.001288,79.109972089167,3.6906958732252093
MT,2019-04-01,1036.4444444444443,1.0,0.9837865391248802,0.0,10.196400929952091,0.001288,79.16460349341686,3.6043518277530353
MT,2019-05-01,1036.4444444444443,1.0,0.9837865391248802,0.0,10.196400929952091,0.001288,79.16460349341686,3.550057494116274
MT,2019-06-01,1051.5555555555554,1.0,0.9772080965330978,0.0,10.275886028432485,0.001288,79.78172382323358,4.419001996160318
MT,2019-07-01,1043.5555555555554,1.0,0.9772080965330978,0.0,10.197709380709837,0.001288,79.1747622725919,3.775520682443016
MT,2019-08-01,1051.5555555555554,1.0,0.9703499247227959,0.0,10.20376854175171,0.001288,79.22180544838285,3.9980874476968324
MT,2019-09-01,1014.2222222222222,1.0,0.9703499247227959,0.0,9.841504569855202,0.001288,76.40919697092548,1.4825368381298176
MT,2019-10-01,1021.3333333333333,1.0,0.9645766302208963,0.0,9.85154264998942,0.001288,76.48713237569426,1.9082137252747629
MT,2019-11-01,1023.1111111111111,1.0,0.96332923346744,0.0,9.855928424186875,0.001288,76.52118341759996,1.9702795569506435
MT,2019-12-01,1024.888888888889,1.0,0.962110570361538,0.0,9.86056433446092,0.001288,76.55717650978976,2.0699843984409654
MT,2020-01-01,1024.888888888889,1.0,0.962110570361538,0.0,9.86056433446092,0.001288,76.55717650978976,2.3211420261809366
MT,2020-02-01,1039.111111111111,1.0,0.9507452988887879,0.0,9.879300039119938,0.001288,76.70264005527902,2.5998011713885916
MT,2020-03-01,1065.7793333333332,1.0,0.9321995013452611,0.0,9.93518963077418,0.001288,77.13656545632128,6.4149516808577545
MT,2020-04-01,1111.1195555555555,1.0,0.9024133765129021,0.0,10.026891498384039,0.001288,77.84853647813695,3.7660553462502833
MT,2020-05-01,1173.347,1.0,0.8797476108357408,0.0,10.32249219931284,0.001288,80.14357297603136,2.963948917124341
MT,2020-06-01,1166.235888888889,1.0,0.8794130820867062,0.0,10.256030974879073,0.001288,79.62756968073815,5.609112284515717
MT,2020-07-01,1166.235888888889,1.0,0.8794130820867062,0.0,10.256030974879073,0.001288,79.62756968073815,5.6555967728825465
MT,2020-08-01,1168.9026666666666,1.0,0.8782722835895146,0.0,10.266148143472064,0.001288,79.7061191263359,6.062292158656476
MT,2020-09-01,1280.0263333333332,1.0,0.8285793604014343,0.0,10.606034005703263,0.001288,82.34498451632969,9.371354926490284
MT,2020-10-01,1280.9153333333334,1.0,0.8281353116392846,0.0,10.60771218753538,0.001288,82.35801387838028,11.004215154750312
MT,2020-11-01,1310.2511111111112,1.0,0.8142200881025841,0.0,10.668327751253976,0.001288,82.82863160911472,13.50977656129686
MT,2020-12-01,1311.140111111111,1.0,0.8137337466557064,0.0,10.669189550050238,0.001288,82.83532259355775,15.25345693011802
MT,2021-01-01,1314.6961111111111,1.0,0.81189047215845,0.0,10.67389246394878,0.001288,82.87183590022345,16.722424714209737
MT,2021-02-01,1328.9193333333333,1.0,0.8053112625574836,0.0,10.70193706163716,0.001288,83.08957345991584,18.13942858154084
MT,2021-03-01,1345.809888888889,1.0,0.7969344216881068,0.0,10.72522225503802,0.001288,83.270359122966,19.337855179399142
MT,2021-04-01,1349.3654444444444,1.0,0.7954264699817591,0.0,10.73320992189812,0.001288,83.33237517001645,21.067806988833546
MT,2021-05-01,1388.4782222222223,1.0,0.7806049677272151,0.0,10.838529978477188,0.001288,84.15007747264897,22.284530418530352
MT,2021-06-01,1390.2562222222223,1.0,0.7798499106968487,0.0,10.841911907457384,0.001288,84.17633468522814,23.14105329565914
MT,2021-07-01,1437.3690000000001,1.0,0.7639825761336699,0.0,10.981248714746771,0.001288,85.2581421952389,25.262144188009138
MT,2021-08-01,1407.1513333333332,1.0,0.7460347630289599,0.0,10.497838115092181,0.001288,81.5049543097219,23.0209742901296
MT,2021-09-01,1435.598,1.0,0.7391599532979378,0.0,10.611365506346129,0.001288,82.38637815486125,24.826704258513296
MT,2021-10-01,1498.7132222222222,1.0,0.7305548741108356,0.0,10.948922493888004,0.001288,85.00716221962736,27.437751782965456
MT,2021-11-01,1588.4975555555554,1.0,0.7190716815773777,0.0,11.422436084548872,0.001288,88.68350997320553,31.358217605983818
MT,2021-12-01,1676.5027777777777,1.0,0.7080108024469944,0.0,11.869820769990596,0.001288,92.15699355582761,34.77782081203029
MT,2022-01-01,1692.5047777777777,1.0,0.7079458743413845,0.0,11.982017747308594,0.001288,93.028088100222,34.381872092364425
MT,2022-02-01,1736.0644444444442,1.0,0.7186298271518912,0.0,12.47587691635655,0.001288,96.86239841891731,35.765551979785364
MT,2022-03-01,1787.623222222222,1.0,0.7321237377740782,0.0,13.087613951850749,0.001288,101.6119095640586,37.857662558963575
MT,2022-04-01,1795.6233333333332,1.0,0.7362480225539078,0.0,13.22024128418323,0.001288,102.64162487719899,35.17446799040917
MT,2022-05-01,1786.7342222222223,1.0,0.7360425817586066,0.0,13.151124698409005,0.001288,102.10500542243017,32.343692598967095
MT,2022-06-01,1797.4009999999998,1.0,0.7466806489640262,0.0,13.420845451285896,0.001288,104.19911064662962,30.924491553108254
MT,2022-07-01,1795.6224444444442,1.0,0.752047748152278,0.0806451612903225,12.055855542273878,0.001288,93.6013629058531,37.56170363547962
MT,2022-08-01,1789.4003333333333,1.0,0.752422532983937,0.5,4.516849646623013,0.001288,35.06870843651407,89.88876864419603
MT,2022-09-01,1795.6226666666666,1.0,0.7610863807214111,0.925,-2.943270101520046,0.001288,-22.85147594347862,142.15614330582758
MT,2022-10-01,1801.845,1.0,0.7712935287496387,1.25,-8.62554861690107,0.001288,-66.96854516227539,181.52717970626145
MT,2022-11-01,1810.734,1.0,0.7841892781587976,1.975,-21.56241461602408,0.001288,-167.41005136664657,271.35997512688084
MT,2022-12-01,1813.4007777777776,1.0,0.7882825718385115,2.177419354838709,-25.190617227322786,0.001288,-195.57932629908996,296.0309625549877
MT,2023-01-01,1823.1785555555555,1.0,0.8030158701412212,2.5,-30.9390507467663,0.001288,-240.2100213258253,334.379646237486
MT,2023-02-01,1825.8452222222222,1.0,0.8071075965098493,2.875,-37.75651464982119,0.001288,-293.14064169115835,378.6887383900926
MT,2023-03-01,1827.623,1.0,0.8097894554209416,3.161290322580645,-42.97657069341019,0.001288,-333.6690271227499,409.7615862760509
MT,2023-04-01,1828.511888888889,1.0,0.8111270306044154,3.5,-49.166361922517964,0.001288,-381.72641244190964,447.2181859973953
MT,2023-05-01,1827.623,1.0,0.8110596632025532,3.6774193548387095,-52.386248987071475,0.001288,-406.72553561390896,467.4749739091975
MT,2023-06-01,1828.511888888889,1.0,0.8124422418366493,3.8333333333333335,-55.237352758402196,0.001288,-428.8614344596444,484.0125156482358
MT,2023-07-01,1816.955888888889,1.0,0.812480012647968,4.0,-57.91583211970312,0.001288,-449.65708167471365,493.4773911173406
MT,2023-08-01,1816.955888888889,1.0,0.812480012647968,4.241935483870968,-62.3116931412085,0.001288,-483.786437431743,520.7716113614797
MT,2023-09-01,1816.955888888889,1.0,0.812480012647968,4.341666666666667,-64.12376474007348,0.001288,-497.85531630491835,528.6378133269828
MT,2023-10-01,1816.955888888889,1.0,0.812480012647968,4.5,-67.00061156414756,0.001288,-520.1910835725743,536.6261723147403
MT,2023-11-01,1803.6225555555554,1.0,0.8114522635257316,4.5,-66.5274789474838,0.001288,-516.5176936916445,537.7077935495473
MT,2023-12-01,1803.6225555555554,1.0,0.8114522635257316,4.5,-66.5274789474838,0.001288,-516.5176936916445,537.518517649852
MT,2024-01-01,1804.5115555555553,1.0,0.8126492227051525,4.5,-66.53867087015311,0.001288,-516.6045875011888,531.6692924158007
MT,2024-02-01,1805.4005555555555,1.0,0.8139097153942995,4.5,-66.54869447655068,0.001288,-516.6824105322257,526.7746229193826
MT,2024-03-01,1807.1785555555555,1.0,0.8163725040350953,4.5,-66.56972617362584,0.001288,-516.8457001057907,521.2822568336567
MT,2024-04-01,1807.1785555555555,1.0,0.8163725040350953,4.5,-66.56972617362584,0.001288,-516.8457001057907,513.3687919528545
MT,2024-05-01,1808.0675555555554,1.0,0.8176691293501532,4.5,-66.57902976042628,0.001288,-516.9179329225643,510.6799477609396
MT,2024-06-01,1808.9565555555555,1.0,0.8189709039171488,4.341666666666667,-63.72403593253518,0.001288,-494.7518317743415,482.911318068447
MT,2024-07-01,1797.4012222222223,1.0,0.8205332695050488,4.25,-61.641276929620744,0.001288,-478.5813426212791,468.2603896029518
MT,2024-08-01,1798.2902222222222,1.0,0.8217168091098459,4.25,-61.65048141186564,0.001288,-478.6528059927457,465.2276648117547
MT,2024-09-01,1799.179222222222,1.0,0.8228167382857242,3.99,-56.983303174463316,0.001288,-442.41695011229285,431.2916192180361
MT,2024-10-01,1758.2873333333332,1.0,0.8256238715601186,3.577419354838709,-48.38447142172624,0.001288,-375.6558340196137,388.06065687646054
MT,2024-11-01,1752.954,1.0,0.8252408791835575,3.4,-45.134342998716654,0.001288,-350.4219176918995,364.7220625230315
MT,2024-12-01,1752.954,1.0,0.8252408791835575,3.287096774193548,-43.15520138581343,0.001288,-335.05591138053904,348.94835471819493
MT,2025-01-01,1752.954,1.0,0.8252408791835575,3.0,-38.122526998716666,0.001288,-295.9823524745083,316.02025135286567
MT,2025-02-01,1752.954,1.0,0.8252408791835575,2.7857142857142856,-34.36619699871666,0.001288,-266.8182996794772,289.71525201224534
MT,2025-03-01,1752.954,1.0,0.8252408791835575,2.588709677419355,-30.91279683742634,0.001288,-240.00618662598092,264.31018078485965
MT,2025-04-01,1752.954,1.0,0.8252408791835575,2.433333333333333,-28.189120998716657,0.001288,-218.85963508320387,243.57861635553215
MT,2025-05-01,1752.954,1.0,0.8252408791835575,2.25,-24.97537199871666,0.001288,-193.90816769189954,221.81134849358497
MT,2025-06-01,1752.954,1.0,0.8252408791835575,2.083333333333333,-22.053781998716655,0.001288,-171.22501551798646,202.41978108089674
MT,2025-07-01,1720.9514444444444,1.0,0.8279408140660041,2.0,-20.1705694900749,0.001288,-156.6038003887803,192.37455020740177
MT,2025-08-01,1720.9514444444444,1.0,0.8279408140660041,2.0,-20.1705694900749,0.001288,-156.6038003887803,191.203105894895
MT,2025-09-01,1720.9514444444444,1.0,0.8279408140660041,2.0,-20.1705694900749,0.001288,-156.6038003887803,188.64897667422818
MT,2025-10-01,1720.9514444444444,1.0,0.8279408140660041,2.0,-20.1705694900749,0.001288,-156.6038003887803,183.09911591854953
MT,2025-11-01,1679.1725555555554,1.0,0.827115807892775,2.0,-19.69474946231402,0.001288,-152.9095455148604,184.35416870426107
MT,2025-12-01,1679.1725555555554,1.0,0.827115807892775,2.0,-19.69474946231402,0.001288,-152.9095455148604,184.01662703079873
MT,2026-01-01,1679.1725555555554,1.0,0.827115807892775,2.0,-19.69474946231402,0.001273,-154.71130763797348,184.7765791896842
MT,2026-02-01,1679.1725555555554,1.0,0.827115807892775,2.0,-19.69474946231402,0.001273,-154.71130763797348,180.3808772536735
MT,2026-03-01,1679.1725555555554,1.0,0.827115807892775,2.0,-19.69474946231402,0.001273,-154.71130763797348,176.00277087689827
MT,2026-04-01,1679.1725555555554,1.0,0.827115807892775,2.0,-19.69474946231402,0.001273,-154.71130763797348,171.51760803814582
MT,2026-05-01,1679.1725555555554,1.0,0.827115807892775,2.0,-19.69474946231402,0.001273,-154.71130763797348,167.58682974145123
MT,2026-06-01,1679.1725555555554,1.0,0.827115807892775,2.1166666666666667,-21.65378411046217,0.001273,-170.1004250625465,173.8016165969434
MT,2026-07-01,1655.171,1.0,0.8285068086823959,2.25,-23.5281430696635,0.001273,-184.82437603820503,182.2949487712307
MT,2026-08-01,1655.171,1.0,0.8285068086823959,2.25,-23.5281430696635,0.001273,-184.82437603820503,181.32412469419788
NL,2015-03-01,2210.6666666666665,1.0,-0.05654876060202946,0.05,-2.3554379343755314,0.059077,-0.3987064228677034,-1.645543616387751
NL,2015-04-01,4456.888888888889,1.0,-0.028540708670528245,0.05,-3.500472117991366,0.059077,-0.5925270609528862,-3.3951163719485296
NL,2015-05-01,6827.555555555555,1.0,0.05612425941497935,0.05,0.41813721392405667,0.059077,0.07077834248930323,-5.651837361913955
NL,2015-06-01,9194.666666666666,1.0,0.1314584235360516,0.05,7.489830516061492,0.059077,1.2678082021872288,-8.081942230143305
NL,2015-07-01,11556.444444444443,1.0,0.15593528472432175,0.05,12.242352326230284,0.059077,2.0722704819524154,-10.280246286722193
NL,2015-08-01,13523.555555555555,1.0,0.15951080507801843,0.05,14.809754564061976,0.059077,2.506856232385188,-11.924132573854163
NL,2015-09-01,15837.333333333332,1.0,0.1621165789206913,0.05,17.756276325599618,0.059077,3.0056157769689755,-13.921983971030565
NL,2015-10-01,18256.0,1.0,0.14943053830514968,0.05,18.152039072988124,0.059077,3.0726067797938494,-16.632446520881217
NL,2015-11-01,20818.666666666664,1.0,0.12976628758344394,0.05,16.60627752437191,0.059077,2.8109547750176738,-19.64557648022439
NL,2015-12-01,22766.222222222223,1.0,0.11969399735350929,0.05,15.866690313049599,0.059077,2.685764394442778,-21.40266956011747
NL,2016-01-01,25290.666666666664,1.0,0.09950644672513967,0.05,12.520510419765987,0.059077,2.119354472936335,-24.03893003342879
NL,2016-02-01,27774.22222222222,1.0,0.06926805535985385,0.05,5.351552513546607,0.059077,0.9058605740891729,-27.165546858852686
NL,2016-03-01,30226.666666666664,1.0,0.041486803824879785,0.0241935483870967,5.2271746769939,0.059077,0.884807061461127,-29.819928366656956
NL,2016-04-01,33981.33333333333,1.0,0.02171668453021125,0.0,7.379618959159518,0.059077,1.2491526243985844,-32.867606201807355
NL,2016-05-01,37852.444444444445,1.0,0.008331023830895396,0.0,3.153496167243107,0.059077,0.5337942290981442,-36.12005641757673
NL,2016-06-01,41213.33333333333,1.0,-0.005495509401527456,0.0,-2.264882608016182,0.059077,-0.3833780672708807,-39.39464429042047
NL,2016-07-01,44621.33333333333,1.0,-0.02868295343974173,0.0,-12.798716264191956,0.059077,-2.1664465467427183,-42.2678981271982
NL,2016-08-01,47212.444444444445,1.0,-0.044872128003139854,0.0,-21.185228504522403,0.059077,-3.5860366139990862,-44.31598774589122
NL,2016-09-01,50627.555555555555,1.0,-0.06332828904519493,0.0,-32.061564718738865,0.059077,-5.427080711400183,-46.982136625509256
NL,2016-10-01,54179.555555555555,1.0,-0.0747872667791739,0.0,-40.51940875310407,0.059077,-6.858745155154132,-49.65931156420187
NL,2016-11-01,57584.88888888888,1.0,-0.0757532698680965,0.0,-43.6224362832435,0.059077,-7.383996527116052,-52.41390064952797
NL,2016-12-01,60288.0,1.0,-0.07873963032666209,0.0,-47.470548331338044,0.059077,-8.03536881211606,-54.60304742675305
NL,2017-01-01,63862.22222222222,1.0,-0.08044376637659419,0.0,-51.37317684734586,0.059077,-8.695969133054465,-57.204106717172934
NL,2017-02-01,67262.22222222222,1.0,-0.08380123118455626,0.0,-56.366570344314425,0.059077,-9.541203910881464,-60.258552797352706
NL,2017-03-01,70701.33333333333,1.0,-0.08668261494931986,0.0,-61.285764537368465,0.059077,-10.373878927055955,-63.34756644041885
NL,2017-04-01,73347.55555555555,1.0,-0.08690894476296032,0.0,-63.745586542759405,0.059077,-10.790254505604448,-65.31915972005547
NL,2017-05-01,75696.0,1.0,-0.0849470063162928,0.0,-64.30148590118101,0.059077,-10.88435193073125,-66.8330583353569
NL,2017-06-01,78051.55555555555,1.0,-0.08522780891466514,0.0,-66.52163062381258,0.059077,-11.260157188721935,-68.19398277614327
NL,2017-07-01,80449.77777777777,1.0,-0.08087586354109175,0.0,-65.06445249466711,0.059077,-11.013499753654909,-69.57469988560888
NL,2017-08-01,82382.22222222222,1.0,-0.0808728849238988,0.0,-66.62487977552836,0.059077,-11.277634235917253,-70.97231274079601
NL,2017-09-01,84692.44444444444,1.0,-0.08167025421823743,0.0,-69.16853468141727,0.059077,-11.708200260916646,-72.61504883454779
NL,2017-10-01,86980.44444444444,1.0,-0.0824668388240491,0.0,-71.73002292844156,0.059077,-12.141784946500593,-74.19812324651292
NL,2017-11-01,89257.77777777777,1.0,-0.08492994368906641,0.0,-75.80658040477869,0.059077,-12.831826329160025,-75.6734360772678
NL,2017-12-01,91362.66666666666,1.0,-0.08649873232896432,0.0,-79.02754848860391,0.059077,-13.377041570933512,-77.07418064925461
NL,2018-01-01,92300.44444444444,1.0,-0.08541826551021099,0.0,-78.84143870266034,0.059077,-13.34553865339478,-77.68455902051922
NL,2018-02-01,93298.66666666666,1.0,-0.08293936908711826,0.0,-77.38132550002683,0.059077,-13.098384396639442,-78.27527697796435
NL,2018-03-01,94243.55555555555,1.0,-0.08178548302297817,0.0,-77.07754712913987,0.059077,-13.046963645604867,-79.04329072419128
NL,2018-04-01,95390.22222222222,1.0,-0.07922735006981199,0.0,-75.57514529237159,0.059077,-12.792651165829609,-79.55910157722447
NL,2018-05-01,96433.77777777777,1.0,-0.077402081132435,0.0,-74.64175091462762,0.059077,-12.63465492740451,-80.24568843112475
NL,2018-06-01,97574.22222222222,1.0,-0.07674813067049177,0.0,-74.88639157182712,0.059077,-12.676065401395995,-81.27210961767514
NL,2018-07-01,98215.11111111111,1.0,-0.07660555616500699,0.0,-75.23823210474625,0.059077,-12.735621664056442,-82.10628637025951
NL,2018-08-01,99343.11111111111,1.0,-0.07634983003960209,0.0,-75.8482964893864,0.059077,-12.838887636370567,-82.99591552990664
NL,2018-09-01,101011.55555555555,1.0,-0.0747309098597243,0.0,-75.48685453012756,0.059077,-12.777706134388604,-83.76595671271535
NL,2018-10-01,101456.88888888889,1.0,-0.07422983668503026,0.0,-75.31128292793484,0.059077,-12.747987021672536,-84.88489865793383
NL,2018-11-01,101819.55555555555,1.0,-0.07407945508079117,0.0,-75.42737192123899,0.059077,-12.767637476723426,-85.82739569998334
NL,2018-12-01,102384.88888888888,1.0,-0.07424998133624672,0.0,-76.02076089113693,0.059077,-12.868080791363294,-87.07270101809883
NL,2019-01-01,99850.66666666666,1.0,-0.07424998133624672,0.0,-74.13910136411792,0.059077,-12.5495711299013,-87.35589103326029
NL,2019-02-01,100154.66666666666,1.0,-0.07466748497848039,0.0,-74.78297068858042,0.059077,-12.658559285099178,-87.64037532428026
NL,2019-03-01,100387.55555555555,1.0,-0.07511646203116754,0.0,-75.4075800529061,0.059077,-12.76428729503971,-88.1835635109815
NL,2019-04-01,101320.88888888889,1.0,-0.07645904834538794,0.0,-77.46898741953235,0.059077,-13.113222983484665,-88.67347464914849
NL,2019-05-01,101915.55555555555,1.0,-0.0778191711928782,0.0,-79.30984064995067,0.059077,-13.424825338109699,-89.03937133741029
NL,2019-06-01,101832.88888888889,1.0,-0.0778191711928782,0.0,-79.24551013509789,0.059077,-13.413936072430538,-88.77665789950379
NL,2019-07-01,99145.77777777777,1.0,-0.0778191711928782,0.0,-77.15442253939948,0.059077,-13.059976393418669,-88.45921798356756
NL,2019-08-01,99112.0,1.0,-0.0778191711928782,0.0,-77.12813695268545,0.059077,-13.05552701604439,-88.27924501673041
NL,2019-09-01,99586.66666666666,1.0,-0.08061309845579745,0.0,-80.27989764884681,0.059077,-13.589027480888808,-88.51568761368446
NL,2019-10-01,101002.66666666666,1.0,-0.08729446398538365,0.0,-88.16973647761043,0.059077,-14.924545335343776,-89.50346398576328
NL,2019-11-01,101470.22222222222,1.0,-0.0889770584446881,0.0,-90.28521893062155,0.059077,-15.28263434680528,-89.8335382074546
NL,2019-12-01,102010.66666666666,1.0,-0.09072590739814326,0.0,-92.55010297622859,0.059077,-15.666012657418046,-90.15320476876684
NL,2020-01-01,98571.55555555555,1.0,-0.09072590739814326,0.0,-89.42993821424267,0.059077,-15.137860455717567,-89.37389493932639
NL,2020-02-01,98694.22222222222,1.0,-0.09130317187162149,0.0,-90.1109553429156,0.059077,-15.253136642503106,-89.35597552639354
NL,2020-03-01,99973.41244444443,1.0,-0.09648040856484769,0.0,-96.45475678262027,0.059077,-16.326955800501086,-87.0485695759646
NL,2020-04-01,104736.50977777777,1.0,-0.11417453761799526,0.0,-119.58242575600416,0.059077,-20.241790503242235,-94.3242716351289
NL,2020-05-01,110786.04322222222,1.0,-0.13964325987146387,0.0,-154.70524223812004,0.059077,-26.18705117695889,-103.36667523586591
NL,2020-06-01,116808.91022222221,1.0,-0.16248906484084327,0.0,-189.80170587086906,0.059077,-32.127851087710795,-106.14630848393323
NL,2020-07-01,118396.96388888889,1.0,-0.179578058642876,0.0,-212.6149692437736,0.059077,-35.98946616175053,-109.96143906960613
NL,2020-08-01,121536.871,1.0,-0.19161088640250049,0.0,-232.87787582896354,0.059077,-39.41938077914646,-113.0632077468259
NL,2020-09-01,126125.755,1.0,-0.2090112954376902,0.0,-263.61707440606733,0.059077,-44.622623763235666,-117.59625335307507
NL,2020-10-01,131248.86111111112,1.0,-0.22945202865259134,0.0,-301.1531744028665,0.059077,-50.97638241665394,-122.33018114028391
NL,2020-11-01,136103.52277777778,1.0,-0.24785330001833808,0.0,-337.33707264593266,0.059077,-57.101253050414314,-126.42010809823218
NL,2020-12-01,140030.98555555556,1.0,-0.26177931837924956,0.0,-366.57215950707877,0.059077,-62.04989412242984,-129.63175978586958
NL,2021-01-01,143127.32844444443,1.0,-0.2719093942372694,0.0,-389.17665176127576,0.059077,-65.8761703812441,-132.0255815672578
NL,2021-02-01,146473.4578888889,1.0,-0.2812998462847179,0.0,-412.02961188935546,0.059077,-69.74450494936362,-134.6946498277386
NL,2021-03-01,150916.5581111111,1.0,-0.2929191185317175,0.0,-442.0634517374739,0.059077,-74.82835142906272,-138.76085537262958
NL,2021-04-01,156440.62433333334,1.0,-0.3060485214441901,0.0,-478.7842177102266,0.059077,-81.04409799248889,-143.30866617367178
NL,2021-05-01,161321.116,1.0,-0.3148562554749876,0.0,-507.9296251280611,0.059077,-85.97755897016793,-147.84310602428656
NL,2021-06-01,166243.35933333333,1.0,-0.32339532887480377,0.0,-537.6232586485552,0.059077,-91.00381851626778,-152.0390999058368
NL,2021-07-01,167329.21622222223,1.0,-0.33533003894649976,0.0,-561.1051259268506,0.059077,-94.97860858317968,-154.97460659040945
NL,2021-08-01,171081.61,1.0,-0.34439887688306275,0.0,-589.2031433934615,0.059077,-99.73477722183954,-158.21875724143183
NL,2021-09-01,175786.9281111111,1.0,-0.3523152961858861,0.0,-619.3242364307317,0.059077,-104.83339310234638,-162.39306699869434
NL,2021-10-01,180031.76811111113,1.0,-0.3556662300406794,0.0,-640.3122025163669,0.059077,-108.3860389857926,-165.9554494224545
NL,2021-11-01,184357.49944444443,1.0,-0.36008379427677634,0.0,-663.8414790333424,0.059077,-112.36885404359435,-169.69414641081607
NL,2021-12-01,187793.36577777777,1.0,-0.36356534833563225,0.0,-682.7516044411858,0.059077,-115.56978256194218,-172.9489553057395
NL,2022-01-01,184435.09933333332,1.0,-0.36605646594424257,0.0,-675.1366065803533,0.059077,-114.28078720658687,-172.92700321444445
NL,2022-02-01,185140.8801111111,1.0,-0.3645312838019087,0.0,-674.8964271111859,0.059077,-114.24013188062797,-175.3369783197599
NL,2022-03-01,187284.13033333333,1.0,-0.3590237362610231,0.0,-672.3944821466974,0.059077,-113.81662612297467,-177.5708731280697
NL,2022-04-01,190768.60944444445,1.0,-0.33996469675882973,0.0,-648.5459246088417,0.059077,-109.77976617107194,-177.24692305786175
NL,2022-05-01,193246.90288888887,1.0,-0.3247299975842067,0.0,-627.5306630826431,0.059077,-106.22249997167138,-175.98381279513444
NL,2022-06-01,194950.06588888887,1.0,-0.30778891482164533,0.0,-600.0346922434936,0.059077,-101.56824013465369,-174.84285922817506
NL,2022-07-01,188802.97144444444,1.0,-0.3052061323201667,0.0806451612903225,-728.4987076934314,0.059077,-123.31342276917097,-179.35308203954446
NL,2022-08-01,187560.15955555555,1.0,-0.30343582957391324,0.5,-1506.925523875333,0.059077,-255.0782070645654,-200.25814685688343
NL,2022-09-01,190646.5412222222,1.0,-0.26614797122100764,0.925,-2270.8824079715214,0.059077,-384.3936570867717,-219.38603783746552
NL,2022-10-01,192232.37544444442,1.0,-0.24508824743725283,1.25,-2874.0436530393445,0.059077,-486.4911307343542,-237.99540586581736
NL,2022-11-01,194060.06222222222,1.0,-0.22175654938534714,1.975,-4263.027126607946,0.059077,-721.6052146534093,-282.83518815988197
NL,2022-12-01,196333.14344444446,1.0,-0.19168164641961274,2.177419354838709,-4651.330467144271,0.059077,-787.3335591083282,-295.72327025425056
NL,2023-01-01,190879.48766666665,1.0,-0.19070264665836295,2.5,-5135.999426574923,0.059077,-869.3737709387617,-294.7841033754504
NL,2023-02-01,190152.24599999998,1.0,-0.1845166543627478,2.875,-5817.739635014822,0.059077,-984.7723538796523,-312.94297379840134
NL,2023-03-01,190537.95755555556,1.0,-0.1697308055007128,3.161290322580645,-6346.859623190246,0.059077,-1074.336818591033,-330.9062051922323
NL,2023-04-01,190954.00388888887,1.0,-0.16357083954633145,3.5,-6995.7352034195,0.059077,-1184.1723857710276,-355.22778733172265
NL,2023-05-01,191549.5508888889,1.0,-0.15381377954611358,3.6774193548387095,-7338.70986242043,0.059077,-1242.227916519192,-368.02740699608546
NL,2023-06-01,192352.2971111111,1.0,-0.14175206520255249,3.8333333333333335,-7646.168076212143,0.059077,-1294.2715568177366,-381.3976067098564
NL,2023-07-01,184125.29877777776,1.0,-0.14287289973277795,4.0,-7628.077104616562,0.059077,-1291.2092869672736,-348.07481417521933
NL,2023-08-01,185136.98077777776,1.0,-0.12652249506672353,4.241935483870968,-8087.631208751172,0.059077,-1368.9982918481257,-364.440243054903
NL,2023-09-01,184731.6222222222,1.0,-0.12643208360729982,4.341666666666667,-8253.991303871937,0.059077,-1397.158167116126,-370.66503748422474
NL,2023-10-01,187674.21222222224,1.0,-0.07610632390768761,4.5,-8588.171493845046,0.059077,-1453.7250527015667,-396.90779681425215
NL,2023-11-01,188087.6098888889,1.0,-0.06816862325214336,4.5,-8592.159179169117,0.059077,-1454.4000506405398,-400.174563399348
NL,2023-12-01,189323.31988888886,1.0,-0.052724153118431795,4.5,-8619.368512067114,0.059077,-1459.00579109757,-404.9695797560735
NL,2024-01-01,180545.07777777777,1.0,-0.052550989619492415,4.5,-8219.406725081504,0.059077,-1391.3040142663817,-343.03013434939226
NL,2024-02-01,179876.54977777775,1.0,-0.05215462818443062,4.5,-8188.25868572758,0.059077,-1386.03156655341,-342.57453310180153
NL,2024-03-01,179691.63777777777,1.0,-0.05204447560480809,4.5,-8179.643270587136,0.059077,-1384.57322995195,-346.44527301250264
NL,2024-04-01,179899.66377777775,1.0,-0.04894941391374611,4.5,-8183.544701052022,0.059077,-1385.2336274780407,-355.0191354193955
NL,2024-05-01,181334.50977777777,1.0,-0.02663143923584342,4.5,-8208.344929785082,0.059077,-1389.4315773964624,-361.8336967129585
NL,2024-06-01,180838.51722222223,1.0,-0.025856282943346784,4.341666666666667,-7898.163741415014,0.059077,-1336.9270175220497,-359.26386767926124
NL,2024-07-01,173389.31122222223,1.0,-0.02616960494364731,4.25,-7414.421024705812,0.059077,-1255.043591364797,-308.20185914056617
NL,2024-08-01,171755.3292222222,1.0,-0.025545942789899766,4.25,-7343.478010086156,0.059077,-1243.0350237971047,-299.1545529926043
NL,2024-09-01,171134.84344444444,1.0,-0.02549386782868654,3.99,-6871.909144229889,0.059077,-1163.2122728354332,-289.5037035051042
NL,2024-10-01,170670.79522222222,1.0,-0.025364638167378245,3.577419354838709,-6148.900091002421,0.059077,-1040.8280872424837,-277.11159634640944
NL,2024-11-01,170240.53966666665,1.0,-0.02530351757710246,3.4,-5831.255193544575,0.059077,-987.0601407560599,-271.9161605411289
NL,2024-12-01,170659.25866666666,1.0,-0.01989639157136174,3.287096774193548,-5643.690020851725,0.059077,-955.3108690102282,-271.3066029114942
NL,2025-01-01,169001.28455555555,1.0,-0.019377436359355796,3.0,-5102.7866530279125,0.059077,-863.7518244033909,-251.7492205760169
NL,2025-02-01,167609.99955555555,1.0,-0.0188916750532494,2.7857142857142856,-4700.80003837755,0.059077,-795.7073037523147,-239.17375206059216
NL,2025-03-01,166940.58255555556,1.0,-0.018655065850129597,2.588709677419355,-4352.749891762243,0.059077,-736.792642104752,-232.47627469391136
NL,2025-04-01,165164.44155555556,1.0,-0.018399040247727278,2.433333333333333,-4049.3900832619256,0.059077,-685.4427413819127,-223.00448994317668
NL,2025-05-01,164170.5801111111,1.0,-0.018230789694375596,2.25,-3723.767645700093,0.059077,-630.3244317924223,-214.60491560693777
NL,2025-06-01,164170.5801111111,1.0,-0.018230789694375596,2.083333333333333,-3450.1500121815743,0.059077,-584.0090072585904,-210.36421065970717
NL,2025-07-01,155595.98377777776,1.0,-0.01842659992123052,2.0,-3140.590724979789,0.059077,-531.609716976114,-182.63136637993193
NL,2025-08-01,155595.98377777776,1.0,-0.01842659992123052,2.0,-3140.590724979789,0.059077,-531.609716976114,-183.8028106924387
NL,2025-09-01,155307.08433333333,1.0,-0.018443827073776335,2.0,-3134.78625673443,0.059077,-530.6271910784958,-185.37441401548733
NL,2025-10-01,155307.08433333333,1.0,-0.018443827073776335,2.0,-3134.78625673443,0.059077,-530.6271910784958,-190.92427477116598
NL,2025-11-01,155094.63255555555,1.0,-0.01845868629803755,2.0,-3130.5210827996348,0.059077,-529.9052224723048,-192.6415082531833
NL,2025-12-01,155094.63255555555,1.0,-0.01845868629803755,2.0,-3130.5210827996348,0.059077,-529.9052224723048,-192.97904992664564
NL,2026-01-01,149387.6718888889,1.0,-0.018369025787724185,2.0,-3015.194497750729,0.058378,-516.4949977304343,-177.00711090277662
NL,2026-02-01,149387.6718888889,1.0,-0.018369025787724185,2.0,-3015.194497750729,0.058378,-516.4949977304343,-181.40281283878733
NL,2026-03-01,149387.6718888889,1.0,-0.018369025787724185,2.0,-3015.194497750729,0.058378,-516.4949977304343,-185.78091921556256
NL,2026-04-01,148192.93733333334,1.0,-0.01831613090405476,2.0,-2991.0019590592037,0.058378,-512.3508785945397,-186.12196291842042
NL,2026-05-01,148192.93733333334,1.0,-0.01831613090405476,2.0,-2991.0019590592037,0.058378,-512.3508785945397,-190.05274121511502
NL,2026-06-01,148192.93733333334,1.0,-0.01831613090405476,2.1166666666666667,-3163.893719281426,0.058378,-541.9667887357268,-198.06474707623693
NL,2026-07-01,140295.69233333334,1.0,-0.018456952775451684,2.25,-3182.547387179957,0.058378,-545.1621136695256,-178.0427888600899
NL,2026-08-01,140295.69233333334,1.0,-0.018456952775451684,2.25,-3182.547387179957,0.058378,-545.1621136695256,-179.01361293712273
PT,2015-03-01,954.6666666666666,1.0,1.6093528435848625,0.05,14.886621813423487,0.023254,6.401746716015948,5.154909522495901
PT,2015-04-01,1918.2222222222222,1.0,1.6784006727979766,0.05,31.236343572426964,0.023254,13.43267548483141,10.630086173835767
PT,2015-05-01,2961.777777777778,1.0,1.8701610077231088,0.05,53.9091242465191,0.023254,23.18273167907418,17.46011597467092
PT,2015-06-01,3996.4444444444443,1.0,2.076569178166301,0.05,80.99071133365057,0.023254,34.82872251382582,25.478972081495282
PT,2015-07-01,5027.555555555556,1.0,2.1535357237258426,0.05,105.75642714127439,0.023254,45.47881101800739,33.12629424933279
PT,2015-08-01,5886.222222222222,1.0,2.170441805782412,0.05,124.81391678125452,0.023254,53.67417080126194,39.24318199502259
PT,2015-09-01,6906.666666666666,1.0,2.195969415810735,0.05,148.21495431866143,0.023254,63.73740187437061,46.80980212637107
PT,2015-10-01,7959.11111111111,1.0,2.190930263522879,0.05,170.39901848518986,0.023254,73.27729357753068,53.572240276855624
PT,2015-11-01,9068.444444444443,1.0,2.202764046597253,0.05,195.222211585646,0.023254,83.95209924556893,61.49556799032687
PT,2015-12-01,9973.333333333332,1.0,2.2007531755322884,0.05,214.5017833730869,0.023254,92.24296180144788,68.15452784688763
PT,2016-01-01,11037.333333333332,1.0,2.2189942854774873,0.05,239.39912926910188,0.023254,102.94965565885519,76.79137115249006
PT,2016-02-01,12116.444444444443,1.0,2.2834276244468414,0.05,270.61201732297684,0.023254,116.37224448394979,88.30083705100793
PT,2016-03-01,13194.666666666666,1.0,2.305919118709052,0.0241935483870967,301.06608325208094,0.023254,129.46851434251352,98.76377891439543
PT,2016-04-01,14443.555555555555,1.0,2.353859868018398,0.0,339.98105773716395,0.023254,146.20325868115762,112.08649985495168
PT,2016-05-01,15733.333333333332,1.0,2.3976166953626468,0.0,377.2250267370564,0.023254,162.21941461127392,125.56556396459905
PT,2016-06-01,17011.555555555555,1.0,2.4412025758173197,0.0,415.2865324088166,0.023254,178.58713873261226,139.57587250946267
PT,2016-07-01,17863.11111111111,1.0,2.4603193207432374,0.0,439.48957395249863,0.023254,188.99525842973193,148.89380684927644
PT,2016-08-01,18504.888888888887,1.0,2.4685339214495534,0.0,456.79945934877156,0.023254,196.43908976897373,155.7091386370816
PT,2016-09-01,19413.333333333332,1.0,2.4940057922938563,0.0,484.16965781064727,0.023254,208.20919317564602,166.65413726153696
PT,2016-10-01,20320.888888888887,1.0,2.5196268812775844,0.0,512.0105789589942,0.023254,220.18172312677137,177.38115671772363
PT,2016-11-01,21230.222222222223,1.0,2.548936449734283,0.0,541.1448725818099,0.023254,232.71044662501498,187.68054250260306
PT,2016-12-01,21875.555555555555,1.0,2.572662164204502,0.0,562.7841409873138,0.023254,242.01605787705932,195.44837926242235
PT,2017-01-01,22487.11111111111,1.0,2.5988248924640525,0.0,584.4006411516053,0.023254,251.31187802167597,202.8037404375575
PT,2017-02-01,23070.222222222223,1.0,2.624011250987778,0.0,605.3652267389938,0.023254,260.32735303130374,209.6100041448325
PT,2017-03-01,23659.555555555555,1.0,2.6469789912397466,0.0,626.2634649762518,0.023254,269.31429645491176,216.34060894154885
PT,2017-04-01,24127.11111111111,1.0,2.660338511634815,0.0,641.8628286338113,0.023254,276.0225460711324,221.4936408566814
PT,2017-05-01,24575.11111111111,1.0,2.6633563353930296,0.0,654.5227787076541,0.023254,281.4667492507328,225.51804284610714
PT,2017-06-01,25027.555555555555,1.0,2.660618550856244,0.0,665.8877859369636,0.023254,286.3540835714129,229.42025798399158
PT,2017-07-01,25487.11111111111,1.0,2.6583009884100743,0.0,677.5241265838406,0.023254,291.3581003628797,232.79690023092576
PT,2017-08-01,25855.11111111111,1.0,2.6536675083755927,0.0,686.1086828099632,0.023254,295.04974748858825,235.3550689837095
PT,2017-09-01,26294.22222222222,1.0,2.6446244819089113,0.0,695.3834382164222,0.023254,299.0382034129277,238.13135483929656
PT,2017-10-01,26728.888888888887,1.0,2.630764719038875,0.0,703.1741786799909,0.023254,302.3884831340805,240.33214483406817
PT,2017-11-01,27162.666666666664,1.0,2.6119297581491314,0.0,709.4697737735213,0.023254,305.09580019502937,242.2541904469216
PT,2017-12-01,27621.333333333332,1.0,2.5906066116752946,0.0,715.5600875662053,0.023254,307.7148394109423,244.01770033262122
PT,2018-01-01,28031.11111111111,1.0,2.5724531746832064,0.0,721.0872076767548,0.023254,310.09168645254783,245.7526660854234
PT,2018-02-01,28465.777777777777,1.0,2.5564098530923274,0.0,727.7019478704773,0.023254,312.9362466115409,247.759354030216
PT,2018-03-01,28876.44444444444,1.0,2.53849134122287,0.0,733.0260418752546,0.023254,315.2257856176376,249.22945853905117
PT,2018-04-01,29430.22222222222,1.0,2.5129429303195776,0.0,739.5646887106745,0.023254,318.0376230801903,251.27117266879546
PT,2018-05-01,29935.11111111111,1.0,2.493213010332514,0.0,746.346084879716,0.023254,320.953850898648,253.34281739492775
PT,2018-06-01,30486.22222222222,1.0,2.4728860397483867,0.0,753.8895333800037,0.023254,324.1977867807705,255.60174256449136
PT,2018-07-01,31053.333333333332,1.0,2.4513104971974258,0.0,761.2136197297073,0.023254,327.34738958016135,257.9767248739583
PT,2018-08-01,31552.888888888887,1.0,2.4338921040217927,0.0,767.9632712574362,0.023254,330.2499661380563,260.09293824452027
PT,2018-09-01,32038.22222222222,1.0,2.4184282997035687,0.0,774.8214329441397,0.023254,333.19920570402496,262.2109551256982
PT,2018-10-01,32273.777777777777,1.0,2.4115586593763583,0.0,778.3010827078828,0.023254,334.6955718189914,262.55866018273014
PT,2018-11-01,32456.888888888887,1.0,2.4059567460986044,0.0,780.8987077959506,0.023254,335.8126377380023,262.7528795147424
PT,2018-12-01,32752.0,1.0,2.3955947991566524,0.0,784.6052086197868,0.023254,337.4065574179869,263.2019371912514
PT,2019-01-01,33145.777777777774,1.0,2.381552986040459,0.0,789.3842604130015,0.023254,339.4617099909699,264.6553900876109
PT,2019-02-01,33482.666666666664,1.0,2.3689462825607723,0.0,793.1863873022148,0.023254,341.0967520866151,266.114936047434
PT,2019-03-01,33824.0,1.0,2.3543616064644515,0.0,796.339269770536,0.023254,342.4525973039202,267.0333210879784
PT,2019-04-01,34261.33333333333,1.0,2.334375406946715,0.0,799.7881394253704,0.023254,343.93572693961056,268.37547527394673
PT,2019-05-01,34652.444444444445,1.0,2.315130325954651,0.0,802.2492500179211,0.023254,344.9940870464957,269.37954104719506
PT,2019-06-01,33949.33333333333,1.0,2.315130325954651,0.0,785.9713114594309,0.023254,337.99402746169727,262.631305634624
PT,2019-07-01,34409.777777777774,1.0,2.28595843305497,0.0,786.593216906586,0.023254,338.2614676643098,262.8622260741609
PT,2019-08-01,34760.88888888889,1.0,2.262307696058436,0.0,786.3982645516552,0.023254,338.1776316124775,262.9539136117915
PT,2019-09-01,35121.777777777774,1.0,2.238863041641637,0.0,786.328502234172,0.023254,338.1476314759491,263.22097134315345
PT,2019-10-01,35682.666666666664,1.0,2.2029977920453834,0.0,786.0883588095807,0.023254,338.04436174833603,263.46544309791653
PT,2019-11-01,36153.777777777774,1.0,2.1756649374719914,0.0,786.5850666826515,0.023254,338.2579627946381,263.7070589339888
PT,2019-12-01,36612.444444444445,1.0,2.1502020441317047,0.0,787.2415288510291,0.023254,338.54026354649915,264.05307143515034
PT,2020-01-01,36878.22222222222,1.0,2.1356035928582426,0.0,787.5726387600246,0.023254,338.6826519136598,264.446617430051
PT,2020-02-01,37132.444444444445,1.0,2.1211775968326525,0.0,787.6450927118865,0.023254,338.71380954325554,264.6109706593651
PT,2020-03-01,37755.58722222222,1.0,2.0942910988204577,0.0,790.711902502394,0.023254,340.0326406219979,269.3110268465344
PT,2020-04-01,39542.42588888888,1.0,2.0338664158147988,0.0,804.2401201525674,0.023254,345.8502279833867,271.7677468515
PT,2020-05-01,41954.23888888888,1.0,1.9493533092856832,0.0,817.8363441661764,0.023254,351.6970603621641,274.5174363032571
PT,2020-06-01,44654.97511111111,1.0,1.848352498874908,0.0,825.3813483381905,0.023254,354.94166523531027,280.9232078390878
PT,2020-07-01,46805.42277777777,1.0,1.7717942484817926,0.0,829.2957887542534,0.023254,356.6250059147903,282.65303300693466
PT,2020-08-01,48222.45211111111,1.0,1.7237283211929413,0.0,831.2240642129256,0.023254,357.4542290414232,283.8104020737438
PT,2020-09-01,49911.51655555556,1.0,1.6686305411409506,0.0,832.8388087926219,0.023254,358.1486233734505,285.1749937836111
PT,2020-10-01,51715.24766666666,1.0,1.6091879586703444,0.0,832.1955382485462,0.023254,357.87199546252094,286.518196738891
PT,2020-11-01,53510.089888888884,1.0,1.550822564737711,0.0,829.8465484083212,0.023254,356.8618510399592,287.54299599214136
PT,2020-12-01,55080.00811111111,1.0,1.5020569345945503,0.0,827.3330814081851,0.023254,355.78097592164147,288.19911025820176
PT,2021-01-01,56641.03388888888,1.0,1.4560785172560686,0.0,824.7379264078405,0.023254,354.6649722232048,288.5155610371911
PT,2021-02-01,58180.72977777777,1.0,1.414701192921983,0.0,823.0834782169375,0.023254,353.9535040065956,289.0033591282206
PT,2021-03-01,60005.79188888888,1.0,1.3688778744389336,0.0,821.4060085488723,0.023254,353.23213578260606,289.2996318390392
PT,2021-04-01,60417.551555555554,1.0,1.3218875364313514,0.0,798.6520838298749,0.023254,343.4471849272705,281.1826167460876
PT,2021-05-01,62426.63677777778,1.0,1.2849263120760936,0.0,802.1362817018384,0.023254,344.9455068813272,283.0799598272086
PT,2021-06-01,64474.823000000004,1.0,1.2471606092843626,0.0,804.1045953618144,0.023254,345.79194777750683,284.75666638793786
PT,2021-07-01,66699.921,1.0,1.2052620402429812,0.0,803.9088286850566,0.023254,345.70776153997446,285.71176353274467
PT,2021-08-01,68380.96711111111,1.0,1.1726527135969949,0.0,801.8712664123129,0.023254,344.8315414175251,286.3475613979328
PT,2021-09-01,70508.24966666667,1.0,1.135696309414638,0.0,800.7595892971922,0.023254,344.3534829694642,286.7938090731163
PT,2021-10-01,72410.62988888889,1.0,1.10718731317528,0.0,801.7213075200851,0.023254,344.76705406385355,287.19764362719167
PT,2021-11-01,74274.78877777778,1.0,1.0816042301918627,0.0,803.3592573865154,0.023254,345.4714274475425,288.1461350803208
PT,2021-12-01,75218.84255555556,1.0,1.0694149689150376,0.0,804.4015617337457,0.023254,345.91965327846634,288.54048053466903
PT,2022-01-01,76105.98433333333,1.0,1.0605634813566578,0.0,807.1522769663525,0.023254,347.10255309467294,288.4563370868154
PT,2022-02-01,77305.20877777778,1.0,1.0566987648206227,0.0,816.8831862967813,0.023254,351.2871705069155,290.1903240677836
PT,2022-03-01,77635.86044444445,1.0,1.057275773487514,0.0,820.825144017687,0.023254,352.9823445504803,289.2280975453853
PT,2022-04-01,79272.37533333333,1.0,1.0678076977770403,0.0,846.4765260200411,0.023254,364.01329922595727,296.54614233916743
PT,2022-05-01,79391.42266666667,1.0,1.0804415169626527,0.0,857.7778913979646,0.023254,368.8732654158272,299.1119525923641
PT,2022-06-01,80182.58,1.0,1.0936485127398397,0.0,876.9155936464321,0.023254,377.10311931127205,303.8285002177507
PT,2022-07-01,80609.25755555555,1.0,1.0979329474350081,0.0806451612903225,820.0281316145788,0.023254,352.63960248326254,296.59994321288906
PT,2022-08-01,80883.947,1.0,1.1004825262392712,0.5,485.69396826763324,0.023254,208.8646978015108,263.68475800919276
PT,2022-09-01,81264.38833333334,1.0,1.1088696810181846,0.925,149.4205716098788,0.023254,64.25585774915231,229.26347699845851
PT,2022-10-01,78153.14544444444,1.0,1.105918691942816,1.25,-112.60407424418914,0.023254,-48.42352896026023,200.07219590827663
PT,2022-11-01,78474.93633333333,1.0,1.1132314736538578,1.975,-676.2723023908401,0.023254,-290.8197739704309,147.95025252309648
PT,2022-12-01,78501.624,1.0,1.116309858935354,2.177419354838709,-832.9881867023472,0.023254,-358.2128608851583,133.39742796891937
PT,2023-01-01,78355.76788888889,1.0,1.1357381177572339,2.5,-1068.9778738467285,0.023254,-459.6963420687746,114.89332549453673
PT,2023-02-01,79179.81622222222,1.0,1.158026662059889,2.875,-1359.4963335655345,0.023254,-584.6290244970905,87.20035558416043
PT,2023-03-01,78921.99622222222,1.0,1.1640177971431807,3.161290322580645,-1576.2873470732382,0.023254,-677.8564320431917,65.57418135560908
PT,2023-04-01,79397.58177777777,1.0,1.1758556991927678,3.5,-1845.3143718669835,0.023254,-793.5470765747757,35.39752186452927
PT,2023-05-01,79221.54033333334,1.0,1.183302817617915,3.6774193548387095,-1975.8775384947085,0.023254,-849.6936176549017,24.506891868204775
PT,2023-06-01,79465.119,1.0,1.1891314122436238,3.8333333333333335,-2101.218203194224,0.023254,-903.5943077295191,9.279642378361132
PT,2023-07-01,79233.99888888889,1.0,1.1888379913138816,4.0,-2227.396074727226,0.023254,-957.8550248246434,-14.720552032589126
PT,2023-08-01,79370.01588888888,1.0,1.1923465926674135,4.241935483870968,-2420.4591874940515,0.023254,-1040.8786391562962,-36.32059036307351
PT,2023-09-01,79174.43588888888,1.0,1.19453145052857,4.341666666666667,-2491.726554037902,0.023254,-1071.5259972640845,-45.0328676321833
PT,2023-10-01,75297.79977777778,1.0,1.1956139606580465,4.5,-2488.129983788546,0.023254,-1069.9793514184853,-13.162095531170735
PT,2023-11-01,75359.14722222222,1.0,1.1982364313584273,4.5,-2488.1808686223007,0.023254,-1070.0012336038103,-15.77574636261852
PT,2023-12-01,75176.03988888889,1.0,1.1973154840794853,4.5,-2482.827429092563,0.023254,-1067.699075037655,-13.66286369615841
PT,2024-01-01,75191.15455555555,1.0,1.1978211302517743,4.5,-2482.946417653286,0.023254,-1067.7502441099534,-19.476364192963956
PT,2024-02-01,71784.74477777777,1.0,1.201688845992671,4.5,-2367.6842438811377,0.023254,-1018.1836431930582,25.273390258550194
PT,2024-03-01,71931.43444444444,1.0,1.205879083769547,4.5,-2369.5084273790408,0.023254,-1018.9681032850438,19.159853654403605
PT,2024-04-01,72127.90344444444,1.0,1.2108774612221518,4.5,-2372.3751289391457,0.023254,-1020.2008811125594,10.013610946085805
PT,2024-05-01,72370.60044444444,1.0,1.2172198908523748,4.5,-2375.767676260925,0.023254,-1021.6597902558376,5.938090427666339
PT,2024-06-01,72476.39144444445,1.0,1.2199909741094979,4.341666666666667,-2262.477894563806,0.023254,-972.9413840903956,4.721765752392912
PT,2024-07-01,72535.95444444445,1.0,1.221449750469965,4.25,-2196.7878293262147,0.023254,-944.6924526215768,2.1492796026541328
PT,2024-08-01,72571.51444444444,1.0,1.2221600980859781,4.25,-2197.349271772187,0.023254,-944.9338917055934,-1.0534209010929771
PT,2024-09-01,72535.06544444445,1.0,1.2225714992296917,3.99,-2007.3560741619513,0.023254,-863.2304438642605,10.47812546606849
PT,2024-10-01,72196.402,1.0,1.2203984564684005,3.577419354838709,-1701.6842830114392,0.023254,-731.7813206379286,31.935170258145604
PT,2024-11-01,72199.07466666667,1.0,1.220937823623369,3.4,-1573.2627277552551,0.023254,-676.5557442828137,38.5882359321173
PT,2024-12-01,72225.74466666667,1.0,1.2213785744965102,3.287096774193548,-1491.980352446046,0.023254,-641.6015964763249,42.40266962240912
PT,2025-01-01,72101.28466666666,1.0,1.2227777108888576,3.0,-1281.4001018314743,0.023254,-551.0450252995073,60.957578527866644
PT,2025-02-01,72101.28466666666,1.0,1.2227777108888576,2.7857142857142856,-1126.8973489743314,0.023254,-484.60365914437574,71.92989254734681
PT,2025-03-01,71995.49366666666,1.0,1.2239707802502688,2.588709677419355,-982.5505062779058,0.023254,-422.5296750141506,81.78669239669
PT,2025-04-01,71995.49366666666,1.0,1.2239707802502688,2.433333333333333,-870.6865403119558,0.023254,-374.4244174387012,88.01383400003482
PT,2025-05-01,71949.26566666667,1.0,1.2244932230068544,2.25,-737.8445954084693,0.023254,-317.2979252638124,98.42159092167213
PT,2025-06-01,71949.26566666667,1.0,1.2244932230068544,2.083333333333333,-617.9291526306913,0.023254,-265.7302625916794,107.91453400720383
PT,2025-07-01,71890.59477777778,1.0,1.2246970785609996,2.0,-557.3698815519845,0.023254,-239.68774471144079,109.29060588474127
PT,2025-08-01,71890.59477777778,1.0,1.2246970785609996,2.0,-557.3698815519845,0.023254,-239.68774471144079,108.1191615722345
PT,2025-09-01,71884.37177777778,1.0,1.224767533758578,2.0,-557.2709881750194,0.023254,-239.64521724220322,105.60755982080525
PT,2025-10-01,66155.213,1.0,1.2235303241203155,2.0,-513.6751679586149,0.023254,-220.89755223127844,118.80536407605138
PT,2025-11-01,66155.213,1.0,1.2235303241203155,2.0,-513.6751679586149,0.023254,-220.89755223127844,116.36616198784304
PT,2025-12-01,66155.213,1.0,1.2235303241203155,2.0,-513.6751679586149,0.023254,-220.89755223127844,116.0286203143807
PT,2026-01-01,66116.99077777777,1.0,1.223231727107354,2.0,-513.5758073531343,0.022979,-223.49789257719414,115.98999425046355
PT,2026-02-01,65985.43522222222,1.0,1.222201353548854,2.0,-513.2338220133421,0.022979,-223.34906741518,111.74311747646698
PT,2026-03-01,65982.76855555555,1.0,1.2221804251121198,2.0,-513.2268898780761,0.022979,-223.346050688923,107.36802782594876
PT,2026-04-01,65982.76855555555,1.0,1.2221804251121198,2.0,-513.2268898780761,0.022979,-223.346050688923,102.88286498719631
PT,2026-05-01,65982.76855555555,1.0,1.2221804251121198,2.0,-513.2268898780761,0.022979,-223.346050688923,98.95208669050172
PT,2026-06-01,65982.76855555555,1.0,1.2221804251121198,2.1166666666666667,-590.2067865262243,0.022979,-256.84615802525104,87.05588363423885
PT,2026-07-01,61007.423777777774,1.0,1.220680308069872,2.25,-627.9614264839298,0.022979,-273.2762202375777,93.84310457185802
PT,2026-08-01,61007.423777777774,1.0,1.220680308069872,2.25,-627.9614264839298,0.022979,-273.2762202375777,92.87228049482519
SI,2015-03-01,185.77777777777777,1.0,0.5947771208300419,0.05,1.012074828919811,0.004942,2.0479053600158053,0.8010681664957575
SI,2015-04-01,380.4444444444444,1.0,0.6975368216741648,0.05,2.4635178637914885,0.004942,4.984860104798641,2.182270793802998
SI,2015-05-01,585.7777777777777,1.0,0.8429734780778997,0.05,4.645062418251873,0.004942,9.399155034908688,3.6765393305054292
SI,2015-06-01,788.4444444444445,1.0,1.0170435264120714,0.05,7.624600959355621,0.004942,15.428168675345246,6.078418243014712
SI,2015-07-01,994.6666666666666,1.0,1.1702576587078175,0.05,11.142829511947092,0.004942,22.547206620694237,10.194689852019629
SI,2015-08-01,1165.3333333333333,1.0,1.220834638701946,0.05,13.644126323006676,0.004942,27.608511377998127,13.177522571758777
SI,2015-09-01,1367.111111111111,1.0,1.2630784341019272,0.05,16.584130059100122,0.004942,33.55752743646322,16.629927688463678
SI,2015-10-01,1584.888888888889,1.0,1.2673550460368141,0.05,19.293724862965686,0.004942,39.040317407862574,19.33526410718751
SI,2015-11-01,1805.3333333333333,1.0,1.247953997814162,0.05,21.627062840538336,0.004942,43.76176212168826,21.305230866446195
SI,2015-12-01,1980.4444444444443,1.0,1.22901751356124,0.05,23.349786846350597,0.004942,47.24764639083487,23.159212436274625
SI,2016-01-01,2204.4444444444443,1.0,1.2075048717092978,0.05,25.51655183856941,0.004942,51.63203528646177,25.473750780096644
SI,2016-02-01,2453.333333333333,1.0,1.1929845697068524,0.05,28.041221443474775,0.004942,56.74063424418206,28.669226811240204
SI,2016-03-01,2664.0,1.0,1.1756576190319115,0.0241935483870967,30.67500284197786,0.004942,62.07001789149709,31.365282463379003
SI,2016-04-01,2873.777777777778,1.0,1.1568859963256288,0.0,33.24633267662896,0.004942,67.27303253061302,33.156273704407084
SI,2016-05-01,3088.8888888888887,1.0,1.1455953172119933,0.0,35.38616646499268,0.004942,71.6029268818144,34.94907623513953
SI,2016-06-01,3314.6666666666665,1.0,1.1357993815167564,0.0,37.64796349934208,0.004942,76.17961048025512,37.16834425710553
SI,2016-07-01,3512.8888888888887,1.0,1.1063489939837676,0.0,38.864810881989776,0.004942,78.64186742612257,38.54041584566709
SI,2016-08-01,3648.8888888888887,1.0,1.0830339655618748,0.0,39.518706032279965,0.004942,79.96500613573444,39.235055003842305
SI,2016-09-01,3843.555555555555,1.0,1.0488059132195695,0.0,40.311437944545936,0.004942,81.56907718443126,40.01402127032219
SI,2016-10-01,4043.555555555555,1.0,1.010194473203717,0.0,40.84777474314407,0.004942,82.65433982829637,39.85377341924863
SI,2016-11-01,4235.555555555556,1.0,0.9863921488111801,0.0,41.77918745853576,0.004942,84.53902763766847,39.509123515256555
SI,2016-12-01,4384.888888888889,1.0,0.969648259612774,0.0,42.51799879706501,0.004942,86.03399190017201,39.46631328553502
SI,2017-01-01,4527.111111111111,1.0,0.9553625353191373,0.0,43.25032348782548,0.004942,87.51583061073549,39.00769302661703
SI,2017-02-01,4662.222222222222,1.0,0.9424213652971102,0.0,43.93777831985193,0.004942,88.90687640601361,38.18952751954237
SI,2017-03-01,4795.555555555556,1.0,0.931383336179287,0.0,44.665005321664474,0.004942,90.3784000843069,37.40471257094401
SI,2017-04-01,4896.0,1.0,0.9241451652270871,0.0,45.246147289518184,0.004942,91.55432474609101,37.02541953163999
SI,2017-05-01,5001.777777777777,1.0,0.916448741254214,0.0,45.83872948477744,0.004942,92.75339839088919,36.80469198626354
SI,2017-06-01,5143.11111111111,1.0,0.904246611207661,0.0,46.50640793286689,0.004942,94.10442722150322,37.17060163408188
SI,2017-07-01,5290.666666666666,1.0,0.9002024398048752,0.0,47.62671041527659,0.004942,96.37132823811531,37.81012810616134
SI,2017-08-01,5416.0,1.0,0.8957650821178124,0.0,48.51463684750072,0.004942,98.1680227590059,38.473344254127134
SI,2017-09-01,5557.333333333333,1.0,0.8882367872138658,0.0,49.36227905476523,0.004942,99.88320326743268,38.976354693801525
SI,2017-10-01,5703.11111111111,1.0,0.8820730767193822,0.0,50.305607646502715,0.004942,101.79200252226369,39.735664222251366
SI,2017-11-01,5928.888888888889,1.0,0.8673554110078407,0.0,51.424538590420426,0.004942,104.05612826875844,41.21451852065068
SI,2017-12-01,6139.555555555556,1.0,0.8514898261816254,0.0,52.277690928324326,0.004942,105.78245837378455,42.08531929546344
SI,2018-01-01,6235.555555555556,1.0,0.847802015674943,0.0,52.86516568853089,0.004942,106.97119726533971,42.63217689821528
SI,2018-02-01,6337.777777777777,1.0,0.8482471143373855,0.0,53.76001711311607,0.004942,108.78190431630122,43.605011734976316
SI,2018-03-01,6434.666666666666,1.0,0.8487560186358732,0.0,54.61462061248965,0.004942,110.51117080633276,44.51484372774634
SI,2018-04-01,6547.555555555555,1.0,0.8456465534943632,0.0,55.36917789368425,0.004942,112.03799654731738,45.27154613592252
SI,2018-05-01,6648.0,1.0,0.8438976051550764,0.0,56.102312790709476,0.004942,113.5214746877974,45.91044118407716
SI,2018-06-01,6750.222222222222,1.0,0.842574841623347,0.0,56.875674198112854,0.004942,115.08635005688558,46.49030584060644
SI,2018-07-01,6853.333333333333,1.0,0.8384104496660797,0.0,57.459062817115324,0.004942,116.26682075498852,46.89615604878544
SI,2018-08-01,6885.333333333333,1.0,0.8371210126852618,0.0,57.63857212675589,0.004942,116.63005286676626,46.473024973230196
SI,2018-09-01,6954.666666666666,1.0,0.8341556776713498,0.0,58.0127468631168,0.004942,117.38718507308134,46.3989344947546
SI,2018-10-01,6991.11111111111,1.0,0.8334774176860426,0.0,58.269332356450874,0.004942,117.90637870589006,45.769467069628774
SI,2018-11-01,7019.555555555555,1.0,0.8332864887093753,0.0,58.49300801189276,0.004942,118.35898019403633,45.299221970776415
SI,2018-12-01,7063.11111111111,1.0,0.8327712905369028,0.0,58.81956155205537,0.004942,119.01975222997848,44.81513200324295
SI,2019-01-01,7120.888888888889,1.0,0.8321834252908862,0.0,59.25885706671368,0.004942,119.90865452592811,45.10233462256912
SI,2019-02-01,6908.444444444444,1.0,0.8321834252908862,0.0,57.490929612095705,0.004942,116.33130233123372,41.34948629205263
SI,2019-03-01,6954.666666666666,1.0,0.8299252685710304,0.0,57.71853601155326,0.004942,116.7918575709293,41.3725813549875
SI,2019-04-01,6999.11111111111,1.0,0.82681004859696,0.0,57.869353979132995,0.004942,117.097033547416,41.53678188175218
SI,2019-05-01,7032.888888888889,1.0,0.8237619350295069,0.0,57.9342615995863,0.004942,117.22837231806211,41.613826318761525
SI,2019-06-01,7058.666666666666,1.0,0.8208299820291786,0.0,57.93965233149961,0.004942,117.23928031464914,41.87655848757588
SI,2019-07-01,7103.11111111111,1.0,0.8145947156060804,0.0,57.861567754739454,0.004942,117.08127833820204,41.68203674805315
SI,2019-08-01,7123.555555555555,1.0,0.8117156634844073,0.0,57.82301624145813,0.004942,117.00327041978576,41.779552419099744
SI,2019-09-01,7152.888888888889,1.0,0.8071980935024852,0.0,57.737982741462204,0.004942,116.83120748980615,41.904547357010486
SI,2019-10-01,7219.555555555555,1.0,0.7976675278203526,0.0,57.58805031961691,0.004942,116.52782339056436,41.94890474014487
SI,2019-11-01,7259.555555555555,1.0,0.7924228992462571,0.0,57.526380605726054,0.004942,116.40303643408751,41.8521325734382
SI,2019-12-01,7296.888888888889,1.0,0.7876679487588463,0.0,57.47525503432328,0.004942,116.29958525763513,41.81239314628634
SI,2020-01-01,7035.555555555555,1.0,0.7876679487588463,0.0,55.416816128233485,0.004942,112.13439119432108,37.898356710712264
SI,2020-02-01,7063.11111111111,1.0,0.784269215067963,0.0,55.393806070489184,0.004942,112.08783098035043,37.984992096460005
SI,2020-03-01,7170.673222222222,1.0,0.7712041220270999,0.0,55.30052746687124,0.004942,111.89908431175887,41.177470536295345
SI,2020-04-01,7611.6068888888885,1.0,0.7305595253522698,0.0,55.60731915914733,0.004942,112.5198687963321,38.43738766444544
SI,2020-05-01,8087.215444444444,1.0,0.717576169450834,0.0,58.031930801480684,0.004942,117.42600324055176,40.24637918164474
SI,2020-06-01,8619.719888888889,1.0,0.6839476741777379,0.0,58.95437370069145,0.004942,119.29254087553915,45.274083479316715
SI,2020-07-01,9134.432888888889,1.0,0.6390612342513597,0.0,58.374619561595466,0.004942,118.1194244467735,44.14745153891789
SI,2020-08-01,9457.128444444445,1.0,0.6070616691223251,0.0,57.41060178588662,0.004942,116.16876120171311,42.52493423403368
SI,2020-09-01,9875.831222222221,1.0,0.569409895098204,0.0,56.233960202531236,0.004942,113.78785957614576,40.81422998630636
SI,2020-10-01,10302.534,1.0,0.5331502431740037,0.0,54.92798507408441,0.004942,111.14525510741483,39.79145638378486
SI,2020-11-01,10725.681222222222,1.0,0.49895469716218094,0.0,53.516290260919796,0.004942,108.28872978737311,38.96987473955525
SI,2020-12-01,11088.376777777778,1.0,0.47080463083095964,0.0,52.204591353762524,0.004942,105.63454341109373,38.052677747654
SI,2021-01-01,11146.182666666666,1.0,0.45231067955977494,0.0,50.41537456457384,0.004942,102.01411283806928,35.86470165205557
SI,2021-02-01,11505.322555555555,1.0,0.4339370450324663,0.0,49.92585671903161,0.004942,101.0235870478179,36.0734421694429
SI,2021-03-01,11935.580444444444,1.0,0.41277431615099736,0.0,49.26701055820772,0.004942,99.69043010564087,35.757926162074014
SI,2021-04-01,12125.836666666666,1.0,0.39760456494473856,0.0,48.21288012440959,0.004942,97.55742639500119,35.292858213818285
SI,2021-05-01,12526.759777777777,1.0,0.3842580341771926,0.0,48.135080868188155,0.004942,97.40000175675466,35.53445470263604
SI,2021-06-01,12982.796444444444,1.0,0.36878726410329277,0.0,47.878899811566235,0.004942,96.88162649042135,35.84634510085235
SI,2021-07-01,13499.28388888889,1.0,0.35331234040964193,0.0,47.69463584637506,0.004942,96.50877346494346,36.512775457713694
SI,2021-08-01,13836.203222222222,1.0,0.3386146733724504,0.0,46.85141434807623,0.004942,94.80253813855975,36.31855811896746
SI,2021-09-01,14165.111444444443,1.0,0.3277515063840478,0.0,46.42636614014582,0.004942,93.9424648728163,36.38279097646835
SI,2021-10-01,14331.336888888889,1.0,0.32383610333722435,0.0,46.410042937107974,0.004942,93.90943532397404,36.34002488731213
SI,2021-11-01,14555.34911111111,1.0,0.3186752361958253,0.0,46.38429315896029,0.004942,93.85733136171649,36.532038994494776
SI,2021-12-01,14606.898222222222,1.0,0.3181532844941475,0.0,46.47232645671724,0.004942,94.03546429930643,36.65629155550911
SI,2022-01-01,14919.812333333331,1.0,0.3165354586488415,0.0,47.22649639886308,0.004942,95.56150627046352,36.91529026260594
SI,2022-02-01,15142.054555555555,1.0,0.3202272517843529,0.0,48.48898516694297,0.004942,98.11611729450216,37.019270855370216
SI,2022-03-01,14991.83322222222,1.0,0.3180122554415173,0.0,47.67586696201958,0.004942,96.4707951477531,32.71654814265806
SI,2022-04-01,15189.168555555556,1.0,0.33289925491319217,0.0,50.56462894895332,0.004942,102.31612494729526,34.84896806050544
SI,2022-05-01,15310.947888888888,1.0,0.34389007063462157,0.0,52.6528295099301,0.004942,106.54154089423331,36.780228070770235
SI,2022-06-01,15392.726888888888,1.0,0.3525711540805554,0.0,54.27031483662352,0.004942,109.81447761356438,36.53985852004301
SI,2022-07-01,15478.060111111112,1.0,0.36130041393164425,0.0806451612903225,43.43998870881453,0.004942,87.89961292758909,31.859953657215613
SI,2022-08-01,15550.06111111111,1.0,0.366802720802527,0.5,-20.712258313544336,0.004942,-41.91068052113382,12.909379686548135
SI,2022-09-01,15659.396222222222,1.0,0.3754983456465633,0.925,-86.04864130287069,0.004942,-174.1170402729071,-9.109421023600902
SI,2022-10-01,15732.286111111112,1.0,0.3846972172646894,1.25,-136.13190950732525,0.004942,-275.45914509778476,-26.9634202292479
SI,2022-11-01,15788.287333333332,1.0,0.39568979532385723,1.975,-249.34603299892422,0.004942,-504.54478550976165,-65.77475901623427
SI,2022-12-01,15838.065888888888,1.0,0.405392817810683,2.177419354838709,-280.6547305030948,0.004942,-567.8970669831947,-76.28677812911701
SI,2023-01-01,15922.514111111112,1.0,0.42035401908533104,2.5,-331.1319247722932,0.004942,-670.0362702798324,-95.44660271652106
SI,2023-02-01,16003.407111111112,1.0,0.43528371457022785,2.875,-390.43772951340395,0.004942,-790.0399221234397,-118.21054204218876
SI,2023-03-01,15434.482666666667,1.0,0.4385778004455853,3.161290322580645,-420.23659229209863,0.004942,-850.3370948848616,-106.90648148606078
SI,2023-04-01,15471.818888888889,1.0,0.4454379869076214,3.5,-472.5963025144513,0.004942,-956.2855170264088,-127.34091858710383
SI,2023-05-01,15526.045222222221,1.0,0.45457157500637346,3.6774193548387095,-500.38080374015334,0.004942,-1012.5066850266154,-138.30617550350894
SI,2023-06-01,15554.492222222221,1.0,0.4598693874734516,3.8333333333333335,-524.7251870782462,0.004942,-1061.7668698467144,-148.89291973883417
SI,2023-07-01,15573.161222222221,1.0,0.4633973138075821,4.0,-550.760838110187,0.004942,-1114.4492879607183,-171.31481516866404
SI,2023-08-01,15599.831222222221,1.0,0.4684406700851478,4.241935483870968,-588.6588221298966,0.004942,-1191.1348080329758,-186.57675923975307
SI,2023-09-01,15610.49922222222,1.0,0.47044517718000417,4.341666666666667,-604.3170005068149,0.004942,-1222.8186979093784,-196.32556827747726
SI,2023-10-01,15634.503111111111,1.0,0.4764823238157387,4.5,-629.0569962591338,0.004942,-1272.8793934826665,-216.06213759535194
SI,2023-11-01,15650.505111111112,1.0,0.47950081588052684,4.5,-629.2284303027988,0.004942,-1273.2262855176016,-219.0007982764098
SI,2023-12-01,15650.506555555556,1.0,0.48130155691103516,4.5,-628.9466632836476,0.004942,-1272.6561377653734,-218.6199264238769
SI,2024-01-01,15677.176555555554,1.0,0.4854100415808354,4.5,-629.3743557629767,0.004942,-1273.521561640989,-225.24768172399945
SI,2024-02-01,15701.179555555555,1.0,0.48941372075516504,4.5,-629.7093529347062,0.004942,-1274.1994191313358,-230.74238567972748
SI,2024-03-01,15722.515555555554,1.0,0.49299544794420164,4.5,-630.001914008792,0.004942,-1274.791408354496,-236.6634514150487
SI,2024-04-01,15740.296333333332,1.0,0.496927063603686,4.5,-630.0955426282479,0.004942,-1274.9808632704328,-244.7663712117876
SI,2024-05-01,15764.299333333332,1.0,0.5009906576596276,4.5,-630.415803094501,0.004942,-1275.628901445773,-248.031020762269
SI,2024-06-01,15770.522777777776,1.0,0.5026481584724591,4.341666666666667,-605.4332882778722,0.004942,-1225.077475268863,-247.41432542607458
SI,2024-07-01,15784.746777777778,1.0,0.5049947405806458,4.25,-591.1395970138049,0.004942,-1196.1545872395889,-249.31285501535797
SI,2024-08-01,15790.969777777776,1.0,0.5058960717387924,4.25,-591.2303197603178,0.004942,-1196.338162202181,-252.4576913976805
SI,2024-09-01,15207.824444444443,1.0,0.5076900903530416,3.99,-529.5835776706014,0.004942,-1071.5976885281289,-197.88911919779991
SI,2024-10-01,15212.269888888888,1.0,0.5088079645510892,3.577419354838709,-466.80544653173826,0.004942,-944.5678804770098,-180.85138958093557
SI,2024-11-01,15223.826888888889,1.0,0.5105635270585269,3.4,-439.88280670502667,0.004942,-890.0906651255092,-174.94668491057814
SI,2024-12-01,15228.271888888888,1.0,0.5111876531033288,3.287096774193548,-422.72298834808447,0.004942,-855.3682483773462,-171.36398227861218
SI,2025-01-01,15228.271888888888,1.0,0.5111876531033288,3.0,-379.0031109896616,0.004942,-766.9022885262274,-154.89968469885343
SI,2025-02-01,15228.271888888888,1.0,0.5111876531033288,2.7857142857142856,-346.3710997991854,0.004942,-700.8723184928882,-144.33876680116566
SI,2025-03-01,15228.271888888888,1.0,0.5111876531033288,2.588709677419355,-316.3707024143928,0.004942,-640.167346042883,-135.85097863204237
SI,2025-04-01,15220.271666666667,1.0,0.511146769374223,2.433333333333333,-292.562016974742,0.004942,-591.9911310698948,-129.55287963115876
SI,2025-05-01,15220.271666666667,1.0,0.511146769374223,2.25,-264.6581855858531,0.004942,-535.5285017924992,-119.80898560701473
SI,2025-06-01,15220.271666666667,1.0,0.511146769374223,2.083333333333333,-239.29106614140863,0.004942,-484.1988388130486,-110.5540422141654
SI,2025-07-01,14211.338666666667,1.0,0.510192370126625,2.0,-211.7216077631452,0.004942,-428.4128040533087,-79.43445345712666
SI,2025-08-01,14211.338666666667,1.0,0.510192370126625,2.0,-211.7216077631452,0.004942,-428.4128040533087,-80.60589776963343
SI,2025-09-01,14210.449666666667,1.0,0.5102119973423057,2.0,-211.7055742577103,0.004942,-428.38036069953523,-83.12758363652677
SI,2025-10-01,14210.449666666667,1.0,0.5102119973423057,2.0,-211.7055742577103,0.004942,-428.38036069953523,-88.67744439220542
SI,2025-11-01,14210.449666666667,1.0,0.5102119973423057,2.0,-211.7055742577103,0.004942,-428.38036069953523,-91.11664648041375
SI,2025-12-01,14210.449666666667,1.0,0.5102119973423057,2.0,-211.7055742577103,0.004942,-428.38036069953523,-91.45418815387609
SI,2026-01-01,14210.449666666667,1.0,0.5102119973423057,2.0,-211.7055742577103,0.004884,-433.4675967602586,-93.97970993260088
SI,2026-02-01,13750.870666666666,1.0,0.5107155822166887,2.0,-204.7895741482028,0.004884,-419.3070723755176,-84.2148874838706
SI,2026-03-01,13090.384777777777,1.0,0.5138921742953113,2.0,-194.53723259741088,0.004884,-398.3153820585808,-67.60130354370904
SI,2026-04-01,13088.606777777777,1.0,0.5139352958729133,2.0,-194.50516558654115,0.004884,-398.2497247881677,-72.02080911204843
SI,2026-05-01,13088.606777777777,1.0,0.5139352958729133,2.0,-194.50516558654115,0.004884,-398.2497247881677,-75.95158740874302
SI,2026-06-01,13038.826777777776,1.0,0.5139088055827568,2.1166666666666667,-208.9808211739472,0.004884,-427.88865924231607,-83.98661758282617
SI,2026-07-01,13038.826777777776,1.0,0.5139088055827568,2.25,-226.36592354431755,0.004884,-463.48469194168206,-96.36536713224632
SI,2026-08-01,13038.826777777776,1.0,0.5139088055827568,2.25,-226.36592354431755,0.004884,-463.48469194168206,-97.33619120927915
SK,2015-03-01,449.77777777777777,1.0,0.30553830375398766,0.05,1.1493545039957134,0.0115,0.9994386991267074,-0.24739849439334038
SK,2015-04-01,913.7777777777777,1.0,0.5394570953079406,0.05,4.472550168680559,0.0115,3.889174059722226,1.0865847487265827
SK,2015-05-01,1384.0,1.0,0.5637044485334095,0.05,7.109669567702387,0.0115,6.182321363219467,0.4597056588162083
SK,2015-06-01,1869.3333333333333,1.0,0.6110522788373381,0.05,10.48793726573264,0.0115,9.119945448463167,-0.2298049838673677
SK,2015-07-01,2262.222222222222,1.0,0.6394009666829703,0.05,13.33355964629475,0.0115,11.594399692430219,-0.758117076244389
SK,2015-08-01,2638.222222222222,1.0,0.6241312834295174,0.05,15.146859104167177,0.0115,13.17118182971059,-1.2598069765287594
SK,2015-09-01,3053.333333333333,1.0,0.5974580054500697,0.05,16.71571776640879,0.0115,14.535406753398949,-2.3921929946005918
SK,2015-10-01,3388.4444444444443,1.0,0.5669595428590691,0.05,17.516886910033524,0.0115,15.232075573942195,-4.47297772673287
SK,2015-11-01,3862.222222222222,1.0,0.5221436122042046,0.05,18.2352355113535,0.0115,15.856726531611741,-6.599804723630321
SK,2015-12-01,4108.444444444444,1.0,0.5038709743417826,0.05,18.647036830290837,0.0115,16.214814635035513,-7.873619319524735
SK,2016-01-01,4619.555555555556,1.0,0.47000520573593835,0.05,19.40237381519708,0.0115,16.8716294045192,-9.286655101845927
SK,2016-02-01,5112.0,1.0,0.4347932416025839,0.05,19.67063051072409,0.0115,17.10489609628182,-10.966511336660037
SK,2016-03-01,5496.888888888889,1.0,0.4027618358569048,0.0241935483870967,20.80947813078483,0.0115,18.095198374595505,-12.60953705352258
SK,2016-04-01,5789.333333333333,1.0,0.37988722901214966,0.0,21.992937978276718,0.0115,19.12429389415367,-14.992464932052268
SK,2016-05-01,6076.444444444444,1.0,0.36105429946425427,0.0,21.939263921223485,0.0115,19.0776208010639,-17.576229845610968
SK,2016-06-01,6283.555555555556,1.0,0.3621950512459669,0.0,22.758727264513244,0.0115,19.790197621315865,-19.221068601833725
SK,2016-07-01,6480.0,1.0,0.35515948441729545,0.0,23.014334590240747,0.0115,20.01246486107891,-20.08898671937657
SK,2016-08-01,6589.333333333333,1.0,0.3485311632597338,0.0,22.965880117728062,0.0115,19.970330537154837,-20.7596205947373
SK,2016-09-01,6707.555555555555,1.0,0.34126901798340964,0.0,22.89080897513608,0.0115,19.905051282727026,-21.65000463138205
SK,2016-10-01,6853.333333333333,1.0,0.3343120955948131,0.0,22.911522284764523,0.0115,19.923062856316978,-22.87750355273076
SK,2016-11-01,7057.777777777777,1.0,0.331088644736321,0.0,23.367500792945677,0.0115,20.319565906909286,-24.710338215502627
SK,2016-12-01,7249.777777777777,1.0,0.3333397065141249,0.0,24.166387967370692,0.0115,21.0142504064093,-25.55342820822769
SK,2017-01-01,7546.666666666666,1.0,0.33714697232993673,0.0,25.443358178499224,0.0115,22.1246592856515,-26.383478298466965
SK,2017-02-01,7814.222222222222,1.0,0.3414161894544803,0.0,26.679019746616323,0.0115,23.199147605753325,-27.518201280717918
SK,2017-03-01,8075.555555555555,1.0,0.3463286166536544,0.0,27.967959842652885,0.0115,24.319965080567727,-28.65372243279517
SK,2017-04-01,8282.666666666666,1.0,0.35021989960936256,0.0,29.007546884978133,0.0115,25.223953813024465,-29.304951401426557
SK,2017-05-01,8470.222222222223,1.0,0.35292069954671434,0.0,29.89316751982792,0.0115,25.994058712893846,-29.9546476917318
SK,2017-06-01,8680.888888888889,1.0,0.35236437322103115,0.0,30.588359723347466,0.0115,26.59857367247606,-30.33525191494527
SK,2017-07-01,8876.444444444443,1.0,0.3527049906941238,0.0,31.307662551746844,0.0115,27.224054392823344,-31.337145739130623
SK,2017-08-01,8929.777777777777,1.0,0.3522524732595038,0.0,31.455363078799778,0.0115,27.35248963373894,-32.34218887113982
SK,2017-09-01,9088.0,1.0,0.3504632507493689,0.0,31.850100228102647,0.0115,27.695739328784914,-33.21110924484624
SK,2017-10-01,9290.666666666666,1.0,0.34903183761549356,0.0,32.42738459339679,0.0115,28.197725733388513,-33.858612566623805
SK,2017-11-01,9412.444444444443,1.0,0.3474886274429005,0.0,32.70717400882554,0.0115,28.441020877239602,-34.40058887086816
SK,2017-12-01,9584.888888888889,1.0,0.3444293839315569,0.0,33.01317375052425,0.0115,28.707107609151524,-34.99003146916958
SK,2018-01-01,9751.111111111111,1.0,0.342279518486821,0.0,33.376056158226014,0.0115,29.02265752889219,-35.316362838232244
SK,2018-02-01,9876.444444444443,1.0,0.341618916471013,0.0,33.739802496972665,0.0115,29.338958693019713,-35.837933888305194
SK,2018-03-01,9998.22222222222,1.0,0.3417015539802663,0.0,34.164080703733646,0.0115,29.707896264116215,-36.2884308144702
SK,2018-04-01,10149.333333333332,1.0,0.34137907515900245,0.0,34.64770026813769,0.0115,30.128435015771906,-36.63801539562295
SK,2018-05-01,10267.555555555555,1.0,0.3410492002434222,0.0,35.017416106771286,0.0115,30.449927049366337,-37.1611064543539
SK,2018-06-01,10432.0,1.0,0.3446814584820079,0.0,35.957169748843064,0.0115,31.267104129428755,-37.32894008685038
SK,2018-07-01,10567.111111111111,1.0,0.34700998484189227,0.0,36.668930664892585,0.0115,31.88602666512399,-37.48463804107908
SK,2018-08-01,10681.777777777777,1.0,0.34875882532487223,0.0,37.25364270159102,0.0115,32.39447191442697,-37.762555979109095
SK,2018-09-01,10890.666666666666,1.0,0.3530526045357013,0.0,38.44978231796811,0.0115,33.43459331997227,-37.55365725835447
SK,2018-10-01,10965.333333333332,1.0,0.3550612982433749,0.0,38.93365489004687,0.0115,33.85535207830163,-38.28155955795966
SK,2018-11-01,10372.444444444443,1.0,0.3550612982433749,0.0,36.82853590401726,0.0115,32.024813829580225,-41.034944393679694
SK,2018-12-01,10386.666666666666,1.0,0.3554112816627138,0.0,36.915385122033875,0.0115,32.10033488872511,-42.10428533801042
SK,2019-01-01,10463.111111111111,1.0,0.35673311704464983,0.0,37.325382406511764,0.0115,32.45685426653197,-42.34946563682703
SK,2019-02-01,10530.666666666666,1.0,0.35736765463899506,0.0,37.6331964845171,0.0115,32.72451868218879,-42.2572973569923
SK,2019-03-01,10599.111111111111,1.0,0.3574397423861972,0.0,37.88543545078236,0.0115,32.94385691372379,-42.475419302218
SK,2019-04-01,10670.22222222222,1.0,0.35680721077836136,0.0,38.07212229496399,0.0115,33.10619329996869,-42.45405836569514
SK,2019-05-01,10597.333333333332,1.0,0.35680721077836136,0.0,37.81204948355221,0.0115,32.88004302917584,-42.73450297012475
SK,2019-06-01,10658.666666666666,1.0,0.3546697427190422,0.0,37.80306564394698,0.0115,32.872230994736505,-42.490490832336754
SK,2019-07-01,10736.0,1.0,0.35042862885911824,0.0,37.62201759431493,0.0115,32.714797908099946,-42.68444368204894
SK,2019-08-01,10793.777777777777,1.0,0.3457070107609012,0.0,37.31484650372999,0.0115,32.447692611939125,-42.776025388746895
SK,2019-09-01,10861.333333333332,1.0,0.34029452583890296,0.0,36.96052276644937,0.0115,32.139585014303805,-42.787075118491856
SK,2019-10-01,10960.0,1.0,0.33371719565524705,0.0,36.57540464381508,0.0115,31.80469969027398,-42.77421896014552
SK,2019-11-01,11046.22222222222,1.0,0.3301901983603181,0.0,36.473543066877085,0.0115,31.716124405980075,-42.83477945466924
SK,2019-12-01,11130.666666666666,1.0,0.3269436501936442,0.0,36.391007890887224,0.0115,31.644354687728022,-42.842837423620765
SK,2020-01-01,11255.111111111111,1.0,0.322481374609897,0.0,36.29563702498237,0.0115,31.56142349998467,-42.67461098362415
SK,2020-02-01,11318.22222222222,1.0,0.3196063029893615,0.0,36.17375160856479,0.0115,31.455436181360692,-42.64740270252973
SK,2020-03-01,11520.900666666666,1.0,0.31021220872379335,0.0,35.739240422940895,0.0115,31.077600367774693,-39.64401340768883
SK,2020-04-01,11928.125777777777,1.0,0.32290066585516125,0.0,38.51599756048557,0.0115,33.49217179172659,-40.590309340160076
SK,2020-05-01,13086.478111111112,1.0,0.32341666874734626,0.0,42.3238515633062,0.0115,36.803349185483654,-40.37627487342337
SK,2020-06-01,14217.270666666667,1.0,0.2813507563358926,0.0,40.00039855098767,0.0115,34.78295526172841,-39.23550213449402
SK,2020-07-01,14864.42111111111,1.0,0.2537037719881634,0.0,37.711597043093754,0.0115,32.79269308095109,-41.17927982690451
SK,2020-08-01,15320.450222222222,1.0,0.23360670475972903,0.0,35.78959891848791,0.0115,31.121390363902535,-42.522436603776896
SK,2020-09-01,15879.593,1.0,0.20869468795398685,0.0,33.13986705971314,0.0115,28.817275704098385,-44.15635388574102
SK,2020-10-01,16297.38322222222,1.0,0.18994619140406638,0.0,30.956258729136422,0.0115,26.91848585142298,-44.435312872206985
SK,2020-11-01,16858.300666666666,1.0,0.16488893475508548,0.0,27.79747238707614,0.0115,24.171715119196644,-45.147139928621215
SK,2020-12-01,17578.35122222222,1.0,0.13021711354324508,0.0,22.890021570071518,0.0115,19.904366582670885,-47.67749908076884
SK,2021-01-01,18013.04222222222,1.0,0.11291545914813873,0.0,20.339509331770312,0.0115,17.686529853713317,-48.46288133230039
SK,2021-02-01,18533.96888888889,1.0,0.09887452160182256,0.0,18.32537307271952,0.0115,15.935107019756105,-49.015037858618896
SK,2021-03-01,18738.43222222222,1.0,0.09466113061290461,0.0,17.738011800688383,0.0115,15.424358087555117,-48.50814585601174
SK,2021-04-01,19326.916444444443,1.0,0.08239335359868499,0.0,15.924094605793506,0.0115,13.847038787646529,-48.41752939353637
SK,2021-05-01,19642.48688888889,1.0,0.07768383928576529,0.0,15.259037946491963,0.0115,13.268728649123448,-48.596818404995176
SK,2021-06-01,20074.50888888889,1.0,0.07095006526090188,0.0,14.242877157472215,0.0115,12.38511057171497,-48.65017081785403
SK,2021-07-01,20382.96711111111,1.0,0.06435913165091459,0.0,13.11830063740262,0.0115,11.407217945567496,-48.58878006166227
SK,2021-08-01,20639.869666666666,1.0,0.05787082937983684,0.0,11.944463759017365,0.0115,10.386490225232492,-48.0974897943598
SK,2021-09-01,20921.654333333332,1.0,0.05269750157567576,0.0,11.025189121965768,0.0115,9.587120975622408,-47.97255292072555
SK,2021-10-01,21290.574444444443,1.0,0.05030879076128525,0.0,10.711030549131223,0.0115,9.313939607940195,-48.25547082872171
SK,2021-11-01,21485.251,1.0,0.04814602000161167,0.0,10.344293243856471,0.0115,8.995037603353454,-48.33025476386826
SK,2021-12-01,21724.378444444443,1.0,0.04555045632893209,0.0,9.895553516068603,0.0115,8.604829144407482,-48.77434359938984
SK,2022-01-01,22053.28911111111,1.0,0.045771255869239545,0.0,10.09406738662981,0.0115,8.777449901417226,-49.868766106440354
SK,2022-02-01,22320.865444444444,1.0,0.05193893113297262,0.0,11.593218931473482,0.0115,10.081059940411723,-51.01578649872022
SK,2022-03-01,22603.551555555554,1.0,0.061456210834805756,0.0,13.891286300136237,0.0115,12.079379391422815,-51.67486761367222
SK,2022-04-01,22901.32933333333,1.0,0.07854787389066777,0.0,17.98850728403317,0.0115,15.642180246985365,-51.82497663980446
SK,2022-05-01,23098.662666666667,1.0,0.09224903182209011,0.0,21.308292673850584,0.0115,18.52895015117442,-51.23236267228865
SK,2022-06-01,23231.10711111111,1.0,0.10426595350546813,0.0,24.222135339276612,0.0115,21.062726381979665,-52.2118927115417
SK,2022-07-01,23294.21822222222,1.0,0.10898977852136428,0.0806451612903225,6.602656992052475,0.0115,5.7414408626543265,-50.29821840771915
SK,2022-08-01,23373.32933333333,1.0,0.11466433206748836,0.5,-90.06577470466566,0.0115,-78.31806496057884,-23.498004752896883
SK,2022-09-01,23449.773777777777,1.0,0.1231993902556421,0.925,-188.0204291338948,0.0115,-163.49602533382156,1.5115939154846387
SK,2022-10-01,23517.32933333333,1.0,0.13238295167316655,1.25,-262.8336819405006,0.0115,-228.55102777434834,19.944697094188513
SK,2022-11-01,23584.884888888886,1.0,0.14131347141496334,1.975,-432.4728569898435,0.0115,-376.06335390421174,62.706672589315644
SK,2022-12-01,23652.440444444444,1.0,0.14989188787162405,2.177419354838709,-479.5597266191428,0.0115,-417.0084579296894,74.60183092438825
SK,2023-01-01,23870.225444444444,1.0,0.1779785174749031,2.5,-554.2717627471718,0.0115,-481.975445867106,92.61422169620533
SK,2023-02-01,22905.75111111111,1.0,0.17725572376185045,2.875,-617.9385895293562,0.0115,-537.3379039385707,134.4914761426803
SK,2023-03-01,23085.315333333332,1.0,0.20358077669855804,3.161290322580645,-682.7965753109811,0.0115,-593.7361524443314,149.69446095446938
SK,2023-04-01,23169.763333333332,1.0,0.21594211803474067,3.5,-760.9084389810299,0.0115,-661.6595121574173,167.28508628188763
SK,2023-05-01,23297.768555555554,1.0,0.2339475089925473,3.6774193548387095,-802.2521009209555,0.0115,-697.6105225399614,176.58998698314508
SK,2023-06-01,23354.660444444446,1.0,0.24215231323141984,3.8333333333333335,-838.7081331901381,0.0115,-729.3114201653376,183.5625299425426
SK,2023-07-01,23388.442444444445,1.0,0.2471464024094494,4.0,-877.7340036967286,0.0115,-763.2469597362858,179.8875130557684
SK,2023-08-01,23424.002444444443,1.0,0.2524324405874846,4.241935483870968,-934.5012903799086,0.0115,-812.6098177216597,191.948231071563
SK,2023-09-01,23439.115444444444,1.0,0.25474312753794165,4.341666666666667,-957.9387264625565,0.0115,-832.9901969239622,193.50293270793895
SK,2023-10-01,23484.454444444444,1.0,0.26198056290676164,4.5,-995.2757440508624,0.0115,-865.4571687398804,191.36008714743411
SK,2023-11-01,22853.318666666666,1.0,0.2620235562766251,4.5,-968.5182617023702,0.0115,-842.1897927846697,212.03569445652204
SK,2023-12-01,22869.320666666667,1.0,0.26407443733408903,4.5,-968.7274001273715,0.0115,-842.371652284671,211.6645590568255
SK,2024-01-01,22922.660666666667,1.0,0.27095112521502984,4.5,-969.4105229944436,0.0115,-842.9656721690815,205.308207747908
SK,2024-02-01,22965.332666666665,1.0,0.27675600616506196,4.5,-969.8820325092129,0.0115,-843.3756804427939,200.08135300881452
SK,2024-03-01,23008.893666666667,1.0,0.28275123762522947,4.5,-970.342283393627,0.0115,-843.775898603154,194.35205833629334
SK,2024-04-01,23052.454666666665,1.0,0.28899008610850807,4.5,-970.7411514086753,0.0115,-844.1227403553698,186.09175170327535
SK,2024-05-01,23108.461666666666,1.0,0.29708178219081494,4.5,-971.2297452437855,0.0115,-844.5476045598135,183.05027612369042
SK,2024-06-01,22320.876333333334,1.0,0.2970329100345821,4.341666666666667,-902.7976989541017,0.0115,-785.0414773513929,192.62167249139554
SK,2024-07-01,22347.546333333332,1.0,0.30084023091562645,4.25,-882.54030917349,0.0115,-767.4263558030348,179.41537642119613
SK,2024-08-01,22356.43633333333,1.0,0.3019896612932588,4.25,-882.6344178063903,0.0115,-767.5081893968612,176.3722814076392
SK,2024-09-01,22371.549333333332,1.0,0.3038953034804564,3.99,-824.6387306601865,0.0115,-717.0771570958144,156.63141223451453
SK,2024-10-01,22391.107333333333,1.0,0.30630858615959494,3.577419354838709,-732.4379232071655,0.0115,-636.9025419192743,126.8139489767999
SK,2024-11-01,21281.743666666665,1.0,0.3058344499786162,3.4,-658.4923809778577,0.0115,-572.6020704155285,142.54190979940256
SK,2024-12-01,21287.966666666667,1.0,0.3066156436194885,3.287096774193548,-634.4838295828955,0.0115,-551.7250692025178,132.27919689621615
SK,2025-01-01,21287.966666666667,1.0,0.3066156436194885,3.0,-573.3667639914978,0.0115,-498.57979477521553,113.42280905215841
SK,2025-02-01,21287.966666666667,1.0,0.3066156436194885,2.7857142857142856,-527.7496925629264,0.0115,-458.9127761416751,97.62077555004743
SK,2025-03-01,21287.966666666667,1.0,0.3066156436194885,2.588709677419355,-485.81141721730427,0.0115,-422.4447106237429,81.87165678709772
SK,2025-04-01,21287.966666666667,1.0,0.3066156436194885,2.433333333333333,-452.73495288038663,0.0115,-393.68256772207536,68.75568371666066
SK,2025-05-01,20069.253,1.0,0.3065439835362251,2.25,-390.0371048878366,0.0115,-339.16269990246667,76.55681628301784
SK,2025-06-01,20069.253,1.0,0.3065439835362251,2.083333333333333,-356.5883498878366,0.0115,-310.0768259894232,63.56797060946002
SK,2025-07-01,20069.253,1.0,0.3065439835362251,2.0,-339.8639723878366,0.0115,-295.5338890329014,53.44446156328064
SK,2025-08-01,20069.253,1.0,0.3065439835362251,2.0,-339.8639723878366,0.0115,-295.5338890329014,52.273017250773876
SK,2025-09-01,20069.253,1.0,0.3065439835362251,2.0,-339.8639723878366,0.0115,-295.5338890329014,49.71888803010705
SK,2025-10-01,18975.00233333333,1.0,0.30594515491126545,2.0,-321.4469463835337,0.0115,-279.5190838117685,60.18383249556132
SK,2025-11-01,18975.00233333333,1.0,0.30594515491126545,2.0,-321.4469463835337,0.0115,-279.5190838117685,57.744630407352986
SK,2025-12-01,18975.00233333333,1.0,0.30594515491126545,2.0,-321.4469463835337,0.0115,-279.5190838117685,57.407088733890646
SK,2026-01-01,18975.00233333333,1.0,0.30594515491126545,2.0,-321.4469463835337,0.011364,-282.8642611611525,56.62362566650518
SK,2026-02-01,18923.440333333332,1.0,0.3061111765962317,2.0,-320.5420408098141,0.011364,-282.0679697376048,53.02421515404217
SK,2026-03-01,18923.440333333332,1.0,0.3061111765962317,2.0,-320.5420408098141,0.011364,-282.0679697376048,48.64610877726693
SK,2026-04-01,18923.440333333332,1.0,0.3061111765962317,2.0,-320.5420408098141,0.011364,-282.0679697376048,44.16094593851449
SK,2026-05-01,18045.18888888889,1.0,0.3058420788824266,2.0,-305.71399694173937,0.011364,-269.01970867805295,53.27842870137175
SK,2026-06-01,18045.18888888889,1.0,0.3058420788824266,2.1166666666666667,-326.76671731210973,0.011364,-287.5455097783436,56.35653188114628
SK,2026-07-01,18045.18888888889,1.0,0.3058420788824266,2.25,-350.8269691639616,0.011364,-308.7178538929616,58.401470916474125
SK,2026-08-01,18045.18888888889,1.0,0.3058420788824266,2.25,-350.8269691639616,0.011364,-308.7178538929616,57.430646839441295
