month,ncb,programme,stock_eur_m,gross_purchases_eur_m,purchase_yield_pct,portfolio_yield_pct,yield_method
2020-03-01,AT,PEPP,309.372,309.372,-0.25715043537116244,-0.25715043537116244,single_maturity_ea_slope
2020-04-01,AT,PEPP,1793.113,1483.741,-0.17600392081915833,-0.19000441019154177,single_maturity_ea_slope
2020-05-01,AT,PEPP,4368.546,2575.433,-0.2760893422581591,-0.24075492875014787,single_maturity_ea_slope
2020-06-01,AT,PEPP,6947.535,2578.9889999999996,-0.31181177397751814,-0.2671318843489452,single_maturity_ea_slope
2020-07-01,AT,PEPP,8939.784,1992.2489999999998,-0.3715328288756472,-0.29039784662861295,single_maturity_ea_slope
2020-08-01,AT,PEPP,10347.071,1407.2870000000003,-0.3688410367082462,-0.3010667674891731,single_maturity_ea_slope
2020-09-01,AT,PEPP,12102.846,1755.7749999999996,-0.4082577500534038,-0.3166170973381782,single_maturity_ea_slope
2020-10-01,AT,PEPP,13859.51,1756.6640000000007,-0.4853335792002613,-0.3380015596960664,single_maturity_ea_slope
2020-11-01,AT,PEPP,15617.063,1757.5529999999999,-0.4920613059310318,-0.3553395296571597,single_maturity_ea_slope
2020-12-01,AT,PEPP,17023.461,1406.3979999999992,-0.5123804536886877,-0.3683135095943824,single_maturity_ea_slope
2021-01-01,AT,PEPP,18395.188000000002,1371.7270000000026,-0.5039554222049643,-0.3784283110228634,single_maturity_ea_slope
2021-02-01,AT,PEPP,19802.475,1407.2869999999966,-0.34079247632757914,-0.3757536745998495,single_maturity_ea_slope
2021-03-01,AT,PEPP,21536.025,1733.550000000003,-0.2702035686314134,-0.3672573812401611,single_maturity_ea_slope
2021-04-01,AT,PEPP,23577.169,2041.1440000000002,-0.2421553797730696,-0.35642693761554506,single_maturity_ea_slope
2021-05-01,AT,PEPP,25540.97,1963.8009999999995,-0.15202487306011397,-0.3407108164668174,single_maturity_ea_slope
2021-06-01,AT,PEPP,27430.095,1889.125,-0.20266874728341497,-0.3312037869087318,single_maturity_ea_slope
2021-07-01,AT,PEPP,29530.802,2100.7069999999985,-0.3356031270210369,-0.33151673894333283,single_maturity_ea_slope
2021-08-01,AT,PEPP,31106.11,1575.308000000001,-0.4203523557501021,-0.33601564471588485,single_maturity_ea_slope
2021-09-01,AT,PEPP,32823.658,1717.5480000000025,-0.3178428710887508,-0.3350647266007334,single_maturity_ea_slope
2021-10-01,AT,PEPP,34405.189,1581.5309999999954,-0.17784722324989233,-0.32783778315066375,single_maturity_ea_slope
2021-11-01,AT,PEPP,35854.259,1449.0699999999997,-0.23670014055973615,-0.324154404176098,single_maturity_ea_slope
2021-12-01,AT,PEPP,36290.758,436.49900000000343,-0.24213251206035152,-0.32316785895467737,single_maturity_ea_slope
2022-01-01,AT,PEPP,37578.919,1288.161,-0.03982242930759364,-0.313455111975457,single_maturity_ea_slope
2022-02-01,AT,PEPP,38396.799,817.8799999999974,0.35052365759269455,-0.29931187685696714,single_maturity_ea_slope
2022-03-01,AT,PEPP,39097.331,700.5319999999992,0.5006118849015885,-0.2849791288575642,single_maturity_ea_slope
2022-04-01,AT,PEPP,39149.782,52.45100000000093,1.1223403645073764,-0.2830936697061828,single_maturity_ea_slope
2022-05-01,AT,PEPP,39364.031,214.24900000000343,1.3365697280569666,-0.27427822945547875,single_maturity_ea_slope
2022-06-01,AT,PEPP,39522.273,158.24199999999837,1.871275177841018,-0.26568771487962406,single_maturity_ea_slope
2022-07-01,AT,PEPP,39491.158,0.0,1.379807818797617,-0.26568771487962406,single_maturity_ea_slope
2022-08-01,AT,PEPP,39628.064,136.9059999999954,1.416729150931274,-0.2598753450542725,single_maturity_ea_slope
2022-09-01,AT,PEPP,39221.791,0.0,2.309700214178145,-0.2598753450542725,single_maturity_ea_slope
2022-10-01,AT,PEPP,39079.551,0.0,2.6730112940941404,-0.2598753450542725,single_maturity_ea_slope
2022-11-01,AT,PEPP,38625.272,0.0,2.583273424924512,-0.2598753450542725,single_maturity_ea_slope
2022-12-01,AT,PEPP,38713.283,88.01100000000588,2.687527642473573,-0.25317470216807425,single_maturity_ea_slope
2023-01-01,AT,PEPP,39148.004,434.72099999999773,2.7841661823891752,-0.2194463959516039,single_maturity_ea_slope
2023-02-01,AT,PEPP,39531.163,383.15899999999965,3.045954707288295,-0.18779623121154057,single_maturity_ea_slope
2023-03-01,AT,PEPP,40099.234000000004,568.0710000000036,3.0451873176541495,-0.14199575039468273,single_maturity_ea_slope
2023-04-01,AT,PEPP,39357.808,0.0,2.9662543041588076,-0.14199575039468273,single_maturity_ea_slope
2023-05-01,AT,PEPP,39725.854,368.0460000000021,2.9255896535764596,-0.11357565557205236,single_maturity_ea_slope
2023-06-01,AT,PEPP,39967.662000000004,241.80800000000454,3.035469023065784,-0.0945236480852979,single_maturity_ea_slope
2023-07-01,AT,PEPP,38811.962,0.0,3.1504715247851602,-0.0945236480852979,single_maturity_ea_slope
2023-08-01,AT,PEPP,39070.661,258.6990000000005,3.111797473031027,-0.07329359856779233,single_maturity_ea_slope
2023-09-01,AT,PEPP,39229.792,159.13100000000122,3.2243884886002143,-0.05991694216815768,single_maturity_ea_slope
2023-10-01,AT,PEPP,38158.547,0.0,3.361072894386846,-0.05991694216815768,single_maturity_ea_slope
2023-11-01,AT,PEPP,38394.132,235.58499999999913,3.1034101145839545,-0.04050688219688541,single_maturity_ea_slope
2023-12-01,AT,PEPP,38531.927,137.79500000000553,2.5564468277931187,-0.0312198502644288,single_maturity_ea_slope
2024-01-01,AT,PEPP,38673.278,141.3509999999951,2.578683948945227,-0.02168064047926212,single_maturity_ea_slope
2024-02-01,AT,PEPP,39027.1,353.8220000000001,2.7715984661632738,0.003643393334945844,single_maturity_ea_slope
2024-03-01,AT,PEPP,39448.486,421.3859999999986,2.7933486259065248,0.03344283175020983,single_maturity_ea_slope
2024-04-01,AT,PEPP,39660.068,211.58200000000215,2.8959601505228574,0.04871403953887425,single_maturity_ea_slope
2024-05-01,AT,PEPP,40173.021,512.9530000000013,2.9797691567801134,0.08613949269446963,single_maturity_ea_slope
2024-06-01,AT,PEPP,40517.064,344.04299999999785,3.0021249952729914,0.11090003309946088,single_maturity_ea_slope
2024-07-01,AT,PEPP,38282.118,0.0,2.877466192130396,0.11090003309946088,single_maturity_ea_slope
2024-08-01,AT,PEPP,38337.236,55.117999999994936,2.5438265023124846,0.11439788675615307,single_maturity_ea_slope
2024-09-01,AT,PEPP,38511.48,174.24400000000605,2.419636909470195,0.12482786940739887,single_maturity_ea_slope
2024-10-01,AT,PEPP,36515.675,0.0,2.4471762070665273,0.12482786940739887,single_maturity_ea_slope
2024-11-01,AT,PEPP,36720.145000000004,204.47000000000116,2.485068268047976,0.1379704742176479,single_maturity_ea_slope
2024-12-01,AT,PEPP,36809.934,89.78899999999703,2.330750924160565,0.143319235881277,single_maturity_ea_slope
2025-01-01,AT,PEPP,36552.124,0.0,2.5836076351373602,0.143319235881277,single_maturity_ea_slope
2025-02-01,AT,PEPP,36552.124,0.0,2.526285242781133,0.143319235881277,single_maturity_ea_slope
2025-03-01,AT,PEPP,36552.124,0.0,2.6828855510700116,0.143319235881277,single_maturity_ea_slope
2025-04-01,AT,PEPP,34989.262,0.0,2.4389813079831,0.143319235881277,single_maturity_ea_slope
2025-05-01,AT,PEPP,34989.262,0.0,2.427219705380584,0.143319235881277,single_maturity_ea_slope
2025-06-01,AT,PEPP,34989.262,0.0,2.4278780595773224,0.143319235881277,single_maturity_ea_slope
2025-07-01,AT,PEPP,34989.262,0.0,2.4537397539725427,0.143319235881277,single_maturity_ea_slope
2025-08-01,AT,PEPP,34989.262,0.0,2.4564123447521906,0.143319235881277,single_maturity_ea_slope
2025-09-01,AT,PEPP,34908.363,0.0,2.4618456197988636,0.143319235881277,single_maturity_ea_slope
2025-10-01,AT,PEPP,32925.004,0.0,2.430838100420811,0.143319235881277,single_maturity_ea_slope
2025-11-01,AT,PEPP,32925.004,0.0,2.4653569812385503,0.143319235881277,single_maturity_ea_slope
2025-12-01,AT,PEPP,32925.004,0.0,2.583432906443849,0.143319235881277,single_maturity_ea_slope
2026-01-01,AT,PEPP,32925.004,0.0,2.5442056562394044,0.143319235881277,single_maturity_ea_slope
2026-02-01,AT,PEPP,32925.004,0.0,2.528470312985362,0.143319235881277,single_maturity_ea_slope
2026-03-01,AT,PEPP,31370.143,0.0,2.8330615101735837,0.143319235881277,single_maturity_ea_slope
2026-04-01,AT,PEPP,31370.143,0.0,2.899531545054596,0.143319235881277,single_maturity_ea_slope
2026-05-01,AT,PEPP,31370.143,0.0,2.9188638792467496,0.143319235881277,single_maturity_ea_slope
2026-06-01,AT,PEPP,31370.143,0.0,2.8511286479937423,0.143319235881277,single_maturity_ea_slope
2026-07-01,AT,PEPP,30636.718,0.0,2.97459368889991,0.143319235881277,single_maturity_ea_slope
2026-08-01,AT,PEPP,30636.718,0.0,3.057079804312286,0.143319235881277,single_maturity_ea_slope
2015-03-01,AT,PSPP,1080.888888888889,1080.888888888889,0.056997268543302615,0.056997268543302615,single_maturity_ea_slope
2015-04-01,AT,PSPP,2152.0,1071.111111111111,0.02986556724953049,0.04349305538386626,single_maturity_ea_slope
2015-05-01,AT,PSPP,3320.0,1168.0,0.2799239952819268,0.12667116917932852,single_maturity_ea_slope
2015-06-01,AT,PSPP,4484.444444444444,1164.4444444444443,0.4753108125887948,0.2171999963084466,single_maturity_ea_slope
2015-07-01,AT,PSPP,5696.0,1211.5555555555557,0.49648930401744296,0.2766056340124669,single_maturity_ea_slope
2015-08-01,AT,PSPP,6641.777777777777,945.7777777777774,0.42452254627336994,0.2976687489275634,single_maturity_ea_slope
2015-09-01,AT,PSPP,7778.666666666666,1136.8888888888887,0.4341477802306698,0.31761580423971897,single_maturity_ea_slope
2015-10-01,AT,PSPP,8955.555555555555,1176.8888888888887,0.32913022945496295,0.3191289654292954,single_maturity_ea_slope
2015-11-01,AT,PSPP,10209.777777777777,1254.2222222222226,0.28171532053189796,0.3145328786323054,single_maturity_ea_slope
2015-12-01,AT,PSPP,11236.444444444443,1026.666666666666,0.35215409955080645,0.31797030527267156,single_maturity_ea_slope
2016-01-01,AT,PSPP,12434.666666666666,1198.2222222222226,0.2473577993704782,0.3111659834515152,single_maturity_ea_slope
2016-02-01,AT,PSPP,13642.666666666666,1208.0,0.08344350011921026,0.29100212791016766,single_maturity_ea_slope
2016-03-01,AT,PSPP,14845.333333333332,1202.666666666666,0.016336321873406556,0.2687505959319785,single_maturity_ea_slope
2016-04-01,AT,PSPP,16676.444444444445,1831.1111111111131,-0.013191431579727408,0.23779272712572538,single_maturity_ea_slope
2016-05-01,AT,PSPP,18578.666666666664,1902.222222222219,-0.01645480643286329,0.21176097162046825,single_maturity_ea_slope
2016-06-01,AT,PSPP,20222.222222222223,1643.5555555555584,0.017253753403637107,0.19595245089594424,single_maturity_ea_slope
2016-07-01,AT,PSPP,21891.555555555555,1669.3333333333321,-0.11863659993356646,0.17196356680231825,single_maturity_ea_slope
2016-08-01,AT,PSPP,23095.11111111111,1203.5555555555547,-0.1513430070939336,0.15511509089378447,single_maturity_ea_slope
2016-09-01,AT,PSPP,24769.777777777777,1674.6666666666679,-0.13155766977692004,0.13573335397052286,single_maturity_ea_slope
2016-10-01,AT,PSPP,26511.11111111111,1741.3333333333321,-0.048236730258399,0.12364961901647564,single_maturity_ea_slope
2016-11-01,AT,PSPP,28182.22222222222,1671.1111111111095,0.14968521559050563,0.1251934424373612,single_maturity_ea_slope
2016-12-01,AT,PSPP,29511.11111111111,1328.8888888888905,0.11550725038925791,0.124757272042424,single_maturity_ea_slope
2017-01-01,AT,PSPP,31262.22222222222,1751.1111111111095,0.14273632626671362,0.1257643444570345,single_maturity_ea_slope
2017-02-01,AT,PSPP,32940.444444444445,1678.2222222222263,0.14494175258355346,0.12674137901213375,single_maturity_ea_slope
2017-03-01,AT,PSPP,34680.88888888889,1740.4444444444453,0.1638894814000565,0.1286056394303097,single_maturity_ea_slope
2017-04-01,AT,PSPP,36069.33333333333,1388.444444444438,0.08865435552654277,0.12706776409249898,single_maturity_ea_slope
2017-05-01,AT,PSPP,37397.33333333333,1328.0,0.23441926309153127,0.13087987522352568,single_maturity_ea_slope
2017-06-01,AT,PSPP,38723.555555555555,1326.2222222222263,0.14331402423310952,0.13130572570379148,single_maturity_ea_slope
2017-07-01,AT,PSPP,40078.22222222222,1354.6666666666642,0.2936672701536589,0.13679363809160194,single_maturity_ea_slope
2017-08-01,AT,PSPP,41165.33333333333,1087.1111111111095,0.17534543831349092,0.13781172994173194,single_maturity_ea_slope
2017-09-01,AT,PSPP,42468.444444444445,1303.1111111111168,0.14757190866734193,0.13811121341729016,single_maturity_ea_slope
2017-10-01,AT,PSPP,43758.22222222222,1289.7777777777737,0.16221030796197095,0.13882153652983445,single_maturity_ea_slope
2017-11-01,AT,PSPP,45043.555555555555,1285.3333333333358,0.07821382527910437,0.13709207466638265,single_maturity_ea_slope
2017-12-01,AT,PSPP,46187.555555555555,1144.0,0.09324575795062301,0.13600606381953248,single_maturity_ea_slope
2018-01-01,AT,PSPP,46675.555555555555,488.0,0.26115381381304387,0.13731450249305063,single_maturity_ea_slope
2018-02-01,AT,PSPP,47194.666666666664,519.1111111111095,0.4195682855820238,0.14041911335913643,single_maturity_ea_slope
2018-03-01,AT,PSPP,47685.33333333333,490.66666666666424,0.40302858351729953,0.14312127992378815,single_maturity_ea_slope
2018-04-01,AT,PSPP,48246.22222222222,560.8888888888905,0.35070403281491164,0.14553454368328664,single_maturity_ea_slope
2018-05-01,AT,PSPP,48758.22222222222,512.0,0.3259563727091414,0.14742911596773584,single_maturity_ea_slope
2018-06-01,AT,PSPP,49319.11111111111,560.8888888888905,0.2608258788059461,0.14871873743249883,single_maturity_ea_slope
2018-07-01,AT,PSPP,49896.0,576.8888888888905,0.17073184097371208,0.14897324911365337,single_maturity_ea_slope
2018-08-01,AT,PSPP,50403.555555555555,507.55555555555475,0.16961294082595146,0.14918108743136857,single_maturity_ea_slope
2018-09-01,AT,PSPP,50941.33333333333,537.7777777777737,0.23242826031705877,0.15005991169275584,single_maturity_ea_slope
2018-10-01,AT,PSPP,51193.777777777774,252.44444444444525,0.23950258541352687,0.15050096736508928,single_maturity_ea_slope
2018-11-01,AT,PSPP,51394.666666666664,200.8888888888905,0.16066176737787463,0.15054068338928356,single_maturity_ea_slope
2018-12-01,AT,PSPP,51723.555555555555,328.8888888888905,0.09580454485960282,0.15019263872008523,single_maturity_ea_slope
2019-01-01,AT,PSPP,51978.666666666664,255.1111111111095,0.019485724656228942,0.14955112965078626,single_maturity_ea_slope
2019-02-01,AT,PSPP,52118.22222222222,139.55555555555475,0.04923233148655831,0.14928250871527582,single_maturity_ea_slope
2019-03-01,AT,PSPP,51876.44444444444,0.0,0.0023346285281098944,0.14928250871527582,single_maturity_ea_slope
2019-04-01,AT,PSPP,52112.0,235.55555555556202,-0.05980752610332385,0.1483373843809032,single_maturity_ea_slope
2019-05-01,AT,PSPP,52291.555555555555,179.55555555555475,-0.14193372859530942,0.147340669129302,single_maturity_ea_slope
2019-06-01,AT,PSPP,51833.777777777774,0.0,-0.29605597656038424,0.147340669129302,single_maturity_ea_slope
2019-07-01,AT,PSPP,51917.33333333333,83.55555555555475,-0.4138425657171387,0.1464375030006605,single_maturity_ea_slope
2019-08-01,AT,PSPP,51981.33333333333,64.0,-0.6041091639308527,0.14551342153519306,single_maturity_ea_slope
2019-09-01,AT,PSPP,52105.777777777774,124.44444444444525,-0.5289668634046134,0.1439025574827259,single_maturity_ea_slope
2019-10-01,AT,PSPP,51755.555555555555,0.0,-0.4268325883064694,0.1439025574827259,single_maturity_ea_slope
2019-11-01,AT,PSPP,52332.44444444444,576.8888888888832,-0.32924449698611313,0.13868680114970497,single_maturity_ea_slope
2019-12-01,AT,PSPP,52956.44444444444,624.0,-0.3073061651392641,0.1334315463099229,single_maturity_ea_slope
2020-01-01,AT,PSPP,53633.777777777774,677.3333333333358,-0.3317959504833457,0.1275562545774082,single_maturity_ea_slope
2020-02-01,AT,PSPP,54157.33333333333,523.5555555555547,-0.47422250632511753,0.12173867468390308,single_maturity_ea_slope
2020-03-01,AT,PSPP,55066.666666666664,909.3333333333358,-0.29935388641302274,0.11478503965561968,single_maturity_ea_slope
2020-04-01,AT,PSPP,56209.777777777774,1143.1111111111095,-0.16807135473678897,0.10903272573335013,single_maturity_ea_slope
2020-05-01,AT,PSPP,57472.88888888888,1263.1111111111095,-0.32585512573720227,0.09947497271450215,single_maturity_ea_slope
2020-06-01,AT,PSPP,58312.0,839.1111111111168,-0.35459952636510983,0.09294082952870991,single_maturity_ea_slope
2020-07-01,AT,PSPP,57712.0,0.0,-0.44298251597815497,0.09294082952870991,single_maturity_ea_slope
2020-08-01,AT,PSPP,58048.88888888888,336.88888888888323,-0.47228253025001954,0.08966053470662684,single_maturity_ea_slope
2020-09-01,AT,PSPP,58739.555555555555,690.6666666666715,-0.5161442889705197,0.08253740968018779,single_maturity_ea_slope
2020-10-01,AT,PSPP,59311.11111111111,571.5555555555547,-0.583195000000124,0.07612203404250416,single_maturity_ea_slope
2020-11-01,AT,PSPP,60070.22222222222,759.1111111111095,-0.5886423412512581,0.0677213655434013,single_maturity_ea_slope
2020-12-01,AT,PSPP,60588.44444444444,518.222222222219,-0.5866469166287446,0.062124453649584244,single_maturity_ea_slope
2021-01-01,AT,PSPP,61134.22222222222,545.777777777781,-0.5697056572986912,0.05648376957196642,single_maturity_ea_slope
2021-02-01,AT,PSPP,61652.44444444444,518.222222222219,-0.43430306105962535,0.052358440166147185,single_maturity_ea_slope
2021-03-01,AT,PSPP,62210.666666666664,558.2222222222263,-0.3774851447865738,0.048501412841782506,single_maturity_ea_slope
2021-04-01,AT,PSPP,62805.33333333333,594.6666666666642,-0.3573150833541373,0.04465897573870464,single_maturity_ea_slope
2021-05-01,AT,PSPP,63262.22222222222,456.8888888888905,-0.2794732636276343,0.042318045978492494,single_maturity_ea_slope
2021-06-01,AT,PSPP,63844.44444444444,582.222222222219,-0.3142053598791243,0.039066770923334285,single_maturity_ea_slope
2021-07-01,AT,PSPP,64406.22222222222,561.777777777781,-0.41366356274650207,0.03511786921778012,single_maturity_ea_slope
2021-08-01,AT,PSPP,64712.88888888888,306.66666666666424,-0.48503863970999694,0.0326529095246387,single_maturity_ea_slope
2021-09-01,AT,PSPP,62924.44444444444,0.0,-0.36909569506113765,0.0326529095246387,single_maturity_ea_slope
2021-10-01,AT,PSPP,63482.666666666664,558.2222222222263,-0.23592202001535606,0.03029124921839773,single_maturity_ea_slope
2021-11-01,AT,PSPP,63978.666666666664,496.0,-0.29268868360501615,0.027787320095975468,single_maturity_ea_slope
2021-12-01,AT,PSPP,64365.33333333333,386.66666666666424,-0.2841382191820037,0.02591346654353288,single_maturity_ea_slope
2022-01-01,AT,PSPP,65364.44444444444,999.1111111111095,-0.09604291778186794,0.02404933414424342,single_maturity_ea_slope
2022-02-01,AT,PSPP,65726.22222222222,361.777777777781,0.3007906182893534,0.025572605122132316,single_maturity_ea_slope
2022-03-01,AT,PSPP,66376.88888888889,650.6666666666715,0.45396157489741285,0.029771934552395966,single_maturity_ea_slope
2022-04-01,AT,PSPP,67222.22222222222,845.3333333333285,1.0965954492816938,0.04318746066819836,single_maturity_ea_slope
2022-05-01,AT,PSPP,68259.55555555555,1037.3333333333285,1.309847053493599,0.062436754147040384,single_maturity_ea_slope
2022-06-01,AT,PSPP,68896.0,636.4444444444525,1.8530826740381845,0.0789783044211034,single_maturity_ea_slope
2022-07-01,AT,PSPP,69416.0,520.0,1.3494015008115512,0.08849513140800891,single_maturity_ea_slope
2022-08-01,AT,PSPP,69460.44444444444,44.44444444443798,1.392937855988941,0.08932978244814094,single_maturity_ea_slope
2022-09-01,AT,PSPP,68313.77777777778,0.0,2.297080879900033,0.08932978244814094,single_maturity_ea_slope
2022-10-01,AT,PSPP,69106.66666666666,792.888888888876,2.6535455220671604,0.11875007236697983,single_maturity_ea_slope
2022-11-01,AT,PSPP,66487.11111111111,0.0,2.5807340753375674,0.11875007236697983,single_maturity_ea_slope
2022-12-01,AT,PSPP,66792.0,304.8888888888905,2.6866653603785675,0.13047196778742912,single_maturity_ea_slope
2023-01-01,AT,PSPP,67299.55555555555,507.55555555554747,2.7841790339593473,0.15048552884491198,single_maturity_ea_slope
2023-02-01,AT,PSPP,67679.11111111111,379.555555555562,3.0462841139432544,0.1667256422669035,single_maturity_ea_slope
2023-03-01,AT,PSPP,68232.0,552.8888888888905,3.045375955439773,0.19005155640029847,single_maturity_ea_slope
2023-04-01,AT,PSPP,67675.55555555555,0.0,2.965946601271683,0.19005155640029847,single_maturity_ea_slope
2023-05-01,AT,PSPP,68109.33333333333,433.777777777781,2.9241704962705297,0.20746473576754698,single_maturity_ea_slope
2023-06-01,AT,PSPP,68272.88888888889,163.55555555556202,3.0368959631132157,0.2142429636091711,single_maturity_ea_slope
2023-07-01,AT,PSPP,65697.77777777778,0.0,3.1520045658798743,0.2142429636091711,single_maturity_ea_slope
2023-08-01,AT,PSPP,65697.77777777778,0.0,3.111714343152755,0.2142429636091711,single_maturity_ea_slope
2023-09-01,AT,PSPP,65697.77777777778,0.0,3.224328563043607,0.2142429636091711,single_maturity_ea_slope
2023-10-01,AT,PSPP,62480.0,0.0,3.3624452171639594,0.2142429636091711,single_maturity_ea_slope
2023-11-01,AT,PSPP,62480.0,0.0,3.1043939736762045,0.2142429636091711,single_maturity_ea_slope
2023-12-01,AT,PSPP,62480.0,0.0,2.5570719020698687,0.2142429636091711,single_maturity_ea_slope
2024-01-01,AT,PSPP,62326.22222222222,0.0,2.5821378908177275,0.2142429636091711,single_maturity_ea_slope
2024-02-01,AT,PSPP,62326.22222222222,0.0,2.772876861486024,0.2142429636091711,single_maturity_ea_slope
2024-03-01,AT,PSPP,62326.22222222222,0.0,2.7903410512940496,0.2142429636091711,single_maturity_ea_slope
2024-04-01,AT,PSPP,62326.22222222222,0.0,2.893375318685631,0.2142429636091711,single_maturity_ea_slope
2024-05-01,AT,PSPP,62326.22222222222,0.0,2.960151769551784,0.2142429636091711,single_maturity_ea_slope
2024-06-01,AT,PSPP,62326.22222222222,0.0,2.972187346874931,0.2142429636091711,single_maturity_ea_slope
2024-07-01,AT,PSPP,60462.22222222222,0.0,2.8765843806579285,0.2142429636091711,single_maturity_ea_slope
2024-08-01,AT,PSPP,60462.22222222222,0.0,2.547994752690176,0.2142429636091711,single_maturity_ea_slope
2024-09-01,AT,PSPP,60426.666666666664,0.0,2.420145374541566,0.2142429636091711,single_maturity_ea_slope
2024-10-01,AT,PSPP,57392.0,0.0,2.4613057714376683,0.2142429636091711,single_maturity_ea_slope
2024-11-01,AT,PSPP,57185.777777777774,0.0,2.5024960147126185,0.2142429636091711,single_maturity_ea_slope
2024-12-01,AT,PSPP,57185.777777777774,0.0,2.347976237796407,0.2142429636091711,single_maturity_ea_slope
2025-01-01,AT,PSPP,57185.777777777774,0.0,2.5999399318809666,0.2142429636091711,single_maturity_ea_slope
2025-02-01,AT,PSPP,57185.777777777774,0.0,2.541475106953081,0.2142429636091711,single_maturity_ea_slope
2025-03-01,AT,PSPP,57185.777777777774,0.0,2.7062485986563094,0.2142429636091711,single_maturity_ea_slope
2025-04-01,AT,PSPP,55514.666666666664,0.0,2.460906148515844,0.2142429636091711,single_maturity_ea_slope
2025-05-01,AT,PSPP,55514.666666666664,0.0,2.448375899274453,0.2142429636091711,single_maturity_ea_slope
2025-06-01,AT,PSPP,55432.88888888888,0.0,2.4469342453592984,0.2142429636091711,single_maturity_ea_slope
2025-07-01,AT,PSPP,55432.88888888888,0.0,2.474843199362374,0.2142429636091711,single_maturity_ea_slope
2025-08-01,AT,PSPP,55432.88888888888,0.0,2.475213643943048,0.2142429636091711,single_maturity_ea_slope
2025-09-01,AT,PSPP,55342.22222222222,0.0,2.479887394031818,0.2142429636091711,single_maturity_ea_slope
2025-10-01,AT,PSPP,52328.88888888888,0.0,2.4524081712956516,0.2142429636091711,single_maturity_ea_slope
2025-11-01,AT,PSPP,52328.88888888888,0.0,2.48521179492245,0.2142429636091711,single_maturity_ea_slope
2025-12-01,AT,PSPP,52328.88888888888,0.0,2.6047741611030952,0.2142429636091711,single_maturity_ea_slope
2026-01-01,AT,PSPP,52328.88888888888,0.0,2.566479567973571,0.2142429636091711,single_maturity_ea_slope
2026-02-01,AT,PSPP,52328.88888888888,0.0,2.5487429987272496,0.2142429636091711,single_maturity_ea_slope
2026-03-01,AT,PSPP,49629.33333333333,0.0,2.8536294435178413,0.2142429636091711,single_maturity_ea_slope
2026-04-01,AT,PSPP,49629.33333333333,0.0,2.916808714448063,0.2142429636091711,single_maturity_ea_slope
2026-05-01,AT,PSPP,49629.33333333333,0.0,2.9332976175479435,0.2142429636091711,single_maturity_ea_slope
2026-06-01,AT,PSPP,49629.33333333333,0.0,2.862122750288579,0.2142429636091711,single_maturity_ea_slope
2026-07-01,AT,PSPP,48912.88888888888,0.0,2.985709970705805,0.2142429636091711,single_maturity_ea_slope
2026-08-01,AT,PSPP,48912.88888888888,0.0,3.067265507364,0.2142429636091711,single_maturity_ea_slope
2020-03-01,BE,PEPP,394.716,394.716,-0.24891651109690968,-0.24891651109690968,single_maturity_ea_slope
2020-04-01,BE,PEPP,2537.206,2142.4900000000002,-0.13331087716931378,-0.15129577607045344,single_maturity_ea_slope
2020-05-01,BE,PEPP,5743.829,3206.6229999999996,-0.22980688345978298,-0.19512638500921087,single_maturity_ea_slope
2020-06-01,BE,PEPP,8950.452,3206.6229999999996,-0.31445474716529837,-0.23787741821312502,single_maturity_ea_slope
2020-07-01,BE,PEPP,11426.317000000001,2475.8650000000016,-0.40696482996150496,-0.27451543593033023,single_maturity_ea_slope
2020-08-01,BE,PEPP,13175.869,1749.5519999999997,-0.4417240689363253,-0.29671816110108784,single_maturity_ea_slope
2020-09-01,BE,PEPP,15361.92,2186.0509999999995,-0.485751564382206,-0.3236182269962424,single_maturity_ea_slope
2020-10-01,BE,PEPP,17547.971,2186.0510000000013,-0.5564579154879303,-0.35262439721768524,single_maturity_ea_slope
2020-11-01,BE,PEPP,19734.022,2186.0509999999995,-0.5883560070606575,-0.37873774205072736,single_maturity_ea_slope
2020-12-01,BE,PEPP,21483.574,1749.5519999999997,-0.5816316495062661,-0.39526075826658846,single_maturity_ea_slope
2021-01-01,BE,PEPP,23188.676,1705.101999999999,-0.5566148802621461,-0.40712539582169804,single_maturity_ea_slope
2021-02-01,BE,PEPP,24938.228,1749.5519999999997,-0.48644797419635366,-0.4126903050702836,single_maturity_ea_slope
2021-03-01,BE,PEPP,27094.942,2156.714,-0.3671234800798108,-0.4090632587605885,single_maturity_ea_slope
2021-04-01,BE,PEPP,29635.704,2540.7620000000024,-0.3206880992546127,-0.4014865787189495,single_maturity_ea_slope
2021-05-01,BE,PEPP,32081.343,2445.638999999999,-0.22340757428734653,-0.3879111820056915,single_maturity_ea_slope
2021-06-01,BE,PEPP,34397.188,2315.845000000001,-0.2557840723175483,-0.37901551569902314,single_maturity_ea_slope
2021-07-01,BE,PEPP,37001.958,2604.769999999997,-0.33902721421215154,-0.37620052066378856,single_maturity_ea_slope
2021-08-01,BE,PEPP,38960.425,1958.4670000000042,-0.4209183895957858,-0.3784484034990924,single_maturity_ea_slope
2021-09-01,BE,PEPP,41095.803,2135.377999999997,-0.32369199127688963,-0.3756032069222492,single_maturity_ea_slope
2021-10-01,BE,PEPP,43063.16,1967.3570000000036,-0.20392554390191422,-0.36776004696634496,single_maturity_ea_slope
2021-11-01,BE,PEPP,45042.963,1979.8029999999999,-0.24792093525999032,-0.3624926796114581,single_maturity_ea_slope
2021-12-01,BE,PEPP,46588.045,1545.0819999999949,-0.23661359700416337,-0.35831792824095,single_maturity_ea_slope
2022-01-01,BE,PEPP,48187.356,1599.3110000000015,-0.05003958053068719,-0.3480863448240294,single_maturity_ea_slope
2022-02-01,BE,PEPP,49596.421,1409.0650000000023,0.31599587447424005,-0.3292193581853056,single_maturity_ea_slope
2022-03-01,BE,PEPP,50494.311,897.8899999999994,0.48305887544976306,-0.3147754240320385,single_maturity_ea_slope
2022-04-01,BE,PEPP,50877.47,383.15899999999965,1.0564689260089386,-0.3044485619864739,single_maturity_ea_slope
2022-05-01,BE,PEPP,50720.117,0.0,1.2929991674484933,-0.3044485619864739,single_maturity_ea_slope
2022-06-01,BE,PEPP,50971.704,251.58699999999953,1.8485985988569122,-0.29382151534006196,single_maturity_ea_slope
2022-07-01,BE,PEPP,50724.562,0.0,1.3795212192571802,-0.29382151534006196,single_maturity_ea_slope
2022-08-01,BE,PEPP,50950.368,225.80600000000413,1.3739456915112274,-0.28643016849227726,single_maturity_ea_slope
2022-09-01,BE,PEPP,50560.097,0.0,2.2431648702854154,-0.28643016849227726,single_maturity_ea_slope
2022-10-01,BE,PEPP,50776.124,216.02700000000186,2.5289002125521316,-0.27445234647053557,single_maturity_ea_slope
2022-11-01,BE,PEPP,49939.575,0.0,2.504145937387872,-0.27445234647053557,single_maturity_ea_slope
2022-12-01,BE,PEPP,50080.037000000004,140.4620000000068,2.648439873795857,-0.2662543635688241,single_maturity_ea_slope
2023-01-01,BE,PEPP,49602.644,0.0,2.7860499363554028,-0.2662543635688241,single_maturity_ea_slope
2023-02-01,BE,PEPP,49949.354,346.7099999999991,2.9889354193658213,-0.24365933962434486,single_maturity_ea_slope
2023-03-01,BE,PEPP,50162.714,213.36000000000058,3.056054821183926,-0.22962447274393535,single_maturity_ea_slope
2023-04-01,BE,PEPP,50415.19,252.4760000000024,3.0340657815658783,-0.21328012373628247,single_maturity_ea_slope
2023-05-01,BE,PEPP,50743.231,328.04099999999744,2.9701994325584065,-0.1926998059964354,single_maturity_ea_slope
2023-06-01,BE,PEPP,49956.466,0.0,3.104501071141447,-0.1926998059964354,single_maturity_ea_slope
2023-07-01,BE,PEPP,50200.941,244.47499999999854,3.2502351535489287,-0.17593295845397902,single_maturity_ea_slope
2023-08-01,BE,PEPP,50456.973,256.03199999999924,3.21597281604129,-0.1587215332015056,single_maturity_ea_slope
2023-09-01,BE,PEPP,50621.438,164.46500000000378,3.3231762007509045,-0.14740912617714377,single_maturity_ea_slope
2023-10-01,BE,PEPP,49549.304000000004,0.0,3.4339414351198103,-0.14740912617714377,single_maturity_ea_slope
2023-11-01,BE,PEPP,49732.438,183.1339999999982,3.1828093314511667,-0.13514597859086824,single_maturity_ea_slope
2023-12-01,BE,PEPP,49851.564,119.12599999999657,2.663499070257334,-0.12845829693480063,single_maturity_ea_slope
2024-01-01,BE,PEPP,50333.402,481.8380000000034,2.710896800543455,-0.10127735690100881,single_maturity_ea_slope
2024-02-01,BE,PEPP,50759.233,425.8309999999983,2.916298420176048,-0.07596221254631584,single_maturity_ea_slope
2024-03-01,BE,PEPP,51190.398,431.1650000000009,2.9539291889320625,-0.05044213110216634,single_maturity_ea_slope
2024-04-01,BE,PEPP,51620.674,430.275999999998,3.0162139846897142,-0.02488050192083366,single_maturity_ea_slope
2024-05-01,BE,PEPP,52137.183,516.5089999999982,3.107056391215568,0.006146751560371572,single_maturity_ea_slope
2024-06-01,BE,PEPP,49960.911,0.0,3.1262457764670915,0.006146751560371572,single_maturity_ea_slope
2024-07-01,BE,PEPP,50188.495,227.58400000000256,3.035607438614927,0.019884098755234295,single_maturity_ea_slope
2024-08-01,BE,PEPP,50258.726,70.23099999999977,2.672909917154894,0.02359140833271992,single_maturity_ea_slope
2024-09-01,BE,PEPP,50378.741,120.01499999999942,2.5552200492517305,0.029622392936719723,single_maturity_ea_slope
2024-10-01,BE,PEPP,48601.63,0.0,2.54439643800442,0.029622392936719723,single_maturity_ea_slope
2024-11-01,BE,PEPP,48738.536,136.90600000000268,2.6213457641835074,0.03690251476606477,single_maturity_ea_slope
2024-12-01,BE,PEPP,48783.875,45.33899999999994,2.5028525233593193,0.03919433163054324,single_maturity_ea_slope
2025-01-01,BE,PEPP,48783.875,0.0,2.7503299958475993,0.03919433163054324,single_maturity_ea_slope
2025-02-01,BE,PEPP,48783.875,0.0,2.6420614124674833,0.03919433163054324,single_maturity_ea_slope
2025-03-01,BE,PEPP,48783.875,0.0,2.7864722376886903,0.03919433163054324,single_maturity_ea_slope
2025-04-01,BE,PEPP,48783.875,0.0,2.497203985191217,0.03919433163054324,single_maturity_ea_slope
2025-05-01,BE,PEPP,48783.875,0.0,2.4827240276402267,0.03919433163054324,single_maturity_ea_slope
2025-06-01,BE,PEPP,45119.417,0.0,2.5141231909015005,0.03919433163054324,single_maturity_ea_slope
2025-07-01,BE,PEPP,45119.417,0.0,2.5828394566558144,0.03919433163054324,single_maturity_ea_slope
2025-08-01,BE,PEPP,45119.417,0.0,2.597657959983048,0.03919433163054324,single_maturity_ea_slope
2025-09-01,BE,PEPP,45119.417,0.0,2.6375469293454543,0.03919433163054324,single_maturity_ea_slope
2025-10-01,BE,PEPP,45119.417,0.0,2.601821989210724,0.03919433163054324,single_maturity_ea_slope
2025-11-01,BE,PEPP,45119.417,0.0,2.6071726186017004,0.03919433163054324,single_maturity_ea_slope
2025-12-01,BE,PEPP,45119.417,0.0,2.7017175337116943,0.03919433163054324,single_maturity_ea_slope
2026-01-01,BE,PEPP,45119.417,0.0,2.7240548138744045,0.03919433163054324,single_maturity_ea_slope
2026-02-01,BE,PEPP,45119.417,0.0,2.668464446189887,0.03919433163054324,single_maturity_ea_slope
2026-03-01,BE,PEPP,43319.192,0.0,3.0348213504638335,0.03919433163054324,single_maturity_ea_slope
2026-04-01,BE,PEPP,43319.192,0.0,3.1366419269175587,0.03919433163054324,single_maturity_ea_slope
2026-05-01,BE,PEPP,43243.627,0.0,3.1750690322843123,0.03919433163054324,single_maturity_ea_slope
2026-06-01,BE,PEPP,40716.2,0.0,3.122845374716901,0.03919433163054324,single_maturity_ea_slope
2026-07-01,BE,PEPP,40716.2,0.0,3.249794961219747,0.03919433163054324,single_maturity_ea_slope
2026-08-01,BE,PEPP,40716.2,0.0,3.362432067546571,0.03919433163054324,single_maturity_ea_slope
2015-03-01,BE,PSPP,1358.2222222222222,1358.2222222222222,0.233898212713332,0.233898212713332,single_maturity_ea_slope
2015-04-01,BE,PSPP,2718.222222222222,1360.0,0.21724903476000268,0.22556817927036474,single_maturity_ea_slope
2015-05-01,BE,PSPP,4190.222222222222,1471.9999999999995,0.5357730261960826,0.33454128629390917,single_maturity_ea_slope
2015-06-01,BE,PSPP,5663.11111111111,1472.8888888888887,0.7910054509969381,0.4532606585922798,single_maturity_ea_slope
2015-07-01,BE,PSPP,7122.666666666666,1459.5555555555557,0.6730654926564114,0.49830240794125075,single_maturity_ea_slope
2015-08-01,BE,PSPP,8333.333333333332,1210.666666666666,0.5560686218128335,0.5066946834925143,single_maturity_ea_slope
2015-09-01,BE,PSPP,9784.888888888889,1451.5555555555566,0.5742585728679509,0.5167175606137069,single_maturity_ea_slope
2015-10-01,BE,PSPP,11276.444444444443,1491.5555555555547,0.46445797310797926,0.5098050911328137,single_maturity_ea_slope
2015-11-01,BE,PSPP,12844.444444444443,1568.0,0.45692759856739484,0.5033500117635819,single_maturity_ea_slope
2015-12-01,BE,PSPP,14129.777777777777,1285.333333333334,0.49476687833731237,0.5025692360379662,single_maturity_ea_slope
2016-01-01,BE,PSPP,15648.888888888889,1519.1111111111113,0.47171897443459776,0.4995744563117432,single_maturity_ea_slope
2016-02-01,BE,PSPP,17166.222222222223,1517.333333333334,0.38751310735712846,0.48966928218863176,single_maturity_ea_slope
2016-03-01,BE,PSPP,18686.222222222223,1520.0,0.2989005013042159,0.4741515096021818,single_maturity_ea_slope
2016-04-01,BE,PSPP,21008.0,2321.7777777777774,0.2551533477316207,0.44994810777405675,single_maturity_ea_slope
2016-05-01,BE,PSPP,23403.555555555555,2395.5555555555547,0.2573064554522714,0.4302295748633039,single_maturity_ea_slope
2016-06-01,BE,PSPP,25484.44444444444,2080.888888888887,0.17253217483591876,0.4091877327473601,single_maturity_ea_slope
2016-07-01,BE,PSPP,27589.333333333332,2104.8888888888905,-0.03272498751316408,0.37547263120805596,single_maturity_ea_slope
2016-08-01,BE,PSPP,29104.0,1514.6666666666679,-0.0641950418335909,0.35259089781171593,single_maturity_ea_slope
2016-09-01,BE,PSPP,31216.888888888887,2112.888888888887,-0.05203148902834717,0.3252043716145341,single_maturity_ea_slope
2016-10-01,BE,PSPP,33418.666666666664,2201.7777777777774,0.0313659637394888,0.3058449254950935,single_maturity_ea_slope
2016-11-01,BE,PSPP,35527.11111111111,2108.4444444444453,0.28453210007407354,0.3045800630576771,single_maturity_ea_slope
2016-12-01,BE,PSPP,37186.666666666664,1659.5555555555547,0.2739350119121742,0.30321244478377596,single_maturity_ea_slope
2017-01-01,BE,PSPP,39399.11111111111,2212.4444444444453,0.3628393998121192,0.3065607773139074,single_maturity_ea_slope
2017-02-01,BE,PSPP,41505.777777777774,2106.6666666666642,0.5074152642093208,0.3167553447945715,single_maturity_ea_slope
2017-03-01,BE,PSPP,43637.33333333333,2131.5555555555547,0.5293367548379587,0.3271393222508585,single_maturity_ea_slope
2017-04-01,BE,PSPP,45391.11111111111,1753.777777777781,0.4678697036687908,0.33257672639337454,single_maturity_ea_slope
2017-05-01,BE,PSPP,47062.22222222222,1671.1111111111095,0.4484660384926136,0.336691787433068,single_maturity_ea_slope
2017-06-01,BE,PSPP,48738.666666666664,1676.4444444444453,0.32723117316304445,0.3363663744638852,single_maturity_ea_slope
2017-07-01,BE,PSPP,50449.777777777774,1711.1111111111095,0.5179452214923275,0.34252500580735107,single_maturity_ea_slope
2017-08-01,BE,PSPP,51822.22222222222,1372.4444444444453,0.41266617321857463,0.3443826037916209,single_maturity_ea_slope
2017-09-01,BE,PSPP,53468.44444444444,1646.222222222219,0.3792375030843059,0.3454557397387224,single_maturity_ea_slope
2017-10-01,BE,PSPP,55096.0,1627.555555555562,0.357675228576697,0.3458167078116187,single_maturity_ea_slope
2017-11-01,BE,PSPP,56717.33333333333,1621.3333333333285,0.24087600323407643,0.3428168512888322,single_maturity_ea_slope
2017-12-01,BE,PSPP,58191.11111111111,1473.777777777781,0.21176164244263895,0.3394976801856933,single_maturity_ea_slope
2018-01-01,BE,PSPP,58824.88888888888,633.7777777777737,0.3845968712894211,0.3399835776630567,single_maturity_ea_slope
2018-02-01,BE,PSPP,59497.777777777774,672.8888888888905,0.6467647644345011,0.34345311315847743,single_maturity_ea_slope
2018-03-01,BE,PSPP,60132.44444444444,634.6666666666642,0.5586254934601499,0.34572414568719767,single_maturity_ea_slope
2018-04-01,BE,PSPP,60844.44444444444,712.0,0.4949091078090032,0.34746990397294736,single_maturity_ea_slope
2018-05-01,BE,PSPP,61487.11111111111,642.6666666666715,0.5044295591815264,0.3491104549207999,single_maturity_ea_slope
2018-06-01,BE,PSPP,62211.555555555555,724.4444444444453,0.4684489656134183,0.3505001343832004,single_maturity_ea_slope
2018-07-01,BE,PSPP,62945.777777777774,734.222222222219,0.3705573465149998,0.3507340889292063,single_maturity_ea_slope
2018-08-01,BE,PSPP,63589.33333333333,643.5555555555547,0.3978251087255026,0.35121067337848527,single_maturity_ea_slope
2018-09-01,BE,PSPP,64238.22222222222,648.8888888888905,0.4570908269679955,0.352280199477455,single_maturity_ea_slope
2018-10-01,BE,PSPP,64549.33333333333,311.1111111111095,0.5298665351176282,0.35313611973791464,single_maturity_ea_slope
2018-11-01,BE,PSPP,64802.666666666664,253.33333333333576,0.47887153417262895,0.35362765771459453,single_maturity_ea_slope
2018-12-01,BE,PSPP,65215.11111111111,412.44444444444525,0.4388300074636449,0.35416650883680967,single_maturity_ea_slope
2019-01-01,BE,PSPP,65461.33333333333,246.222222222219,0.4458381702427233,0.35451131697066224,single_maturity_ea_slope
2019-02-01,BE,PSPP,65595.55555555555,134.222222222219,0.3818451334184749,0.3545672476744175,single_maturity_ea_slope
2019-03-01,BE,PSPP,65076.44444444444,0.0,0.25287280366546516,0.3545672476744175,single_maturity_ea_slope
2019-04-01,BE,PSPP,65262.22222222222,185.777777777781,0.18156744489993532,0.35407478024347405,single_maturity_ea_slope
2019-05-01,BE,PSPP,65427.555555555555,165.33333333333576,0.11466654043672314,0.353469803304039,single_maturity_ea_slope
2019-06-01,BE,PSPP,65514.666666666664,87.1111111111095,-0.11206732423126772,0.3528508051696303,single_maturity_ea_slope
2019-07-01,BE,PSPP,65720.88888888889,206.22222222222626,-0.2521588572828151,0.3509523762352956,single_maturity_ea_slope
2019-08-01,BE,PSPP,65768.88888888889,48.0,-0.47120617578446233,0.35035234161157525,single_maturity_ea_slope
2019-09-01,BE,PSPP,64714.666666666664,0.0,-0.4226987542910966,0.35035234161157525,single_maturity_ea_slope
2019-10-01,BE,PSPP,65029.33333333333,314.66666666666424,-0.34815433018273934,0.3469723782198042,single_maturity_ea_slope
2019-11-01,BE,PSPP,65678.22222222222,648.8888888888905,-0.2409216900258315,0.3411640917616606,single_maturity_ea_slope
2019-12-01,BE,PSPP,66442.66666666666,764.444444444438,-0.20830386827518876,0.3348422845476658,single_maturity_ea_slope
2020-01-01,BE,PSPP,67296.0,853.333333333343,-0.23569768277563363,0.32760766774851147,single_maturity_ea_slope
2020-02-01,BE,PSPP,67923.55555555555,627.5555555555475,-0.31830924999097693,0.3216399479075913,single_maturity_ea_slope
2020-03-01,BE,PSPP,69669.33333333333,1745.777777777781,-0.1950317477131059,0.30869316168953204,single_maturity_ea_slope
2020-04-01,BE,PSPP,71435.55555555555,1766.222222222219,-0.04478527910143437,0.2999535155518894,single_maturity_ea_slope
2020-05-01,BE,PSPP,73142.22222222222,1706.6666666666715,-0.1612394628971006,0.2891922526410058,single_maturity_ea_slope
2020-06-01,BE,PSPP,74658.66666666666,1516.444444444438,-0.23984440777733748,0.27844661867220327,single_maturity_ea_slope
2020-07-01,BE,PSPP,75619.55555555555,960.8888888888905,-0.35194517686567917,0.2704363035159068,single_maturity_ea_slope
2020-08-01,BE,PSPP,76010.66666666666,391.1111111111095,-0.3919901770879154,0.26702780352215527,single_maturity_ea_slope
2020-09-01,BE,PSPP,74752.88888888889,0.0,-0.43060426822643316,0.26702780352215527,single_maturity_ea_slope
2020-10-01,BE,PSPP,75548.44444444444,795.5555555555475,-0.5094286365629874,0.25885140440369475,single_maturity_ea_slope
2020-11-01,BE,PSPP,76327.11111111111,778.6666666666715,-0.5431265190994049,0.25066986225774146,single_maturity_ea_slope
2020-12-01,BE,PSPP,76793.77777777777,466.66666666665697,-0.5411535598063456,0.24585804536767356,single_maturity_ea_slope
2021-01-01,BE,PSPP,77374.22222222222,580.4444444444525,-0.5176642363786687,0.24013026867511597,single_maturity_ea_slope
2021-02-01,BE,PSPP,77892.44444444444,518.222222222219,-0.4282905419511248,0.23568323250449782,single_maturity_ea_slope
2021-03-01,BE,PSPP,78487.11111111111,594.6666666666715,-0.30578214361063155,0.23158075751501875,single_maturity_ea_slope
2021-04-01,BE,PSPP,79225.77777777777,738.666666666657,-0.2534251757870556,0.22705877330590588,single_maturity_ea_slope
2021-05-01,BE,PSPP,79715.55555555555,489.777777777781,-0.15140399550165778,0.22473347239585936,single_maturity_ea_slope
2021-06-01,BE,PSPP,80336.0,620.4444444444525,-0.19320465718004376,0.22150568671301638,single_maturity_ea_slope
2021-07-01,BE,PSPP,81036.44444444444,700.444444444438,-0.2983992681328158,0.21701185014654958,single_maturity_ea_slope
2021-08-01,BE,PSPP,81374.22222222222,337.777777777781,-0.387756433894827,0.21450150618902303,single_maturity_ea_slope
2021-09-01,BE,PSPP,79345.77777777777,0.0,-0.2668571765748369,0.21450150618902303,single_maturity_ea_slope
2021-10-01,BE,PSPP,79952.88888888889,607.111111111124,-0.14006622110453668,0.21180914560177155,single_maturity_ea_slope
2021-11-01,BE,PSPP,80480.88888888889,528.0,-0.1963236504927714,0.20913156438574612,single_maturity_ea_slope
2021-12-01,BE,PSPP,80913.77777777777,432.88888888887595,-0.19599133961849555,0.20696415595921736,single_maturity_ea_slope
2022-01-01,BE,PSPP,81923.55555555555,1009.777777777781,-0.0028703167884904235,0.20437776690230364,single_maturity_ea_slope
2022-02-01,BE,PSPP,82315.55555555555,392.0,0.3646644546293554,0.2051410780549156,single_maturity_ea_slope
2022-03-01,BE,PSPP,80676.44444444444,0.0,0.5501752152844372,0.2051410780549156,single_maturity_ea_slope
2022-04-01,BE,PSPP,82587.55555555555,1911.1111111111095,1.121193415371967,0.22633891819474466,single_maturity_ea_slope
2022-05-01,BE,PSPP,83673.77777777777,1086.222222222219,1.3624546116813883,0.24108755445876123,single_maturity_ea_slope
2022-06-01,BE,PSPP,84419.55555555555,745.777777777781,1.9153328097899953,0.25587814293981787,single_maturity_ea_slope
2022-07-01,BE,PSPP,84912.88888888889,493.33333333334303,1.4517095883708275,0.2628257750460729,single_maturity_ea_slope
2022-08-01,BE,PSPP,84977.77777777777,64.88888888887595,1.4261366124092743,0.2637140772545195,single_maturity_ea_slope
2022-09-01,BE,PSPP,82655.11111111111,0.0,2.293819390148556,0.2637140772545195,single_maturity_ea_slope
2022-10-01,BE,PSPP,83352.88888888889,697.777777777781,2.5846756659628958,0.2831437028051752,single_maturity_ea_slope
2022-11-01,BE,PSPP,83608.88888888889,256.0,2.520298176530838,0.2899935910513265,single_maturity_ea_slope
2022-12-01,BE,PSPP,83864.0,255.1111111111095,2.644270132336887,0.2971552111065371,single_maturity_ea_slope
2023-01-01,BE,PSPP,84205.33333333333,341.3333333333285,2.766624932424247,0.30716541233935407,single_maturity_ea_slope
2023-02-01,BE,PSPP,84449.77777777777,244.44444444443798,2.963901740563092,0.3148554791799905,single_maturity_ea_slope
2023-03-01,BE,PSPP,84850.66666666666,400.8888888888905,3.026760622707109,0.32766825582005604,single_maturity_ea_slope
2023-04-01,BE,PSPP,85050.66666666666,200.0,2.996721301609174,0.3339446394167885,single_maturity_ea_slope
2023-05-01,BE,PSPP,85361.77777777777,311.1111111111095,2.9292267081426906,0.34340345235470565,single_maturity_ea_slope
2023-06-01,BE,PSPP,82766.22222222222,0.0,3.0425094331369316,0.34340345235470565,single_maturity_ea_slope
2023-07-01,BE,PSPP,82766.22222222222,0.0,3.1743865110797675,0.34340345235470565,single_maturity_ea_slope
2023-08-01,BE,PSPP,82766.22222222222,0.0,3.151087853923701,0.34340345235470565,single_maturity_ea_slope
2023-09-01,BE,PSPP,82766.22222222222,0.0,3.2496611437020713,0.34340345235470565,single_maturity_ea_slope
2023-10-01,BE,PSPP,80702.22222222222,0.0,3.3899836032783917,0.34340345235470565,single_maturity_ea_slope
2023-11-01,BE,PSPP,80702.22222222222,0.0,3.1201636557569548,0.34340345235470565,single_maturity_ea_slope
2023-12-01,BE,PSPP,80702.22222222222,0.0,2.5747979833011847,0.34340345235470565,single_maturity_ea_slope
2024-01-01,BE,PSPP,80702.22222222222,0.0,2.630166715918091,0.34340345235470565,single_maturity_ea_slope
2024-02-01,BE,PSPP,80702.22222222222,0.0,2.8429691396083694,0.34340345235470565,single_maturity_ea_slope
2024-03-01,BE,PSPP,80702.22222222222,0.0,2.8772824642071875,0.34340345235470565,single_maturity_ea_slope
2024-04-01,BE,PSPP,80702.22222222222,0.0,2.950518188666857,0.34340345235470565,single_maturity_ea_slope
2024-05-01,BE,PSPP,80702.22222222222,0.0,3.0466006462498636,0.34340345235470565,single_maturity_ea_slope
2024-06-01,BE,PSPP,76964.44444444444,0.0,3.0643973674574916,0.34340345235470565,single_maturity_ea_slope
2024-07-01,BE,PSPP,76964.44444444444,0.0,2.977558186535362,0.34340345235470565,single_maturity_ea_slope
2024-08-01,BE,PSPP,76964.44444444444,0.0,2.6284404785475757,0.34340345235470565,single_maturity_ea_slope
2024-09-01,BE,PSPP,76964.44444444444,0.0,2.5292325383024448,0.34340345235470565,single_maturity_ea_slope
2024-10-01,BE,PSPP,74442.66666666666,0.0,2.536241404895442,0.34340345235470565,single_maturity_ea_slope
2024-11-01,BE,PSPP,74442.66666666666,0.0,2.626270587515031,0.34340345235470565,single_maturity_ea_slope
2024-12-01,BE,PSPP,74419.55555555555,0.0,2.507559322796504,0.34340345235470565,single_maturity_ea_slope
2025-01-01,BE,PSPP,74419.55555555555,0.0,2.7651454915053946,0.34340345235470565,single_maturity_ea_slope
2025-02-01,BE,PSPP,74419.55555555555,0.0,2.663448208268558,0.34340345235470565,single_maturity_ea_slope
2025-03-01,BE,PSPP,74419.55555555555,0.0,2.8267812291950474,0.34340345235470565,single_maturity_ea_slope
2025-04-01,BE,PSPP,74419.55555555555,0.0,2.541212633621667,0.34340345235470565,single_maturity_ea_slope
2025-05-01,BE,PSPP,74419.55555555555,0.0,2.5301943736916197,0.34340345235470565,single_maturity_ea_slope
2025-06-01,BE,PSPP,69231.11111111111,0.0,2.5610998772626434,0.34340345235470565,single_maturity_ea_slope
2025-07-01,BE,PSPP,69231.11111111111,0.0,2.6367656211692383,0.34340345235470565,single_maturity_ea_slope
2025-08-01,BE,PSPP,69231.11111111111,0.0,2.6477947578253334,0.34340345235470565,single_maturity_ea_slope
2025-09-01,BE,PSPP,69231.11111111111,0.0,2.684455542351136,0.34340345235470565,single_maturity_ea_slope
2025-10-01,BE,PSPP,69231.11111111111,0.0,2.6450604592794194,0.34340345235470565,single_maturity_ea_slope
2025-11-01,BE,PSPP,69231.11111111111,0.0,2.6517107075601003,0.34340345235470565,single_maturity_ea_slope
2025-12-01,BE,PSPP,69231.11111111111,0.0,2.755107291409254,0.34340345235470565,single_maturity_ea_slope
2026-01-01,BE,PSPP,69231.11111111111,0.0,2.7768044480915473,0.34340345235470565,single_maturity_ea_slope
2026-02-01,BE,PSPP,69231.11111111111,0.0,2.7172690600129497,0.34340345235470565,single_maturity_ea_slope
2026-03-01,BE,PSPP,66620.44444444444,0.0,3.0687456024060835,0.34340345235470565,single_maturity_ea_slope
2026-04-01,BE,PSPP,66620.44444444444,0.0,3.161258356064721,0.34340345235470565,single_maturity_ea_slope
2026-05-01,BE,PSPP,66578.66666666666,0.0,3.1978489563240626,0.34340345235470565,single_maturity_ea_slope
2026-06-01,BE,PSPP,62133.33333333333,0.0,3.1485814357809354,0.34340345235470565,single_maturity_ea_slope
2026-07-01,BE,PSPP,62133.33333333333,0.0,3.2790083381341493,0.34340345235470565,single_maturity_ea_slope
2026-08-01,BE,PSPP,62133.33333333333,0.0,3.3922867144222857,0.34340345235470565,single_maturity_ea_slope
2020-03-01,CY,PEPP,20.447,20.447,1.1136063083510135,1.1136063083510135,single_maturity_ea_slope
2020-04-01,CY,PEPP,212.471,192.024,1.855742496711101,1.7843235329777034,single_maturity_ea_slope
2020-05-01,CY,PEPP,427.609,215.13799999999998,1.6503347354452227,1.7169112897285133,single_maturity_ea_slope
2020-06-01,CY,PEPP,666.75,239.14100000000002,1.015066744201392,1.4651830460661193,single_maturity_ea_slope
2020-07-01,CY,PEPP,832.104,165.35400000000004,0.8928643934108077,1.3514530573974357,single_maturity_ea_slope
2020-08-01,CY,PEPP,944.118,112.01400000000001,0.823521975282963,1.2888171662991084,single_maturity_ea_slope
2020-09-01,CY,PEPP,1061.4660000000001,117.34800000000007,0.6567398189642043,1.2189392686037923,single_maturity_ea_slope
2020-10-01,CY,PEPP,1190.371,128.90499999999997,0.36784975195450115,1.1267749818867294,single_maturity_ea_slope
2020-11-01,CY,PEPP,1319.276,128.90499999999997,0.20698933564379246,1.0369037428670353,single_maturity_ea_slope
2020-12-01,CY,PEPP,1422.4,103.12400000000002,0.10740676713866187,0.9695152121267283,single_maturity_ea_slope
2021-01-01,CY,PEPP,1521.968,99.56799999999998,0.1178768526668629,0.9138005530966437,single_maturity_ea_slope
2021-02-01,CY,PEPP,1612.646,90.67799999999988,0.17296992324205912,0.8721441450232328,single_maturity_ea_slope
2021-03-01,CY,PEPP,1688.211,75.56500000000005,0.22758444504384584,0.8432933948925071,single_maturity_ea_slope
2021-04-01,CY,PEPP,1761.109,72.89799999999991,0.22717195302482368,0.8177901348051018,single_maturity_ea_slope
2021-05-01,CY,PEPP,1830.451,69.3420000000001,0.32498014745035686,0.7991212766148783,single_maturity_ea_slope
2021-06-01,CY,PEPP,1894.459,64.00800000000004,0.1489819333288609,0.7771550482166646,single_maturity_ea_slope
2021-07-01,CY,PEPP,1956.689,62.23000000000002,0.056009217383270804,0.7542199241101959,single_maturity_ea_slope
2021-08-01,CY,PEPP,2006.473,49.78399999999988,-0.03593599795847177,0.7346148148342343,single_maturity_ea_slope
2021-09-01,CY,PEPP,2051.812,45.33899999999994,0.012007452938003566,0.7186473211354873,single_maturity_ea_slope
2021-10-01,CY,PEPP,2100.707,48.89499999999998,0.1539345753308724,0.7055033511738904,single_maturity_ea_slope
2021-11-01,CY,PEPP,2149.602,48.89499999999998,0.3402137998372663,0.6971944490549845,single_maturity_ea_slope
2021-12-01,CY,PEPP,2184.273,34.67100000000028,0.4632411558251614,0.6934809047180032,single_maturity_ea_slope
2022-01-01,CY,PEPP,2235.835,51.5619999999999,0.6611431106822179,0.6927351424698618,single_maturity_ea_slope
2022-02-01,CY,PEPP,2298.954,63.11900000000014,1.431155365871866,0.713008860900466,single_maturity_ea_slope
2022-03-01,CY,PEPP,2341.626,42.672000000000025,1.7393852241358911,0.7317127581803826,single_maturity_ea_slope
2022-04-01,CY,PEPP,2341.626,0.0,2.1256619053072368,0.7317127581803826,single_maturity_ea_slope
2022-05-01,CY,PEPP,2191.385,0.0,2.558189859238859,0.7317127581803826,single_maturity_ea_slope
2022-06-01,CY,PEPP,2191.385,0.0,3.28105296075314,0.7317127581803826,single_maturity_ea_slope
2022-07-01,CY,PEPP,2191.385,0.0,3.177401920220249,0.7317127581803826,single_maturity_ea_slope
2022-08-01,CY,PEPP,2200.275,8.889999999999873,2.8722384417243845,0.7403613468007624,single_maturity_ea_slope
2022-09-01,CY,PEPP,2207.387,7.11200000000008,3.5868735894503505,0.7495325501600845,single_maturity_ea_slope
2022-10-01,CY,PEPP,2210.943,3.55600000000004,4.008078466279345,0.7547734764425442,single_maturity_ea_slope
2022-11-01,CY,PEPP,2210.943,0.0,4.092463271298805,0.7547734764425442,single_maturity_ea_slope
2022-12-01,CY,PEPP,2216.277,5.333999999999833,4.154904944841949,0.7629567050066821,single_maturity_ea_slope
2023-01-01,CY,PEPP,2216.277,0.0,4.1664193073014975,0.7629567050066821,single_maturity_ea_slope
2023-02-01,CY,PEPP,2216.277,0.0,4.127807717446345,0.7629567050066821,single_maturity_ea_slope
2023-03-01,CY,PEPP,2216.277,0.0,4.131525924156055,0.7629567050066821,single_maturity_ea_slope
2023-04-01,CY,PEPP,2232.279,16.001999999999953,3.9491829247061725,0.7857970363306926,single_maturity_ea_slope
2023-05-01,CY,PEPP,2260.727,28.447999999999865,3.8707827033481186,0.8246171469655952,single_maturity_ea_slope
2023-06-01,CY,PEPP,2278.507,17.7800000000002,3.7719262944518124,0.8476160478433653,single_maturity_ea_slope
2023-07-01,CY,PEPP,2122.043,0.0,3.7433424289118036,0.8476160478433653,single_maturity_ea_slope
2023-08-01,CY,PEPP,2141.601,19.557999999999993,3.7733462156167494,0.8743350448093323,single_maturity_ea_slope
2023-09-01,CY,PEPP,2154.936,13.335000000000036,3.9216267019587856,0.8931920476382275,single_maturity_ea_slope
2023-10-01,CY,PEPP,2178.05,23.114000000000033,4.016451476603756,0.9263368415782699,single_maturity_ea_slope
2023-11-01,CY,PEPP,2186.051,8.000999999999749,3.6885553950732044,0.9364466288826431,single_maturity_ea_slope
2023-12-01,CY,PEPP,2194.052,8.001000000000204,3.1095682869921712,0.9443713026763976,single_maturity_ea_slope
2024-01-01,CY,PEPP,2195.83,1.7779999999997926,3.105568671518523,0.946121260060075,single_maturity_ea_slope
2024-02-01,CY,PEPP,2195.83,0.0,3.204057892708649,0.946121260060075,single_maturity_ea_slope
2024-03-01,CY,PEPP,2195.83,0.0,3.139587488993375,0.946121260060075,single_maturity_ea_slope
2024-04-01,CY,PEPP,2195.83,0.0,3.205324522758024,0.946121260060075,single_maturity_ea_slope
2024-05-01,CY,PEPP,2195.83,0.0,3.246394007448841,0.946121260060075,single_maturity_ea_slope
2024-06-01,CY,PEPP,2095.373,0.0,3.263537138980906,0.946121260060075,single_maturity_ea_slope
2024-07-01,CY,PEPP,2128.266,32.89300000000003,3.135389303116331,0.9799570652368008,single_maturity_ea_slope
2024-08-01,CY,PEPP,2138.934,10.66800000000012,2.8316343148436136,0.9891923632398275,single_maturity_ea_slope
2024-09-01,CY,PEPP,2156.714,17.779999999999745,2.6815736782231374,1.0031443938662354,single_maturity_ea_slope
2024-10-01,CY,PEPP,2179.828,23.114000000000033,2.6557649001799515,1.0206681023344886,single_maturity_ea_slope
2024-11-01,CY,PEPP,2200.275,20.447000000000116,2.6975058428576184,1.0362508368928856,single_maturity_ea_slope
2024-12-01,CY,PEPP,2057.146,0.0,2.5936585071128944,1.0362508368928856,single_maturity_ea_slope
2025-01-01,CY,PEPP,2057.146,0.0,2.805015054435682,1.0362508368928856,single_maturity_ea_slope
2025-02-01,CY,PEPP,2057.146,0.0,2.637930631725975,1.0362508368928856,single_maturity_ea_slope
2025-03-01,CY,PEPP,2057.146,0.0,2.748434532772024,1.0362508368928856,single_maturity_ea_slope
2025-04-01,CY,PEPP,2057.146,0.0,2.4665055106468188,1.0362508368928856,single_maturity_ea_slope
2025-05-01,CY,PEPP,2057.146,0.0,2.4360533229087027,1.0362508368928856,single_maturity_ea_slope
2025-06-01,CY,PEPP,2057.146,0.0,2.440053557826548,1.0362508368928856,single_maturity_ea_slope
2025-07-01,CY,PEPP,2057.146,0.0,2.4442547002592057,1.0362508368928856,single_maturity_ea_slope
2025-08-01,CY,PEPP,2057.146,0.0,2.452071622739774,1.0362508368928856,single_maturity_ea_slope
2025-09-01,CY,PEPP,2057.146,0.0,2.48087565619625,1.0362508368928856,single_maturity_ea_slope
2025-10-01,CY,PEPP,2057.146,0.0,2.4125083120434776,1.0362508368928856,single_maturity_ea_slope
2025-11-01,CY,PEPP,1906.905,0.0,2.471641060748338,1.0362508368928856,single_maturity_ea_slope
2025-12-01,CY,PEPP,1906.905,0.0,2.5959137938266665,1.0362508368928856,single_maturity_ea_slope
2026-01-01,CY,PEPP,1906.905,0.0,2.6708275194185713,1.0362508368928856,single_maturity_ea_slope
2026-02-01,CY,PEPP,1756.664,0.0,2.803559166304037,1.0362508368928856,single_maturity_ea_slope
2026-03-01,CY,PEPP,1756.664,0.0,3.150337676911796,1.0362508368928856,single_maturity_ea_slope
2026-04-01,CY,PEPP,1756.664,0.0,3.177675942953438,1.0362508368928856,single_maturity_ea_slope
2026-05-01,CY,PEPP,1756.664,0.0,3.1613818566924,1.0362508368928856,single_maturity_ea_slope
2026-06-01,CY,PEPP,1756.664,0.0,3.1254726661548635,1.0362508368928856,single_maturity_ea_slope
2026-07-01,CY,PEPP,1756.664,0.0,3.244862685943479,1.0362508368928856,single_maturity_ea_slope
2026-08-01,CY,PEPP,1756.664,0.0,3.3378113100813156,1.0362508368928856,single_maturity_ea_slope
2015-03-01,CY,PSPP,0.0,0.0,5.489731925983347,,single_maturity_ea_slope
2015-04-01,CY,PSPP,0.0,0.0,5.535264506240301,,single_maturity_ea_slope
2015-05-01,CY,PSPP,0.0,0.0,3.078526752287498,,single_maturity_ea_slope
2015-06-01,CY,PSPP,0.0,0.0,2.7363283217631165,,single_maturity_ea_slope
2015-07-01,CY,PSPP,87.1111111111111,87.1111111111111,2.826906741979785,2.826906741979785,single_maturity_ea_slope
2015-08-01,CY,PSPP,87.1111111111111,0.0,2.9096383049086394,2.826906741979785,single_maturity_ea_slope
2015-09-01,CY,PSPP,87.1111111111111,0.0,2.896149376613581,2.826906741979785,single_maturity_ea_slope
2015-10-01,CY,PSPP,167.11111111111111,80.00000000000001,2.902107108961967,2.8629069176627446,single_maturity_ea_slope
2015-11-01,CY,PSPP,253.33333333333331,86.2222222222222,3.224441513912256,2.9859555346318767,single_maturity_ea_slope
2015-12-01,CY,PSPP,253.33333333333331,0.0,3.0720498608988667,2.9859555346318767,single_maturity_ea_slope
2016-01-01,CY,PSPP,253.33333333333331,0.0,3.0318734969643377,2.9859555346318767,single_maturity_ea_slope
2016-02-01,CY,PSPP,253.33333333333331,0.0,3.3325796472199243,2.9859555346318767,single_maturity_ea_slope
2016-03-01,CY,PSPP,239.1111111111111,0.0,3.3442255388416458,2.9859555346318767,single_maturity_ea_slope
2016-04-01,CY,PSPP,239.1111111111111,0.0,3.3656672682045525,2.9859555346318767,single_maturity_ea_slope
2016-05-01,CY,PSPP,239.1111111111111,0.0,3.2730770815194736,2.9859555346318767,single_maturity_ea_slope
2016-06-01,CY,PSPP,239.1111111111111,0.0,3.2849363680327057,2.9859555346318767,single_maturity_ea_slope
2016-07-01,CY,PSPP,239.1111111111111,0.0,3.383346566408134,2.9859555346318767,single_maturity_ea_slope
2016-08-01,CY,PSPP,239.1111111111111,0.0,3.377030882518117,2.9859555346318767,single_maturity_ea_slope
2016-09-01,CY,PSPP,220.44444444444443,0.0,3.1006870677899387,2.9859555346318767,single_maturity_ea_slope
2016-10-01,CY,PSPP,220.44444444444443,0.0,2.8043219489100326,2.9859555346318767,single_maturity_ea_slope
2016-11-01,CY,PSPP,220.44444444444443,0.0,2.7054863704602163,2.9859555346318767,single_maturity_ea_slope
2016-12-01,CY,PSPP,220.44444444444443,0.0,2.6272719715874797,2.9859555346318767,single_maturity_ea_slope
2017-01-01,CY,PSPP,220.44444444444443,0.0,2.522617169196355,2.9859555346318767,single_maturity_ea_slope
2017-02-01,CY,PSPP,220.44444444444443,0.0,2.367722425451216,2.9859555346318767,single_maturity_ea_slope
2017-03-01,CY,PSPP,220.44444444444443,0.0,2.3265814460776637,2.9859555346318767,single_maturity_ea_slope
2017-04-01,CY,PSPP,220.44444444444443,0.0,2.294323984650548,2.9859555346318767,single_maturity_ea_slope
2017-05-01,CY,PSPP,220.44444444444443,0.0,2.066447233612416,2.9859555346318767,single_maturity_ea_slope
2017-06-01,CY,PSPP,190.2222222222222,0.0,1.9568158245721958,2.9859555346318767,single_maturity_ea_slope
2017-07-01,CY,PSPP,190.2222222222222,0.0,1.5732797773960305,2.9859555346318767,single_maturity_ea_slope
2017-08-01,CY,PSPP,190.2222222222222,0.0,1.5285843624986941,2.9859555346318767,single_maturity_ea_slope
2017-09-01,CY,PSPP,189.33333333333331,0.0,1.2129097616802822,2.9859555346318767,single_maturity_ea_slope
2017-10-01,CY,PSPP,189.33333333333331,0.0,0.8209867526349144,2.9859555346318767,single_maturity_ea_slope
2017-11-01,CY,PSPP,189.33333333333331,0.0,0.5419536747360463,2.9859555346318767,single_maturity_ea_slope
2017-12-01,CY,PSPP,189.33333333333331,0.0,0.6143706031273959,2.9859555346318767,single_maturity_ea_slope
2018-01-01,CY,PSPP,189.33333333333331,0.0,0.6765487702035589,2.9859555346318767,single_maturity_ea_slope
2018-02-01,CY,PSPP,189.33333333333331,0.0,0.8184217408377934,2.9859555346318767,single_maturity_ea_slope
2018-03-01,CY,PSPP,189.33333333333331,0.0,0.7783605978997008,2.9859555346318767,single_maturity_ea_slope
2018-04-01,CY,PSPP,189.33333333333331,0.0,1.1006478781833284,2.9859555346318767,single_maturity_ea_slope
2018-05-01,CY,PSPP,189.33333333333331,0.0,1.4801971360352004,2.9859555346318767,single_maturity_ea_slope
2018-06-01,CY,PSPP,189.33333333333331,0.0,1.6011475502199768,2.9859555346318767,single_maturity_ea_slope
2018-07-01,CY,PSPP,189.33333333333331,0.0,1.1410600011567602,2.9859555346318767,single_maturity_ea_slope
2018-08-01,CY,PSPP,189.33333333333331,0.0,1.2899145880856209,2.9859555346318767,single_maturity_ea_slope
2018-09-01,CY,PSPP,189.33333333333331,0.0,1.056887232530674,2.9859555346318767,single_maturity_ea_slope
2018-10-01,CY,PSPP,327.1111111111111,137.77777777777777,1.5246062581066508,2.3704415730519584,single_maturity_ea_slope
2018-11-01,CY,PSPP,447.1111111111111,120.0,1.6546127312243908,2.178320512124082,single_maturity_ea_slope
2018-12-01,CY,PSPP,601.7777777777777,154.66666666666663,1.6954380793410346,2.0542118809508914,single_maturity_ea_slope
2019-01-01,CY,PSPP,653.3333333333333,51.55555555555554,1.590916771742838,2.0176525389997795,single_maturity_ea_slope
2019-02-01,CY,PSPP,703.1111111111111,49.77777777777783,1.4376757924952703,1.9765922383622923,single_maturity_ea_slope
2019-03-01,CY,PSPP,753.7777777777777,50.66666666666663,1.223915184648781,1.925999559044285,single_maturity_ea_slope
2019-04-01,CY,PSPP,857.7777777777777,104.0,0.9982020026838659,1.813510114387115,single_maturity_ea_slope
2019-05-01,CY,PSPP,960.8888888888888,103.11111111111109,0.8700392092135283,1.7122680931103933,single_maturity_ea_slope
2019-06-01,CY,PSPP,1046.2222222222222,85.33333333333337,0.44459070729779454,1.6088721466040132,single_maturity_ea_slope
2019-07-01,CY,PSPP,1170.6666666666665,124.44444444444434,0.3338428862390959,1.473333728645708,single_maturity_ea_slope
2019-08-01,CY,PSPP,1252.4444444444443,81.77777777777783,0.19941313722344983,1.3901536758346025,single_maturity_ea_slope
2019-09-01,CY,PSPP,1395.5555555555554,143.1111111111111,0.26350122721160363,1.2746179788739,single_maturity_ea_slope
2019-10-01,CY,PSPP,1485.3333333333333,89.77777777777783,0.2927980066931543,1.215273982949151,single_maturity_ea_slope
2019-11-01,CY,PSPP,1615.111111111111,129.77777777777783,0.3706337485821122,1.1474052574579086,single_maturity_ea_slope
2019-12-01,CY,PSPP,1728.0,112.88888888888891,0.3545150252788159,1.0956063585449738,single_maturity_ea_slope
2020-01-01,CY,PSPP,1817.7777777777776,89.7777777777776,0.4131761196099788,1.061901979996106,single_maturity_ea_slope
2020-02-01,CY,PSPP,1854.2222222222222,36.44444444444457,0.38544420306431443,1.0486063094044458,single_maturity_ea_slope
2020-03-01,CY,PSPP,1957.3333333333333,103.11111111111109,1.1023018125362296,1.051434955345993,single_maturity_ea_slope
2020-04-01,CY,PSPP,2060.4444444444443,103.11111111111109,1.7143007965339203,1.084606843861006,single_maturity_ea_slope
2020-05-01,CY,PSPP,2142.222222222222,81.77777777777783,1.5237521036116015,1.1013708952705723,single_maturity_ea_slope
2020-06-01,CY,PSPP,2217.777777777778,75.55555555555566,0.8912492583978314,1.0942124427117814,single_maturity_ea_slope
2020-07-01,CY,PSPP,2345.777777777778,128.0,0.8162311068192563,1.0790440787979794,single_maturity_ea_slope
2020-08-01,CY,PSPP,2451.555555555555,105.77777777777737,0.7663313216661003,1.0655513963836598,single_maturity_ea_slope
2020-09-01,CY,PSPP,2570.6666666666665,119.11111111111131,0.5954958986785535,1.0437715081774066,single_maturity_ea_slope
2020-10-01,CY,PSPP,2683.555555555555,112.88888888888869,0.3222997584902139,1.0134214213240533,single_maturity_ea_slope
2020-11-01,CY,PSPP,2790.222222222222,106.66666666666697,0.17745454401301236,0.9814634648801779,single_maturity_ea_slope
2020-12-01,CY,PSPP,2910.222222222222,120.0,0.08586070639222582,0.9445342124684877,single_maturity_ea_slope
2021-01-01,CY,PSPP,2985.777777777778,75.55555555555566,0.10175003168062727,0.923207432067485,single_maturity_ea_slope
2021-02-01,CY,PSPP,3043.555555555555,57.777777777777374,0.15357816373697514,0.9085970633637809,single_maturity_ea_slope
2021-03-01,CY,PSPP,3129.777777777778,86.22222222222263,0.21603117360882046,0.8895175713710994,single_maturity_ea_slope
2021-04-01,CY,PSPP,3206.222222222222,76.44444444444434,0.2141644239910167,0.8734154447632017,single_maturity_ea_slope
2021-05-01,CY,PSPP,3264.8888888888887,58.666666666666515,0.3202063486888477,0.8634748511501041,single_maturity_ea_slope
2021-06-01,CY,PSPP,3341.333333333333,76.44444444444434,0.14730866231560952,0.8470900966303471,single_maturity_ea_slope
2021-07-01,CY,PSPP,3408.0,66.66666666666697,0.05974747297345073,0.8316882456198444,single_maturity_ea_slope
2021-08-01,CY,PSPP,3464.0,56.0,-0.02979489505088681,0.81776126644041,single_maturity_ea_slope
2021-09-01,CY,PSPP,3544.0,80.0,0.017589443667669485,0.7996986970775942,single_maturity_ea_slope
2021-10-01,CY,PSPP,3588.4444444444443,44.44444444444434,0.16341617480278492,0.7918180614289094,single_maturity_ea_slope
2021-11-01,CY,PSPP,3635.555555555555,47.11111111111086,0.35064303824766163,0.7861011234757049,single_maturity_ea_slope
2021-12-01,CY,PSPP,3680.8888888888887,45.333333333333485,0.46866124706666484,0.7821915765795782,single_maturity_ea_slope
2022-01-01,CY,PSPP,3758.222222222222,77.33333333333348,0.6661528571799256,0.7798038356647793,single_maturity_ea_slope
2022-02-01,CY,PSPP,3798.222222222222,40.0,1.4306147893576993,0.7866576837612411,single_maturity_ea_slope
2022-03-01,CY,PSPP,3856.0,57.77777777777783,1.7375909814434227,0.8009063385213476,single_maturity_ea_slope
2022-04-01,CY,PSPP,3950.222222222222,94.22222222222217,2.124725726571757,0.8324825885513528,single_maturity_ea_slope
2022-05-01,CY,PSPP,3730.6666666666665,0.0,2.5598600263990696,0.8324825885513528,single_maturity_ea_slope
2022-06-01,CY,PSPP,3767.111111111111,36.44444444444434,3.2815446500451086,0.8561757326101644,single_maturity_ea_slope
2022-07-01,CY,PSPP,3816.0,48.88888888888914,3.1788851552439596,0.8859332490892837,single_maturity_ea_slope
2022-08-01,CY,PSPP,3845.333333333333,29.33333333333303,2.873937819934551,0.9010983325007246,single_maturity_ea_slope
2022-09-01,CY,PSPP,3907.555555555555,62.22222222222217,3.5868735894503505,0.943865454426674,single_maturity_ea_slope
2022-10-01,CY,PSPP,3955.555555555555,48.0,4.005297641704063,0.9810154180475681,single_maturity_ea_slope
2022-11-01,CY,PSPP,3983.111111111111,27.555555555555657,4.08992392171186,1.0025231537346009,single_maturity_ea_slope
2022-12-01,CY,PSPP,4004.4444444444443,21.333333333333485,4.154138471868611,1.0193131132540718,single_maturity_ea_slope
2023-01-01,CY,PSPP,4018.6666666666665,14.222222222222172,4.166422979178689,1.0304508610653509,single_maturity_ea_slope
2023-02-01,CY,PSPP,4031.111111111111,12.444444444444343,4.127643014118864,1.040012203985472,single_maturity_ea_slope
2023-03-01,CY,PSPP,4034.6666666666665,3.5555555555556566,4.13133728637043,1.0427364384709403,single_maturity_ea_slope
2023-04-01,CY,PSPP,4046.222222222222,11.555555555555657,3.9492488610391274,1.0510371110309988,single_maturity_ea_slope
2023-05-01,CY,PSPP,4062.222222222222,16.0,3.8709854401061086,1.0621441285196973,single_maturity_ea_slope
2023-06-01,CY,PSPP,4069.333333333333,7.1111111111108585,3.771807382781193,1.066879232502679,single_maturity_ea_slope
2023-07-01,CY,PSPP,3816.0,0.0,3.746408511101232,1.066879232502679,single_maturity_ea_slope
2023-08-01,CY,PSPP,3816.0,0.0,3.773096825981934,1.066879232502679,single_maturity_ea_slope
2023-09-01,CY,PSPP,3816.0,0.0,3.921410969955,1.066879232502679,single_maturity_ea_slope
2023-10-01,CY,PSPP,3816.0,0.0,4.014278632206659,1.066879232502679,single_maturity_ea_slope
2023-11-01,CY,PSPP,3816.0,0.0,3.6874557878524543,1.066879232502679,single_maturity_ea_slope
2023-12-01,CY,PSPP,3816.0,0.0,3.1089103140692766,1.066879232502679,single_maturity_ea_slope
2024-01-01,CY,PSPP,3816.0,0.0,3.1024287243617046,1.066879232502679,single_maturity_ea_slope
2024-02-01,CY,PSPP,3816.0,0.0,3.2030745116911485,1.066879232502679,single_maturity_ea_slope
2024-03-01,CY,PSPP,3816.0,0.0,3.141356650530125,1.066879232502679,single_maturity_ea_slope
2024-04-01,CY,PSPP,3816.0,0.0,3.205794594065881,1.066879232502679,single_maturity_ea_slope
2024-05-01,CY,PSPP,3816.0,0.0,3.24833151352308,1.066879232502679,single_maturity_ea_slope
2024-06-01,CY,PSPP,3545.7777777777774,0.0,3.264546629152287,1.066879232502679,single_maturity_ea_slope
2024-07-01,CY,PSPP,3545.7777777777774,0.0,3.1357623772008365,1.066879232502679,single_maturity_ea_slope
2024-08-01,CY,PSPP,3545.7777777777774,0.0,2.828885408332301,1.066879232502679,single_maturity_ea_slope
2024-09-01,CY,PSPP,3545.7777777777774,0.0,2.677638264407602,1.066879232502679,single_maturity_ea_slope
2024-10-01,CY,PSPP,3545.7777777777774,0.0,2.651526030868609,1.066879232502679,single_maturity_ea_slope
2024-11-01,CY,PSPP,3545.7777777777774,0.0,2.6936330102654757,1.066879232502679,single_maturity_ea_slope
2024-12-01,CY,PSPP,3256.8888888888887,0.0,2.596050911784539,1.066879232502679,single_maturity_ea_slope
2025-01-01,CY,PSPP,3256.8888888888887,0.0,2.8077319400149436,1.066879232502679,single_maturity_ea_slope
2025-02-01,CY,PSPP,3256.8888888888887,0.0,2.640715055861569,1.066879232502679,single_maturity_ea_slope
2025-03-01,CY,PSPP,3256.8888888888887,0.0,2.7523649609666667,1.066879232502679,single_maturity_ea_slope
2025-04-01,CY,PSPP,3256.8888888888887,0.0,2.47127178032785,1.066879232502679,single_maturity_ea_slope
2025-05-01,CY,PSPP,3256.8888888888887,0.0,2.4407617865449525,1.066879232502679,single_maturity_ea_slope
2025-06-01,CY,PSPP,3256.8888888888887,0.0,2.445158127879334,1.066879232502679,single_maturity_ea_slope
2025-07-01,CY,PSPP,3256.8888888888887,0.0,2.448821266242548,1.066879232502679,single_maturity_ea_slope
2025-08-01,CY,PSPP,3256.8888888888887,0.0,2.4565660218211134,1.066879232502679,single_maturity_ea_slope
2025-09-01,CY,PSPP,3256.8888888888887,0.0,2.4851963224829543,1.066879232502679,single_maturity_ea_slope
2025-10-01,CY,PSPP,3256.8888888888887,0.0,2.416519691673912,1.066879232502679,single_maturity_ea_slope
2025-11-01,CY,PSPP,2987.555555555555,0.0,2.4828062875516625,1.066879232502679,single_maturity_ea_slope
2025-12-01,CY,PSPP,2987.555555555555,0.0,2.6082109650382734,1.066879232502679,single_maturity_ea_slope
2026-01-01,CY,PSPP,2987.555555555555,0.0,2.6825781797910713,1.066879232502679,single_maturity_ea_slope
2026-02-01,CY,PSPP,2698.6666666666665,0.0,2.8317178692474245,1.066879232502679,single_maturity_ea_slope
2026-03-01,CY,PSPP,2698.6666666666665,0.0,3.171675937313205,1.066879232502679,single_maturity_ea_slope
2026-04-01,CY,PSPP,2698.6666666666665,0.0,3.1984127963533124,1.066879232502679,single_maturity_ea_slope
2026-05-01,CY,PSPP,2698.6666666666665,0.0,3.180793888590619,1.066879232502679,single_maturity_ea_slope
2026-06-01,CY,PSPP,2698.6666666666665,0.0,3.142903804846557,1.066879232502679,single_maturity_ea_slope
2026-07-01,CY,PSPP,2698.6666666666665,0.0,3.2618769106901526,1.066879232502679,single_maturity_ea_slope
2026-08-01,CY,PSPP,2698.6666666666665,0.0,3.355492873366941,1.066879232502679,single_maturity_ea_slope
2020-03-01,DE,PEPP,2771.902,2771.902,-0.7142781146587871,-0.7142781146587871,single_maturity_ea_slope
2020-04-01,DE,PEPP,18359.628,15587.726,-0.7577723026567762,-0.7512056322046297,single_maturity_ea_slope
2020-05-01,DE,PEPP,41559.861,23200.232999999997,-0.7914183340078728,-0.7736538317160467,single_maturity_ea_slope
2020-06-01,DE,PEPP,64739.647000000004,23179.786000000007,-0.7293627384584223,-0.7577955731219309,single_maturity_ea_slope
2020-07-01,DE,PEPP,82690.335,17950.688000000002,-0.7669804877825122,-0.759789464395666,single_maturity_ea_slope
2020-08-01,DE,PEPP,95347.028,12656.693,-0.7574430941845947,-0.7594779991297966,single_maturity_ea_slope
2020-09-01,DE,PEPP,111167.672,15820.644,-0.7591085433989682,-0.7594254206464476,single_maturity_ea_slope
2020-10-01,DE,PEPP,126987.427,15819.75499999999,-0.81967683991755,-0.7669313817781045,single_maturity_ea_slope
2020-11-01,DE,PEPP,142790.291,15802.864000000001,-0.8235139309609504,-0.7731934765133118,single_maturity_ea_slope
2020-12-01,DE,PEPP,155461.208,12670.917000000016,-0.8157996885942836,-0.7766661098725122,single_maturity_ea_slope
2021-01-01,DE,PEPP,167798.75,12337.541999999987,-0.7828107435441999,-0.7771178991498403,single_maturity_ea_slope
2021-02-01,DE,PEPP,180456.332,12657.581999999995,-0.7392852442580737,-0.7744642381435297,single_maturity_ea_slope
2021-03-01,DE,PEPP,196041.391,15585.059000000008,-0.716615035813469,-0.76986529489579,single_maturity_ea_slope
2021-04-01,DE,PEPP,214448.136,18406.744999999995,-0.7052478029043323,-0.764318976238927,single_maturity_ea_slope
2021-05-01,DE,PEPP,232150.793,17702.657000000007,-0.6480888851756047,-0.7554558515061471,single_maturity_ea_slope
2021-06-01,DE,PEPP,248910.221,16759.427999999985,-0.6773966892069856,-0.7502000331430551,single_maturity_ea_slope
2021-07-01,DE,PEPP,267758.799,18848.57800000001,-0.7737340311779153,-0.7518566823335525,single_maturity_ea_slope
2021-08-01,DE,PEPP,281924.125,14165.326000000001,-0.8301131101736432,-0.7557886899684094,single_maturity_ea_slope
2021-09-01,DE,PEPP,297370.5,15446.375,-0.7125164454238323,-0.7535409911673272,single_maturity_ea_slope
2021-10-01,DE,PEPP,311608.724,14238.223999999987,-0.5927727541898193,-0.7461950666348329,single_maturity_ea_slope
2021-11-01,DE,PEPP,325934.95900000003,14326.235000000044,-0.6590545590727068,-0.7423648687536836,single_maturity_ea_slope
2021-12-01,DE,PEPP,337114.134,11179.174999999988,-0.6684291555629371,-0.7399130573546718,single_maturity_ea_slope
2022-01-01,DE,PEPP,348995.619,11881.484999999986,-0.45018853075934706,-0.7300494446630912,single_maturity_ea_slope
2022-02-01,DE,PEPP,358363.012,9367.392999999982,-0.15641768964450123,-0.7150550565521361,single_maturity_ea_slope
2022-03-01,DE,PEPP,363549.438,5186.426000000036,-0.05075236619283119,-0.7055780600696124,single_maturity_ea_slope
2022-04-01,DE,PEPP,364193.963,644.5249999999651,0.49024740299796143,-0.7034617718142149,single_maturity_ea_slope
2022-05-01,DE,PEPP,366706.277,2512.314000000013,0.6511599199494714,-0.6941812242632887,single_maturity_ea_slope
2022-06-01,DE,PEPP,363806.359,0.0,1.1772345524301677,-0.6941812242632887,single_maturity_ea_slope
2022-07-01,DE,PEPP,354012.246,0.0,0.6847848627682472,-0.6941812242632887,single_maturity_ea_slope
2022-08-01,DE,PEPP,352815.652,0.0,0.7172989207997034,-0.6941812242632887,single_maturity_ea_slope
2022-09-01,DE,PEPP,351292.795,0.0,1.614951878482865,-0.6941812242632887,single_maturity_ea_slope
2022-10-01,DE,PEPP,351260.791,0.0,1.8984181008896144,-0.6941812242632887,single_maturity_ea_slope
2022-11-01,DE,PEPP,353560.634,2299.8429999999935,1.9219085288714846,-0.6771640704075267,single_maturity_ea_slope
2022-12-01,DE,PEPP,350556.703,0.0,2.0253419583485304,-0.6771640704075267,single_maturity_ea_slope
2023-01-01,DE,PEPP,354086.922,3530.219000000041,2.1686965340294906,-0.6487910621066577,single_maturity_ea_slope
2023-02-01,DE,PEPP,352547.174,0.0,2.3753291694012493,-0.6487910621066577,single_maturity_ea_slope
2023-03-01,DE,PEPP,354644.325,2097.1510000000126,2.370703811635227,-0.6309356045465722,single_maturity_ea_slope
2023-04-01,DE,PEPP,351531.936,0.0,2.295523492610308,-0.6309356045465722,single_maturity_ea_slope
2023-05-01,DE,PEPP,352444.05,912.1140000000014,2.229821234626711,-0.6235320567675539,single_maturity_ea_slope
2023-06-01,DE,PEPP,350794.066,0.0,2.3722444015611757,-0.6235320567675539,single_maturity_ea_slope
2023-07-01,DE,PEPP,353453.065,2658.9990000000107,2.4959856343639104,-0.6000641759013887,single_maturity_ea_slope
2023-08-01,DE,PEPP,352130.233,0.0,2.47654334922142,-0.6000641759013887,single_maturity_ea_slope
2023-09-01,DE,PEPP,349656.146,0.0,2.590267620318405,-0.6000641759013887,single_maturity_ea_slope
2023-10-01,DE,PEPP,350917.637,1261.49099999998,2.6920195478829347,-0.5882296781420175,single_maturity_ea_slope
2023-11-01,DE,PEPP,350385.126,0.0,2.4972318288967688,-0.5882296781420175,single_maturity_ea_slope
2023-12-01,DE,PEPP,348906.719,0.0,1.9865802054721757,-0.5882296781420175,single_maturity_ea_slope
2024-01-01,DE,PEPP,349824.167,917.4480000000331,1.997506718371,-0.5814483322280054,single_maturity_ea_slope
2024-02-01,DE,PEPP,349169.863,0.0,2.211559569050762,-0.5814483322280054,single_maturity_ea_slope
2024-03-01,DE,PEPP,349549.466,379.6030000000028,2.2894678324443873,-0.5783305806796218,single_maturity_ea_slope
2024-04-01,DE,PEPP,348079.949,0.0,2.3538864113858455,-0.5783305806796218,single_maturity_ea_slope
2024-05-01,DE,PEPP,348257.749,177.79999999998836,2.463527964655966,-0.5767775859482379,single_maturity_ea_slope
2024-06-01,DE,PEPP,345732.989,0.0,2.4182532654155686,-0.5767775859482379,single_maturity_ea_slope
2024-07-01,DE,PEPP,346326.841,593.8520000000135,2.3579001079562607,-0.5717454486387286,single_maturity_ea_slope
2024-08-01,DE,PEPP,342785.065,0.0,1.988646641443364,-0.5717454486387286,single_maturity_ea_slope
2024-09-01,DE,PEPP,340574.12200000003,0.0,1.891922877962923,-0.5717454486387286,single_maturity_ea_slope
2024-10-01,DE,PEPP,337719.543,0.0,1.923840439401919,-0.5717454486387286,single_maturity_ea_slope
2024-11-01,DE,PEPP,338234.274,514.7309999999707,2.013138623951127,-0.5678117255779834,single_maturity_ea_slope
2024-12-01,DE,PEPP,336466.942,0.0,1.8876692673717934,-0.5678117255779834,single_maturity_ea_slope
2025-01-01,DE,PEPP,332480.666,0.0,2.158085876816133,-0.5678117255779834,single_maturity_ea_slope
2025-02-01,DE,PEPP,324887.717,0.0,2.077194295237825,-0.5678117255779834,single_maturity_ea_slope
2025-03-01,DE,PEPP,319167.002,0.0,2.293532084822738,-0.5678117255779834,single_maturity_ea_slope
2025-04-01,DE,PEPP,313269.376,0.0,1.974554085536544,-0.5678117255779834,single_maturity_ea_slope
2025-05-01,DE,PEPP,311966.991,0.0,2.0191755865474525,-0.5678117255779834,single_maturity_ea_slope
2025-06-01,DE,PEPP,307534.437,0.0,2.0200819603329054,-0.5678117255779834,single_maturity_ea_slope
2025-07-01,DE,PEPP,307162.835,0.0,2.0894032597723684,-0.5678117255779834,single_maturity_ea_slope
2025-08-01,DE,PEPP,301987.966,0.0,2.1332623576220775,-0.5678117255779834,single_maturity_ea_slope
2025-09-01,DE,PEPP,299052.488,0.0,2.1607939284103637,-0.5678117255779834,single_maturity_ea_slope
2025-10-01,DE,PEPP,294915.082,0.0,2.118964928699999,-0.5678117255779834,single_maturity_ea_slope
2025-11-01,DE,PEPP,294220.773,0.0,2.1581540195184123,-0.5678117255779834,single_maturity_ea_slope
2025-12-01,DE,PEPP,292858.825,0.0,2.3088894770957067,-0.5678117255779834,single_maturity_ea_slope
2026-01-01,DE,PEPP,292275.641,0.0,2.2864446387244044,-0.5678117255779834,single_maturity_ea_slope
2026-02-01,DE,PEPP,287080.325,0.0,2.2280938389399125,-0.5678117255779834,single_maturity_ea_slope
2026-03-01,DE,PEPP,283834.586,0.0,2.503161510173584,-0.5678117255779834,single_maturity_ea_slope
2026-04-01,DE,PEPP,275392.642,0.0,2.6049700101069377,-0.5678117255779834,single_maturity_ea_slope
2026-05-01,DE,PEPP,273984.466,0.0,2.674296693237075,-0.5678117255779834,single_maturity_ea_slope
2026-06-01,DE,PEPP,272162.905,0.0,2.6165091864744126,-0.5678117255779834,single_maturity_ea_slope
2026-07-01,DE,PEPP,271696.18,0.0,2.7251616171338773,-0.5678117255779834,single_maturity_ea_slope
2026-08-01,DE,PEPP,266630.658,0.0,2.8387118139448573,-0.5678117255779834,single_maturity_ea_slope
2015-03-01,DE,PSPP,9840.0,9840.0,-0.06663741988058766,-0.06663741988058766,single_maturity_ea_slope
2015-04-01,DE,PSPP,19749.333333333332,9909.333333333332,-0.14544945743590898,-0.10618178006902594,single_maturity_ea_slope
2015-05-01,DE,PSPP,30544.0,10794.666666666668,0.04575361344678419,-0.0524857373807075,single_maturity_ea_slope
2015-06-01,DE,PSPP,41184.0,10640.0,0.09228093450354691,-0.015084868381861662,single_maturity_ea_slope
2015-07-01,DE,PSPP,51828.44444444444,10644.444444444438,-0.0004491031532802836,-0.012078997926988971,single_maturity_ea_slope
2015-08-01,DE,PSPP,60651.555555555555,8823.111111111117,-0.01449920192796672,-0.012431070163497775,single_maturity_ea_slope
2015-09-01,DE,PSPP,71185.77777777778,10534.222222222226,-0.00015795339206703396,-0.010614868339684957,single_maturity_ea_slope
2015-10-01,DE,PSPP,82025.77777777777,10839.999999999985,-0.09873463447949926,-0.022260210704416198,single_maturity_ea_slope
2015-11-01,DE,PSPP,93495.11111111111,11469.333333333343,-0.1607545550925662,-0.039249738624025074,single_maturity_ea_slope
2015-12-01,DE,PSPP,102777.77777777777,9282.666666666657,-0.14113829154838164,-0.04845209242457906,single_maturity_ea_slope
2016-01-01,DE,PSPP,113752.88888888888,10975.11111111111,-0.24826638952433538,-0.06773058401876131,single_maturity_ea_slope
2016-02-01,DE,PSPP,124810.66666666666,11057.777777777781,-0.41454366241335305,-0.09845697987686974,single_maturity_ea_slope
2016-03-01,DE,PSPP,135842.66666666666,11032.0,-0.4032771252664471,-0.12321191090446404,single_maturity_ea_slope
2016-04-01,DE,PSPP,152718.22222222222,16875.555555555562,-0.39799375568667605,-0.15357565021340366,single_maturity_ea_slope
2016-05-01,DE,PSPP,170116.44444444444,17398.22222222222,-0.37079421005114666,-0.17579112025329344,single_maturity_ea_slope
2016-06-01,DE,PSPP,185128.0,15011.555555555562,-0.4409226292262801,-0.19728995552659767,single_maturity_ea_slope
2016-07-01,DE,PSPP,200458.66666666666,15330.666666666657,-0.5291617714264517,-0.22267082965005136,single_maturity_ea_slope
2016-08-01,DE,PSPP,211452.44444444444,10993.777777777781,-0.48444110510405863,-0.23628071836394202,single_maturity_ea_slope
2016-09-01,DE,PSPP,226730.66666666666,15278.222222222219,-0.47159421727095796,-0.2521372938375879,single_maturity_ea_slope
2016-10-01,DE,PSPP,242744.88888888888,16014.222222222219,-0.3948837671312213,-0.2615544797368515,single_maturity_ea_slope
2016-11-01,DE,PSPP,258113.77777777775,15368.888888888876,-0.2819931076361217,-0.2627714585588641,single_maturity_ea_slope
2016-12-01,DE,PSPP,270174.2222222222,12060.444444444438,-0.31036571139878,-0.26489604260514854,single_maturity_ea_slope
2017-01-01,DE,PSPP,285919.1111111111,15744.888888888934,-0.3197252579605737,-0.26791535775439246,single_maturity_ea_slope
2017-02-01,DE,PSPP,300994.6666666666,15075.555555555504,-0.37835082898753347,-0.27344660553468253,single_maturity_ea_slope
2017-03-01,DE,PSPP,316085.3333333333,15090.666666666686,-0.30080153416228816,-0.2747525949814447,single_maturity_ea_slope
2017-04-01,DE,PSPP,327187.55555555556,11102.222222222248,-0.41458413913341363,-0.2794973991480202,single_maturity_ea_slope
2017-05-01,DE,PSPP,337782.2222222222,10594.666666666628,-0.3302860265197561,-0.28109040358123477,single_maturity_ea_slope
2017-06-01,DE,PSPP,348352.8888888889,10570.666666666686,-0.40606960764381683,-0.28488286102467586,single_maturity_ea_slope
2017-07-01,DE,PSPP,359169.77777777775,10816.888888888876,-0.25852804940786517,-0.28408914984243094,single_maturity_ea_slope
2017-08-01,DE,PSPP,367883.55555555556,8713.77777777781,-0.3661711166356535,-0.2860333629158285,single_maturity_ea_slope
2017-09-01,DE,PSPP,378262.2222222222,10378.666666666628,-0.3920330312886454,-0.28894175598335603,single_maturity_ea_slope
2017-10-01,DE,PSPP,388529.77777777775,10267.555555555562,-0.3854880258690365,-0.2914931542195547,single_maturity_ea_slope
2017-11-01,DE,PSPP,398807.11111111107,10277.333333333314,-0.43906726848809824,-0.2952961665567311,single_maturity_ea_slope
2017-12-01,DE,PSPP,408282.6666666666,9475.555555555562,-0.4055312106353644,-0.2978545369447373,single_maturity_ea_slope
2018-01-01,DE,PSPP,412569.77777777775,4287.111111111124,-0.23873181092630424,-0.29724017857608015,single_maturity_ea_slope
2018-02-01,DE,PSPP,417083.5555555555,4513.777777777752,-0.08077266806852179,-0.29489751551606475,single_maturity_ea_slope
2018-03-01,DE,PSPP,421319.11111111107,4235.555555555562,-0.17946659121367903,-0.29373707897326823,single_maturity_ea_slope
2018-04-01,DE,PSPP,425512.8888888889,4193.77777777781,-0.20516205269862486,-0.2928640995957771,single_maturity_ea_slope
2018-05-01,DE,PSPP,431640.0,6127.111111111124,-0.2622053616241928,-0.29242890013771405,single_maturity_ea_slope
2018-06-01,DE,PSPP,436963.5555555555,5323.555555555504,-0.36842219273008886,-0.2933547313879902,single_maturity_ea_slope
2018-07-01,DE,PSPP,442604.44444444444,5640.888888888934,-0.36559011041001166,-0.2942753541969668,single_maturity_ea_slope
2018-08-01,DE,PSPP,447424.0,4819.555555555562,-0.353124932294596,-0.2949092692553064,single_maturity_ea_slope
2018-09-01,DE,PSPP,453040.0,5616.0,-0.27202189360394524,-0.29462555147838154,single_maturity_ea_slope
2018-10-01,DE,PSPP,455595.5555555555,2555.555555555504,-0.2533191644608205,-0.2943938530661924,single_maturity_ea_slope
2018-11-01,DE,PSPP,457821.3333333333,2225.77777777781,-0.34706857505699956,-0.29464994035859565,single_maturity_ea_slope
2018-12-01,DE,PSPP,460939.5555555555,3118.22222222219,-0.40481083209480345,-0.29539517069626464,single_maturity_ea_slope
2019-01-01,DE,PSPP,459606.2222222222,0.0,-0.45342177938093087,-0.29539517069626464,single_maturity_ea_slope
2019-02-01,DE,PSPP,458093.3333333333,0.0,-0.46374558856106846,-0.29539517069626464,single_maturity_ea_slope
2019-03-01,DE,PSPP,454637.3333333333,0.0,-0.4702173437325182,-0.29539517069626464,single_maturity_ea_slope
2019-04-01,DE,PSPP,456578.6666666666,1941.333333333314,-0.5118132820140557,-0.296315361945027,single_maturity_ea_slope
2019-05-01,DE,PSPP,460893.3333333333,4314.666666666686,-0.5995703099917173,-0.2991542921729296,single_maturity_ea_slope
2019-06-01,DE,PSPP,459898.6666666666,0.0,-0.7110902254251064,-0.2991542921729296,single_maturity_ea_slope
2019-07-01,DE,PSPP,460271.11111111107,372.444444444438,-0.7665831428329775,-0.2995325285523128,single_maturity_ea_slope
2019-08-01,DE,PSPP,461453.3333333333,1182.222222222248,-0.92077461306694,-0.3011241222079216,single_maturity_ea_slope
2019-09-01,DE,PSPP,460539.5555555555,0.0,-0.8527932902395681,-0.3011241222079216,single_maturity_ea_slope
2019-10-01,DE,PSPP,462907.5555555555,2368.0,-0.7422594718683599,-0.30338074665800696,single_maturity_ea_slope
2019-11-01,DE,PSPP,467914.6666666666,5007.111111111124,-0.6434034350562563,-0.30701929766397834,single_maturity_ea_slope
2019-12-01,DE,PSPP,469184.8888888889,1270.222222222248,-0.6200299155536845,-0.307866709957193,single_maturity_ea_slope
2020-01-01,DE,PSPP,469592.0,407.11111111112405,-0.6017279195840222,-0.3081214718857685,single_maturity_ea_slope
2020-02-01,DE,PSPP,472259.5555555555,2667.555555555504,-0.7205692465827811,-0.3104511809193427,single_maturity_ea_slope
2020-03-01,DE,PSPP,474078.2222222222,1818.666666666686,-0.7882206069849914,-0.31228400784285154,single_maturity_ea_slope
2020-04-01,DE,PSPP,474636.44444444444,558.2222222222481,-0.7027275823080241,-0.3127432104227239,single_maturity_ea_slope
2020-05-01,DE,PSPP,480521.77777777775,5885.333333333314,-0.7833487701665932,-0.31850709192757726,single_maturity_ea_slope
2020-06-01,DE,PSPP,480822.2222222222,300.444444444438,-0.6995413403508615,-0.31874518330062723,single_maturity_ea_slope
2020-07-01,DE,PSPP,486000.8888888889,5178.666666666686,-0.7575508401736317,-0.3234209529964159,single_maturity_ea_slope
2020-08-01,DE,PSPP,489745.77777777775,3744.888888888876,-0.7524212256964858,-0.3267013454519763,single_maturity_ea_slope
2020-09-01,DE,PSPP,493245.3333333333,3499.555555555562,-0.7600142067556414,-0.32977568255887024,single_maturity_ea_slope
2020-10-01,DE,PSPP,499653.3333333333,6408.0,-0.8243769269112866,-0.3361188900636941,single_maturity_ea_slope
2020-11-01,DE,PSPP,511333.3333333333,11680.0,-0.8221735943914333,-0.34722146948979843,single_maturity_ea_slope
2020-12-01,DE,PSPP,515836.44444444444,4503.111111111124,-0.80889838611818,-0.3512517827323066,single_maturity_ea_slope
2021-01-01,DE,PSPP,515610.6666666666,0.0,-0.7793138206776048,-0.3512517827323066,single_maturity_ea_slope
2021-02-01,DE,PSPP,522919.11111111107,7308.444444444438,-0.7202853890508116,-0.35640948600343203,single_maturity_ea_slope
2021-03-01,DE,PSPP,527188.4444444444,4269.333333333314,-0.6948080481501518,-0.3591499411035956,single_maturity_ea_slope
2021-04-01,DE,PSPP,532521.7777777778,5333.333333333372,-0.6856880992546127,-0.36242029907982626,single_maturity_ea_slope
2021-05-01,DE,PSPP,538255.1111111111,5733.333333333372,-0.6279562393507935,-0.3652487089288491,single_maturity_ea_slope
2021-06-01,DE,PSPP,541812.4444444444,3557.3333333332557,-0.6630859894001411,-0.36720419462614834,single_maturity_ea_slope
2021-07-01,DE,PSPP,545909.3333333333,4096.888888888876,-0.7617661768691855,-0.3701652661857042,single_maturity_ea_slope
2021-08-01,DE,PSPP,549414.2222222222,3504.8888888889924,-0.824361933690748,-0.3730627318662795,single_maturity_ea_slope
2021-09-01,DE,PSPP,550971.5555555555,1557.3333333332557,-0.695169630168799,-0.37397317416509707,single_maturity_ea_slope
2021-10-01,DE,PSPP,554195.5555555555,3224.0,-0.5635484179030059,-0.3750760169787648,single_maturity_ea_slope
2021-11-01,DE,PSPP,562005.3333333333,7809.777777777752,-0.6304698425447479,-0.37862503850077917,single_maturity_ea_slope
2021-12-01,DE,PSPP,564360.8888888889,2355.5555555556202,-0.6487386753895212,-0.3797524512796081,single_maturity_ea_slope
2022-01-01,DE,PSPP,566144.0,1783.111111111124,-0.4185049272698966,-0.37987450498064773,single_maturity_ea_slope
2022-02-01,DE,PSPP,569517.3333333333,3373.3333333332557,-0.113716477876484,-0.378298012585746,single_maturity_ea_slope
2022-03-01,DE,PSPP,573316.4444444444,3799.111111111124,-0.015555218498384427,-0.3758942786743139,single_maturity_ea_slope
2022-04-01,DE,PSPP,583153.7777777778,9837.333333333372,0.5239119720308933,-0.36071527382016516,single_maturity_ea_slope
2022-05-01,DE,PSPP,592509.3333333333,9355.555555555504,0.6823223396974176,-0.3442460035642855,single_maturity_ea_slope
2022-06-01,DE,PSPP,592650.6666666666,141.33333333337214,1.1923976967180745,-0.3438795499542218,single_maturity_ea_slope
2022-07-01,DE,PSPP,589407.1111111111,0.0,0.6899541551713668,-0.3438795499542218,single_maturity_ea_slope
2022-08-01,DE,PSPP,590478.2222222221,1071.1111111110076,0.7166628823844385,-0.34195575540883194,single_maturity_ea_slope
2022-09-01,DE,PSPP,588816.8888888889,0.0,1.612353780249136,-0.34195575540883194,single_maturity_ea_slope
2022-10-01,DE,PSPP,591640.0,2823.111111111124,1.895081111399275,-0.33128135267296016,single_maturity_ea_slope
2022-11-01,DE,PSPP,594044.4444444444,2404.4444444443798,1.9190870293304347,-0.32217279891967715,single_maturity_ea_slope
2022-12-01,DE,PSPP,591640.0,0.0,2.0240964397668564,-0.32217279891967715,single_maturity_ea_slope
2023-01-01,DE,PSPP,594056.0,2416.0,2.170155974310126,-0.31203660584002946,single_maturity_ea_slope
2023-02-01,DE,PSPP,591245.3333333333,0.0,2.3760428838203276,-0.31203660584002946,single_maturity_ea_slope
2023-03-01,DE,PSPP,588081.7777777778,0.0,2.3710810872064743,-0.31203660584002946,single_maturity_ea_slope
2023-04-01,DE,PSPP,579749.3333333333,0.0,2.295413598722049,-0.31203660584002946,single_maturity_ea_slope
2023-05-01,DE,PSPP,577320.0,0.0,2.229618497868721,-0.31203660584002946,single_maturity_ea_slope
2023-06-01,DE,PSPP,570393.7777777778,0.0,2.372006578219937,-0.31203660584002946,single_maturity_ea_slope
2023-07-01,DE,PSPP,569905.7777777778,0.0,2.495219113816553,-0.31203660584002946,single_maturity_ea_slope
2023-08-01,DE,PSPP,562519.1111111111,0.0,2.4759354491468692,-0.31203660584002946,single_maturity_ea_slope
2023-09-01,DE,PSPP,555978.6666666666,0.0,2.58964915859075,-0.31203660584002946,single_maturity_ea_slope
2023-10-01,DE,PSPP,551072.8888888889,0.0,2.6911538395755734,-0.31203660584002946,single_maturity_ea_slope
2023-11-01,DE,PSPP,548256.8888888889,0.0,2.4915270410502046,-0.31203660584002946,single_maturity_ea_slope
2023-12-01,DE,PSPP,545721.7777777778,0.0,1.9815531819376493,-0.31203660584002946,single_maturity_ea_slope
2024-01-01,DE,PSPP,540163.5555555555,0.0,1.9951667159180908,-0.31203660584002946,single_maturity_ea_slope
2024-02-01,DE,PSPP,532980.4444444444,0.0,2.212687711828726,-0.31203660584002946,single_maturity_ea_slope
2024-03-01,DE,PSPP,529318.2222222222,0.0,2.29773890177375,-0.31203660584002946,single_maturity_ea_slope
2024-04-01,DE,PSPP,519904.0,0.0,2.3558601505228576,-0.31203660584002946,single_maturity_ea_slope
2024-05-01,DE,PSPP,511823.11111111107,0.0,2.464081537820034,-0.31203660584002946,single_maturity_ea_slope
2024-06-01,DE,PSPP,506376.0,0.0,2.4188744901364183,-0.31203660584002946,single_maturity_ea_slope
2024-07-01,DE,PSPP,503627.5555555555,0.0,2.3605777343857968,-0.31203660584002946,single_maturity_ea_slope
2024-08-01,DE,PSPP,496682.6666666666,0.0,1.9873971384836762,-0.31203660584002946,single_maturity_ea_slope
2024-09-01,DE,PSPP,493832.0,0.0,1.892238782827802,-0.31203660584002946,single_maturity_ea_slope
2024-10-01,DE,PSPP,485064.8888888889,0.0,1.922427482964805,-0.31203660584002946,single_maturity_ea_slope
2024-11-01,DE,PSPP,483317.3333333333,0.0,2.0130537132040316,-0.31203660584002946,single_maturity_ea_slope
2024-12-01,DE,PSPP,481504.0,0.0,1.887506963942925,-0.31203660584002946,single_maturity_ea_slope
2025-01-01,DE,PSPP,477505.77777777775,0.0,2.156808678914599,-0.31203660584002946,single_maturity_ea_slope
2025-02-01,DE,PSPP,466982.2222222222,0.0,2.075485147296533,-0.31203660584002946,single_maturity_ea_slope
2025-03-01,DE,PSPP,462533.3333333333,0.0,2.286005272864869,-0.31203660584002946,single_maturity_ea_slope
2025-04-01,DE,PSPP,453842.6666666666,0.0,1.9650215461744818,-0.31203660584002946,single_maturity_ea_slope
2025-05-01,DE,PSPP,452419.5555555555,0.0,2.009319705380584,-0.31203660584002946,single_maturity_ea_slope
2025-06-01,DE,PSPP,448729.77777777775,0.0,2.0079821239236795,-0.31203660584002946,single_maturity_ea_slope
2025-07-01,DE,PSPP,448359.11111111107,0.0,2.076847187073988,-0.31203660584002946,single_maturity_ea_slope
2025-08-01,DE,PSPP,439557.3333333333,0.0,2.1223468690104763,-0.31203660584002946,single_maturity_ea_slope
2025-09-01,DE,PSPP,437458.6666666666,0.0,2.1477657230625,-0.31203660584002946,single_maturity_ea_slope
2025-10-01,DE,PSPP,429853.3333333333,0.0,2.108646857029854,-0.31203660584002946,single_maturity_ea_slope
2025-11-01,DE,PSPP,428513.77777777775,0.0,2.14907335067865,-0.31203660584002946,single_maturity_ea_slope
2025-12-01,DE,PSPP,428439.11111111107,0.0,2.2957473828932304,-0.31203660584002946,single_maturity_ea_slope
2026-01-01,DE,PSPP,427283.5555555555,0.0,2.2740814432047616,-0.31203660584002946,single_maturity_ea_slope
2026-02-01,DE,PSPP,418515.5555555555,0.0,2.2183329161753,-0.31203660584002946,single_maturity_ea_slope
2026-03-01,DE,PSPP,414468.44444444444,0.0,2.496278328620084,-0.31203660584002946,single_maturity_ea_slope
2026-04-01,DE,PSPP,400034.6666666666,0.0,2.599799143481721,-0.31203660584002946,single_maturity_ea_slope
2026-05-01,DE,PSPP,398969.77777777775,0.0,2.6703188647249374,-0.31203660584002946,single_maturity_ea_slope
2026-06-01,DE,PSPP,396458.6666666666,0.0,2.612875860206549,-0.31203660584002946,single_maturity_ea_slope
2026-07-01,DE,PSPP,395325.3333333333,0.0,2.721381062474366,-0.31203660584002946,single_maturity_ea_slope
2026-08-01,DE,PSPP,386953.77777777775,0.0,2.835901964827143,-0.31203660584002946,single_maturity_ea_slope
2020-03-01,EE,PEPP,0.0,0.0,,,missing
2020-04-01,EE,PEPP,0.0,0.0,,,missing
2020-05-01,EE,PEPP,0.0,0.0,,,missing
2020-06-01,EE,PEPP,64.897,64.897,-0.0458342587654712,-0.0458342587654712,single_maturity_ea_slope
2020-07-01,EE,PEPP,144.907,80.01,-0.09915521303304996,-0.07527527645922634,single_maturity_ea_slope
2020-08-01,EE,PEPP,164.465,19.557999999999993,-0.14830611219375656,-0.08396002449252182,single_maturity_ea_slope
2020-09-01,EE,PEPP,170.688,6.222999999999985,-0.14482634401115235,-0.08617910905830523,single_maturity_ea_slope
2020-10-01,EE,PEPP,170.688,0.0,-0.2270690665975938,-0.08617910905830523,single_maturity_ea_slope
2020-11-01,EE,PEPP,183.13400000000001,12.446000000000026,-0.2812608338053575,-0.09943709035179424,single_maturity_ea_slope
2020-12-01,EE,PEPP,183.13400000000001,0.0,-0.31151352457274734,-0.09943709035179424,single_maturity_ea_slope
2021-01-01,EE,PEPP,187.579,4.444999999999993,-0.32728442738363234,-0.10483631634780935,single_maturity_ea_slope
2021-02-01,EE,PEPP,221.361,33.78199999999998,-0.295136172069032,-0.13387806139763447,single_maturity_ea_slope
2021-03-01,EE,PEPP,226.695,5.334000000000003,-0.17504766236156716,-0.13484675789090347,single_maturity_ea_slope
2021-04-01,EE,PEPP,228.473,1.77800000000002,-0.1579800096660803,-0.13502678319654687,single_maturity_ea_slope
2021-05-01,EE,PEPP,225.806,0.0,-0.09739720908606733,-0.13502678319654687,single_maturity_ea_slope
2021-06-01,EE,PEPP,225.806,0.0,-0.11548599953264871,-0.13502678319654687,single_maturity_ea_slope
2021-07-01,EE,PEPP,225.806,0.0,-0.12362001499213857,-0.13502678319654687,single_maturity_ea_slope
2021-08-01,EE,PEPP,225.806,0.0,-0.17903701749465303,-0.13502678319654687,single_maturity_ea_slope
2021-09-01,EE,PEPP,227.584,1.7779999999999916,-0.20220125073750964,-0.13555158372421064,single_maturity_ea_slope
2021-10-01,EE,PEPP,227.584,0.0,-0.06791742400901823,-0.13555158372421064,single_maturity_ea_slope
2021-11-01,EE,PEPP,227.584,0.0,-0.018019809434098505,-0.13555158372421064,single_maturity_ea_slope
2021-12-01,EE,PEPP,227.584,0.0,-0.07624400384746981,-0.13555158372421064,single_maturity_ea_slope
2022-01-01,EE,PEPP,227.584,0.0,0.09722714818858563,-0.13555158372421064,single_maturity_ea_slope
2022-02-01,EE,PEPP,227.584,0.0,0.613316340904363,-0.13555158372421064,single_maturity_ea_slope
2022-03-01,EE,PEPP,227.584,0.0,0.9978543118262715,-0.13555158372421064,single_maturity_ea_slope
2022-04-01,EE,PEPP,227.584,0.0,1.3388106880686081,-0.13555158372421064,single_maturity_ea_slope
2022-05-01,EE,PEPP,227.584,0.0,1.7236310653386504,-0.13555158372421064,single_maturity_ea_slope
2022-06-01,EE,PEPP,227.584,0.0,2.2928674101402295,-0.13555158372421064,single_maturity_ea_slope
2022-07-01,EE,PEPP,227.584,0.0,2.3539817865465777,-0.13555158372421064,single_maturity_ea_slope
2022-08-01,EE,PEPP,227.584,0.0,2.1284247984024405,-0.13555158372421064,single_maturity_ea_slope
2022-09-01,EE,PEPP,227.584,0.0,2.7823559986308086,-0.13555158372421064,single_maturity_ea_slope
2022-10-01,EE,PEPP,227.584,0.0,3.8274674590091973,-0.13555158372421064,single_maturity_ea_slope
2022-11-01,EE,PEPP,227.584,0.0,3.6267876254752522,-0.13555158372421064,single_maturity_ea_slope
2022-12-01,EE,PEPP,227.584,0.0,3.406377933013566,-0.13555158372421064,single_maturity_ea_slope
2023-01-01,EE,PEPP,227.584,0.0,3.7665827058365395,-0.13555158372421064,single_maturity_ea_slope
2023-02-01,EE,PEPP,227.584,0.0,3.8326939161615745,-0.13555158372421064,single_maturity_ea_slope
2023-03-01,EE,PEPP,227.584,0.0,3.945723114886179,-0.13555158372421064,single_maturity_ea_slope
2023-04-01,EE,PEPP,227.584,0.0,3.8271828559398613,-0.13555158372421064,single_maturity_ea_slope
2023-05-01,EE,PEPP,227.584,0.0,3.831355444101585,-0.13555158372421064,single_maturity_ea_slope
2023-06-01,EE,PEPP,227.584,0.0,3.9331039914900283,-0.13555158372421064,single_maturity_ea_slope
2023-07-01,EE,PEPP,227.584,0.0,4.125344661763964,-0.13555158372421064,single_maturity_ea_slope
2023-08-01,EE,PEPP,227.584,0.0,4.081018579025141,-0.13555158372421064,single_maturity_ea_slope
2023-09-01,EE,PEPP,227.584,0.0,4.179601218145464,-0.13555158372421064,single_maturity_ea_slope
2023-10-01,EE,PEPP,227.584,0.0,3.962286594227435,-0.13555158372421064,single_maturity_ea_slope
2023-11-01,EE,PEPP,227.584,0.0,3.57331288188686,-0.13555158372421064,single_maturity_ea_slope
2023-12-01,EE,PEPP,227.584,0.0,3.113174787843018,-0.13555158372421064,single_maturity_ea_slope
2024-01-01,EE,PEPP,227.584,0.0,3.159416746579455,-0.13555158372421064,single_maturity_ea_slope
2024-02-01,EE,PEPP,227.584,0.0,3.4111727090574764,-0.13555158372421064,single_maturity_ea_slope
2024-03-01,EE,PEPP,227.584,0.0,3.4894246390918124,-0.13555158372421064,single_maturity_ea_slope
2024-04-01,EE,PEPP,227.584,0.0,3.608986366943429,-0.13555158372421064,single_maturity_ea_slope
2024-05-01,EE,PEPP,227.584,0.0,3.722659157010943,-0.13555158372421064,single_maturity_ea_slope
2024-06-01,EE,PEPP,227.584,0.0,3.7752793950763164,-0.13555158372421064,single_maturity_ea_slope
2024-07-01,EE,PEPP,227.584,0.0,3.775607438614927,-0.13555158372421064,single_maturity_ea_slope
2024-08-01,EE,PEPP,227.584,0.0,3.4036271661646893,-0.13555158372421064,single_maturity_ea_slope
2024-09-01,EE,PEPP,227.584,0.0,3.206519424799195,-0.13555158372421064,single_maturity_ea_slope
2024-10-01,EE,PEPP,227.584,0.0,3.1184048441088335,-0.13555158372421064,single_maturity_ea_slope
2024-11-01,EE,PEPP,227.584,0.0,3.208713531023555,-0.13555158372421064,single_maturity_ea_slope
2024-12-01,EE,PEPP,227.584,0.0,3.130336820211859,-0.13555158372421064,single_maturity_ea_slope
2025-01-01,EE,PEPP,227.584,0.0,3.1426668084383946,-0.13555158372421064,single_maturity_ea_slope
2025-02-01,EE,PEPP,227.584,0.0,2.8711867705347336,-0.13555158372421064,single_maturity_ea_slope
2025-03-01,EE,PEPP,227.584,0.0,2.9549277767111546,-0.13555158372421064,single_maturity_ea_slope
2025-04-01,EE,PEPP,227.584,0.0,2.743682121374942,-0.13555158372421064,single_maturity_ea_slope
2025-05-01,EE,PEPP,227.584,0.0,2.6385865635462977,-0.13555158372421064,single_maturity_ea_slope
2025-06-01,EE,PEPP,227.584,0.0,2.565402332950072,-0.13555158372421064,single_maturity_ea_slope
2025-07-01,EE,PEPP,227.584,0.0,2.5372984259394995,-0.13555158372421064,single_maturity_ea_slope
2025-08-01,EE,PEPP,227.584,0.0,2.524986962680191,-0.13555158372421064,single_maturity_ea_slope
2025-09-01,EE,PEPP,227.584,0.0,2.590534922769318,-0.13555158372421064,single_maturity_ea_slope
2025-10-01,EE,PEPP,227.584,0.0,2.5992706178964635,-0.13555158372421064,single_maturity_ea_slope
2025-11-01,EE,PEPP,227.584,0.0,2.652195915043675,-0.13555158372421064,single_maturity_ea_slope
2025-12-01,EE,PEPP,227.584,0.0,2.696828443586968,-0.13555158372421064,single_maturity_ea_slope
2026-01-01,EE,PEPP,227.584,0.0,2.558941984137619,-0.13555158372421064,single_maturity_ea_slope
2026-02-01,EE,PEPP,227.584,0.0,2.41914806938955,-0.13555158372421064,single_maturity_ea_slope
2026-03-01,EE,PEPP,227.584,0.0,2.7541808004630832,-0.13555158372421064,single_maturity_ea_slope
2026-04-01,EE,PEPP,227.584,0.0,2.909895663118171,-0.13555158372421064,single_maturity_ea_slope
2026-05-01,EE,PEPP,227.584,0.0,2.9502291484588126,-0.13555158372421064,single_maturity_ea_slope
2026-06-01,EE,PEPP,227.584,0.0,3.170759345447481,-0.13555158372421064,single_maturity_ea_slope
2026-07-01,EE,PEPP,227.584,0.0,3.3116788110077904,-0.13555158372421064,single_maturity_ea_slope
2026-08-01,EE,PEPP,227.584,0.0,3.3836109391262856,-0.13555158372421064,single_maturity_ea_slope
2015-03-01,EE,PSPP,0.0,0.0,,,missing
2015-04-01,EE,PSPP,0.0,0.0,,,missing
2015-05-01,EE,PSPP,0.0,0.0,,,missing
2015-06-01,EE,PSPP,4.444444444444445,4.444444444444445,,,missing
2015-07-01,EE,PSPP,17.77777777777778,13.333333333333334,,,missing
2015-08-01,EE,PSPP,26.666666666666664,8.888888888888886,,,missing
2015-09-01,EE,PSPP,33.77777777777778,7.111111111111114,,,missing
2015-10-01,EE,PSPP,36.44444444444444,2.6666666666666643,,,missing
2015-11-01,EE,PSPP,42.666666666666664,6.222222222222221,,,missing
2015-12-01,EE,PSPP,42.666666666666664,0.0,,,missing
2016-01-01,EE,PSPP,48.0,5.333333333333336,,,missing
2016-02-01,EE,PSPP,54.22222222222222,6.222222222222221,,,missing
2016-03-01,EE,PSPP,54.22222222222222,0.0,,,missing
2016-04-01,EE,PSPP,58.666666666666664,4.444444444444443,,,missing
2016-05-01,EE,PSPP,58.666666666666664,0.0,,,missing
2016-06-01,EE,PSPP,58.666666666666664,0.0,,,missing
2016-07-01,EE,PSPP,58.666666666666664,0.0,,,missing
2016-08-01,EE,PSPP,58.666666666666664,0.0,,,missing
2016-09-01,EE,PSPP,58.666666666666664,0.0,,,missing
2016-10-01,EE,PSPP,58.666666666666664,0.0,,,missing
2016-11-01,EE,PSPP,58.666666666666664,0.0,,,missing
2016-12-01,EE,PSPP,58.666666666666664,0.0,,,missing
2017-01-01,EE,PSPP,58.666666666666664,0.0,,,missing
2017-02-01,EE,PSPP,58.666666666666664,0.0,,,missing
2017-03-01,EE,PSPP,58.666666666666664,0.0,,,missing
2017-04-01,EE,PSPP,58.666666666666664,0.0,,,missing
2017-05-01,EE,PSPP,58.666666666666664,0.0,,,missing
2017-06-01,EE,PSPP,58.666666666666664,0.0,,,missing
2017-07-01,EE,PSPP,58.666666666666664,0.0,,,missing
2017-08-01,EE,PSPP,58.666666666666664,0.0,,,missing
2017-09-01,EE,PSPP,58.666666666666664,0.0,,,missing
2017-10-01,EE,PSPP,58.666666666666664,0.0,,,missing
2017-11-01,EE,PSPP,58.666666666666664,0.0,,,missing
2017-12-01,EE,PSPP,58.666666666666664,0.0,,,missing
2018-01-01,EE,PSPP,58.666666666666664,0.0,,,missing
2018-02-01,EE,PSPP,58.666666666666664,0.0,,,missing
2018-03-01,EE,PSPP,58.666666666666664,0.0,,,missing
2018-04-01,EE,PSPP,58.666666666666664,0.0,,,missing
2018-05-01,EE,PSPP,58.666666666666664,0.0,,,missing
2018-06-01,EE,PSPP,58.666666666666664,0.0,,,missing
2018-07-01,EE,PSPP,7.111111111111111,0.0,,,missing
2018-08-01,EE,PSPP,7.111111111111111,0.0,,,missing
2018-09-01,EE,PSPP,7.111111111111111,0.0,,,missing
2018-10-01,EE,PSPP,7.111111111111111,0.0,,,missing
2018-11-01,EE,PSPP,7.111111111111111,0.0,,,missing
2018-12-01,EE,PSPP,7.111111111111111,0.0,,,missing
2019-01-01,EE,PSPP,7.111111111111111,0.0,,,missing
2019-02-01,EE,PSPP,7.111111111111111,0.0,,,missing
2019-03-01,EE,PSPP,7.111111111111111,0.0,,,missing
2019-04-01,EE,PSPP,7.111111111111111,0.0,,,missing
2019-05-01,EE,PSPP,7.111111111111111,0.0,,,missing
2019-06-01,EE,PSPP,7.111111111111111,0.0,,,missing
2019-07-01,EE,PSPP,7.111111111111111,0.0,,,missing
2019-08-01,EE,PSPP,7.111111111111111,0.0,,,missing
2019-09-01,EE,PSPP,7.111111111111111,0.0,,,missing
2019-10-01,EE,PSPP,7.111111111111111,0.0,,,missing
2019-11-01,EE,PSPP,7.111111111111111,0.0,,,missing
2019-12-01,EE,PSPP,7.111111111111111,0.0,,,missing
2020-01-01,EE,PSPP,7.111111111111111,0.0,,,missing
2020-02-01,EE,PSPP,7.111111111111111,0.0,,,missing
2020-03-01,EE,PSPP,7.111111111111111,0.0,,,missing
2020-04-01,EE,PSPP,7.111111111111111,0.0,,,missing
2020-05-01,EE,PSPP,7.111111111111111,0.0,,,missing
2020-06-01,EE,PSPP,96.0,88.88888888888889,0.0026947706448533504,0.0026947706448533504,single_maturity_ea_slope
2020-07-01,EE,PSPP,131.55555555555554,35.55555555555554,-0.07858596558517993,-0.019272995903804286,single_maturity_ea_slope
2020-08-01,EE,PSPP,164.44444444444443,32.888888888888886,-0.13063420665903047,-0.04154523805484952,single_maturity_ea_slope
2020-09-01,EE,PSPP,199.1111111111111,34.66666666666666,-0.12773581249427224,-0.0565516327117133,single_maturity_ea_slope
2020-10-01,EE,PSPP,200.0,0.8888888888889142,-0.21147116976643104,-0.05724016398751206,single_maturity_ea_slope
2020-11-01,EE,PSPP,233.77777777777777,33.77777777777777,-0.26798409706671356,-0.08768985774040047,single_maturity_ea_slope
2020-12-01,EE,PSPP,250.66666666666666,16.888888888888886,-0.2998371378658919,-0.10198346881268536,single_maturity_ea_slope
2021-01-01,EE,PSPP,269.3333333333333,18.666666666666657,-0.3156416380104112,-0.11679146073728021,single_maturity_ea_slope
2021-02-01,EE,PSPP,288.0,18.666666666666686,-0.28070426988506214,-0.1274154391079698,single_maturity_ea_slope
2021-03-01,EE,PSPP,312.0,24.0,-0.15779541147961046,-0.12975236005963448,single_maturity_ea_slope
2021-04-01,EE,PSPP,330.66666666666663,18.66666666666663,-0.13873264519131437,-0.13025931163964866,single_maturity_ea_slope
2021-05-01,EE,PSPP,344.88888888888886,14.222222222222229,-0.09678048586593738,-0.12887874150465026,single_maturity_ea_slope
2021-06-01,EE,PSPP,353.77777777777777,8.888888888888914,-0.11548599953264871,-0.12854224045007737,single_maturity_ea_slope
2021-07-01,EE,PSPP,353.77777777777777,0.0,-0.12362001499213857,-0.12854224045007737,single_maturity_ea_slope
2021-08-01,EE,PSPP,355.55555555555554,1.7777777777777715,-0.17903701749465303,-0.12879471433530024,single_maturity_ea_slope
2021-09-01,EE,PSPP,359.1111111111111,3.555555555555543,-0.20220125073750964,-0.12952151172542112,single_maturity_ea_slope
2021-10-01,EE,PSPP,361.77777777777777,2.6666666666666856,-0.06791742400901823,-0.12906742754077932,single_maturity_ea_slope
2021-11-01,EE,PSPP,363.55555555555554,1.7777777777777715,-0.018019809434098505,-0.12852440740333834,single_maturity_ea_slope
2021-12-01,EE,PSPP,363.55555555555554,0.0,-0.07624400384746981,-0.12852440740333834,single_maturity_ea_slope
2022-01-01,EE,PSPP,367.1111111111111,3.555555555555543,0.09722714818858563,-0.12633795165910666,single_maturity_ea_slope
2022-02-01,EE,PSPP,368.88888888888886,1.7777777777777715,0.613316340904363,-0.12277335265880078,single_maturity_ea_slope
2022-03-01,EE,PSPP,368.88888888888886,0.0,0.9978543118262715,-0.12277335265880078,single_maturity_ea_slope
2022-04-01,EE,PSPP,382.22222222222223,13.333333333333371,1.3388106880686081,-0.07178786286598404,single_maturity_ea_slope
2022-05-01,EE,PSPP,390.22222222222223,8.0,1.7236310653386504,-0.03497972994151546,single_maturity_ea_slope
2022-06-01,EE,PSPP,396.4444444444444,6.222222222222172,2.2928674101402295,0.0015559875037134314,single_maturity_ea_slope
2022-07-01,EE,PSPP,396.4444444444444,0.0,2.3539817865465777,0.0015559875037134314,single_maturity_ea_slope
2022-08-01,EE,PSPP,396.4444444444444,0.0,2.1284247984024405,0.0015559875037134314,single_maturity_ea_slope
2022-09-01,EE,PSPP,397.3333333333333,0.8888888888889142,2.7823559986308086,0.007777016611380488,single_maturity_ea_slope
2022-10-01,EE,PSPP,434.66666666666663,37.333333333333314,3.8391469222253853,0.3368517324309881,single_maturity_ea_slope
2022-11-01,EE,PSPP,473.77777777777777,39.11111111111114,3.6375093237312415,0.6093262803056808,single_maturity_ea_slope
2022-12-01,EE,PSPP,502.2222222222222,28.4444444444444,3.41107257997526,0.7680092565701523,single_maturity_ea_slope
2023-01-01,EE,PSPP,520.8888888888889,18.666666666666742,3.7664854010909523,0.875463179837963,single_maturity_ea_slope
2023-02-01,EE,PSPP,538.6666666666666,17.777777777777715,3.82989395959442,0.9729691461665585,single_maturity_ea_slope
2023-03-01,EE,PSPP,538.6666666666666,0.0,3.943365142565884,0.9729691461665585,single_maturity_ea_slope
2023-04-01,EE,PSPP,538.6666666666666,0.0,3.8283037736001018,0.9729691461665585,single_maturity_ea_slope
2023-05-01,EE,PSPP,538.6666666666666,0.0,3.836525231430329,0.9729691461665585,single_maturity_ea_slope
2023-06-01,EE,PSPP,538.6666666666666,0.0,3.927039496288443,0.9729691461665585,single_maturity_ea_slope
2023-07-01,EE,PSPP,538.6666666666666,0.0,4.11557152478516,0.9729691461665585,single_maturity_ea_slope
2023-08-01,EE,PSPP,538.6666666666666,0.0,4.081725182990452,0.9729691461665585,single_maturity_ea_slope
2023-09-01,EE,PSPP,538.6666666666666,0.0,4.180212458822857,0.9729691461665585,single_maturity_ea_slope
2023-10-01,EE,PSPP,538.6666666666666,0.0,3.9628426090640447,0.9729691461665585,single_maturity_ea_slope
2023-11-01,EE,PSPP,538.6666666666666,0.0,3.5616683814274546,0.9729691461665585,single_maturity_ea_slope
2023-12-01,EE,PSPP,538.6666666666666,0.0,3.0856204494548027,0.9729691461665585,single_maturity_ea_slope
2024-01-01,EE,PSPP,538.6666666666666,0.0,3.126728988577614,0.9729691461665585,single_maturity_ea_slope
2024-02-01,EE,PSPP,538.6666666666666,0.0,3.368157606603649,0.9729691461665585,single_maturity_ea_slope
2024-03-01,EE,PSPP,538.6666666666666,0.0,3.4302024582138753,0.9729691461665585,single_maturity_ea_slope
2024-04-01,EE,PSPP,538.6666666666666,0.0,3.5531449403240005,0.9729691461665585,single_maturity_ea_slope
2024-05-01,EE,PSPP,538.6666666666666,0.0,3.669499795058341,0.9729691461665585,single_maturity_ea_slope
2024-06-01,EE,PSPP,538.6666666666666,0.0,3.7259939441467913,0.9729691461665585,single_maturity_ea_slope
2024-07-01,EE,PSPP,538.6666666666666,0.0,3.727857247388188,0.9729691461665585,single_maturity_ea_slope
2024-08-01,EE,PSPP,538.6666666666666,0.0,3.366330217655326,0.9729691461665585,single_maturity_ea_slope
2024-09-01,EE,PSPP,538.6666666666666,0.0,3.184430040492302,0.9729691461665585,single_maturity_ea_slope
2024-10-01,EE,PSPP,538.6666666666666,0.0,3.111355578201073,0.9729691461665585,single_maturity_ea_slope
2024-11-01,EE,PSPP,538.6666666666666,0.0,3.213043979125412,0.9729691461665585,single_maturity_ea_slope
2024-12-01,EE,PSPP,538.6666666666666,0.0,3.1344755576480043,0.9729691461665585,single_maturity_ea_slope
2025-01-01,EE,PSPP,538.6666666666666,0.0,3.1554387874537353,0.9729691461665585,single_maturity_ea_slope
2025-02-01,EE,PSPP,538.6666666666666,0.0,2.8896736618204084,0.9729691461665585,single_maturity_ea_slope
2025-03-01,EE,PSPP,538.6666666666666,0.0,2.9903718899322618,0.9729691461665585,single_maturity_ea_slope
2025-04-01,EE,PSPP,538.6666666666666,0.0,2.782379381201717,0.9729691461665585,single_maturity_ea_slope
2025-05-01,EE,PSPP,538.6666666666666,0.0,2.6796202525059765,0.9729691461665585,single_maturity_ea_slope
2025-06-01,EE,PSPP,538.6666666666666,0.0,2.602836879894108,0.9729691461665585,single_maturity_ea_slope
2025-07-01,EE,PSPP,538.6666666666666,0.0,2.579609724250032,0.9729691461665585,single_maturity_ea_slope
2025-08-01,EE,PSPP,538.6666666666666,0.0,2.5649397234607623,0.9729691461665585,single_maturity_ea_slope
2025-09-01,EE,PSPP,538.6666666666666,0.0,2.6273401422045453,0.9729691461665585,single_maturity_ea_slope
2025-10-01,EE,PSPP,538.6666666666666,0.0,2.633196186719594,0.9729691461665585,single_maturity_ea_slope
2025-11-01,EE,PSPP,538.6666666666666,0.0,2.6876872046824,0.9729691461665585,single_maturity_ea_slope
2025-12-01,EE,PSPP,538.6666666666666,0.0,2.738718868857361,0.9729691461665585,single_maturity_ea_slope
2026-01-01,EE,PSPP,538.6666666666666,0.0,2.6009768489044043,0.9729691461665585,single_maturity_ea_slope
2026-02-01,EE,PSPP,538.6666666666666,0.0,2.4574409202353373,0.9729691461665585,single_maturity_ea_slope
2026-03-01,EE,PSPP,538.6666666666666,0.0,2.7792552475508336,0.9729691461665585,single_maturity_ea_slope
2026-04-01,EE,PSPP,538.6666666666666,0.0,2.928090415096509,0.9729691461665585,single_maturity_ea_slope
2026-05-01,EE,PSPP,538.6666666666666,0.0,2.967314091488625,0.9729691461665585,single_maturity_ea_slope
2026-06-01,EE,PSPP,538.6666666666666,0.0,3.1858982048969127,0.9729691461665585,single_maturity_ea_slope
2026-07-01,EE,PSPP,538.6666666666666,0.0,3.3292068371564314,0.9729691461665585,single_maturity_ea_slope
2026-08-01,EE,PSPP,538.6666666666666,0.0,3.401172496112,0.9729691461665585,single_maturity_ea_slope
2020-03-01,ES,PEPP,1378.839,1378.839,0.510645505209257,0.510645505209257,single_maturity_ea_slope
2020-04-01,ES,PEPP,8391.271,7012.432000000001,0.6339263435103193,0.6136690514025803,single_maturity_ea_slope
2020-05-01,ES,PEPP,19906.488,11515.217,0.5380389708188892,0.5699196572528594,single_maturity_ea_slope
2020-06-01,ES,PEPP,31801.308,11894.82,0.30282523335074196,0.47001684522640486,single_maturity_ea_slope
2020-07-01,ES,PEPP,40993.568,9192.259999999998,0.1858401207977886,0.40629401102724,single_maturity_ea_slope
2020-08-01,ES,PEPP,47100.109000000004,6106.541000000005,0.11475249678921334,0.3684955802444876,single_maturity_ea_slope
2020-09-01,ES,PEPP,54255.67,7155.560999999994,0.09012274786170116,0.33178211264086566,single_maturity_ea_slope
2020-10-01,ES,PEPP,61411.231,7155.5610000000015,-0.0012819919493775311,0.2929738933868685,single_maturity_ea_slope
2020-11-01,ES,PEPP,68566.792,7155.5610000000015,-0.06514446422228012,0.25560102412543245,single_maturity_ea_slope
2020-12-01,ES,PEPP,74291.063,5724.270999999993,-0.10459970010111555,0.22784685724981482,single_maturity_ea_slope
2021-01-01,ES,PEPP,79873.094,5582.031000000003,-0.07430328909865376,0.2067307166434213,single_maturity_ea_slope
2021-02-01,ES,PEPP,85597.365,5724.271000000008,0.021531411643222614,0.19434562732632849,single_maturity_ea_slope
2021-03-01,ES,PEPP,92657.803,7060.437999999995,0.062345482418318,0.18428733963830699,single_maturity_ea_slope
2021-04-01,ES,PEPP,100972.62,8314.816999999995,0.09909938079321395,0.17727234598556746,single_maturity_ea_slope
2021-05-01,ES,PEPP,108976.287,8003.667000000001,0.21596527262431853,0.1801141137553942,single_maturity_ea_slope
2021-06-01,ES,PEPP,116557.679,7581.392000000007,0.16495575336879603,0.17912815149916161,single_maturity_ea_slope
2021-07-01,ES,PEPP,125083.189,8525.509999999995,0.08953386466135055,0.17302151962892184,single_maturity_ea_slope
2021-08-01,ES,PEPP,131493.768,6410.5790000000125,-0.00796380168297009,0.16419813037057865,single_maturity_ea_slope
2021-09-01,ES,PEPP,138481.308,6987.539999999979,0.0653664345060701,0.15921124486166155,single_maturity_ea_slope
2021-10-01,ES,PEPP,144922.113,6440.805000000022,0.18630437787229365,0.16041535086693726,single_maturity_ea_slope
2021-11-01,ES,PEPP,151402.034,6479.921000000002,0.22369247533471556,0.16312357582815787,single_maturity_ea_slope
2021-12-01,ES,PEPP,156459.555,5057.520999999979,0.1973005171346367,0.16422833800374553,single_maturity_ea_slope
2022-01-01,ES,PEPP,161462.847,5003.292000000016,0.41460228420488715,0.17198674178091047,single_maturity_ea_slope
2022-02-01,ES,PEPP,165674.929,4212.081999999995,0.8963411735401913,0.19040256535813677,single_maturity_ea_slope
2022-03-01,ES,PEPP,168610.407,2935.478000000003,0.9859502669517999,0.20425291313636595,single_maturity_ea_slope
2022-04-01,ES,PEPP,169377.614,767.2069999999949,1.5118104877848428,0.21017558084009996,single_maturity_ea_slope
2022-05-01,ES,PEPP,169320.718,0.0,1.8306920027089668,0.21017558084009996,single_maturity_ea_slope
2022-06-01,ES,PEPP,169554.525,233.8070000000007,2.422708149169522,0.21322654985554443,single_maturity_ea_slope
2022-07-01,ES,PEPP,174578.264,5023.739000000001,1.9820251736316434,0.2641262576760456,single_maturity_ea_slope
2022-08-01,ES,PEPP,174305.34100000001,0.0,1.8768645568973852,0.2641262576760456,single_maturity_ea_slope
2022-09-01,ES,PEPP,174399.575,94.23399999999674,2.759334762586425,0.2654745033827895,single_maturity_ea_slope
2022-10-01,ES,PEPP,173919.515,0.0,3.038787995793009,0.2654745033827895,single_maturity_ea_slope
2022-11-01,ES,PEPP,173138.973,0.0,2.9384018260259928,0.2654745033827895,single_maturity_ea_slope
2022-12-01,ES,PEPP,172657.135,0.0,3.0338030782835625,0.2654745033827895,single_maturity_ea_slope
2023-01-01,ES,PEPP,171909.486,0.0,3.1805698542663676,0.2654745033827895,single_maturity_ea_slope
2023-02-01,ES,PEPP,172678.471,768.984999999986,3.3870900039608154,0.2793759207500533,single_maturity_ea_slope
2023-03-01,ES,PEPP,174134.653,1456.1820000000007,3.4180628826364963,0.30562284735996664,single_maturity_ea_slope
2023-04-01,ES,PEPP,174544.482,409.8289999999979,3.335798261714111,0.31273767416892495,single_maturity_ea_slope
2023-05-01,ES,PEPP,172741.59,0.0,3.3071937587134443,0.31273767416892495,single_maturity_ea_slope
2023-06-01,ES,PEPP,173205.64800000002,464.0580000000191,3.3876555530420682,0.32097609051106507,single_maturity_ea_slope
2023-07-01,ES,PEPP,170321.732,0.0,3.5161464151956783,0.32097609051106507,single_maturity_ea_slope
2023-08-01,ES,PEPP,171124.499,802.7670000000217,3.502697473031027,0.33590195410165163,single_maturity_ea_slope
2023-09-01,ES,PEPP,171612.56,488.06099999998696,3.6432244439341783,0.34530788057760486,single_maturity_ea_slope
2023-10-01,ES,PEPP,171127.166,0.0,3.8198718511468805,0.34530788057760486,single_maturity_ea_slope
2023-11-01,ES,PEPP,171566.332,439.16599999999744,3.5383049961342046,0.35348113785310875,single_maturity_ea_slope
2023-12-01,ES,PEPP,171913.04200000002,346.71000000002095,2.9930481318546844,0.3588045517247005,single_maturity_ea_slope
2024-01-01,ES,PEPP,171021.375,0.0,2.995967917239318,0.3588045517247005,single_maturity_ea_slope
2024-02-01,ES,PEPP,172522.007,1500.6320000000123,3.1475343400281486,0.38306149860615785,single_maturity_ea_slope
2024-03-01,ES,PEPP,173998.636,1476.6289999999863,3.1265487159087497,0.40634393851102163,single_maturity_ea_slope
2024-04-01,ES,PEPP,172265.975,0.0,3.1780872901624884,0.40634393851102163,single_maturity_ea_slope
2024-05-01,ES,PEPP,171109.386,0.0,3.2408374768955115,0.40634393851102163,single_maturity_ea_slope
2024-06-01,ES,PEPP,171837.477,728.0910000000149,3.280846019622275,0.4185234649523835,single_maturity_ea_slope
2024-07-01,ES,PEPP,170002.581,0.0,3.173509559095831,0.4185234649523835,single_maturity_ea_slope
2024-08-01,ES,PEPP,170257.72400000002,255.14300000001094,2.857893360977301,0.4221790298146362,single_maturity_ea_slope
2024-09-01,ES,PEPP,170580.431,322.7069999999949,2.7225484952648698,0.42653090842541913,single_maturity_ea_slope
2024-10-01,ES,PEPP,167516.937,0.0,2.6753249311682503,0.42653090842541913,single_maturity_ea_slope
2024-11-01,ES,PEPP,168017.444,500.50699999998324,2.7766185576763687,0.4335315822308343,single_maturity_ea_slope
2024-12-01,ES,PEPP,168094.787,77.34300000002258,2.607455985650131,0.43453183832523484,single_maturity_ea_slope
2025-01-01,ES,PEPP,164671.248,0.0,2.865526686112671,0.43453183832523484,single_maturity_ea_slope
2025-02-01,ES,PEPP,164671.248,0.0,2.7844457614344376,0.43453183832523484,single_maturity_ea_slope
2025-03-01,ES,PEPP,164664.136,0.0,2.9498207699341665,0.43453183832523484,single_maturity_ea_slope
2025-04-01,ES,PEPP,161287.714,0.0,2.7020866248986066,0.43453183832523484,single_maturity_ea_slope
2025-05-01,ES,PEPP,161287.714,0.0,2.6781260556379527,0.43453183832523484,single_maturity_ea_slope
2025-06-01,ES,PEPP,158889.192,0.0,2.6708880537366197,0.43453183832523484,single_maturity_ea_slope
2025-07-01,ES,PEPP,155290.52,0.0,2.7231494028857495,0.43453183832523484,single_maturity_ea_slope
2025-08-01,ES,PEPP,155290.52,0.0,2.7260489154172918,0.43453183832523484,single_maturity_ea_slope
2025-09-01,ES,PEPP,155180.284,0.0,2.734114594697068,0.43453183832523484,single_maturity_ea_slope
2025-10-01,ES,PEPP,151413.59100000001,0.0,2.6601967916652165,0.43453183832523484,single_maturity_ea_slope
2025-11-01,ES,PEPP,151413.59100000001,0.0,2.6845217301215003,0.43453183832523484,single_maturity_ea_slope
2025-12-01,ES,PEPP,151413.59100000001,0.0,2.7742751040325593,0.43453183832523484,single_maturity_ea_slope
2026-01-01,ES,PEPP,151413.59100000001,0.0,2.767412229694821,0.43453183832523484,single_maturity_ea_slope
2026-02-01,ES,PEPP,148213.191,0.0,2.6667656515870997,0.43453183832523484,single_maturity_ea_slope
2026-03-01,ES,PEPP,148166.963,0.0,2.9791448218240837,0.43453183832523484,single_maturity_ea_slope
2026-04-01,ES,PEPP,144896.332,0.0,3.0529700101069377,0.43453183832523484,single_maturity_ea_slope
2026-05-01,ES,PEPP,144802.098,0.0,3.1195152111682996,0.43453183832523484,single_maturity_ea_slope
2026-06-01,ES,PEPP,143529.05,0.0,3.0649036320964353,0.43453183832523484,single_maturity_ea_slope
2026-07-01,ES,PEPP,139813.919,0.0,3.1923103890807067,0.43453183832523484,single_maturity_ea_slope
2026-08-01,ES,PEPP,139813.919,0.0,3.2851680572979585,0.43453183832523484,single_maturity_ea_slope
2015-03-01,ES,PSPP,4841.777777777777,4841.777777777777,1.1353121482662318,1.1353121482662318,single_maturity_ea_slope
2015-04-01,ES,PSPP,9704.888888888889,4863.111111111111,1.1384296604765427,1.1368743308365388,single_maturity_ea_slope
2015-05-01,ES,PSPP,14957.333333333332,5252.444444444443,1.507722317047513,1.2671019858267716,single_maturity_ea_slope
2015-06-01,ES,PSPP,20215.11111111111,5257.777777777777,1.8819517732152822,1.427019165160297,single_maturity_ea_slope
2015-07-01,ES,PSPP,25451.555555555555,5236.444444444445,1.7182322965372783,1.4869338285536473,single_maturity_ea_slope
2015-08-01,ES,PSPP,29791.11111111111,4339.555555555555,1.6042519565754052,1.5040231050269344,single_maturity_ea_slope
2015-09-01,ES,PSPP,34936.88888888889,5145.777777777781,1.663951198921167,1.5275785633913175,single_maturity_ea_slope
2015-10-01,ES,PSPP,40307.555555555555,5370.666666666664,1.3828190054628486,1.5082904839795985,single_maturity_ea_slope
2015-11-01,ES,PSPP,45937.777777777774,5630.222222222219,1.348273709983307,1.4886785210056723,single_maturity_ea_slope
2015-12-01,ES,PSPP,50504.0,4566.222222222226,1.3083741918244833,1.4723766511603131,single_maturity_ea_slope
2016-01-01,ES,PSPP,55932.44444444444,5428.444444444438,1.355156241777875,1.460999989789476,single_maturity_ea_slope
2016-02-01,ES,PSPP,61376.88888888888,5444.444444444445,1.4056866161021175,1.4560934102034564,single_maturity_ea_slope
2016-03-01,ES,PSPP,66808.88888888889,5432.000000000007,1.2191281029673486,1.4368265795419362,single_maturity_ea_slope
2016-04-01,ES,PSPP,75091.55555555555,8282.666666666657,1.212794971269627,1.4121156900099707,single_maturity_ea_slope
2016-05-01,ES,PSPP,83641.77777777777,8550.222222222219,1.2674496101728345,1.3973273011989205,single_maturity_ea_slope
2016-06-01,ES,PSPP,91853.33333333333,8211.555555555562,1.2288062102866681,1.3822617586639867,single_maturity_ea_slope
2016-07-01,ES,PSPP,99367.11111111111,7513.777777777781,0.9357032400473818,1.348494635557158,single_maturity_ea_slope
2016-08-01,ES,PSPP,104800.0,5432.8888888888905,0.7756067466043756,1.3187958164114464,single_maturity_ea_slope
2016-09-01,ES,PSPP,112344.0,7544.0,0.7798199889202353,1.2826031079215074,single_maturity_ea_slope
2016-10-01,ES,PSPP,120190.22222222222,7846.222222222219,0.7896244906978473,1.2504206249372511,single_maturity_ea_slope
2016-11-01,ES,PSPP,127711.11111111111,7520.8888888888905,1.0887574462718488,1.2409003036935555,single_maturity_ea_slope
2016-12-01,ES,PSPP,133627.55555555556,5916.4444444444525,1.0222924591327853,1.2312213032651909,single_maturity_ea_slope
2017-01-01,ES,PSPP,141440.0,7812.444444444438,1.0136101947806349,1.2192015443884265,single_maturity_ea_slope
2017-02-01,ES,PSPP,148877.3333333333,7437.333333333314,1.2100365018389574,1.2187436944597072,single_maturity_ea_slope
2017-03-01,ES,PSPP,156396.44444444444,7519.111111111124,1.2215343562306755,1.2188778618060558,single_maturity_ea_slope
2017-04-01,ES,PSPP,162262.22222222222,5865.777777777781,1.1279980940950813,1.2155925590745391,single_maturity_ea_slope
2017-05-01,ES,PSPP,167633.77777777778,5371.555555555562,1.0647916612974648,1.2107603861618044,single_maturity_ea_slope
2017-06-01,ES,PSPP,173136.88888888888,5503.111111111095,0.9580922075828124,1.202729393633952,single_maturity_ea_slope
2017-07-01,ES,PSPP,178747.55555555553,5610.666666666657,1.0760908350816676,1.1987543645099137,single_maturity_ea_slope
2017-08-01,ES,PSPP,183268.44444444444,4520.888888888905,0.9650355166697258,1.1929889587657463,single_maturity_ea_slope
2017-09-01,ES,PSPP,188700.44444444444,5432.0,0.9999489017283416,1.1874320370906843,single_maturity_ea_slope
2017-10-01,ES,PSPP,194042.66666666666,5342.222222222219,1.0675608078126686,1.1841318415416602,single_maturity_ea_slope
2017-11-01,ES,PSPP,199363.55555555553,5320.888888888876,0.9487703190451099,1.1778501893789364,single_maturity_ea_slope
2017-12-01,ES,PSPP,204666.66666666666,5303.111111111124,0.9381175372854021,1.171638484699718,single_maturity_ea_slope
2018-01-01,ES,PSPP,207026.66666666666,2360.0,0.9782184531801184,1.1694335935050915,single_maturity_ea_slope
2018-02-01,ES,PSPP,209536.88888888888,2510.222222222219,1.0014091743031193,1.1674206847843724,single_maturity_ea_slope
2018-03-01,ES,PSPP,211988.44444444444,2451.555555555562,0.8453442340443433,1.1636960085917876,single_maturity_ea_slope
2018-04-01,ES,PSPP,214746.66666666666,2758.222222222219,0.7541709050405033,1.1584360375817306,single_maturity_ea_slope
2018-05-01,ES,PSPP,217261.3333333333,2514.666666666657,0.920638703023037,1.155683679297528,single_maturity_ea_slope
2018-06-01,ES,PSPP,220008.88888888888,2747.555555555562,0.8995983880177842,1.1524855877644762,single_maturity_ea_slope
2018-07-01,ES,PSPP,222845.3333333333,2836.444444444438,0.8889369789049062,1.1491310594184747,single_maturity_ea_slope
2018-08-01,ES,PSPP,225336.0,2490.666666666686,0.960911061676168,1.1470506405134757,single_maturity_ea_slope
2018-09-01,ES,PSPP,228039.1111111111,2703.111111111095,1.0239103515170858,1.1455909703639575,single_maturity_ea_slope
2018-10-01,ES,PSPP,228151.1111111111,112.0,1.1481023275582025,1.145592203196024,single_maturity_ea_slope
2018-11-01,ES,PSPP,230403.55555555553,2252.444444444438,1.1545176007381173,1.1456794586294727,single_maturity_ea_slope
2018-12-01,ES,PSPP,231840.88888888888,1437.333333333343,1.0231125496895264,1.1449195861814878,single_maturity_ea_slope
2019-01-01,ES,PSPP,229104.0,0.0,0.9642140185945148,1.1449195861814878,single_maturity_ea_slope
2019-02-01,ES,PSPP,229842.66666666666,738.666666666657,0.9382309200182148,1.1442553316708404,single_maturity_ea_slope
2019-03-01,ES,PSPP,230425.77777777775,583.1111111110949,0.7860957571410911,1.1433489798317658,single_maturity_ea_slope
2019-04-01,ES,PSPP,226672.88888888888,0.0,0.7008109525195109,1.1433489798317658,single_maturity_ea_slope
2019-05-01,ES,PSPP,228109.3333333333,1436.444444444438,0.5360222414959737,1.1395245369363485,single_maturity_ea_slope
2019-06-01,ES,PSPP,228478.22222222222,368.88888888890506,0.19951469581420672,1.1380068466179298,single_maturity_ea_slope
2019-07-01,ES,PSPP,226763.55555555553,0.0,0.07754320775423024,1.1380068466179298,single_maturity_ea_slope
2019-08-01,ES,PSPP,227244.44444444444,480.88888888890506,-0.06641510357575833,1.1354580796511595,single_maturity_ea_slope
2019-09-01,ES,PSPP,227600.0,355.555555555562,-0.024992383512719873,1.1336452298746877,single_maturity_ea_slope
2019-10-01,ES,PSPP,227080.0,0.0,-0.008851107994510277,1.1336452298746877,single_maturity_ea_slope
2019-11-01,ES,PSPP,229709.3333333333,2629.333333333314,0.1656558187724389,1.122565284676155,single_maturity_ea_slope
2019-12-01,ES,PSPP,230224.0,514.6666666666861,0.19884313921611474,1.1205003001500842,single_maturity_ea_slope
2020-01-01,ES,PSPP,230402.66666666666,178.66666666665697,0.1978223985082291,1.1197848058918,single_maturity_ea_slope
2020-02-01,ES,PSPP,232185.77777777775,1783.111111111095,0.07832354881671427,1.1117867228177383,single_maturity_ea_slope
2020-03-01,ES,PSPP,236992.0,4806.222222222248,0.34231600437950205,1.096181777223342,single_maturity_ea_slope
2020-04-01,ES,PSPP,240792.88888888888,3800.888888888876,0.6309044135741785,1.0888374259432605,single_maturity_ea_slope
2020-05-01,ES,PSPP,245306.66666666666,4513.777777777781,0.534539814168019,1.07863804458806,single_maturity_ea_slope
2020-06-01,ES,PSPP,250129.77777777775,4823.111111111095,0.3039611913787311,1.0637003887382475,single_maturity_ea_slope
2020-07-01,ES,PSPP,248457.77777777775,0.0,0.18905482313432082,1.0637003887382475,single_maturity_ea_slope
2020-08-01,ES,PSPP,249512.88888888888,1055.111111111124,0.11100982291208455,1.059671761576219,single_maturity_ea_slope
2020-09-01,ES,PSPP,252902.22222222222,3389.333333333343,0.0831213363464397,1.046584273143619,single_maturity_ea_slope
2020-10-01,ES,PSPP,256240.88888888888,3338.666666666657,-0.009595165398049527,1.0328228820527272,single_maturity_ea_slope
2020-11-01,ES,PSPP,258451.55555555553,2210.666666666657,-0.07483179315002261,1.023348552275974,single_maturity_ea_slope
2020-12-01,ES,PSPP,260337.77777777775,1886.222222222219,-0.11643408030597605,1.0150904986487586,single_maturity_ea_slope
2021-01-01,ES,PSPP,262221.3333333333,1883.555555555562,-0.08266423637866867,1.0072052438393417,single_maturity_ea_slope
2021-02-01,ES,PSPP,259883.55555555553,0.0,0.006709458048875155,1.0072052438393417,single_maturity_ea_slope
2021-03-01,ES,PSPP,261200.0,1316.444444444467,0.04365554396286481,1.0023489664681757,single_maturity_ea_slope
2021-04-01,ES,PSPP,263992.0,2792.0,0.07717877125250822,0.9925642942620401,single_maturity_ea_slope
2021-05-01,ES,PSPP,265794.6666666666,1802.6666666666279,0.19006289737886184,0.9871215871669089,single_maturity_ea_slope
2021-06-01,ES,PSPP,268236.44444444444,2441.77777777781,0.13764066456984686,0.9793886944806085,single_maturity_ea_slope
2021-07-01,ES,PSPP,265116.44444444444,0.0,0.07492606382383654,0.9793886944806085,single_maturity_ea_slope
2021-08-01,ES,PSPP,266184.0,1067.555555555562,-0.021883634940162794,0.9753729991799998,single_maturity_ea_slope
2021-09-01,ES,PSPP,268638.2222222222,2454.22222222219,0.051665184533253805,0.9669341991209708,single_maturity_ea_slope
2021-10-01,ES,PSPP,271330.6666666666,2692.444444444438,0.17682277840038124,0.9590938354372568,single_maturity_ea_slope
2021-11-01,ES,PSPP,269792.0,0.0,0.21875230977189675,0.9590938354372568,single_maturity_ea_slope
2021-12-01,ES,PSPP,271406.2222222222,1614.2222222221899,0.19820386567488735,0.9545683478202089,single_maturity_ea_slope
2022-01-01,ES,PSPP,270478.2222222222,0.0,0.4246217772003024,0.9545683478202089,single_maturity_ea_slope
2022-02-01,ES,PSPP,271631.1111111111,1152.8888888889342,0.905530974281026,0.9543602175995493,single_maturity_ea_slope
2022-03-01,ES,PSPP,273479.1111111111,1848.0,0.9937253186191625,0.9546262222182884,single_maturity_ea_slope
2022-04-01,ES,PSPP,279712.0,6232.888888888876,1.5286617050234717,0.967417591135619,single_maturity_ea_slope
2022-05-01,ES,PSPP,277572.44444444444,0.0,1.8524041757917031,0.967417591135619,single_maturity_ea_slope
2022-06-01,ES,PSPP,280058.6666666666,2486.22222222219,2.441392342264324,0.9805028094038768,single_maturity_ea_slope
2022-07-01,ES,PSPP,281593.77777777775,1535.111111111124,2.006498551522867,0.9860960347801936,single_maturity_ea_slope
2022-08-01,ES,PSPP,281623.1111111111,29.33333333337214,1.8932918795956628,0.9861905265923523,single_maturity_ea_slope
2022-09-01,ES,PSPP,283264.0,1640.888888888876,2.769727155521341,0.9965221798816367,single_maturity_ea_slope
2022-10-01,ES,PSPP,280033.77777777775,0.0,3.0604784274802155,0.9965221798816367,single_maturity_ea_slope
2022-11-01,ES,PSPP,280624.8888888889,591.111111111124,2.947148474603247,1.000630998885542,single_maturity_ea_slope
2022-12-01,ES,PSPP,281175.1111111111,550.2222222222481,3.0363899245685775,1.0046147078118823,single_maturity_ea_slope
2023-01-01,ES,PSPP,277686.2222222222,0.0,3.180514776108488,1.0046147078118823,single_maturity_ea_slope
2023-02-01,ES,PSPP,278535.1111111111,848.8888888889342,3.385607674013498,1.0118712381123836,single_maturity_ea_slope
2023-03-01,ES,PSPP,279835.55555555556,1300.444444444438,3.4168838964763486,1.023047749775381,single_maturity_ea_slope
2023-04-01,ES,PSPP,280546.6666666666,711.1111111110658,3.3362378372671464,1.0289110708152343,single_maturity_ea_slope
2023-05-01,ES,PSPP,279581.3333333333,0.0,3.309322494672339,1.0289110708152343,single_maturity_ea_slope
2023-06-01,ES,PSPP,279857.77777777775,276.444444444438,3.3851584079590626,1.0312385797780463,single_maturity_ea_slope
2023-07-01,ES,PSPP,275414.2222222222,0.0,3.51308033300625,1.0312385797780463,single_maturity_ea_slope
2023-08-01,ES,PSPP,275414.2222222222,0.0,3.5029052977267066,1.0312385797780463,single_maturity_ea_slope
2023-09-01,ES,PSPP,275414.2222222222,0.0,3.643380250381357,1.0312385797780463,single_maturity_ea_slope
2023-10-01,ES,PSPP,269455.1111111111,0.0,3.8223877762382554,1.0312385797780463,single_maturity_ea_slope
2023-11-01,ES,PSPP,268584.8888888889,0.0,3.5396360996119545,1.0312385797780463,single_maturity_ea_slope
2023-12-01,ES,PSPP,268434.6666666666,0.0,2.9937719020698688,1.0312385797780463,single_maturity_ea_slope
2024-01-01,ES,PSPP,264200.8888888889,0.0,2.9991078643961364,1.0312385797780463,single_maturity_ea_slope
2024-02-01,ES,PSPP,264200.8888888889,0.0,3.1484685519947737,1.0312385797780463,single_maturity_ea_slope
2024-03-01,ES,PSPP,264147.55555555556,0.0,3.124956470525675,1.0312385797780463,single_maturity_ea_slope
2024-04-01,ES,PSPP,259240.88888888888,0.0,3.177664225985417,1.0312385797780463,single_maturity_ea_slope
2024-05-01,ES,PSPP,256644.44444444444,0.0,3.2399148549553978,1.0312385797780463,single_maturity_ea_slope
2024-06-01,ES,PSPP,256644.44444444444,0.0,3.2801471418113186,1.0312385797780463,single_maturity_ea_slope
2024-07-01,ES,PSPP,252566.22222222222,0.0,3.1732043166630537,1.0312385797780463,single_maturity_ea_slope
2024-08-01,ES,PSPP,252566.22222222222,0.0,2.8601424663047386,1.0312385797780463,single_maturity_ea_slope
2024-09-01,ES,PSPP,252215.1111111111,0.0,2.7256968263172983,1.0312385797780463,single_maturity_ea_slope
2024-10-01,ES,PSPP,247435.55555555553,0.0,2.6786218295215165,1.0312385797780463,single_maturity_ea_slope
2024-11-01,ES,PSPP,247435.55555555553,0.0,2.784848326934672,1.0312385797780463,single_maturity_ea_slope
2024-12-01,ES,PSPP,243701.3333333333,0.0,2.6155901615337234,1.0312385797780463,single_maturity_ea_slope
2025-01-01,ES,PSPP,237728.88888888888,0.0,2.8769376055455687,1.0312385797780463,single_maturity_ea_slope
2025-02-01,ES,PSPP,237728.88888888888,0.0,2.7961403428039313,1.0312385797780463,single_maturity_ea_slope
2025-03-01,ES,PSPP,237698.66666666666,0.0,2.9663285683516665,1.0312385797780463,single_maturity_ea_slope
2025-04-01,ES,PSPP,230913.77777777775,0.0,2.729730989048588,1.0312385797780463,single_maturity_ea_slope
2025-05-01,ES,PSPP,230913.77777777775,0.0,2.697901602910203,1.0312385797780463,single_maturity_ea_slope
2025-06-01,ES,PSPP,230096.88888888888,0.0,2.6879032872459057,1.0312385797780463,single_maturity_ea_slope
2025-07-01,ES,PSPP,224152.0,0.0,2.7450689196057927,1.0312385797780463,single_maturity_ea_slope
2025-08-01,ES,PSPP,224152.0,0.0,2.74762203100772,1.0312385797780463,single_maturity_ea_slope
2025-09-01,ES,PSPP,223954.66666666666,0.0,2.7557179261305906,1.0312385797780463,single_maturity_ea_slope
2025-10-01,ES,PSPP,217481.77777777775,0.0,2.683462793521738,1.0312385797780463,single_maturity_ea_slope
2025-11-01,ES,PSPP,217481.77777777775,0.0,2.7076496999283877,1.0312385797780463,single_maturity_ea_slope
2025-12-01,ES,PSPP,217481.77777777775,0.0,2.798869446455774,1.0312385797780463,single_maturity_ea_slope
2026-01-01,ES,PSPP,217481.77777777775,0.0,2.793431549091071,1.0312385797780463,single_maturity_ea_slope
2026-02-01,ES,PSPP,212916.44444444444,0.0,2.691611565948912,1.0312385797780463,single_maturity_ea_slope
2026-03-01,ES,PSPP,212880.88888888888,0.0,2.998101847623682,1.0312385797780463,single_maturity_ea_slope
2026-04-01,ES,PSPP,206858.66666666666,0.0,3.075536585865625,1.0312385797780463,single_maturity_ea_slope
2026-05-01,ES,PSPP,206728.0,0.0,3.1367087251352936,1.0312385797780463,single_maturity_ea_slope
2026-06-01,ES,PSPP,206455.1111111111,0.0,3.0805397640324714,1.0312385797780463,single_maturity_ea_slope
2026-07-01,ES,PSPP,200924.44444444444,0.0,3.2093246138273805,1.0312385797780463,single_maturity_ea_slope
2026-08-01,ES,PSPP,200924.44444444444,0.0,3.302344433061137,1.0312385797780463,single_maturity_ea_slope
2020-03-01,FI,PEPP,176.022,176.022,-0.06509446605244562,-0.06509446605244562,single_maturity_ea_slope
2020-04-01,FI,PEPP,1222.375,1046.353,-0.11334342367855335,-0.10639557378039385,single_maturity_ea_slope
2020-05-01,FI,PEPP,2873.248,1650.873,-0.30740922184390984,-0.2218913486733237,single_maturity_ea_slope
2020-06-01,FI,PEPP,4491.228,1617.98,-0.38176689256529056,-0.2794870513422429,single_maturity_ea_slope
2020-07-01,FI,PEPP,5740.273,1249.045,-0.4140910336887115,-0.30877597734453316,single_maturity_ea_slope
2020-08-01,FI,PEPP,6622.161,881.8879999999999,-0.4556937783097309,-0.3283413496841057,single_maturity_ea_slope
2020-09-01,FI,PEPP,7724.521,1102.3599999999997,-0.5126565878688412,-0.35464482480771853,single_maturity_ea_slope
2020-10-01,FI,PEPP,8826.881,1102.3599999999997,-0.5785214295964308,-0.3826040341881197,single_maturity_ea_slope
2020-11-01,FI,PEPP,9929.241,1102.3600000000006,-0.5931885058826323,-0.40598345444966466,single_maturity_ea_slope
2020-12-01,FI,PEPP,10812.018,882.777,-0.5908438640981588,-0.421076891941932,single_maturity_ea_slope
2021-01-01,FI,PEPP,11649.456,837.4380000000001,-0.5628373150387173,-0.43126754506747933,single_maturity_ea_slope
2021-02-01,FI,PEPP,12554.458,905.0020000000004,-0.46905486042284006,-0.43399148551725675,single_maturity_ea_slope
2021-03-01,FI,PEPP,13645.261,1090.8029999999999,-0.4310789372861996,-0.43375865623329646,single_maturity_ea_slope
2021-04-01,FI,PEPP,14890.75,1245.4889999999996,-0.42161288500034655,-0.43274276217375235,single_maturity_ea_slope
2021-05-01,FI,PEPP,16157.575,1266.8250000000007,-0.31462343328802406,-0.42348168686909415,single_maturity_ea_slope
2021-06-01,FI,PEPP,17324.832,1167.2569999999978,-0.35182910247921184,-0.4186541087028423,single_maturity_ea_slope
2021-07-01,FI,PEPP,18628.995,1304.1630000000005,-0.3753551187609513,-0.41562286946424754,single_maturity_ea_slope
2021-08-01,FI,PEPP,19630.898,1001.9030000000021,-0.4552529584292647,-0.4176454720484145,single_maturity_ea_slope
2021-09-01,FI,PEPP,20706.588,1075.6899999999987,-0.36417023208810667,-0.4148674778722179,single_maturity_ea_slope
2021-10-01,FI,PEPP,21698.712,992.1239999999998,-0.25006661932224117,-0.40733233537214525,single_maturity_ea_slope
2021-11-01,FI,PEPP,22668.611,969.8990000000013,-0.2964157365849268,-0.4025866587073013,single_maturity_ea_slope
2021-12-01,FI,PEPP,23435.818,767.2069999999985,-0.31418844728576256,-0.3996928093613948,single_maturity_ea_slope
2022-01-01,FI,PEPP,23831.423,395.60499999999956,-0.11615534977371728,-0.39498604733966475,single_maturity_ea_slope
2022-02-01,FI,PEPP,24267.922,436.4989999999998,0.2705283122326863,-0.38301566304227946,single_maturity_ea_slope
2022-03-01,FI,PEPP,25053.798,785.8760000000002,0.4325153097677087,-0.357434462986782,single_maturity_ea_slope
2022-04-01,FI,PEPP,24927.56,0.0,0.9678314277334077,-0.357434462986782,single_maturity_ea_slope
2022-05-01,FI,PEPP,23930.102,0.0,1.1985365520129676,-0.357434462986782,single_maturity_ea_slope
2022-06-01,FI,PEPP,24406.606,476.5040000000008,1.8365156453666889,-0.314600731724399,single_maturity_ea_slope
2022-07-01,FI,PEPP,24406.606,0.0,1.3541356206218669,-0.314600731724399,single_maturity_ea_slope
2022-08-01,FI,PEPP,23648.289,0.0,1.347934125249941,-0.314600731724399,single_maturity_ea_slope
2022-09-01,FI,PEPP,23451.82,0.0,2.3775617039296213,-0.314600731724399,single_maturity_ea_slope
2022-10-01,FI,PEPP,23874.095,422.27500000000146,2.638007171217726,-0.2623762389335774,single_maturity_ea_slope
2022-11-01,FI,PEPP,23298.023,0.0,2.569198375245777,-0.2623762389335774,single_maturity_ea_slope
2022-12-01,FI,PEPP,23570.057,272.03399999999965,2.653377933013566,-0.22872403900841526,single_maturity_ea_slope
2023-01-01,FI,PEPP,23960.328,390.27100000000064,2.7505845417751353,-0.1801964170521975,single_maturity_ea_slope
2023-02-01,FI,PEPP,23322.026,0.0,2.943772377340978,-0.1801964170521975,single_maturity_ea_slope
2023-03-01,FI,PEPP,23903.432,581.405999999999,2.9634969692796256,-0.10373199148462053,single_maturity_ea_slope
2023-04-01,FI,PEPP,23456.265,0.0,2.8942158584894946,-0.10373199148462053,single_maturity_ea_slope
2023-05-01,FI,PEPP,23285.577,0.0,2.8810320733253043,-0.10373199148462053,single_maturity_ea_slope
2023-06-01,FI,PEPP,23452.709,167.1319999999978,2.9898016729472046,-0.08168641592216364,single_maturity_ea_slope
2023-07-01,FI,PEPP,23786.973,334.26400000000285,3.1003380453325176,-0.03697134332688874,single_maturity_ea_slope
2023-08-01,FI,PEPP,23693.628,0.0,3.0787528929498746,-0.03697134332688874,single_maturity_ea_slope
2023-09-01,FI,PEPP,23070.439000000002,0.0,3.176524071717214,-0.03697134332688874,single_maturity_ea_slope
2023-10-01,FI,PEPP,23556.722,486.28299999999945,3.3399862113783065,0.03273941908626469,single_maturity_ea_slope
2023-11-01,FI,PEPP,23298.912,0.0,3.092767988648205,0.03273941908626469,single_maturity_ea_slope
2023-12-01,FI,PEPP,23454.487,155.57500000000073,2.552113929146974,0.049450579275046334,single_maturity_ea_slope
2024-01-01,FI,PEPP,23874.095,419.6080000000002,2.6133569780089774,0.09451346589587731,single_maturity_ea_slope
2024-02-01,FI,PEPP,23378.922,0.0,2.763239325722899,0.09451346589587731,single_maturity_ea_slope
2024-03-01,FI,PEPP,23330.027000000002,0.0,2.7879910062929376,0.09451346589587731,single_maturity_ea_slope
2024-04-01,FI,PEPP,23135.336,0.0,2.8513693329472027,0.09451346589587731,single_maturity_ea_slope
2024-05-01,FI,PEPP,23270.464,135.1280000000006,2.9486053427158523,0.11108673779672686,single_maturity_ea_slope
2024-06-01,FI,PEPP,23594.949,324.4850000000006,2.985952143226525,0.15062277159281134,single_maturity_ea_slope
2024-07-01,FI,PEPP,23914.1,319.150999999998,2.9177493517573185,0.1875520817147092,single_maturity_ea_slope
2024-08-01,FI,PEPP,23419.816,0.0,2.5635299963712574,0.1875520817147092,single_maturity_ea_slope
2024-09-01,FI,PEPP,22984.206000000002,0.0,2.443805657645314,0.1875520817147092,single_maturity_ea_slope
2024-10-01,FI,PEPP,22982.428,0.0,2.442273858594377,0.1875520817147092,single_maturity_ea_slope
2024-11-01,FI,PEPP,22080.093,0.0,2.526968268047976,0.1875520817147092,single_maturity_ea_slope
2024-12-01,FI,PEPP,22146.768,66.67499999999927,2.355237329372833,0.19407810907398815,single_maturity_ea_slope
2025-01-01,FI,PEPP,22146.768,0.0,2.6185749976555193,0.19407810907398815,single_maturity_ea_slope
2025-02-01,FI,PEPP,20739.481,0.0,2.509343955224269,0.19407810907398815,single_maturity_ea_slope
2025-03-01,FI,PEPP,20739.481,0.0,2.6803233694066666,0.19407810907398815,single_maturity_ea_slope
2025-04-01,FI,PEPP,20529.677,0.0,2.412180117026194,0.19407810907398815,single_maturity_ea_slope
2025-05-01,FI,PEPP,19986.498,0.0,2.432717904728703,0.19407810907398815,single_maturity_ea_slope
2025-06-01,FI,PEPP,19986.498,0.0,2.4109926237894057,0.19407810907398815,single_maturity_ea_slope
2025-07-01,FI,PEPP,19051.27,0.0,2.5490689196057925,0.19407810907398815,single_maturity_ea_slope
2025-08-01,FI,PEPP,18561.431,0.0,2.6024985071493454,0.19407810907398815,single_maturity_ea_slope
2025-09-01,FI,PEPP,17825.339,0.0,2.627788722254977,0.19407810907398815,single_maturity_ea_slope
2025-10-01,FI,PEPP,17825.339,0.0,2.571926519452173,0.19407810907398815,single_maturity_ea_slope
2025-11-01,FI,PEPP,17825.339,0.0,2.5919801535350375,0.19407810907398815,single_maturity_ea_slope
2025-12-01,FI,PEPP,17825.339,0.0,2.7150043546366667,0.19407810907398815,single_maturity_ea_slope
2026-01-01,FI,PEPP,17825.339,0.0,2.7878248779285713,0.19407810907398815,single_maturity_ea_slope
2026-02-01,FI,PEPP,17825.339,0.0,2.6868935374028498,0.19407810907398815,single_maturity_ea_slope
2026-03-01,FI,PEPP,17825.339,0.0,2.9423778065652733,0.19407810907398815,single_maturity_ea_slope
2026-04-01,FI,PEPP,16677.64,0.0,3.0331031616243127,0.19407810907398815,single_maturity_ea_slope
2026-05-01,FI,PEPP,16677.64,0.0,3.0676753865163184,0.19407810907398815,single_maturity_ea_slope
2026-06-01,FI,PEPP,16677.64,0.0,2.9954835832739204,0.19407810907398815,single_maturity_ea_slope
2026-07-01,FI,PEPP,16677.64,0.0,3.1118300527011096,0.19407810907398815,single_maturity_ea_slope
2026-08-01,FI,PEPP,16677.64,0.0,3.200406683330494,0.19407810907398815,single_maturity_ea_slope
2015-03-01,FI,PSPP,688.0,688.0,0.040726758691486675,0.040726758691486675,single_maturity_ea_slope
2015-04-01,FI,PSPP,1386.6666666666665,698.6666666666665,-0.03549219194758374,0.0023241335618011997,single_maturity_ea_slope
2015-05-01,FI,PSPP,2134.222222222222,747.5555555555557,0.2104570642574104,0.07522700516322035,single_maturity_ea_slope
2015-06-01,FI,PSPP,2877.333333333333,743.1111111111109,0.35873502058577866,0.1484468695108443,single_maturity_ea_slope
2015-07-01,FI,PSPP,3632.8888888888887,755.5555555555557,0.2796862180015103,0.1757415713011712,single_maturity_ea_slope
2015-08-01,FI,PSPP,4243.555555555556,610.666666666667,0.22205488979862154,0.18240626543769162,single_maturity_ea_slope
2015-09-01,FI,PSPP,4976.888888888889,733.333333333333,0.2953243400570277,0.19904448861342874,single_maturity_ea_slope
2015-10-01,FI,PSPP,5727.11111111111,750.2222222222217,0.24668782382604504,0.20528552150485327,single_maturity_ea_slope
2015-11-01,FI,PSPP,6535.11111111111,808.0,0.19731901476100955,0.20430054399803144,single_maturity_ea_slope
2015-12-01,FI,PSPP,7187.555555555555,652.4444444444443,0.23995081020129783,0.20753666759352954,single_maturity_ea_slope
2016-01-01,FI,PSPP,7956.444444444444,768.8888888888896,0.17111646692594795,0.2040171196572701,single_maturity_ea_slope
2016-02-01,FI,PSPP,8737.777777777777,781.333333333333,0.018864666515047035,0.1874607609276654,single_maturity_ea_slope
2016-03-01,FI,PSPP,9512.0,774.2222222222226,0.01725473628320029,0.17360696712658802,single_maturity_ea_slope
2016-04-01,FI,PSPP,10688.888888888889,1176.8888888888887,-0.028856240813612044,0.15131496818165455,single_maturity_ea_slope
2016-05-01,FI,PSPP,11903.111111111111,1214.2222222222226,-0.027923966182846982,0.13303101744295623,single_maturity_ea_slope
2016-06-01,FI,PSPP,12991.11111111111,1087.9999999999982,-0.0842044708231095,0.1148376381998728,single_maturity_ea_slope
2016-07-01,FI,PSPP,14055.11111111111,1064.0,-0.26252444154134935,0.086270574612076,single_maturity_ea_slope
2016-08-01,FI,PSPP,14829.333333333332,774.2222222222226,-0.30262329643825225,0.0659668785331432,single_maturity_ea_slope
2016-09-01,FI,PSPP,15900.444444444443,1071.1111111111113,-0.31994526056849276,0.03997044921642409,single_maturity_ea_slope
2016-10-01,FI,PSPP,17018.666666666664,1118.2222222222208,-0.25179137115015227,0.02080005487707631,single_maturity_ea_slope
2016-11-01,FI,PSPP,18090.666666666664,1072.0,-0.124967533960124,0.012162293864022868,single_maturity_ea_slope
2016-12-01,FI,PSPP,18925.333333333332,834.6666666666679,-0.20061199339393426,0.0027782792223798253,single_maturity_ea_slope
2017-01-01,FI,PSPP,19616.0,690.6666666666679,-0.16692418049457236,-0.0031968345713519167,single_maturity_ea_slope
2017-02-01,FI,PSPP,20261.333333333332,645.3333333333321,-0.2020171231424006,-0.009529357581906497,single_maturity_ea_slope
2017-03-01,FI,PSPP,20910.222222222223,648.8888888888905,-0.19436563429779286,-0.015265222315905706,single_maturity_ea_slope
2017-04-01,FI,PSPP,21509.333333333332,599.1111111111095,-0.2670493252357883,-0.02227830130458247,single_maturity_ea_slope
2017-05-01,FI,PSPP,22074.666666666664,565.3333333333321,-0.17151851648372152,-0.02610035078730504,single_maturity_ea_slope
2017-06-01,FI,PSPP,22646.222222222223,571.5555555555584,-0.07842415342192322,-0.027420922483111437,single_maturity_ea_slope
2017-07-01,FI,PSPP,23227.555555555555,581.3333333333321,0.0766833498002506,-0.024815427321299082,single_maturity_ea_slope
2017-08-01,FI,PSPP,23696.888888888887,469.3333333333321,-0.02450984976254822,-0.024809375145635307,single_maturity_ea_slope
2017-09-01,FI,PSPP,23876.44444444444,179.55555555555475,-0.07235343559371366,-0.025166915825822634,single_maturity_ea_slope
2017-10-01,FI,PSPP,24811.555555555555,935.1111111111131,-0.06074061599543834,-0.02650763637103224,single_maturity_ea_slope
2017-11-01,FI,PSPP,25359.11111111111,547.5555555555547,-0.14088547609153312,-0.028977290031091424,single_maturity_ea_slope
2017-12-01,FI,PSPP,25922.666666666664,563.5555555555547,-0.10916070227665242,-0.030720467460151727,single_maturity_ea_slope
2018-01-01,FI,PSPP,26171.555555555555,248.8888888888905,0.05734335895014053,-0.02988298923460127,single_maturity_ea_slope
2018-02-01,FI,PSPP,26434.666666666664,263.1111111111095,0.1958336248498741,-0.02763637308177151,single_maturity_ea_slope
2018-03-01,FI,PSPP,26683.555555555555,248.8888888888905,0.10168578022975938,-0.026430130271310505,single_maturity_ea_slope
2018-04-01,FI,PSPP,27165.333333333332,481.7777777777774,0.08039328381195276,-0.024535614698092068,single_maturity_ea_slope
2018-05-01,FI,PSPP,27597.333333333332,432.0,0.07227556952525149,-0.023020162785425947,single_maturity_ea_slope
2018-06-01,FI,PSPP,28076.44444444444,479.1111111111095,0.005807420142821318,-0.022528233854940124,single_maturity_ea_slope
2018-07-01,FI,PSPP,28569.777777777777,493.33333333333576,-0.048793659023973146,-0.02298177640087253,single_maturity_ea_slope
2018-08-01,FI,PSPP,29004.44444444444,434.66666666666424,-0.016609819555490346,-0.02288628492378421,single_maturity_ea_slope
2018-09-01,FI,PSPP,28688.888888888887,0.0,0.123132820318406,-0.02288628492378421,single_maturity_ea_slope
2018-10-01,FI,PSPP,29034.666666666664,345.7777777777774,0.17452708166933772,-0.020535262403433844,single_maturity_ea_slope
2018-11-01,FI,PSPP,29336.0,301.33333333333576,0.10228606727777267,-0.019273667070829857,single_maturity_ea_slope
2018-12-01,FI,PSPP,29451.555555555555,115.55555555555475,0.03935844669909028,-0.01904361923966185,single_maturity_ea_slope
2019-01-01,FI,PSPP,29647.11111111111,195.55555555555475,-0.036022817350005454,-0.019155615869178706,single_maturity_ea_slope
2019-02-01,FI,PSPP,29760.888888888887,113.77777777777737,-0.0930145431192525,-0.019437983262267606,single_maturity_ea_slope
2019-03-01,FI,PSPP,29887.11111111111,126.22222222222263,-0.09549072873017184,-0.01975917678623758,single_maturity_ea_slope
2019-04-01,FI,PSPP,30055.11111111111,168.0,-0.10094342683707286,-0.02021297494250186,single_maturity_ea_slope
2019-05-01,FI,PSPP,30216.0,160.8888888888905,-0.19879394382093551,-0.02116385175146243,single_maturity_ea_slope
2019-06-01,FI,PSPP,30328.888888888887,112.88888888888687,-0.33746438854702543,-0.02234117203789373,single_maturity_ea_slope
2019-07-01,FI,PSPP,29236.44444444444,0.0,-0.43835059713463354,-0.02234117203789373,single_maturity_ea_slope
2019-08-01,FI,PSPP,29340.44444444444,104.0,-0.608172742376946,-0.0244177078392046,single_maturity_ea_slope
2019-09-01,FI,PSPP,29401.777777777777,61.33333333333576,-0.5497370899451557,-0.025513545955276554,single_maturity_ea_slope
2019-10-01,FI,PSPP,29747.555555555555,345.7777777777774,-0.46792010627422,-0.03065596369160802,single_maturity_ea_slope
2019-11-01,FI,PSPP,29943.11111111111,195.55555555555475,-0.36241170745917506,-0.03282262828903319,single_maturity_ea_slope
2019-12-01,FI,PSPP,30119.11111111111,176.0,-0.34449160162644965,-0.03464385532010416,single_maturity_ea_slope
2020-01-01,FI,PSPP,30634.666666666664,515.5555555555547,-0.353894288176463,-0.04001657035772857,single_maturity_ea_slope
2020-02-01,FI,PSPP,30811.555555555555,176.8888888888905,-0.4842657258071716,-0.04256700113216933,single_maturity_ea_slope
2020-03-01,FI,PSPP,31109.333333333332,297.7777777777774,-0.3640407245648156,-0.04564413975008854,single_maturity_ea_slope
2020-04-01,FI,PSPP,29947.555555555555,0.0,-0.2110467942259148,-0.04564413975008854,single_maturity_ea_slope
2020-05-01,FI,PSPP,30290.666666666664,343.1111111111095,-0.37622596931102426,-0.04938873540729195,single_maturity_ea_slope
2020-06-01,FI,PSPP,30621.333333333332,330.6666666666679,-0.4336423091767955,-0.05353812521373788,single_maturity_ea_slope
2020-07-01,FI,PSPP,31283.555555555555,662.2222222222226,-0.4362724798107841,-0.06163999184369753,single_maturity_ea_slope
2020-08-01,FI,PSPP,31479.11111111111,195.55555555555475,-0.4756547056544177,-0.06421194748379348,single_maturity_ea_slope
2020-09-01,FI,PSPP,30372.44444444444,0.0,-0.5180667694942704,-0.06421194748379348,single_maturity_ea_slope
2020-10-01,FI,PSPP,30952.888888888887,580.4444444444453,-0.5848279749712855,-0.07397480619234936,single_maturity_ea_slope
2020-11-01,FI,PSPP,31505.777777777777,552.8888888888905,-0.5970634374537293,-0.08315438887614857,single_maturity_ea_slope
2020-12-01,FI,PSPP,31904.888888888887,399.1111111111095,-0.5938654079802508,-0.08954307880392672,single_maturity_ea_slope
2021-01-01,FI,PSPP,32315.555555555555,410.6666666666679,-0.5654501110637219,-0.0955909140096488,single_maturity_ea_slope
2021-02-01,FI,PSPP,32682.666666666664,367.1111111111095,-0.47958624850303433,-0.09990417753080216,single_maturity_ea_slope
2021-03-01,FI,PSPP,33095.11111111111,412.44444444444525,-0.44305966706533617,-0.1041807177957362,single_maturity_ea_slope
2021-04-01,FI,PSPP,32279.11111111111,0.0,-0.4039694675651444,-0.1041807177957362,single_maturity_ea_slope
2021-05-01,FI,PSPP,32786.666666666664,507.55555555555475,-0.31709032616854377,-0.10747667513288879,single_maturity_ea_slope
2021-06-01,FI,PSPP,33495.11111111111,708.4444444444453,-0.3535362955291462,-0.11268100392265096,single_maturity_ea_slope
2021-07-01,FI,PSPP,34263.11111111111,768.0,-0.37718109386564047,-0.11860971449471401,single_maturity_ea_slope
2021-08-01,FI,PSPP,34707.555555555555,444.44444444444525,-0.4691727916864573,-0.12309881808012282,single_maturity_ea_slope
2021-09-01,FI,PSPP,35504.88888888889,797.3333333333358,-0.3687373154123788,-0.12861512211604986,single_maturity_ea_slope
2021-10-01,FI,PSPP,35716.444444444445,211.55555555555475,-0.2399924198833342,-0.12927483185121358,single_maturity_ea_slope
2021-11-01,FI,PSPP,36099.555555555555,383.1111111111095,-0.28214414718122793,-0.1308971768454822,single_maturity_ea_slope
2021-12-01,FI,PSPP,36592.0,492.44444444444525,-0.29747649929112674,-0.13313895269533127,single_maturity_ea_slope
2022-01-01,FI,PSPP,37355.555555555555,763.5555555555547,-0.08609687078747164,-0.13217740246668522,single_maturity_ea_slope
2022-02-01,FI,PSPP,37704.88888888888,349.3333333333285,0.286745607657689,-0.12829610813458853,single_maturity_ea_slope
2022-03-01,FI,PSPP,38246.22222222222,541.3333333333358,0.4707924872070323,-0.11981666605024502,single_maturity_ea_slope
2022-04-01,FI,PSPP,37776.0,0.0,1.0179169900815541,-0.11981666605024502,single_maturity_ea_slope
2022-05-01,FI,PSPP,38369.777777777774,593.7777777777737,1.2402907310182294,-0.09876881030169905,single_maturity_ea_slope
2022-06-01,FI,PSPP,38768.0,398.22222222222626,1.876342478016135,-0.07848060336891603,single_maturity_ea_slope
2022-07-01,FI,PSPP,39213.33333333333,445.3333333333285,1.4238476667362618,-0.06141913984579043,single_maturity_ea_slope
2022-08-01,FI,PSPP,39410.666666666664,197.33333333333576,1.3830546082600517,-0.05418650858793579,single_maturity_ea_slope
2022-09-01,FI,PSPP,38467.555555555555,0.0,2.4046561569385094,-0.05418650858793579,single_maturity_ea_slope
2022-10-01,FI,PSPP,38952.0,484.44444444444525,2.682500364422252,-0.02015044492461102,single_maturity_ea_slope
2022-11-01,FI,PSPP,39199.11111111111,247.1111111111095,2.5835880229051305,-0.0037364832915430714,single_maturity_ea_slope
2022-12-01,FI,PSPP,39434.666666666664,235.55555555555475,2.658934862070265,0.012168482593428455,single_maturity_ea_slope
2023-01-01,FI,PSPP,39743.11111111111,308.44444444444525,2.7504707135821844,0.033420319370800936,single_maturity_ea_slope
2023-02-01,FI,PSPP,39988.444444444445,245.33333333333576,2.9422351462845016,0.0512662057875033,single_maturity_ea_slope
2023-03-01,FI,PSPP,40247.11111111111,258.66666666666424,2.961799229209013,0.06997209186497252,single_maturity_ea_slope
2023-04-01,FI,PSPP,39063.11111111111,0.0,2.8951829247061727,0.06997209186497252,single_maturity_ea_slope
2023-05-01,FI,PSPP,39264.88888888888,201.77777777777374,2.8845799665901284,0.08443604014927736,single_maturity_ea_slope
2023-06-01,FI,PSPP,39210.666666666664,0.0,2.9849262944518125,0.08443604014927736,single_maturity_ea_slope
2023-07-01,FI,PSPP,39210.666666666664,0.0,3.091331428901071,0.08443604014927736,single_maturity_ea_slope
2023-08-01,FI,PSPP,39210.666666666664,0.0,3.079320947118065,0.08443604014927736,single_maturity_ea_slope
2023-09-01,FI,PSPP,37552.0,0.0,3.1771712677285713,0.08443604014927736,single_maturity_ea_slope
2023-10-01,FI,PSPP,37552.0,0.0,3.34787706734671,0.08443604014927736,single_maturity_ea_slope
2023-11-01,FI,PSPP,37552.0,0.0,3.0962404325032047,0.08443604014927736,single_maturity_ea_slope
2023-12-01,FI,PSPP,37552.0,0.0,2.554252341146382,0.08443604014927736,single_maturity_ea_slope
2024-01-01,FI,PSPP,37552.0,0.0,2.6251317798470453,0.08443604014927736,single_maturity_ea_slope
2024-02-01,FI,PSPP,37552.0,0.0,2.766041961622774,0.08443604014927736,single_maturity_ea_slope
2024-03-01,FI,PSPP,37368.88888888888,0.0,2.782771979759525,0.08443604014927736,single_maturity_ea_slope
2024-04-01,FI,PSPP,36067.555555555555,0.0,2.849489047715774,0.08443604014927736,single_maturity_ea_slope
2024-05-01,FI,PSPP,36067.555555555555,0.0,2.941132105000932,0.08443604014927736,single_maturity_ea_slope
2024-06-01,FI,PSPP,36067.555555555555,0.0,2.9789633651169622,0.08443604014927736,single_maturity_ea_slope
2024-07-01,FI,PSPP,36067.555555555555,0.0,2.9002885893647226,0.08443604014927736,single_maturity_ea_slope
2024-08-01,FI,PSPP,36067.555555555555,0.0,2.5758897822870512,0.08443604014927736,single_maturity_ea_slope
2024-09-01,FI,PSPP,34907.555555555555,0.0,2.4785545195396375,0.08443604014927736,single_maturity_ea_slope
2024-10-01,FI,PSPP,34907.555555555555,0.0,2.480048292245924,0.08443604014927736,single_maturity_ea_slope
2024-11-01,FI,PSPP,34687.11111111111,0.0,2.5613396573032436,0.08443604014927736,single_maturity_ea_slope
2024-12-01,FI,PSPP,34687.11111111111,0.0,2.3899015514322497,0.08443604014927736,single_maturity_ea_slope
2025-01-01,FI,PSPP,34687.11111111111,0.0,2.655458130935796,0.08443604014927736,single_maturity_ea_slope
2025-02-01,FI,PSPP,34687.11111111111,0.0,2.5238229607293565,0.08443604014927736,single_maturity_ea_slope
2025-03-01,FI,PSPP,34687.11111111111,0.0,2.7007615960188094,0.08443604014927736,single_maturity_ea_slope
2025-04-01,FI,PSPP,34595.555555555555,0.0,2.432198449686525,0.08443604014927736,single_maturity_ea_slope
2025-05-01,FI,PSPP,34595.555555555555,0.0,2.432717904728703,0.08443604014927736,single_maturity_ea_slope
2025-06-01,FI,PSPP,34595.555555555555,0.0,2.41184338546487,0.08443604014927736,single_maturity_ea_slope
2025-07-01,FI,PSPP,32960.0,0.0,2.5508955459991296,0.08443604014927736,single_maturity_ea_slope
2025-08-01,FI,PSPP,32960.0,0.0,2.5854197906402563,0.08443604014927736,single_maturity_ea_slope
2025-09-01,FI,PSPP,31608.888888888887,0.0,2.6130984568801816,0.08443604014927736,single_maturity_ea_slope
2025-10-01,FI,PSPP,31608.888888888887,0.0,2.557485552782608,0.08443604014927736,single_maturity_ea_slope
2025-11-01,FI,PSPP,31608.888888888887,0.0,2.577624861930763,0.08443604014927736,single_maturity_ea_slope
2025-12-01,FI,PSPP,31608.888888888887,0.0,2.7010675605968455,0.08443604014927736,single_maturity_ea_slope
2026-01-01,FI,PSPP,31608.888888888887,0.0,2.772716886021071,0.08443604014927736,single_maturity_ea_slope
2026-02-01,FI,PSPP,31608.888888888887,0.0,2.6719859887857624,0.08443604014927736,single_maturity_ea_slope
2026-03-01,FI,PSPP,31608.888888888887,0.0,2.9310810804704093,0.08443604014927736,single_maturity_ea_slope
2026-04-01,FI,PSPP,29396.44444444444,0.0,3.025174364736125,0.08443604014927736,single_maturity_ea_slope
2026-05-01,FI,PSPP,29396.44444444444,0.0,3.059910573757031,0.08443604014927736,single_maturity_ea_slope
2026-06-01,FI,PSPP,29396.44444444444,0.0,2.9888187361270964,0.08443604014927736,single_maturity_ea_slope
2026-07-01,FI,PSPP,29396.44444444444,0.0,3.104824195452479,0.08443604014927736,single_maturity_ea_slope
2026-08-01,FI,PSPP,29396.44444444444,0.0,3.1938392455386904,0.08443604014927736,single_maturity_ea_slope
2020-03-01,FR,PEPP,2176.272,2176.272,-0.15151665059185976,-0.15151665059185976,single_maturity_ea_slope
2020-04-01,FR,PEPP,14183.106,12006.833999999999,-0.12440753785941677,-0.12856719111057763,single_maturity_ea_slope
2020-05-01,FR,PEPP,20958.175,6775.0689999999995,-0.237460185831981,-0.16376861264914877,single_maturity_ea_slope
2020-06-01,FR,PEPP,38934.644,17976.469,-0.22242638468150375,-0.19085142405352934,single_maturity_ea_slope
2020-07-01,FR,PEPP,52824.38,13889.735999999997,-0.3071919688743806,-0.22144221288356938,single_maturity_ea_slope
2020-08-01,FR,PEPP,62629.161,9804.781000000003,-0.32236067556064607,-0.23724129768059246,single_maturity_ea_slope
2020-09-01,FR,PEPP,74886.693,12257.532,-0.3705547716145481,-0.25906218610968396,single_maturity_ea_slope
2020-10-01,FR,PEPP,87142.447,12255.754,-0.459108835040498,-0.28719683922334305,single_maturity_ea_slope
2020-11-01,FR,PEPP,99399.09,12256.642999999996,-0.47426953265118316,-0.3102642860017138,single_maturity_ea_slope
2020-12-01,FR,PEPP,109204.76,9805.669999999998,-0.4853622673656693,-0.3259866136998938,single_maturity_ea_slope
2021-01-01,FR,PEPP,118765.066,9560.306000000011,-0.4608709667136565,-0.3368444840556733,single_maturity_ea_slope
2021-02-01,FR,PEPP,128570.736,9805.669999999998,-0.3534685883567774,-0.3381123501805293,single_maturity_ea_slope
2021-03-01,FR,PEPP,140667.359,12096.622999999992,-0.3161337467728475,-0.3362223105766064,single_maturity_ea_slope
2021-04-01,FR,PEPP,154910.028,14242.668999999994,-0.271346234995779,-0.3302575032465302,single_maturity_ea_slope
2021-05-01,FR,PEPP,168617.519,13707.491000000009,-0.07946681653282314,-0.30986987625854234,single_maturity_ea_slope
2021-06-01,FR,PEPP,181604.031,12986.511999999988,-0.12337015268157611,-0.2965332730736221,single_maturity_ea_slope
2021-07-01,FR,PEPP,196205.856,14601.825000000012,-0.24507522247223712,-0.2927037163771972,single_maturity_ea_slope
2021-08-01,FR,PEPP,207181.45,10975.594000000012,-0.3354132919148795,-0.29496628844151057,single_maturity_ea_slope
2021-09-01,FR,PEPP,219150.057,11968.606999999989,-0.2079323155211136,-0.290213036574764,single_maturity_ea_slope
2021-10-01,FR,PEPP,230184.325,11034.268000000011,-0.06569542301885406,-0.279450411801351,single_maturity_ea_slope
2021-11-01,FR,PEPP,241282.601,11098.275999999983,-0.13668265711585847,-0.27288352326967485,single_maturity_ea_slope
2021-12-01,FR,PEPP,249945.017,8662.415999999997,-0.1484392091408528,-0.2685706210531904,single_maturity_ea_slope
2022-01-01,FR,PEPP,258798.568,8853.551000000007,0.0810846316959723,-0.2566088446161871,single_maturity_ea_slope
2022-02-01,FR,PEPP,263579.61,4781.041999999987,0.49196423410686135,-0.24303055861203,single_maturity_ea_slope
2022-03-01,FR,PEPP,268732.254,5152.644000000029,0.5664907747739722,-0.22750888162961833,single_maturity_ea_slope
2022-04-01,FR,PEPP,267567.664,0.0,1.1241297943912114,-0.22750888162961833,single_maturity_ea_slope
2022-05-01,FR,PEPP,265792.331,0.0,1.335301232498861,-0.22750888162961833,single_maturity_ea_slope
2022-06-01,FR,PEPP,265690.985,0.0,1.8768009244759776,-0.22750888162961833,single_maturity_ea_slope
2022-07-01,FR,PEPP,264713.974,0.0,1.4121395791769855,-0.22750888162961833,single_maturity_ea_slope
2022-08-01,FR,PEPP,264800.207,86.23300000000745,1.4457887706464962,-0.22696396711431835,single_maturity_ea_slope
2022-09-01,FR,PEPP,266465.304,1665.0970000000088,2.2675521950982667,-0.2113761539326378,single_maturity_ea_slope
2022-10-01,FR,PEPP,265720.322,0.0,2.5385907573103283,-0.2113761539326378,single_maturity_ea_slope
2022-11-01,FR,PEPP,266477.75,757.4280000000144,2.463277074419667,-0.20377380347206664,single_maturity_ea_slope
2022-12-01,FR,PEPP,267212.064,734.314000000013,2.5685815428119123,-0.19615521277942782,single_maturity_ea_slope
2023-01-01,FR,PEPP,268338.427,1126.363000000012,2.666538643310236,-0.18413892247067248,single_maturity_ea_slope
2023-02-01,FR,PEPP,267614.781,0.0,2.870937080668458,-0.18413892247067248,single_maturity_ea_slope
2023-03-01,FR,PEPP,263934.321,0.0,2.9034123020122897,-0.18413892247067248,single_maturity_ea_slope
2023-04-01,FR,PEPP,264487.279,552.9579999999842,2.83828179482245,-0.17782001094754807,single_maturity_ea_slope
2023-05-01,FR,PEPP,262214.995,0.0,2.8374375468412842,-0.17782001094754807,single_maturity_ea_slope
2023-06-01,FR,PEPP,262947.531,732.5360000000219,2.9159692912528694,-0.16920113541881474,single_maturity_ea_slope
2023-07-01,FR,PEPP,263741.408,793.8769999999786,3.0638468535536068,-0.15946947265942965,single_maturity_ea_slope
2023-08-01,FR,PEPP,264684.637,943.2289999999921,3.0418498778078584,-0.14806126520225907,single_maturity_ea_slope
2023-09-01,FR,PEPP,265206.48,521.8429999999935,3.17032032482475,-0.1415317331784396,single_maturity_ea_slope
2023-10-01,FR,PEPP,264943.336,0.0,3.324443652304011,-0.1415317331784396,single_maturity_ea_slope
2023-11-01,FR,PEPP,265474.958,531.6219999999739,3.0824786183269546,-0.1350755504785711,single_maturity_ea_slope
2023-12-01,FR,PEPP,265935.46,460.5020000000368,2.526081030500829,-0.13046741011303176,single_maturity_ea_slope
2024-01-01,FR,PEPP,268348.206,2412.7459999999846,2.5589269515873867,-0.10628679200740822,single_maturity_ea_slope
2024-02-01,FR,PEPP,266167.489,0.0,2.729485170977274,-0.10628679200740822,single_maturity_ea_slope
2024-03-01,FR,PEPP,262270.113,0.0,2.7560449286025124,-0.10628679200740822,single_maturity_ea_slope
2024-04-01,FR,PEPP,264517.505,2247.3919999999925,2.877040283031703,-0.08093986685088114,single_maturity_ea_slope
2024-05-01,FR,PEPP,261754.49300000002,0.0,2.9715606903134772,-0.08093986685088114,single_maturity_ea_slope
2024-06-01,FR,PEPP,262978.646,1224.1529999999912,3.081457754171743,-0.06621905740931272,single_maturity_ea_slope
2024-07-01,FR,PEPP,263003.538,24.89199999999255,3.0386452223992877,-0.06592519717366459,single_maturity_ea_slope
2024-08-01,FR,PEPP,263391.142,387.6039999999921,2.7276438580176134,-0.06181420645527384,single_maturity_ea_slope
2024-09-01,FR,PEPP,264014.331,623.189000000013,2.634187246975548,-0.055450466868114334,single_maturity_ea_slope
2024-10-01,FR,PEPP,264621.518,607.1869999999763,2.6924342361084515,-0.049145311181016484,single_maturity_ea_slope
2024-11-01,FR,PEPP,259458.206,0.0,2.811682141380297,-0.049145311181016484,single_maturity_ea_slope
2024-12-01,FR,PEPP,259738.241,280.0350000000035,2.7295420619128152,-0.046149488480714373,single_maturity_ea_slope
2025-01-01,FR,PEPP,259547.106,0.0,3.0022025209114775,-0.046149488480714373,single_maturity_ea_slope
2025-02-01,FR,PEPP,256826.766,0.0,2.8277631435090127,-0.046149488480714373,single_maturity_ea_slope
2025-03-01,FR,PEPP,248251.472,0.0,2.9998259688791666,-0.046149488480714373,single_maturity_ea_slope
2025-04-01,FR,PEPP,248189.242,0.0,2.731180117026194,-0.046149488480714373,single_maturity_ea_slope
2025-05-01,FR,PEPP,241399.06,0.0,2.7416595974559526,-0.046149488480714373,single_maturity_ea_slope
2025-06-01,FR,PEPP,241363.5,0.0,2.753694147140334,-0.046149488480714373,single_maturity_ea_slope
2025-07-01,FR,PEPP,241303.937,0.0,2.8330162709190643,-0.046149488480714373,single_maturity_ea_slope
2025-08-01,FR,PEPP,241303.937,0.0,2.8810601172546133,-0.046149488480714373,single_maturity_ea_slope
2025-09-01,FR,PEPP,241231.039,0.0,2.9734732621236586,-0.046149488480714373,single_maturity_ea_slope
2025-10-01,FR,PEPP,238666.274,0.0,2.93634899721739,-0.046149488480714373,single_maturity_ea_slope
2025-11-01,FR,PEPP,233167.809,0.0,2.9483316653205502,-0.046149488480714373,single_maturity_ea_slope
2025-12-01,FR,PEPP,232894.886,0.0,3.0616354812043456,-0.046149488480714373,single_maturity_ea_slope
2026-01-01,FR,PEPP,232894.886,0.0,3.0135657038976187,-0.046149488480714373,single_maturity_ea_slope
2026-02-01,FR,PEPP,225634.423,0.0,2.896906637314068,-0.046149488480714373,single_maturity_ea_slope
2026-03-01,FR,PEPP,223843.977,0.0,3.239922333846341,-0.046149488480714373,single_maturity_ea_slope
2026-04-01,FR,PEPP,220658.69,0.0,3.3367997324657503,-0.046149488480714373,single_maturity_ea_slope
2026-05-01,FR,PEPP,213360.889,0.0,3.3837170597900377,-0.046149488480714373,single_maturity_ea_slope
2026-06-01,FR,PEPP,213238.207,0.0,3.3429256390846707,-0.046149488480714373,single_maturity_ea_slope
2026-07-01,FR,PEPP,212937.725,0.0,3.514312062580316,-0.046149488480714373,single_maturity_ea_slope
2026-08-01,FR,PEPP,212937.725,0.0,3.656683619865298,-0.046149488480714373,single_maturity_ea_slope
2015-03-01,FR,PSPP,7784.0,7784.0,0.21880766509471494,0.21880766509471494,single_maturity_ea_slope
2015-04-01,FR,PSPP,15449.777777777777,7665.777777777777,0.1708623959643315,0.19501846994021138,single_maturity_ea_slope
2015-05-01,FR,PSPP,23880.888888888887,8431.11111111111,0.4425426149576762,0.2824064888299104,single_maturity_ea_slope
2015-06-01,FR,PSPP,32259.555555555555,8378.666666666668,0.6228104551493376,0.3708184745713113,single_maturity_ea_slope
2015-07-01,FR,PSPP,40672.88888888888,8413.333333333328,0.522389304017443,0.4021714457168767,single_maturity_ea_slope
2015-08-01,FR,PSPP,47861.33333333333,7188.444444444445,0.46728740058992524,0.41195141613249114,single_maturity_ea_slope
2015-09-01,FR,PSPP,56292.44444444444,8431.11111111111,0.4440553687524863,0.41675973444796516,single_maturity_ea_slope
2015-10-01,FR,PSPP,65136.88888888888,8844.444444444445,0.340150440161468,0.4063575390283955,single_maturity_ea_slope
2015-11-01,FR,PSPP,74222.22222222222,9085.333333333336,0.2915485904716042,0.3923040987505636,single_maturity_ea_slope
2015-12-01,FR,PSPP,81570.66666666666,7348.444444444438,0.32653826727622315,0.3863794621295738,single_maturity_ea_slope
2016-01-01,FR,PSPP,90432.0,8861.333333333343,0.2415238953934904,0.37218522267852383,single_maturity_ea_slope
2016-02-01,FR,PSPP,99311.11111111111,8879.11111111111,0.07596696932050484,0.3457012295454448,single_maturity_ea_slope
2016-03-01,FR,PSPP,108068.44444444444,8757.333333333328,-0.003691074053512766,0.3173882017930169,single_maturity_ea_slope
2016-04-01,FR,PSPP,121342.22222222222,13273.777777777781,0.027370182007102728,0.28566276710352123,single_maturity_ea_slope
2016-05-01,FR,PSPP,135029.3333333333,13687.111111111095,0.040546494509115794,0.2608168053015842,single_maturity_ea_slope
2016-06-01,FR,PSPP,147192.0,12162.666666666686,-0.014500464240751798,0.23806698073897037,single_maturity_ea_slope
2016-07-01,FR,PSPP,159253.3333333333,12061.333333333314,-0.20109136315069756,0.2048065455512114,single_maturity_ea_slope
2016-08-01,FR,PSPP,167936.88888888888,8683.555555555562,-0.20444110510405863,0.18364547287707805,single_maturity_ea_slope
2016-09-01,FR,PSPP,180033.77777777778,12096.888888888905,-0.21006392956212788,0.15719122104386574,single_maturity_ea_slope
2016-10-01,FR,PSPP,192620.44444444444,12586.666666666657,-0.08025954085632458,0.1416751443449267,single_maturity_ea_slope
2016-11-01,FR,PSPP,204602.66666666666,11982.222222222219,0.16497112773489353,0.14303943570247066,single_maturity_ea_slope
2016-12-01,FR,PSPP,214104.0,9501.333333333343,0.13179989514247725,0.14254065650463213,single_maturity_ea_slope
2017-01-01,FR,PSPP,226761.77777777775,12657.777777777752,0.22888594886005864,0.1473604261038249,single_maturity_ea_slope
2017-02-01,FR,PSPP,238813.3333333333,12051.555555555562,0.35873128478760097,0.1580271154829202,single_maturity_ea_slope
2017-03-01,FR,PSPP,250997.3333333333,12184.0,0.3665202608309366,0.1681478623816398,single_maturity_ea_slope
2017-04-01,FR,PSPP,261044.44444444444,10047.111111111124,0.26785319585086076,0.17198533368223606,single_maturity_ea_slope
2017-05-01,FR,PSPP,270616.8888888889,9572.444444444438,0.1860565265278561,0.1724830694752045,single_maturity_ea_slope
2017-06-01,FR,PSPP,280216.0,9599.111111111124,0.06157220948103581,0.16868369446266804,single_maturity_ea_slope
2017-07-01,FR,PSPP,289095.1111111111,8879.111111111124,0.21928139283690118,0.1702377248442425,single_maturity_ea_slope
2017-08-01,FR,PSPP,297335.11111111107,8239.999999999942,0.09987574449588699,0.16828779462609955,single_maturity_ea_slope
2017-09-01,FR,PSPP,307157.3333333333,9822.222222222248,0.07711271727747837,0.16537221432356256,single_maturity_ea_slope
2017-10-01,FR,PSPP,316480.0,9322.666666666686,0.19079249518202934,0.16612102879846313,single_maturity_ea_slope
2017-11-01,FR,PSPP,325759.11111111107,9279.111111111066,0.1133716585092388,0.16461848519719482,single_maturity_ea_slope
2017-12-01,FR,PSPP,333958.2222222222,8199.111111111124,0.10503310205174465,0.16315558611431916,single_maturity_ea_slope
2018-01-01,FR,PSPP,337494.2222222222,3536.0,0.28896227491885573,0.16447369001750223,single_maturity_ea_slope
2018-02-01,FR,PSPP,341248.8888888889,3754.666666666686,0.4018550027451072,0.1670855306159873,single_maturity_ea_slope
2018-03-01,FR,PSPP,344795.55555555556,3546.666666666686,0.27162223529499163,0.16816082535211238,single_maturity_ea_slope
2018-04-01,FR,PSPP,348853.3333333333,4057.777777777752,0.23279786534264812,0.1689126678011691,single_maturity_ea_slope
2018-05-01,FR,PSPP,352552.0,3698.666666666686,0.23011931387503926,0.1695547943005561,single_maturity_ea_slope
2018-06-01,FR,PSPP,356589.3333333333,4037.333333333314,0.18820217025921837,0.16976592140251773,single_maturity_ea_slope
2018-07-01,FR,PSPP,360707.55555555556,4118.222222222248,0.1421806513200563,0.16945097853395313,single_maturity_ea_slope
2018-08-01,FR,PSPP,364370.6666666666,3663.111111111066,0.17291627795743303,0.16948581607161115,single_maturity_ea_slope
2018-09-01,FR,PSPP,368120.8888888889,3750.222222222248,0.24066340991828472,0.17021093600428813,single_maturity_ea_slope
2018-10-01,FR,PSPP,369897.77777777775,1776.888888888876,0.2818237295501216,0.17074709367979757,single_maturity_ea_slope
2018-11-01,FR,PSPP,371374.2222222222,1476.444444444438,0.21969426729714725,0.1709416892608429,single_maturity_ea_slope
2018-12-01,FR,PSPP,373561.77777777775,2187.555555555562,0.2027162101766351,0.17112775896574675,single_maturity_ea_slope
2019-01-01,FR,PSPP,375777.77777777775,2216.0,0.14493669587222857,0.1709733075871728,single_maturity_ea_slope
2019-02-01,FR,PSPP,375117.3333333333,0.0,0.0883181180862983,0.1709733075871728,single_maturity_ea_slope
2019-03-01,FR,PSPP,376401.77777777775,1284.444444444438,0.0071543427214845745,0.17041428695619004,single_maturity_ea_slope
2019-04-01,FR,PSPP,375751.11111111107,0.0,-0.057384398828039584,0.17041428695619004,single_maturity_ea_slope
2019-05-01,FR,PSPP,371684.44444444444,0.0,-0.12238386311132576,0.17041428695619004,single_maturity_ea_slope
2019-06-01,FR,PSPP,372460.44444444444,776.0,-0.28828833133230347,0.16945860632727705,single_maturity_ea_slope
2019-07-01,FR,PSPP,373689.77777777775,1229.333333333314,-0.4182461455454084,0.16752522445653956,single_maturity_ea_slope
2019-08-01,FR,PSPP,374035.55555555556,345.7777777778101,-0.5960418869496462,0.16681934359830378,single_maturity_ea_slope
2019-09-01,FR,PSPP,375022.2222222222,986.6666666666279,-0.5210179406154261,0.16500967451682189,single_maturity_ea_slope
2019-10-01,FR,PSPP,373112.0,0.0,-0.41580480877440806,0.16500967451682189,single_maturity_ea_slope
2019-11-01,FR,PSPP,373246.2222222222,134.22222222218988,-0.2905893215102962,0.16484583760154145,single_maturity_ea_slope
2019-12-01,FR,PSPP,377920.8888888889,4674.666666666686,-0.2553536254179841,0.15964820899492022,single_maturity_ea_slope
2020-01-01,FR,PSPP,384527.11111111107,6606.22222222219,-0.2845752917687203,0.15201639558676205,single_maturity_ea_slope
2020-02-01,FR,PSPP,386173.3333333333,1646.222222222248,-0.42063946161598786,0.14957521512078936,single_maturity_ea_slope
2020-03-01,FR,PSPP,394060.44444444444,7887.111111111124,-0.28193104331418545,0.14093862686790196,single_maturity_ea_slope
2020-04-01,FR,PSPP,401460.44444444444,7400.0,-0.17729131174187968,0.13507278982641913,single_maturity_ea_slope
2020-05-01,FR,PSPP,406312.8888888889,4852.444444444438,-0.28061645119271383,0.13010836707892853,single_maturity_ea_slope
2020-06-01,FR,PSPP,416784.8888888889,10472.0,-0.2864186869248931,0.11964284535342554,single_maturity_ea_slope
2020-07-01,FR,PSPP,420975.11111111107,4190.22222222219,-0.3695571942031066,0.11477353877743482,single_maturity_ea_slope
2020-08-01,FR,PSPP,423627.5555555555,2652.444444444438,-0.3875455789206387,0.11162838559841373,single_maturity_ea_slope
2020-09-01,FR,PSPP,430562.6666666666,6935.111111111124,-0.43420396720783394,0.10283661541532649,single_maturity_ea_slope
2020-10-01,FR,PSPP,431536.0,973.3333333333721,-0.5038279749712855,0.10146827796960625,single_maturity_ea_slope
2020-11-01,FR,PSPP,430672.8888888889,0.0,-0.5119117250561254,0.10146827796960625,single_maturity_ea_slope
2020-12-01,FR,PSPP,434254.2222222222,3581.333333333314,-0.5163330921571128,0.0963732149236065,single_maturity_ea_slope
2021-01-01,FR,PSPP,438341.3333333333,4087.111111111124,-0.49248579861621306,0.09088267128991645,single_maturity_ea_slope
2021-02-01,FR,PSPP,437938.6666666666,0.0,-0.40183496324359524,0.09088267128991645,single_maturity_ea_slope
2021-03-01,FR,PSPP,439820.44444444444,1881.7777777778101,-0.3750789372861996,0.08888904818441551,single_maturity_ea_slope
2021-04-01,FR,PSPP,439615.11111111107,0.0,-0.3397813086838359,0.08888904818441551,single_maturity_ea_slope
2021-05-01,FR,PSPP,437154.6666666666,0.0,-0.15532377260880356,0.08888904818441551,single_maturity_ea_slope
2021-06-01,FR,PSPP,441690.6666666666,4536.0,-0.19450319642883965,0.08597871450843625,single_maturity_ea_slope
2021-07-01,FR,PSPP,445896.8888888889,4206.222222222248,-0.30076746316525915,0.08233047114225306,single_maturity_ea_slope
2021-08-01,FR,PSPP,448410.6666666666,2513.777777777752,-0.3874079631990989,0.07969713048960266,single_maturity_ea_slope
2021-09-01,FR,PSPP,453924.44444444444,5513.77777777781,-0.2759311116824981,0.07537734748862636,single_maturity_ea_slope
2021-10-01,FR,PSPP,451458.6666666666,0.0,-0.13621481909120292,0.07537734748862636,single_maturity_ea_slope
2021-11-01,FR,PSPP,455413.3333333333,3954.666666666686,-0.19925808757823035,0.07299249943730798,single_maturity_ea_slope
2021-12-01,FR,PSPP,458695.11111111107,3281.777777777752,-0.2017367730156373,0.07102692274071502,single_maturity_ea_slope
2022-01-01,FR,PSPP,464637.3333333333,5942.222222222248,0.015957927225773383,0.07032264827667925,single_maturity_ea_slope
2022-02-01,FR,PSPP,464832.8888888889,195.55555555556202,0.4265544758926844,0.07047251528183575,single_maturity_ea_slope
2022-03-01,FR,PSPP,468394.6666666666,3561.777777777752,0.49412298617775097,0.07369404819022815,single_maturity_ea_slope
2022-04-01,FR,PSPP,469404.44444444444,1009.7777777778101,1.0721718745721063,0.07584196292051494,single_maturity_ea_slope
2022-05-01,FR,PSPP,468149.3333333333,0.0,1.2735050475710734,0.07584196292051494,single_maturity_ea_slope
2022-06-01,FR,PSPP,472274.6666666666,4125.333333333314,1.819764966607635,0.09107518249728079,single_maturity_ea_slope
2022-07-01,FR,PSPP,471242.6666666666,0.0,1.3283368003373404,0.09107518249728079,single_maturity_ea_slope
2022-08-01,FR,PSPP,472662.2222222222,1419.555555555562,1.3812123986601632,0.0949498764468471,single_maturity_ea_slope
2022-09-01,FR,PSPP,477722.6666666666,5060.444444444438,2.225982623358603,0.1175235862108917,single_maturity_ea_slope
2022-10-01,FR,PSPP,472782.2222222222,0.0,2.4824181008896145,0.1175235862108917,single_maturity_ea_slope
2022-11-01,FR,PSPP,473104.8888888889,322.66666666668607,2.4350620790091697,0.11910419219891939,single_maturity_ea_slope
2022-12-01,FR,PSPP,474643.5555555555,1538.6666666666279,2.5590964397668565,0.12701399039235203,single_maturity_ea_slope
2023-01-01,FR,PSPP,477353.77777777775,2710.222222222248,2.6697826981324235,0.14145080555650616,single_maturity_ea_slope
2023-02-01,FR,PSPP,476155.5555555555,0.0,2.8805965928886925,0.14145080555650616,single_maturity_ea_slope
2023-03-01,FR,PSPP,471858.6666666666,0.0,2.9106861405135636,0.14145080555650616,single_maturity_ea_slope
2023-04-01,FR,PSPP,471950.2222222222,91.55555555556202,2.8437280677444825,0.14197503138447556,single_maturity_ea_slope
2023-05-01,FR,PSPP,462656.0,0.0,2.827807550836761,0.14197503138447556,single_maturity_ea_slope
2023-06-01,FR,PSPP,463608.8888888889,952.888888888876,2.9354304847524015,0.14771662246893447,single_maturity_ea_slope
2023-07-01,FR,PSPP,459779.5555555555,0.0,3.0924491614239997,0.14771662246893447,single_maturity_ea_slope
2023-08-01,FR,PSPP,459779.5555555555,0.0,3.0609744582623333,0.14771662246893447,single_maturity_ea_slope
2023-09-01,FR,PSPP,459597.3333333333,0.0,3.198389501342369,0.14771662246893447,single_maturity_ea_slope
2023-10-01,FR,PSPP,449437.3333333333,0.0,3.333721256433185,0.14771662246893447,single_maturity_ea_slope
2023-11-01,FR,PSPP,448335.11111111107,0.0,3.1054344613719964,0.14771662246893447,single_maturity_ea_slope
2023-12-01,FR,PSPP,448157.3333333333,0.0,2.566999102562965,0.14771662246893447,single_maturity_ea_slope
2024-01-01,FR,PSPP,447134.2222222222,0.0,2.6011167588440003,0.14771662246893447,single_maturity_ea_slope
2024-02-01,FR,PSPP,443663.11111111107,0.0,2.7756852801693337,0.14771662246893447,single_maturity_ea_slope
2024-03-01,FR,PSPP,436294.2222222222,0.0,2.809534739127312,0.14771662246893447,single_maturity_ea_slope
2024-04-01,FR,PSPP,435875.5555555555,0.0,2.9291319975400003,0.14771662246893447,single_maturity_ea_slope
2024-05-01,FR,PSPP,425605.3333333333,0.0,3.0166006462498633,0.14771662246893447,single_maturity_ea_slope
2024-06-01,FR,PSPP,425348.44444444444,0.0,3.1291870975253913,0.14771662246893447,single_maturity_ea_slope
2024-07-01,FR,PSPP,419871.11111111107,0.0,3.083773977797101,0.14771662246893447,single_maturity_ea_slope
2024-08-01,FR,PSPP,419845.3333333333,0.0,2.759240699831644,0.14771662246893447,single_maturity_ea_slope
2024-09-01,FR,PSPP,419663.11111111107,0.0,2.6517931685945997,0.14771662246893447,single_maturity_ea_slope
2024-10-01,FR,PSPP,419347.5555555555,0.0,2.69370533350366,0.14771662246893447,single_maturity_ea_slope
2024-11-01,FR,PSPP,407158.2222222222,0.0,2.793468532860888,0.14771662246893447,single_maturity_ea_slope
2024-12-01,FR,PSPP,407068.44444444444,0.0,2.7148001645057405,0.14771662246893447,single_maturity_ea_slope
2025-01-01,FR,PSPP,406844.44444444444,0.0,2.9767159853552694,0.14771662246893447,single_maturity_ea_slope
2025-02-01,FR,PSPP,402824.8888888889,0.0,2.7936610305290834,0.14771662246893447,single_maturity_ea_slope
2025-03-01,FR,PSPP,387943.11111111107,0.0,2.936086246582869,0.14771662246893447,single_maturity_ea_slope
2025-04-01,FR,PSPP,387584.8888888889,0.0,2.6604538638211417,0.14771662246893447,single_maturity_ea_slope
2025-05-01,FR,PSPP,375692.44444444444,0.0,2.6670905985573694,0.14771662246893447,single_maturity_ea_slope
2025-06-01,FR,PSPP,375600.0,0.0,2.6868775233576794,0.14771662246893447,single_maturity_ea_slope
2025-07-01,FR,PSPP,375522.6666666666,0.0,2.759387722262423,0.14771662246893447,single_maturity_ea_slope
2025-08-01,FR,PSPP,375510.2222222222,0.0,2.8127263589041904,0.14771662246893447,single_maturity_ea_slope
2025-09-01,FR,PSPP,375417.77777777775,0.0,2.910640400363636,0.14771662246893447,single_maturity_ea_slope
2025-10-01,FR,PSPP,367878.2222222222,0.0,2.882421521874724,0.14771662246893447,single_maturity_ea_slope
2025-11-01,FR,PSPP,357744.0,0.0,2.89310252284005,0.14771662246893447,single_maturity_ea_slope
2025-12-01,FR,PSPP,356576.8888888889,0.0,2.9975714340722184,0.14771662246893447,single_maturity_ea_slope
2026-01-01,FR,PSPP,356576.8888888889,0.0,2.950101300230119,0.14771662246893447,single_maturity_ea_slope
2026-02-01,FR,PSPP,343818.6666666666,0.0,2.839043426180162,0.14771662246893447,single_maturity_ea_slope
2026-03-01,FR,PSPP,341560.0,0.0,3.2016955373575837,0.14771662246893447,single_maturity_ea_slope
2026-04-01,FR,PSPP,333782.2222222222,0.0,3.3091070726043963,0.14771662246893447,single_maturity_ea_slope
2026-05-01,FR,PSPP,320843.55555555556,0.0,3.3552688982368126,0.14771662246893447,single_maturity_ea_slope
2026-06-01,FR,PSPP,320635.55555555556,0.0,3.318581435780936,0.14771662246893447,single_maturity_ea_slope
2026-07-01,FR,PSPP,320207.11111111107,0.0,3.4890083381341492,0.14771662246893447,single_maturity_ea_slope
2026-08-01,FR,PSPP,320207.11111111107,0.0,3.632637945562,0.14771662246893447,single_maturity_ea_slope
2020-03-01,GR,PEPP,267.589,267.589,1.72700348556244,1.72700348556244,single_maturity_ea_slope
2020-04-01,GR,PEPP,1978.914,1711.325,1.8130864295001379,1.801446282992839,single_maturity_ea_slope
2020-05-01,GR,PEPP,4169.41,2190.496,1.7139863201325585,1.7554971681766915,single_maturity_ea_slope
2020-06-01,GR,PEPP,6932.4220000000005,2763.0120000000006,1.1364376572905073,1.5087624977696306,single_maturity_ea_slope
2020-07-01,GR,PEPP,8841.994,1909.5720000000001,0.9689848110785304,1.3921887524436218,single_maturity_ea_slope
2020-08-01,GR,PEPP,10037.699,1195.705,0.9058070601561029,1.3342502725811904,single_maturity_ea_slope
2020-09-01,GR,PEPP,11526.774,1489.074999999999,0.896531517971869,1.2777040043434447,single_maturity_ea_slope
2020-10-01,GR,PEPP,13014.071,1487.2970000000005,0.7265581072893779,1.2147169775129607,single_maturity_ea_slope
2020-11-01,GR,PEPP,14496.923,1482.8520000000008,0.5893645083391575,1.1507513235863094,single_maturity_ea_slope
2020-12-01,GR,PEPP,15686.405,1189.482,0.48614850457537684,1.1003552583079514,single_maturity_ea_slope
2021-01-01,GR,PEPP,16846.55,1160.1449999999986,0.5046159049388532,1.0593294083793672,single_maturity_ea_slope
2021-02-01,GR,PEPP,18036.032,1189.482,0.6182329539545496,1.030238958062904,single_maturity_ea_slope
2021-03-01,GR,PEPP,19501.104,1465.0720000000001,0.6820769624914401,1.0040823675859816,single_maturity_ea_slope
2021-04-01,GR,PEPP,21211.54,1710.4360000000015,0.6534059508614376,0.9758048560278079,single_maturity_ea_slope
2021-05-01,GR,PEPP,22829.52,1617.9799999999996,0.759465301475452,0.9604723798095336,single_maturity_ea_slope
2021-06-01,GR,PEPP,24402.161,1572.6409999999996,0.5967509053111926,0.9370316975119065,single_maturity_ea_slope
2021-07-01,GR,PEPP,26133.044,1730.8830000000016,0.5126276626172505,0.9089219323758372,single_maturity_ea_slope
2021-08-01,GR,PEPP,27161.617000000002,1028.5730000000003,0.4065204432045622,0.8898966804211629,single_maturity_ea_slope
2021-09-01,GR,PEPP,28611.576,1449.958999999999,0.5921565269919415,0.8748079969062779,single_maturity_ea_slope
2021-10-01,GR,PEPP,29945.965,1334.3889999999992,0.7346013747367738,0.8685604048066363,single_maturity_ea_slope
2021-11-01,GR,PEPP,31056.326,1110.3610000000008,1.0233875746714498,0.8740959614323062,single_maturity_ea_slope
2021-12-01,GR,PEPP,31764.859,708.5329999999994,1.1168545499861637,0.8795108279369499,single_maturity_ea_slope
2022-01-01,GR,PEPP,32781.875,1017.0159999999996,1.4356157116755957,0.8967632750419536,single_maturity_ea_slope
2022-02-01,GR,PEPP,33442.402,660.5270000000019,2.3173726612968686,0.9248219909223142,single_maturity_ea_slope
2022-03-01,GR,PEPP,34229.167,786.7649999999994,2.4401506802907007,0.9596521571454922,single_maturity_ea_slope
2022-04-01,GR,PEPP,34026.475,0.0,2.7697045863394276,0.9596521571454922,single_maturity_ea_slope
2022-05-01,GR,PEPP,34382.964,356.4890000000014,3.386477686156123,0.9848139380207965,single_maturity_ea_slope
2022-06-01,GR,PEPP,34100.262,0.0,3.7787607284539284,0.9848139380207965,single_maturity_ea_slope
2022-07-01,GR,PEPP,35350.196,1249.934000000001,3.114029132186762,1.0601000400979856,single_maturity_ea_slope
2022-08-01,GR,PEPP,34318.956,0.0,3.2571403070938847,1.0601000400979856,single_maturity_ea_slope
2022-09-01,GR,PEPP,34560.764,241.80800000000454,4.322419706763958,1.0829252008484014,single_maturity_ea_slope
2022-10-01,GR,PEPP,34677.223,116.45899999999529,4.67084832238361,1.0949747798706562,single_maturity_ea_slope
2022-11-01,GR,PEPP,35208.845,531.622000000003,4.31540952244618,1.143600457842129,single_maturity_ea_slope
2022-12-01,GR,PEPP,35060.382,0.0,4.1733719988952735,1.143600457842129,single_maturity_ea_slope
2023-01-01,GR,PEPP,33566.862,0.0,4.266369736959405,1.143600457842129,single_maturity_ea_slope
2023-02-01,GR,PEPP,33502.854,0.0,4.255501870861629,1.143600457842129,single_maturity_ea_slope
2023-03-01,GR,PEPP,33535.747,32.89300000000367,4.269120792389353,1.1466660743725816,single_maturity_ea_slope
2023-04-01,GR,PEPP,33369.504,0.0,4.16052363014293,1.1466660743725816,single_maturity_ea_slope
2023-05-01,GR,PEPP,33912.683,543.1789999999964,3.8856483855398776,1.1905363182219852,single_maturity_ea_slope
2023-06-01,GR,PEPP,33493.075,0.0,3.6845537708734146,1.1905363182219852,single_maturity_ea_slope
2023-07-01,GR,PEPP,33760.664,267.58899999999994,3.8546838398696783,1.2116525074998437,single_maturity_ea_slope
2023-08-01,GR,PEPP,33927.796,167.13200000000506,3.8133462156167495,1.2244687326629815,single_maturity_ea_slope
2023-09-01,GR,PEPP,34010.473,82.67699999999604,4.011722582849357,1.2312443451800978,single_maturity_ea_slope
2023-10-01,GR,PEPP,34543.873,533.4000000000015,4.188281240306573,1.276904641576523,single_maturity_ea_slope
2023-11-01,GR,PEPP,34874.581,330.7079999999987,3.7794813801012044,1.3006360277125748,single_maturity_ea_slope
2023-12-01,GR,PEPP,34905.696,31.11500000000524,3.160226259915066,1.302293669779789,single_maturity_ea_slope
2024-01-01,GR,PEPP,34990.151,84.45499999999447,3.129022613391023,1.306702807452064,single_maturity_ea_slope
2024-02-01,GR,PEPP,34950.146,0.0,3.335532964234899,1.306702807452064,single_maturity_ea_slope
2024-03-01,GR,PEPP,34976.816,26.669999999998254,3.296402998227225,1.3082199639619065,single_maturity_ea_slope
2024-04-01,GR,PEPP,34031.809,0.0,3.393749783876703,1.3082199639619065,single_maturity_ea_slope
2024-05-01,GR,PEPP,34214.054000000004,182.24500000000262,3.479843391674034,1.3197873599677525,single_maturity_ea_slope
2024-06-01,GR,PEPP,34079.815,0.0,3.571129893187612,1.3197873599677525,single_maturity_ea_slope
2024-07-01,GR,PEPP,34143.823000000004,64.00800000000163,3.3941683333852226,1.3236761154052006,single_maturity_ea_slope
2024-08-01,GR,PEPP,34096.706,0.0,3.132380040296926,1.3236761154052006,single_maturity_ea_slope
2024-09-01,GR,PEPP,34015.807,0.0,2.9836119955901377,1.3236761154052006,single_maturity_ea_slope
2024-10-01,GR,PEPP,34029.142,13.334999999999127,2.935907970838386,1.3243079007082859,single_maturity_ea_slope
2024-11-01,GR,PEPP,34120.709,91.56700000000274,2.9804249198908326,1.328752288633973,single_maturity_ea_slope
2024-12-01,GR,PEPP,34056.701,0.0,2.8384433164561838,1.328752288633973,single_maturity_ea_slope
2025-01-01,GR,PEPP,34056.701,0.0,3.1104488255942053,1.328752288633973,single_maturity_ea_slope
2025-02-01,GR,PEPP,32792.543,0.0,3.0635473337734376,1.328752288633973,single_maturity_ea_slope
2025-03-01,GR,PEPP,32734.758,0.0,3.286166643440595,1.328752288633973,single_maturity_ea_slope
2025-04-01,GR,PEPP,32734.758,0.0,3.0522616995847187,1.328752288633973,single_maturity_ea_slope
2025-05-01,GR,PEPP,32734.758,0.0,2.9712545738167027,1.328752288633973,single_maturity_ea_slope
2025-06-01,GR,PEPP,32734.758,0.0,2.9108901182488336,1.328752288633973,single_maturity_ea_slope
2025-07-01,GR,PEPP,32734.758,0.0,2.9480937336992925,1.328752288633973,single_maturity_ea_slope
2025-08-01,GR,PEPP,32734.758,0.0,2.9443189741043634,1.328752288633973,single_maturity_ea_slope
2025-09-01,GR,PEPP,32703.643,0.0,2.9632181858059545,1.328752288633973,single_maturity_ea_slope
2025-10-01,GR,PEPP,32703.643,0.0,2.8918198324217386,1.328752288633973,single_maturity_ea_slope
2025-11-01,GR,PEPP,32703.643,0.0,2.8888808015445373,1.328752288633973,single_maturity_ea_slope
2025-12-01,GR,PEPP,32703.643,0.0,3.0236166226150596,1.328752288633973,single_maturity_ea_slope
2026-01-01,GR,PEPP,32703.643,0.0,2.9973981932785714,1.328752288633973,single_maturity_ea_slope
2026-02-01,GR,PEPP,30751.399,0.0,2.99540046336065,1.328752288633973,single_maturity_ea_slope
2026-03-01,GR,PEPP,30751.399,0.0,3.3889994165103867,1.328752288633973,single_maturity_ea_slope
2026-04-01,GR,PEPP,30751.399,0.0,3.4569390895535625,1.328752288633973,single_maturity_ea_slope
2026-05-01,GR,PEPP,30751.399,0.0,3.4430790837597938,1.328752288633973,single_maturity_ea_slope
2026-06-01,GR,PEPP,30751.399,0.0,3.3480415274631707,1.328752288633973,single_maturity_ea_slope
2026-07-01,GR,PEPP,29910.405,0.0,3.510358920569359,1.328752288633973,single_maturity_ea_slope
2026-08-01,GR,PEPP,29910.405,0.0,3.5832646223792977,1.328752288633973,single_maturity_ea_slope
2020-03-01,IE,PEPP,182.245,182.245,0.05949240482576702,0.05949240482576702,single_maturity_ea_slope
2020-04-01,IE,PEPP,1177.036,994.791,0.04738950274400805,0.04926344151044354,single_maturity_ea_slope
2020-05-01,IE,PEPP,2667.0,1489.964,-0.10959127023430155,-0.039483390784287385,single_maturity_ea_slope
2020-06-01,IE,PEPP,4156.964,1489.964,-0.12543207200125073,-0.0702896332392982,single_maturity_ea_slope
2020-07-01,IE,PEPP,5308.219,1151.255,-0.22860223639837268,-0.10462472302174694,single_maturity_ea_slope
2020-08-01,IE,PEPP,6120.765,812.5460000000003,-0.30108317168006893,-0.130705045763026,single_maturity_ea_slope
2020-09-01,IE,PEPP,7136.892,1016.1269999999995,-0.3159319900721982,-0.15707704343933188,single_maturity_ea_slope
2020-10-01,IE,PEPP,8153.908,1017.0160000000005,-0.38322880196091297,-0.18528437136657663,single_maturity_ea_slope
2020-11-01,IE,PEPP,9170.924,1017.0160000000005,-0.3986267928150169,-0.20894312768075032,single_maturity_ea_slope
2020-12-01,IE,PEPP,9983.47,812.5459999999985,-0.4240796824843164,-0.22645290605033705,single_maturity_ea_slope
2021-01-01,IE,PEPP,10776.458,792.9880000000012,-0.3775167497686295,-0.23756897176529473,single_maturity_ea_slope
2021-02-01,IE,PEPP,11587.226,810.768,-0.23321524668223578,-0.23726433794024104,single_maturity_ea_slope
2021-03-01,IE,PEPP,12590.018,1002.7919999999995,-0.1902592244940851,-0.2335203916072892,single_maturity_ea_slope
2021-04-01,IE,PEPP,13770.61,1180.5920000000006,-0.15047518828362993,-0.2264006995470039,single_maturity_ea_slope
2021-05-01,IE,PEPP,14907.641,1137.030999999999,-0.01032963756398847,-0.2099205940978849,single_maturity_ea_slope
2021-06-01,IE,PEPP,15985.998,1078.357,-0.04629968293343675,-0.19888332542685414,single_maturity_ea_slope
2021-07-01,IE,PEPP,17197.705,1211.7070000000022,-0.17130767058783072,-0.19694041420712866,single_maturity_ea_slope
2021-08-01,IE,PEPP,18108.041,910.3359999999993,-0.2688300665635284,-0.20055448480524116,single_maturity_ea_slope
2021-09-01,IE,PEPP,19100.165,992.1239999999998,-0.15718944519705613,-0.1983019651774667,single_maturity_ea_slope
2021-10-01,IE,PEPP,20014.057,913.8919999999998,-0.011887624768144034,-0.1897898192199851,single_maturity_ea_slope
2021-11-01,IE,PEPP,20934.172,920.114999999998,-0.0134036836066114,-0.18203715868151724,single_maturity_ea_slope
2021-12-01,IE,PEPP,21652.484,718.3120000000017,-0.06295694180095457,-0.1780867228447832,single_maturity_ea_slope
2022-01-01,IE,PEPP,22519.259000000002,866.7750000000015,0.19758562717483144,-0.16362694860495355,single_maturity_ea_slope
2022-02-01,IE,PEPP,23075.773,556.5139999999992,0.6319320847827018,-0.1444406036921874,single_maturity_ea_slope
2022-03-01,IE,PEPP,22697.059,0.0,0.7869624015752148,-0.1444406036921874,single_maturity_ea_slope
2022-04-01,IE,PEPP,22785.07,88.0109999999986,1.2977196248425766,-0.13887002770213905,single_maturity_ea_slope
2022-05-01,IE,PEPP,22963.759000000002,178.68900000000212,1.4945764144653855,-0.12615961250815985,single_maturity_ea_slope
2022-06-01,IE,PEPP,23116.667,152.90799999999945,1.989069582169203,-0.11216817223263377,single_maturity_ea_slope
2022-07-01,IE,PEPP,23116.667,0.0,1.5089770676846832,-0.11216817223263377,single_maturity_ea_slope
2022-08-01,IE,PEPP,23189.565,72.89799999999741,1.5155049011277733,-0.10705146945266257,single_maturity_ea_slope
2022-09-01,IE,PEPP,23404.703,215.13800000000265,2.3056159032314154,-0.08487402788356795,single_maturity_ea_slope
2022-10-01,IE,PEPP,22764.623,0.0,2.5374004032213815,-0.08487402788356795,single_maturity_ea_slope
2022-11-01,IE,PEPP,22957.536,192.91300000000047,2.4478492694630036,-0.06359146300112498,single_maturity_ea_slope
2022-12-01,IE,PEPP,22993.096,35.56000000000131,2.5461828282903123,-0.05955531346309292,single_maturity_ea_slope
2023-01-01,IE,PEPP,23111.333,118.23699999999735,2.630914658801525,-0.045790936561481727,single_maturity_ea_slope
2023-02-01,IE,PEPP,23215.346,104.01300000000265,2.851148947569271,-0.0328116164097123,single_maturity_ea_slope
2023-03-01,IE,PEPP,22317.456000000002,0.0,2.832602587819375,-0.0328116164097123,single_maturity_ea_slope
2023-04-01,IE,PEPP,22383.242000000002,65.78600000000006,2.7130104841361264,-0.024741442629412348,single_maturity_ea_slope
2023-05-01,IE,PEPP,22473.031,89.78899999999703,2.698438698553546,-0.013861218164066815,single_maturity_ea_slope
2023-06-01,IE,PEPP,22528.149,55.11800000000221,2.746608187342449,-0.007107376439533024,single_maturity_ea_slope
2023-07-01,IE,PEPP,22591.268,63.11899999999878,2.894677223438232,0.0010000809267237574,single_maturity_ea_slope
2023-08-01,IE,PEPP,22664.166,72.89800000000105,2.8983419797443637,0.010319216241034964,single_maturity_ea_slope
2023-09-01,IE,PEPP,22705.06,40.89400000000023,3.01916603196825,0.01573843916677704,single_maturity_ea_slope
2023-10-01,IE,PEPP,22801.072,96.0119999999988,3.163955127943636,0.028995122042162896,single_maturity_ea_slope
2023-11-01,IE,PEPP,22853.523,52.45100000000093,2.9104490982857043,0.035608331852657,single_maturity_ea_slope
2023-12-01,IE,PEPP,22888.194,34.67099999999846,2.346013219299408,0.039108129514834396,single_maturity_ea_slope
2024-01-01,IE,PEPP,23011.765,123.57099999999991,2.4425755367684094,0.05201452200501198,single_maturity_ea_slope
2024-02-01,IE,PEPP,23119.334,107.5689999999995,2.6670146833541493,0.06418152267882742,single_maturity_ea_slope
2024-03-01,IE,PEPP,22024.086,0.0,2.6742993909254373,0.06418152267882742,single_maturity_ea_slope
2024-04-01,IE,PEPP,22132.544,108.45800000000236,2.790609641260988,0.07754207178177691,single_maturity_ea_slope
2024-05-01,IE,PEPP,22265.894,133.34999999999854,2.8405296904956137,0.09408955013389186,single_maturity_ea_slope
2024-06-01,IE,PEPP,22316.567,50.672999999998865,2.8475003004844246,0.10034156832972412,single_maturity_ea_slope
2024-07-01,IE,PEPP,22379.686,63.119000000002416,2.7519526060868906,0.10782009314424568,single_maturity_ea_slope
2024-08-01,IE,PEPP,22399.244,19.557999999997264,2.464627952727614,0.1098779504593285,single_maturity_ea_slope
2024-09-01,IE,PEPP,22433.026,33.78200000000288,2.3428538680241195,0.11324059945938672,single_maturity_ea_slope
2024-10-01,IE,PEPP,22476.587,43.560999999997875,2.3661209272755,0.1176068192933852,single_maturity_ea_slope
2024-11-01,IE,PEPP,22514.814000000002,38.22700000000259,2.4166249198908325,0.12151022995143217,single_maturity_ea_slope
2024-12-01,IE,PEPP,22528.149,13.334999999999127,2.278086354587526,0.12278676370580409,single_maturity_ea_slope
2025-01-01,IE,PEPP,22528.149,0.0,2.5478186942466485,0.12278676370580409,single_maturity_ea_slope
2025-02-01,IE,PEPP,22528.149,0.0,2.4682288255158062,0.12278676370580409,single_maturity_ea_slope
2025-03-01,IE,PEPP,20812.379,0.0,2.7615935551641666,0.12278676370580409,single_maturity_ea_slope
2025-04-01,IE,PEPP,20812.379,0.0,2.5427723334157313,0.12278676370580409,single_maturity_ea_slope
2025-05-01,IE,PEPP,20812.379,0.0,2.5209721265432026,0.12278676370580409,single_maturity_ea_slope
2025-06-01,IE,PEPP,20812.379,0.0,2.5000160152146194,0.12278676370580409,single_maturity_ea_slope
2025-07-01,IE,PEPP,20812.379,0.0,2.5423463823860213,0.12278676370580409,single_maturity_ea_slope
2025-08-01,IE,PEPP,20812.379,0.0,2.54968088785747,0.12278676370580409,single_maturity_ea_slope
2025-09-01,IE,PEPP,20812.379,0.0,2.5477345832982046,0.12278676370580409,single_maturity_ea_slope
2025-10-01,IE,PEPP,20812.379,0.0,2.488994937982608,0.12278676370580409,single_maturity_ea_slope
2025-11-01,IE,PEPP,20812.379,0.0,2.5118988361523753,0.12278676370580409,single_maturity_ea_slope
2025-12-01,IE,PEPP,20812.379,0.0,2.623870399280595,0.12278676370580409,single_maturity_ea_slope
2026-01-01,IE,PEPP,20812.379,0.0,2.6561961784423214,0.12278676370580409,single_maturity_ea_slope
2026-02-01,IE,PEPP,20812.379,0.0,2.621080126161987,0.12278676370580409,single_maturity_ea_slope
2026-03-01,IE,PEPP,20812.379,0.0,2.8623923068388866,0.12278676370580409,single_maturity_ea_slope
2026-04-01,IE,PEPP,20812.379,0.0,2.9046211255889376,0.12278676370580409,single_maturity_ea_slope
2026-05-01,IE,PEPP,19065.494,0.0,2.97169296427975,0.12278676370580409,single_maturity_ea_slope
2026-06-01,IE,PEPP,19065.494,0.0,2.8636643187992443,0.12278676370580409,single_maturity_ea_slope
2026-07-01,IE,PEPP,19065.494,0.0,2.991272308566229,0.12278676370580409,single_maturity_ea_slope
2026-08-01,IE,PEPP,19065.494,0.0,3.0794306230975836,0.12278676370580409,single_maturity_ea_slope
2015-03-01,IE,PSPP,641.7777777777777,641.7777777777777,0.5821989347812988,0.5821989347812988,single_maturity_ea_slope
2015-04-01,IE,PSPP,1295.111111111111,653.3333333333334,0.5293565471027224,0.555541999336032,single_maturity_ea_slope
2015-05-01,IE,PSPP,1984.0,688.8888888888889,0.9661183441222152,0.6981032301645678,single_maturity_ea_slope
2015-06-01,IE,PSPP,2680.8888888888887,696.8888888888887,1.2828165732440786,0.8500976800897456,single_maturity_ea_slope
2015-07-01,IE,PSPP,3366.222222222222,685.3333333333335,1.0996645417407898,0.9009073052106739,single_maturity_ea_slope
2015-08-01,IE,PSPP,3934.222222222222,568.0,0.9372519565754052,0.906154533457864,single_maturity_ea_slope
2015-09-01,IE,PSPP,4666.666666666666,732.4444444444439,0.8926680725973466,0.9040378013151847,single_maturity_ea_slope
2015-10-01,IE,PSPP,5385.777777777777,719.1111111111113,0.7304067176168942,0.880854512536192,single_maturity_ea_slope
2015-11-01,IE,PSPP,6132.444444444444,746.666666666667,0.6869245670435282,0.8572422275363605,single_maturity_ea_slope
2015-12-01,IE,PSPP,6740.444444444444,608.0,0.7033957423173747,0.8433650027058466,single_maturity_ea_slope
2016-01-01,IE,PSPP,7435.555555555555,695.1111111111104,0.6566278770714152,0.8259079277212531,single_maturity_ea_slope
2016-02-01,IE,PSPP,8149.333333333333,713.7777777777783,0.6486546643915102,0.8103828000539555,single_maturity_ea_slope
2016-03-01,IE,PSPP,8867.555555555555,718.2222222222217,0.5040869245880742,0.7855745535246419,single_maturity_ea_slope
2016-04-01,IE,PSPP,9825.777777777777,958.2222222222226,0.5376157830386306,0.7613933019791452,single_maturity_ea_slope
2016-05-01,IE,PSPP,10814.22222222222,988.4444444444434,0.5144503045208144,0.7388221517922585,single_maturity_ea_slope
2016-06-01,IE,PSPP,11778.666666666666,964.4444444444453,0.48371006848367093,0.7179334180823637,single_maturity_ea_slope
2016-07-01,IE,PSPP,12655.111111111111,876.4444444444453,0.20651408052602382,0.6825144768145016,single_maturity_ea_slope
2016-08-01,IE,PSPP,13274.666666666666,619.5555555555547,0.1431157915728653,0.657339648663074,single_maturity_ea_slope
2016-09-01,IE,PSPP,14147.555555555555,872.8888888888887,0.1463277651839136,0.6258107676894289,single_maturity_ea_slope
2016-10-01,IE,PSPP,15056.0,908.4444444444453,0.20887619608951896,0.6006538936679914,single_maturity_ea_slope
2016-11-01,IE,PSPP,15926.22222222222,870.2222222222208,0.4956968038546364,0.5949189497082172,single_maturity_ea_slope
2016-12-01,IE,PSPP,16502.222222222223,576.0000000000018,0.4120107891845646,0.5885346519425654,single_maturity_ea_slope
2017-01-01,IE,PSPP,16988.444444444445,486.2222222222226,0.5379365956332139,0.5870864970241259,single_maturity_ea_slope
2017-02-01,IE,PSPP,17483.555555555555,495.1111111111095,0.5780091305805792,0.5868294380425276,single_maturity_ea_slope
2017-03-01,IE,PSPP,17985.777777777777,502.2222222222226,0.5692644837679393,0.5863389666001464,single_maturity_ea_slope
2017-04-01,IE,PSPP,18449.777777777777,464.0,0.444942391858881,0.5827829340305308,single_maturity_ea_slope
2017-05-01,IE,PSPP,18908.44444444444,458.66666666666424,0.34508418567069205,0.5770170185475638,single_maturity_ea_slope
2017-06-01,IE,PSPP,19368.888888888887,460.44444444444525,0.22979584349346371,0.5687627473829,single_maturity_ea_slope
2017-07-01,IE,PSPP,19901.333333333332,532.4444444444453,0.36795684942721785,0.5633903442887264,single_maturity_ea_slope
2017-08-01,IE,PSPP,20335.11111111111,433.7777777777774,0.23854723195261052,0.5564609637397022,single_maturity_ea_slope
2017-09-01,IE,PSPP,20848.0,512.8888888888905,0.19241505459953345,0.5475049438891915,single_maturity_ea_slope
2017-10-01,IE,PSPP,20819.555555555555,0.0,0.24284863250961436,0.5475049438891915,single_maturity_ea_slope
2017-11-01,IE,PSPP,21860.44444444444,1040.8888888888869,0.1651643203538281,0.5292997281709013,single_maturity_ea_slope
2017-12-01,IE,PSPP,22474.666666666664,614.2222222222226,0.14468327212324816,0.5187883387100197,single_maturity_ea_slope
2018-01-01,IE,PSPP,22836.44444444444,361.7777777777774,0.5238283383981382,0.5188681830085314,single_maturity_ea_slope
2018-02-01,IE,PSPP,23219.555555555555,383.11111111111313,0.7349601078378047,0.5224335922268692,single_maturity_ea_slope
2018-03-01,IE,PSPP,23584.0,364.44444444444525,0.628254793451203,0.5240688512537792,single_maturity_ea_slope
2018-04-01,IE,PSPP,24088.0,504.0,0.5823341650001927,0.5252879528034384,single_maturity_ea_slope
2018-05-01,IE,PSPP,24548.44444444444,460.4444444444416,0.6100749021261923,0.5268782645588495,single_maturity_ea_slope
2018-06-01,IE,PSPP,25050.666666666664,502.2222222222226,0.5500384669003945,0.5273425862650084,single_maturity_ea_slope
2018-07-01,IE,PSPP,25562.666666666664,512.0,0.4698394720071891,0.5261908443562351,single_maturity_ea_slope
2018-08-01,IE,PSPP,26017.777777777777,455.11111111111313,0.5028446757882247,0.5257824658694971,single_maturity_ea_slope
2018-09-01,IE,PSPP,26321.777777777777,304.0,0.574914022716102,0.5263499044903784,single_maturity_ea_slope
2018-10-01,IE,PSPP,26472.888888888887,151.1111111111095,0.6415835041195266,0.5270076746850247,single_maturity_ea_slope
2018-11-01,IE,PSPP,26597.333333333332,124.44444444444525,0.6062857341274217,0.5273786033770217,single_maturity_ea_slope
2018-12-01,IE,PSPP,26786.666666666664,189.33333333333212,0.5592571997357674,0.5276039274528277,single_maturity_ea_slope
2019-01-01,IE,PSPP,26968.0,181.33333333333576,0.5760769486192424,0.527929860948261,single_maturity_ea_slope
2019-02-01,IE,PSPP,27137.777777777777,169.77777777777737,0.5052297101882062,0.527787845593031,single_maturity_ea_slope
2019-03-01,IE,PSPP,27308.44444444444,170.66666666666424,0.34748913932665565,0.5266610520378217,single_maturity_ea_slope
2019-04-01,IE,PSPP,27477.333333333332,168.8888888888905,0.23732943114234561,0.5248826809207752,single_maturity_ea_slope
2019-05-01,IE,PSPP,27641.777777777777,164.44444444444525,0.17381561070024465,0.5227941383606955,single_maturity_ea_slope
2019-06-01,IE,PSPP,27796.44444444444,154.66666666666424,-0.017623621788464994,0.519787112993232,single_maturity_ea_slope
2019-07-01,IE,PSPP,27959.11111111111,162.66666666666788,-0.13488230850503102,0.5159782332280453,single_maturity_ea_slope
2019-08-01,IE,PSPP,28102.22222222222,143.1111111111095,-0.25263777824835953,0.5120640412986541,single_maturity_ea_slope
2019-09-01,IE,PSPP,28257.777777777777,155.55555555555839,-0.20963918887488167,0.508091154690275,single_maturity_ea_slope
2019-10-01,IE,PSPP,28261.333333333332,3.555555555554747,-0.18657816174479253,0.5080037584121804,single_maturity_ea_slope
2019-11-01,IE,PSPP,28643.555555555555,382.2222222222226,-0.14392190053153286,0.49930440285899647,single_maturity_ea_slope
2019-12-01,IE,PSPP,29089.777777777777,446.2222222222226,-0.19744741400688293,0.488616588519735,single_maturity_ea_slope
2020-01-01,IE,PSPP,29686.22222222222,596.4444444444416,-0.20878123708779603,0.4746047329344234,single_maturity_ea_slope
2020-02-01,IE,PSPP,30073.777777777777,387.5555555555584,-0.3231992008106893,0.4643235720822119,single_maturity_ea_slope
2020-03-01,IE,PSPP,30646.22222222222,572.4444444444416,-0.10783901382174386,0.45363607881649426,single_maturity_ea_slope
2020-04-01,IE,PSPP,29624.888888888887,0.0,0.036435006725497876,0.45363607881649426,single_maturity_ea_slope
2020-05-01,IE,PSPP,30032.0,407.11111111111313,-0.07537729409245937,0.4464648207571708,single_maturity_ea_slope
2020-06-01,IE,PSPP,30443.555555555555,411.55555555555475,-0.0993050373575002,0.43908675295060445,single_maturity_ea_slope
2020-07-01,IE,PSPP,31088.888888888887,645.3333333333321,-0.21413607588397748,0.42552735984884876,single_maturity_ea_slope
2020-08-01,IE,PSPP,31384.0,295.11111111111313,-0.2892313710691612,0.41880631590105427,single_maturity_ea_slope
2020-09-01,IE,PSPP,32013.333333333332,629.3333333333321,-0.3067028567111717,0.40454391150817753,single_maturity_ea_slope
2020-10-01,IE,PSPP,32235.555555555555,222.22222222222263,-0.3797888681200832,0.3991369572849026,single_maturity_ea_slope
2020-11-01,IE,PSPP,32889.777777777774,654.222222222219,-0.4013946010800862,0.3832133004389625,single_maturity_ea_slope
2020-12-01,IE,PSPP,33356.444444444445,466.6666666666715,-0.42886379363096205,0.3718520982221871,single_maturity_ea_slope
2021-01-01,IE,PSPP,33654.22222222222,297.77777777777374,-0.3858776970486445,0.3651475874745649,single_maturity_ea_slope
2021-02-01,IE,PSPP,33933.33333333333,279.1111111111095,-0.2527178172011139,0.3600654725546392,single_maturity_ea_slope
2021-03-01,IE,PSPP,34281.777777777774,348.44444444444525,-0.21278299647886195,0.3542429662704809,single_maturity_ea_slope
2021-04-01,IE,PSPP,34564.444444444445,282.6666666666715,-0.18362342710128254,0.34984431606880356,single_maturity_ea_slope
2021-05-01,IE,PSPP,34775.11111111111,210.66666666666424,-0.06151766483477203,0.34735229650246885,single_maturity_ea_slope
2021-06-01,IE,PSPP,35048.88888888889,273.777777777781,-0.1026370535812696,0.343837289659309,single_maturity_ea_slope
2021-07-01,IE,PSPP,35288.0,239.1111111111095,-0.20919665401013257,0.34008993756361194,single_maturity_ea_slope
2021-08-01,IE,PSPP,35492.444444444445,204.44444444444525,-0.29994498796195884,0.33640319276983094,single_maturity_ea_slope
2021-09-01,IE,PSPP,35785.777777777774,293.3333333333285,-0.18915902846696075,0.33209519870618953,single_maturity_ea_slope
2021-10-01,IE,PSPP,36006.22222222222,220.44444444444525,-0.05159182255677747,0.3297461138252254,single_maturity_ea_slope
2021-11-01,IE,PSPP,36245.33333333333,239.1111111111095,-0.05127828625488903,0.3272324890552246,single_maturity_ea_slope
2021-12-01,IE,PSPP,36474.666666666664,229.33333333333576,-0.10089758049147918,0.3245406345457191,single_maturity_ea_slope
2022-01-01,IE,PSPP,37077.33333333333,602.6666666666642,0.15249790869546287,0.32174419783382624,single_maturity_ea_slope
2022-02-01,IE,PSPP,37304.88888888888,227.55555555555475,0.585442504564361,0.3233527273449542,single_maturity_ea_slope
2022-03-01,IE,PSPP,35736.88888888889,0.0,0.7444986578534651,0.3233527273449542,single_maturity_ea_slope
2022-04-01,IE,PSPP,36744.0,1007.1111111111095,1.2658895478362782,0.349186586057891,single_maturity_ea_slope
2022-05-01,IE,PSPP,37317.33333333333,573.3333333333285,1.461729793647913,0.36627939652179353,single_maturity_ea_slope
2022-06-01,IE,PSPP,37708.444444444445,391.11111111111677,1.9600599139430632,0.3828100510799325,single_maturity_ea_slope
2022-07-01,IE,PSPP,38079.11111111111,370.66666666666424,1.4674464870207884,0.39336803314737884,single_maturity_ea_slope
2022-08-01,IE,PSPP,38193.777777777774,114.66666666666424,1.483216715134607,0.3966400141559515,single_maturity_ea_slope
2022-09-01,IE,PSPP,38743.11111111111,549.3333333333358,2.287429215595313,0.4234492585575835,single_maturity_ea_slope
2022-10-01,IE,PSPP,37760.0,0.0,2.5123729820438356,0.4234492585575835,single_maturity_ea_slope
2022-11-01,IE,PSPP,37965.33333333333,205.33333333332848,2.434306071665965,0.4343248625899879,single_maturity_ea_slope
2022-12-01,IE,PSPP,38158.22222222222,192.8888888888905,2.540625899233613,0.44497216330168354,single_maturity_ea_slope
2023-01-01,IE,PSPP,38324.444444444445,166.22222222222626,2.6310211432400923,0.45445357717732987,single_maturity_ea_slope
2023-02-01,IE,PSPP,38452.444444444445,128.0,2.854443014118864,0.46244263099086186,single_maturity_ea_slope
2023-03-01,IE,PSPP,36599.11111111111,0.0,2.8353378357109174,0.46244263099086186,single_maturity_ea_slope
2023-04-01,IE,PSPP,36686.22222222222,87.1111111111095,2.7117357150323236,0.4677835575811909,single_maturity_ea_slope
2023-05-01,IE,PSPP,36818.666666666664,132.44444444444525,2.6923565958138473,0.475785812058308,single_maturity_ea_slope
2023-06-01,IE,PSPP,36868.444444444445,49.77777777778101,2.7536239759089884,0.4788612258340305,single_maturity_ea_slope
2023-07-01,IE,PSPP,36868.444444444445,0.0,2.906175031648589,0.4788612258340305,single_maturity_ea_slope
2023-08-01,IE,PSPP,36868.444444444445,0.0,2.8974552610427984,0.4788612258340305,single_maturity_ea_slope
2023-09-01,IE,PSPP,36868.444444444445,0.0,3.018363029509714,0.4788612258340305,single_maturity_ea_slope
2023-10-01,IE,PSPP,36868.444444444445,0.0,3.1557211912809544,0.4788612258340305,single_maturity_ea_slope
2023-11-01,IE,PSPP,36868.444444444445,0.0,2.9062242915954544,0.4788612258340305,single_maturity_ea_slope
2023-12-01,IE,PSPP,36868.444444444445,0.0,2.3435787194846975,0.4788612258340305,single_maturity_ea_slope
2024-01-01,IE,PSPP,36868.444444444445,0.0,2.4308007349303415,0.4788612258340305,single_maturity_ea_slope
2024-02-01,IE,PSPP,36868.444444444445,0.0,2.663277835487649,0.4788612258340305,single_maturity_ea_slope
2024-03-01,IE,PSPP,34652.444444444445,0.0,2.6808452886114122,0.4788612258340305,single_maturity_ea_slope
2024-04-01,IE,PSPP,34652.444444444445,0.0,2.7924194157962385,0.4788612258340305,single_maturity_ea_slope
2024-05-01,IE,PSPP,34652.444444444445,0.0,2.8477261416285002,0.4788612258340305,single_maturity_ea_slope
2024-06-01,IE,PSPP,34652.444444444445,0.0,2.8537125476929246,0.4788612258340305,single_maturity_ea_slope
2024-07-01,IE,PSPP,34652.444444444445,0.0,2.754699787981885,0.4788612258340305,single_maturity_ea_slope
2024-08-01,IE,PSPP,34652.444444444445,0.0,2.444386004780676,0.4788612258340305,single_maturity_ea_slope
2024-09-01,IE,PSPP,34652.444444444445,0.0,2.3105834747367267,0.4788612258340305,single_maturity_ea_slope
2024-10-01,IE,PSPP,34652.444444444445,0.0,2.3275001179943806,0.4788612258340305,single_maturity_ea_slope
2024-11-01,IE,PSPP,34652.444444444445,0.0,2.3769283858213686,0.4788612258340305,single_maturity_ea_slope
2024-12-01,IE,PSPP,34652.444444444445,0.0,2.2383724370382234,0.4788612258340305,single_maturity_ea_slope
2025-01-01,IE,PSPP,34652.444444444445,0.0,2.503261770746762,0.4788612258340305,single_maturity_ea_slope
2025-02-01,IE,PSPP,34652.444444444445,0.0,2.422564269692069,0.4788612258340305,single_maturity_ea_slope
2025-03-01,IE,PSPP,32169.777777777777,0.0,2.687701505104881,0.4788612258340305,single_maturity_ea_slope
2025-04-01,IE,PSPP,32169.777777777777,0.0,2.4531664634123436,0.4788612258340305,single_maturity_ea_slope
2025-05-01,IE,PSPP,32169.777777777777,0.0,2.431511317454453,0.4788612258340305,single_maturity_ea_slope
2025-06-01,IE,PSPP,32169.777777777777,0.0,2.420044417720977,0.4788612258340305,single_maturity_ea_slope
2025-07-01,IE,PSPP,32169.777777777777,0.0,2.456494941899184,0.4788612258340305,single_maturity_ea_slope
2025-08-01,IE,PSPP,32169.777777777777,0.0,2.465186185128292,0.4788612258340305,single_maturity_ea_slope
2025-09-01,IE,PSPP,32169.777777777777,0.0,2.466506057108159,0.4788612258340305,single_maturity_ea_slope
2025-10-01,IE,PSPP,32169.777777777777,0.0,2.412778725004347,0.4788612258340305,single_maturity_ea_slope
2025-11-01,IE,PSPP,32169.777777777777,0.0,2.43693231333005,0.4788612258340305,single_maturity_ea_slope
2025-12-01,IE,PSPP,32169.777777777777,0.0,2.5468081263545237,0.4788612258340305,single_maturity_ea_slope
2026-01-01,IE,PSPP,32169.777777777777,0.0,2.5772988873698215,0.4788612258340305,single_maturity_ea_slope
2026-02-01,IE,PSPP,32169.777777777777,0.0,2.5432295944949748,0.4788612258340305,single_maturity_ea_slope
2026-03-01,IE,PSPP,32169.777777777777,0.0,2.803398292787932,0.4788612258340305,single_maturity_ea_slope
2026-04-01,IE,PSPP,32169.777777777777,0.0,2.8472898250128127,0.4788612258340305,single_maturity_ea_slope
2026-05-01,IE,PSPP,28840.888888888887,0.0,2.923994828758412,0.4788612258340305,single_maturity_ea_slope
2026-06-01,IE,PSPP,28840.888888888887,0.0,2.8195737915202557,0.4788612258340305,single_maturity_ea_slope
2026-07-01,IE,PSPP,28840.888888888887,0.0,2.9482363283246418,0.4788612258340305,single_maturity_ea_slope
2026-08-01,IE,PSPP,28840.888888888887,0.0,3.0359844961671905,0.4788612258340305,single_maturity_ea_slope
2020-03-01,IT,PEPP,1882.902,1882.902,1.36466375647211,1.36466375647211,single_maturity_ea_slope
2020-04-01,IT,PEPP,15160.117,13277.215,1.5605754645320675,1.5362430304928376,single_maturity_ea_slope
2020-05-01,IT,PEPP,33217.485,18057.368000000002,1.5109947536238562,1.5225178063589488,single_maturity_ea_slope
2020-06-01,IT,PEPP,52278.534,19061.049,1.2112318818070817,1.409021198728493,single_maturity_ea_slope
2020-07-01,IT,PEPP,65281.048,13002.514000000003,0.9729066332267078,1.322157002805338,single_maturity_ea_slope
2020-08-01,IT,PEPP,74480.42,9199.371999999996,0.8125830841407969,1.259217507575681,single_maturity_ea_slope
2020-09-01,IT,PEPP,84671.027,10190.607000000004,0.7542500649684345,1.1984419986710173,single_maturity_ea_slope
2020-10-01,IT,PEPP,94838.52,10167.493000000002,0.5598654796538599,1.1299811845727867,single_maturity_ea_slope
2020-11-01,IT,PEPP,105052.241,10213.72099999999,0.46018669940407686,1.0648603081999368,single_maturity_ea_slope
2020-12-01,IT,PEPP,113247.043,8194.80200000001,0.3915950949025804,1.0161413750578183,single_maturity_ea_slope
2021-01-01,IT,PEPP,121179.59,7932.546999999991,0.4230630172837683,0.9773178244275063,single_maturity_ea_slope
2021-02-01,IT,PEPP,129354.834,8175.244000000006,0.32256298034130215,0.9359372246844252,single_maturity_ea_slope
2021-03-01,IT,PEPP,139412.09100000001,10057.257000000012,0.38310649940534014,0.8960557435177151,single_maturity_ea_slope
2021-04-01,IT,PEPP,151214.45500000002,11802.364000000001,0.4479713268413981,0.8610825302204707,single_maturity_ea_slope
2021-05-01,IT,PEPP,162639.883,11425.427999999985,0.5933905753658697,0.8422772095331058,single_maturity_ea_slope
2021-06-01,IT,PEPP,173447.456,10807.573000000004,0.5145630017717732,0.8218572200723335,single_maturity_ea_slope
2021-07-01,IT,PEPP,185600.086,12152.630000000005,0.44445071110191625,0.797145584631016,single_maturity_ea_slope
2021-08-01,IT,PEPP,194715.892,9115.805999999982,0.3560885613353388,0.7764970889278463,single_maturity_ea_slope
2021-09-01,IT,PEPP,204678.026,9962.13400000002,0.4570092586959267,0.7609469068279875,single_maturity_ea_slope
2021-10-01,IT,PEPP,213840.949,9162.92299999998,0.6087109814698901,0.7544237125173879,single_maturity_ea_slope
2021-11-01,IT,PEPP,223039.432,9198.483000000007,0.7140353561303157,0.7527580357072694,single_maturity_ea_slope
2021-12-01,IT,PEPP,230288.338,7248.905999999988,0.8020383410362419,0.7543092575541221,single_maturity_ea_slope
2022-01-01,IT,PEPP,238612.045,8323.707000000024,1.0647606127199152,0.7651389963384866,single_maturity_ea_slope
2022-02-01,IT,PEPP,245055.517,6443.47199999998,1.5546094652610198,0.7858972756198674,single_maturity_ea_slope
2022-03-01,IT,PEPP,249832.114,4776.597000000009,1.5854673322049446,0.8011844373559048,single_maturity_ea_slope
2022-04-01,IT,PEPP,248524.395,0.0,2.2398741087655982,0.8011844373559048,single_maturity_ea_slope
2022-05-01,IT,PEPP,248299.478,0.0,2.75463949530581,0.8011844373559048,single_maturity_ea_slope
2022-06-01,IT,PEPP,249507.62900000002,1208.1510000000126,3.4060738203229093,0.8137976777827978,single_maturity_ea_slope
2022-07-01,IT,PEPP,256977.896,7470.266999999993,2.998843708181143,0.8773162819446348,single_maturity_ea_slope
2022-08-01,IT,PEPP,258165.6,1187.703999999998,3.009171396585552,0.8871239900478038,single_maturity_ea_slope
2022-09-01,IT,PEPP,255872.869,0.0,3.973282781666304,0.8871239900478038,single_maturity_ea_slope
2022-10-01,IT,PEPP,257606.419,1733.5499999999884,4.264440037831651,0.9098514758665313,single_maturity_ea_slope
2022-11-01,IT,PEPP,255167.003,0.0,4.111605276806209,0.9098514758665313,single_maturity_ea_slope
2022-12-01,IT,PEPP,255747.52,580.5169999999925,4.200886895850218,0.9173217418886715,single_maturity_ea_slope
2023-01-01,IT,PEPP,255727.962,0.0,4.219612080854075,0.9173217418886715,single_maturity_ea_slope
2023-02-01,IT,PEPP,257905.123,2177.160999999993,4.2734625316898125,0.9456533188386347,single_maturity_ea_slope
2023-03-01,IT,PEPP,257567.303,0.0,4.225817433778991,0.9456533188386347,single_maturity_ea_slope
2023-04-01,IT,PEPP,259311.521,1744.2179999999935,4.17116087716221,0.9673491861131319,single_maturity_ea_slope
2023-05-01,IT,PEPP,260384.544,1073.0229999999865,4.2046595492385705,0.980689872255286,single_maturity_ea_slope
2023-06-01,IT,PEPP,259705.348,0.0,4.065914874783835,0.980689872255286,single_maturity_ea_slope
2023-07-01,IT,PEPP,261218.426,1513.0780000000086,4.190236730258732,0.9992808071107551,single_maturity_ea_slope
2023-08-01,IT,PEPP,258762.119,0.0,4.152378808497652,0.9992808071107551,single_maturity_ea_slope
2023-09-01,IT,PEPP,259764.911,1002.7919999999867,4.442948786373785,1.0125746838201506,single_maturity_ea_slope
2023-10-01,IT,PEPP,257250.81900000002,0.0,4.75738516813834,1.0125746838201506,single_maturity_ea_slope
2023-11-01,IT,PEPP,255631.06100000002,0.0,4.320131373941455,1.0125746838201506,single_maturity_ea_slope
2023-12-01,IT,PEPP,254669.163,0.0,3.6972126250854083,1.0125746838201506,single_maturity_ea_slope
2024-01-01,IT,PEPP,253700.153,0.0,3.63400888289125,1.0125746838201506,single_maturity_ea_slope
2024-02-01,IT,PEPP,255833.753,2133.600000000006,3.752665228198274,1.035426465951827,single_maturity_ea_slope
2024-03-01,IT,PEPP,257109.468,1275.7149999999965,3.630541141296275,1.04830279735965,single_maturity_ea_slope
2024-04-01,IT,PEPP,257232.15,122.6820000000007,3.7624056867660953,1.0495972373069045,single_maturity_ea_slope
2024-05-01,IT,PEPP,256743.2,0.0,3.783992233015284,1.0495972373069045,single_maturity_ea_slope
2024-06-01,IT,PEPP,258316.73,1573.5299999999988,3.8725259170904685,1.0667930378479684,single_maturity_ea_slope
2024-07-01,IT,PEPP,257041.015,0.0,3.7281364850113254,1.0667930378479684,single_maturity_ea_slope
2024-08-01,IT,PEPP,255255.903,0.0,3.4751416710402387,1.0667930378479684,single_maturity_ea_slope
2024-09-01,IT,PEPP,253498.35,0.0,3.310599947040602,1.0667930378479684,single_maturity_ea_slope
2024-10-01,IT,PEPP,254131.318,632.9679999999935,3.2175638004795926,1.0721499890446775,single_maturity_ea_slope
2024-11-01,IT,PEPP,252418.215,0.0,3.300848326934672,1.0721499890446775,single_maturity_ea_slope
2024-12-01,IT,PEPP,247341.136,0.0,3.0582458564829866,1.0721499890446775,single_maturity_ea_slope
2025-01-01,IT,PEPP,245954.296,0.0,3.380480982661421,1.0721499890446775,single_maturity_ea_slope
2025-02-01,IT,PEPP,242716.558,0.0,3.277266075902238,1.0721499890446775,single_maturity_ea_slope
2025-03-01,IT,PEPP,238955.199,0.0,3.481194623685952,1.0721499890446775,single_maturity_ea_slope
2025-04-01,IT,PEPP,237687.48500000002,0.0,3.216544004793413,1.0721499890446775,single_maturity_ea_slope
2025-05-01,IT,PEPP,235273.85,0.0,3.1304351447282026,1.0721499890446775,single_maturity_ea_slope
2025-06-01,IT,PEPP,232082.34,0.0,3.041918520755191,1.0721499890446775,single_maturity_ea_slope
2025-07-01,IT,PEPP,229260.654,0.0,3.047462111982472,1.0721499890446775,single_maturity_ea_slope
2025-08-01,IT,PEPP,226975.924,0.0,3.044004108068006,1.0721499890446775,single_maturity_ea_slope
2025-09-01,IT,PEPP,225225.483,0.0,3.070000591277409,1.0721499890446775,single_maturity_ea_slope
2025-10-01,IT,PEPP,225225.483,0.0,2.9760559657434777,1.0721499890446775,single_maturity_ea_slope
2025-11-01,IT,PEPP,222496.253,0.0,2.998434797129813,1.0721499890446775,single_maturity_ea_slope
2025-12-01,IT,PEPP,219434.537,0.0,3.0938062404955953,1.0721499890446775,single_maturity_ea_slope
2026-01-01,IT,PEPP,216968.451,0.0,3.0241462121610714,1.0721499890446775,single_maturity_ea_slope
2026-02-01,IT,PEPP,213930.738,0.0,2.922175508856787,1.0721499890446775,single_maturity_ea_slope
2026-03-01,IT,PEPP,211290.408,0.0,3.364302128554296,1.0721499890446775,single_maturity_ea_slope
2026-04-01,IT,PEPP,205411.451,0.0,3.4626139945478753,1.0721499890446775,single_maturity_ea_slope
2026-05-01,IT,PEPP,205367.89,0.0,3.502683721171062,1.0721499890446775,single_maturity_ea_slope
2026-06-01,IT,PEPP,201976.355,0.0,3.422046986022699,1.0721499890446775,single_maturity_ea_slope
2026-07-01,IT,PEPP,199367.14,0.0,3.5743363283246414,1.0721499890446775,single_maturity_ea_slope
2026-08-01,IT,PEPP,196477.89,0.0,3.6785519339589943,1.0721499890446775,single_maturity_ea_slope
2015-03-01,IT,PSPP,6763.555555555555,6763.555555555555,1.0548384770809403,1.0548384770809403,single_maturity_ea_slope
2015-04-01,IT,PSPP,13505.777777777777,6742.222222222223,1.1178944468480876,1.0863166612775843,single_maturity_ea_slope
2015-05-01,IT,PSPP,20819.555555555555,7313.777777777777,1.4454419689004467,1.212475103388459,single_maturity_ea_slope
2015-06-01,IT,PSPP,28076.44444444444,7256.888888888887,1.7473620391553695,1.3507267637316824,single_maturity_ea_slope
2015-07-01,IT,PSPP,35408.0,7331.555555555558,1.5893899297199208,1.4001441908811274,single_maturity_ea_slope
2015-08-01,IT,PSPP,41380.444444444445,5972.444444444445,1.4269335318847394,1.4040106996389574,single_maturity_ea_slope
2015-09-01,IT,PSPP,48699.555555555555,7319.1111111111095,1.51674592533159,1.42095380381245,single_maturity_ea_slope
2015-10-01,IT,PSPP,56135.11111111111,7435.555555555555,1.318823627191835,1.4074258248500824,single_maturity_ea_slope
2015-11-01,IT,PSPP,64024.88888888888,7889.777777777774,1.1511556204457676,1.3758456847060732,single_maturity_ea_slope
2015-12-01,IT,PSPP,70408.0,6383.111111111117,1.1580002951004005,1.3560960635423374,single_maturity_ea_slope
2016-01-01,IT,PSPP,78016.0,7608.0,1.1240139887500935,1.333463777536654,single_maturity_ea_slope
2016-02-01,IT,PSPP,85570.66666666666,7554.666666666657,1.203340315020321,1.3219757358616635,single_maturity_ea_slope
2016-03-01,IT,PSPP,93152.88888888889,7582.2222222222335,1.0202050625143115,1.2974129731523025,single_maturity_ea_slope
2016-04-01,IT,PSPP,104706.66666666666,11553.777777777766,1.1104365948076336,1.2767812063903516,single_maturity_ea_slope
2016-05-01,IT,PSPP,116655.11111111111,11948.444444444453,1.19461500378811,1.268365301612131,single_maturity_ea_slope
2016-06-01,IT,PSPP,128008.0,11352.88888888889,1.1701728490611165,1.2596567208707774,single_maturity_ea_slope
2016-07-01,IT,PSPP,138556.44444444444,10548.444444444438,0.9588063423651674,1.236752672513583,single_maturity_ea_slope
2016-08-01,IT,PSPP,146090.66666666666,7534.222222222219,0.9165981942392671,1.2202415904588886,single_maturity_ea_slope
2016-09-01,IT,PSPP,156586.66666666666,10496.0,0.9754551898591177,1.2038335646966152,single_maturity_ea_slope
2016-10-01,IT,PSPP,167540.44444444444,10953.777777777781,1.1373766222980817,1.1994886163395904,single_maturity_ea_slope
2016-11-01,IT,PSPP,177946.66666666666,10406.222222222219,1.5639199803828978,1.2208003600773143,single_maturity_ea_slope
2016-12-01,IT,PSPP,186317.3333333333,8370.666666666657,1.4233101531093189,1.229898504323367,single_maturity_ea_slope
2017-01-01,IT,PSPP,197252.44444444444,10935.111111111124,1.5108000654260039,1.245470883112351,single_maturity_ea_slope
2017-02-01,IT,PSPP,207728.0,10475.555555555562,1.8370912443557132,1.2753058209252732,single_maturity_ea_slope
2017-03-01,IT,PSPP,218296.88888888888,10568.888888888876,1.893482433700187,1.3052349691022462,single_maturity_ea_slope
2017-04-01,IT,PSPP,226973.3333333333,8676.444444444438,1.769505056874607,1.322982488445668,single_maturity_ea_slope
2017-05-01,IT,PSPP,235345.77777777775,8372.444444444438,1.6865391598637456,1.335916045455257,single_maturity_ea_slope
2017-06-01,IT,PSPP,243632.88888888888,8287.111111111124,1.56515038927157,1.3437133936965069,single_maturity_ea_slope
2017-07-01,IT,PSPP,252186.66666666666,8553.777777777781,1.714611464564652,1.3562936768587648,single_maturity_ea_slope
2017-08-01,IT,PSPP,258992.88888888888,6806.222222222219,1.593297979302244,1.3625220484444616,single_maturity_ea_slope
2017-09-01,IT,PSPP,267174.2222222222,8181.333333333314,1.5693866275656294,1.36885659697453,single_maturity_ea_slope
2017-10-01,IT,PSPP,275281.77777777775,8107.555555555562,1.513198432775343,1.3731077299851961,single_maturity_ea_slope
2017-11-01,IT,PSPP,283350.2222222222,8068.444444444438,1.2290580301424612,1.3690058909560794,single_maturity_ea_slope
2017-12-01,IT,PSPP,290424.0,7073.77777777781,1.2712675183885682,1.3666253042004937,single_maturity_ea_slope
2018-01-01,IT,PSPP,293464.8888888889,3040.888888888876,1.4699439285950238,1.3676958937968375,single_maturity_ea_slope
2018-02-01,IT,PSPP,296698.6666666666,3233.777777777752,1.551197675849671,1.3696959162157172,single_maturity_ea_slope
2018-03-01,IT,PSPP,299740.44444444444,3041.77777777781,1.4506571818735297,1.370517514312681,single_maturity_ea_slope
2018-04-01,IT,PSPP,303270.2222222222,3529.777777777752,1.2658309931170564,1.3692990624863148,single_maturity_ea_slope
2018-05-01,IT,PSPP,306478.2222222222,3208.0,1.657449591027512,1.372315220988076,single_maturity_ea_slope
2018-06-01,IT,PSPP,309987.55555555556,3509.333333333372,2.2232913601494757,1.3819490236279217,single_maturity_ea_slope
2018-07-01,IT,PSPP,313604.44444444444,3616.888888888876,2.1475652375264738,1.3907790922900813,single_maturity_ea_slope
2018-08-01,IT,PSPP,316802.6666666666,3198.22222222219,2.66563861717079,1.4036491988001856,single_maturity_ea_slope
2018-09-01,IT,PSPP,320029.3333333333,3226.666666666686,2.459314133117908,1.4142928445536953,single_maturity_ea_slope
2018-10-01,IT,PSPP,321587.55555555556,1558.222222222248,2.9550180567329862,1.4217582835064198,single_maturity_ea_slope
2018-11-01,IT,PSPP,322862.2222222222,1274.6666666666279,2.8669460006477028,1.427463914216129,single_maturity_ea_slope
2018-12-01,IT,PSPP,324759.11111111107,1896.888888888876,2.497002614040574,1.4337109939947146,single_maturity_ea_slope
2019-01-01,IT,PSPP,327721.77777777775,2962.666666666686,2.282838404273475,1.4413872658959725,single_maturity_ea_slope
2019-02-01,IT,PSPP,327953.77777777775,232.0,2.363384247050739,1.4420395020161885,single_maturity_ea_slope
2019-03-01,IT,PSPP,329313.77777777775,1360.0,2.2681381463102266,1.44545112409839,single_maturity_ea_slope
2019-04-01,IT,PSPP,329260.44444444444,0.0,2.201414967264808,1.44545112409839,single_maturity_ea_slope
2019-05-01,IT,PSPP,325766.2222222222,0.0,2.2322036705176784,1.44545112409839,single_maturity_ea_slope
2019-06-01,IT,PSPP,326375.11111111107,608.888888888876,1.9240194569325817,1.4463439462852439,single_maturity_ea_slope
2019-07-01,IT,PSPP,328215.11111111107,1840.0,1.310723886606105,1.4455836494513632,single_maturity_ea_slope
2019-08-01,IT,PSPP,326067.55555555556,0.0,1.1536123901868522,1.4455836494513632,single_maturity_ea_slope
2019-09-01,IT,PSPP,325168.0,0.0,0.6567352540224124,1.4455836494513632,single_maturity_ea_slope
2019-10-01,IT,PSPP,322514.6666666666,0.0,0.7550749009128803,1.4455836494513632,single_maturity_ea_slope
2019-11-01,IT,PSPP,323396.44444444444,881.7777777778101,1.0013218714641432,1.4443723183743684,single_maturity_ea_slope
2019-12-01,IT,PSPP,323367.11111111107,0.0,1.0849823176133666,1.4443723183743684,single_maturity_ea_slope
2020-01-01,IT,PSPP,327413.3333333333,4046.222222222248,1.008453386580167,1.4389851679765642,single_maturity_ea_slope
2020-02-01,IT,PSPP,329427.55555555556,2014.222222222248,0.7197277395763209,1.4345874050349094,single_maturity_ea_slope
2020-03-01,IT,PSPP,339965.3333333333,10537.777777777752,1.3288661863919606,1.4313104041197517,single_maturity_ea_slope
2020-04-01,IT,PSPP,349671.11111111107,9705.777777777752,1.566619324404349,1.435066157082758,single_maturity_ea_slope
2020-05-01,IT,PSPP,352207.11111111107,2536.0,1.5144939102747266,1.4356380614417004,single_maturity_ea_slope
2020-06-01,IT,PSPP,354275.55555555556,2068.444444444496,1.2131251451870635,1.434338915626454,single_maturity_ea_slope
2020-07-01,IT,PSPP,361276.44444444444,7000.888888888876,0.9780501569651594,1.4254968586649244,single_maturity_ea_slope
2020-08-01,IT,PSPP,362811.55555555556,1535.111111111124,0.8147663105691221,1.4229127644266875,single_maturity_ea_slope
2020-09-01,IT,PSPP,365693.3333333333,2881.777777777752,0.7580690167040317,1.4176735878728857,single_maturity_ea_slope
2020-10-01,IT,PSPP,367505.77777777775,1812.444444444438,0.5650253804151046,1.4134685451222195,single_maturity_ea_slope
2020-11-01,IT,PSPP,366196.44444444444,0.0,0.47291861742339547,1.4134685451222195,single_maturity_ea_slope
2020-12-01,IT,PSPP,365509.3333333333,0.0,0.40317767978393326,1.4134685451222195,single_maturity_ea_slope
2021-01-01,IT,PSPP,368880.0,3370.666666666686,0.43403676058878793,1.4045189190421916,single_maturity_ea_slope
2021-02-01,IT,PSPP,372257.77777777775,3377.777777777752,0.33582472829413934,1.3948218443153773,single_maturity_ea_slope
2021-03-01,IT,PSPP,374738.6666666666,2480.888888888876,0.3950872291844767,1.3882032839181337,single_maturity_ea_slope
2021-04-01,IT,PSPP,377566.2222222222,2827.555555555562,0.4602682541447209,1.38125407158344,single_maturity_ea_slope
2021-05-01,IT,PSPP,378086.2222222222,520.0,0.6081919326489879,1.3801908423816902,single_maturity_ea_slope
2021-06-01,IT,PSPP,374799.11111111107,0.0,0.5310658679211384,1.3801908423816902,single_maturity_ea_slope
2021-07-01,IT,PSPP,379873.77777777775,5074.666666666686,0.4563195492823964,1.367849009042186,single_maturity_ea_slope
2021-08-01,IT,PSPP,379332.44444444444,0.0,0.36222966424292374,1.367849009042186,single_maturity_ea_slope
2021-09-01,IT,PSPP,382680.8888888889,3348.444444444438,0.46462106423638017,1.3599457959953225,single_maturity_ea_slope
2021-10-01,IT,PSPP,385401.77777777775,2720.888888888876,0.6170073810078134,1.3547007426639033,single_maturity_ea_slope
2021-11-01,IT,PSPP,382039.11111111107,0.0,0.7189755216931345,1.3547007426639033,single_maturity_ea_slope
2021-12-01,IT,PSPP,381702.2222222222,0.0,0.8042967123868685,1.3547007426639033,single_maturity_ea_slope
2022-01-01,IT,PSPP,387205.3333333333,5503.111111111124,1.0653172512196605,1.3505879131906378,single_maturity_ea_slope
2022-02-01,IT,PSPP,389025.77777777775,1820.444444444438,1.552447159204353,1.35153251265925,single_maturity_ea_slope
2022-03-01,IT,PSPP,392024.0,2998.222222222248,1.5824769277174973,1.3532987889008212,single_maturity_ea_slope
2022-04-01,IT,PSPP,393235.55555555556,1211.555555555562,2.2412783768688174,1.3560346468053859,single_maturity_ea_slope
2022-05-01,IT,PSPP,398113.77777777775,4878.22222222219,2.7535260505323365,1.3731585797149135,single_maturity_ea_slope
2022-06-01,IT,PSPP,398205.3333333333,91.55555555556202,3.408532266782752,1.3736265537802599,single_maturity_ea_slope
2022-07-01,IT,PSPP,400210.6666666666,2005.333333333314,2.9966188556455773,1.381758872165928,single_maturity_ea_slope
2022-08-01,IT,PSPP,397771.55555555556,0.0,3.00520618076183,1.381758872165928,single_maturity_ea_slope
2022-09-01,IT,PSPP,393920.8888888889,0.0,3.9717981541041727,1.381758872165928,single_maturity_ea_slope
2022-10-01,IT,PSPP,398814.2222222222,4893.333333333314,4.263327708001539,1.4171148751643166,single_maturity_ea_slope
2022-11-01,IT,PSPP,396176.8888888889,0.0,4.109348077173369,1.4171148751643166,single_maturity_ea_slope
2022-12-01,IT,PSPP,394275.55555555556,0.0,4.200695277606883,1.4171148751643166,single_maturity_ea_slope
2023-01-01,IT,PSPP,393402.6666666666,0.0,4.2196175886698635,1.4171148751643166,single_maturity_ea_slope
2023-02-01,IT,PSPP,395460.44444444444,2057.77777777781,4.273627235017292,1.431978732570614,single_maturity_ea_slope
2023-03-01,IT,PSPP,392783.11111111107,0.0,4.225958912118209,1.431978732570614,single_maturity_ea_slope
2023-04-01,IT,PSPP,393157.3333333333,374.2222222222481,4.171138898384558,1.434585970226803,single_maturity_ea_slope
2023-05-01,IT,PSPP,392837.3333333333,0.0,4.2046595492385705,1.434585970226803,single_maturity_ea_slope
2023-06-01,IT,PSPP,390916.44444444444,0.0,4.0660337864544545,1.434585970226803,single_maturity_ea_slope
2023-07-01,IT,PSPP,387465.77777777775,0.0,4.189086949437696,1.434585970226803,single_maturity_ea_slope
2023-08-01,IT,PSPP,380187.55555555556,0.0,4.152448083396212,1.434585970226803,single_maturity_ea_slope
2023-09-01,IT,PSPP,376832.0,0.0,4.443044667264357,1.434585970226803,single_maturity_ea_slope
2023-10-01,IT,PSPP,370296.8888888889,0.0,4.757728248832619,1.434585970226803,single_maturity_ea_slope
2023-11-01,IT,PSPP,367946.6666666666,0.0,4.319899877684454,1.434585970226803,single_maturity_ea_slope
2023-12-01,IT,PSPP,367466.6666666666,0.0,3.6967849426855266,1.434585970226803,single_maturity_ea_slope
2024-01-01,IT,PSPP,364271.11111111107,0.0,3.629612956871705,1.434585970226803,single_maturity_ea_slope
2024-02-01,IT,PSPP,360348.44444444444,0.0,3.751140987621149,1.434585970226803,single_maturity_ea_slope
2024-03-01,IT,PSPP,355281.77777777775,0.0,3.633371799755075,1.434585970226803,single_maturity_ea_slope
2024-04-01,IT,PSPP,352179.55555555556,0.0,3.7632518151202383,1.434585970226803,single_maturity_ea_slope
2024-05-01,IT,PSPP,346917.3333333333,0.0,3.786944623223648,1.434585970226803,single_maturity_ea_slope
2024-06-01,IT,PSPP,346699.55555555556,0.0,3.87477785670355,1.434585970226803,single_maturity_ea_slope
2024-07-01,IT,PSPP,343195.55555555556,0.0,3.7291200439613856,1.434585970226803,single_maturity_ea_slope
2024-08-01,IT,PSPP,340872.8888888889,0.0,3.4676446532821137,1.434585970226803,single_maturity_ea_slope
2024-09-01,IT,PSPP,332402.6666666666,0.0,3.30272911940953,1.434585970226803,single_maturity_ea_slope
2024-10-01,IT,PSPP,328753.77777777775,0.0,3.2109700037730597,1.434585970226803,single_maturity_ea_slope
2024-11-01,IT,PSPP,324638.2222222222,0.0,3.295039078046458,1.434585970226803,single_maturity_ea_slope
2024-12-01,IT,PSPP,318032.8888888889,0.0,3.052504085271039,1.434585970226803,single_maturity_ea_slope
2025-01-01,IT,PSPP,316058.6666666666,0.0,3.3739604572711936,1.434585970226803,single_maturity_ea_slope
2025-02-01,IT,PSPP,311507.55555555556,0.0,3.2711403428039314,1.434585970226803,single_maturity_ea_slope
2025-03-01,IT,PSPP,305881.77777777775,0.0,3.4749059385745236,1.434585970226803,single_maturity_ea_slope
2025-04-01,IT,PSPP,303873.77777777775,0.0,3.209871227239969,1.434585970226803,single_maturity_ea_slope
2025-05-01,IT,PSPP,301153.77777777775,0.0,3.122901602910203,1.434585970226803,single_maturity_ea_slope
2025-06-01,IT,PSPP,295301.3333333333,0.0,3.039366235728798,1.434585970226803,single_maturity_ea_slope
2025-07-01,IT,PSPP,291510.2222222222,0.0,3.045635485589135,1.434585970226803,single_maturity_ea_slope
2025-08-01,IT,PSPP,288708.44444444444,0.0,3.0422063484354704,1.434585970226803,single_maturity_ea_slope
2025-09-01,IT,PSPP,286708.44444444444,0.0,3.0682723247627273,1.434585970226803,single_maturity_ea_slope
2025-10-01,IT,PSPP,286708.44444444444,0.0,2.9744514138913036,1.434585970226803,single_maturity_ea_slope
2025-11-01,IT,PSPP,282902.2222222222,0.0,2.9976372809295753,1.434585970226803,single_maturity_ea_slope
2025-12-01,IT,PSPP,277512.8888888889,0.0,3.097085486152024,1.434585970226803,single_maturity_ea_slope
2026-01-01,IT,PSPP,276416.0,0.0,3.0224675463935715,1.434585970226803,single_maturity_ea_slope
2026-02-01,IT,PSPP,272432.8888888889,0.0,2.9213473117113935,1.434585970226803,single_maturity_ea_slope
2026-03-01,IT,PSPP,267352.0,0.0,3.3674401080250913,1.434585970226803,single_maturity_ea_slope
2026-04-01,IT,PSPP,263076.44444444444,0.0,3.4595644572831876,1.434585970226803,single_maturity_ea_slope
2026-05-01,IT,PSPP,262991.1111111111,0.0,3.499910573757031,1.434585970226803,single_maturity_ea_slope
2026-06-01,IT,PSPP,257282.66666666666,0.0,3.422046986022699,1.434585970226803,single_maturity_ea_slope
2026-07-01,IT,PSPP,254059.55555555553,0.0,3.574836746699544,1.434585970226803,single_maturity_ea_slope
2026-08-01,IT,PSPP,251431.1111111111,0.0,3.677036371391655,1.434585970226803,single_maturity_ea_slope
2020-03-01,LT,PEPP,0.0,0.0,,,missing_wam
2020-04-01,LT,PEPP,500.507,500.507,0.1637056184269497,0.1637056184269497,single_maturity_ea_slope
2020-05-01,LT,PEPP,933.45,432.94300000000004,0.1316994529252708,0.14886085404664717,single_maturity_ea_slope
2020-06-01,LT,PEPP,1266.825,333.375,-0.024921922989384476,0.10312854430032306,single_maturity_ea_slope
2020-07-01,LT,PEPP,1416.177,149.35199999999986,0.007951554864070981,0.09309104635601023,single_maturity_ea_slope
2020-08-01,LT,PEPP,1685.544,269.3670000000002,0.11075249271881263,0.09591352433487581,single_maturity_ea_slope
2020-09-01,LT,PEPP,1767.332,81.78800000000001,0.10997153013703018,0.09656409603195741,single_maturity_ea_slope
2020-10-01,LT,PEPP,1806.448,39.115999999999985,0.11327300412061489,0.09692590309686928,single_maturity_ea_slope
2020-11-01,LT,PEPP,1849.1200000000001,42.672000000000025,0.10786661780324433,0.09717838112855487,single_maturity_ea_slope
2020-12-01,LT,PEPP,1890.0140000000001,40.894000000000005,0.1041854426378038,0.09732999205490737,single_maturity_ea_slope
2021-01-01,LT,PEPP,1941.576,51.5619999999999,0.10171155552033781,0.09744635225682816,single_maturity_ea_slope
2021-02-01,LT,PEPP,2026.92,85.34400000000005,0.09578236163896128,0.0973762894939706,single_maturity_ea_slope
2021-03-01,LT,PEPP,2102.485,75.56500000000005,0.06841102210204505,0.09633525451371112,single_maturity_ea_slope
2021-04-01,LT,PEPP,2133.6,31.11499999999978,0.05304920572203123,0.09570399963549914,single_maturity_ea_slope
2021-05-01,LT,PEPP,2226.945,93.34500000000025,0.02732817608639032,0.09283794715140474,single_maturity_ea_slope
2021-06-01,LT,PEPP,2246.503,19.557999999999993,0.028183427956090273,0.09227506649359037,single_maturity_ea_slope
2021-07-01,LT,PEPP,2308.733,62.23000000000002,0.05039278299984348,0.09114616397354329,single_maturity_ea_slope
2021-08-01,LT,PEPP,2367.407,58.67399999999998,0.08066516123759729,0.09088640198309175,single_maturity_ea_slope
2021-09-01,LT,PEPP,2458.974,91.56700000000001,0.06654171238146686,0.08997985714253956,single_maturity_ea_slope
2021-10-01,LT,PEPP,2512.314,53.33999999999969,0.0521764588976634,0.0891772372222662,single_maturity_ea_slope
2021-11-01,LT,PEPP,2611.882,99.56800000000021,0.06028342566642131,0.0880757712950182,single_maturity_ea_slope
2021-12-01,LT,PEPP,2651.887,40.00500000000011,0.07380070423096638,0.08786042499334795,single_maturity_ea_slope
2022-01-01,LT,PEPP,2781.681,129.79399999999987,0.04607709504321425,0.08591080333380192,single_maturity_ea_slope
2022-02-01,LT,PEPP,2829.687,48.00599999999986,0.07039237185234032,0.08564753116917768,single_maturity_ea_slope
2022-03-01,LT,PEPP,2858.135,28.44800000000032,0.057558223324710306,0.08536794863386728,single_maturity_ea_slope
2022-04-01,LT,PEPP,2859.024,0.8889999999996689,0.08618952028411406,0.08536820409768887,single_maturity_ea_slope
2022-05-01,LT,PEPP,2859.024,0.0,0.06857307496049111,0.08536820409768887,single_maturity_ea_slope
2022-06-01,LT,PEPP,2866.136,7.11200000000008,0.06163039083564356,0.08530930133525204,single_maturity_ea_slope
2022-07-01,LT,PEPP,2875.915,9.778999999999996,-0.006912326311778877,0.08499571929379382,single_maturity_ea_slope
2022-08-01,LT,PEPP,2882.138,6.222999999999956,0.017544577405537914,0.08485008141803263,single_maturity_ea_slope
2022-09-01,LT,PEPP,2851.9120000000003,0.0,0.08562494255911143,0.08485008141803263,single_maturity_ea_slope
2022-10-01,LT,PEPP,2858.135,6.222999999999956,0.030426671221819607,0.08473158565710774,single_maturity_ea_slope
2022-11-01,LT,PEPP,2864.358,6.222999999999956,2.8142990393722873,0.09066174461924496,single_maturity_ea_slope
2022-12-01,LT,PEPP,2868.803,4.444999999999709,2.8468832738237237,0.09493230788110474,single_maturity_ea_slope
2023-01-01,LT,PEPP,2894.584,25.78099999999995,2.8569734341784008,0.11953279702810149,single_maturity_ea_slope
2023-02-01,LT,PEPP,2904.363,9.778999999999996,2.8714780824913166,0.12879860607006519,single_maturity_ea_slope
2023-03-01,LT,PEPP,2937.256,32.89300000000003,2.8562440661585926,0.1593420328325578,single_maturity_ea_slope
2023-04-01,LT,PEPP,2858.135,0.0,2.8233246323029535,0.1593420328325578,single_maturity_ea_slope
2023-05-01,LT,PEPP,2877.693,19.557999999999993,2.7943660661334455,0.1772507534790266,single_maturity_ea_slope
2023-06-01,LT,PEPP,2863.469,0.0,2.845397572235727,0.1772507534790266,single_maturity_ea_slope
2023-07-01,LT,PEPP,2875.915,12.445999999999913,2.871078100154089,0.18890873890513188,single_maturity_ea_slope
2023-08-01,LT,PEPP,2787.904,0.0,2.816301384720173,0.18890873890513188,single_maturity_ea_slope
2023-09-01,LT,PEPP,2796.794,8.889999999999873,2.8128813337671428,0.19724940195300847,single_maturity_ea_slope
2023-10-01,LT,PEPP,2817.241,20.447000000000116,2.77697261789496,0.21597254299644966,single_maturity_ea_slope
2023-11-01,LT,PEPP,2828.7980000000002,11.557000000000244,2.783764060855704,0.22646320601724507,single_maturity_ea_slope
2023-12-01,LT,PEPP,2836.799,8.000999999999749,2.762496266499053,0.23361591599666703,single_maturity_ea_slope
2024-01-01,LT,PEPP,2786.126,0.0,2.7336233676702273,0.23361591599666703,single_maturity_ea_slope
2024-02-01,LT,PEPP,2822.575,36.448999999999614,2.7694664883048987,0.26636233283592264,single_maturity_ea_slope
2024-03-01,LT,PEPP,2859.024,36.44900000000007,2.8000340166949247,0.29866349547218485,single_maturity_ea_slope
2024-04-01,LT,PEPP,2832.354,0.0,2.7823395699531313,0.29866349547218485,single_maturity_ea_slope
2024-05-01,LT,PEPP,2876.804,44.45000000000027,2.805322544167477,0.3373943213172916,single_maturity_ea_slope
2024-06-01,LT,PEPP,2748.788,0.0,2.7944517274384744,0.3373943213172916,single_maturity_ea_slope
2024-07-01,LT,PEPP,2770.1240000000003,21.33600000000024,2.771488983141956,0.3561421621015639,single_maturity_ea_slope
2024-08-01,LT,PEPP,2726.563,0.0,2.7246211929793636,0.3561421621015639,single_maturity_ea_slope
2024-09-01,LT,PEPP,2737.231,10.66800000000012,2.7027340578251016,0.3652876972586548,single_maturity_ea_slope
2024-10-01,LT,PEPP,2751.455,14.223999999999705,2.6865220269758585,0.3772876162491151,single_maturity_ea_slope
2024-11-01,LT,PEPP,2723.896,0.0,2.7062486213681543,0.3772876162491151,single_maturity_ea_slope
2024-12-01,LT,PEPP,2728.341,4.444999999999709,2.70193698185921,0.3810749237851365,single_maturity_ea_slope
2025-01-01,LT,PEPP,2728.341,0.0,2.677941846588012,0.3810749237851365,single_maturity_ea_slope
2025-02-01,LT,PEPP,2728.341,0.0,2.672481417895475,0.3810749237851365,single_maturity_ea_slope
2025-03-01,LT,PEPP,2727.452,0.0,2.5921074695252377,0.3810749237851365,single_maturity_ea_slope
2025-04-01,LT,PEPP,2727.452,0.0,2.523719079479525,0.3810749237851365,single_maturity_ea_slope
2025-05-01,LT,PEPP,2602.103,0.0,2.5537649138149523,0.3810749237851365,single_maturity_ea_slope
2025-06-01,LT,PEPP,2602.103,0.0,2.5672495289350477,0.3810749237851365,single_maturity_ea_slope
2025-07-01,LT,PEPP,2602.103,0.0,2.5384188498427656,0.3810749237851365,single_maturity_ea_slope
2025-08-01,LT,PEPP,2556.764,0.0,2.5397125566498095,0.3810749237851365,single_maturity_ea_slope
2025-09-01,LT,PEPP,2554.097,0.0,2.5344467119959995,0.3810749237851365,single_maturity_ea_slope
2025-10-01,LT,PEPP,2441.194,0.0,2.5825339102217386,0.3810749237851365,single_maturity_ea_slope
2025-11-01,LT,PEPP,2391.41,0.0,2.5954687730649,0.3810749237851365,single_maturity_ea_slope
2025-12-01,LT,PEPP,2391.41,0.0,2.5939666374580947,0.3810749237851365,single_maturity_ea_slope
2026-01-01,LT,PEPP,2337.181,0.0,2.5991034376663413,0.3810749237851365,single_maturity_ea_slope
2026-02-01,LT,PEPP,2337.181,0.0,2.5904128340322914,0.3810749237851365,single_maturity_ea_slope
2026-03-01,LT,PEPP,2337.181,0.0,2.6387040950685914,0.3810749237851365,single_maturity_ea_slope
2026-04-01,LT,PEPP,2337.181,0.0,2.634397336076625,0.3810749237851365,single_maturity_ea_slope
2026-05-01,LT,PEPP,2337.181,0.0,2.6429623985933812,0.3810749237851365,single_maturity_ea_slope
2026-06-01,LT,PEPP,2274.951,0.0,2.6669943321255456,0.3810749237851365,single_maturity_ea_slope
2026-07-01,LT,PEPP,2274.951,0.0,2.6649128909317397,0.3810749237851365,single_maturity_ea_slope
2026-08-01,LT,PEPP,2232.279,0.0,2.6680323757013693,0.3810749237851365,single_maturity_ea_slope
2015-03-01,LT,PSPP,34.666666666666664,34.666666666666664,0.7188821186333549,0.7188821186333549,single_maturity_ea_slope
2015-04-01,LT,PSPP,108.44444444444444,73.77777777777777,0.200995485248263,0.36654940903530064,single_maturity_ea_slope
2015-05-01,LT,PSPP,217.77777777777777,109.33333333333333,0.3887413601412826,0.37769067428442626,single_maturity_ea_slope
2015-06-01,LT,PSPP,336.0,118.22222222222223,0.60418989625044,0.45738484497617177,single_maturity_ea_slope
2015-07-01,LT,PSPP,448.0,112.0,0.8050785835857079,0.5443082796285558,single_maturity_ea_slope
2015-08-01,LT,PSPP,575.1111111111111,127.11111111111109,0.878578730529777,0.618188765685549,single_maturity_ea_slope
2015-09-01,LT,PSPP,686.2222222222222,111.11111111111109,0.854784252544781,0.6564976204231189,single_maturity_ea_slope
2015-10-01,LT,PSPP,787.5555555555555,101.33333333333337,0.8971974614183779,0.6874680288581748,single_maturity_ea_slope
2015-11-01,LT,PSPP,891.5555555555555,104.0,0.7738636003955213,0.6975460765848643,single_maturity_ea_slope
2015-12-01,LT,PSPP,984.0,92.44444444444446,0.7072430712818596,0.6984570860234258,single_maturity_ea_slope
2016-01-01,LT,PSPP,1080.888888888889,96.88888888888891,0.7205587975466667,0.70043824273069,single_maturity_ea_slope
2016-02-01,LT,PSPP,1177.7777777777776,96.88888888888869,0.7968052888515289,0.7083657959587439,single_maturity_ea_slope
2016-03-01,LT,PSPP,1288.888888888889,111.11111111111131,0.8129607619991732,0.7173826033760224,single_maturity_ea_slope
2016-04-01,LT,PSPP,1381.3333333333333,92.44444444444434,0.7357070502440384,0.718608949884564,single_maturity_ea_slope
2016-05-01,LT,PSPP,1481.7777777777776,100.44444444444434,0.3004976689347706,0.6902666734914467,single_maturity_ea_slope
2016-06-01,LT,PSPP,1575.111111111111,93.33333333333348,0.37977825059894676,0.6718686574622635,single_maturity_ea_slope
2016-07-01,LT,PSPP,1639.111111111111,64.0,0.41393913817984096,0.6617976567093707,single_maturity_ea_slope
2016-08-01,LT,PSPP,1681.7777777777776,42.666666666666515,0.433922277992919,0.6560164631689956,single_maturity_ea_slope
2016-09-01,LT,PSPP,1746.6666666666665,64.88888888888891,0.31485178988754525,0.6433421521514151,single_maturity_ea_slope
2016-10-01,LT,PSPP,1857.7777777777776,111.11111111111109,-0.1907168006782936,0.5934582434893512,single_maturity_ea_slope
2016-11-01,LT,PSPP,1945.7777777777776,88.0,-0.3105180744748122,0.5525748924256452,single_maturity_ea_slope
2016-12-01,LT,PSPP,2012.4444444444443,66.66666666666674,-0.447607929686437,0.5194416275588579,single_maturity_ea_slope
2017-01-01,LT,PSPP,2074.6666666666665,62.22222222222217,-0.44644950388115007,0.4904731703177267,single_maturity_ea_slope
2017-02-01,LT,PSPP,2132.4444444444443,57.77777777777783,-0.4929402601118625,0.46382795440362773,single_maturity_ea_slope
2017-03-01,LT,PSPP,2199.111111111111,66.66666666666652,-0.457303451957011,0.43590359891573455,single_maturity_ea_slope
2017-04-01,LT,PSPP,2249.777777777778,50.66666666666697,-0.41184044185003593,0.4168117734223923,single_maturity_ea_slope
2017-05-01,LT,PSPP,2296.0,46.22222222222217,-0.42416359963943756,0.399881568467218,single_maturity_ea_slope
2017-06-01,LT,PSPP,2329.777777777778,33.77777777777783,-0.3778314252432257,0.3886060653153688,single_maturity_ea_slope
2017-07-01,LT,PSPP,2382.222222222222,52.44444444444434,-0.4333064414432061,0.370511722815833,single_maturity_ea_slope
2017-08-01,LT,PSPP,2385.777777777778,3.5555555555556566,-0.4061711166356535,0.369354222309944,single_maturity_ea_slope
2017-09-01,LT,PSPP,2411.555555555555,25.777777777777374,-0.4179405233937275,0.36093861315940734,single_maturity_ea_slope
2017-10-01,LT,PSPP,2464.8888888888887,53.333333333333485,-0.4273172897288943,0.3438829499162417,single_maturity_ea_slope
2017-11-01,LT,PSPP,2526.222222222222,61.333333333333485,-0.4164987551436295,0.32542188811148054,single_maturity_ea_slope
2017-12-01,LT,PSPP,2581.333333333333,55.11111111111086,-0.36453263278610143,0.31069145412537524,single_maturity_ea_slope
2018-01-01,LT,PSPP,2645.333333333333,64.0,-0.35584295251259584,0.2945656217067147,single_maturity_ea_slope
2018-02-01,LT,PSPP,2466.6666666666665,0.0,-0.19236459076665752,0.2945656217067147,single_maturity_ea_slope
2018-03-01,LT,PSPP,2469.333333333333,2.666666666666515,-0.16764702931102232,0.29406647197559405,single_maturity_ea_slope
2018-04-01,LT,PSPP,2506.6666666666665,37.333333333333485,-0.17597499806119787,0.2870658543367482,single_maturity_ea_slope
2018-05-01,LT,PSPP,2484.4444444444443,0.0,-0.17642433430880466,0.2870658543367482,single_maturity_ea_slope
2018-06-01,LT,PSPP,2538.6666666666665,54.22222222222217,-0.1672714962522523,0.27736187030806153,single_maturity_ea_slope
2018-07-01,LT,PSPP,2576.0,37.333333333333485,-0.15197069006022773,0.27113965928823125,single_maturity_ea_slope
2018-08-01,LT,PSPP,2612.4444444444443,36.44444444444434,-0.1578686888443009,0.2651548541594685,single_maturity_ea_slope
2018-09-01,LT,PSPP,2757.333333333333,144.8888888888887,-0.09543892528329151,0.24620682513007786,single_maturity_ea_slope
2018-10-01,LT,PSPP,2768.8888888888887,11.555555555555657,-0.10390540810152754,0.2447456825836859,single_maturity_ea_slope
2018-11-01,LT,PSPP,2793.777777777778,24.88888888888914,-0.10415243257691792,0.241637458840607,single_maturity_ea_slope
2018-12-01,LT,PSPP,2812.4444444444443,18.666666666666515,-0.07638696760571645,0.23952667724914908,single_maturity_ea_slope
2019-01-01,LT,PSPP,2832.0,19.555555555555657,-0.07917329710917326,0.23732598690518072,single_maturity_ea_slope
2019-02-01,LT,PSPP,2841.777777777778,9.777777777777828,-0.055319180800952605,0.23631907516143114,single_maturity_ea_slope
2019-03-01,LT,PSPP,2854.222222222222,12.444444444444343,-0.0203301571169211,0.23520008131157227,single_maturity_ea_slope
2019-04-01,LT,PSPP,2817.777777777778,0.0,-0.026669723648118093,0.23520008131157227,single_maturity_ea_slope
2019-05-01,LT,PSPP,2854.222222222222,36.44444444444434,-0.03544778540722948,0.2317442848196785,single_maturity_ea_slope
2019-06-01,LT,PSPP,2855.111111111111,0.8888888888886868,0.028350032001502212,0.23168096157782975,single_maturity_ea_slope
2019-07-01,LT,PSPP,2956.4444444444443,101.33333333333348,0.06446785225253615,0.22594966438508063,single_maturity_ea_slope
2019-08-01,LT,PSPP,2973.333333333333,16.888888888888687,0.12708676401573554,0.2253881112888123,single_maturity_ea_slope
2019-09-01,LT,PSPP,3088.8888888888887,115.55555555555566,0.14024593364403942,0.22220293629778481,single_maturity_ea_slope
2019-10-01,LT,PSPP,3160.8888888888887,72.0,0.15229575820879626,0.2206105624436768,single_maturity_ea_slope
2019-11-01,LT,PSPP,3228.4444444444443,67.55555555555566,0.14124565277199724,0.21894984296816808,single_maturity_ea_slope
2019-12-01,LT,PSPP,3293.333333333333,64.88888888888869,0.12830008242306,0.21716376131640214,single_maturity_ea_slope
2020-01-01,LT,PSPP,3358.222222222222,64.88888888888914,0.13430422052810362,0.21556271672202792,single_maturity_ea_slope
2020-02-01,LT,PSPP,3390.222222222222,32.0,0.14450135507633555,0.2148919749760277,single_maturity_ea_slope
2020-03-01,LT,PSPP,3412.4444444444443,22.22222222222217,0.16699765709544862,0.2145800817884751,single_maturity_ea_slope
2020-04-01,LT,PSPP,3470.222222222222,57.77777777777783,0.15392305529190248,0.21357016715674426,single_maturity_ea_slope
2020-05-01,LT,PSPP,3442.6666666666665,0.0,0.1441408987950316,0.21357016715674426,single_maturity_ea_slope
2020-06-01,LT,PSPP,3499.555555555555,56.88888888888869,0.001205111654366292,0.21011795391007113,single_maturity_ea_slope
2020-07-01,LT,PSPP,3629.333333333333,129.77777777777783,0.000879209723699953,0.20263599048827094,single_maturity_ea_slope
2020-08-01,LT,PSPP,3712.8888888888887,83.55555555555566,0.006079876990550209,0.19821265444115915,single_maturity_ea_slope
2020-09-01,LT,PSPP,3823.111111111111,110.22222222222217,0.013191014130075812,0.19287838720131395,single_maturity_ea_slope
2020-10-01,LT,PSPP,3882.6666666666665,59.55555555555566,0.028528830233568975,0.1903574576415981,single_maturity_ea_slope
2020-11-01,LT,PSPP,3977.7777777777774,95.11111111111086,0.04275582716266099,0.1868282119519341,single_maturity_ea_slope
2020-12-01,LT,PSPP,4080.0,102.22222222222263,0.0564763081278383,0.18356231457943495,single_maturity_ea_slope
2021-01-01,LT,PSPP,4171.555555555556,91.55555555555566,0.06439851872865529,0.18094695745763006,single_maturity_ea_slope
2021-02-01,LT,PSPP,4165.333333333333,0.0,0.027489643381926693,0.18094695745763006,single_maturity_ea_slope
2021-03-01,LT,PSPP,4263.111111111111,97.77777777777828,0.0016029742386372836,0.17683356334710268,single_maturity_ea_slope
2021-04-01,LT,PSPP,4382.222222222222,119.1111111111104,-0.0033167534244657737,0.17193698272897084,single_maturity_ea_slope
2021-05-01,LT,PSPP,4376.888888888889,0.0,-0.004298240708608014,0.17193698272897084,single_maturity_ea_slope
2021-06-01,LT,PSPP,4481.777777777777,104.88888888888869,0.010335203814742816,0.1681549498230052,single_maturity_ea_slope
2021-07-01,LT,PSPP,4585.777777777777,104.0,0.030231455493245213,0.16502700858699396,single_maturity_ea_slope
2021-08-01,LT,PSPP,4565.333333333333,0.0,0.04503047395614859,0.16502700858699396,single_maturity_ea_slope
2021-09-01,LT,PSPP,4676.444444444444,111.11111111111131,0.03760622831451885,0.16199952378675458,single_maturity_ea_slope
2021-10-01,LT,PSPP,4753.777777777777,77.33333333333303,0.035772243452617064,0.15994608822410128,single_maturity_ea_slope
2021-11-01,LT,PSPP,4822.222222222222,68.44444444444434,0.05028278085680371,0.15838957676469448,single_maturity_ea_slope
2021-12-01,LT,PSPP,4886.222222222222,64.0,0.06468230199869904,0.157162193867996,single_maturity_ea_slope
2022-01-01,LT,PSPP,4976.888888888889,90.66666666666697,0.06035049844847276,0.15539852304592214,single_maturity_ea_slope
2022-02-01,LT,PSPP,5024.888888888889,48.0,0.08116923581664676,0.15468945148915922,single_maturity_ea_slope
2022-03-01,LT,PSPP,5016.0,0.0,0.07260679770029696,0.15468945148915922,single_maturity_ea_slope
2022-04-01,LT,PSPP,5145.777777777777,129.77777777777737,0.0951125263155149,0.1531869068224893,single_maturity_ea_slope
2022-05-01,LT,PSPP,5150.222222222222,4.444444444444343,0.08223020899128916,0.15312567391100226,single_maturity_ea_slope
2022-06-01,LT,PSPP,5231.11111111111,80.88888888888869,0.07532868151645208,0.15192269577881806,single_maturity_ea_slope
2022-07-01,LT,PSPP,5277.333333333333,46.222222222222626,0.014238646275863104,0.1507167718148373,single_maturity_ea_slope
2022-08-01,LT,PSPP,5307.555555555556,30.222222222222626,0.03431205776833099,0.15005394142167347,single_maturity_ea_slope
2022-09-01,LT,PSPP,5261.333333333333,0.0,0.0953731296994221,0.15005394142167347,single_maturity_ea_slope
2022-10-01,LT,PSPP,5304.888888888889,43.55555555555566,0.04582878388790487,0.1491982053762387,single_maturity_ea_slope
2022-11-01,LT,PSPP,5329.777777777777,24.888888888888687,2.8217130009844054,0.16167826112624337,single_maturity_ea_slope
2022-12-01,LT,PSPP,5355.555555555556,25.777777777778283,2.850342788968924,0.17461955096980175,single_maturity_ea_slope
2023-01-01,LT,PSPP,5434.666666666666,79.1111111111104,2.858935250027229,0.213694476912901,single_maturity_ea_slope
2023-02-01,LT,PSPP,5473.777777777777,39.11111111111131,2.872185859197155,0.23268986840697503,single_maturity_ea_slope
2023-03-01,LT,PSPP,5489.777777777777,16.0,2.857224093536302,0.24033909380404886,single_maturity_ea_slope
2023-04-01,LT,PSPP,5474.666666666666,0.0,2.8250625481778204,0.24033909380404886,single_maturity_ea_slope
2023-05-01,LT,PSPP,5487.11111111111,12.444444444444343,2.796978521777293,0.24613740127069803,single_maturity_ea_slope
2023-06-01,LT,PSPP,5441.777777777777,0.0,2.8457030199481816,0.24613740127069803,single_maturity_ea_slope
2023-07-01,LT,PSPP,5441.777777777777,0.0,2.868028486977365,0.24613740127069803,single_maturity_ea_slope
2023-08-01,LT,PSPP,5352.888888888889,0.0,2.816137775263119,0.24613740127069803,single_maturity_ea_slope
2023-09-01,LT,PSPP,5352.888888888889,0.0,2.8130494105607142,0.24613740127069803,single_maturity_ea_slope
2023-10-01,LT,PSPP,5352.888888888889,0.0,2.7774300588206646,0.24613740127069803,single_maturity_ea_slope
2023-11-01,LT,PSPP,5352.888888888889,0.0,2.784111305241204,0.24613740127069803,single_maturity_ea_slope
2023-12-01,LT,PSPP,5352.888888888889,0.0,2.7626936583759214,0.24613740127069803,single_maturity_ea_slope
2024-01-01,LT,PSPP,5150.222222222222,0.0,2.7374511332190874,0.24613740127069803,single_maturity_ea_slope
2024-02-01,LT,PSPP,5150.222222222222,0.0,2.7705482074241488,0.24613740127069803,single_maturity_ea_slope
2024-03-01,LT,PSPP,5150.222222222222,0.0,2.797822564773987,0.24613740127069803,single_maturity_ea_slope
2024-04-01,LT,PSPP,5008.888888888889,0.0,2.7838960174482303,0.24613740127069803,single_maturity_ea_slope
2024-05-01,LT,PSPP,5008.888888888889,0.0,2.801724318601034,0.24613740127069803,single_maturity_ea_slope
2024-06-01,LT,PSPP,4809.777777777777,0.0,2.8013430878028913,0.24613740127069803,single_maturity_ea_slope
2024-07-01,LT,PSPP,4809.777777777777,0.0,2.777483763112717,0.24613740127069803,single_maturity_ea_slope
2024-08-01,LT,PSPP,4714.666666666666,0.0,2.7400748798238634,0.24613740127069803,single_maturity_ea_slope
2024-09-01,LT,PSPP,4714.666666666666,0.0,2.7209782022801354,0.24613740127069803,single_maturity_ea_slope
2024-10-01,LT,PSPP,4714.666666666666,0.0,2.708275344924478,0.24613740127069803,single_maturity_ea_slope
2024-11-01,LT,PSPP,4638.222222222222,0.0,2.728780896597817,0.24613740127069803,single_maturity_ea_slope
2024-12-01,LT,PSPP,4638.222222222222,0.0,2.7258569343086134,0.24613740127069803,single_maturity_ea_slope
2025-01-01,LT,PSPP,4638.222222222222,0.0,2.7057196161948487,0.24613740127069803,single_maturity_ea_slope
2025-02-01,LT,PSPP,4638.222222222222,0.0,2.701154706682,0.24613740127069803,single_maturity_ea_slope
2025-03-01,LT,PSPP,4638.222222222222,0.0,2.6329839227495233,0.24613740127069803,single_maturity_ea_slope
2025-04-01,LT,PSPP,4638.222222222222,0.0,2.57328828416225,0.24613740127069803,single_maturity_ea_slope
2025-05-01,LT,PSPP,4382.222222222222,0.0,2.607267615772603,0.24613740127069803,single_maturity_ea_slope
2025-06-01,LT,PSPP,4382.222222222222,0.0,2.6177438782755553,0.24613740127069803,single_maturity_ea_slope
2025-07-01,LT,PSPP,4382.222222222222,0.0,2.5947013622060573,0.24613740127069803,single_maturity_ea_slope
2025-08-01,LT,PSPP,4342.222222222222,0.0,2.5875847687558093,0.24613740127069803,single_maturity_ea_slope
2025-09-01,LT,PSPP,4338.666666666666,0.0,2.58255681436642,0.24613740127069803,single_maturity_ea_slope
2025-10-01,LT,PSPP,4121.777777777777,0.0,2.6303771157398077,0.24613740127069803,single_maturity_ea_slope
2025-11-01,LT,PSPP,4026.6666666666665,0.0,2.645595918749775,0.24613740127069803,single_maturity_ea_slope
2025-12-01,LT,PSPP,4026.6666666666665,0.0,2.643874165658333,0.24613740127069803,single_maturity_ea_slope
2026-01-01,LT,PSPP,3922.6666666666665,0.0,2.652937957704734,0.24613740127069803,single_maturity_ea_slope
2026-02-01,LT,PSPP,3922.6666666666665,0.0,2.6449376142354164,0.24613740127069803,single_maturity_ea_slope
2026-03-01,LT,PSPP,3922.6666666666665,0.0,2.6833471213035116,0.24613740127069803,single_maturity_ea_slope
2026-04-01,LT,PSPP,3922.6666666666665,0.0,2.678989987177046,0.24613740127069803,single_maturity_ea_slope
2026-05-01,LT,PSPP,3922.6666666666665,0.0,2.684773654202833,0.24613740127069803,single_maturity_ea_slope
2026-06-01,LT,PSPP,3793.7777777777774,0.0,2.711081998140697,0.24613740127069803,single_maturity_ea_slope
2026-07-01,LT,PSPP,3793.7777777777774,0.0,2.7084050952493914,0.24613740127069803,single_maturity_ea_slope
2026-08-01,LT,PSPP,3793.7777777777774,0.0,2.7021350659343053,0.24613740127069803,single_maturity_ea_slope
2020-03-01,LU,PEPP,31.115000000000002,31.115000000000002,-0.602406573227472,-0.602406573227472,single_maturity_ea_slope
2020-04-01,LU,PEPP,120.904,89.78899999999999,-0.5042496698154286,-0.5295106376052927,single_maturity_ea_slope
2020-05-01,LU,PEPP,407.162,286.258,-0.5905405826723822,-0.572418153569491,single_maturity_ea_slope
2020-06-01,LU,PEPP,626.745,219.58300000000003,-0.6071107935781739,-0.584572879927143,single_maturity_ea_slope
2020-07-01,LU,PEPP,717.423,90.678,-0.6642113728597119,-0.5946387117476164,single_maturity_ea_slope
2020-08-01,LU,PEPP,816.102,98.67899999999997,-0.6848949868746093,-0.6055520522041482,single_maturity_ea_slope
2020-09-01,LU,PEPP,883.666,67.56400000000008,-0.7329508103206742,-0.6152928023217096,single_maturity_ea_slope
2020-10-01,LU,PEPP,1049.02,165.35399999999993,-0.7459746195848954,-0.6358918006360761,single_maturity_ea_slope
2020-11-01,LU,PEPP,1106.805,57.78500000000008,-0.7312330949742085,-0.6408694585734083,single_maturity_ea_slope
2020-12-01,LU,PEPP,1127.252,20.44699999999989,-0.7313761799212969,-0.6425111420047974,single_maturity_ea_slope
2021-01-01,LU,PEPP,1157.478,30.226000000000113,-0.726369305101229,-0.6447009865096197,single_maturity_ea_slope
2021-02-01,LU,PEPP,1179.703,22.22499999999991,-0.7177275851728511,-0.6460767702071185,single_maturity_ea_slope
2021-03-01,LU,PEPP,1219.708,40.00500000000011,-0.7315921373812082,-0.6488815745240529,single_maturity_ea_slope
2021-04-01,LU,PEPP,1357.503,137.79499999999985,-0.7266326201981657,-0.6567737893763697,single_maturity_ea_slope
2021-05-01,LU,PEPP,1535.303,177.80000000000018,-0.6941251298919215,-0.6610993644215986,single_maturity_ea_slope
2021-06-01,LU,PEPP,1626.8700000000001,91.56700000000001,-0.6887463547284458,-0.6626554518541697,single_maturity_ea_slope
2021-07-01,LU,PEPP,1642.872,16.001999999999953,-0.7018103262410499,-0.6630368305007952,single_maturity_ea_slope
2021-08-01,LU,PEPP,1645.539,2.6669999999999163,-0.7492337278512347,-0.6631765337379919,single_maturity_ea_slope
2021-09-01,LU,PEPP,1649.984,4.444999999999936,-0.7016323616553145,-0.6632801324123382,single_maturity_ea_slope
2021-10-01,LU,PEPP,1674.876,24.892000000000053,-0.5644486912544413,-0.6618112999535158,single_maturity_ea_slope
2021-11-01,LU,PEPP,1693.545,18.669000000000096,-0.5397390382067054,-0.6604656214775667,single_maturity_ea_slope
2021-12-01,LU,PEPP,1697.101,3.55600000000004,-0.4948394440469752,-0.6601185786751977,single_maturity_ea_slope
2022-01-01,LU,PEPP,1702.435,5.333999999999833,-0.36838492686042557,-0.6592045306799557,single_maturity_ea_slope
2022-02-01,LU,PEPP,1705.102,2.6670000000001437,0.09049111267041865,-0.6580319097570927,single_maturity_ea_slope
2022-03-01,LU,PEPP,1630.426,0.0,0.23167296939791066,-0.6580319097570927,single_maturity_ea_slope
2022-04-01,LU,PEPP,1633.982,3.55600000000004,1.1300393318688449,-0.6541405686436521,single_maturity_ea_slope
2022-05-01,LU,PEPP,1648.2060000000001,14.22400000000016,1.3482563714500582,-0.6368599046514732,single_maturity_ea_slope
2022-06-01,LU,PEPP,1658.874,10.667999999999893,1.856644668497029,-0.6208245054672386,single_maturity_ea_slope
2022-07-01,LU,PEPP,1658.874,0.0,1.4102690385074639,-0.6208245054672386,single_maturity_ea_slope
2022-08-01,LU,PEPP,1659.763,0.8889999999998963,1.4929528463754003,-0.6196923269177783,single_maturity_ea_slope
2022-09-01,LU,PEPP,1671.32,11.557000000000016,2.329099684890727,-0.5993017438574003,single_maturity_ea_slope
2022-10-01,LU,PEPP,1678.432,7.11200000000008,2.6772170280332865,-0.5854181897392193,single_maturity_ea_slope
2022-11-01,LU,PEPP,1688.211,9.778999999999996,2.5568812717376987,-0.5672163497833236,single_maturity_ea_slope
2022-12-01,LU,PEPP,1697.99,9.778999999999996,2.6330129242275686,-0.548785709985355,single_maturity_ea_slope
2023-01-01,LU,PEPP,1708.6580000000001,10.66800000000012,2.7209930349639713,-0.5283708582999272,single_maturity_ea_slope
2023-02-01,LU,PEPP,1715.77,7.111999999999853,2.9439647214623914,-0.5139777574511718,single_maturity_ea_slope
2023-03-01,LU,PEPP,1726.438,10.66800000000012,3.0390966798725123,-0.4920226115974722,single_maturity_ea_slope
2023-04-01,LU,PEPP,1731.772,5.333999999999833,2.9667371656812267,-0.4813693473964088,single_maturity_ea_slope
2023-05-01,LU,PEPP,1739.773,8.000999999999976,2.910465907954777,-0.46577071822003646,single_maturity_ea_slope
2023-06-01,LU,PEPP,1745.996,6.223000000000184,3.056581741300356,-0.4532165088429268,single_maturity_ea_slope
2023-07-01,LU,PEPP,1641.983,0.0,3.1457475879891423,-0.4532165088429268,single_maturity_ea_slope
2023-08-01,LU,PEPP,1650.873,8.8900000000001,3.075882056243203,-0.43421220854628617,single_maturity_ea_slope
2023-09-01,LU,PEPP,1654.429,3.55600000000004,3.1579268938566902,-0.42649132922892347,single_maturity_ea_slope
2023-10-01,LU,PEPP,1666.875,12.445999999999913,3.24010905098106,-0.3991140463900224,single_maturity_ea_slope
2023-11-01,LU,PEPP,1674.876,8.000999999999976,2.9878701211937346,-0.3829341857168516,single_maturity_ea_slope
2023-12-01,LU,PEPP,1679.321,4.444999999999936,2.5015260937918598,-0.3752992987938535,single_maturity_ea_slope
2024-01-01,LU,PEPP,1679.321,0.0,2.523256810355091,-0.3752992987938535,single_maturity_ea_slope
2024-02-01,LU,PEPP,1679.321,0.0,2.794836133511619,-0.3752992987938535,single_maturity_ea_slope
2024-03-01,LU,PEPP,1679.321,0.0,2.8507089888610624,-0.3752992987938535,single_maturity_ea_slope
2024-04-01,LU,PEPP,1679.321,0.0,2.9299227234965715,-0.3752992987938535,single_maturity_ea_slope
2024-05-01,LU,PEPP,1679.321,0.0,3.0078608593939884,-0.3752992987938535,single_maturity_ea_slope
2024-06-01,LU,PEPP,1679.321,0.0,2.9905648460058414,-0.3752992987938535,single_maturity_ea_slope
2024-07-01,LU,PEPP,1679.321,0.0,2.925293908101014,-0.3752992987938535,single_maturity_ea_slope
2024-08-01,LU,PEPP,1679.321,0.0,2.5412068656642575,-0.3752992987938535,single_maturity_ea_slope
2024-09-01,LU,PEPP,1679.321,0.0,2.381041934288576,-0.3752992987938535,single_maturity_ea_slope
2024-10-01,LU,PEPP,1679.321,0.0,2.3675923309167466,-0.3752992987938535,single_maturity_ea_slope
2024-11-01,LU,PEPP,1679.321,0.0,2.416383082921698,-0.3752992987938535,single_maturity_ea_slope
2024-12-01,LU,PEPP,1679.321,0.0,2.3391169310612803,-0.3752992987938535,single_maturity_ea_slope
2025-01-01,LU,PEPP,1679.321,0.0,2.52938395026244,-0.3752992987938535,single_maturity_ea_slope
2025-02-01,LU,PEPP,1679.321,0.0,2.3613373911846334,-0.3752992987938535,single_maturity_ea_slope
2025-03-01,LU,PEPP,1679.321,0.0,2.4514836634900474,-0.3752992987938535,single_maturity_ea_slope
2025-04-01,LU,PEPP,1453.515,0.0,2.221375056986492,-0.3752992987938535,single_maturity_ea_slope
2025-05-01,LU,PEPP,1453.515,0.0,2.2182873705485124,-0.3752992987938535,single_maturity_ea_slope
2025-06-01,LU,PEPP,1453.515,0.0,2.256550568886715,-0.3752992987938535,single_maturity_ea_slope
2025-07-01,LU,PEPP,1453.515,0.0,2.2405503585440427,-0.3752992987938535,single_maturity_ea_slope
2025-08-01,LU,PEPP,1453.515,0.0,2.2112214869384763,-0.3752992987938535,single_maturity_ea_slope
2025-09-01,LU,PEPP,1453.515,0.0,2.261411684094318,-0.3752992987938535,single_maturity_ea_slope
2025-10-01,LU,PEPP,1453.515,0.0,2.265905176996637,-0.3752992987938535,single_maturity_ea_slope
2025-11-01,LU,PEPP,1453.515,0.0,2.31580997548315,-0.3752992987938535,single_maturity_ea_slope
2025-12-01,LU,PEPP,1453.515,0.0,2.436898823115373,-0.3752992987938535,single_maturity_ea_slope
2026-01-01,LU,PEPP,1453.515,0.0,2.367250457865119,-0.3752992987938535,single_maturity_ea_slope
2026-02-01,LU,PEPP,1453.515,0.0,2.2536665540681247,-0.3752992987938535,single_maturity_ea_slope
2026-03-01,LU,PEPP,1453.515,0.0,2.6039972286185837,-0.3752992987938535,single_maturity_ea_slope
2026-04-01,LU,PEPP,1453.515,0.0,2.7617443796578462,-0.3752992987938535,single_maturity_ea_slope
2026-05-01,LU,PEPP,1453.515,0.0,2.814599123883437,-0.3752992987938535,single_maturity_ea_slope
2026-06-01,LU,PEPP,1453.515,0.0,2.7651176664162422,-0.3752992987938535,single_maturity_ea_slope
2026-07-01,LU,PEPP,1453.515,0.0,2.873239920326812,-0.3752992987938535,single_maturity_ea_slope
2026-08-01,LU,PEPP,1453.515,0.0,2.9619867930602854,-0.3752992987938535,single_maturity_ea_slope
2015-03-01,LU,PSPP,162.66666666666666,162.66666666666666,-0.22443403825436561,-0.22443403825436561,single_maturity_ea_slope
2015-04-01,LU,PSPP,344.88888888888886,182.2222222222222,-0.2587179002609418,-0.24254793441763395,single_maturity_ea_slope
2015-05-01,LU,PSPP,419.55555555555554,74.66666666666669,-0.1318739930382254,-0.22285172451112903,single_maturity_ea_slope
2015-06-01,LU,PSPP,651.5555555555555,232.0,-0.10177099217090357,-0.1797383941689751,single_maturity_ea_slope
2015-07-01,LU,PSPP,722.6666666666666,71.11111111111109,-0.21563484757445062,-0.18327064050653727,single_maturity_ea_slope
2015-08-01,LU,PSPP,799.1111111111111,76.44444444444446,-0.2587764958406736,-0.19049367004906864,single_maturity_ea_slope
2015-09-01,LU,PSPP,921.7777777777777,122.66666666666663,-0.28891144280569053,-0.2035907314188023,single_maturity_ea_slope
2015-10-01,LU,PSPP,927.1111111111111,5.333333333333371,-0.3744840116175315,-0.2045738183614604,single_maturity_ea_slope
2015-11-01,LU,PSPP,953.7777777777777,26.66666666666663,-0.5073901254674527,-0.21304025751633437,single_maturity_ea_slope
2015-12-01,LU,PSPP,991.1111111111111,37.33333333333337,-0.5069590728077215,-0.2241116388995077,single_maturity_ea_slope
2016-01-01,LU,PSPP,1141.3333333333333,150.22222222222217,-0.04282049863967852,-0.20025011031390713,single_maturity_ea_slope
2016-02-01,LU,PSPP,1239.111111111111,97.77777777777783,-0.2143965474493275,-0.2013664001882947,single_maturity_ea_slope
2016-03-01,LU,PSPP,1367.111111111111,128.0,-0.21780030078921603,-0.20290507488695053,single_maturity_ea_slope
2016-04-01,LU,PSPP,1398.2222222222222,31.111111111111086,-0.2612931987560804,-0.20420423848225858,single_maturity_ea_slope
2016-05-01,LU,PSPP,1412.4444444444443,14.222222222222172,-0.2570771483814,-0.20473662775751741,single_maturity_ea_slope
2016-06-01,LU,PSPP,1435.5555555555554,23.111111111111086,-0.3358241551234836,-0.20684701519498808,single_maturity_ea_slope
2016-07-01,LU,PSPP,1440.888888888889,5.333333333333485,-0.4676528794255209,-0.20781236694414493,single_maturity_ea_slope
2016-08-01,LU,PSPP,1440.888888888889,0.0,-0.4939745443619522,-0.20781236694414493,single_maturity_ea_slope
2016-09-01,LU,PSPP,1449.7777777777776,8.888888888888687,-0.5233991388028519,-0.20974729503647296,single_maturity_ea_slope
2016-10-01,LU,PSPP,1452.4444444444443,2.6666666666667425,-0.47994546444368563,-0.21024337490686565,single_maturity_ea_slope
2016-11-01,LU,PSPP,1519.111111111111,66.66666666666674,-0.43608664558800825,-0.22015457754061973,single_maturity_ea_slope
2016-12-01,LU,PSPP,1549.3333333333333,30.22222222222217,-0.47984109724992785,-0.22522017803982597,single_maturity_ea_slope
2017-01-01,LU,PSPP,1558.2222222222222,8.888888888888914,-0.440758295805106,-0.22644971664658742,single_maturity_ea_slope
2017-02-01,LU,PSPP,1624.0,65.77777777777783,-0.37067413454914155,-0.23229131868533345,single_maturity_ea_slope
2017-03-01,LU,PSPP,1683.5555555555554,59.55555555555543,-0.30877248173264826,-0.23499682973294175,single_maturity_ea_slope
2017-04-01,LU,PSPP,1727.111111111111,43.55555555555566,-0.3443627042424152,-0.237754898621755,single_maturity_ea_slope
2017-05-01,LU,PSPP,1799.111111111111,72.0,-0.27890669110553956,-0.23940178359763767,single_maturity_ea_slope
2017-06-01,LU,PSPP,1848.8888888888887,49.7777777777776,-0.2814961248310571,-0.2405350927846913,single_maturity_ea_slope
2017-07-01,LU,PSPP,1903.111111111111,54.2222222222224,-0.179923660729421,-0.2388081907037144,single_maturity_ea_slope
2017-08-01,LU,PSPP,1944.8888888888887,41.7777777777776,-0.27210580704517084,-0.23952345028691754,single_maturity_ea_slope
2017-09-01,LU,PSPP,1993.7777777777776,48.888888888888914,-0.3055611539707971,-0.24114274306561276,single_maturity_ea_slope
2017-10-01,LU,PSPP,2028.4444444444443,34.66666666666674,-0.30585889104720565,-0.2422487596174454,single_maturity_ea_slope
2017-11-01,LU,PSPP,2055.111111111111,26.666666666666515,-0.35681870902554824,-0.24373539390907303,single_maturity_ea_slope
2017-12-01,LU,PSPP,2120.0,64.88888888888914,-0.31972119691227785,-0.24606116481860507,single_maturity_ea_slope
2018-01-01,LU,PSPP,2144.0,24.0,-0.19067641017875903,-0.24544118622189037,single_maturity_ea_slope
2018-02-01,LU,PSPP,2166.222222222222,22.22222222222217,-0.09658212324275195,-0.2439141133558754,single_maturity_ea_slope
2018-03-01,LU,PSPP,2190.222222222222,24.0,-0.15604271231401412,-0.2429512368022511,single_maturity_ea_slope
2018-04-01,LU,PSPP,2225.777777777778,35.55555555555566,-0.1921024665496659,-0.24213895612728967,single_maturity_ea_slope
2018-05-01,LU,PSPP,2235.5555555555557,9.777777777777828,-0.22816117332063868,-0.24207782069553094,single_maturity_ea_slope
2018-06-01,LU,PSPP,2240.0,4.444444444444343,-0.287427094115671,-0.24216779941263442,single_maturity_ea_slope
2018-07-01,LU,PSPP,2245.333333333333,5.33333333333303,-0.3010153277259855,-0.24230757976492265,single_maturity_ea_slope
2018-08-01,LU,PSPP,2286.222222222222,40.88888888888914,-0.29373431447224657,-0.2432273425162978,single_maturity_ea_slope
2018-09-01,LU,PSPP,2305.777777777778,19.555555555555657,-0.2628218789063971,-0.24339352593980673,single_maturity_ea_slope
2018-10-01,LU,PSPP,2309.333333333333,3.555555555555202,-0.25336055466030527,-0.2434088716345265,single_maturity_ea_slope
2018-11-01,LU,PSPP,2316.4444444444443,7.111111111111313,-0.30866387351808033,-0.24360919397338623,single_maturity_ea_slope
2018-12-01,LU,PSPP,2322.6666666666665,6.222222222222172,-0.31011388007445634,-0.24378735424996772,single_maturity_ea_slope
2019-01-01,LU,PSPP,2324.4444444444443,1.7777777777778283,-0.33428413158959025,-0.2438565678464034,single_maturity_ea_slope
2019-02-01,LU,PSPP,2326.222222222222,1.7777777777778283,-0.3562695132729746,-0.24394247762510154,single_maturity_ea_slope
2019-03-01,LU,PSPP,2328.0,1.7777777777778283,-0.4003488454241827,-0.24406191738668928,single_maturity_ea_slope
2019-04-01,LU,PSPP,2334.222222222222,6.222222222222172,-0.4515259206720622,-0.24461494405195874,single_maturity_ea_slope
2019-05-01,LU,PSPP,2336.0,1.7777777777778283,-0.521418776226527,-0.2448256014584843,single_maturity_ea_slope
2019-06-01,LU,PSPP,2336.8888888888887,0.8888888888886868,-0.6132576321574135,-0.24496574296883,single_maturity_ea_slope
2019-07-01,LU,PSPP,2352.0,15.111111111111313,-0.7035950637443802,-0.2479123410236994,single_maturity_ea_slope
2019-08-01,LU,PSPP,2354.6666666666665,2.666666666666515,-0.8286487243667242,-0.24857002662204933,single_maturity_ea_slope
2019-09-01,LU,PSPP,2376.0,21.333333333333485,-0.7757900389249578,-0.25330376410625055,single_maturity_ea_slope
2019-10-01,LU,PSPP,2379.555555555555,3.555555555555202,-0.7004128625074308,-0.25397183896377934,single_maturity_ea_slope
2019-11-01,LU,PSPP,2407.111111111111,27.555555555555657,-0.6203407886021941,-0.25816587051429296,single_maturity_ea_slope
2019-12-01,LU,PSPP,2417.777777777778,10.66666666666697,-0.6182483609962053,-0.2597544697370074,single_maturity_ea_slope
2020-01-01,LU,PSPP,2488.8888888888887,71.11111111111086,-0.6047843163110852,-0.2696124653534096,single_maturity_ea_slope
2020-02-01,LU,PSPP,2506.6666666666665,17.77777777777783,-0.6990943592326421,-0.2726584362319857,single_maturity_ea_slope
2020-03-01,LU,PSPP,2548.4444444444443,41.77777777777783,-0.6648685493380654,-0.2790881102173313,single_maturity_ea_slope
2020-04-01,LU,PSPP,2632.0,83.55555555555566,-0.5399585677187267,-0.2873697120427725,single_maturity_ea_slope
2020-05-01,LU,PSPP,2092.4444444444443,0.0,-0.5927504016935325,-0.2873697120427725,single_maturity_ea_slope
2020-06-01,LU,PSPP,2129.777777777778,37.333333333333485,-0.6240572707315479,-0.293271580767701,single_maturity_ea_slope
2020-07-01,LU,PSPP,2189.333333333333,59.5555555555552,-0.6702463473293954,-0.30352627397096266,single_maturity_ea_slope
2020-08-01,LU,PSPP,2242.6666666666665,53.333333333333485,-0.6879744345324119,-0.31266891750393416,single_maturity_ea_slope
2020-09-01,LU,PSPP,2353.777777777778,111.11111111111131,-0.7323123176542196,-0.33247836803972936,single_maturity_ea_slope
2020-10-01,LU,PSPP,2466.6666666666665,112.88888888888869,-0.7548584260332939,-0.35180891483799337,single_maturity_ea_slope
2020-11-01,LU,PSPP,2583.111111111111,116.44444444444434,-0.7451332436512651,-0.36953963991526056,single_maturity_ea_slope
2020-12-01,LU,PSPP,2656.8888888888887,73.77777777777783,-0.7446861647109769,-0.37995689035288,single_maturity_ea_slope
2021-01-01,LU,PSPP,2749.333333333333,92.44444444444434,-0.7337917726426756,-0.39185434517284073,single_maturity_ea_slope
2021-02-01,LU,PSPP,2814.222222222222,64.88888888888914,-0.7354234850696058,-0.39977618573268403,single_maturity_ea_slope
2021-03-01,LU,PSPP,2872.8888888888887,58.666666666666515,-0.7538309465824127,-0.40700626438865,single_maturity_ea_slope
2021-04-01,LU,PSPP,2936.8888888888887,64.0,-0.766736339644037,-0.4148454185709708,single_maturity_ea_slope
2021-05-01,LU,PSPP,2985.777777777778,48.88888888888914,-0.7588343647345539,-0.42047786633488776,single_maturity_ea_slope
2021-06-01,LU,PSPP,3048.8888888888887,63.11111111111086,-0.7464334254814182,-0.4272250513784457,single_maturity_ea_slope
2021-07-01,LU,PSPP,3125.333333333333,76.44444444444434,-0.7368893482582307,-0.4347993203009888,single_maturity_ea_slope
2021-08-01,LU,PSPP,3191.111111111111,65.77777777777783,-0.7705257376404859,-0.44171958628514557,single_maturity_ea_slope
2021-09-01,LU,PSPP,3308.4444444444443,117.33333333333348,-0.7365579476573767,-0.452175970944236,single_maturity_ea_slope
2021-10-01,LU,PSPP,3360.0,51.55555555555566,-0.6147125538878324,-0.4546699185132118,single_maturity_ea_slope
2021-11-01,LU,PSPP,3392.8888888888887,32.88888888888869,-0.5892986829029445,-0.4559749392840842,single_maturity_ea_slope
2021-12-01,LU,PSPP,3441.7777777777774,48.88888888888869,-0.5332886289279478,-0.4570731451028891,single_maturity_ea_slope
2022-01-01,LU,PSPP,3468.4444444444443,26.66666666666697,-0.42835550048261467,-0.4568523533708008,single_maturity_ea_slope
2022-02-01,LU,PSPP,3508.4444444444443,40.0,-0.0015215854731047695,-0.45166109809960847,single_maturity_ea_slope
2022-03-01,LU,PSPP,3232.8888888888887,0.0,0.1542392444701277,-0.45166109809960847,single_maturity_ea_slope
2022-04-01,LU,PSPP,3273.7777777777774,40.88888888888869,1.0416698381573988,-0.4330096663679163,single_maturity_ea_slope
2022-05-01,LU,PSPP,3307.555555555555,33.77777777777783,1.2547691122062192,-0.4157735487689329,single_maturity_ea_slope
2022-06-01,LU,PSPP,3360.0,52.4444444444448,1.7833561377721467,-0.3814485086880005,single_maturity_ea_slope
2022-07-01,LU,PSPP,3411.555555555555,51.5555555555552,1.3607073632012776,-0.3551209837871205,single_maturity_ea_slope
2022-08-01,LU,PSPP,3437.333333333333,25.77777777777783,1.46687527134954,-0.3414571897868714,single_maturity_ea_slope
2022-09-01,LU,PSPP,3470.222222222222,32.88888888888914,2.3049879384998326,-0.31637561454439994,single_maturity_ea_slope
2022-10-01,LU,PSPP,3480.8888888888887,10.666666666666515,2.6609793579794423,-0.3072519527286988,single_maturity_ea_slope
2022-11-01,LU,PSPP,3506.6666666666665,25.77777777777783,2.5588877520796856,-0.28618273816863715,single_maturity_ea_slope
2022-12-01,LU,PSPP,3511.111111111111,4.444444444444343,2.6415859746592796,-0.28247670182328544,single_maturity_ea_slope
2023-01-01,LU,PSPP,3554.6666666666665,43.55555555555566,2.7345490668164536,-0.24550889420554411,single_maturity_ea_slope
2023-02-01,LU,PSPP,3592.8888888888887,38.22222222222217,2.958754097653624,-0.21142099003682963,single_maturity_ea_slope
2023-03-01,LU,PSPP,3622.222222222222,29.333333333333485,3.051781020207693,-0.18499505964711924,single_maturity_ea_slope
2023-04-01,LU,PSPP,3640.0,17.77777777777783,2.979183407248979,-0.16954119656093558,single_maturity_ea_slope
2023-05-01,LU,PSPP,3666.6666666666665,26.666666666666515,2.919633413488735,-0.14707447212421082,single_maturity_ea_slope
2023-06-01,LU,PSPP,3677.333333333333,10.666666666666515,3.0717702561350606,-0.1377377216434009,single_maturity_ea_slope
2023-07-01,LU,PSPP,3171.555555555555,0.0,3.1030362025055,-0.1377377216434009,single_maturity_ea_slope
2023-08-01,LU,PSPP,3171.555555555555,0.0,3.0482694276061157,-0.1377377216434009,single_maturity_ea_slope
2023-09-01,LU,PSPP,3171.555555555555,0.0,3.132929666279833,-0.1377377216434009,single_maturity_ea_slope
2023-10-01,LU,PSPP,3171.555555555555,0.0,3.2262241040169353,-0.1377377216434009,single_maturity_ea_slope
2023-11-01,LU,PSPP,3171.555555555555,0.0,2.97675867333236,-0.1377377216434009,single_maturity_ea_slope
2023-12-01,LU,PSPP,3171.555555555555,0.0,2.4902152908391755,-0.1377377216434009,single_maturity_ea_slope
2024-01-01,LU,PSPP,3171.555555555555,0.0,2.513896800543455,-0.1377377216434009,single_maturity_ea_slope
2024-02-01,LU,PSPP,3171.555555555555,0.0,2.7858109912879048,-0.1377377216434009,single_maturity_ea_slope
2024-03-01,LU,PSPP,3171.555555555555,0.0,2.8395828514009995,-0.1377377216434009,single_maturity_ea_slope
2024-04-01,LU,PSPP,3171.555555555555,0.0,2.9211632840268575,-0.1377377216434009,single_maturity_ea_slope
2024-05-01,LU,PSPP,3171.555555555555,0.0,2.999522135950443,-0.1377377216434009,single_maturity_ea_slope
2024-06-01,LU,PSPP,3171.555555555555,0.0,2.982833794879641,-0.1377377216434009,single_maturity_ea_slope
2024-07-01,LU,PSPP,3171.555555555555,0.0,2.917803682026231,-0.1377377216434009,single_maturity_ea_slope
2024-08-01,LU,PSPP,3171.555555555555,0.0,2.5354688735858937,-0.1377377216434009,single_maturity_ea_slope
2024-09-01,LU,PSPP,3171.555555555555,0.0,2.377143807646183,-0.1377377216434009,single_maturity_ea_slope
2024-10-01,LU,PSPP,3171.555555555555,0.0,2.366486563715529,-0.1377377216434009,single_maturity_ea_slope
2024-11-01,LU,PSPP,3171.555555555555,0.0,2.41706236889846,-0.1377377216434009,single_maturity_ea_slope
2024-12-01,LU,PSPP,3171.555555555555,0.0,2.3397661447767537,-0.1377377216434009,single_maturity_ea_slope
2025-01-01,LU,PSPP,3171.555555555555,0.0,2.5314274669048946,-0.1377377216434009,single_maturity_ea_slope
2025-02-01,LU,PSPP,3171.555555555555,0.0,2.3642372957000335,-0.1377377216434009,single_maturity_ea_slope
2025-03-01,LU,PSPP,3171.555555555555,0.0,2.4570435243874758,-0.1377377216434009,single_maturity_ea_slope
2025-04-01,LU,PSPP,3026.6666666666665,0.0,2.190265495164967,-0.1377377216434009,single_maturity_ea_slope
2025-05-01,LU,PSPP,3026.6666666666665,0.0,2.1844949208170124,-0.1377377216434009,single_maturity_ea_slope
2025-06-01,LU,PSPP,3026.6666666666665,0.0,2.226456129186608,-0.1377377216434009,single_maturity_ea_slope
2025-07-01,LU,PSPP,3026.6666666666665,0.0,2.2065353932355753,-0.1377377216434009,single_maturity_ea_slope
2025-08-01,LU,PSPP,3026.6666666666665,0.0,2.179102600820762,-0.1377377216434009,single_maturity_ea_slope
2025-09-01,LU,PSPP,3026.6666666666665,0.0,2.2318231743522725,-0.1377377216434009,single_maturity_ea_slope
2025-10-01,LU,PSPP,3026.6666666666665,0.0,2.2379664732599416,-0.1377377216434009,single_maturity_ea_slope
2025-11-01,LU,PSPP,3026.6666666666665,0.0,2.287277762244175,-0.1377377216434009,single_maturity_ea_slope
2025-12-01,LU,PSPP,3026.6666666666665,0.0,2.4032222067215274,-0.1377377216434009,single_maturity_ea_slope
2026-01-01,LU,PSPP,3026.6666666666665,0.0,2.333457723444762,-0.1377377216434009,single_maturity_ea_slope
2026-02-01,LU,PSPP,3026.6666666666665,0.0,2.2228821053489622,-0.1377377216434009,single_maturity_ea_slope
2026-03-01,LU,PSPP,3026.6666666666665,0.0,2.5838393397833337,-0.1377377216434009,single_maturity_ea_slope
2026-04-01,LU,PSPP,3026.6666666666665,0.0,2.747117226106634,-0.1377377216434009,single_maturity_ea_slope
2026-05-01,LU,PSPP,3026.6666666666665,0.0,2.800529170800062,-0.1377377216434009,single_maturity_ea_slope
2026-06-01,LU,PSPP,3026.6666666666665,0.0,2.752703801667708,-0.1377377216434009,single_maturity_ea_slope
2026-07-01,LU,PSPP,3026.6666666666665,0.0,2.859148762050453,-0.1377377216434009,single_maturity_ea_slope
2026-08-01,LU,PSPP,3026.6666666666665,0.0,2.9475863163319995,-0.1377377216434009,single_maturity_ea_slope
2020-03-01,LV,PEPP,24.892,24.892,-0.23653901382174386,-0.23653901382174386,single_maturity_ea_slope
2020-04-01,LV,PEPP,185.80100000000002,160.90900000000002,0.03885197888508468,0.0019574918238827762,single_maturity_ea_slope
2020-05-01,LV,PEPP,352.044,166.24299999999997,0.16002179893042467,0.07659897017974977,single_maturity_ea_slope
2020-06-01,LV,PEPP,547.624,195.58000000000004,-0.11233383401288606,0.00912296868237982,single_maturity_ea_slope
2020-07-01,LV,PEPP,699.643,152.019,-0.2978455473572422,-0.057575400114031075,single_maturity_ea_slope
2020-08-01,LV,PEPP,728.98,29.33699999999999,-0.31660153236553373,-0.06799962250951837,single_maturity_ea_slope
2020-09-01,LV,PEPP,744.093,15.112999999999943,-0.3366016658223157,-0.07345510009173765,single_maturity_ea_slope
2020-10-01,LV,PEPP,778.764,34.67100000000005,-0.3699455871551356,-0.086655019036341,single_maturity_ea_slope
2020-11-01,LV,PEPP,807.212,28.44799999999998,-0.39153761463186443,-0.09739978011459732,single_maturity_ea_slope
2020-12-01,LV,PEPP,804.545,0.0,-0.42000275263170134,-0.09739978011459732,single_maturity_ea_slope
2021-01-01,LV,PEPP,789.432,0.0,-0.40520663619578806,-0.09739978011459732,single_maturity_ea_slope
2021-02-01,LV,PEPP,862.33,72.89800000000002,-0.4052745960370848,-0.12342631094515812,single_maturity_ea_slope
2021-03-01,LV,PEPP,982.345,120.01499999999999,-0.38501978167685597,-0.15538569424722073,single_maturity_ea_slope
2021-04-01,LV,PEPP,1145.921,163.57600000000002,-0.4139652816551127,-0.19229697747689656,single_maturity_ea_slope
2021-05-01,LV,PEPP,1193.927,48.00599999999986,-0.26905260409775666,-0.19538320520401975,single_maturity_ea_slope
2021-06-01,LV,PEPP,1209.929,16.00200000000018,-0.06265171160488253,-0.19362775561931403,single_maturity_ea_slope
2021-07-01,LV,PEPP,1246.378,36.44899999999984,-0.09353208452434988,-0.19070056409656547,single_maturity_ea_slope
2021-08-01,LV,PEPP,1266.825,20.447000000000116,-0.17348080269116878,-0.19042263110546082,single_maturity_ea_slope
2021-09-01,LV,PEPP,1361.948,95.12300000000005,-0.18378384338648326,-0.1899589559840962,single_maturity_ea_slope
2021-10-01,LV,PEPP,1415.288,53.33999999999992,-0.023945672188830397,-0.18370217393151084,single_maturity_ea_slope
2021-11-01,LV,PEPP,1444.625,29.33699999999999,0.09419220779416573,-0.1780587803333894,single_maturity_ea_slope
2021-12-01,LV,PEPP,1445.5140000000001,0.8890000000001237,0.15799608256949033,-0.17785210452594602,single_maturity_ea_slope
2022-01-01,LV,PEPP,1519.301,73.78699999999981,0.2178812516654071,-0.15863275486890552,single_maturity_ea_slope
2022-02-01,LV,PEPP,1588.643,69.3420000000001,0.6544001559810362,-0.12314502848597572,single_maturity_ea_slope
2022-03-01,LV,PEPP,1676.654,88.01099999999997,1.0307487611881903,-0.06257478183818019,single_maturity_ea_slope
2022-04-01,LV,PEPP,1680.21,3.55600000000004,1.464555603294291,-0.05934275985906381,single_maturity_ea_slope
2022-05-01,LV,PEPP,1680.21,0.0,1.834250796609176,-0.05934275985906381,single_maturity_ea_slope
2022-06-01,LV,PEPP,1680.21,0.0,2.389418631906527,-0.05934275985906381,single_maturity_ea_slope
2022-07-01,LV,PEPP,1680.21,0.0,2.2047707496986173,-0.05934275985906381,single_maturity_ea_slope
2022-08-01,LV,PEPP,1680.21,0.0,2.0690136061854405,-0.05934275985906381,single_maturity_ea_slope
2022-09-01,LV,PEPP,1680.21,0.0,2.8327696276101073,-0.05934275985906381,single_maturity_ea_slope
2022-10-01,LV,PEPP,1680.21,0.0,3.598056529337309,-0.05934275985906381,single_maturity_ea_slope
2022-11-01,LV,PEPP,1680.21,0.0,3.6323058729510262,-0.05934275985906381,single_maturity_ea_slope
2022-12-01,LV,PEPP,1680.21,0.0,3.4516474347052633,-0.05934275985906381,single_maturity_ea_slope
2023-01-01,LV,PEPP,1697.99,17.779999999999973,3.676489072968144,-0.02022410192370044,single_maturity_ea_slope
2023-02-01,LV,PEPP,1714.881,16.891000000000076,3.68000376181274,0.016221895697342944,single_maturity_ea_slope
2023-03-01,LV,PEPP,1737.106,22.22499999999991,3.8936009397979134,0.0658301229760092,single_maturity_ea_slope
2023-04-01,LV,PEPP,1596.644,0.0,3.8198642668133775,0.0658301229760092,single_maturity_ea_slope
2023-05-01,LV,PEPP,1600.2,3.55600000000004,3.733823754717968,0.07398121993543585,single_maturity_ea_slope
2023-06-01,LV,PEPP,1609.09,8.889999999999873,3.76883459101571,0.09439477447179066,single_maturity_ea_slope
2023-07-01,LV,PEPP,1620.647,11.557000000000016,3.8227323056169284,0.12098193185241977,single_maturity_ea_slope
2023-08-01,LV,PEPP,1632.204,11.557000000000016,3.7825980467123044,0.14690840761123164,single_maturity_ea_slope
2023-09-01,LV,PEPP,1637.538,5.33400000000006,3.8109914910587497,0.1588435316615494,single_maturity_ea_slope
2023-10-01,LV,PEPP,1652.651,15.113000000000056,4.020161663875317,0.19415413319335917,single_maturity_ea_slope
2023-11-01,LV,PEPP,1649.984,0.0,3.8756038177964545,0.19415413319335917,single_maturity_ea_slope
2023-12-01,LV,PEPP,1655.318,5.33400000000006,3.3678246587465006,0.20438078365164009,single_maturity_ea_slope
2024-01-01,LV,PEPP,1671.32,16.001999999999953,3.2069338168372727,0.23312863184171523,single_maturity_ea_slope
2024-02-01,LV,PEPP,1685.544,14.22400000000016,3.291451933012274,0.2589372672946316,single_maturity_ea_slope
2024-03-01,LV,PEPP,1699.768,14.223999999999933,3.334098850912087,0.28467083703201607,single_maturity_ea_slope
2024-04-01,LV,PEPP,1553.083,0.0,3.37454890510006,0.28467083703201607,single_maturity_ea_slope
2024-05-01,LV,PEPP,1569.974,16.89099999999985,3.3639029282105346,0.31779960811491037,single_maturity_ea_slope
2024-06-01,LV,PEPP,1576.1970000000001,6.223000000000184,3.365245506963243,0.3298312614098562,single_maturity_ea_slope
2024-07-01,LV,PEPP,1584.198,8.000999999999976,3.2861354512853422,0.34476209065165153,single_maturity_ea_slope
2024-08-01,LV,PEPP,1586.865,2.6669999999999163,2.986136501820989,0.34920137537630574,single_maturity_ea_slope
2024-09-01,LV,PEPP,1591.31,4.444999999999936,2.8825222264474055,0.3562776906027612,single_maturity_ea_slope
2024-10-01,LV,PEPP,1597.5330000000001,6.223000000000184,2.834932234162076,0.36593299489041603,single_maturity_ea_slope
2024-11-01,LV,PEPP,1602.867,5.333999999999833,2.8368555532292254,0.37415569891151,single_maturity_ea_slope
2024-12-01,LV,PEPP,1604.645,1.77800000000002,2.7839445895635917,0.3768258251061383,single_maturity_ea_slope
2025-01-01,LV,PEPP,1563.751,0.0,2.930782296136989,0.3768258251061383,single_maturity_ea_slope
2025-02-01,LV,PEPP,1563.751,0.0,2.852846887617494,0.3768258251061383,single_maturity_ea_slope
2025-03-01,LV,PEPP,1563.751,0.0,2.969697223158452,0.3768258251061383,single_maturity_ea_slope
2025-04-01,LV,PEPP,1563.751,0.0,2.867403766602031,0.3768258251061383,single_maturity_ea_slope
2025-05-01,LV,PEPP,1563.751,0.0,2.7967266810919527,0.3768258251061383,single_maturity_ea_slope
2025-06-01,LV,PEPP,1563.751,0.0,2.7773063339477626,0.3768258251061383,single_maturity_ea_slope
2025-07-01,LV,PEPP,1563.751,0.0,2.65762928206576,0.3768258251061383,single_maturity_ea_slope
2025-08-01,LV,PEPP,1563.751,0.0,2.645442194314899,0.3768258251061383,single_maturity_ea_slope
2025-09-01,LV,PEPP,1451.737,0.0,2.7074191231668863,0.3768258251061383,single_maturity_ea_slope
2025-10-01,LV,PEPP,1451.737,0.0,2.83929920833913,0.3768258251061383,single_maturity_ea_slope
2025-11-01,LV,PEPP,1451.737,0.0,3.0766124429319497,0.3768258251061383,single_maturity_ea_slope
2025-12-01,LV,PEPP,1451.737,0.0,3.200166617667381,0.3768258251061383,single_maturity_ea_slope
2026-01-01,LV,PEPP,1451.737,0.0,3.1829135504398214,0.3768258251061383,single_maturity_ea_slope
2026-02-01,LV,PEPP,1451.737,0.0,3.0459551716581243,0.3768258251061383,single_maturity_ea_slope
2026-03-01,LV,PEPP,1451.737,0.0,3.3112190599412052,0.3768258251061383,single_maturity_ea_slope
2026-04-01,LV,PEPP,1451.737,0.0,3.4010690846363127,0.3768258251061383,single_maturity_ea_slope
2026-05-01,LV,PEPP,1451.737,0.0,3.4131790996167184,0.3768258251061383,single_maturity_ea_slope
2026-06-01,LV,PEPP,1451.737,0.0,3.3528119636634015,0.3768258251061383,single_maturity_ea_slope
2026-07-01,LV,PEPP,1451.737,0.0,3.3851616171338774,0.3768258251061383,single_maturity_ea_slope
2026-08-01,LV,PEPP,1451.737,0.0,3.468794577988857,0.3768258251061383,single_maturity_ea_slope
2015-03-01,LV,PSPP,66.66666666666666,66.66666666666666,0.16825058050976827,0.16825058050976827,single_maturity_ea_slope
2015-04-01,LV,PSPP,224.0,157.33333333333334,0.06483451727005929,0.09561310751997266,single_maturity_ea_slope
2015-05-01,LV,PSPP,406.2222222222222,182.22222222222217,0.25424838212930767,0.1667733510537006,single_maturity_ea_slope
2015-06-01,LV,PSPP,447.1111111111111,40.888888888888914,0.5098034390366295,0.19814389587917725,single_maturity_ea_slope
2015-07-01,LV,PSPP,466.66666666666663,19.555555555555543,0.4568506245875943,0.20898493974886329,single_maturity_ea_slope
2015-08-01,LV,PSPP,487.1111111111111,20.444444444444457,0.24140056236887086,0.21034544945736725,single_maturity_ea_slope
2015-09-01,LV,PSPP,504.0,16.888888888888914,0.28544216366739994,0.21286191783477576,single_maturity_ea_slope
2015-10-01,LV,PSPP,560.0,56.0,0.37208566753118966,0.22878429280441717,single_maturity_ea_slope
2015-11-01,LV,PSPP,587.5555555555555,27.555555555555543,0.4122367374640342,0.23738796267498924,single_maturity_ea_slope
2015-12-01,LV,PSPP,608.0,20.444444444444457,0.2852484315058126,0.23899730592514848,single_maturity_ea_slope
2016-01-01,LV,PSPP,644.4444444444445,36.44444444444446,0.2587786729177515,0.24011597633438536,single_maturity_ea_slope
2016-02-01,LV,PSPP,671.1111111111111,26.66666666666663,0.20821168261433354,0.23884825605411844,single_maturity_ea_slope
2016-03-01,LV,PSPP,710.2222222222222,39.111111111111086,0.04061899005127123,0.22793200110527578,single_maturity_ea_slope
2016-04-01,LV,PSPP,777.7777777777777,67.55555555555554,-0.01692099638369704,0.20666476932337643,single_maturity_ea_slope
2016-05-01,LV,PSPP,829.3333333333333,51.55555555555554,-0.0931609595132239,0.18802608521563494,single_maturity_ea_slope
2016-06-01,LV,PSPP,909.3333333333333,80.0,-0.00022174940105323948,0.17146469214085297,single_maturity_ea_slope
2016-07-01,LV,PSPP,933.3333333333333,24.0,-0.14420166005962282,0.1633475573699836,single_maturity_ea_slope
2016-08-01,LV,PSPP,997.3333333333333,64.0,-0.30129028900653415,0.13353122498218567,single_maturity_ea_slope
2016-09-01,LV,PSPP,1037.3333333333333,40.0,-0.3690797750150737,0.11415033809283119,single_maturity_ea_slope
2016-10-01,LV,PSPP,1117.3333333333333,80.0,-0.2571613977965727,0.08756477227736074,single_maturity_ea_slope
2016-11-01,LV,PSPP,1152.0,34.66666666666674,0.00954695137003947,0.08521701377783487,single_maturity_ea_slope
2016-12-01,LV,PSPP,1166.2222222222222,14.222222222222172,0.22396550168373452,0.08690906850839462,single_maturity_ea_slope
2017-01-01,LV,PSPP,1200.888888888889,34.66666666666674,0.23842301780026953,0.09128289828069894,single_maturity_ea_slope
2017-02-01,LV,PSPP,1250.6666666666665,49.7777777777776,0.2954144487116541,0.09940753710382151,single_maturity_ea_slope
2017-03-01,LV,PSPP,1308.4444444444443,57.77777777777783,0.2891984658377118,0.10778825066883706,single_maturity_ea_slope
2017-04-01,LV,PSPP,1346.6666666666665,38.22222222222217,0.31408578890204797,0.11364356033486218,single_maturity_ea_slope
2017-05-01,LV,PSPP,1370.6666666666665,24.0,0.25355152366041744,0.1160933106654653,single_maturity_ea_slope
2017-06-01,LV,PSPP,1402.6666666666665,32.0,0.28686311792482333,0.11998919980446206,single_maturity_ea_slope
2017-07-01,LV,PSPP,1427.5555555555554,24.888888888888914,0.37232265180286994,0.1243885376973359,single_maturity_ea_slope
2017-08-01,LV,PSPP,1449.7777777777776,22.22222222222217,0.25123790818855196,0.1263328873369928,single_maturity_ea_slope
2017-09-01,LV,PSPP,1473.7777777777776,24.0,0.1086429510096838,0.1260448123787073,single_maturity_ea_slope
2017-10-01,LV,PSPP,1516.4444444444443,42.66666666666674,0.08430294656054982,0.12487036363353055,single_maturity_ea_slope
2017-11-01,LV,PSPP,1542.2222222222222,25.77777777777783,0.07075372022998949,0.12396582031439354,single_maturity_ea_slope
2017-12-01,LV,PSPP,1548.4444444444443,6.222222222222172,0.0061830831549107845,0.12349252573338529,single_maturity_ea_slope
2018-01-01,LV,PSPP,1596.4444444444443,48.0,0.047394879424834446,0.1212045118688743,single_maturity_ea_slope
2018-02-01,LV,PSPP,1638.2222222222222,41.77777777777783,0.17446812021021896,0.1225628350333036,single_maturity_ea_slope
2018-03-01,LV,PSPP,1585.7777777777776,0.0,0.33400507628125353,0.1225628350333036,single_maturity_ea_slope
2018-04-01,LV,PSPP,1611.5555555555554,25.77777777777783,0.3081377772660951,0.12553121524552147,single_maturity_ea_slope
2018-05-01,LV,PSPP,1646.2222222222222,34.66666666666674,0.3820050831127214,0.13093212283019795,single_maturity_ea_slope
2018-06-01,LV,PSPP,1702.2222222222222,56.0,0.48559985565995356,0.14260004302250845,single_maturity_ea_slope
2018-07-01,LV,PSPP,1738.6666666666665,36.44444444444434,0.6466061892493986,0.15316458903237676,single_maturity_ea_slope
2018-08-01,LV,PSPP,1768.0,29.333333333333485,0.5413463443539654,0.15960501031222216,single_maturity_ea_slope
2018-09-01,LV,PSPP,1787.5555555555554,19.55555555555543,0.5409148011166276,0.16377647495553238,single_maturity_ea_slope
2018-10-01,LV,PSPP,1826.6666666666665,39.111111111111086,0.6169896926473106,0.1734803102735072,single_maturity_ea_slope
2018-11-01,LV,PSPP,1833.7777777777776,7.111111111111086,0.6530993007736374,0.175340199718006,single_maturity_ea_slope
2018-12-01,LV,PSPP,1844.4444444444443,10.666666666666742,0.6906139978037978,0.17832009638163468,single_maturity_ea_slope
2019-01-01,LV,PSPP,1849.7777777777776,5.3333333333332575,0.5843815823661516,0.17949086472181106,single_maturity_ea_slope
2019-02-01,LV,PSPP,1837.3333333333333,0.0,0.4724463432484838,0.17949086472181106,single_maturity_ea_slope
2019-03-01,LV,PSPP,1840.8888888888887,3.5555555555554292,0.381385900044404,0.1798808116755968,single_maturity_ea_slope
2019-04-01,LV,PSPP,1871.111111111111,30.2222222222224,0.2858077829837499,0.18159174612903017,single_maturity_ea_slope
2019-05-01,LV,PSPP,1896.0,24.888888888888914,0.2287832519420619,0.18221123143740564,single_maturity_ea_slope
2019-06-01,LV,PSPP,1922.6666666666665,26.666666666666515,0.09404286745837243,0.18098836924629563,single_maturity_ea_slope
2019-07-01,LV,PSPP,1952.8888888888887,30.22222222222217,-0.06123198847767783,0.17723985210354865,single_maturity_ea_slope
2019-08-01,LV,PSPP,1976.8888888888887,24.0,-0.22408540011249084,0.17236764805236474,single_maturity_ea_slope
2019-09-01,LV,PSPP,2005.3333333333333,28.44444444444457,-0.2550791862092062,0.16630457238908,single_maturity_ea_slope
2019-10-01,LV,PSPP,2048.0,42.66666666666674,-0.13572792764150926,0.16001222863844272,single_maturity_ea_slope
2019-11-01,LV,PSPP,2056.8888888888887,8.888888888888687,-0.026062659726540344,0.15920810206815328,single_maturity_ea_slope
2019-12-01,LV,PSPP,2095.111111111111,38.22222222222217,0.03514816428901599,0.15694481088253476,single_maturity_ea_slope
2020-01-01,LV,PSPP,2126.222222222222,31.111111111111313,-0.0026405996379198077,0.1546097400764244,single_maturity_ea_slope
2020-02-01,LV,PSPP,2145.777777777778,19.555555555555657,-0.14208273520387335,0.15190583185100326,single_maturity_ea_slope
2020-03-01,LV,PSPP,2205.333333333333,59.5555555555552,-0.1527752627682209,0.14367784582138302,single_maturity_ea_slope
2020-04-01,LV,PSPP,2259.5555555555557,54.222222222222626,0.19908167237248903,0.1450073632956621,single_maturity_ea_slope
2020-05-01,LV,PSPP,2296.0,36.44444444444434,0.14657364416699004,0.1450322248967943,single_maturity_ea_slope
2020-06-01,LV,PSPP,2304.0,8.0,-0.10100412942955374,0.1441779319998278,single_maturity_ea_slope
2020-07-01,LV,PSPP,2418.6666666666665,114.66666666666652,-0.28192655545658174,0.12397672697157468,single_maturity_ea_slope
2020-08-01,LV,PSPP,2449.777777777778,31.111111111111313,-0.30596993650086063,0.11851659155011773,single_maturity_ea_slope
2020-09-01,LV,PSPP,2475.555555555555,25.777777777777374,-0.32374800354014216,0.11391132287592838,single_maturity_ea_slope
2020-10-01,LV,PSPP,2530.6666666666665,55.11111111111131,-0.35158434947960904,0.10377407957208454,single_maturity_ea_slope
2020-11-01,LV,PSPP,2577.777777777778,47.11111111111131,-0.3716072670555224,0.09508607565095928,single_maturity_ea_slope
2020-12-01,LV,PSPP,2487.111111111111,0.0,-0.3913690857975181,0.09508607565095928,single_maturity_ea_slope
2021-01-01,LV,PSPP,2239.111111111111,0.0,-0.35682617323708105,0.09508607565095928,single_maturity_ea_slope
2021-02-01,LV,PSPP,2305.777777777778,66.66666666666697,-0.330658477941436,0.08277657622172652,single_maturity_ea_slope
2021-03-01,LV,PSPP,2400.8888888888887,95.11111111111086,-0.30163530088493357,0.06754811607718281,single_maturity_ea_slope
2021-04-01,LV,PSPP,2491.555555555555,90.66666666666652,-0.32779040180614116,0.05316191242962697,single_maturity_ea_slope
2021-05-01,LV,PSPP,2557.333333333333,65.77777777777783,-0.19625217298474143,0.04674667352776278,single_maturity_ea_slope
2021-06-01,LV,PSPP,2625.777777777778,68.4444444444448,0.0026058579119191405,0.045596083547255,single_maturity_ea_slope
2021-07-01,LV,PSPP,2666.6666666666665,40.88888888888869,-0.03496822843375527,0.044360764096879515,single_maturity_ea_slope
2021-08-01,LV,PSPP,2681.777777777778,15.111111111111313,-0.11892893574179025,0.043440669666234034,single_maturity_ea_slope
2021-09-01,LV,PSPP,2752.8888888888887,71.11111111111086,-0.12334705325120206,0.039132300976083945,single_maturity_ea_slope
2021-10-01,LV,PSPP,2832.0,79.11111111111131,0.015014339493154866,0.038458572610741606,single_maturity_ea_slope
2021-11-01,LV,PSPP,2912.0,80.0,0.1233245209352258,0.040790054707568094,single_maturity_ea_slope
2021-12-01,LV,PSPP,2967.111111111111,55.11111111111086,0.18243340055196672,0.04342093770407878,single_maturity_ea_slope
2022-01-01,LV,PSPP,3005.333333333333,38.22222222222217,0.2529931419217272,0.046086304394809,single_maturity_ea_slope
2022-02-01,LV,PSPP,3053.333333333333,48.0,0.6899148652203757,0.0562076267483987,single_maturity_ea_slope
2022-03-01,LV,PSPP,3131.555555555555,78.22222222222217,1.0798343468379081,0.0817765030946595,single_maturity_ea_slope
2022-04-01,LV,PSPP,3249.7777777777774,118.22222222222217,1.4992827720140915,0.1333433339935338,single_maturity_ea_slope
2022-05-01,LV,PSPP,3329.7777777777774,80.0,1.8786564211655774,0.17527557581026737,single_maturity_ea_slope
2022-06-01,LV,PSPP,3347.555555555555,17.77777777777783,2.4297371538479418,0.1872482873240097,single_maturity_ea_slope
2022-07-01,LV,PSPP,3347.555555555555,0.0,2.264841768158894,0.1872482873240097,single_maturity_ea_slope
2022-08-01,LV,PSPP,3384.0,36.4444444444448,2.111498061439607,0.2079717548151419,single_maturity_ea_slope
2022-09-01,LV,PSPP,3428.4444444444443,44.44444444444434,2.8580082961663313,0.24232535270665323,single_maturity_ea_slope
2022-10-01,LV,PSPP,3442.6666666666665,14.222222222222172,3.634207248815986,0.256337774689031,single_maturity_ea_slope
2022-11-01,LV,PSPP,3462.222222222222,19.555555555555657,3.6497991701055343,0.27550495073502934,single_maturity_ea_slope
2022-12-01,LV,PSPP,3492.4444444444443,30.22222222222217,3.45730017288363,0.30303893840442414,single_maturity_ea_slope
2023-01-01,LV,PSPP,3536.0,43.55555555555566,3.676384424468173,0.34459095670938245,single_maturity_ea_slope
2023-02-01,LV,PSPP,3573.333333333333,37.33333333333303,3.676929299699786,0.379406431934655,single_maturity_ea_slope
2023-03-01,LV,PSPP,3594.6666666666665,21.333333333333485,3.8909128513527773,0.40024623264336806,single_maturity_ea_slope
2023-04-01,LV,PSPP,3444.4444444444443,0.0,3.8203038423664126,0.40024623264336806,single_maturity_ea_slope
2023-05-01,LV,PSPP,3399.111111111111,0.0,3.7371689112248023,0.40024623264336806,single_maturity_ea_slope
2023-06-01,LV,PSPP,3405.333333333333,6.222222222222172,3.7646726825440338,0.40639370984235124,single_maturity_ea_slope
2023-07-01,LV,PSPP,3405.333333333333,0.0,3.8154503604170356,0.40639370984235124,single_maturity_ea_slope
2023-08-01,LV,PSPP,3405.333333333333,0.0,3.783166100880494,0.40639370984235124,single_maturity_ea_slope
2023-09-01,LV,PSPP,3405.333333333333,0.0,3.811470895511607,0.40639370984235124,single_maturity_ea_slope
2023-10-01,LV,PSPP,3405.333333333333,0.0,4.024850433363789,0.40639370984235124,single_maturity_ea_slope
2023-11-01,LV,PSPP,3381.333333333333,0.0,3.8780924025592043,0.40639370984235124,single_maturity_ea_slope
2023-12-01,LV,PSPP,3381.333333333333,0.0,3.369272199176869,0.40639370984235124,single_maturity_ea_slope
2024-01-01,LV,PSPP,3381.333333333333,0.0,3.2141556952979546,0.40639370984235124,single_maturity_ea_slope
2024-02-01,LV,PSPP,3381.333333333333,0.0,3.293615371250774,0.40639370984235124,single_maturity_ea_slope
2024-03-01,LV,PSPP,3381.333333333333,0.0,3.3303836116849124,0.40639370984235124,single_maturity_ea_slope
2024-04-01,LV,PSPP,3063.111111111111,0.0,3.3734912446573815,0.40639370984235124,single_maturity_ea_slope
2024-05-01,LV,PSPP,3063.111111111111,0.0,3.359289818509966,0.40639370984235124,single_maturity_ea_slope
2024-06-01,LV,PSPP,3063.111111111111,0.0,3.3613628524579307,0.40639370984235124,single_maturity_ea_slope
2024-07-01,LV,PSPP,3063.111111111111,0.0,3.2843718283404075,0.40639370984235124,single_maturity_ea_slope
2024-08-01,LV,PSPP,3063.111111111111,0.0,2.999131332601739,0.40639370984235124,single_maturity_ea_slope
2024-09-01,LV,PSPP,3063.111111111111,0.0,2.903773461051298,0.40639370984235124,single_maturity_ea_slope
2024-10-01,LV,PSPP,3063.111111111111,0.0,2.8608364355091687,0.40639370984235124,single_maturity_ea_slope
2024-11-01,LV,PSPP,3063.111111111111,0.0,2.863481277300208,0.40639370984235124,single_maturity_ea_slope
2024-12-01,LV,PSPP,3063.111111111111,0.0,2.8107395218860125,0.40639370984235124,single_maturity_ea_slope
2025-01-01,LV,PSPP,3040.8888888888887,0.0,2.953060757886932,0.40639370984235124,single_maturity_ea_slope
2025-02-01,LV,PSPP,3040.8888888888887,0.0,2.8762360503564817,0.40639370984235124,single_maturity_ea_slope
2025-03-01,LV,PSPP,3040.8888888888887,0.0,3.0019267343545235,0.40639370984235124,single_maturity_ea_slope
2025-04-01,LV,PSPP,3040.8888888888887,0.0,2.9064871779864876,0.40639370984235124,single_maturity_ea_slope
2025-05-01,LV,PSPP,3040.8888888888887,0.0,2.836277775636453,0.40639370984235124,single_maturity_ea_slope
2025-06-01,LV,PSPP,3040.8888888888887,0.0,2.8121875626417983,0.40639370984235124,single_maturity_ea_slope
2025-07-01,LV,PSPP,3040.8888888888887,0.0,2.695075123129168,0.40639370984235124,single_maturity_ea_slope
2025-08-01,LV,PSPP,3040.8888888888887,0.0,2.682296266781881,0.40639370984235124,single_maturity_ea_slope
2025-09-01,LV,PSPP,2723.555555555555,0.0,2.7730932507247954,0.40639370984235124,single_maturity_ea_slope
2025-10-01,LV,PSPP,2723.555555555555,0.0,2.899469902795652,0.40639370984235124,single_maturity_ea_slope
2025-11-01,LV,PSPP,2723.555555555555,0.0,3.13722367415,0.40639370984235124,single_maturity_ea_slope
2025-12-01,LV,PSPP,2723.555555555555,0.0,3.261652473725417,0.40639370984235124,single_maturity_ea_slope
2026-01-01,LV,PSPP,2723.555555555555,0.0,3.2467028496048216,0.40639370984235124,single_maturity_ea_slope
2026-02-01,LV,PSPP,2723.555555555555,0.0,3.108069957562656,0.40639370984235124,single_maturity_ea_slope
2026-03-01,LV,PSPP,2723.555555555555,0.0,3.358916347897296,0.40639370984235124,single_maturity_ea_slope
2026-04-01,LV,PSPP,2723.555555555555,0.0,3.4468121436066252,0.40639370984235124,single_maturity_ea_slope
2026-05-01,LV,PSPP,2723.555555555555,0.0,3.454776310827187,0.40639370984235124,single_maturity_ea_slope
2026-06-01,LV,PSPP,2723.555555555555,0.0,3.391635749870989,0.40639370984235124,single_maturity_ea_slope
2026-07-01,LV,PSPP,2723.555555555555,0.0,3.421334654825033,0.40639370984235124,single_maturity_ea_slope
2026-08-01,LV,PSPP,2723.555555555555,0.0,3.504468933599851,0.40639370984235124,single_maturity_ea_slope
2020-03-01,MT,PEPP,12.446,12.446,0.11904916543750016,0.11904916543750016,single_maturity_ea_slope
2020-04-01,MT,PEPP,67.56400000000001,55.11800000000001,0.33344772329005,0.29395325210668555,single_maturity_ea_slope
2020-05-01,MT,PEPP,109.34700000000001,41.783,0.4298995241054462,0.34590020156962664,single_maturity_ea_slope
2020-06-01,MT,PEPP,109.34700000000001,0.0,0.49112465964913854,0.34590020156962664,single_maturity_ea_slope
2020-07-01,MT,PEPP,109.34700000000001,0.0,0.4096210995602711,0.34590020156962664,single_maturity_ea_slope
2020-08-01,MT,PEPP,110.236,0.8889999999999958,0.30774714147882765,0.3455925156011525,single_maturity_ea_slope
2020-09-01,MT,PEPP,210.693,100.45700000000001,0.2978448236464203,0.3228267384244236,single_maturity_ea_slope
2020-10-01,MT,PEPP,211.582,0.8889999999999816,0.18877185963078902,0.322263482631173,single_maturity_ea_slope
2020-11-01,MT,PEPP,231.14000000000001,19.55800000000002,0.1839006723005201,0.3105558602185793,single_maturity_ea_slope
2020-12-01,MT,PEPP,232.029,0.8889999999999816,0.09694024704848692,0.3097374095934065,single_maturity_ea_slope
2021-01-01,MT,PEPP,235.585,3.5560000000000116,0.1322529217812865,0.3070583984566198,single_maturity_ea_slope
2021-02-01,MT,PEPP,243.586,8.001000000000005,0.1533640085488534,0.3020100425837369,single_maturity_ea_slope
2021-03-01,MT,PEPP,256.921,13.33499999999998,0.11984098065440452,0.29255490096110726,single_maturity_ea_slope
2021-04-01,MT,PEPP,256.921,0.0,0.13053535381730597,0.29255490096110726,single_maturity_ea_slope
2021-05-01,MT,PEPP,270.25600000000003,13.335000000000036,0.2016796205989918,0.2880709233116608,single_maturity_ea_slope
2021-06-01,MT,PEPP,272.034,1.7779999999999632,0.1902097289198249,0.28743130766204095,single_maturity_ea_slope
2021-07-01,MT,PEPP,285.369,13.335000000000036,0.25766374018479676,0.2860402998360015,single_maturity_ea_slope
2021-08-01,MT,PEPP,321.818,36.448999999999955,0.28763604903117135,0.2862210338608688,single_maturity_ea_slope
2021-09-01,MT,PEPP,339.598,17.78000000000003,0.3882385972116428,0.2915622675441554,single_maturity_ea_slope
2021-10-01,MT,PEPP,372.491,32.89299999999997,0.5365448722647783,0.3131955763142342,single_maturity_ea_slope
2021-11-01,MT,PEPP,424.942,52.45100000000002,0.5302827808568037,0.33999085888329617,single_maturity_ea_slope
2021-12-01,MT,PEPP,466.725,41.783000000000015,0.5045301764095477,0.35472104540469396,single_maturity_ea_slope
2022-01-01,MT,PEPP,482.72700000000003,16.00200000000001,0.7011434653043205,0.36620466153396336,single_maturity_ea_slope
2022-02-01,MT,PEPP,515.62,32.89299999999997,1.1320673078136723,0.4150614165552551,single_maturity_ea_slope
2022-03-01,MT,PEPP,541.401,25.78099999999995,1.1836424189090606,0.4516605119054362,single_maturity_ea_slope
2022-04-01,MT,PEPP,542.29,0.88900000000001,1.6542703482951104,0.45363200344050125,single_maturity_ea_slope
2022-05-01,MT,PEPP,540.5120000000001,0.0,1.911619488637463,0.45363200344050125,single_maturity_ea_slope
2022-06-01,MT,PEPP,541.401,0.8889999999998963,2.5160490829188236,0.4570185667893979,single_maturity_ea_slope
2022-07-01,MT,PEPP,535.178,0.0,2.491784098948141,0.4570185667893979,single_maturity_ea_slope
2022-08-01,MT,PEPP,536.067,0.88900000000001,2.5084408709733257,0.4604205938278456,single_maturity_ea_slope
2022-09-01,MT,PEPP,536.956,0.88900000000001,3.244254811316149,0.46502959087666734,single_maturity_ea_slope
2022-10-01,MT,PEPP,537.845,0.88900000000001,3.7026977644269508,0.47038110851889925,single_maturity_ea_slope
2022-11-01,MT,PEPP,538.734,0.88900000000001,3.3905735892525466,0.47519990799205714,single_maturity_ea_slope
2022-12-01,MT,PEPP,539.623,0.88900000000001,3.564955475829191,0.48029011485834566,single_maturity_ea_slope
2023-01-01,MT,PEPP,539.623,0.0,3.532680534829537,0.48029011485834566,single_maturity_ea_slope
2023-02-01,MT,PEPP,539.623,0.0,3.6035799648298674,0.48029011485834566,single_maturity_ea_slope
2023-03-01,MT,PEPP,539.623,0.0,3.561300636011105,0.48029011485834566,single_maturity_ea_slope
2023-04-01,MT,PEPP,539.623,0.0,3.554331432843777,0.48029011485834566,single_maturity_ea_slope
2023-05-01,MT,PEPP,539.623,0.0,3.570839128158653,0.48029011485834566,single_maturity_ea_slope
2023-06-01,MT,PEPP,539.623,0.0,3.650724238774261,0.48029011485834566,single_maturity_ea_slope
2023-07-01,MT,PEPP,536.067,0.0,3.769956784376984,0.48029011485834566,single_maturity_ea_slope
2023-08-01,MT,PEPP,536.067,0.0,3.7339910292017278,0.48029011485834566,single_maturity_ea_slope
2023-09-01,MT,PEPP,536.067,0.0,3.871117096652143,0.48029011485834566,single_maturity_ea_slope
2023-10-01,MT,PEPP,536.067,0.0,4.088763263173201,0.48029011485834566,single_maturity_ea_slope
2023-11-01,MT,PEPP,536.067,0.0,3.7729416466762533,0.48029011485834566,single_maturity_ea_slope
2023-12-01,MT,PEPP,536.067,0.0,3.200647847023053,0.48029011485834566,single_maturity_ea_slope
2024-01-01,MT,PEPP,536.956,0.88900000000001,3.24106606644261,0.48486093597024016,single_maturity_ea_slope
2024-02-01,MT,PEPP,537.845,0.88900000000001,3.3724852196226984,0.48963386867049224,single_maturity_ea_slope
2024-03-01,MT,PEPP,539.623,1.77800000000002,3.3171149001592872,0.4989501158912132,single_maturity_ea_slope
2024-04-01,MT,PEPP,539.623,0.0,3.3720105200376316,0.4989501158912132,single_maturity_ea_slope
2024-05-01,MT,PEPP,540.5120000000001,0.88900000000001,3.45347730028725,0.503809535602391,single_maturity_ea_slope
2024-06-01,MT,PEPP,541.401,0.8889999999998963,3.4665483608713434,0.5086744597818139,single_maturity_ea_slope
2024-07-01,MT,PEPP,543.179,1.77800000000002,3.392269047136831,0.5181133946013067,single_maturity_ea_slope
2024-08-01,MT,PEPP,544.068,0.88900000000001,3.2146251693018635,0.5225194595926476,single_maturity_ea_slope
2024-09-01,MT,PEPP,544.957,0.88900000000001,3.0477794853260662,0.526638970238216,single_maturity_ea_slope
2024-10-01,MT,PEPP,520.954,0.0,3.022644838203353,0.526638970238216,single_maturity_ea_slope
2024-11-01,MT,PEPP,520.954,0.0,3.07721682951619,0.526638970238216,single_maturity_ea_slope
2024-12-01,MT,PEPP,520.954,0.0,2.893850905596526,0.526638970238216,single_maturity_ea_slope
2025-01-01,MT,PEPP,520.954,0.0,3.150115355051421,0.526638970238216,single_maturity_ea_slope
2025-02-01,MT,PEPP,520.954,0.0,3.05470895720395,0.526638970238216,single_maturity_ea_slope
2025-03-01,MT,PEPP,520.954,0.0,3.2444657264420234,0.526638970238216,single_maturity_ea_slope
2025-04-01,MT,PEPP,520.954,0.0,3.016578841288144,0.526638970238216,single_maturity_ea_slope
2025-05-01,MT,PEPP,520.954,0.0,3.064213819270453,0.526638970238216,single_maturity_ea_slope
2025-06-01,MT,PEPP,520.954,0.0,3.021517538565548,0.526638970238216,single_maturity_ea_slope
2025-07-01,MT,PEPP,500.507,0.0,3.1575055366460973,0.526638970238216,single_maturity_ea_slope
2025-08-01,MT,PEPP,500.507,0.0,3.1835327199569883,0.526638970238216,single_maturity_ea_slope
2025-09-01,MT,PEPP,500.507,0.0,3.1880281801065222,0.526638970238216,single_maturity_ea_slope
2025-10-01,MT,PEPP,500.507,0.0,3.0919905268782606,0.526638970238216,single_maturity_ea_slope
2025-11-01,MT,PEPP,491.617,0.0,3.113847324366863,0.526638970238216,single_maturity_ea_slope
2025-12-01,MT,PEPP,491.617,0.0,3.3798590841270237,0.526638970238216,single_maturity_ea_slope
2026-01-01,MT,PEPP,491.617,0.0,3.3162954843510715,0.526638970238216,single_maturity_ea_slope
2026-02-01,MT,PEPP,491.617,0.0,3.2068719548856124,0.526638970238216,single_maturity_ea_slope
2026-03-01,MT,PEPP,491.617,0.0,3.5034756563825913,0.526638970238216,single_maturity_ea_slope
2026-04-01,MT,PEPP,491.617,0.0,3.590725480218125,0.526638970238216,single_maturity_ea_slope
2026-05-01,MT,PEPP,491.617,0.0,3.634155004106431,0.526638970238216,single_maturity_ea_slope
2026-06-01,MT,PEPP,491.617,0.0,3.608036068903642,0.526638970238216,single_maturity_ea_slope
2026-07-01,MT,PEPP,479.171,0.0,3.709374818815642,0.526638970238216,single_maturity_ea_slope
2026-08-01,MT,PEPP,479.171,0.0,3.6329669357547085,0.526638970238216,single_maturity_ea_slope
2015-03-01,MT,PSPP,4.444444444444445,4.444444444444445,1.1450722768488713,1.1450722768488713,single_maturity_ea_slope
2015-04-01,MT,PSPP,51.55555555555555,47.11111111111111,0.914582593447847,0.9344523937410386,single_maturity_ea_slope
2015-05-01,MT,PSPP,127.1111111111111,75.55555555555554,1.3263759515390334,1.167413949075511,single_maturity_ea_slope
2015-06-01,MT,PSPP,185.77777777777777,58.66666666666667,1.660937284092822,1.3232634232915041,single_maturity_ea_slope
2015-07-01,MT,PSPP,207.1111111111111,21.333333333333314,1.541655009090424,1.3457586939317363,single_maturity_ea_slope
2015-08-01,MT,PSPP,216.88888888888889,9.7777777777778,1.2964271561031884,1.343534731160777,single_maturity_ea_slope
2015-09-01,MT,PSPP,232.88888888888889,16.0,1.2814751582540194,1.3392710963809233,single_maturity_ea_slope
2015-10-01,MT,PSPP,242.66666666666666,9.777777777777771,1.0324639963389184,1.32690890553674,single_maturity_ea_slope
2015-11-01,MT,PSPP,244.44444444444443,1.7777777777777715,0.9058987559494022,1.323847013539741,single_maturity_ea_slope
2015-12-01,MT,PSPP,250.66666666666666,6.2222222222222285,0.9061380143572502,1.3134783504394665,single_maturity_ea_slope
2016-01-01,MT,PSPP,304.0,53.33333333333334,0.8678282912704172,1.2352941295326159,single_maturity_ea_slope
2016-02-01,MT,PSPP,322.66666666666663,18.66666666666663,0.8230838858743191,1.211447255932549,single_maturity_ea_slope
2016-03-01,MT,PSPP,376.0,53.33333333333337,0.7647310489155343,1.1480832549372277,single_maturity_ea_slope
2016-04-01,MT,PSPP,429.3333333333333,53.333333333333314,0.7335253840819741,1.0965853827812955,single_maturity_ea_slope
2016-05-01,MT,PSPP,488.0,58.666666666666686,0.7921973535418987,1.0599922863700018,single_maturity_ea_slope
2016-06-01,MT,PSPP,520.8888888888889,32.888888888888914,0.7775802109460754,1.04216080720501,single_maturity_ea_slope
2016-07-01,MT,PSPP,531.5555555555555,10.666666666666629,0.5997702611696083,1.0332834049434299,single_maturity_ea_slope
2016-08-01,MT,PSPP,541.3333333333333,9.777777777777715,0.4478894947060225,1.0227097875171387,single_maturity_ea_slope
2016-09-01,MT,PSPP,547.5555555555555,6.222222222222285,0.4248775302148965,1.015916239138704,single_maturity_ea_slope
2016-10-01,MT,PSPP,580.4444444444445,32.888888888888914,0.4279135415623615,0.9825990878212082,single_maturity_ea_slope
2016-11-01,MT,PSPP,668.4444444444445,88.0,0.6877881762535694,0.9437875449419577,single_maturity_ea_slope
2016-12-01,MT,PSPP,717.3333333333333,48.8888888888888,0.6381056704313377,0.9229542077696108,single_maturity_ea_slope
2017-01-01,MT,PSPP,743.1111111111111,25.77777777777783,0.9788692285538447,0.924893843658059,single_maturity_ea_slope
2017-02-01,MT,PSPP,786.6666666666666,43.55555555555554,1.0998437152017106,0.9345803337209279,single_maturity_ea_slope
2017-03-01,MT,PSPP,813.3333333333333,26.66666666666663,1.33163521433942,0.9475985265280916,single_maturity_ea_slope
2017-04-01,MT,PSPP,824.0,10.666666666666742,1.21643716566812,0.9510786383616194,single_maturity_ea_slope
2017-05-01,MT,PSPP,835.5555555555555,11.555555555555543,1.146578649873347,0.9537823619250796,single_maturity_ea_slope
2017-06-01,MT,PSPP,849.7777777777777,14.222222222222172,1.0171099325632542,0.9548422375842959,single_maturity_ea_slope
2017-07-01,MT,PSPP,859.5555555555555,9.777777777777828,1.1152579226084738,0.9566670282102172,single_maturity_ea_slope
2017-08-01,MT,PSPP,883.5555555555555,24.0,0.9860538676348356,0.9574652622790952,single_maturity_ea_slope
2017-09-01,MT,PSPP,902.2222222222222,18.66666666666663,0.9966407698859214,0.9582757900226847,single_maturity_ea_slope
2017-10-01,MT,PSPP,915.5555555555555,13.333333333333371,0.9705097441819435,0.9584539544036448,single_maturity_ea_slope
2017-11-01,MT,PSPP,894.2222222222222,0.0,0.9412163985614798,0.9584539544036448,single_maturity_ea_slope
2017-12-01,MT,PSPP,912.8888888888888,18.66666666666663,0.895910868279121,0.957175079224857,single_maturity_ea_slope
2018-01-01,MT,PSPP,919.1111111111111,6.222222222222285,1.1164862678330345,0.9582535882386455,single_maturity_ea_slope
2018-02-01,MT,PSPP,923.5555555555555,4.444444444444457,1.2007992111242956,0.9594207952785188,single_maturity_ea_slope
2018-03-01,MT,PSPP,951.1111111111111,27.555555555555543,1.0464925017061542,0.9619434335021231,single_maturity_ea_slope
2018-04-01,MT,PSPP,954.6666666666666,3.555555555555543,1.0470026499652914,0.9622602276044068,single_maturity_ea_slope
2018-05-01,MT,PSPP,969.7777777777777,15.111111111111086,1.1063367735880463,0.964505233362172,single_maturity_ea_slope
2018-06-01,MT,PSPP,984.8888888888888,15.111111111111086,1.1427785126013639,0.9672404732060946,single_maturity_ea_slope
2018-07-01,MT,PSPP,975.1111111111111,0.0,1.1391825804116245,0.9672404732060946,single_maturity_ea_slope
2018-08-01,MT,PSPP,982.2222222222222,7.111111111111086,1.2534419882403987,0.9693125203737638,single_maturity_ea_slope
2018-09-01,MT,PSPP,984.0,1.7777777777778283,1.3113034223229736,0.9699303901153162,single_maturity_ea_slope
2018-10-01,MT,PSPP,1008.0,24.0,1.3586957364892203,0.9791867078861234,single_maturity_ea_slope
2018-11-01,MT,PSPP,1024.0,16.0,1.3172597261628882,0.9844690987966979,single_maturity_ea_slope
2018-12-01,MT,PSPP,1025.7777777777778,1.7777777777778283,1.183308194958326,0.9848137072822466,single_maturity_ea_slope
2019-01-01,MT,PSPP,1028.4444444444443,2.666666666666515,1.0310863806142347,0.9849336882848361,single_maturity_ea_slope
2019-02-01,MT,PSPP,1029.3333333333333,0.8888888888889142,0.9574723249540681,0.98490997380873,single_maturity_ea_slope
2019-03-01,MT,PSPP,1035.5555555555554,6.222222222222172,0.825392271645816,0.9839514983450902,single_maturity_ea_slope
2019-04-01,MT,PSPP,1036.4444444444443,0.8888888888889142,0.7916090475803265,0.9837865391248802,single_maturity_ea_slope
2019-05-01,MT,PSPP,1036.4444444444443,0.0,0.7379149476338233,0.9837865391248802,single_maturity_ea_slope
2019-06-01,MT,PSPP,1051.5555555555554,15.111111111111086,0.5260043281790823,0.9772080965330978,single_maturity_ea_slope
2019-07-01,MT,PSPP,1043.5555555555554,0.0,0.331149629851525,0.9772080965330978,single_maturity_ea_slope
2019-08-01,MT,PSPP,1051.5555555555554,8.0,0.07573951302342422,0.9703499247227959,single_maturity_ea_slope
2019-09-01,MT,PSPP,1014.2222222222222,0.0,0.07742652554145321,0.9703499247227959,single_maturity_ea_slope
2019-10-01,MT,PSPP,1021.3333333333333,7.111111111111086,0.1411605018874651,0.9645766302208963,single_maturity_ea_slope
2019-11-01,MT,PSPP,1023.1111111111111,1.7777777777778283,0.2466997986068225,0.96332923346744,single_maturity_ea_slope
2019-12-01,MT,PSPP,1024.888888888889,1.7777777777778283,0.26076995291497723,0.962110570361538,single_maturity_ea_slope
2020-01-01,MT,PSPP,1024.888888888889,0.0,0.24760793562252117,0.962110570361538,single_maturity_ea_slope
2020-02-01,MT,PSPP,1039.111111111111,14.222222222222172,0.13173542338373417,0.9507452988887879,single_maturity_ea_slope
2020-03-01,MT,PSPP,1053.3333333333333,14.222222222222172,0.2887926505586102,0.941807541611756,single_maturity_ea_slope
2020-04-01,MT,PSPP,1043.5555555555554,0.0,0.45831395197827696,0.941807541611756,single_maturity_ea_slope
2020-05-01,MT,PSPP,1064.0,20.44444444444457,0.5672728505143418,0.934610968599859,single_maturity_ea_slope
2020-06-01,MT,PSPP,1056.888888888889,0.0,0.6282626813889001,0.934610968599859,single_maturity_ea_slope
2020-07-01,MT,PSPP,1056.888888888889,0.0,0.523888425808166,0.934610968599859,single_maturity_ea_slope
2020-08-01,MT,PSPP,1058.6666666666665,1.777777777777601,0.41519792842005454,0.9337387384736126,single_maturity_ea_slope
2020-09-01,MT,PSPP,1069.3333333333333,10.666666666666742,0.38137394756920573,0.9282288652476334,single_maturity_ea_slope
2020-10-01,MT,PSPP,1069.3333333333333,0.0,0.26488735559209653,0.9282288652476334,single_maturity_ea_slope
2020-11-01,MT,PSPP,1079.111111111111,9.777777777777828,0.25208458189832517,0.922102351971816,single_maturity_ea_slope
2020-12-01,MT,PSPP,1079.111111111111,0.0,0.159396888168295,0.922102351971816,single_maturity_ea_slope
2021-01-01,MT,PSPP,1079.111111111111,0.0,0.1985285150994091,0.922102351971816,single_maturity_ea_slope
2021-02-01,MT,PSPP,1085.3333333333333,6.222222222222172,0.25350980407050555,0.9182693070616529,single_maturity_ea_slope
2021-03-01,MT,PSPP,1088.888888888889,3.5555555555556566,0.2054362114855144,0.9159416887903837,single_maturity_ea_slope
2021-04-01,MT,PSPP,1092.4444444444443,3.5555555555554292,0.2246531304403061,0.9136917667127594,single_maturity_ea_slope
2021-05-01,MT,PSPP,1118.2222222222222,25.77777777777783,0.3042391002369612,0.899642380919597,single_maturity_ea_slope
2021-06-01,MT,PSPP,1118.2222222222222,0.0,0.28396212028910695,0.899642380919597,single_maturity_ea_slope
2021-07-01,MT,PSPP,1152.0,33.77777777777783,0.31078819994134965,0.8823765947489385,single_maturity_ea_slope
2021-08-01,MT,PSPP,1085.3333333333333,0.0,0.3109525728079219,0.8823765947489385,single_maturity_ea_slope
2021-09-01,MT,PSPP,1096.0,10.666666666666742,0.41717408127859074,0.877849076369665,single_maturity_ea_slope
2021-10-01,MT,PSPP,1126.2222222222222,30.22222222222217,0.5329564501361745,0.8685938677730284,single_maturity_ea_slope
2021-11-01,MT,PSPP,1163.5555555555554,37.33333333333326,0.523325810554461,0.8575157482900797,single_maturity_ea_slope
2021-12-01,MT,PSPP,1209.7777777777776,46.22222222222217,0.5118248981953615,0.8443078686391426,single_maturity_ea_slope
2022-01-01,MT,PSPP,1209.7777777777776,0.0,0.7118485178582643,0.8443078686391426,single_maturity_ea_slope
2022-02-01,MT,PSPP,1220.4444444444443,10.666666666666742,1.1389525264575349,0.846883058656492,single_maturity_ea_slope
2022-03-01,MT,PSPP,1246.2222222222222,25.77777777777783,1.1893274358953931,0.8539664302256277,single_maturity_ea_slope
2022-04-01,MT,PSPP,1253.3333333333333,7.111111111111086,1.6582622194144214,0.8585298105898195,single_maturity_ea_slope
2022-05-01,MT,PSPP,1246.2222222222222,0.0,1.9247075754169776,0.8585298105898195,single_maturity_ea_slope
2022-06-01,MT,PSPP,1256.0,9.777777777777828,2.529747373599632,0.8715399968552887,single_maturity_ea_slope
2022-07-01,MT,PSPP,1260.4444444444443,4.444444444444343,2.509491889951748,0.8773155677054171,single_maturity_ea_slope
2022-08-01,MT,PSPP,1253.3333333333333,0.0,2.5268442030788307,0.8773155677054171,single_maturity_ea_slope
2022-09-01,MT,PSPP,1258.6666666666665,5.3333333333332575,3.25400299845646,0.887386277157752,single_maturity_ea_slope
2022-10-01,MT,PSPP,1264.0,5.333333333333485,3.719200027997757,0.8993348583849253,single_maturity_ea_slope
2022-11-01,MT,PSPP,1272.0,8.0,3.3990725208566817,0.9150564789036157,single_maturity_ea_slope
2022-12-01,MT,PSPP,1273.7777777777776,1.777777777777601,3.568947224073653,0.9187604436561208,single_maturity_ea_slope
2023-01-01,MT,PSPP,1283.5555555555554,9.777777777777828,3.5354746361899894,0.9386938620202986,single_maturity_ea_slope
2023-02-01,MT,PSPP,1286.2222222222222,2.6666666666667425,3.6045880104412134,0.9442209404206184,single_maturity_ea_slope
2023-03-01,MT,PSPP,1288.0,1.7777777777778283,3.56416030013522,0.9478371438156697,single_maturity_ea_slope
2023-04-01,MT,PSPP,1288.888888888889,0.8888888888889142,3.5612830963432445,0.9496395203346544,single_maturity_ea_slope
2023-05-01,MT,PSPP,1288.0,0.0,3.5815011330673907,0.9496395203346544,single_maturity_ea_slope
2023-06-01,MT,PSPP,1288.888888888889,0.8888888888889142,3.655128816691875,0.9515053750217973,single_maturity_ea_slope
2023-07-01,MT,PSPP,1280.888888888889,0.0,3.771493396367305,0.9515053750217973,single_maturity_ea_slope
2023-08-01,MT,PSPP,1280.888888888889,0.0,3.7423351115115,0.9515053750217973,single_maturity_ea_slope
2023-09-01,MT,PSPP,1280.888888888889,0.0,3.8796890131242856,0.9515053750217973,single_maturity_ea_slope
2023-10-01,MT,PSPP,1280.888888888889,0.0,4.101493970637405,0.9515053750217973,single_maturity_ea_slope
2023-11-01,MT,PSPP,1267.5555555555554,0.0,3.7867252258194126,0.9515053750217973,single_maturity_ea_slope
2023-12-01,MT,PSPP,1267.5555555555554,0.0,3.2178373062387897,0.9515053750217973,single_maturity_ea_slope
2024-01-01,MT,PSPP,1267.5555555555554,0.0,3.262394172461394,0.9515053750217973,single_maturity_ea_slope
2024-02-01,MT,PSPP,1267.5555555555554,0.0,3.38888577934127,0.9515053750217973,single_maturity_ea_slope
2024-03-01,MT,PSPP,1267.5555555555554,0.0,3.3290952516095995,0.9515053750217973,single_maturity_ea_slope
2024-04-01,MT,PSPP,1267.5555555555554,0.0,3.3842104142127307,0.9515053750217973,single_maturity_ea_slope
2024-05-01,MT,PSPP,1267.5555555555554,0.0,3.459850484897159,0.9515053750217973,single_maturity_ea_slope
2024-06-01,MT,PSPP,1267.5555555555554,0.0,3.4715572173279288,0.9515053750217973,single_maturity_ea_slope
2024-07-01,MT,PSPP,1254.2222222222222,0.0,3.401297476088152,0.9515053750217973,single_maturity_ea_slope
2024-08-01,MT,PSPP,1254.2222222222222,0.0,3.23737907475625,0.9515053750217973,single_maturity_ea_slope
2024-09-01,MT,PSPP,1254.2222222222222,0.0,3.077988535536969,0.9515053750217973,single_maturity_ea_slope
2024-10-01,MT,PSPP,1237.3333333333333,0.0,3.0423389432479127,0.9515053750217973,single_maturity_ea_slope
2024-11-01,MT,PSPP,1232.0,0.0,3.0979686185132933,0.9515053750217973,single_maturity_ea_slope
2024-12-01,MT,PSPP,1232.0,0.0,2.9146410819061397,0.9515053750217973,single_maturity_ea_slope
2025-01-01,MT,PSPP,1232.0,0.0,3.1748243402506446,0.9515053750217973,single_maturity_ea_slope
2025-02-01,MT,PSPP,1232.0,0.0,3.0802544786954997,0.9515053750217973,single_maturity_ea_slope
2025-03-01,MT,PSPP,1232.0,0.0,3.281411751471666,0.9515053750217973,single_maturity_ea_slope
2025-04-01,MT,PSPP,1232.0,0.0,3.0604285223536314,0.9515053750217973,single_maturity_ea_slope
2025-05-01,MT,PSPP,1232.0,0.0,3.108473377451203,0.9515053750217973,single_maturity_ea_slope
2025-06-01,MT,PSPP,1232.0,0.0,3.0615033373123692,0.9515053750217973,single_maturity_ea_slope
2025-07-01,MT,PSPP,1220.4444444444443,0.0,3.172118547792793,0.9515053750217973,single_maturity_ea_slope
2025-08-01,MT,PSPP,1220.4444444444443,0.0,3.197914797017274,0.9515053750217973,single_maturity_ea_slope
2025-09-01,MT,PSPP,1220.4444444444443,0.0,3.2018543122239764,0.9515053750217973,single_maturity_ea_slope
2025-10-01,MT,PSPP,1220.4444444444443,0.0,3.1048269416956518,0.9515053750217973,single_maturity_ea_slope
2025-11-01,MT,PSPP,1187.5555555555554,0.0,3.1361777779735127,0.9515053750217973,single_maturity_ea_slope
2025-12-01,MT,PSPP,1187.5555555555554,0.0,3.403633615136131,0.9515053750217973,single_maturity_ea_slope
2026-01-01,MT,PSPP,1187.5555555555554,0.0,3.3397968050960714,0.9515053750217973,single_maturity_ea_slope
2026-02-01,MT,PSPP,1187.5555555555554,0.0,3.230889672102031,0.9515053750217973,single_maturity_ea_slope
2026-03-01,MT,PSPP,1187.5555555555554,0.0,3.521048341419046,0.9515053750217973,single_maturity_ea_slope
2026-04-01,MT,PSPP,1187.5555555555554,0.0,3.6078028889003755,0.9515053750217973,single_maturity_ea_slope
2026-05-01,MT,PSPP,1187.5555555555554,0.0,3.649684629625006,0.9515053750217973,single_maturity_ea_slope
2026-06-01,MT,PSPP,1187.5555555555554,0.0,3.622391124296801,0.9515053750217973,single_maturity_ea_slope
2026-07-01,MT,PSPP,1176.0,0.0,3.7163806760642726,0.9515053750217973,single_maturity_ea_slope
2026-08-01,MT,PSPP,1176.0,0.0,3.6395343735465118,0.9515053750217973,single_maturity_ea_slope
2020-03-01,NL,PEPP,632.968,632.968,-0.453391158549831,-0.453391158549831,single_maturity_ea_slope
2020-04-01,NL,PEPP,4078.732,3445.764,-0.5036296672756918,-0.4958332814402923,single_maturity_ea_slope
2020-05-01,NL,PEPP,9235.821,5157.089,-0.5855809563947814,-0.5459465033491374,single_maturity_ea_slope
2020-06-01,NL,PEPP,14394.688,5158.867,-0.5911137899443595,-0.5621338652631735,single_maturity_ea_slope
2020-07-01,NL,PEPP,18380.075,3985.3870000000006,-0.6363760756286263,-0.5782319464756681,single_maturity_ea_slope
2020-08-01,NL,PEPP,21192.871,2812.7959999999985,-0.6489117538367775,-0.587612831181006,single_maturity_ea_slope
2020-09-01,NL,PEPP,24709.755,3516.884000000002,-0.6758413727087496,-0.6001702015815729,single_maturity_ea_slope
2020-10-01,NL,PEPP,28225.75,3515.994999999999,-0.7385762423784499,-0.6174110170572155,single_maturity_ea_slope
2020-11-01,NL,PEPP,31741.745,3515.994999999999,-0.7531087548823338,-0.6324420926236163,single_maturity_ea_slope
2020-12-01,NL,PEPP,34555.43,2813.6850000000013,-0.753819008427579,-0.6423252399999873,single_maturity_ea_slope
2021-01-01,NL,PEPP,37298.884,2743.453999999998,-0.7333160414669064,-0.6490179088274949,single_maturity_ea_slope
2021-02-01,NL,PEPP,40112.569,2813.685000000005,-0.6934721737376257,-0.6521361408799884,single_maturity_ea_slope
2021-03-01,NL,PEPP,43581.447,3468.877999999997,-0.6937628419538244,-0.6554494303071983,single_maturity_ea_slope
2021-04-01,NL,PEPP,47667.291,4085.8439999999973,-0.686736339644037,-0.6581312154078549,single_maturity_ea_slope
2021-05-01,NL,PEPP,51601.116,3933.8250000000044,-0.6134118827707751,-0.6547220250192002,single_maturity_ea_slope
2021-06-01,NL,PEPP,55326.026,3724.909999999996,-0.6180668185742116,-0.6522541567316965,single_maturity_ea_slope
2021-07-01,NL,PEPP,59514.994,4188.968000000001,-0.6786148698078438,-0.6541095578014364,single_maturity_ea_slope
2021-08-01,NL,PEPP,62665.61,3150.616000000002,-0.7547772866882008,-0.6591707924613129,single_maturity_ea_slope
2021-09-01,NL,PEPP,66099.817,3434.206999999995,-0.6478267598447416,-0.6585814147899638,single_maturity_ea_slope
2021-10-01,NL,PEPP,69264.657,3164.840000000011,-0.4988072199493451,-0.6512810139116431,single_maturity_ea_slope
2021-11-01,NL,PEPP,72449.05500000001,3184.398000000001,-0.5463996107574397,-0.6466710969093932,single_maturity_ea_slope
2021-12-01,NL,PEPP,74935.588,2486.532999999996,-0.5521214764807508,-0.6435337257669489,single_maturity_ea_slope
2022-01-01,NL,PEPP,74581.766,0.0,-0.3530773777920564,-0.6435337257669489,single_maturity_ea_slope
2022-02-01,NL,PEPP,74605.769,24.002999999996973,0.03977443336602654,-0.6433138842457969,single_maturity_ea_slope
2022-03-01,NL,PEPP,75718.797,1113.0280000000057,0.119323399516652,-0.6321035020909992,single_maturity_ea_slope
2022-04-01,NL,PEPP,75996.16500000001,277.3680000000022,0.6882999176686779,-0.6272843423908762,single_maturity_ea_slope
2022-05-01,NL,PEPP,76566.014,569.8489999999874,0.8492592265763353,-0.6162950426706063,single_maturity_ea_slope
2022-06-01,NL,PEPP,76981.177,415.16300000000047,1.6151499742133018,-0.6042607578798636,single_maturity_ea_slope
2022-07-01,NL,PEPP,73558.527,0.0,1.1661731091295646,-0.6042607578798636,single_maturity_ea_slope
2022-08-01,NL,PEPP,72396.604,0.0,1.1777192022939404,-0.6042607578798636,single_maturity_ea_slope
2022-09-01,NL,PEPP,73672.319,1275.7149999999965,2.0028926071130604,-0.559115108874001,single_maturity_ea_slope
2022-10-01,NL,PEPP,74123.931,451.6119999999937,2.290259252055498,-0.5417548361992007,single_maturity_ea_slope
2022-11-01,NL,PEPP,75173.84,1049.9089999999997,2.232584174695037,-0.5030072679415601,single_maturity_ea_slope
2022-12-01,NL,PEPP,76712.69900000001,1538.8590000000113,2.3754737421352328,-0.44526485415051625,single_maturity_ea_slope
2023-01-01,NL,PEPP,74132.821,0.0,2.475522119862872,-0.44526485415051625,single_maturity_ea_slope
2023-02-01,NL,PEPP,73088.246,0.0,2.6780586629218996,-0.44526485415051625,single_maturity_ea_slope
2023-03-01,NL,PEPP,72558.402,0.0,2.740799229209013,-0.44526485415051625,single_maturity_ea_slope
2023-04-01,NL,PEPP,72929.115,370.7130000000034,2.6575675189319226,-0.42949254843252527,single_maturity_ea_slope
2023-05-01,NL,PEPP,72860.662,0.0,2.6259443887362592,-0.42949254843252527,single_maturity_ea_slope
2023-06-01,NL,PEPP,73497.186,636.5240000000049,2.7359692912528693,-0.4020779963700297,single_maturity_ea_slope
2023-07-01,NL,PEPP,70843.52100000001,0.0,2.8565649083537137,-0.4020779963700297,single_maturity_ea_slope
2023-08-01,NL,PEPP,71855.203,1011.6819999999861,2.849237817239793,-0.35630124607757885,single_maturity_ea_slope
2023-09-01,NL,PEPP,71653.4,0.0,2.966715833498357,-0.35630124607757885,single_maturity_ea_slope
2023-10-01,NL,PEPP,74595.99,2942.590000000011,3.083273416006829,-0.2206202529718771,single_maturity_ea_slope
2023-11-01,NL,PEPP,75110.721,514.7309999999998,2.8431731070979547,-0.1996241901059368,single_maturity_ea_slope
2023-12-01,NL,PEPP,76346.431,1235.7099999999919,2.2980810305008292,-0.15919742388085986,single_maturity_ea_slope
2024-01-01,NL,PEPP,72631.3,0.0,2.3315208406167045,-0.15919742388085986,single_maturity_ea_slope
2024-02-01,NL,PEPP,71962.772,0.0,2.5243535949105236,-0.15919742388085986,single_maturity_ea_slope
2024-03-01,NL,PEPP,71777.86,0.0,2.550098850912087,-0.15919742388085986,single_maturity_ea_slope
2024-04-01,NL,PEPP,71985.886,208.02599999999802,2.624546708158453,-0.1511529142000093,single_maturity_ea_slope
2024-05-01,NL,PEPP,73420.732,1434.846000000005,2.7715755744476027,-0.09403464301439803,single_maturity_ea_slope
2024-06-01,NL,PEPP,73480.295,59.562999999994645,2.754544897433231,-0.09172558936719007,single_maturity_ea_slope
2024-07-01,NL,PEPP,70943.089,0.0,2.6631704008371897,-0.09172558936719007,single_maturity_ea_slope
2024-08-01,NL,PEPP,69309.107,0.0,2.327140478143489,-0.09172558936719007,single_maturity_ea_slope
2024-09-01,NL,PEPP,68978.399,0.0,2.218141819474584,-0.09172558936719007,single_maturity_ea_slope
2024-10-01,NL,PEPP,68592.573,0.0,2.255686611707087,-0.09172558936719007,single_maturity_ea_slope
2024-11-01,NL,PEPP,68325.873,0.0,2.303205263600833,-0.09172558936719007,single_maturity_ea_slope
2024-12-01,NL,PEPP,68744.592,418.7189999999973,2.178504085271039,-0.07789776274870001,single_maturity_ea_slope
2025-01-01,NL,PEPP,67173.729,0.0,2.4375677368931257,-0.07789776274870001,single_maturity_ea_slope
2025-02-01,NL,PEPP,65782.444,0.0,2.3357211545191876,-0.07789776274870001,single_maturity_ea_slope
2025-03-01,NL,PEPP,65113.027,0.0,2.5333389662416663,-0.07789776274870001,single_maturity_ea_slope
2025-04-01,NL,PEPP,63984.886,0.0,2.2308895599003002,-0.07789776274870001,single_maturity_ea_slope
2025-05-01,NL,PEPP,63315.469,0.0,2.3125022283642025,-0.07789776274870001,single_maturity_ea_slope
2025-06-01,NL,PEPP,63315.469,0.0,2.301321567457048,-0.07789776274870001,single_maturity_ea_slope
2025-07-01,NL,PEPP,60322.206,0.0,2.3873413870625373,-0.07789776274870001,single_maturity_ea_slope
2025-08-01,NL,PEPP,60322.206,0.0,2.411172742923506,-0.07789776274870001,single_maturity_ea_slope
2025-09-01,NL,PEPP,60237.751000000004,0.0,2.4147397894535905,-0.07789776274870001,single_maturity_ea_slope
2025-10-01,NL,PEPP,60237.751000000004,0.0,2.3465083120434778,-0.07789776274870001,single_maturity_ea_slope
2025-11-01,NL,PEPP,60179.077,0.0,2.382397540133375,-0.07789776274870001,single_maturity_ea_slope
2025-12-01,NL,PEPP,60179.077,0.0,2.5122656747379164,-0.07789776274870001,single_maturity_ea_slope
2026-01-01,NL,PEPP,57826.783,0.0,2.495647532906071,-0.07789776274870001,single_maturity_ea_slope
2026-02-01,NL,PEPP,57826.783,0.0,2.397254860328481,-0.07789776274870001,single_maturity_ea_slope
2026-03-01,NL,PEPP,57826.783,0.0,2.6626952998134095,-0.07789776274870001,single_maturity_ea_slope
2026-04-01,NL,PEPP,57283.604,0.0,2.7897347349243753,-0.07789776274870001,single_maturity_ea_slope
2026-05-01,NL,PEPP,57283.604,0.0,2.823692055825806,-0.07789776274870001,single_maturity_ea_slope
2026-06-01,NL,PEPP,57283.604,0.0,2.753768013928074,-0.07789776274870001,single_maturity_ea_slope
2026-07-01,NL,PEPP,54434.359000000004,0.0,2.8938409304485657,-0.07789776274870001,single_maturity_ea_slope
2026-08-01,NL,PEPP,54434.359000000004,0.0,2.9765415589141013,-0.07789776274870001,single_maturity_ea_slope
2015-03-01,NL,PSPP,2210.6666666666665,2210.6666666666665,-0.05654876060202946,-0.05654876060202946,single_maturity_ea_slope
2015-04-01,NL,PSPP,4456.888888888889,2246.222222222222,-0.0009759974898224666,-0.028540708670528245,single_maturity_ea_slope
2015-05-01,NL,PSPP,6827.555555555555,2370.666666666666,0.215295669231528,0.05612425941497935,single_maturity_ea_slope
2015-06-01,NL,PSPP,9194.666666666666,2367.1111111111113,0.3487478394631849,0.1314584235360516,single_maturity_ea_slope
2015-07-01,NL,PSPP,11556.444444444443,2361.7777777777774,0.2512264597832101,0.15593528472432175,single_maturity_ea_slope
2015-08-01,NL,PSPP,13523.555555555555,1967.1111111111113,0.18051638127251024,0.15951080507801843,single_maturity_ea_slope
2015-09-01,NL,PSPP,15837.333333333332,2313.7777777777774,0.17734679146100074,0.1621165789206913,single_maturity_ea_slope
2015-10-01,NL,PSPP,18256.0,2418.666666666668,0.06636284787989977,0.14943053830514968,single_maturity_ea_slope
2015-11-01,NL,PSPP,20818.666666666664,2562.6666666666642,-0.010318478744129056,0.12976628758344394,single_maturity_ea_slope
2015-12-01,NL,PSPP,22766.222222222223,1947.5555555555584,0.012024846520419685,0.11969399735350929,single_maturity_ea_slope
2016-01-01,NL,PSPP,25290.666666666664,2524.4444444444416,-0.08255114013887555,0.09950644672513967,single_maturity_ea_slope
2016-02-01,NL,PSPP,27774.22222222222,2483.5555555555547,-0.23865703809938466,0.06926805535985385,single_maturity_ea_slope
2016-03-01,NL,PSPP,30226.666666666664,2452.4444444444453,-0.27313914233742514,0.041486803824879785,single_maturity_ea_slope
2016-04-01,NL,PSPP,33981.33333333333,3754.6666666666642,-0.13744120055861542,0.02171668453021125,single_maturity_ea_slope
2016-05-01,NL,PSPP,37852.444444444445,3871.1111111111168,-0.10917079542838015,0.008331023830895396,single_maturity_ea_slope
2016-06-01,NL,PSPP,41213.33333333333,3360.8888888888832,-0.1612186226439225,-0.005495509401527456,single_maturity_ea_slope
2016-07-01,NL,PSPP,44621.33333333333,3408.0,-0.3090913631506976,-0.02868295343974173,single_maturity_ea_slope
2016-08-01,NL,PSPP,47212.444444444445,2591.1111111111168,-0.3236647091036615,-0.044872128003139854,single_maturity_ea_slope
2016-09-01,NL,PSPP,50627.555555555555,3415.1111111111095,-0.31847678919816563,-0.06332828904519493,single_maturity_ea_slope
2016-10-01,NL,PSPP,54179.555555555555,3552.0,-0.23811497844496612,-0.0747872667791739,single_maturity_ea_slope
2016-11-01,NL,PSPP,57584.88888888888,3405.3333333333285,-0.09112257821474484,-0.0757532698680965,single_maturity_ea_slope
2016-12-01,NL,PSPP,60288.0,2703.1111111111168,-0.14235863380816666,-0.07873963032666209,single_maturity_ea_slope
2017-01-01,NL,PSPP,63862.22222222222,3574.222222222219,-0.10918818902036298,-0.08044376637659419,single_maturity_ea_slope
2017-02-01,NL,PSPP,67262.22222222222,3400.0,-0.14686451461672245,-0.08380123118455626,single_maturity_ea_slope
2017-03-01,NL,PSPP,70701.33333333333,3439.1111111111095,-0.14303679160469873,-0.08668261494931986,single_maturity_ea_slope
2017-04-01,NL,PSPP,73347.55555555555,2646.222222222219,-0.0929559877751025,-0.08690894476296032,single_maturity_ea_slope
2017-05-01,NL,PSPP,75696.0,2348.4444444444525,-0.023670960568670907,-0.0849470063162928,single_maturity_ea_slope
2017-06-01,NL,PSPP,78051.55555555555,2355.5555555555475,-0.0942514269041711,-0.08522780891466514,single_maturity_ea_slope
2017-07-01,NL,PSPP,80449.77777777777,2398.222222222219,0.06076076335391678,-0.08087586354109175,single_maturity_ea_slope
2017-08-01,NL,PSPP,82382.22222222222,1932.4444444444525,-0.08074888182929629,-0.0808728849238988,single_maturity_ea_slope
2017-09-01,NL,PSPP,84692.44444444444,2310.222222222219,-0.11010433894286409,-0.08167025421823743,single_maturity_ea_slope
2017-10-01,NL,PSPP,86980.44444444444,2288.0,-0.11195315764966318,-0.0824668388240491,single_maturity_ea_slope
2017-11-01,NL,PSPP,89257.77777777777,2277.3333333333285,-0.17900574398435892,-0.08492994368906641,single_maturity_ea_slope
2017-12-01,NL,PSPP,91362.66666666666,2104.8888888888905,-0.1530231881040271,-0.08649873232896432,single_maturity_ea_slope
2018-01-01,NL,PSPP,92300.44444444444,937.777777777781,0.01984583025464548,-0.08541826551021099,single_maturity_ea_slope
2018-02-01,NL,PSPP,93298.66666666666,998.222222222219,0.14627135823354542,-0.08293936908711826,single_maturity_ea_slope
2018-03-01,NL,PSPP,94243.55555555555,944.8888888888905,0.03214963944005833,-0.08178548302297817,single_maturity_ea_slope
2018-04-01,NL,PSPP,95390.22222222222,1146.6666666666715,0.13102341599723388,-0.07922735006981199,single_maturity_ea_slope
2018-05-01,NL,PSPP,96433.77777777777,1043.5555555555475,0.08944366907682932,-0.077402081132435,single_maturity_ea_slope
2018-06-01,NL,PSPP,97574.22222222222,1140.4444444444525,-0.021451343674936174,-0.07674813067049177,single_maturity_ea_slope
2018-07-01,NL,PSPP,98215.11111111111,640.8888888888905,-0.054898834886824344,-0.07660555616500699,single_maturity_ea_slope
2018-08-01,NL,PSPP,99343.11111111111,1128.0,-0.05408372204256695,-0.07634983003960209,single_maturity_ea_slope
2018-09-01,NL,PSPP,101011.55555555555,1668.444444444438,0.02166340991828475,-0.0747309098597243,single_maturity_ea_slope
2018-10-01,NL,PSPP,101456.88888888889,445.33333333334303,0.03942476097141889,-0.07422983668503026,single_maturity_ea_slope
2018-11-01,NL,PSPP,101819.55555555555,362.66666666665697,-0.0320098327125401,-0.07407945508079117,single_maturity_ea_slope
2018-12-01,NL,PSPP,102384.88888888888,565.3333333333285,-0.10496267156213723,-0.07424998133624672,single_maturity_ea_slope
2019-01-01,NL,PSPP,99850.66666666666,0.0,-0.15233501018948564,-0.07424998133624672,single_maturity_ea_slope
2019-02-01,NL,PSPP,100154.66666666666,304.0,-0.2117991198889837,-0.07466748497848039,single_maturity_ea_slope
2019-03-01,NL,PSPP,100387.55555555555,232.8888888888905,-0.268200585826859,-0.07511646203116754,single_maturity_ea_slope
2019-04-01,NL,PSPP,101320.88888888889,933.333333333343,-0.2208650749956687,-0.07645904834538794,single_maturity_ea_slope
2019-05-01,NL,PSPP,101915.55555555555,594.666666666657,-0.309560520810258,-0.0778191711928782,single_maturity_ea_slope
2019-06-01,NL,PSPP,101832.88888888889,0.0,-0.45554102375236893,-0.0778191711928782,single_maturity_ea_slope
2019-07-01,NL,PSPP,99145.77777777777,0.0,-0.5327093395555168,-0.0778191711928782,single_maturity_ea_slope
2019-08-01,NL,PSPP,99112.0,0.0,-0.73996381458565,-0.0778191711928782,single_maturity_ea_slope
2019-09-01,NL,PSPP,99586.66666666666,474.66666666665697,-0.6639945286856952,-0.08061309845579745,single_maturity_ea_slope
2019-10-01,NL,PSPP,101002.66666666666,1416.0,-0.5571920076810462,-0.08729446398538365,single_maturity_ea_slope
2019-11-01,NL,PSPP,101470.22222222222,467.555555555562,-0.4524558478398286,-0.0889770584446881,single_maturity_ea_slope
2019-12-01,NL,PSPP,102010.66666666666,540.444444444438,-0.41907805120196534,-0.09072590739814326,single_maturity_ea_slope
2020-01-01,NL,PSPP,98571.55555555555,0.0,-0.4166861985567957,-0.09072590739814326,single_maturity_ea_slope
2020-02-01,NL,PSPP,98694.22222222222,122.66666666667152,-0.5551770070703105,-0.09130317187162149,single_maturity_ea_slope
2020-03-01,NL,PSPP,99340.44444444444,646.222222222219,-0.5375829508475742,-0.09420627857821534,single_maturity_ea_slope
2020-04-01,NL,PSPP,100657.77777777777,1317.3333333333285,-0.43829295585108796,-0.0987094263680281,single_maturity_ea_slope
2020-05-01,NL,PSPP,101550.22222222222,892.4444444444525,-0.551730186056673,-0.1026906668946851,single_maturity_ea_slope
2020-06-01,NL,PSPP,102414.22222222222,864.0,-0.5326029387569582,-0.10631754795504243,single_maturity_ea_slope
2020-07-01,NL,PSPP,100016.88888888889,0.0,-0.5948051527540985,-0.10631754795504243,single_maturity_ea_slope
2020-08-01,NL,PSPP,100344.0,327.1111111111095,-0.6145748834121236,-0.1079744145512688,single_maturity_ea_slope
2020-09-01,NL,PSPP,101416.0,1072.0,-0.6502464062434117,-0.11370640531302215,single_maturity_ea_slope
2020-10-01,NL,PSPP,103023.11111111111,1607.1111111111095,-0.7197882065283812,-0.12316099066256501,single_maturity_ea_slope
2020-11-01,NL,PSPP,104361.77777777777,1338.666666666657,-0.7249476153018759,-0.13088021231635735,single_maturity_ea_slope
2020-12-01,NL,PSPP,105475.55555555555,1113.777777777781,-0.7205202558343443,-0.13710656470577282,single_maturity_ea_slope
2021-01-01,NL,PSPP,105828.44444444444,352.8888888888905,-0.7045571737211953,-0.13899874989252473,single_maturity_ea_slope
2021-02-01,NL,PSPP,106360.88888888888,532.444444444438,-0.6274528040077376,-0.14144395931298848,single_maturity_ea_slope
2021-03-01,NL,PSPP,107335.11111111111,974.2222222222335,-0.6125967069190918,-0.14572035565736619,single_maturity_ea_slope
2021-04-01,NL,PSPP,108773.33333333333,1438.222222222219,-0.6022567521035663,-0.15175676890775394,single_maturity_ea_slope
2021-05-01,NL,PSPP,109720.0,946.6666666666715,-0.5297384599042563,-0.15501800357305373,single_maturity_ea_slope
2021-06-01,NL,PSPP,110917.33333333333,1197.3333333333285,-0.5571715580797372,-0.15935918129035673,single_maturity_ea_slope
2021-07-01,NL,PSPP,107814.22222222222,0.0,-0.6379869237285081,-0.15935918129035673,single_maturity_ea_slope
2021-08-01,NL,PSPP,108416.0,601.777777777781,-0.7175212623821854,-0.1624573359612472,single_maturity_ea_slope
2021-09-01,NL,PSPP,109687.11111111111,1271.1111111111095,-0.6194093524937152,-0.1677527328367349,single_maturity_ea_slope
2021-10-01,NL,PSPP,110767.11111111111,1080.0,-0.4816218209065039,-0.17081301500637022,single_maturity_ea_slope
2021-11-01,NL,PSPP,111908.44444444444,1141.3333333333285,-0.5370681869165598,-0.17454838313057242,single_maturity_ea_slope
2021-12-01,NL,PSPP,112857.77777777777,949.3333333333285,-0.5457980366989967,-0.17767124872353957,single_maturity_ea_slope
2022-01-01,NL,PSPP,109853.33333333333,0.0,-0.33971805379816944,-0.17767124872353957,single_maturity_ea_slope
2022-02-01,NL,PSPP,110535.11111111111,681.777777777781,0.03382809171019224,-0.1763667261254899,single_maturity_ea_slope
2022-03-01,NL,PSPP,111565.33333333333,1030.222222222219,0.11394067143924705,-0.1736859549279253,single_maturity_ea_slope
2022-04-01,NL,PSPP,114772.44444444444,3207.1111111111095,0.6840871133590207,-0.14971701751066446,single_maturity_ea_slope
2022-05-01,NL,PSPP,116680.88888888888,1908.444444444438,0.8475890594161248,-0.1334049782380287,single_maturity_ea_slope
2022-06-01,NL,PSPP,117968.88888888888,1288.0,1.6141665956293647,-0.11432475964530102,single_maturity_ea_slope
2022-07-01,NL,PSPP,115244.44444444444,0.0,1.159498551522867,-0.11432475964530102,single_maturity_ea_slope
2022-08-01,NL,PSPP,115163.55555555555,0.0,1.164690636015996,-0.11432475964530102,single_maturity_ea_slope
2022-09-01,NL,PSPP,116974.22222222222,1810.6666666666715,1.9976964106456028,-0.08163237443691641,single_maturity_ea_slope
2022-10-01,NL,PSPP,118108.44444444444,1134.222222222219,2.285253767819989,-0.05890262913677941,single_maturity_ea_slope
2022-11-01,NL,PSPP,118886.22222222222,777.777777777781,2.231737724832722,-0.04391679536313723,single_maturity_ea_slope
2022-12-01,NL,PSPP,119620.44444444444,734.222222222219,2.376815069838574,-0.029058506399848864,single_maturity_ea_slope
2023-01-01,NL,PSPP,116746.66666666666,0.0,2.475503760476912,-0.029058506399848864,single_maturity_ea_slope
2023-02-01,NL,PSPP,117064.0,317.33333333334303,2.6781135640310594,-0.021719991254144224,single_maturity_ea_slope
2023-03-01,NL,PSPP,117979.55555555555,915.5555555555475,2.7416952586907253,-0.00027508774963353063,single_maturity_ea_slope
2023-04-01,NL,PSPP,118024.88888888888,45.33333333332848,2.657193879711843,0.0007456454843398747,single_maturity_ea_slope
2023-05-01,NL,PSPP,118688.88888888888,664.0,2.6237142843983694,0.015419733282645662,single_maturity_ea_slope
2023-06-01,NL,PSPP,118855.11111111111,166.22222222223354,2.7379907896533977,0.019227325626948084,single_maturity_ea_slope
2023-07-01,NL,PSPP,113281.77777777777,0.0,2.8590561001326247,0.019227325626948084,single_maturity_ea_slope
2023-08-01,NL,PSPP,113281.77777777777,0.0,2.8491962523006573,0.019227325626948084,single_maturity_ea_slope
2023-09-01,NL,PSPP,113078.22222222222,0.0,2.9666439228304284,0.019227325626948084,single_maturity_ea_slope
2023-10-01,NL,PSPP,113078.22222222222,0.0,3.083959577395386,0.019227325626948084,single_maturity_ea_slope
2023-11-01,NL,PSPP,112976.88888888888,0.0,2.843751847740455,0.019227325626948084,single_maturity_ea_slope
2023-12-01,NL,PSPP,112976.88888888888,0.0,2.298837699362158,0.019227325626948084,single_maturity_ea_slope
2024-01-01,NL,PSPP,107913.77777777777,0.0,2.334660787773523,0.019227325626948084,single_maturity_ea_slope
2024-02-01,NL,PSPP,107913.77777777777,0.0,2.524894454470149,0.019227325626948084,single_maturity_ea_slope
2024-03-01,NL,PSPP,107913.77777777777,0.0,2.5493911862973873,0.019227325626948084,single_maturity_ea_slope
2024-04-01,NL,PSPP,107913.77777777777,0.0,2.624335176069917,0.019227325626948084,single_maturity_ea_slope
2024-05-01,NL,PSPP,107913.77777777777,0.0,2.769453543985341,0.019227325626948084,single_maturity_ea_slope
2024-06-01,NL,PSPP,107358.22222222222,0.0,2.7524482640003622,0.019227325626948084,single_maturity_ea_slope
2024-07-01,NL,PSPP,102446.22222222222,0.0,2.661949431106081,0.019227325626948084,single_maturity_ea_slope
2024-08-01,NL,PSPP,102446.22222222222,0.0,2.3311388876144887,0.019227325626948084,single_maturity_ea_slope
2024-09-01,NL,PSPP,102156.44444444444,0.0,2.2236513988163336,0.019227325626948084,single_maturity_ea_slope
2024-10-01,NL,PSPP,102078.22222222222,0.0,2.2594544955393916,0.019227325626948084,single_maturity_ea_slope
2024-11-01,NL,PSPP,101914.66666666666,0.0,2.30610988804494,0.019227325626948084,single_maturity_ea_slope
2024-12-01,NL,PSPP,101914.66666666666,0.0,2.1832888946143285,0.019227325626948084,single_maturity_ea_slope
2025-01-01,NL,PSPP,101827.55555555555,0.0,2.4332207199663074,0.019227325626948084,single_maturity_ea_slope
2025-02-01,NL,PSPP,101827.55555555555,0.0,2.3217990338412187,0.019227325626948084,single_maturity_ea_slope
2025-03-01,NL,PSPP,101827.55555555555,0.0,2.5073981401570236,0.019227325626948084,single_maturity_ea_slope
2025-04-01,NL,PSPP,101179.55555555555,0.0,2.190852894579638,0.019227325626948084,single_maturity_ea_slope
2025-05-01,NL,PSPP,100855.11111111111,0.0,2.2663592847289524,0.019227325626948084,single_maturity_ea_slope
2025-06-01,NL,PSPP,100855.11111111111,0.0,2.2604850070347626,0.019227325626948084,single_maturity_ea_slope
2025-07-01,NL,PSPP,95273.77777777777,0.0,2.348982232802461,0.019227325626948084,single_maturity_ea_slope
2025-08-01,NL,PSPP,95273.77777777777,0.0,2.372520910823988,0.019227325626948084,single_maturity_ea_slope
2025-09-01,NL,PSPP,95069.33333333333,0.0,2.3784461926452725,0.019227325626948084,single_maturity_ea_slope
2025-10-01,NL,PSPP,95069.33333333333,0.0,2.3128127231478253,0.019227325626948084,single_maturity_ea_slope
2025-11-01,NL,PSPP,94915.55555555555,0.0,2.3496993759236373,0.019227325626948084,single_maturity_ea_slope
2025-12-01,NL,PSPP,94915.55555555555,0.0,2.478653406759524,0.019227325626948084,single_maturity_ea_slope
2026-01-01,NL,PSPP,91560.88888888889,0.0,2.457877553137321,0.019227325626948084,single_maturity_ea_slope
2026-02-01,NL,PSPP,91560.88888888889,0.0,2.3599859887857626,0.019227325626948084,single_maturity_ea_slope
2026-03-01,NL,PSPP,91560.88888888889,0.0,2.6344534845762504,0.019227325626948084,single_maturity_ea_slope
2026-04-01,NL,PSPP,90909.33333333333,0.0,2.7610690846363126,0.019227325626948084,single_maturity_ea_slope
2026-05-01,NL,PSPP,90909.33333333333,0.0,2.797624470133912,0.019227325626948084,single_maturity_ea_slope
2026-06-01,NL,PSPP,90909.33333333333,0.0,2.7298119636634013,0.019227325626948084,single_maturity_ea_slope
2026-07-01,NL,PSPP,85861.33333333333,0.0,2.872322940327772,0.019227325626948084,single_maturity_ea_slope
2026-08-01,NL,PSPP,85861.33333333333,0.0,2.9553236829713514,0.019227325626948084,single_maturity_ea_slope
2020-03-01,PT,PEPP,253.365,253.365,0.484996635973439,0.484996635973439,single_maturity_ea_slope
2020-04-01,PT,PEPP,1629.537,1376.172,0.7597947638934749,0.7170683773919964,single_maturity_ea_slope
2020-05-01,PT,PEPP,3689.35,2059.813,0.5628266813753066,0.6309531943388228,single_maturity_ea_slope
2020-06-01,PT,PEPP,6023.8640000000005,2334.5140000000006,0.27793074434313225,0.49414136528205127,single_maturity_ea_slope
2020-07-01,PT,PEPP,7827.645,1803.781,0.18140721649785302,0.42207576756676013,single_maturity_ea_slope
2020-08-01,PT,PEPP,8951.341,1123.696,0.13433552618175404,0.3859546368575887,single_maturity_ea_slope
2020-09-01,PT,PEPP,10355.961,1404.619999999999,0.09479603279216603,0.3464636424011231,single_maturity_ea_slope
2020-10-01,PT,PEPP,11760.581,1404.6200000000008,-0.038581082260787214,0.3004759891419336,single_maturity_ea_slope
2020-11-01,PT,PEPP,13165.201000000001,1404.6200000000008,-0.13292042390195097,0.2542361125392367,single_maturity_ea_slope
2020-12-01,PT,PEPP,14288.897,1123.696,-0.16267824430301928,0.22144946741706842,single_maturity_ea_slope
2021-01-01,PT,PEPP,15384.145,1095.2479999999996,-0.1692675038184446,0.19363303814447946,single_maturity_ea_slope
2021-02-01,PT,PEPP,16506.952,1122.8070000000007,-0.11182197794819551,0.1728559116190029,single_maturity_ea_slope
2021-03-01,PT,PEPP,17892.903000000002,1385.951000000001,-0.09560270927097633,0.15206160596155383,single_maturity_ea_slope
2021-04-01,PT,PEPP,19525.996,1633.0929999999971,0.01708009526341231,0.14077217620593163,single_maturity_ea_slope
2021-05-01,PT,PEPP,21096.859,1570.8630000000012,0.1720769060327556,0.14310311285436608,single_maturity_ea_slope
2021-06-01,PT,PEPP,22586.823,1489.964,0.09346370447085378,0.13982859604991194,single_maturity_ea_slope
2021-07-01,PT,PEPP,24259.921000000002,1673.0980000000018,-0.011289537851191245,0.12940665578087032,single_maturity_ea_slope
2021-08-01,PT,PEPP,25517.856,1257.9349999999977,-0.12522677692011017,0.11685417852084082,single_maturity_ea_slope
2021-09-01,PT,PEPP,26889.583,1371.726999999999,-0.06199074130407334,0.10773070474526499,single_maturity_ea_slope
2021-10-01,PT,PEPP,28153.741,1264.158000000003,0.03663678203098314,0.10453844865572287,single_maturity_ea_slope
2021-11-01,PT,PEPP,29425.011,1271.2699999999968,0.07547032301807088,0.10328259743176317,single_maturity_ea_slope
2021-12-01,PT,PEPP,29855.287,430.27600000000166,0.09197137023123042,0.10311957941773649,single_maturity_ea_slope
2022-01-01,PT,PEPP,30100.651,245.3640000000014,0.2875145657255186,0.10462266622540795,single_maturity_ea_slope
2022-02-01,PT,PEPP,31007.431,906.7799999999988,0.8033921698360172,0.12505745201865948,single_maturity_ea_slope
2022-03-01,PT,PEPP,30887.416,0.0,0.8721133906651981,0.12505745201865948,single_maturity_ea_slope
2022-04-01,PT,PEPP,31451.042,563.6260000000002,1.5438100872173124,0.15048255153575898,single_maturity_ea_slope
2022-05-01,PT,PEPP,30940.756,0.0,1.8838243789302316,0.15048255153575898,single_maturity_ea_slope
2022-06-01,PT,PEPP,31310.58,369.8240000000005,2.4014062486441707,0.1770692709564603,single_maturity_ea_slope
2022-07-01,PT,PEPP,31397.702,87.12199999999939,1.8607619372455455,0.18174116294627654,single_maturity_ea_slope
2022-08-01,PT,PEPP,31579.947,182.24499999999898,1.83403042140126,0.19127637387956678,single_maturity_ea_slope
2022-09-01,PT,PEPP,31555.055,0.0,2.695881202014702,0.19127637387956678,single_maturity_ea_slope
2022-10-01,PT,PEPP,30500.701,0.0,2.9725249464842185,0.19127637387956678,single_maturity_ea_slope
2022-11-01,PT,PEPP,30605.603,104.90199999999822,2.8757799290550645,0.20047762346595838,single_maturity_ea_slope
2022-12-01,PT,PEPP,30773.624,168.02100000000064,3.0423769347680483,0.2159941178568787,single_maturity_ea_slope
2023-01-01,PT,PEPP,30146.879,0.0,3.108680010582127,0.2159941178568787,single_maturity_ea_slope
2023-02-01,PT,PEPP,30533.594,386.71500000000015,3.2795487738378886,0.25479474312188016,single_maturity_ea_slope
2023-03-01,PT,PEPP,30195.774,0.0,3.256854941599921,0.25479474312188016,single_maturity_ea_slope
2023-04-01,PT,PEPP,30435.804,240.02999999999884,3.139721301609174,0.27754652986073886,single_maturity_ea_slope
2023-05-01,PT,PEPP,30104.207000000002,0.0,3.048544497069625,0.27754652986073886,single_maturity_ea_slope
2023-06-01,PT,PEPP,30289.119,184.91199999999662,3.086341814831267,0.2946939402471044,single_maturity_ea_slope
2023-07-01,PT,PEPP,30217.11,0.0,3.2642367302587316,0.2946939402471044,single_maturity_ea_slope
2023-08-01,PT,PEPP,30353.127,136.01699999999983,3.2362125487411086,0.3078753345914673,single_maturity_ea_slope
2023-09-01,PT,PEPP,30157.547,0.0,3.37598474170775,0.3078753345914673,single_maturity_ea_slope
2023-10-01,PT,PEPP,28624.022,0.0,3.4626164967011075,0.3078753345914673,single_maturity_ea_slope
2023-11-01,PT,PEPP,28736.925,112.90299999999843,3.1946360996119547,0.31921697781366676,single_maturity_ea_slope
2023-12-01,PT,PEPP,28767.151,30.226000000002387,2.7317719020698688,0.32175187899802715,single_maturity_ea_slope
2024-01-01,PT,PEPP,28795.599000000002,28.44800000000032,2.7881658802490907,0.32418852028851014,single_maturity_ea_slope
2024-02-01,PT,PEPP,27294.967,0.0,2.9448286664367735,0.32418852028851014,single_maturity_ea_slope
2024-03-01,PT,PEPP,27478.99,184.02300000000105,2.9487989409143123,0.3417651737038949,single_maturity_ea_slope
2024-04-01,PT,PEPP,27675.459,196.46899999999732,3.0408886083274527,0.3609263403561643,single_maturity_ea_slope
2024-05-01,PT,PEPP,27918.156,242.69700000000012,3.1021469891350573,0.38475621034459373,single_maturity_ea_slope
2024-06-01,PT,PEPP,28023.947,105.79100000000108,3.115662242927918,0.3950654390943136,single_maturity_ea_slope
2024-07-01,PT,PEPP,28083.510000000002,59.56300000000192,2.9964920843199074,0.40058286819308286,single_maturity_ea_slope
2024-08-01,PT,PEPP,28119.07,35.55999999999767,2.6711404781434887,0.4034542657396529,single_maturity_ea_slope
2024-09-01,PT,PEPP,28082.621,0.0,2.527141819474584,0.4034542657396529,single_maturity_ea_slope
2024-10-01,PT,PEPP,28108.402000000002,25.781000000002678,2.452331684311897,0.4053334941898585,single_maturity_ea_slope
2024-11-01,PT,PEPP,28156.408,48.005999999997584,2.5223006391567258,0.4089428723733709,single_maturity_ea_slope
2024-12-01,PT,PEPP,28183.078,26.67000000000189,2.4145471234023814,0.4108408008173453,single_maturity_ea_slope
2025-01-01,PT,PEPP,28058.618,0.0,2.6553303259236367,0.4108408008173453,single_maturity_ea_slope
2025-02-01,PT,PEPP,28058.618,0.0,2.6413439552242686,0.4108408008173453,single_maturity_ea_slope
2025-03-01,PT,PEPP,27952.827,0.0,2.858681626323452,0.4108408008173453,single_maturity_ea_slope
2025-04-01,PT,PEPP,27952.827,0.0,2.581367101281369,0.4108408008173453,single_maturity_ea_slope
2025-05-01,PT,PEPP,27906.599000000002,0.0,2.536058972001953,0.4108408008173453,single_maturity_ea_slope
2025-06-01,PT,PEPP,27906.599000000002,0.0,2.5162758669291914,0.4108408008173453,single_maturity_ea_slope
2025-07-01,PT,PEPP,27872.817,0.0,2.556654620175434,0.4108408008173453,single_maturity_ea_slope
2025-08-01,PT,PEPP,27872.817,0.0,2.561296381813905,0.4108408008173453,single_maturity_ea_slope
2025-09-01,PT,PEPP,27866.594,0.0,2.5791056714306815,0.4108408008173453,single_maturity_ea_slope
2025-10-01,PT,PEPP,25707.213,0.0,2.5414172749999993,0.4108408008173453,single_maturity_ea_slope
2025-11-01,PT,PEPP,25707.213,0.0,2.5436993759236373,0.4108408008173453,single_maturity_ea_slope
2025-12-01,PT,PEPP,25707.213,0.0,2.6566534067595238,0.4108408008173453,single_maturity_ea_slope
2026-01-01,PT,PEPP,25707.213,0.0,2.6785368995085714,0.4108408008173453,single_maturity_ea_slope
2026-02-01,PT,PEPP,25707.213,0.0,2.6133463595778994,0.4108408008173453,single_maturity_ea_slope
2026-03-01,PT,PEPP,25707.213,0.0,2.956703231047334,0.4108408008173453,single_maturity_ea_slope
2026-04-01,PT,PEPP,25707.213,0.0,3.023090985998321,0.4108408008173453,single_maturity_ea_slope
2026-05-01,PT,PEPP,25707.213,0.0,3.0372888848320625,0.4108408008173453,single_maturity_ea_slope
2026-06-01,PT,PEPP,25707.213,0.0,2.970214762048799,0.4108408008173453,single_maturity_ea_slope
2026-07-01,PT,PEPP,23837.646,0.0,3.107812480955218,0.4108408008173453,single_maturity_ea_slope
2026-08-01,PT,PEPP,23837.646,0.0,3.1941888073877442,0.4108408008173453,single_maturity_ea_slope
2015-03-01,PT,PSPP,954.6666666666666,954.6666666666666,1.6093528435848625,1.6093528435848625,single_maturity_ea_slope
2015-04-01,PT,PSPP,1918.2222222222222,963.5555555555555,1.7468115294168736,1.6784006727979766,single_maturity_ea_slope
2015-05-01,PT,PSPP,2961.777777777778,1043.5555555555557,2.222647211103378,1.8701610077231088,single_maturity_ea_slope
2015-06-01,PT,PSPP,3996.4444444444443,1034.6666666666665,2.667421432390285,2.076569178166301,single_maturity_ea_slope
2015-07-01,PT,PSPP,5027.555555555556,1031.1111111111113,2.451847438239376,2.1535357237258426,single_maturity_ea_slope
2015-08-01,PT,PSPP,5886.222222222222,858.6666666666661,2.2694281413020385,2.170441805782412,single_maturity_ea_slope
2015-09-01,PT,PSPP,6906.666666666666,1020.4444444444443,2.34322014194972,2.195969415810735,single_maturity_ea_slope
2015-10-01,PT,PSPP,7959.11111111111,1052.4444444444443,2.157860826633819,2.190930263522879,single_maturity_ea_slope
2015-11-01,PT,PSPP,9068.444444444443,1109.333333333333,2.287667647276699,2.202764046597253,single_maturity_ea_slope
2015-12-01,PT,PSPP,9973.333333333332,904.8888888888887,2.18060100794411,2.2007531755322884,single_maturity_ea_slope
2016-01-01,PT,PSPP,11037.333333333332,1064.0,2.3899761180465195,2.2189942854774873,single_maturity_ea_slope
2016-02-01,PT,PSPP,12116.444444444443,1079.1111111111113,2.9424628550749055,2.2834276244468414,single_maturity_ea_slope
2016-03-01,PT,PSPP,13194.666666666666,1078.2222222222226,2.5586656630521625,2.305919118709052,single_maturity_ea_slope
2016-04-01,PT,PSPP,14443.555555555555,1248.8888888888887,2.8603598557393375,2.353859868018398,single_maturity_ea_slope
2016-05-01,PT,PSPP,15733.333333333332,1289.7777777777774,2.8876268177035875,2.3976166953626468,single_maturity_ea_slope
2016-06-01,PT,PSPP,17011.555555555555,1278.2222222222226,2.9776908122899983,2.4412025758173197,single_maturity_ea_slope
2016-07-01,PT,PSPP,17863.11111111111,851.5555555555547,2.8422152125931457,2.4603193207432374,single_maturity_ea_slope
2016-08-01,PT,PSPP,18504.888888888887,641.7777777777774,2.697177433629787,2.4685339214495534,single_maturity_ea_slope
2016-09-01,PT,PSPP,19413.333333333332,908.4444444444453,3.0128643120949223,2.4940057922938563,single_maturity_ea_slope
2016-10-01,PT,PSPP,20320.888888888887,907.5555555555547,3.06768230087075,2.5196268812775844,single_maturity_ea_slope
2016-11-01,PT,PSPP,21230.222222222223,909.3333333333358,3.203917920397606,2.548936449734283,single_maturity_ea_slope
2016-12-01,PT,PSPP,21875.555555555555,645.3333333333321,3.3531924182082498,2.572662164204502,single_maturity_ea_slope
2017-01-01,PT,PSPP,22487.11111111111,611.5555555555547,3.5346748088412845,2.5988248924640525,single_maturity_ea_slope
2017-02-01,PT,PSPP,23070.222222222223,583.1111111111131,3.595298595398148,2.624011250987778,single_maturity_ea_slope
2017-03-01,PT,PSPP,23659.555555555555,589.3333333333321,3.5460811488560173,2.6469789912397466,single_maturity_ea_slope
2017-04-01,PT,PSPP,24127.11111111111,467.55555555555475,3.336365801284105,2.660338511634815,single_maturity_ea_slope
2017-05-01,PT,PSPP,24575.11111111111,448.0,2.8258817129113574,2.6633563353930296,single_maturity_ea_slope
2017-06-01,PT,PSPP,25027.555555555555,452.44444444444525,2.5119122068709787,2.660618550856244,single_maturity_ea_slope
2017-07-01,PT,PSPP,25487.11111111111,459.55555555555475,2.532085730703396,2.6583009884100743,single_maturity_ea_slope
2017-08-01,PT,PSPP,25855.11111111111,368.0,2.3327598440550554,2.6536675083755927,single_maturity_ea_slope
2017-09-01,PT,PSPP,26294.22222222222,439.1111111111095,2.112165957948684,2.6446244819089113,single_maturity_ea_slope
2017-10-01,PT,PSPP,26728.888888888887,434.6666666666679,1.792348266158444,2.630764719038875,single_maturity_ea_slope
2017-11-01,PT,PSPP,27162.666666666664,433.7777777777774,1.4513410820126598,2.6119297581491314,single_maturity_ea_slope
2017-12-01,PT,PSPP,27621.333333333332,458.6666666666679,1.3278300420096105,2.5906066116752946,single_maturity_ea_slope
2018-01-01,PT,PSPP,28031.11111111111,409.7777777777774,1.3488091376069815,2.5724531746832064,single_maturity_ea_slope
2018-02-01,PT,PSPP,28465.777777777777,434.6666666666679,1.5217960568380078,2.5564098530923274,single_maturity_ea_slope
2018-03-01,PT,PSPP,28876.44444444444,410.66666666666424,1.2964514622022836,2.53849134122287,single_maturity_ea_slope
2018-04-01,PT,PSPP,29430.22222222222,553.7777777777774,1.1807347816769678,2.5129429303195776,single_maturity_ea_slope
2018-05-01,PT,PSPP,29935.11111111111,504.8888888888905,1.3431462482696692,2.493213010332514,single_maturity_ea_slope
2018-06-01,PT,PSPP,30486.22222222222,551.1111111111095,1.3687708972296226,2.4728860397483867,single_maturity_ea_slope
2018-07-01,PT,PSPP,31053.333333333332,567.1111111111131,1.291472906491608,2.4513104971974258,single_maturity_ea_slope
2018-08-01,PT,PSPP,31552.888888888887,499.55555555555475,1.351131311155699,2.4338921040217927,single_maturity_ea_slope
2018-09-01,PT,PSPP,32038.22222222222,485.3333333333321,1.4130827651175033,2.4184282997035687,single_maturity_ea_slope
2018-10-01,PT,PSPP,32273.777777777777,235.55555555555839,1.477209805362608,2.4115586593763583,single_maturity_ea_slope
2018-11-01,PT,PSPP,32456.888888888887,183.1111111111095,1.4186059340176322,2.4059567460986044,single_maturity_ea_slope
2018-12-01,PT,PSPP,32752.0,295.11111111111313,1.2559678996432853,2.3955947991566524,single_maturity_ea_slope
2019-01-01,PT,PSPP,33145.777777777774,393.77777777777374,1.213641821075969,2.381552986040459,single_maturity_ea_slope
2019-02-01,PT,PSPP,33482.666666666664,336.8888888888905,1.1285996702810075,2.3689462825607723,single_maturity_ea_slope
2019-03-01,PT,PSPP,33824.0,341.33333333333576,0.9236960356409566,2.3543616064644515,single_maturity_ea_slope
2019-04-01,PT,PSPP,34261.33333333333,437.3333333333285,0.7886134881481197,2.334375406946715,single_maturity_ea_slope
2019-05-01,PT,PSPP,34652.444444444445,391.11111111111677,0.6292612310498857,2.315130325954651,single_maturity_ea_slope
2019-06-01,PT,PSPP,33949.33333333333,0.0,0.26043743688710747,2.315130325954651,single_maturity_ea_slope
2019-07-01,PT,PSPP,34409.777777777774,460.44444444444525,0.1350663374613118,2.28595843305497,single_maturity_ea_slope
2019-08-01,PT,PSPP,34760.88888888889,351.11111111111677,-0.055524404885353096,2.262307696058436,single_maturity_ea_slope
2019-09-01,PT,PSPP,35121.777777777774,360.88888888888323,-0.0193306914208293,2.238863041641637,single_maturity_ea_slope
2019-10-01,PT,PSPP,35682.666666666664,560.8888888888905,-0.042814794400207634,2.2029977920453834,single_maturity_ea_slope
2019-11-01,PT,PSPP,36153.777777777774,471.1111111111095,0.10543327494428406,2.1756649374719914,single_maturity_ea_slope
2019-12-01,PT,PSPP,36612.444444444445,458.6666666666715,0.14312401926840174,2.1502020441317047,single_maturity_ea_slope
2020-01-01,PT,PSPP,36878.22222222222,265.77777777777374,0.12458148749829182,2.1356035928582426,single_maturity_ea_slope
2020-02-01,PT,PSPP,37132.444444444445,254.22222222222626,0.02850024330228601,2.1211775968326525,single_maturity_ea_slope
2020-03-01,PT,PSPP,37502.22222222222,369.77777777777374,0.49705476484254196,2.105163491639292,single_maturity_ea_slope
2020-04-01,PT,PSPP,37912.88888888888,410.66666666666424,0.7480847853909296,2.0904638207613324,single_maturity_ea_slope
2020-05-01,PT,PSPP,38264.88888888888,352.0,0.569047404310187,2.0764682599707114,single_maturity_ea_slope
2020-06-01,PT,PSPP,38631.11111111111,366.22222222222626,0.28853301927103103,2.05951866680071,single_maturity_ea_slope
2020-07-01,PT,PSPP,38977.777777777774,346.66666666666424,0.18526485930169184,2.042849134647355,single_maturity_ea_slope
2020-08-01,PT,PSPP,39271.11111111111,293.33333333333576,0.14275654240529367,2.0286565009796345,single_maturity_ea_slope
2020-09-01,PT,PSPP,39555.555555555555,284.44444444444525,0.09956972246166246,2.0147844162801793,single_maturity_ea_slope
2020-10-01,PT,PSPP,39954.666666666664,399.1111111111095,-0.025394669204272968,1.994404865914598,single_maturity_ea_slope
2020-11-01,PT,PSPP,40344.88888888888,390.222222222219,-0.12350987580071544,1.973920055576777,single_maturity_ea_slope
2020-12-01,PT,PSPP,40791.11111111111,446.22222222222626,-0.15361361265674314,1.9506465340807377,single_maturity_ea_slope
2021-01-01,PT,PSPP,41256.88888888888,465.77777777777374,-0.15914371305121958,1.9268276413006038,single_maturity_ea_slope
2021-02-01,PT,PSPP,41673.777777777774,416.8888888888905,-0.09568573439925868,1.906595173813386,single_maturity_ea_slope
2021-03-01,PT,PSPP,42112.88888888888,439.1111111111095,-0.08026737515368151,1.8858781571346233,single_maturity_ea_slope
2021-04-01,PT,PSPP,40891.555555555555,0.0,0.029377022566735078,1.8858781571346233,single_maturity_ea_slope
2021-05-01,PT,PSPP,41329.777777777774,438.222222222219,0.17824413823405472,1.8677720066847356,single_maturity_ea_slope
2021-06-01,PT,PSPP,41888.0,558.2222222222263,0.10313779842048171,1.8442555334908226,single_maturity_ea_slope
2021-07-01,PT,PSPP,42440.0,552.0,-0.0012466747754004137,1.8202518289912244,single_maturity_ea_slope
2021-08-01,PT,PSPP,42863.11111111111,423.1111111111095,-0.10925990936038929,1.8012051981155608,single_maturity_ea_slope
2021-09-01,PT,PSPP,43618.666666666664,755.5555555555547,-0.03458824135844074,1.7694058782819952,single_maturity_ea_slope
2021-10-01,PT,PSPP,44256.88888888888,638.222222222219,0.07811877972060016,1.7450160705580589,single_maturity_ea_slope
2021-11-01,PT,PSPP,44849.777777777774,592.8888888888905,0.11444274023586387,1.7234608063412185,single_maturity_ea_slope
2021-12-01,PT,PSPP,45363.555555555555,513.777777777781,0.12584694049062733,1.705366578680019,single_maturity_ea_slope
2022-01-01,PT,PSPP,46005.33333333333,641.7777777777737,0.3186863217112548,1.6860222872832449,single_maturity_ea_slope
2022-02-01,PT,PSPP,46297.777777777774,292.44444444444525,0.8363673372001891,1.680655358636277,single_maturity_ea_slope
2022-03-01,PT,PSPP,46748.444444444445,450.6666666666715,0.9079982445145641,1.6732067513032278,single_maturity_ea_slope
2022-04-01,PT,PSPP,47821.33333333333,1072.8888888888832,1.579852968533268,1.6711123254625366,single_maturity_ea_slope
2022-05-01,PT,PSPP,48450.666666666664,629.3333333333358,1.9177844445211778,1.6743163884323118,single_maturity_ea_slope
2022-06-01,PT,PSPP,48872.0,421.33333333333576,2.4343494312060585,1.6808687549275512,single_maturity_ea_slope
2022-07-01,PT,PSPP,49211.555555555555,339.55555555555475,1.913934440906393,1.6824768883748702,single_maturity_ea_slope
2022-08-01,PT,PSPP,49304.0,92.44444444444525,1.8775353688296075,1.6828426208278116,single_maturity_ea_slope
2022-09-01,PT,PSPP,49709.33333333333,405.3333333333285,2.7261693109947056,1.6913499786361568,single_maturity_ea_slope
2022-10-01,PT,PSPP,47652.444444444445,0.0,3.0170181396887443,1.6913499786361568,single_maturity_ea_slope
2022-11-01,PT,PSPP,47869.33333333333,216.88888888888323,2.8958125757965174,1.6968072210127583,single_maturity_ea_slope
2022-12-01,PT,PSPP,47728.0,0.0,3.0498569786219023,1.6968072210127583,single_maturity_ea_slope
2023-01-01,PT,PSPP,48208.88888888888,480.88888888888323,3.108553330819004,1.710889541385307,single_maturity_ea_slope
2023-02-01,PT,PSPP,48646.22222222222,437.33333333333576,3.275431190650897,1.7249548928834464,single_maturity_ea_slope
2023-03-01,PT,PSPP,48726.22222222222,80.0,3.254308331494002,1.7274658257961368,single_maturity_ea_slope
2023-04-01,PT,PSPP,48961.777777777774,235.55555555555475,3.1409301343800213,1.7342660153639582,single_maturity_ea_slope
2023-05-01,PT,PSPP,49117.33333333333,155.55555555555475,3.0536129160193743,1.7384444128088918,single_maturity_ea_slope
2023-06-01,PT,PSPP,49176.0,58.66666666667152,3.080039496288443,1.7400449275226575,single_maturity_ea_slope
2023-07-01,PT,PSPP,49016.88888888888,0.0,3.256379894648321,1.7400449275226575,single_maturity_ea_slope
2023-08-01,PT,PSPP,49016.88888888888,0.0,3.236739037970163,1.7400449275226575,single_maturity_ea_slope
2023-09-01,PT,PSPP,49016.88888888888,0.0,3.3762364290455,1.7400449275226575,single_maturity_ea_slope
2023-10-01,PT,PSPP,46673.777777777774,0.0,3.46341701832109,1.7400449275226575,single_maturity_ea_slope
2023-11-01,PT,PSPP,46622.22222222222,0.0,3.1950412180617045,1.7400449275226575,single_maturity_ea_slope
2023-12-01,PT,PSPP,46408.88888888888,0.0,2.7320350912390268,1.7400449275226575,single_maturity_ea_slope
2024-01-01,PT,PSPP,46395.555555555555,0.0,2.788479874964773,1.7400449275226575,single_maturity_ea_slope
2024-02-01,PT,PSPP,44489.777777777774,0.0,2.943894454470149,1.7400449275226575,single_maturity_ea_slope
2024-03-01,PT,PSPP,44452.444444444445,0.0,2.950391186297387,1.7400449275226575,single_maturity_ea_slope
2024-04-01,PT,PSPP,44452.444444444445,0.0,3.041335176069917,1.7400449275226575,single_maturity_ea_slope
2024-05-01,PT,PSPP,44452.444444444445,0.0,3.1043612817913298,1.7400449275226575,single_maturity_ea_slope
2024-06-01,PT,PSPP,44452.444444444445,0.0,3.117758876360787,1.7400449275226575,single_maturity_ea_slope
2024-07-01,PT,PSPP,44452.444444444445,0.0,2.997475643269967,1.7400449275226575,single_maturity_ea_slope
2024-08-01,PT,PSPP,44452.444444444445,0.0,2.6641432615692384,1.7400449275226575,single_maturity_ea_slope
2024-09-01,PT,PSPP,44452.444444444445,0.0,2.514154953883316,1.7400449275226575,single_maturity_ea_slope
2024-10-01,PT,PSPP,44088.0,0.0,2.438673105419794,1.7400449275226575,single_maturity_ea_slope
2024-11-01,PT,PSPP,44042.666666666664,0.0,2.5068093087881547,1.7400449275226575,single_maturity_ea_slope
2024-12-01,PT,PSPP,44042.666666666664,0.0,2.399714214438184,1.7400449275226575,single_maturity_ea_slope
2025-01-01,PT,PSPP,44042.666666666664,0.0,2.6363121268688072,1.7400449275226575,single_maturity_ea_slope
2025-02-01,PT,PSPP,44042.666666666664,0.0,2.6223976831032583,1.7400449275226575,single_maturity_ea_slope
2025-03-01,PT,PSPP,44042.666666666664,0.0,2.830055446743083,1.7400449275226575,single_maturity_ea_slope
2025-04-01,PT,PSPP,44042.666666666664,0.0,2.549357274645292,1.7400449275226575,single_maturity_ea_slope
2025-05-01,PT,PSPP,44042.666666666664,0.0,2.502595987696048,1.7400449275226575,single_maturity_ea_slope
2025-06-01,PT,PSPP,44042.666666666664,0.0,2.486759770018715,1.7400449275226575,single_maturity_ea_slope
2025-07-01,PT,PSPP,44017.777777777774,0.0,2.523469288167173,1.7400449275226575,single_maturity_ea_slope
2025-08-01,PT,PSPP,44017.777777777774,0.0,2.5299608831624765,1.7400449275226575,single_maturity_ea_slope
2025-09-01,PT,PSPP,44017.777777777774,0.0,2.5502388326579544,1.7400449275226575,single_maturity_ea_slope
2025-10-01,PT,PSPP,40448.0,0.0,2.5079904064070715,1.7400449275226575,single_maturity_ea_slope
2025-11-01,PT,PSPP,40448.0,0.0,2.5108101819188753,1.7400449275226575,single_maturity_ea_slope
2025-12-01,PT,PSPP,40448.0,0.0,2.6205335740166826,1.7400449275226575,single_maturity_ea_slope
2026-01-01,PT,PSPP,40409.777777777774,0.0,2.642190886789048,1.7400449275226575,single_maturity_ea_slope
2026-02-01,PT,PSPP,40278.22222222222,0.0,2.5818110706460744,1.7400449275226575,single_maturity_ea_slope
2026-03-01,PT,PSPP,40275.555555555555,0.0,2.936053686386834,1.7400449275226575,single_maturity_ea_slope
2026-04-01,PT,PSPP,40275.555555555555,0.0,3.0084638324471085,1.7400449275226575,single_maturity_ea_slope
2026-05-01,PT,PSPP,40275.555555555555,0.0,3.0232189317486875,1.7400449275226575,single_maturity_ea_slope
2026-06-01,PT,PSPP,40275.555555555555,0.0,2.957498120111276,1.7400449275226575,single_maturity_ea_slope
2026-07-01,PT,PSPP,37169.777777777774,0.0,3.089913134240399,1.7400449275226575,single_maturity_ea_slope
2026-08-01,PT,PSPP,37169.777777777774,0.0,3.1777162617754287,1.7400449275226575,single_maturity_ea_slope
2020-03-01,SI,PEPP,52.451,52.451,-0.08116699507891424,-0.08116699507891424,single_maturity_ea_slope
2020-04-01,SI,PEPP,410.718,358.267,0.05159575035899999,0.034641200616928686,single_maturity_ea_slope
2020-05-01,SI,PEPP,834.771,424.05299999999994,0.49871463320960685,0.2703845737231134,single_maturity_ea_slope
2020-06-01,SI,PEPP,1314.8310000000001,480.0600000000002,0.16184308011921894,0.23075481946611343,single_maturity_ea_slope
2020-07-01,SI,PEPP,1685.544,370.71299999999997,-0.13823689051174373,0.14959999717667966,single_maturity_ea_slope
2020-08-01,SI,PEPP,1916.684,231.13999999999987,-0.32172880534896375,0.09276071672368001,single_maturity_ea_slope
2020-09-01,SI,PEPP,2205.609,288.92499999999995,-0.30452221318580047,0.04071841433731116,single_maturity_ea_slope
2020-10-01,SI,PEPP,2494.534,288.9250000000002,-0.3220748676817836,-0.0013014775572739708,single_maturity_ea_slope
2020-11-01,SI,PEPP,2783.459,288.9249999999997,-0.342572957446391,-0.036725696964480276,single_maturity_ea_slope
2020-12-01,SI,PEPP,3014.599,231.14000000000033,-0.36680122636640844,-0.06203375878827899,single_maturity_ea_slope
2021-01-01,SI,PEPP,3239.516,224.91699999999992,-0.2978783616936156,-0.0784082605816517,single_maturity_ea_slope
2021-02-01,SI,PEPP,3469.767,230.25099999999975,-0.14159799587569924,-0.08260148155043426,single_maturity_ea_slope
2021-03-01,SI,PEPP,3755.136,285.36900000000014,-0.15803367857294962,-0.08833389993211689,single_maturity_ea_slope
2021-04-01,SI,PEPP,4027.17,272.0340000000001,-0.1942629088068766,-0.09548936940577615,single_maturity_ea_slope
2021-05-01,SI,PEPP,4300.982,273.8119999999999,-0.03937980722437828,-0.09191728483531925,single_maturity_ea_slope
2021-06-01,SI,PEPP,4594.352,293.3699999999999,-0.07049993574622995,-0.09054969094998654,single_maturity_ea_slope
2021-07-01,SI,PEPP,4938.395,344.0430000000006,-0.04497217934624975,-0.08737444396697193,single_maturity_ea_slope
2021-08-01,SI,PEPP,5181.981,243.58599999999933,-0.2560019177061733,-0.09530100560782645,single_maturity_ea_slope
2021-09-01,SI,PEPP,5336.667,154.6860000000006,-0.14323581888387105,-0.09669042048539297,single_maturity_ea_slope
2021-10-01,SI,PEPP,5362.448,25.78099999999995,-0.03060988471338058,-0.09637272560187368,single_maturity_ea_slope
2021-11-01,SI,PEPP,5460.238,97.78999999999996,-0.022764762508176994,-0.09505444557251734,single_maturity_ea_slope
2021-12-01,SI,PEPP,5408.676,0.0,0.028725554748071785,-0.09505444557251734,single_maturity_ea_slope
2022-01-01,SI,PEPP,5610.479,201.80299999999988,0.23454142066693542,-0.08319923060874683,single_maturity_ea_slope
2022-02-01,SI,PEPP,5770.499,160.01999999999953,0.5611566968960358,-0.06533078707911187,single_maturity_ea_slope
2022-03-01,SI,PEPP,5777.611,7.11200000000008,0.9030451296526196,-0.06413875640764642,single_maturity_ea_slope
2022-04-01,SI,PEPP,5793.613,16.002000000000407,1.4521728759909323,-0.05995069297613266,single_maturity_ea_slope
2022-05-01,SI,PEPP,5806.059,12.445999999999913,1.6982108622001222,-0.056181857916805245,single_maturity_ea_slope
2022-06-01,SI,PEPP,5815.838,9.778999999999542,1.9599033680085725,-0.05279192555893637,single_maturity_ea_slope
2022-07-01,SI,PEPP,5814.9490000000005,0.0,1.8827510354336434,-0.05279192555893637,single_maturity_ea_slope
2022-08-01,SI,PEPP,5822.95,8.000999999999294,1.524134089195551,-0.0506251569890449,single_maturity_ea_slope
2022-09-01,SI,PEPP,5837.174,14.22400000000016,1.5950390410420696,-0.04661500968954777,single_maturity_ea_slope
2022-10-01,SI,PEPP,5845.175,8.001000000000204,2.3308702593256463,-0.04336065723005921,single_maturity_ea_slope
2022-11-01,SI,PEPP,5854.954,9.778999999999542,3.468670570289114,-0.0374948291853114,single_maturity_ea_slope
2022-12-01,SI,PEPP,5861.177,6.222999999999956,3.4772043637619627,-0.03376316008920481,single_maturity_ea_slope
2023-01-01,SI,PEPP,5891.403,30.226000000000568,3.226377080713789,-0.01703692375492024,single_maturity_ea_slope
2023-02-01,SI,PEPP,5924.296,32.89300000000003,3.376435189717347,0.0018043829975518462,single_maturity_ea_slope
2023-03-01,SI,PEPP,5639.816,0.0,3.517611690104364,0.0018043829975518462,single_maturity_ea_slope
2023-04-01,SI,PEPP,5662.93,23.114000000000487,3.280963205695966,0.015188704722851777,single_maturity_ea_slope
2023-05-01,SI,PEPP,5695.823,32.89300000000003,3.058486700151737,0.032763548773244916,single_maturity_ea_slope
2023-06-01,SI,PEPP,5716.27,20.447000000000116,3.3531268308259827,0.04464043143066535,single_maturity_ea_slope
2023-07-01,SI,PEPP,5734.939,18.66899999999987,3.402767538501285,0.0555721736796938,single_maturity_ea_slope
2023-08-01,SI,PEPP,5761.609,26.670000000000073,3.4133600705964615,0.07111508941916352,single_maturity_ea_slope
2023-09-01,SI,PEPP,5772.277,10.667999999999665,3.401638687070107,0.0772703771400645,single_maturity_ea_slope
2023-10-01,SI,PEPP,5803.392,31.11499999999978,3.5566801970666075,0.09592530111332248,single_maturity_ea_slope
2023-11-01,SI,PEPP,5819.394,16.002000000000407,3.4286711432017043,0.10508958848845118,single_maturity_ea_slope
2023-12-01,SI,PEPP,5830.951,11.556999999999789,3.1396669829306054,0.1111041495690652,single_maturity_ea_slope
2024-01-01,SI,PEPP,5857.621,26.670000000000073,2.8963536583077274,0.1237855102098544,single_maturity_ea_slope
2024-02-01,SI,PEPP,5881.624,24.0029999999997,3.104352907013899,0.13594925260914525,single_maturity_ea_slope
2024-03-01,SI,PEPP,5902.96,21.33600000000024,3.1287913663018374,0.1467667542249021,single_maturity_ea_slope
2024-04-01,SI,PEPP,5926.963,24.0029999999997,3.1251599978002744,0.1588286437669051,single_maturity_ea_slope
2024-05-01,SI,PEPP,5950.966,24.00300000000061,3.1657481720907614,0.17095694183453974,single_maturity_ea_slope
2024-06-01,SI,PEPP,5960.745,9.778999999999542,3.246798568765368,0.17600306530899726,single_maturity_ea_slope
2024-07-01,SI,PEPP,5974.969,14.22400000000016,3.1067120203250322,0.1829799055530468,single_maturity_ea_slope
2024-08-01,SI,PEPP,5981.192,6.222999999999956,2.792138092349989,0.18569454694834683,single_maturity_ea_slope
2024-09-01,SI,PEPP,5707.38,0.0,2.713541385130905,0.18569454694834683,single_maturity_ea_slope
2024-10-01,SI,PEPP,5715.381,8.001000000000204,2.7190617985332177,0.18924102466871773,single_maturity_ea_slope
2024-11-01,SI,PEPP,5726.938,11.556999999999789,2.8213786754497616,0.1945526964259597,single_maturity_ea_slope
2024-12-01,SI,PEPP,5731.383,4.444999999999709,2.648777498527789,0.19645608156796504,single_maturity_ea_slope
2025-01-01,SI,PEPP,5731.383,0.0,2.826759444411364,0.19645608156796504,single_maturity_ea_slope
2025-02-01,SI,PEPP,5731.383,0.0,2.6489726207158,0.19645608156796504,single_maturity_ea_slope
2025-03-01,SI,PEPP,5731.383,0.0,2.888344165186666,0.19645608156796504,single_maturity_ea_slope
2025-04-01,SI,PEPP,5729.6050000000005,0.0,2.6178895599003003,0.19645608156796504,single_maturity_ea_slope
2025-05-01,SI,PEPP,5729.6050000000005,0.0,2.5670853010917027,0.19645608156796504,single_maturity_ea_slope
2025-06-01,SI,PEPP,5729.6050000000005,0.0,2.5566647123778696,0.19645608156796504,single_maturity_ea_slope
2025-07-01,SI,PEPP,5376.6720000000005,0.0,2.5851680134558745,0.19645608156796504,single_maturity_ea_slope
2025-08-01,SI,PEPP,5376.6720000000005,0.0,2.7029705025560418,0.19645608156796504,single_maturity_ea_slope
2025-09-01,SI,PEPP,5375.783,0.0,2.7226039227109315,0.19645608156796504,single_maturity_ea_slope
2025-10-01,SI,PEPP,5375.783,0.0,2.6633105879695647,0.19645608156796504,single_maturity_ea_slope
2025-11-01,SI,PEPP,5375.783,0.0,2.661397540133375,0.19645608156796504,single_maturity_ea_slope
2025-12-01,SI,PEPP,5375.783,0.0,2.795085486152024,0.19645608156796504,single_maturity_ea_slope
2026-01-01,SI,PEPP,5375.783,0.0,2.7179495477423212,0.19645608156796504,single_maturity_ea_slope
2026-02-01,SI,PEPP,5188.204,0.0,2.634942071746906,0.19645608156796504,single_maturity_ea_slope
2026-03-01,SI,PEPP,4856.607,0.0,2.9189578822038413,0.19645608156796504,single_maturity_ea_slope
2026-04-01,SI,PEPP,4854.829,0.0,3.0671805703065624,0.19645608156796504,single_maturity_ea_slope
2026-05-01,SI,PEPP,4854.829,0.0,3.1542050120348937,0.19645608156796504,single_maturity_ea_slope
2026-06-01,SI,PEPP,4837.049,0.0,3.061889360866102,0.19645608156796504,single_maturity_ea_slope
2026-07-01,SI,PEPP,4837.049,0.0,3.071343022323077,0.19645608156796504,single_maturity_ea_slope
2026-08-01,SI,PEPP,4837.049,0.0,3.23457268404878,0.19645608156796504,single_maturity_ea_slope
2015-03-01,SI,PSPP,185.77777777777777,185.77777777777777,0.5947771208300419,0.5947771208300419,single_maturity_ea_slope
2015-04-01,SI,PSPP,380.4444444444444,194.66666666666663,0.7956042987354508,0.6975368216741648,single_maturity_ea_slope
2015-05-01,SI,PSPP,585.7777777777777,205.33333333333331,1.1124405297696685,0.8429734780778997,single_maturity_ea_slope
2015-06-01,SI,PSPP,788.4444444444445,202.66666666666674,1.5201670433077692,1.0170435264120714,single_maturity_ea_slope
2015-07-01,SI,PSPP,994.6666666666666,206.22222222222217,1.7560375524419842,1.1702576587078175,single_maturity_ea_slope
2015-08-01,SI,PSPP,1165.3333333333333,170.66666666666663,1.5156036002302262,1.220834638701946,single_maturity_ea_slope
2015-09-01,SI,PSPP,1367.111111111111,201.77777777777783,1.5070503097379417,1.2630784341019272,single_maturity_ea_slope
2015-10-01,SI,PSPP,1584.888888888889,217.77777777777783,1.2942016956525533,1.2673550460368141,single_maturity_ea_slope
2015-11-01,SI,PSPP,1805.3333333333333,220.44444444444434,1.1084698486972724,1.247953997814162,single_maturity_ea_slope
2015-12-01,SI,PSPP,1980.4444444444443,175.1111111111111,1.0337890896136002,1.22901751356124,single_maturity_ea_slope
2016-01-01,SI,PSPP,2204.4444444444443,224.0,1.017305800097681,1.2075048717092978,single_maturity_ea_slope
2016-02-01,SI,PSPP,2453.333333333333,248.8888888888887,1.0643761805423364,1.1929845697068524,single_maturity_ea_slope
2016-03-01,SI,PSPP,2664.0,210.66666666666697,0.9738754086401931,1.1756576190319115,single_maturity_ea_slope
2016-04-01,SI,PSPP,2873.777777777778,209.77777777777783,0.9185022961106766,1.1568859963256288,single_maturity_ea_slope
2016-05-01,SI,PSPP,3088.8888888888887,215.11111111111086,0.9947574429376779,1.1455953172119933,single_maturity_ea_slope
2016-06-01,SI,PSPP,3314.6666666666665,225.77777777777783,1.001780182536646,1.1357993815167564,single_maturity_ea_slope
2016-07-01,SI,PSPP,3512.8888888888887,198.22222222222217,0.6138804060442369,1.1063489939837676,single_maturity_ea_slope
2016-08-01,SI,PSPP,3648.8888888888887,136.0,0.4808052575663139,1.0830339655618748,single_maturity_ea_slope
2016-09-01,SI,PSPP,3843.555555555555,194.66666666666652,0.4072252973969037,1.0488059132195695,single_maturity_ea_slope
2016-10-01,SI,PSPP,4043.555555555555,200.0,0.26816839929906816,1.010194473203717,single_maturity_ea_slope
2016-11-01,SI,PSPP,4235.555555555556,192.00000000000045,0.4851107892665034,0.9863921488111801,single_maturity_ea_slope
2016-12-01,SI,PSPP,4384.888888888889,149.33333333333303,0.49473973562226364,0.969648259612774,single_maturity_ea_slope
2017-01-01,SI,PSPP,4527.111111111111,142.22222222222263,0.5149157981909511,0.9553625353191373,single_maturity_ea_slope
2017-02-01,SI,PSPP,4662.222222222222,135.1111111111104,0.508807030282741,0.9424213652971102,single_maturity_ea_slope
2017-03-01,SI,PSPP,4795.555555555556,133.33333333333394,0.5454202513594051,0.931383336179287,single_maturity_ea_slope
2017-04-01,SI,PSPP,4896.0,100.44444444444434,0.5785705432171919,0.9241451652270871,single_maturity_ea_slope
2017-05-01,SI,PSPP,5001.777777777777,105.77777777777737,0.5602142602240926,0.916448741254214,single_maturity_ea_slope
2017-06-01,SI,PSPP,5143.11111111111,141.33333333333303,0.47241399628971203,0.904246611207661,single_maturity_ea_slope
2017-07-01,SI,PSPP,5290.666666666666,147.55555555555566,0.7592411401872949,0.9002024398048752,single_maturity_ea_slope
2017-08-01,SI,PSPP,5416.0,125.33333333333394,0.7084519406043461,0.8957650821178124,single_maturity_ea_slope
2017-09-01,SI,PSPP,5557.333333333333,141.33333333333303,0.5997468447626316,0.8882367872138658,single_maturity_ea_slope
2017-10-01,SI,PSPP,5703.11111111111,145.77777777777737,0.647100405917484,0.8820730767193822,single_maturity_ea_slope
2017-11-01,SI,PSPP,5928.888888888889,225.77777777777828,0.4955894928769373,0.8673554110078407,single_maturity_ea_slope
2017-12-01,SI,PSPP,6139.555555555556,210.66666666666697,0.40497737558729385,0.8514898261816254,single_maturity_ea_slope
2018-01-01,SI,PSPP,6235.555555555556,96.0,0.6119528752151675,0.847802015674943,single_maturity_ea_slope
2018-02-01,SI,PSPP,6337.777777777777,102.22222222222172,0.8753981327463823,0.8482471143373855,single_maturity_ea_slope
2018-03-01,SI,PSPP,6434.666666666666,96.88888888888869,0.8820448961424541,0.8487560186358732,single_maturity_ea_slope
2018-04-01,SI,PSPP,6547.555555555555,112.88888888888869,0.6684070404282917,0.8456465534943632,single_maturity_ea_slope
2018-05-01,SI,PSPP,6648.0,100.44444444444525,0.729890937303866,0.8438976051550764,single_maturity_ea_slope
2018-06-01,SI,PSPP,6750.222222222222,102.22222222222172,0.7565492028946127,0.842574841623347,single_maturity_ea_slope
2018-07-01,SI,PSPP,6853.333333333333,103.11111111111131,0.5657863761877362,0.8384104496660797,single_maturity_ea_slope
2018-08-01,SI,PSPP,6885.333333333333,32.0,0.5609665926267684,0.8371210126852618,single_maturity_ea_slope
2018-09-01,SI,PSPP,6954.666666666666,69.33333333333303,0.539675100520552,0.8341556776713498,single_maturity_ea_slope
2018-10-01,SI,PSPP,6991.11111111111,36.44444444444434,0.7040455609776541,0.8334774176860426,single_maturity_ea_slope
2018-11-01,SI,PSPP,7019.555555555555,28.444444444444343,0.7863597261628883,0.8332864887093753,single_maturity_ea_slope
2018-12-01,SI,PSPP,7063.11111111111,43.55555555555566,0.7497402707814931,0.8327712905369028,single_maturity_ea_slope
2019-01-01,SI,PSPP,7120.888888888889,57.77777777777828,0.7603191599855463,0.8321834252908862,single_maturity_ea_slope
2019-02-01,SI,PSPP,6908.444444444444,0.0,0.6879376749321537,0.8321834252908862,single_maturity_ea_slope
2019-03-01,SI,PSPP,6954.666666666666,46.22222222222172,0.49241769113413414,0.8299252685710304,single_maturity_ea_slope
2019-04-01,SI,PSPP,6999.11111111111,44.44444444444434,0.33934042705439826,0.82681004859696,single_maturity_ea_slope
2019-05-01,SI,PSPP,7032.888888888889,33.77777777777828,0.19216071844727095,0.8237619350295069,single_maturity_ea_slope
2019-06-01,SI,PSPP,7058.666666666666,25.777777777777374,0.020912322077510925,0.8208299820291786,single_maturity_ea_slope
2019-07-01,SI,PSPP,7103.11111111111,44.44444444444434,-0.17569029771036082,0.8145947156060804,single_maturity_ea_slope
2019-08-01,SI,PSPP,7123.555555555555,20.444444444444343,-0.18856718452825033,0.8117156634844073,single_maturity_ea_slope
2019-09-01,SI,PSPP,7152.888888888889,29.33333333333394,-0.28988693180427993,0.8071980935024852,single_maturity_ea_slope
2019-10-01,SI,PSPP,7219.555555555555,66.66666666666606,-0.22489863276793584,0.7976675278203526,single_maturity_ea_slope
2019-11-01,SI,PSPP,7259.555555555555,40.0,-0.15417428472716083,0.7924228992462571,single_maturity_ea_slope
2019-12-01,SI,PSPP,7296.888888888889,37.33333333333394,-0.1369434948288624,0.7876679487588463,single_maturity_ea_slope
2020-01-01,SI,PSPP,7035.555555555555,0.0,-0.04024516603622241,0.7876679487588463,single_maturity_ea_slope
2020-02-01,SI,PSPP,7063.11111111111,27.555555555555657,-0.08350424181401248,0.784269215067963,single_maturity_ea_slope
2020-03-01,SI,PSPP,7118.222222222222,55.11111111111131,-0.09200631598022647,0.777484864053354,single_maturity_ea_slope
2020-04-01,SI,PSPP,7200.888888888889,82.66666666666697,0.14750945000493754,0.7702527058622044,single_maturity_ea_slope
2020-05-01,SI,PSPP,7252.444444444444,51.55555555555566,0.6008998941640691,0.7690488251073947,single_maturity_ea_slope
2020-06-01,SI,PSPP,7304.888888888889,52.44444444444434,0.2774345506597347,0.7655193480822776,single_maturity_ea_slope
2020-07-01,SI,PSPP,7448.888888888889,144.0,-0.04673056609249451,0.7498171421041974,single_maturity_ea_slope
2020-08-01,SI,PSPP,7540.444444444444,91.55555555555566,-0.24069955524602393,0.7377903567892059,single_maturity_ea_slope
2020-09-01,SI,PSPP,7670.222222222222,129.77777777777737,-0.228699230323185,0.7214376531481804,single_maturity_ea_slope
2020-10-01,SI,PSPP,7808.0,137.77777777777828,-0.2724824881431541,0.7038992171395104,single_maturity_ea_slope
2020-11-01,SI,PSPP,7942.222222222222,134.22222222222172,-0.31434131314268426,0.6866911231190728,single_maturity_ea_slope
2020-12-01,SI,PSPP,8073.777777777777,131.55555555555566,-0.35260734567614793,0.6697566110215617,single_maturity_ea_slope
2021-01-01,SI,PSPP,7906.666666666666,0.0,-0.2820445144337812,0.6697566110215617,single_maturity_ea_slope
2021-02-01,SI,PSPP,8035.555555555555,128.8888888888887,-0.12684339625226584,0.6569792878960413,single_maturity_ea_slope
2021-03-01,SI,PSPP,8180.444444444444,144.8888888888896,-0.14346651024183057,0.6428020994687379,single_maturity_ea_slope
2021-04-01,SI,PSPP,8098.666666666666,0.0,-0.15144645907059526,0.6428020994687379,single_maturity_ea_slope
2021-05-01,SI,PSPP,8225.777777777777,127.11111111111131,0.02362294001941201,0.6332340618848548,single_maturity_ea_slope
2021-06-01,SI,PSPP,8388.444444444443,162.66666666666606,-0.030341431428198257,0.6203661679274225,single_maturity_ea_slope
2021-07-01,SI,PSPP,8560.888888888889,172.44444444444525,-0.017130346122852247,0.6075248924912525,single_maturity_ea_slope
2021-08-01,SI,PSPP,8654.222222222223,93.33333333333394,-0.23532500039471535,0.5984349953309169,single_maturity_ea_slope
2021-09-01,SI,PSPP,8828.444444444443,174.2222222222208,-0.1167947730985565,0.5843205133925182,single_maturity_ea_slope
2021-10-01,SI,PSPP,8968.888888888889,140.44444444444525,-0.006003561545810859,0.5750765883340191,single_maturity_ea_slope
2021-11-01,SI,PSPP,9095.111111111111,126.22222222222263,-0.002763472888941687,0.5670573067963275,single_maturity_ea_slope
2021-12-01,SI,PSPP,9198.22222222222,103.1111111111095,0.03784395698033913,0.5611248803778259,single_maturity_ea_slope
2022-01-01,SI,PSPP,9309.333333333332,111.11111111111131,0.2527724870976109,0.5574445548588699,single_maturity_ea_slope
2022-02-01,SI,PSPP,9371.555555555555,62.222222222222626,0.5858450706003088,0.557633119413731,single_maturity_ea_slope
2022-03-01,SI,PSPP,9214.22222222222,0.0,0.9181622830183986,0.557633119413731,single_maturity_ea_slope
2022-04-01,SI,PSPP,9395.555555555555,181.33333333333394,1.4649183547707656,0.5751436386202433,single_maturity_ea_slope
2022-05-01,SI,PSPP,9504.888888888889,109.33333333333394,1.716623082683543,0.5882739081068034,single_maturity_ea_slope
2022-06-01,SI,PSPP,9576.888888888889,72.0,1.9803144115775841,0.5987394066014324,single_maturity_ea_slope
2022-07-01,SI,PSPP,9663.111111111111,86.22222222222263,1.9154123503508795,0.6104878451575632,single_maturity_ea_slope
2022-08-01,SI,PSPP,9727.111111111111,64.0,1.5528219117211342,0.6166879779175538,single_maturity_ea_slope
2022-09-01,SI,PSPP,9822.22222222222,95.1111111111095,1.6147936235143219,0.6263528923138301,single_maturity_ea_slope
2022-10-01,SI,PSPP,9887.111111111111,64.8888888888905,2.3646578415874933,0.6377613487821372,single_maturity_ea_slope
2022-11-01,SI,PSPP,9933.333333333332,46.22222222222081,3.4870103173059372,0.6510195990159836,single_maturity_ea_slope
2022-12-01,SI,PSPP,9976.888888888889,43.555555555556566,3.4837193840353344,0.6633861608001917,single_maturity_ea_slope
2023-01-01,SI,PSPP,10031.111111111111,54.222222222222626,3.226244893134878,0.6772394512452443,single_maturity_ea_slope
2023-02-01,SI,PSPP,10079.111111111111,48.0,3.3722627054211953,0.6900740271095622,single_maturity_ea_slope
2023-03-01,SI,PSPP,9794.666666666666,0.0,3.5161289030206837,0.6900740271095622,single_maturity_ea_slope
2023-04-01,SI,PSPP,9808.888888888889,14.222222222222626,3.2820621445785547,0.6938322337139577,single_maturity_ea_slope
2023-05-01,SI,PSPP,9830.22222222222,21.33333333333212,3.063757855859476,0.6989753944817929,single_maturity_ea_slope
2023-06-01,SI,PSPP,9838.22222222222,8.0,3.346824512283159,0.7011285063412267,single_maturity_ea_slope
2023-07-01,SI,PSPP,9838.22222222222,0.0,3.3928027713856426,0.7011285063412267,single_maturity_ea_slope
2023-08-01,SI,PSPP,9838.22222222222,0.0,3.4140805295414833,0.7011285063412267,single_maturity_ea_slope
2023-09-01,SI,PSPP,9838.22222222222,0.0,3.4022619128588216,0.7011285063412267,single_maturity_ea_slope
2023-10-01,SI,PSPP,9831.111111111111,0.0,3.5623982086379145,0.7011285063412267,single_maturity_ea_slope
2023-11-01,SI,PSPP,9831.111111111111,0.0,3.4315648464142043,0.7011285063412267,single_maturity_ea_slope
2023-12-01,SI,PSPP,9819.555555555555,0.0,3.1413119152378424,0.7011285063412267,single_maturity_ea_slope
2024-01-01,SI,PSPP,9819.555555555555,0.0,2.90373253412625,0.7011285063412267,single_maturity_ea_slope
2024-02-01,SI,PSPP,9819.555555555555,0.0,3.1066146833541493,0.7011285063412267,single_maturity_ea_slope
2024-03-01,SI,PSPP,9819.555555555555,0.0,3.1248992109209874,0.7011285063412267,single_maturity_ea_slope
2024-04-01,SI,PSPP,9813.333333333332,0.0,3.1240788337922027,0.7011285063412267,single_maturity_ea_slope
2024-05-01,SI,PSPP,9813.333333333332,0.0,3.16159637336025,0.7011285063412267,single_maturity_ea_slope
2024-06-01,SI,PSPP,9809.777777777777,0.0,3.243226526620481,0.7011285063412267,single_maturity_ea_slope
2024-07-01,SI,PSPP,9809.777777777777,0.0,3.1052197239870103,0.7011285063412267,single_maturity_ea_slope
2024-08-01,SI,PSPP,9809.777777777777,0.0,2.8031337183952387,0.7011285063412267,single_maturity_ea_slope
2024-09-01,SI,PSPP,9500.444444444443,0.0,2.724954085195959,0.7011285063412267,single_maturity_ea_slope
2024-10-01,SI,PSPP,9496.888888888889,0.0,2.732720377425321,0.7011285063412267,single_maturity_ea_slope
2024-11-01,SI,PSPP,9496.888888888889,0.0,2.835417693596279,0.7011285063412267,single_maturity_ea_slope
2024-12-01,SI,PSPP,9496.888888888889,0.0,2.6621749646889996,0.7011285063412267,single_maturity_ea_slope
2025-01-01,SI,PSPP,9496.888888888889,0.0,2.8419740036552277,0.7011285063412267,single_maturity_ea_slope
2025-02-01,SI,PSPP,9496.888888888889,0.0,2.664565395875125,0.7011285063412267,single_maturity_ea_slope
2025-03-01,SI,PSPP,9496.888888888889,0.0,2.9095684774377375,0.7011285063412267,single_maturity_ea_slope
2025-04-01,SI,PSPP,9490.666666666666,0.0,2.6445806701140753,0.7011285063412267,single_maturity_ea_slope
2025-05-01,SI,PSPP,9490.666666666666,0.0,2.5934526974547025,0.7011285063412267,single_maturity_ea_slope
2025-06-01,SI,PSPP,9490.666666666666,0.0,2.5804860392908697,0.7011285063412267,single_maturity_ea_slope
2025-07-01,SI,PSPP,8834.666666666666,0.0,2.615307348945934,0.7011285063412267,single_maturity_ea_slope
2025-08-01,SI,PSPP,8834.666666666666,0.0,2.732633536492881,0.7011285063412267,single_maturity_ea_slope
2025-09-01,SI,PSPP,8834.666666666666,0.0,2.7511203202031815,0.7011285063412267,single_maturity_ea_slope
2025-10-01,SI,PSPP,8834.666666666666,0.0,2.689785693530434,0.7011285063412267,single_maturity_ea_slope
2025-11-01,SI,PSPP,8834.666666666666,0.0,2.6877155747412127,0.7011285063412267,single_maturity_ea_slope
2025-12-01,SI,PSPP,8834.666666666666,0.0,2.8213194514034523,0.7011285063412267,single_maturity_ea_slope
2026-01-01,SI,PSPP,8834.666666666666,0.0,2.745647532906071,0.7011285063412267,single_maturity_ea_slope
2026-02-01,SI,PSPP,8562.666666666666,0.0,2.6589597889633247,0.7011285063412267,single_maturity_ea_slope
2026-03-01,SI,PSPP,8233.777777777777,0.0,2.9214682657804776,0.7011285063412267,single_maturity_ea_slope
2026-04-01,SI,PSPP,8233.777777777777,0.0,3.0696202001183126,0.7011285063412267,single_maturity_ea_slope
2026-05-01,SI,PSPP,8233.777777777777,0.0,3.1564235299661187,0.7011285063412267,single_maturity_ea_slope
2026-06-01,SI,PSPP,8201.777777777777,0.0,3.0639400830651247,0.7011285063412267,single_maturity_ea_slope
2026-07-01,SI,PSPP,8201.777777777777,0.0,3.0733446958226853,0.7011285063412267,single_maturity_ea_slope
2026-08-01,SI,PSPP,8201.777777777777,0.0,3.2365934341385656,0.7011285063412267,single_maturity_ea_slope
2020-03-01,SK,PEPP,94.234,94.234,-0.29592739585433714,-0.29592739585433714,single_maturity_ea_slope
2020-04-01,SK,PEPP,1006.3480000000001,912.114,0.47891186898926374,0.4063562487830608,single_maturity_ea_slope
2020-05-01,SK,PEPP,2047.367,1041.0189999999998,0.3234529705941971,0.36420264966922694,single_maturity_ea_slope
2020-06-01,SK,PEPP,3054.6040000000003,1007.2370000000003,-0.2126287824168317,0.17399601039288684,single_maturity_ea_slope
2020-07-01,SK,PEPP,3369.31,314.7059999999997,-0.3766283728011872,0.12256565903386257,single_maturity_ea_slope
2020-08-01,SK,PEPP,3602.228,232.91800000000012,-0.44435258432848523,0.08590905001092693,single_maturity_ea_slope
2020-09-01,SK,PEPP,3855.593,253.36499999999978,-0.5010418706790283,0.04733837618186604,single_maturity_ea_slope
2020-10-01,SK,PEPP,3955.161,99.56800000000021,-0.5357572726875515,0.03265941176888,single_maturity_ea_slope
2020-11-01,SK,PEPP,4183.634,228.47299999999996,-0.5706923412512581,-0.00029031209983556807,single_maturity_ea_slope
2020-12-01,SK,PEPP,4588.129,404.4949999999999,-0.6851839867761296,-0.06067136654233,single_maturity_ea_slope
2021-01-01,SK,PEPP,4782.82,194.6909999999998,-0.5799613746636472,-0.08180975163128323,single_maturity_ea_slope
2021-02-01,SK,PEPP,5085.08,302.2600000000002,-0.37665735450771587,-0.0993356580959663,single_maturity_ea_slope
2021-03-01,SK,PEPP,5236.21,151.1300000000001,-0.27939443317040163,-0.1045326006702709,single_maturity_ea_slope
2021-04-01,SK,PEPP,5554.472,318.2619999999997,-0.28466729420450226,-0.11485401876970348,single_maturity_ea_slope
2021-05-01,SK,PEPP,5673.598,119.1260000000002,-0.15802462460822758,-0.1157604526748057,single_maturity_ea_slope
2021-06-01,SK,PEPP,5849.62,176.02199999999993,-0.19044687971089305,-0.118007855798384,single_maturity_ea_slope
2021-07-01,SK,PEPP,5959.856,110.23599999999988,-0.3317242888405568,-0.12196084471503517,single_maturity_ea_slope
2021-08-01,SK,PEPP,6069.203,109.34700000000066,-0.4329339636559434,-0.12756355361055766,single_maturity_ea_slope
2021-09-01,SK,PEPP,6124.321,55.11799999999948,-0.28663819522423994,-0.128995202293973,single_maturity_ea_slope
2021-10-01,SK,PEPP,6374.13,249.8090000000002,-0.059338040456172775,-0.12626526331539253,single_maturity_ea_slope
2021-11-01,SK,PEPP,6453.251,79.1210000000001,-0.1498166560692127,-0.12655401850964657,single_maturity_ea_slope
2021-12-01,SK,PEPP,6583.934,130.683,-0.1667640166166946,-0.1273521375647014,single_maturity_ea_slope
2022-01-01,SK,PEPP,6758.178,174.2439999999997,0.0852215051676995,-0.12187141749425276,single_maturity_ea_slope
2022-02-01,SK,PEPP,6924.421,166.2430000000004,0.5780813090093697,-0.1050668007454817,single_maturity_ea_slope
2022-03-01,SK,PEPP,7079.996,155.57499999999982,0.8339161364455107,-0.08443370004125977,single_maturity_ea_slope
2022-04-01,SK,PEPP,7079.996,0.0,1.4110391225458656,-0.08443370004125977,single_maturity_ea_slope
2022-05-01,SK,PEPP,7079.996,0.0,1.719624077183702,-0.08443370004125977,single_maturity_ea_slope
2022-06-01,SK,PEPP,7079.996,0.0,2.23004203916196,-0.08443370004125977,single_maturity_ea_slope
2022-07-01,SK,PEPP,7079.996,0.0,1.8915782474001568,-0.08443370004125977,single_maturity_ea_slope
2022-08-01,SK,PEPP,7079.996,0.0,1.8172548754464404,-0.08443370004125977,single_maturity_ea_slope
2022-09-01,SK,PEPP,7079.996,0.0,2.7510292947491632,-0.08443370004125977,single_maturity_ea_slope
2022-10-01,SK,PEPP,7079.996,0.0,3.3457493328932704,-0.08443370004125977,single_maturity_ea_slope
2022-11-01,SK,PEPP,7079.996,0.0,3.2634524221708103,-0.08443370004125977,single_maturity_ea_slope
2022-12-01,SK,PEPP,7079.996,0.0,3.1489901897736066,-0.08443370004125977,single_maturity_ea_slope
2023-01-01,SK,PEPP,7137.781,57.784999999999854,3.22826419013482,-0.05761524657738574,single_maturity_ea_slope
2023-02-01,SK,PEPP,6898.64,0.0,3.397759695263147,-0.05761524657738574,single_maturity_ea_slope
2023-03-01,SK,PEPP,6967.982,69.34199999999964,3.561017735227936,-0.02160435443898134,single_maturity_ea_slope
2023-04-01,SK,PEPP,6996.43,28.44800000000032,3.5954774790368598,-0.006897033133869751,single_maturity_ea_slope
2023-05-01,SK,PEPP,7038.213,41.78299999999945,3.4946770709280184,0.013890384182147247,single_maturity_ea_slope
2023-06-01,SK,PEPP,7062.216,24.00300000000061,3.6003102376981873,0.02607987764198304,single_maturity_ea_slope
2023-07-01,SK,PEPP,7095.9980000000005,33.78200000000015,3.6997323056169282,0.04356907737426173,single_maturity_ea_slope
2023-08-01,SK,PEPP,7131.558,35.55999999999949,3.729153466631152,0.061946461514161194,single_maturity_ea_slope
2023-09-01,SK,PEPP,7146.671,15.113000000000284,3.836132446392714,0.06992769820316935,single_maturity_ea_slope
2023-10-01,SK,PEPP,7192.01,45.33899999999994,4.003551465032448,0.0947255736182859,single_maturity_ea_slope
2023-11-01,SK,PEPP,6994.652,0.0,3.760355787852454,0.0947255736182859,single_maturity_ea_slope
2023-12-01,SK,PEPP,7010.654,16.002000000000407,3.1930482127154214,0.10179757558426991,single_maturity_ea_slope
2024-01-01,SK,PEPP,7063.994,53.339999999999236,3.2193047111509094,0.12533777545011382,single_maturity_ea_slope
2024-02-01,SK,PEPP,7106.666,42.67200000000048,3.395037695047274,0.14497069966085505,single_maturity_ea_slope
2024-03-01,SK,PEPP,7150.227,43.560999999999694,3.4434336116849122,0.16506577397257674,single_maturity_ea_slope
2024-04-01,SK,PEPP,7193.7880000000005,43.561000000000604,3.5843460548465598,0.18577075837233298,single_maturity_ea_slope
2024-05-01,SK,PEPP,7249.795,56.00699999999961,3.6276200562248864,0.21236015208964865,single_maturity_ea_slope
2024-06-01,SK,PEPP,7011.543,0.0,3.6169455069632432,0.21236015208964865,single_maturity_ea_slope
2024-07-01,SK,PEPP,7038.213,26.670000000000073,3.4872946196336136,0.2247699075559009,single_maturity_ea_slope
2024-08-01,SK,PEPP,7047.103,8.890000000000327,3.191410203596801,0.2285123577842862,single_maturity_ea_slope
2024-09-01,SK,PEPP,7062.216,15.113000000000284,3.1228834747367267,0.23470625367907375,single_maturity_ea_slope
2024-10-01,SK,PEPP,7081.774,19.557999999999993,3.0667581470363046,0.24252763726605078,single_maturity_ea_slope
2024-11-01,SK,PEPP,6839.077,0.0,3.0953674039678867,0.24252763726605078,single_maturity_ea_slope
2024-12-01,SK,PEPP,6845.3,6.222999999999956,2.9781828650680917,0.24501459656405264,single_maturity_ea_slope
2025-01-01,SK,PEPP,6845.3,0.0,3.163495707106478,0.24501459656405264,single_maturity_ea_slope
2025-02-01,SK,PEPP,6845.3,0.0,2.9457708145056314,0.24501459656405264,single_maturity_ea_slope
2025-03-01,SK,PEPP,6845.3,0.0,3.1260126790202376,0.24501459656405264,single_maturity_ea_slope
2025-04-01,SK,PEPP,6845.3,0.0,3.015159083517538,0.24501459656405264,single_maturity_ea_slope
2025-05-01,SK,PEPP,6469.253,0.0,3.047628401090453,0.24501459656405264,single_maturity_ea_slope
2025-06-01,SK,PEPP,6469.253,0.0,3.012599604528405,0.24501459656405264,single_maturity_ea_slope
2025-07-01,SK,PEPP,6469.253,0.0,2.9756906398492116,0.24501459656405264,single_maturity_ea_slope
2025-08-01,SK,PEPP,6469.253,0.0,2.988768262188578,0.24501459656405264,single_maturity_ea_slope
2025-09-01,SK,PEPP,6469.253,0.0,3.0096651892256134,0.24501459656405264,single_maturity_ea_slope
2025-10-01,SK,PEPP,6241.669,0.0,2.9743506935304342,0.24501459656405264,single_maturity_ea_slope
2025-11-01,SK,PEPP,6241.669,0.0,2.950215574741213,0.24501459656405264,single_maturity_ea_slope
2025-12-01,SK,PEPP,6241.669,0.0,3.0379892628175593,0.24501459656405264,single_maturity_ea_slope
2026-01-01,SK,PEPP,6241.669,0.0,2.9656975329060713,0.24501459656405264,single_maturity_ea_slope
2026-02-01,SK,PEPP,6190.107,0.0,2.827102240346237,0.24501459656405264,single_maturity_ea_slope
2026-03-01,SK,PEPP,6190.107,0.0,3.1428154710725233,0.24501459656405264,single_maturity_ea_slope
2026-04-01,SK,PEPP,6190.107,0.0,3.197374827471438,0.24501459656405264,single_maturity_ea_slope
2026-05-01,SK,PEPP,5956.3,0.0,3.1885401992756064,0.24501459656405264,single_maturity_ea_slope
2026-06-01,SK,PEPP,5956.3,0.0,3.316446791520256,0.24501459656405264,single_maturity_ea_slope
2026-07-01,SK,PEPP,5956.3,0.0,3.42248790994974,0.24501459656405264,single_maturity_ea_slope
2026-08-01,SK,PEPP,5956.3,0.0,3.5355554961671904,0.24501459656405264,single_maturity_ea_slope
2015-03-01,SK,PSPP,449.77777777777777,449.77777777777777,0.30553830375398766,0.30553830375398766,single_maturity_ea_slope
2015-04-01,SK,PSPP,913.7777777777777,463.99999999999994,0.7662059622165616,0.5394570953079406,single_maturity_ea_slope
2015-05-01,SK,PSPP,1384.0,470.2222222222223,0.6108240687900863,0.5637044485334095,single_maturity_ea_slope
2015-06-01,SK,PSPP,1869.3333333333333,485.33333333333326,0.7460716410776618,0.6110522788373381,single_maturity_ea_slope
2015-07-01,SK,PSPP,2262.222222222222,392.8888888888889,0.7742817145095868,0.6394009666829703,single_maturity_ea_slope
2015-08-01,SK,PSPP,2638.222222222222,376.0,0.5322604941150078,0.6241312834295174,single_maturity_ea_slope
2015-09-01,SK,PSPP,3053.333333333333,415.11111111111086,0.4279370439018878,0.5974580054500697,single_maturity_ea_slope
2015-10-01,SK,PSPP,3388.4444444444443,335.1111111111113,0.28907567283231395,0.5669595428590691,single_maturity_ea_slope
2015-11-01,SK,PSPP,3862.222222222222,473.7777777777778,0.20162142147935758,0.5221436122042046,single_maturity_ea_slope
2015-12-01,SK,PSPP,4108.444444444444,246.22222222222217,0.21724782808826915,0.5038709743417826,single_maturity_ea_slope
2016-01-01,SK,PSPP,4619.555555555556,511.1111111111113,0.1977833231338305,0.47000520573593835,single_maturity_ea_slope
2016-02-01,SK,PSPP,5112.0,492.44444444444434,0.10447450947073667,0.4347932416025839,single_maturity_ea_slope
2016-03-01,SK,PSPP,5496.888888888889,384.8888888888887,-0.022671453850718504,0.4027618358569048,single_maturity_ea_slope
2016-04-01,SK,PSPP,5789.333333333333,292.44444444444434,-0.05007194645279145,0.37988722901214966,single_maturity_ea_slope
2016-05-01,SK,PSPP,6076.444444444444,287.1111111111113,-0.018694524515444122,0.36105429946425427,single_maturity_ea_slope
2016-06-01,SK,PSPP,6283.555555555556,207.1111111111113,0.39566363141672745,0.3621950512459669,single_maturity_ea_slope
2016-07-01,SK,PSPP,6480.0,196.44444444444434,0.130116851331872,0.35515948441729545,single_maturity_ea_slope
2016-08-01,SK,PSPP,6589.333333333333,109.33333333333303,-0.04431811510306599,0.3485311632597338,single_maturity_ea_slope
2016-09-01,SK,PSPP,6707.555555555555,118.22222222222172,-0.06350002662855558,0.34126901798340964,single_maturity_ea_slope
2016-10-01,SK,PSPP,6853.333333333333,145.77777777777828,0.014208825202440822,0.3343120955948131,single_maturity_ea_slope
2016-11-01,SK,PSPP,7057.777777777777,204.44444444444434,0.2230329659581723,0.331088644736321,single_maturity_ea_slope
2016-12-01,SK,PSPP,7249.777777777777,192.0,0.4160870700130296,0.3333397065141249,single_maturity_ea_slope
2017-01-01,SK,PSPP,7546.666666666666,296.8888888888887,0.43011721183221596,0.33714697232993673,single_maturity_ea_slope
2017-02-01,SK,PSPP,7814.222222222222,267.55555555555566,0.4618336425686831,0.3414161894544803,single_maturity_ea_slope
2017-03-01,SK,PSPP,8075.555555555555,261.33333333333303,0.4932168734833795,0.3463286166536544,single_maturity_ea_slope
2017-04-01,SK,PSPP,8282.666666666666,207.1111111111113,0.5019465333115463,0.35021989960936256,single_maturity_ea_slope
2017-05-01,SK,PSPP,8470.222222222223,187.55555555555657,0.47219109678009896,0.35292069954671434,single_maturity_ea_slope
2017-06-01,SK,PSPP,8680.888888888889,210.66666666666606,0.3299962991390252,0.35236437322103115,single_maturity_ea_slope
2017-07-01,SK,PSPP,8876.444444444443,195.55555555555475,0.36782530997695495,0.3527049906941238,single_maturity_ea_slope
2017-08-01,SK,PSPP,8929.777777777777,53.33333333333394,0.2769384882242487,0.3522524732595038,single_maturity_ea_slope
2017-09-01,SK,PSPP,9088.0,158.22222222222263,0.2494827488571496,0.3504632507493689,single_maturity_ea_slope
2017-10-01,SK,PSPP,9290.666666666666,202.66666666666606,0.2848442591911893,0.34903183761549356,single_maturity_ea_slope
2017-11-01,SK,PSPP,9412.444444444443,121.77777777777737,0.22975408201265968,0.3474886274429005,single_maturity_ea_slope
2017-12-01,SK,PSPP,9584.888888888889,172.44444444444525,0.17744830382013166,0.3444293839315569,single_maturity_ea_slope
2018-01-01,SK,PSPP,9751.111111111111,166.22222222222263,0.21831160891148627,0.342279518486821,single_maturity_ea_slope
2018-02-01,SK,PSPP,9876.444444444443,125.33333333333212,0.2902231426170139,0.341618916471013,single_maturity_ea_slope
2018-03-01,SK,PSPP,9998.22222222222,121.77777777777737,0.34840363693876175,0.3417015539802663,single_maturity_ea_slope
2018-04-01,SK,PSPP,10149.333333333332,151.1111111111113,0.3200423587967903,0.34137907515900245,single_maturity_ea_slope
2018-05-01,SK,PSPP,10267.555555555555,118.22222222222263,0.31272956275398356,0.3410492002434222,single_maturity_ea_slope
2018-06-01,SK,PSPP,10432.0,164.44444444444525,0.571471809367968,0.3446814584820079,single_maturity_ea_slope
2018-07-01,SK,PSPP,10567.111111111111,135.1111111111113,0.5267967306287569,0.34700998484189227,single_maturity_ea_slope
2018-08-01,SK,PSPP,10681.777777777777,114.66666666666606,0.5099232878184059,0.34875882532487223,single_maturity_ea_slope
2018-09-01,SK,PSPP,10890.666666666666,208.8888888888887,0.572620029116695,0.3530526045357013,single_maturity_ea_slope
2018-10-01,SK,PSPP,10965.333333333332,74.66666666666606,0.64804362331977,0.3550612982433749,single_maturity_ea_slope
2018-11-01,SK,PSPP,10372.444444444443,0.0,0.6556365674876642,0.3550612982433749,single_maturity_ea_slope
2018-12-01,SK,PSPP,10386.666666666666,14.222222222222626,0.610658564179297,0.3554112816627138,single_maturity_ea_slope
2019-01-01,SK,PSPP,10463.111111111111,76.44444444444525,0.5363336570204894,0.35673311704464983,single_maturity_ea_slope
2019-02-01,SK,PSPP,10530.666666666666,67.55555555555475,0.45564583915264667,0.35736765463899506,single_maturity_ea_slope
2019-03-01,SK,PSPP,10599.111111111111,68.44444444444525,0.36853095720572904,0.3574397423861972,single_maturity_ea_slope
2019-04-01,SK,PSPP,10670.22222222222,71.1111111111095,0.2625283746304253,0.35680721077836136,single_maturity_ea_slope
2019-05-01,SK,PSPP,10597.333333333332,0.0,0.1491935269851215,0.35680721077836136,single_maturity_ea_slope
2019-06-01,SK,PSPP,10658.666666666666,61.33333333333394,-0.014647564573743194,0.3546697427190422,single_maturity_ea_slope
2019-07-01,SK,PSPP,10736.0,77.33333333333394,-0.2341138572828151,0.35042862885911824,single_maturity_ea_slope
2019-08-01,SK,PSPP,10793.777777777777,57.777777777777374,-0.5316422721662625,0.3457070107609012,single_maturity_ea_slope
2019-09-01,SK,PSPP,10861.333333333332,67.55555555555475,-0.5244923742640699,0.34029452583890296,single_maturity_ea_slope
2019-10-01,SK,PSPP,10960.0,98.66666666666788,-0.3903224215888129,0.33371719565524705,single_maturity_ea_slope
2019-11-01,SK,PSPP,11046.22222222222,86.22222222222081,-0.11813842686106533,0.3301901983603181,single_maturity_ea_slope
2019-12-01,SK,PSPP,11130.666666666666,84.44444444444525,-0.09773902419852998,0.3269436501936442,single_maturity_ea_slope
2020-01-01,SK,PSPP,11255.111111111111,124.44444444444525,-0.07663730295925858,0.322481374609897,single_maturity_ea_slope
2020-02-01,SK,PSPP,11318.22222222222,63.111111111109494,-0.19312830066165068,0.3196063029893615,single_maturity_ea_slope
2020-03-01,SK,PSPP,11426.666666666666,108.44444444444525,-0.14352691298470066,0.3152109508035322,single_maturity_ea_slope
2020-04-01,SK,PSPP,10921.777777777777,0.0,0.5253740417574275,0.3152109508035322,single_maturity_ea_slope
2020-05-01,SK,PSPP,11039.111111111111,117.33333333333394,0.3755515251738204,0.3158523032326229,single_maturity_ea_slope
2020-06-01,SK,PSPP,11162.666666666666,123.55555555555475,-0.1471218694694567,0.3107278080896393,single_maturity_ea_slope
2020-07-01,SK,PSPP,11495.111111111111,332.44444444444525,-0.3319440103233887,0.2921414130937784,single_maturity_ea_slope
2020-08-01,SK,PSPP,11718.22222222222,223.1111111111095,-0.39756916086437566,0.2790095497801551,single_maturity_ea_slope
2020-09-01,SK,PSPP,12024.0,305.7777777777792,-0.45139549811626534,0.26043489638499207,single_maturity_ea_slope
2020-10-01,SK,PSPP,12342.22222222222,318.2222222222208,-0.5185576034834025,0.2403499619267361,single_maturity_ea_slope
2020-11-01,SK,PSPP,12674.666666666666,332.44444444444525,-0.5579604232319395,0.21941104025976468,single_maturity_ea_slope
2020-12-01,SK,PSPP,12990.22222222222,315.55555555555475,-0.6768747411003764,0.1976386677140654,single_maturity_ea_slope
2021-01-01,SK,PSPP,13230.22222222222,240.0,-0.5922415159811691,0.18331001616893552,single_maturity_ea_slope
2021-02-01,SK,PSPP,13448.888888888889,218.66666666666788,-0.4004504905407472,0.17381860277497763,single_maturity_ea_slope
2021-03-01,SK,PSPP,13502.22222222222,53.33333333333212,-0.3095858722138259,0.17190917101070327,single_maturity_ea_slope
2021-04-01,SK,PSPP,13772.444444444443,270.2222222222226,-0.3359935994705449,0.16194386558755236,single_maturity_ea_slope
2021-05-01,SK,PSPP,13968.888888888889,196.44444444444525,-0.24271912923737035,0.15625309105008445,single_maturity_ea_slope
2021-06-01,SK,PSPP,14224.888888888889,256.0,-0.2659892118808756,0.14865415439794946,single_maturity_ea_slope
2021-07-01,SK,PSPP,14423.11111111111,198.2222222222208,-0.3828515917718557,0.14134947170376322,single_maturity_ea_slope
2021-08-01,SK,PSPP,14570.666666666666,147.55555555555657,-0.47469346342752117,0.13511087194584512,single_maturity_ea_slope
2021-09-01,SK,PSPP,14797.333333333332,226.66666666666606,-0.3358612043858391,0.12789648620279356,single_maturity_ea_slope
2021-10-01,SK,PSPP,14916.444444444443,119.11111111111131,-0.13930422258978295,0.12576282938983813,single_maturity_ea_slope
2021-11-01,SK,PSPP,15032.0,115.55555555555657,-0.21478921340731258,0.12314490226763188,single_maturity_ea_slope
2021-12-01,SK,PSPP,15140.444444444443,108.44444444444343,-0.21283479216947454,0.12073842526878689,single_maturity_ea_slope
2022-01-01,SK,PSPP,15295.11111111111,154.66666666666606,0.03234084769189699,0.11984453449768333,single_maturity_ea_slope
2022-02-01,SK,PSPP,15396.444444444443,101.33333333333394,0.5310511522768624,0.12255093449923213,single_maturity_ea_slope
2022-03-01,SK,PSPP,15523.555555555555,127.11111111111131,0.7872658264413349,0.12799380151410392,single_maturity_ea_slope
2022-04-01,SK,PSPP,15821.333333333332,297.7777777777774,1.3759324199653893,0.15148160628859575,single_maturity_ea_slope
2022-05-01,SK,PSPP,16018.666666666666,197.33333333333394,1.6823236772723347,0.17033999038261888,single_maturity_ea_slope
2022-06-01,SK,PSPP,16151.11111111111,132.44444444444343,2.200048992351883,0.18698427443839313,single_maturity_ea_slope
2022-07-01,SK,PSPP,16214.22222222222,63.11111111111131,1.847822814200696,0.19344880688305757,single_maturity_ea_slope
2022-08-01,SK,PSPP,16293.333333333332,79.11111111111131,1.785533148856663,0.20117905818887594,single_maturity_ea_slope
2022-09-01,SK,PSPP,16369.777777777777,76.44444444444525,2.732842607113061,0.21300155304158458,single_maturity_ea_slope
2022-10-01,SK,PSPP,16437.333333333332,67.55555555555475,3.320165746800668,0.22577164165967278,single_maturity_ea_slope
2022-11-01,SK,PSPP,16504.888888888887,67.55555555555475,3.2501913743278767,0.23815078317641022,single_maturity_ea_slope
2022-12-01,SK,PSPP,16572.444444444445,67.55555555555839,3.1447745884202485,0.24999928184614528,single_maturity_ea_slope
2023-01-01,SK,PSPP,16732.444444444445,160.0,3.2283321198628716,0.2784788776197859,single_maturity_ea_slope
2023-02-01,SK,PSPP,16007.11111111111,0.0,3.399077321882984,0.2784788776197859,single_maturity_ea_slope
2023-03-01,SK,PSPP,16117.333333333332,110.22222222222263,3.5621024024952717,0.3009347190649967,single_maturity_ea_slope
2023-04-01,SK,PSPP,16173.333333333332,56.0,3.594949988373217,0.31234021299005404,single_maturity_ea_slope
2023-05-01,SK,PSPP,16259.555555555555,86.22222222222263,3.4922442298321386,0.32920281356045006,single_maturity_ea_slope
2023-06-01,SK,PSPP,16292.444444444443,32.88888888888869,3.6034019411342895,0.33581230495224623,single_maturity_ea_slope
2023-07-01,SK,PSPP,16292.444444444443,0.0,3.704906319311589,0.33581230495224623,single_maturity_ea_slope
2023-08-01,SK,PSPP,16292.444444444443,0.0,3.7287655271992173,0.33581230495224623,single_maturity_ea_slope
2023-09-01,SK,PSPP,16292.444444444443,0.0,3.835796863275714,0.33581230495224623,single_maturity_ea_slope
2023-10-01,SK,PSPP,16292.444444444443,0.0,4.0001206580896636,0.33581230495224623,single_maturity_ea_slope
2023-11-01,SK,PSPP,15858.666666666666,0.0,3.7581565734109543,0.33581230495224623,single_maturity_ea_slope
2023-12-01,SK,PSPP,15858.666666666666,0.0,3.1917980641619215,0.33581230495224623,single_maturity_ea_slope
2024-01-01,SK,PSPP,15858.666666666666,0.0,3.21255382476375,0.33581230495224623,single_maturity_ea_slope
2024-02-01,SK,PSPP,15858.666666666666,0.0,3.392825087757899,0.33581230495224623,single_maturity_ea_slope
2024-03-01,SK,PSPP,15858.666666666666,0.0,3.447679599373112,0.33581230495224623,single_maturity_ea_slope
2024-04-01,SK,PSPP,15858.666666666666,0.0,3.585474225985417,0.33581230495224623,single_maturity_ea_slope
2024-05-01,SK,PSPP,15858.666666666666,0.0,3.6326022147015,0.33581230495224623,single_maturity_ea_slope
2024-06-01,SK,PSPP,15309.333333333332,0.0,3.6212940800091933,0.33581230495224623,single_maturity_ea_slope
2024-07-01,SK,PSPP,15309.333333333332,0.0,3.489227821707869,0.33581230495224623,single_maturity_ea_slope
2024-08-01,SK,PSPP,15309.333333333332,0.0,3.1771658698563634,0.33581230495224623,single_maturity_ea_slope
2024-09-01,SK,PSPP,15309.333333333332,0.0,3.1000580746066198,0.33581230495224623,single_maturity_ea_slope
2024-10-01,SK,PSPP,15309.333333333332,0.0,3.0399119747311363,0.33581230495224623,single_maturity_ea_slope
2024-11-01,SK,PSPP,14442.666666666666,0.0,3.076003241007172,0.33581230495224623,single_maturity_ea_slope
2024-12-01,SK,PSPP,14442.666666666666,0.0,2.9585651467606047,0.33581230495224623,single_maturity_ea_slope
2025-01-01,SK,PSPP,14442.666666666666,0.0,3.141760622472387,0.33581230495224623,single_maturity_ea_slope
2025-02-01,SK,PSPP,14442.666666666666,0.0,2.9229385365937626,0.33581230495224623,single_maturity_ea_slope
2025-03-01,SK,PSPP,14442.666666666666,0.0,3.094569253463095,0.33581230495224623,single_maturity_ea_slope
2025-04-01,SK,PSPP,14442.666666666666,0.0,2.9760756721330814,0.33581230495224623,single_maturity_ea_slope
2025-05-01,SK,PSPP,13600.0,0.0,3.0109023847277028,0.33581230495224623,single_maturity_ea_slope
2025-06-01,SK,PSPP,13600.0,0.0,2.979419899185298,0.33581230495224623,single_maturity_ea_slope
2025-07-01,SK,PSPP,13600.0,0.0,2.9400714251791404,0.33581230495224623,single_maturity_ea_slope
2025-08-01,SK,PSPP,13600.0,0.0,2.9537119493541315,0.33581230495224623,single_maturity_ea_slope
2025-09-01,SK,PSPP,13600.0,0.0,2.975099858931977,0.33581230495224623,single_maturity_ea_slope
2025-10-01,SK,PSPP,12733.333333333332,0.0,2.9631188305652167,0.33581230495224623,single_maturity_ea_slope
2025-11-01,SK,PSPP,12733.333333333332,0.0,2.9390503479378878,0.33581230495224623,single_maturity_ea_slope
2025-12-01,SK,PSPP,12733.333333333332,0.0,3.0256920916059524,0.33581230495224623,single_maturity_ea_slope
2026-01-01,SK,PSPP,12733.333333333332,0.0,2.9539468725335714,0.33581230495224623,single_maturity_ea_slope
2026-02-01,SK,PSPP,12733.333333333332,0.0,2.808881903147575,0.33581230495224623,single_maturity_ea_slope
2026-03-01,SK,PSPP,12733.333333333332,0.0,3.129008361401023,0.33581230495224623,single_maturity_ea_slope
2026-04-01,SK,PSPP,12733.333333333332,0.0,3.183956863506813,0.33581230495224623,single_maturity_ea_slope
2026-05-01,SK,PSPP,12088.888888888889,0.0,3.1829939044475437,0.33581230495224623,single_maturity_ea_slope
2026-06-01,SK,PSPP,12088.888888888889,0.0,3.311319986022699,0.33581230495224623,single_maturity_ea_slope
2026-07-01,SK,PSPP,12088.888888888889,0.0,3.417483726200718,0.33581230495224623,single_maturity_ea_slope
2026-08-01,SK,PSPP,12088.888888888889,0.0,3.5305036209427265,0.33581230495224623,single_maturity_ea_slope
