month,ncb,programme,stock_eur_m,gross_purchases_eur_m,purchase_yield_pct,portfolio_yield_pct,yield_method
2020-03-01,AT,PEPP,309.372,309.372,-0.15394074822663562,-0.15394074822663562,single_maturity_ea_slope
2020-04-01,AT,PEPP,1793.113,1487.224918918919,-0.08313742104743416,-0.09521579752733358,single_maturity_ea_slope
2020-05-01,AT,PEPP,4368.546,2592.166044046286,-0.15553949736111172,-0.13101009758972512,single_maturity_ea_slope
2020-06-01,AT,PEPP,6947.535,2620.2172559456394,-0.194022639821423,-0.15477486458931536,single_maturity_ea_slope
2020-07-01,AT,PEPP,8939.784,2050.0872867132866,-0.24810879469007435,-0.17617836869171344,single_maturity_ea_slope
2020-08-01,AT,PEPP,10347.071,1475.5713263061414,-0.24411211546778477,-0.18586623966808088,single_maturity_ea_slope
2020-09-01,AT,PEPP,12102.846,1834.6639219274166,-0.28054253695812514,-0.2002181687019394,single_maturity_ea_slope
2020-10-01,AT,PEPP,13859.51,1849.5342117863727,-0.36588350325388497,-0.2223259996397473,single_maturity_ea_slope
2020-11-01,AT,PEPP,15617.063,1863.221725221104,-0.3779323476042934,-0.2408908942111438,single_maturity_ea_slope
2020-12-01,AT,PEPP,17023.461,1531.4145145693235,-0.4082537956474356,-0.2559467031597455,single_maturity_ea_slope
2021-01-01,AT,PEPP,18395.188000000002,1513.1648614157552,-0.39839571067083074,-0.2676643780597967,single_maturity_ea_slope
2021-02-01,AT,PEPP,19802.475,1561.816469086018,-0.20139663988523684,-0.26243785739255143,single_maturity_ea_slope
2021-03-01,AT,PEPP,21536.025,1903.3243055555583,-0.10745313624236003,-0.24874052063913893,single_maturity_ea_slope
2021-04-01,AT,PEPP,23577.169,2227.7000031185034,-0.0683603390713704,-0.23169721357199133,single_maturity_ea_slope
2021-05-01,AT,PEPP,25540.97,2171.9327884887,0.03574454489258082,-0.2089547130240372,single_maturity_ea_slope
2021-06-01,AT,PEPP,27430.095,2118.233091137424,-0.029900996418152945,-0.19512765527576012,single_maturity_ea_slope
2021-07-01,AT,PEPP,29530.802,2353.5655453539807,-0.19164404573439445,-0.1948500162400839,single_maturity_ea_slope
2021-08-01,AT,PEPP,31106.11,1853.0619691497375,-0.2918700304540769,-0.20062971992486858,single_maturity_ea_slope
2021-09-01,AT,PEPP,32823.658,2022.5098627451005,-0.1757775312653379,-0.1990983916166495,single_maturity_ea_slope
2021-10-01,AT,PEPP,34405.189,1907.9396913285555,-0.027028454254063528,-0.18955625356362218,single_maturity_ea_slope
2021-11-01,AT,PEPP,35854.259,1792.4351596806384,-0.10445834165721213,-0.18530201728679788,single_maturity_ea_slope
2021-12-01,AT,PEPP,36290.758,800.4277352821796,-0.13255034664404525,-0.18413852821707577,single_maturity_ea_slope
2022-01-01,AT,PEPP,37578.919,1656.5202976045473,0.08667262186884153,-0.17220087330648737,single_maturity_ea_slope
2022-02-01,AT,PEPP,38396.799,1206.4130748552498,0.4616662367009088,-0.1522850056000769,single_maturity_ea_slope
2022-03-01,AT,PEPP,39097.331,1106.0748707224327,0.6266185424222583,-0.13024959757736435,single_maturity_ea_slope
2022-04-01,AT,PEPP,39149.782,467.49697664543623,1.2183860948508358,-0.11414521393593544,single_maturity_ea_slope
2022-05-01,AT,PEPP,39364.031,633.0528296961951,1.4524603716442677,-0.08895104368011454,single_maturity_ea_slope
2022-06-01,AT,PEPP,39522.273,584.2596515151499,1.9793780621279435,-0.058374835611867605,single_maturity_ea_slope
2022-07-01,AT,PEPP,39491.158,399.4108496732046,1.547276633857493,-0.0421353873358817,single_maturity_ea_slope
2022-08-01,AT,PEPP,39628.064,571.6391351827343,1.5476960088403662,-0.01920189645435518,single_maturity_ea_slope
2022-09-01,AT,PEPP,39221.791,25.970280977311347,2.3910348988114576,-0.017605984457503547,single_maturity_ea_slope
2022-10-01,AT,PEPP,39079.551,287.82349780701963,2.798750570163157,0.003136669280320748,single_maturity_ea_slope
2022-11-01,AT,PEPP,38625.272,0.0,2.6464404559724315,0.003136669280320748,single_maturity_ea_slope
2022-12-01,AT,PEPP,38713.283,513.7745802469194,2.711141138617817,0.03907533817442239,single_maturity_ea_slope
2023-01-01,AT,PEPP,39148.004,867.7554854586108,2.7873873518605583,0.0999944804537566,single_maturity_ea_slope
2023-02-01,AT,PEPP,39531.163,826.4108568840576,3.036150381804388,0.16137570301936535,single_maturity_ea_slope
2023-03-01,AT,PEPP,40099.234000000004,1022.4521839080495,3.037390563570732,0.2347084673091458,single_maturity_ea_slope
2023-04-01,AT,PEPP,39357.808,0.0,2.9777142361011135,0.2347084673091458,single_maturity_ea_slope
2023-05-01,AT,PEPP,39725.854,818.570358974361,2.9543649243952865,0.290748298759061,single_maturity_ea_slope
2023-06-01,AT,PEPP,39967.662000000004,702.8787288765134,3.011977574059545,0.33860434232760295,single_maturity_ea_slope
2023-07-01,AT,PEPP,38811.962,0.0,3.114334537164587,0.33860434232760295,single_maturity_ea_slope
2023-08-01,AT,PEPP,39070.661,703.5862306281527,3.120546157632217,0.38870167637723707,single_maturity_ea_slope
2023-09-01,AT,PEPP,39229.792,612.5973532961943,3.2310031256171428,0.4330859633261535,single_maturity_ea_slope
2023-10-01,AT,PEPP,38158.547,0.0,3.395636333919621,0.4330859633261535,single_maturity_ea_slope
2023-11-01,AT,PEPP,38394.132,676.011442751615,3.122611839039121,0.4804408629644244,single_maturity_ea_slope
2023-12-01,AT,PEPP,38531.927,587.7965471167424,2.5680343793593687,0.5122866686704367,single_maturity_ea_slope
2024-01-01,AT,PEPP,38673.278,598.7575408357027,2.6159666532520305,0.5448568132098617,single_maturity_ea_slope
2024-02-01,AT,PEPP,39027.1,820.8905748792271,2.782907347864524,0.5919316558192647,single_maturity_ea_slope
2024-03-01,AT,PEPP,39448.486,903.9169099901073,2.7734750446436998,0.6419192259134764,single_maturity_ea_slope
2024-04-01,AT,PEPP,39660.068,705.9239298245634,2.888964482913572,0.6819151991507173,single_maturity_ea_slope
2024-05-01,AT,PEPP,40173.021,1021.4154102564116,2.9439443774704546,0.7394282117067167,single_maturity_ea_slope
2024-06-01,AT,PEPP,40517.064,869.5927252747232,2.9592710495539247,0.7870713277786298,single_maturity_ea_slope
2024-07-01,AT,PEPP,38282.118,0.0,2.869857741861543,0.7870713277786298,single_maturity_ea_slope
2024-08-01,AT,PEPP,38337.236,535.5662680722842,2.596558767723364,0.8123496351489075,single_maturity_ea_slope
2024-09-01,AT,PEPP,38511.48,663.4889719244572,2.4939999738131196,0.8413216833365318,single_maturity_ea_slope
2024-10-01,AT,PEPP,36515.675,0.0,2.5550318817662387,0.8413216833365318,single_maturity_ea_slope
2024-11-01,AT,PEPP,36720.145000000004,654.6139225838276,2.594153052726666,0.8725695942133668,single_maturity_ea_slope
2024-12-01,AT,PEPP,36809.934,548.5614262868537,2.437133185226368,0.8958855619899613,single_maturity_ea_slope
2025-01-01,AT,PEPP,36552.124,204.85885369532662,2.702638206777046,0.9060116295126608,single_maturity_ea_slope
2025-02-01,AT,PEPP,36552.124,464.330843495935,2.6459838261757,0.9281149348564495,single_maturity_ea_slope
2025-03-01,AT,PEPP,36552.124,470.78985059247816,2.850626327672857,0.9528768023579489,single_maturity_ea_slope
2025-04-01,AT,PEPP,34989.262,0.0,2.6525101896933,0.9528768023579489,single_maturity_ea_slope
2025-05-01,AT,PEPP,34989.262,439.784590246355,2.6348310592699526,0.9740175044307495,single_maturity_ea_slope
2025-06-01,AT,PEPP,34989.262,445.15600508905857,2.6122655976245244,0.9948603554891945,single_maturity_ea_slope
2025-07-01,AT,PEPP,34989.262,451.3578689370486,2.648677144461608,1.0161944213944114,single_maturity_ea_slope
2025-08-01,AT,PEPP,34989.262,457.0175287356322,2.6442633383123333,1.0374596893792327,single_maturity_ea_slope
2025-09-01,AT,PEPP,34908.363,381.18845377706856,2.6385204933200903,1.0549427748008344,single_maturity_ea_slope
2025-10-01,AT,PEPP,32925.004,0.0,2.6088519768826086,1.0549427748008344,single_maturity_ea_slope
2025-11-01,AT,PEPP,32925.004,416.9833333333333,2.6393982603017,1.0750093336344322,single_maturity_ea_slope
2025-12-01,AT,PEPP,32925.004,422.11543589743593,2.76108487072619,1.09662568667407,single_maturity_ea_slope
2026-01-01,AT,PEPP,32925.004,428.0421736869475,2.7231550396069046,1.1177714140912935,single_maturity_ea_slope
2026-02-01,AT,PEPP,32925.004,433.45186940494995,2.7006155605948248,1.1386092780526356,single_maturity_ea_slope
2026-03-01,AT,PEPP,31370.143,0.0,2.9705714784628188,1.1386092780526356,single_maturity_ea_slope
2026-04-01,AT,PEPP,31370.143,400.3336268504339,3.0288283833042504,1.1627315228873933,single_maturity_ea_slope
2026-05-01,AT,PEPP,31370.143,405.92835144927534,3.0329460479588,1.1869320214002221,single_maturity_ea_slope
2026-06-01,AT,PEPP,31370.143,411.0343684486373,2.953379888145091,1.2100773026730849,single_maturity_ea_slope
2026-07-01,AT,PEPP,30636.718,0.0,3.078787788437609,1.2100773026730849,single_maturity_ea_slope
2026-08-01,AT,PEPP,30636.718,400.7943223443224,3.159780582224024,1.2355836250115326,single_maturity_ea_slope
2015-03-01,AT,PSPP,1080.888888888889,1080.888888888889,0.20885779734735382,0.20885779734735382,single_maturity_ea_slope
2015-04-01,AT,PSPP,2152.0,1082.3985890652557,0.1632136214622199,0.1858999945698839,single_maturity_ea_slope
2015-05-01,AT,PSPP,3320.0,1190.9033631332481,0.5054917166947168,0.3005394092409712,single_maturity_ea_slope
2015-06-01,AT,PSPP,4484.444444444444,1200.2357337933015,0.7708276348907063,0.4264093448817922,single_maturity_ea_slope
2015-07-01,AT,PSPP,5696.0,1258.7403666292557,0.7958688482023735,0.5080549893102352,single_maturity_ea_slope
2015-08-01,AT,PSPP,6641.777777777777,1005.6348605856798,0.693307865004047,0.5361042189072804,single_maturity_ea_slope
2015-09-01,AT,PSPP,7778.666666666666,1205.9015424401955,0.7104083253371832,0.5631260209467233,single_maturity_ea_slope
2015-10-01,AT,PSPP,8955.555555555555,1256.9163237311384,0.5943537956124568,0.5675088534229071,single_maturity_ea_slope
2015-11-01,AT,PSPP,10209.777777777777,1344.7921610931323,0.5779649323110528,0.568886087406898,single_maturity_ea_slope
2015-12-01,AT,PSPP,11236.444444444443,1126.64490577534,0.6578303918823348,0.5778042686011748,single_maturity_ea_slope
2016-01-01,AT,PSPP,12434.666666666666,1310.2282473861426,0.5445493419834755,0.5743002306251457,single_maturity_ea_slope
2016-02-01,AT,PSPP,13642.666666666666,1331.0667722354183,0.33938213485764224,0.5513801022431377,single_maturity_ea_slope
2016-03-01,AT,PSPP,14845.333333333332,1337.6891000263915,0.2705073751833159,0.526071112741435,single_maturity_ea_slope
2016-04-01,AT,PSPP,16676.444444444445,1973.7998205818294,0.23162035942756803,0.49122034787982144,single_maturity_ea_slope
2016-05-01,AT,PSPP,18578.666666666664,2062.1420960661435,0.22312814093263805,0.46146341023235504,single_maturity_ea_slope
2016-06-01,AT,PSPP,20222.222222222223,1817.3178700586136,0.22638594605456733,0.4403376174384802,single_maturity_ea_slope
2016-07-01,AT,PSPP,21891.555555555555,1854.5185185185173,0.07992675818078662,0.4098058166684366,single_maturity_ea_slope
2016-08-01,AT,PSPP,23095.11111111111,1401.4184944163244,0.04153744819132785,0.3874591780223011,single_maturity_ea_slope
2016-09-01,AT,PSPP,24769.777777777777,1881.6121067303875,0.08362550655240567,0.3643787483228875,single_maturity_ea_slope
2016-10-01,AT,PSPP,26511.11111111111,1961.6266255583212,0.17946193774170172,0.3506962686399688,single_maturity_ea_slope
2016-11-01,AT,PSPP,28182.22222222222,1908.4107093129633,0.41351363688844833,0.3549500615932344,single_maturity_ea_slope
2016-12-01,AT,PSPP,29511.11111111111,1583.332932065328,0.43036718678968783,0.3589963483465745,single_maturity_ea_slope
2017-01-01,AT,PSPP,31262.22222222222,2016.9769769769753,0.46622352571508846,0.3659144345440677,single_maturity_ea_slope
2017-02-01,AT,PSPP,32940.444444444445,1958.3496614894505,0.48714319228604247,0.37312163228200906,single_maturity_ea_slope
2017-03-01,AT,PSPP,34680.88888888889,2035.2926761347821,0.49456123239883115,0.3802484717786083,single_maturity_ea_slope
2017-04-01,AT,PSPP,36069.33333333333,1697.8742168292424,0.4017904422863166,0.38126250649798393,single_maturity_ea_slope
2017-05-01,AT,PSPP,37397.33333333333,1651.2019115890084,0.5553086625031389,0.38894715457005047,single_maturity_ea_slope
2017-06-01,AT,PSPP,38723.555555555555,1663.865173949685,0.45223091060706555,0.39166631700841836,single_maturity_ea_slope
2017-07-01,AT,PSPP,40078.22222222222,1706.5710246778926,0.6145958114330229,0.4011588791690268,single_maturity_ea_slope
2017-08-01,AT,PSPP,41165.33333333333,1452.1222424610387,0.49068233286329266,0.4043168518563537,single_maturity_ea_slope
2017-09-01,AT,PSPP,42468.444444444445,1678.8443470853165,0.47003129183659276,0.40691464693752327,single_maturity_ea_slope
2017-10-01,AT,PSPP,43758.22222222222,1676.9809546964866,0.48611625906552924,0.40994995295259423,single_maturity_ea_slope
2017-11-01,AT,PSPP,45043.555555555555,1684.2959721209197,0.39642443837299834,0.40944419870104143,single_maturity_ea_slope
2017-12-01,AT,PSPP,46187.555555555555,1557.3953336596508,0.3862867638358759,0.4086633545848128,single_maturity_ea_slope
2018-01-01,AT,PSPP,46675.555555555555,917.0928609769189,0.5441315793755934,0.41132506777421385,single_maturity_ea_slope
2018-02-01,AT,PSPP,47194.666666666664,955.6576464230768,0.7046018021334349,0.41726370816525477,single_maturity_ea_slope
2018-03-01,AT,PSPP,47685.33333333333,936.5724363819577,0.6766848678262241,0.42235891649386814,single_maturity_ea_slope
2018-04-01,AT,PSPP,48246.22222222222,1015.0349206349222,0.6195368002763172,0.4265072710882284,single_maturity_ea_slope
2018-05-01,AT,PSPP,48758.22222222222,976.2631083739628,0.6026762386618083,0.430034620036649,single_maturity_ea_slope
2018-06-01,AT,PSPP,49319.11111111111,1035.0061800423543,0.5367254689399218,0.43227362405519415,single_maturity_ea_slope
2018-07-01,AT,PSPP,49896.0,1060.9791039567262,0.42777015058061196,0.4321778630472625,single_maturity_ea_slope
2018-08-01,AT,PSPP,50403.555555555555,1001.9669705377189,0.42237204330345346,0.431982934189684,single_maturity_ea_slope
2018-09-01,AT,PSPP,50941.33333333333,1042.6210826210786,0.4830279581287884,0.43302767751773075,single_maturity_ea_slope
2018-10-01,AT,PSPP,51193.777777777774,768.8813192754806,0.49433472288453495,0.433948450392261,single_maturity_ea_slope
2018-11-01,AT,PSPP,51394.666666666664,725.630358525809,0.4145927213388704,0.4336751709739191,single_maturity_ea_slope
2018-12-01,AT,PSPP,51723.555555555555,859.606223323697,0.32540417849498526,0.43187578928136783,single_maturity_ea_slope
2019-01-01,AT,PSPP,51978.666666666664,793.8981481481466,0.24740783234975208,0.4290583109043283,single_maturity_ea_slope
2019-02-01,AT,PSPP,52118.22222222222,685.7794591565075,0.252947887952399,0.42674102329446223,single_maturity_ea_slope
2019-03-01,AT,PSPP,51876.44444444444,306.60419004863127,0.1888636836386271,0.42533510217097037,single_maturity_ea_slope
2019-04-01,AT,PSPP,52112.0,786.2609105921273,0.12272511376915227,0.4207693513835301,single_maturity_ea_slope
2019-05-01,AT,PSPP,52291.555555555555,739.1775486827025,0.03725990898419426,0.4153481783754287,single_maturity_ea_slope
2019-06-01,AT,PSPP,51833.777777777774,101.60985118622784,-0.14270174252425474,0.41425423207538853,single_maturity_ea_slope
2019-07-01,AT,PSPP,51917.33333333333,641.6280983826196,-0.27105645712867726,0.40578471782872805,single_maturity_ea_slope
2019-08-01,AT,PSPP,51981.33333333333,628.8099796924862,-0.5042193977423453,0.3947765417636215,single_maturity_ea_slope
2019-09-01,AT,PSPP,52105.777777777774,694.4152046783634,-0.4337924705290924,0.38373417861696135,single_maturity_ea_slope
2019-10-01,AT,PSPP,51755.555555555555,215.89878796658786,-0.3262171370283977,0.38077261001011714,single_maturity_ea_slope
2019-11-01,AT,PSPP,52332.44444444444,1139.9388840537608,-0.22064350000460864,0.367672178402533,single_maturity_ea_slope
2019-12-01,AT,PSPP,52956.44444444444,1195.5644871608174,-0.18877091830356524,0.35510971102907635,single_maturity_ea_slope
2020-01-01,AT,PSPP,53633.777777777774,1257.9961013645247,-0.2242014938404105,0.3415217955885094,single_maturity_ea_slope
2020-02-01,AT,PSPP,54157.33333333333,1111.6452241715392,-0.38434226139341765,0.32662255179865507,single_maturity_ea_slope
2020-03-01,AT,PSPP,55066.666666666664,1503.9461279461302,-0.206155971493172,0.3120716402279965,single_maturity_ea_slope
2020-04-01,AT,PSPP,56209.777777777774,1746.1188494670737,-0.07272324473206448,0.30011824655930797,single_maturity_ea_slope
2020-05-01,AT,PSPP,57472.88888888888,1875.4180585814556,-0.22508955027907712,0.2829800061516831,single_maturity_ea_slope
2020-06-01,AT,PSPP,58312.0,1461.1120731120786,-0.2549872406745922,0.26950026888874007,single_maturity_ea_slope
2020-07-01,AT,PSPP,57712.0,15.885086607520066,-0.35265216406323596,0.2693290229558228,single_maturity_ea_slope
2020-08-01,AT,PSPP,58048.88888888888,947.9858816885444,-0.3841163181230065,0.25865772554333333,single_maturity_ea_slope
2020-09-01,AT,PSPP,58739.555555555555,1307.6829176114938,-0.4262780805078237,0.24340941723111895,single_maturity_ea_slope
2020-10-01,AT,PSPP,59311.11111111111,1199.1149097815755,-0.5015762125286118,0.22834776420384062,single_maturity_ea_slope
2020-11-01,AT,PSPP,60070.22222222222,1394.4057888222396,-0.5107442991217147,0.21119127279348468,single_maturity_ea_slope
2020-12-01,AT,PSPP,60588.44444444444,1168.3328523328491,-0.5167922661272436,0.19715349558567913,single_maturity_ea_slope
2021-01-01,AT,PSPP,61134.22222222222,1204.920994101154,-0.49815819897461816,0.18344929476712005,single_maturity_ea_slope
2021-02-01,AT,PSPP,61652.44444444444,1191.210137482261,-0.33348543651406914,0.17346140381052216,single_maturity_ea_slope
2021-03-01,AT,PSPP,62210.666666666664,1243.2493827160533,-0.2561387164496434,0.1648760580338891,single_maturity_ea_slope
2021-04-01,AT,PSPP,62805.33333333333,1288.6723189052482,-0.22372804697517634,0.15690247798010176,single_maturity_ea_slope
2021-05-01,AT,PSPP,63262.22222222222,1167.035127393338,-0.1289515123794862,0.15162916262163476,single_maturity_ea_slope
2021-06-01,AT,PSPP,63844.44444444444,1301.4380273861823,-0.17566149357249036,0.14495750137239544,single_maturity_ea_slope
2021-07-01,AT,PSPP,64406.22222222222,1287.6127532716923,-0.3010912521987843,0.13604007004569002,single_maturity_ea_slope
2021-08-01,AT,PSPP,64712.88888888888,1043.9173789173765,-0.38454954634656946,0.12764216729143482,single_maturity_ea_slope
2021-09-01,AT,PSPP,62924.44444444444,0.0,-0.24296106898399872,0.12764216729143482,single_maturity_ea_slope
2021-10-01,AT,PSPP,63482.666666666664,1266.8308308308347,-0.09401233398800324,0.12321893224543973,single_maturity_ea_slope
2021-11-01,AT,PSPP,63978.666666666664,1217.721994846142,-0.163592589227125,0.11775997668620496,single_maturity_ea_slope
2021-12-01,AT,PSPP,64365.33333333333,1119.0231990231964,-0.17777762171609113,0.11262190916338051,single_maturity_ea_slope
2022-01-01,AT,PSPP,65364.44444444444,1744.0802469135785,0.03327952024176323,0.11050486381193196,single_maturity_ea_slope
2022-02-01,AT,PSPP,65726.22222222222,1124.668119099495,0.42494507060030884,0.11588537807216542,single_maturity_ea_slope
2022-03-01,AT,PSPP,66376.88888888889,1421.0162004479914,0.5918396149764582,0.12607474808685554,single_maturity_ea_slope
2022-04-01,AT,PSPP,67222.22222222222,1603.0603754439323,1.2011662586498868,0.15171264792989322,single_maturity_ea_slope
2022-05-01,AT,PSPP,68259.55555555555,1803.66053604904,1.4342508596032038,0.18560187471349465,single_maturity_ea_slope
2022-06-01,AT,PSPP,68896.0,1412.4739528068394,1.9646871416876561,0.22207585868097324,single_maturity_ea_slope
2022-07-01,AT,PSPP,69416.0,1313.0018416206262,1.52038702529646,0.24663338076180125,single_maturity_ea_slope
2022-08-01,AT,PSPP,69460.44444444444,853.4887334887269,1.5247940844424048,0.2623386612117692,single_maturity_ea_slope
2022-09-01,AT,PSPP,68313.77777777778,0.0,2.3812145028775147,0.2623386612117692,single_maturity_ea_slope
2022-10-01,AT,PSPP,69106.66666666666,1578.1047254150574,2.7816371116452845,0.3198688096204123,single_maturity_ea_slope
2022-11-01,AT,PSPP,66487.11111111111,0.0,2.644270515988397,0.3198688096204123,single_maturity_ea_slope
2022-12-01,AT,PSPP,66792.0,1046.6014180177517,2.7100766724192935,0.3573223210972732,single_maturity_ea_slope
2023-01-01,AT,PSPP,67299.55555555555,1261.7560975609676,2.786832494852809,0.402871645316687,single_maturity_ea_slope
2023-02-01,AT,PSPP,67679.11111111111,1147.8153221714929,3.0359787995726695,0.44752827107544657,single_maturity_ea_slope
2023-03-01,AT,PSPP,68232.0,1335.125494426467,3.0370660626772152,0.49819889372095505,single_maturity_ea_slope
2023-04-01,AT,PSPP,67675.55555555555,230.00092208390151,2.975010811406876,0.5066165420168528,single_maturity_ea_slope
2023-05-01,AT,PSPP,68109.33333333333,1223.6418715634434,2.950384442562691,0.5505209025669082,single_maturity_ea_slope
2023-06-01,AT,PSPP,68272.88888888889,967.4900849858421,3.010568109125909,0.5853820505229647,single_maturity_ea_slope
2023-07-01,AT,PSPP,65697.77777777778,0.0,3.1140131542646503,0.5853820505229647,single_maturity_ea_slope
2023-08-01,AT,PSPP,65697.77777777778,759.3363127343711,3.1192372819757823,0.6146684031749853,single_maturity_ea_slope
2023-09-01,AT,PSPP,65697.77777777778,767.8562152615449,3.22988261366,0.6452342541624212,single_maturity_ea_slope
2023-10-01,AT,PSPP,62480.0,0.0,3.399710160308166,0.6452342541624212,single_maturity_ea_slope
2023-11-01,AT,PSPP,62480.0,704.5557059088859,3.127998525141045,0.6732311449041739,single_maturity_ea_slope
2023-12-01,AT,PSPP,62480.0,713.2420091324201,2.5754151641073686,0.6949455743471328,single_maturity_ea_slope
2024-01-01,AT,PSPP,62326.22222222222,565.3750767341895,2.626570457374364,0.7124677749157693,single_maturity_ea_slope
2024-02-01,AT,PSPP,62326.22222222222,725.3983033312642,2.7893942453316827,0.7366405690314107,single_maturity_ea_slope
2024-03-01,AT,PSPP,62326.22222222222,733.5948943293575,2.7726242713672,0.7606045956596569,single_maturity_ea_slope
2024-04-01,AT,PSPP,62326.22222222222,743.0403221533408,2.8878989879490957,0.7859657591347337,single_maturity_ea_slope
2024-05-01,AT,PSPP,62326.22222222222,751.6428150292115,2.9389007108645,0.8119297599997816,single_maturity_ea_slope
2024-06-01,AT,PSPP,62326.22222222222,760.446830432189,2.954508326694075,0.8380715189882428,single_maturity_ea_slope
2024-07-01,AT,PSPP,60462.22222222222,0.0,2.8686819932315863,0.8380715189882428,single_maturity_ea_slope
2024-08-01,AT,PSPP,60462.22222222222,729.1633167175859,2.605555189033114,0.8593870480529423,single_maturity_ea_slope
2024-09-01,AT,PSPP,60426.666666666664,702.1484735101141,2.5097416290752625,0.8785639117414118,single_maturity_ea_slope
2024-10-01,AT,PSPP,57392.0,0.0,2.573429877698956,0.8785639117414118,single_maturity_ea_slope
2024-11-01,AT,PSPP,57185.777777777774,465.5006242197213,2.6161426077714283,0.8927080573500631,single_maturity_ea_slope
2024-12-01,AT,PSPP,57185.777777777774,677.8778778778778,2.459807482873473,0.9112843900376331,single_maturity_ea_slope
2025-01-01,AT,PSPP,57185.777777777774,685.6807887023714,2.7258222970534094,0.9330414392824266,single_maturity_ea_slope
2025-02-01,AT,PSPP,57185.777777777774,693.6654267076392,2.669001732363275,0.9540986965978178,single_maturity_ea_slope
2025-03-01,AT,PSPP,57185.777777777774,701.838215240277,2.884165981600476,0.9777863166886701,single_maturity_ea_slope
2025-04-01,AT,PSPP,55514.666666666664,0.0,2.681743310403625,0.9777863166886701,single_maturity_ea_slope
2025-05-01,AT,PSPP,55514.666666666664,674.37641723356,2.663709636238953,0.9982664347590088,single_maturity_ea_slope
2025-06-01,AT,PSPP,55432.88888888888,599.5509736540631,2.639489971239381,1.0160175783310699,single_maturity_ea_slope
2025-07-01,AT,PSPP,55432.88888888888,688.4362753215212,2.679120917683891,1.0366721155808565,single_maturity_ea_slope
2025-08-01,AT,PSPP,55432.88888888888,697.7956808772518,2.673027492432905,1.057270748219981,single_maturity_ea_slope
2025-09-01,AT,PSPP,55342.22222222222,613.5112917795868,2.6673249352314543,1.0751194428412805,single_maturity_ea_slope
2025-10-01,AT,PSPP,52328.88888888888,0.0,2.6377339102217388,1.0751194428412805,single_maturity_ea_slope
2025-11-01,AT,PSPP,52328.88888888888,637.5351960147282,2.6670454885766,1.0945142533400052,single_maturity_ea_slope
2025-12-01,AT,PSPP,52328.88888888888,645.0799912338373,2.789504999748571,1.1154091096813334,single_maturity_ea_slope
2026-01-01,AT,PSPP,52328.88888888888,652.8055001108893,2.7533710234219044,1.1358427662898736,single_maturity_ea_slope
2026-02-01,AT,PSPP,52328.88888888888,660.7182940516274,2.730430657829,1.155976451789105,single_maturity_ea_slope
2026-03-01,AT,PSPP,49629.33333333333,0.0,2.999022492331364,1.155976451789105,single_maturity_ea_slope
2026-04-01,AT,PSPP,49629.33333333333,602.0054989487303,3.0564775211707502,1.1790295943095033,single_maturity_ea_slope
2026-05-01,AT,PSPP,49629.33333333333,609.098347242677,3.0588287571564248,1.2021002762295687,single_maturity_ea_slope
2026-06-01,AT,PSPP,49629.33333333333,617.2802653399667,2.9766214064006817,1.2241714345650303,single_maturity_ea_slope
2026-07-01,AT,PSPP,48912.88888888888,0.0,3.098137298933827,1.2241714345650303,single_maturity_ea_slope
2026-08-01,AT,PSPP,48912.88888888888,612.0231342453563,3.179314499758619,1.2486351866320171,single_maturity_ea_slope
2020-03-01,BE,PEPP,394.716,394.716,-0.16136947128686027,-0.16136947128686027,single_maturity_ea_slope
2020-04-01,BE,PEPP,2537.206,2148.889416342413,-0.10245377538278666,-0.11147075774735586,single_maturity_ea_slope
2020-05-01,BE,PEPP,5743.829,3245.705039433148,-0.20543251541364674,-0.1645663757351958,single_maturity_ea_slope
2020-06-01,BE,PEPP,8950.452,3291.944286393345,-0.27202988523703037,-0.20409107081208594,single_maturity_ea_slope
2020-07-01,BE,PEPP,11426.317000000001,2603.8017066895386,-0.3682330020374426,-0.24149534032989295,single_maturity_ea_slope
2020-08-01,BE,PEPP,13175.869,1912.0422872582476,-0.40404990402533025,-0.2650847673174025,single_maturity_ea_slope
2020-09-01,BE,PEPP,15361.92,2371.20936143901,-0.4466226491174101,-0.293106285772126,single_maturity_ea_slope
2020-10-01,BE,PEPP,17547.971,2392.52841935484,-0.5118174795080082,-0.3229258442067804,single_maturity_ea_slope
2020-11-01,BE,PEPP,19734.022,2418.536042395336,-0.5404509711098379,-0.3495849996258665,single_maturity_ea_slope
2020-12-01,BE,PEPP,21483.574,2008.5286666666664,-0.5349426084931564,-0.36691433556385983,single_maturity_ea_slope
2021-01-01,BE,PEPP,23188.676,1981.8095476558465,-0.5049486290569793,-0.3787113730811633,single_maturity_ea_slope
2021-02-01,BE,PEPP,24938.228,2050.5472751817233,-0.40878797143224666,-0.38118442316297146,single_maturity_ea_slope
2021-03-01,BE,PEPP,27094.942,2466.890965174129,-0.2600956273861907,-0.37015975087227027,single_maturity_ea_slope
2021-04-01,BE,PEPP,29635.704,2881.8362950654605,-0.20388103389830606,-0.35399046933023276,single_maturity_ea_slope
2021-05-01,BE,PEPP,32081.343,2816.4561171171163,-0.08664805738801601,-0.3305201871952392,single_maturity_ea_slope
2021-06-01,BE,PEPP,34397.188,2718.4722966867485,-0.13041789056579234,-0.3147057389359645,single_maturity_ea_slope
2021-07-01,BE,PEPP,37001.958,3028.1721171836502,-0.23601178538926668,-0.30826557066375965,single_maturity_ea_slope
2021-08-01,BE,PEPP,38960.425,2413.9317710487485,-0.3285289080750076,-0.30952105783990036,single_maturity_ea_slope
2021-09-01,BE,PEPP,41095.803,2620.684738913799,-0.2105298155754809,-0.30320837335753403,single_maturity_ea_slope
2021-10-01,BE,PEPP,43063.16,2482.3420000000033,-0.07270735818949195,-0.2899213235684737,single_maturity_ea_slope
2021-11-01,BE,PEPP,45042.963,2514.616214108296,-0.12514867256919646,-0.28072255083577424,single_maturity_ea_slope
2021-12-01,BE,PEPP,46588.045,2108.682638138133,-0.13637033596195694,-0.2741888358176574,single_maturity_ea_slope
2022-01-01,BE,PEPP,48187.356,2185.766752769387,0.07320361151003257,-0.2584311988655064,single_maturity_ea_slope
2022-02-01,BE,PEPP,49596.421,2020.2694140030464,0.4392640135843672,-0.23001115827409285,single_maturity_ea_slope
2022-03-01,BE,PEPP,50494.311,1528.88772264631,0.6203500405898641,-0.2042635686741892,single_maturity_ea_slope
2022-04-01,BE,PEPP,50877.47,1031.5194391371338,1.1742435437157979,-0.17631491314121814,single_maturity_ea_slope
2022-05-01,BE,PEPP,50720.117,494.9222564102537,1.429075723960895,-0.1606496583364141,single_maturity_ea_slope
2022-06-01,BE,PEPP,50971.704,909.9478125649009,1.9728604569503065,-0.12256219587900358,single_maturity_ea_slope
2022-07-01,BE,PEPP,50724.562,415.516658346334,1.544906189027306,-0.10890291793009926,single_maturity_ea_slope
2022-08-01,BE,PEPP,50950.368,893.5859104792036,1.495811119026107,-0.08075886500054495,single_maturity_ea_slope
2022-09-01,BE,PEPP,50560.097,278.36899999999946,2.3311825171288487,-0.06747942626446074,single_maturity_ea_slope
2022-10-01,BE,PEPP,50776.124,888.0112769803316,2.63917982763844,-0.020143321200416342,single_maturity_ea_slope
2022-11-01,BE,PEPP,49939.575,0.0,2.553215671176418,-0.020143321200416342,single_maturity_ea_slope
2022-12-01,BE,PEPP,50080.037000000004,803.1421353503252,2.6553201177025074,0.02276354445090533,single_maturity_ea_slope
2023-01-01,BE,PEPP,49602.644,183.99153512942064,2.766389320304429,0.03294050030672498,single_maturity_ea_slope
2023-02-01,BE,PEPP,49949.354,1004.9191825902327,2.9566913948934266,0.09176274972131261,single_maturity_ea_slope
2023-03-01,BE,PEPP,50162.714,879.3513866666673,3.0203783776268436,0.14310132389440064,single_maturity_ea_slope
2023-04-01,BE,PEPP,50415.19,928.888001078751,2.9996664578145116,0.19573286365847384,single_maturity_ea_slope
2023-05-01,BE,PEPP,50743.231,1015.6458827059439,2.942674913089358,0.25071399764531643,single_maturity_ea_slope
2023-06-01,BE,PEPP,49956.466,0.0,3.027922934874295,0.25071399764531643,single_maturity_ea_slope
2023-07-01,BE,PEPP,50200.941,926.9403825136599,3.150943757673095,0.3042655851173052,single_maturity_ea_slope
2023-08-01,BE,PEPP,50456.973,949.7984593698168,3.1527643064688475,0.35788552179199606,single_maturity_ea_slope
2023-09-01,BE,PEPP,50621.438,869.9595889261783,3.251107347134857,0.40760726359331595,single_maturity_ea_slope
2023-10-01,BE,PEPP,49549.304000000004,0.0,3.404431112515227,0.40760726359331595,single_maturity_ea_slope
2023-11-01,BE,PEPP,49732.438,866.7612626931549,3.1275329532714546,0.45501145932602816,single_maturity_ea_slope
2023-12-01,BE,PEPP,49851.564,814.4900659955224,2.5788993478538953,0.48971218780255404,single_maturity_ea_slope
2024-01-01,BE,PEPP,50333.402,1183.5773581081116,2.6427950515300003,0.5403413927912886,single_maturity_ea_slope
2024-02-01,BE,PEPP,50759.233,1139.1728650793634,2.8333203569455243,0.5918019697500123,single_maturity_ea_slope
2024-03-01,BE,PEPP,51190.398,1156.7114979988573,2.84070795796665,0.6426188322109893,single_maturity_ea_slope
2024-04-01,BE,PEPP,51620.674,1169.5942842287677,2.9156222345863334,0.6941193567382502,single_maturity_ea_slope
2024-05-01,BE,PEPP,52137.183,1271.197216374267,2.9976856781650003,0.7502843991712332,single_maturity_ea_slope
2024-06-01,BE,PEPP,49960.911,0.0,3.0454266975068247,0.7502843991712332,single_maturity_ea_slope
2024-07-01,BE,PEPP,50188.495,938.0633941979547,2.956191977661782,0.7915145884878453,single_maturity_ea_slope
2024-08-01,BE,PEPP,50258.726,793.8252185697806,2.635303499847864,0.8206368176417818,single_maturity_ea_slope
2024-09-01,BE,PEPP,50378.741,852.222546620046,2.551997504605334,0.8499250567774503,single_maturity_ea_slope
2024-10-01,BE,PEPP,48601.63,0.0,2.590317759810652,0.8499250567774503,single_maturity_ea_slope
2024-11-01,BE,PEPP,48738.536,831.6119748427699,2.682024147548452,0.8811856498938238,single_maturity_ea_slope
2024-12-01,BE,PEPP,48783.875,751.6945942028985,2.5581395239486837,0.9070252774727039,single_maturity_ea_slope
2025-01-01,BE,PEPP,48783.875,718.2549322732626,2.823861433126819,0.9352472467844546,single_maturity_ea_slope
2025-02-01,BE,PEPP,48783.875,728.5524940262843,2.72451754209885,0.9619687267025311,single_maturity_ea_slope
2025-03-01,BE,PEPP,48783.875,739.1496212121212,2.9199592517047614,0.9916352498086255,single_maturity_ea_slope
2025-04-01,BE,PEPP,48783.875,750.0595787207873,2.6451795074175504,1.0170587470043346,single_maturity_ea_slope
2025-05-01,BE,PEPP,48783.875,762.7247498436523,2.631704319879953,1.0423033619648665,single_maturity_ea_slope
2025-06-01,BE,PEPP,45119.417,0.0,2.6660833366743812,1.0423033619648665,single_maturity_ea_slope
2025-07-01,BE,PEPP,45119.417,665.4781268436577,2.7463393192214123,1.0674366356707155,single_maturity_ea_slope
2025-08-01,BE,PEPP,45119.417,675.0361609814482,2.751884318155405,1.0926378278084277,single_maturity_ea_slope
2025-09-01,BE,PEPP,45119.417,686.1225212895376,2.778489746174363,1.118274262090148,single_maturity_ea_slope
2025-10-01,BE,PEPP,45119.417,696.2872993827159,2.7288696212999994,1.143129128744621,single_maturity_ea_slope
2025-11-01,BE,PEPP,45119.417,706.7577850877193,2.7349155386618005,1.1680631263936996,single_maturity_ea_slope
2025-12-01,BE,PEPP,45119.417,718.9199649458253,2.844863471270714,1.1947807864459146,single_maturity_ea_slope
2026-01-01,BE,PEPP,45119.417,730.0876537216828,2.8658471151369045,1.2218206946771604,single_maturity_ea_slope
2026-02-01,BE,PEPP,45119.417,741.6077744904668,2.7960784401686745,1.2476960685346803,single_maturity_ea_slope
2026-03-01,BE,PEPP,43319.192,0.0,3.124357039412,1.2476960685346803,single_maturity_ea_slope
2026-04-01,BE,PEPP,43319.192,702.3215304798964,3.2024922020265003,1.2793886128519927,single_maturity_ea_slope
2026-05-01,BE,PEPP,43243.627,636.4532774490443,3.2337337290995247,1.3081523739144556,single_maturity_ea_slope
2026-06-01,BE,PEPP,40716.2,0.0,3.186255333378318,1.3081523739144556,single_maturity_ea_slope
2026-07-01,BE,PEPP,40716.2,645.0602027883397,3.315488072953131,1.3399542702870582,single_maturity_ea_slope
2026-08-01,BE,PEPP,40716.2,656.2894906511928,3.426450578632595,1.3735857388290558,single_maturity_ea_slope
2015-03-01,BE,PSPP,1358.2222222222222,1358.2222222222222,0.39946599674043765,0.39946599674043765,single_maturity_ea_slope
2015-04-01,BE,PSPP,2718.222222222222,1372.4516155319236,0.36238781956961386,0.38074493569434203,single_maturity_ea_slope
2015-05-01,BE,PSPP,4190.222222222222,1496.8375568551003,0.7707800510098389,0.5200738729522152,single_maturity_ea_slope
2015-06-01,BE,PSPP,5663.11111111111,1511.3454070810897,1.0912623013653961,0.6725100499797844,single_maturity_ea_slope
2015-07-01,BE,PSPP,7122.666666666666,1513.0013002810285,0.987869977113835,0.7394990025926188,single_maturity_ea_slope
2015-08-01,BE,PSPP,8333.333333333332,1278.1928959676393,0.8442244041811094,0.7555621143131509,single_maturity_ea_slope
2015-09-01,BE,PSPP,9784.888888888889,1529.147113594042,0.872019566466688,0.7737616645420059,single_maturity_ea_slope
2015-10-01,BE,PSPP,11276.444444444443,1580.1867954911424,0.7509068613105081,0.7705589831952492,single_maturity_ea_slope
2015-11-01,BE,PSPP,12844.444444444443,1665.7839441939338,0.7865001838643809,0.7726263825476049,single_maturity_ea_slope
2015-12-01,BE,PSPP,14129.777777777777,1397.8854227518798,0.822462343639157,0.7775567476697142,single_maturity_ea_slope
2016-01-01,BE,PSPP,15648.888888888889,1642.7961406784939,0.7948339537512611,0.7793704820296421,single_maturity_ea_slope
2016-02-01,BE,PSPP,17166.222222222223,1653.4579757210242,0.6703927193925379,0.7688736966288746,single_maturity_ea_slope
2016-03-01,BE,PSPP,18686.222222222223,1667.3242552542242,0.5857336321538998,0.7525325727796243,single_maturity_ea_slope
2016-04-01,BE,PSPP,21008.0,2480.6742252456534,0.5277474224703111,0.7259894116700335,single_maturity_ea_slope
2016-05-01,BE,PSPP,23403.555555555555,2574.7435460025013,0.5248102842858829,0.7038566780948653,single_maturity_ea_slope
2016-06-01,BE,PSPP,25484.44444444444,2283.2017826955566,0.39653847759600397,0.6763234326767275,single_maturity_ea_slope
2016-07-01,BE,PSPP,27589.333333333332,2322.2587664430057,0.179971282646201,0.6345443103715651,single_maturity_ea_slope
2016-08-01,BE,PSPP,29104.0,1746.4318996415782,0.14330640494270025,0.6050667970278982,single_maturity_ea_slope
2016-09-01,BE,PSPP,31216.888888888887,2355.664998331663,0.17907465009360582,0.5729209033845875,single_maturity_ea_slope
2016-10-01,BE,PSPP,33418.666666666664,2460.366983285472,0.27411320085761176,0.5509219226059181,single_maturity_ea_slope
2016-11-01,BE,PSPP,35527.11111111111,2387.771313941826,0.5666049407342805,0.5519759756834626,single_maturity_ea_slope
2016-12-01,BE,PSPP,37186.666666666664,1955.023878169586,0.6115684286111345,0.5551089445369665,single_maturity_ea_slope
2017-01-01,BE,PSPP,39399.11111111111,2519.265126512652,0.7082828663601687,0.5649032192974329,single_maturity_ea_slope
2017-02-01,BE,PSPP,41505.777777777774,2433.6845211745585,0.8734662072591991,0.5829957598499914,single_maturity_ea_slope
2017-03-01,BE,PSPP,43637.33333333333,2472.998281598478,0.8809627662143897,0.5998820321866497,single_maturity_ea_slope
2017-04-01,BE,PSPP,45391.11111111111,2109.2464429238653,0.798388346369927,0.6091062773491902,single_maturity_ea_slope
2017-05-01,BE,PSPP,47062.22222222222,2041.2278031456096,0.7885493889599984,0.6168892559508676,single_maturity_ea_slope
2017-06-01,BE,PSPP,48738.666666666664,2053.5455840455847,0.6534405468054115,0.6184293009922895,single_maturity_ea_slope
2017-07-01,BE,PSPP,50449.777777777774,2104.672695951764,0.856575255350032,0.6283643157706678,single_maturity_ea_slope
2017-08-01,BE,PSPP,51822.22222222222,1783.8092338914264,0.7480428254175102,0.6324838540971207,single_maturity_ea_slope
2017-09-01,BE,PSPP,53468.44444444444,2067.130459894589,0.7220375516761159,0.6359460677071328,single_maturity_ea_slope
2017-10-01,BE,PSPP,55096.0,2066.109069699627,0.703626705428337,0.6384841027630141,single_maturity_ea_slope
2017-11-01,BE,PSPP,56717.33333333333,2078.6374501991986,0.5833789237607201,0.6364645492677728,single_maturity_ea_slope
2017-12-01,BE,PSPP,58191.11111111111,1947.3694054776252,0.5274692774746931,0.6328170152444701,single_maturity_ea_slope
2018-01-01,BE,PSPP,58824.88888888888,1125.0907726368678,0.6842146653580845,0.6338000518973276,single_maturity_ea_slope
2018-02-01,BE,PSPP,59497.777777777774,1175.665716999052,0.939931605993907,0.639849158040203,single_maturity_ea_slope
2018-03-01,BE,PSPP,60132.44444444444,1143.194681861346,0.8410349296242,0.6436739568865809,single_maturity_ea_slope
2018-04-01,BE,PSPP,60844.44444444444,1230.740894103213,0.7711140096751583,0.646251771277783,single_maturity_ea_slope
2018-05-01,BE,PSPP,61487.11111111111,1168.093648052202,0.7887512563668903,0.6489588872956833,single_maturity_ea_slope
2018-06-01,BE,PSPP,62211.555555555555,1251.597317482092,0.7567770148973274,0.6511280161348048,single_maturity_ea_slope
2018-07-01,BE,PSPP,62945.777777777774,1272.5707472789477,0.6387781163674349,0.6508783390042548,single_maturity_ea_slope
2018-08-01,BE,PSPP,63589.33333333333,1192.8206321504742,0.6604920877273925,0.6510586755045473,single_maturity_ea_slope
2018-09-01,BE,PSPP,64238.22222222222,1207.2778363189339,0.7146370587176679,0.6522535524838116,single_maturity_ea_slope
2018-10-01,BE,PSPP,64549.33333333333,880.5988967691078,0.7848881088374837,0.6540629878097407,single_maturity_ea_slope
2018-11-01,BE,PSPP,64802.666666666664,830.4911778731545,0.735270080486862,0.6551037130995808,single_maturity_ea_slope
2018-12-01,BE,PSPP,65215.11111111111,996.8840788840797,0.6734503500809268,0.6553841614496052,single_maturity_ea_slope
2019-01-01,BE,PSPP,65461.33333333333,840.1667678607536,0.6830483287486446,0.6557392185931382,single_maturity_ea_slope
2019-02-01,BE,PSPP,65595.55555555555,735.0053842388611,0.6018435057566217,0.6551353112279711,single_maturity_ea_slope
2019-03-01,BE,PSPP,65076.44444444444,80.92141318047072,0.45967051847998947,0.6548922541987922,single_maturity_ea_slope
2019-04-01,BE,PSPP,65262.22222222222,785.6712553261258,0.38445958568297023,0.6516366008220109,single_maturity_ea_slope
2019-05-01,BE,PSPP,65427.555555555555,772.3108465608489,0.3167528148855189,0.6476836122376138,single_maturity_ea_slope
2019-06-01,BE,PSPP,65514.666666666664,701.8006597352692,0.06164435789483805,0.6414058922055317,single_maturity_ea_slope
2019-07-01,BE,PSPP,65720.88888888889,827.3320692706399,-0.08960235094057506,0.6322035431095169,single_maturity_ea_slope
2019-08-01,BE,PSPP,65768.88888888889,677.5104299702001,-0.35251077652352514,0.6220596250144508,single_maturity_ea_slope
2019-09-01,BE,PSPP,64714.666666666664,0.0,-0.30460129801013713,0.6220596250144508,single_maturity_ea_slope
2019-10-01,BE,PSPP,65029.33333333333,930.9968253968229,-0.22910790613111467,0.6098738277940573,single_maturity_ea_slope
2019-11-01,BE,PSPP,65678.22222222222,1274.6522966384414,-0.1170462777804169,0.5957661015083471,single_maturity_ea_slope
2019-12-01,BE,PSPP,66442.66666666666,1401.6022075626202,-0.0761890273451591,0.5815912671852601,single_maturity_ea_slope
2020-01-01,BE,PSPP,67296.0,1502.4410577048425,-0.11415841497725143,0.566058057360515,single_maturity_ea_slope
2020-02-01,BE,PSPP,67923.55555555555,1291.224194608802,-0.2119835438165823,0.5512675162642034,single_maturity_ea_slope
2020-03-01,BE,PSPP,69669.33333333333,2419.622574955911,-0.09459317609505201,0.5288367129718542,single_maturity_ea_slope
2020-04-01,BE,PSPP,71435.55555555555,2459.0357995226695,0.05966206842429106,0.5126862506677774,single_maturity_ea_slope
2020-05-01,BE,PSPP,73142.22222222222,2419.5963628299005,-0.04965436508956481,0.494083625983719,single_maturity_ea_slope
2020-06-01,BE,PSPP,74658.66666666666,2248.1593526299343,-0.13009812692459524,0.4752879508371617,single_maturity_ea_slope
2020-07-01,BE,PSPP,75619.55555555555,1712.2844873859383,-0.2549012901368558,0.45875397756807296,single_maturity_ea_slope
2020-08-01,BE,PSPP,76010.66666666666,1159.6025293586254,-0.2979856209490196,0.44720931954850224,single_maturity_ea_slope
2020-09-01,BE,PSPP,74752.88888888889,0.0,-0.3301463648182591,0.44720931954850224,single_maturity_ea_slope
2020-10-01,BE,PSPP,75548.44444444444,1541.5923708139198,-0.41768215939645886,0.42956090712481576,single_maturity_ea_slope
2020-11-01,BE,PSPP,76327.11111111111,1538.1001653040303,-0.4565219601342938,0.4117050734011953,single_maturity_ea_slope
2020-12-01,BE,PSPP,76793.77777777777,1240.4613859601595,-0.463051405959345,0.3975750010676629,single_maturity_ea_slope
2021-01-01,BE,PSPP,77374.22222222222,1366.6215306215386,-0.43842061969777335,0.38280923564824343,single_maturity_ea_slope
2021-02-01,BE,PSPP,77892.44444444444,1318.2038415586771,-0.31904351721699353,0.37093151115732237,single_maturity_ea_slope
2021-03-01,BE,PSPP,78487.11111111111,1408.0798292026411,-0.17529048289131186,0.3611321420481968,single_maturity_ea_slope
2021-04-01,BE,PSPP,79225.77777777777,1566.589779653061,-0.11175450539441509,0.3517814053360128,single_maturity_ea_slope
2021-05-01,BE,PSPP,79715.55555555555,1332.9640035949133,0.0073476114587508745,0.3460219541766961,single_maturity_ea_slope
2021-06-01,BE,PSPP,80336.0,1477.6009557945122,-0.04732710132513235,0.3387871784799927,single_maturity_ea_slope
2021-07-01,BE,PSPP,81036.44444444444,1574.4218160719402,-0.1797698614775863,0.3287123594009471,single_maturity_ea_slope
2021-08-01,BE,PSPP,81374.22222222222,1228.679761555754,-0.2819521699112861,0.31949185777554406,single_maturity_ea_slope
2021-09-01,BE,PSPP,79345.77777777777,0.0,-0.13567519564739333,0.31949185777554406,single_maturity_ea_slope
2021-10-01,BE,PSPP,79952.88888888889,1462.4989698625013,0.004843462248935643,0.3137363064662467,single_maturity_ea_slope
2021-11-01,BE,PSPP,80480.88888888889,1398.946502057613,-0.06624066842087781,0.30713141594851573,single_maturity_ea_slope
2021-12-01,BE,PSPP,80913.77777777777,1320.023907505376,-0.08866080771590532,0.30067447855181395,single_maturity_ea_slope
2022-01-01,BE,PSPP,81923.55555555555,1913.6403534902224,0.12572427907645667,0.2965878424274801,single_maturity_ea_slope
2022-02-01,BE,PSPP,82315.55555555555,1317.0627321088025,0.48542450523524794,0.29960926078955447,single_maturity_ea_slope
2022-03-01,BE,PSPP,80676.44444444444,0.0,0.6812043808105737,0.29960926078955447,single_maturity_ea_slope
2022-04-01,BE,PSPP,82587.55555555555,2805.1319936958216,1.2223541931302664,0.3309508026758308,single_maturity_ea_slope
2022-05-01,BE,PSPP,83673.77777777777,2007.5470276166361,1.4840206969502252,0.3586158860551493,single_maturity_ea_slope
2022-06-01,BE,PSPP,84419.55555555555,1689.3251140179455,2.026369453110405,0.3919894091242843,single_maturity_ea_slope
2022-07-01,BE,PSPP,84912.88888888889,1458.3488289386876,1.6222662458526835,0.41311897858765495,single_maturity_ea_slope
2022-08-01,BE,PSPP,84977.77777777777,1046.313864488609,1.557865787927828,0.4272140101272411,single_maturity_ea_slope
2022-09-01,BE,PSPP,82655.11111111111,0.0,2.3766358656699587,0.4272140101272411,single_maturity_ea_slope
2022-10-01,BE,PSPP,83352.88888888889,1631.1010739737058,2.71189353909478,0.47192203744411365,single_maturity_ea_slope
2022-11-01,BE,PSPP,83608.88888888889,1207.5169964485035,2.584901800478964,0.5024386369459567,single_maturity_ea_slope
2022-12-01,BE,PSPP,83864.0,1220.1259874833268,2.6671198218678405,0.5339322905796898,single_maturity_ea_slope
2023-01-01,BE,PSPP,84205.33333333333,1321.510986442258,2.7672508626822756,0.5689817929381205,single_maturity_ea_slope
2023-02-01,BE,PSPP,84449.77777777777,1238.3695310040853,2.9515924706457954,0.6039203391979141,single_maturity_ea_slope
2023-03-01,BE,PSPP,84850.66666666666,1409.124058155578,3.015788191510002,0.6439744854916182,single_maturity_ea_slope
2023-04-01,BE,PSPP,85050.66666666666,1224.7665056360706,3.0017764204690818,0.6779278564652063,single_maturity_ea_slope
2023-05-01,BE,PSPP,85361.77777777777,1350.3421309872906,2.9522711196342164,0.7139058036042564,single_maturity_ea_slope
2023-06-01,BE,PSPP,82766.22222222222,0.0,3.0147633766590904,0.7139058036042564,single_maturity_ea_slope
2023-07-01,BE,PSPP,82766.22222222222,998.1454681888835,3.130247702894452,0.7430464439719625,single_maturity_ea_slope
2023-08-01,BE,PSPP,82766.22222222222,1009.8367767474648,3.154242170971456,0.7724656207289109,single_maturity_ea_slope
2023-09-01,BE,PSPP,82766.22222222222,1023.3212440927574,3.2523537987122855,0.8031269483498724,single_maturity_ea_slope
2023-10-01,BE,PSPP,80702.22222222222,0.0,3.416172096274977,0.8031269483498724,single_maturity_ea_slope
2023-11-01,BE,PSPP,80702.22222222222,991.9152190538621,3.1332431942774543,0.8317665285603885,single_maturity_ea_slope
2023-12-01,BE,PSPP,80702.22222222222,1003.7589828634603,2.5821453476068426,0.8535374093942995,single_maturity_ea_slope
2024-01-01,BE,PSPP,80702.22222222222,1017.4258979100127,2.657238808451364,0.8762769630889171,single_maturity_ea_slope
2024-02-01,BE,PSPP,80702.22222222222,1029.8905337190176,2.8375816746880242,0.9013063749265778,single_maturity_ea_slope
2024-03-01,BE,PSPP,80702.22222222222,1042.6643697961526,2.83339542361475,0.9262687657365025,single_maturity_ea_slope
2024-04-01,BE,PSPP,80702.22222222222,1055.7590557590559,2.913741949354905,0.9522691998497731,single_maturity_ea_slope
2024-05-01,BE,PSPP,80702.22222222222,1070.8893606982779,2.9905507351614546,0.9793164601378793,single_maturity_ea_slope
2024-06-01,BE,PSPP,76964.44444444444,0.0,3.0388003004844246,0.9793164601378793,single_maturity_ea_slope
2024-07-01,BE,PSPP,76964.44444444444,989.7690900777319,2.9533882693903473,1.004703186079912,single_maturity_ea_slope
2024-08-01,BE,PSPP,76964.44444444444,1002.1412037037035,2.6559619487813637,1.0262039512192538,single_maturity_ea_slope
2024-09-01,BE,PSPP,76964.44444444444,1014.8265353961555,2.5834808151296196,1.0467376651421223,single_maturity_ea_slope
2024-10-01,BE,PSPP,74442.66666666666,0.0,2.627368617494978,1.0467376651421223,single_maturity_ea_slope
2024-11-01,BE,PSPP,74442.66666666666,967.7933784018026,2.7194615292724995,1.0684839452270205,single_maturity_ea_slope
2024-12-01,BE,PSPP,74419.55555555555,956.9134632262608,2.595142049536789,1.0881142652800195,single_maturity_ea_slope
2025-01-01,BE,PSPP,74419.55555555555,993.8509021842355,2.8658825967527277,1.1118558295357983,single_maturity_ea_slope
2025-02-01,BE,PSPP,74419.55555555555,1005.1263581247374,2.768325815165525,1.1342284657544603,single_maturity_ea_slope
2025-03-01,BE,PSPP,74419.55555555555,1020.0048732943468,2.980749874448571,1.1595371473429215,single_maturity_ea_slope
2025-04-01,BE,PSPP,74419.55555555555,1033.6049382716049,2.7188978118175,1.181194934349513,single_maturity_ea_slope
2025-05-01,BE,PSPP,74419.55555555555,1047.5725725725727,2.705784147756953,1.2026559311598652,single_maturity_ea_slope
2025-06-01,BE,PSPP,69231.11111111111,0.0,2.738681666314,1.2026559311598652,single_maturity_ea_slope
2025-07-01,BE,PSPP,69231.11111111111,915.7554379776602,2.825493129599347,1.2241220316683241,single_maturity_ea_slope
2025-08-01,BE,PSPP,69231.11111111111,929.0272559193654,2.828588729143595,1.245652717356398,single_maturity_ea_slope
2025-09-01,BE,PSPP,69231.11111111111,941.1515920488188,2.8533812951439086,1.2675087339114215,single_maturity_ea_slope
2025-10-01,BE,PSPP,69231.11111111111,953.5965717783901,2.798400201560869,1.2885953932454361,single_maturity_ea_slope
2025-11-01,BE,PSPP,69231.11111111111,967.9965200099429,2.8029702544154005,1.3097695383960228,single_maturity_ea_slope
2025-12-01,BE,PSPP,69231.11111111111,981.1665406903502,2.9159137938266664,1.332532353807455,single_maturity_ea_slope
2026-01-01,BE,PSPP,69231.11111111111,996.4178340689566,2.937470187883571,1.3556316317878252,single_maturity_ea_slope
2026-02-01,BE,PSPP,69231.11111111111,1008.6117586117585,2.8678555261027996,1.3776628656793604,single_maturity_ea_slope
2026-03-01,BE,PSPP,66620.44444444444,0.0,3.1820958616746364,1.3776628656793604,single_maturity_ea_slope
2026-04-01,BE,PSPP,66620.44444444444,952.2647862270502,3.25860368769675,1.4045488122490772,single_maturity_ea_slope
2026-05-01,BE,PSPP,66578.66666666666,923.735909822863,3.284020135540625,1.4306252604528067,single_maturity_ea_slope
2026-06-01,BE,PSPP,62133.33333333333,0.0,3.2443591290172953,1.4306252604528067,single_maturity_ea_slope
2026-07-01,BE,PSPP,62133.33333333333,847.4268048736133,3.3722021554420443,1.4571061237232545,single_maturity_ea_slope
2026-08-01,BE,PSPP,62133.33333333333,860.0959763750461,3.483705164509857,1.485159820301142,single_maturity_ea_slope
2020-03-01,CY,PEPP,20.447,20.447,1.2208385825500976,1.2208385825500976,single_maturity_ea_slope
2020-04-01,CY,PEPP,212.471,192.15557657657658,1.9735987045859011,1.9016235144873688,single_maturity_ea_slope
2020-05-01,CY,PEPP,427.609,216.57051752966555,1.7796583063084062,1.8398519702590403,single_maturity_ea_slope
2020-06-01,CY,PEPP,666.75,241.99858487035553,1.1517413290200094,1.5901004870733209,single_maturity_ea_slope
2020-07-01,CY,PEPP,832.104,170.06668023748944,1.0200257504766888,1.473587745949314,single_maturity_ea_slope
2020-08-01,CY,PEPP,944.118,118.03327083333335,0.9499445983395245,1.4081220801513463,single_maturity_ea_slope
2020-09-01,CY,PEPP,1061.4660000000001,124.09555574614072,0.7857885899457122,1.3353653264479741,single_maturity_ea_slope
2020-10-01,CY,PEPP,1190.371,136.7398538529672,0.4881747451191725,1.2380471657430252,single_maturity_ea_slope
2020-11-01,CY,PEPP,1319.276,138.03921577655,0.320948581785277,1.1420887997003533,single_maturity_ea_slope
2020-12-01,CY,PEPP,1422.4,113.44697339593117,0.21242690933943148,1.0679413533118645,single_maturity_ea_slope
2021-01-01,CY,PEPP,1521.968,110.94355982085732,0.22546005060837063,1.0065288434532875,single_maturity_ea_slope
2021-02-01,CY,PEPP,1612.646,102.96779328165363,0.31450222078852536,0.9623427950409601,single_maturity_ea_slope
2021-03-01,CY,PEPP,1688.211,88.87066006600665,0.3951960173489909,0.9324871025429287,single_maturity_ea_slope
2021-04-01,CY,PEPP,1761.109,87.0229246987951,0.40710943799248733,0.9065262443901387,single_maturity_ea_slope
2021-05-01,CY,PEPP,1830.451,84.42515347721832,0.5185179055732088,0.8886302922149317,single_maturity_ea_slope
2021-06-01,CY,PEPP,1894.459,79.98052181500876,0.3265345797349736,0.8648996607290425,single_maturity_ea_slope
2021-07-01,CY,PEPP,1956.689,79.22371187656981,0.20455700784227077,0.8381632728451676,single_maturity_ea_slope
2021-08-01,CY,PEPP,2006.473,67.72210964429765,0.09662129147964041,0.8131348835432003,single_maturity_ea_slope
2021-09-01,CY,PEPP,2051.812,63.97958900037155,0.16148609519780135,0.7928151750850527,single_maturity_ea_slope
2021-10-01,CY,PEPP,2100.707,68.3029833522512,0.3086624317516447,0.7770732954379395,single_maturity_ea_slope
2021-11-01,CY,PEPP,2149.602,69.06307795698923,0.47347332667423037,0.7673191417339201,single_maturity_ea_slope
2021-12-01,CY,PEPP,2184.273,55.38007514450894,0.5743475039276753,0.7624265372827052,single_maturity_ea_slope
2022-01-01,CY,PEPP,2235.835,72.70285365853648,0.7865184046914467,0.7632099347653363,single_maturity_ea_slope
2022-02-01,CY,PEPP,2298.954,84.75890514905163,1.534519107739311,0.791646920034591,single_maturity_ea_slope
2022-03-01,CY,PEPP,2341.626,65.0789590643275,1.8553468656456278,0.8212094911783808,single_maturity_ea_slope
2022-04-01,CY,PEPP,2341.626,23.038429752066115,2.212097546568269,0.8348939466623428,single_maturity_ea_slope
2022-05-01,CY,PEPP,2191.385,0.0,2.6524428814153054,0.8348939466623428,single_maturity_ea_slope
2022-06-01,CY,PEPP,2191.385,20.449654721911163,3.377515446294304,0.8586212842848883,single_maturity_ea_slope
2022-07-01,CY,PEPP,2191.385,20.634510357815447,3.3345779272068583,0.8819353769677692,single_maturity_ea_slope
2022-08-01,CY,PEPP,2200.275,29.808146239022403,3.0007489428918785,0.9106399273654653,single_maturity_ea_slope
2022-09-01,CY,PEPP,2207.387,28.383026682134652,3.6601407459151742,0.9459935627250319,single_maturity_ea_slope
2022-10-01,CY,PEPP,2210.943,25.146248435054815,4.12763451826728,0.9821800830917761,single_maturity_ea_slope
2022-11-01,CY,PEPP,2210.943,21.830005924170617,4.152387706943402,1.0134815011787788,single_maturity_ea_slope
2022-12-01,CY,PEPP,2216.277,27.452277310924202,4.180248238316293,1.0527071749762822,single_maturity_ea_slope
2023-01-01,CY,PEPP,2216.277,22.386636363636363,4.176128574806266,1.084256886085676,single_maturity_ea_slope
2023-02-01,CY,PEPP,2216.277,22.605844553243575,4.1247667419325875,1.1152698385116953,single_maturity_ea_slope
2023-03-01,CY,PEPP,2216.277,22.829388133498146,4.134505082334582,1.1463703251600563,single_maturity_ea_slope
2023-04-01,CY,PEPP,2232.279,39.030647132169534,3.9717658507529294,1.1957714151529408,single_maturity_ea_slope
2023-05-01,CY,PEPP,2260.727,51.81775502512549,3.911998693296465,1.2580296177981098,single_maturity_ea_slope
2023-06-01,CY,PEPP,2278.507,41.65755597803147,3.765216908250227,1.303868096635093,single_maturity_ea_slope
2023-07-01,CY,PEPP,2122.043,0.0,3.7340945892136665,1.303868096635093,single_maturity_ea_slope
2023-08-01,CY,PEPP,2141.601,40.46070882584712,3.8064055248181736,1.351147883209483,single_maturity_ea_slope
2023-09-01,CY,PEPP,2154.936,34.6317482100239,3.9536954125885715,1.3929731488981514,single_maturity_ea_slope
2023-10-01,CY,PEPP,2178.05,44.723867629362246,4.072626945027984,1.4479969002677842,single_maturity_ea_slope
2023-11-01,CY,PEPP,2186.051,30.054969218306756,3.7339150917623183,1.4794248957175404,single_maturity_ea_slope
2023-12-01,CY,PEPP,2194.052,30.353259713701632,3.15813446429579,1.5026487334018486,single_maturity_ea_slope
2024-01-01,CY,PEPP,2195.83,24.434464270962206,3.1769757183813487,1.5212800859621058,single_maturity_ea_slope
2024-02-01,CY,PEPP,2195.83,22.90185648727576,3.2467441665903807,1.5392761652344074,single_maturity_ea_slope
2024-03-01,CY,PEPP,2195.83,23.162763713080164,3.1518359485859997,1.5562862895313652,single_maturity_ea_slope
2024-04-01,CY,PEPP,2195.83,23.39972293265132,3.2286178255663174,1.5741073843313964,single_maturity_ea_slope
2024-05-01,CY,PEPP,2195.83,23.641580534022395,3.2510091519507274,1.5921618822601142,single_maturity_ea_slope
2024-06-01,CY,PEPP,2095.373,0.0,3.287181383824083,1.5921618822601142,single_maturity_ea_slope
2024-07-01,CY,PEPP,2128.266,54.584231884058,3.1691739018847827,1.632607949510702,single_maturity_ea_slope
2024-08-01,CY,PEPP,2138.934,32.94884170854284,2.9152487173727275,1.6523661690860652,single_maturity_ea_slope
2024-09-01,CY,PEPP,2156.714,40.4286022871662,2.7887049492772387,1.6736673655394811,single_maturity_ea_slope
2024-10-01,CY,PEPP,2179.828,46.244780780780815,2.7757507516850435,1.6970479279482777,single_maturity_ea_slope
2024-11-01,CY,PEPP,2200.275,44.099647569444556,2.814367656260317,1.7194421315096273,single_maturity_ea_slope
2024-12-01,CY,PEPP,2057.146,0.0,2.712731807802105,1.7194421315096273,single_maturity_ea_slope
2025-01-01,CY,PEPP,2057.146,21.111925287356325,2.937792081659697,1.731945722952054,single_maturity_ea_slope
2025-02-01,CY,PEPP,2057.146,21.32199419568823,2.772370209764,1.7427295588435545,single_maturity_ea_slope
2025-03-01,CY,PEPP,2057.146,21.563375262054507,2.9340705259851587,1.7552174096521667,single_maturity_ea_slope
2025-04-01,CY,PEPP,2057.146,21.78257094451504,2.69125881901795,1.7651289027627741,single_maturity_ea_slope
2025-05-01,CY,PEPP,2057.146,22.006268720581943,2.6600224200209683,1.7747020041455106,single_maturity_ea_slope
2025-06-01,CY,PEPP,2057.146,22.26348484848485,2.644575328583492,1.784116217613454,single_maturity_ea_slope
2025-07-01,CY,PEPP,2057.146,22.497222222222224,2.6625836510665795,1.7937232542872634,single_maturity_ea_slope
2025-08-01,CY,PEPP,2057.146,22.735919540229887,2.668482003894857,1.8033912333943325,single_maturity_ea_slope
2025-09-01,CY,PEPP,2057.146,23.010581655480983,2.6895776400461364,1.8133038330213103,single_maturity_ea_slope
2025-10-01,CY,PEPP,2057.146,23.260357304387156,2.605785794538507,1.8222645064893925,single_maturity_ea_slope
2025-11-01,CY,PEPP,1906.905,0.0,2.6723558255853503,1.8222645064893925,single_maturity_ea_slope
2025-12-01,CY,PEPP,1906.905,20.268973214285715,2.7972040548,1.8326273843413337,single_maturity_ea_slope
2026-01-01,CY,PEPP,1906.905,20.477931701030926,2.8756189779804444,1.8438278954414102,single_maturity_ea_slope
2026-02-01,CY,PEPP,1756.664,0.0,3.016845950718333,1.8438278954414102,single_maturity_ea_slope
2026-03-01,CY,PEPP,1756.664,17.573669467787113,3.3182405988272277,1.8585779224860863,single_maturity_ea_slope
2026-04-01,CY,PEPP,1756.664,17.74408080808081,3.3421870627070835,1.8735638733974096,single_maturity_ea_slope
2026-05-01,CY,PEPP,1756.664,17.939787581699346,3.3128944747073334,1.8882629195709177,single_maturity_ea_slope
2026-06-01,CY,PEPP,1756.664,18.11740924092409,3.265426322170182,1.9024663375020157,single_maturity_ea_slope
2026-07-01,CY,PEPP,1756.664,18.298583333333333,3.3810567572869568,1.9178683210414422,single_maturity_ea_slope
2026-08-01,CY,PEPP,1756.664,18.50678466076696,3.473502379429635,1.9342572175689199,single_maturity_ea_slope
2015-03-01,CY,PSPP,0.0,0.0,5.489731925983347,,single_maturity_ea_slope
2015-04-01,CY,PSPP,0.0,0.0,5.535264506240301,,single_maturity_ea_slope
2015-05-01,CY,PSPP,0.0,0.0,3.078526752287498,,single_maturity_ea_slope
2015-06-01,CY,PSPP,0.0,0.0,2.7363283217631165,,single_maturity_ea_slope
2015-07-01,CY,PSPP,87.1111111111111,87.1111111111111,3.0148213305888083,3.0148213305888083,single_maturity_ea_slope
2015-08-01,CY,PSPP,87.1111111111111,1.3645224171539958,3.0658548526283878,3.015620727863865,single_maturity_ea_slope
2015-09-01,CY,PSPP,87.1111111111111,1.385354820469324,3.05164689952258,3.016193663163781,single_maturity_ea_slope
2015-10-01,CY,PSPP,167.11111111111111,81.33934672680061,3.048105172372871,3.031726210909262,single_maturity_ea_slope
2015-11-01,CY,PSPP,253.33333333333331,88.58254865034525,3.4192405192686186,3.1672275467235287,single_maturity_ea_slope
2015-12-01,CY,PSPP,253.33333333333331,3.633581946834959,3.2685129645470474,3.1686802922459543,single_maturity_ea_slope
2016-01-01,CY,PSPP,253.33333333333331,3.6843125848361447,3.2168983716301383,3.1693815441276323,single_maturity_ea_slope
2016-02-01,CY,PSPP,253.33333333333331,3.736479842674532,3.4718004497027435,3.1738419999620735,single_maturity_ea_slope
2016-03-01,CY,PSPP,239.1111111111111,0.0,3.4688804261818027,3.1738419999620735,single_maturity_ea_slope
2016-04-01,CY,PSPP,239.1111111111111,3.6695996180342405,3.4700116450828142,3.1783872676895246,single_maturity_ea_slope
2016-05-01,CY,PSPP,239.1111111111111,3.724472135687089,3.375088355462249,3.1814511475613743,single_maturity_ea_slope
2016-06-01,CY,PSPP,239.1111111111111,3.7810106121301565,3.3689700683002513,3.1844163423864673,single_maturity_ea_slope
2016-07-01,CY,PSPP,239.1111111111111,3.8467038467038464,3.4455542710262614,3.1886174030145207,single_maturity_ea_slope
2016-08-01,CY,PSPP,239.1111111111111,3.9070442992011616,3.429542354223385,3.192554085223816,single_maturity_ea_slope
2016-09-01,CY,PSPP,220.44444444444443,0.0,3.161707832536782,3.192554085223816,single_maturity_ea_slope
2016-10-01,CY,PSPP,220.44444444444443,3.6740740740740736,2.893379863387678,3.1875678481932135,single_maturity_ea_slope
2016-11-01,CY,PSPP,220.44444444444443,3.733815115928937,2.846053459928403,3.1817833903974004,single_maturity_ea_slope
2016-12-01,CY,PSPP,220.44444444444443,3.803389310635687,2.7800555112133383,3.174852267568138,single_maturity_ea_slope
2017-01-01,CY,PSPP,220.44444444444443,3.867446393762183,2.66241428096517,3.1658621274522964,single_maturity_ea_slope
2017-02-01,CY,PSPP,220.44444444444443,3.9336981521135694,2.520637220724773,3.15434847815309,single_maturity_ea_slope
2017-03-01,CY,PSPP,220.44444444444443,4.002259339949972,2.496727225498951,3.1424090944810836,single_maturity_ea_slope
2017-04-01,CY,PSPP,220.44444444444443,4.082304526748971,2.433446594707676,3.129280159300094,single_maturity_ea_slope
2017-05-01,CY,PSPP,220.44444444444443,4.156192391486509,2.208389993485423,3.111917976686695,single_maturity_ea_slope
2017-06-01,CY,PSPP,190.2222222222222,0.0,2.0914710180787037,3.111917976686695,single_maturity_ea_slope
2017-07-01,CY,PSPP,190.2222222222222,3.4460547504025762,1.7474278460880557,3.0871989525816472,single_maturity_ea_slope
2017-08-01,CY,PSPP,190.2222222222222,3.507046869878728,1.6809234680528555,3.061272044681042,single_maturity_ea_slope
2017-09-01,CY,PSPP,189.33333333333331,2.6733250104036643,1.3654647147320826,3.037327797420593,single_maturity_ea_slope
2017-10-01,CY,PSPP,189.33333333333331,3.618756371049948,0.9810259817492624,2.9980253926868135,single_maturity_ea_slope
2017-11-01,CY,PSPP,189.33333333333331,3.6863966770508823,0.691201624736139,2.9531105996971196,single_maturity_ea_slope
2017-12-01,CY,PSPP,189.33333333333331,3.756613756613756,0.7686661373359279,2.909768447666144,single_maturity_ea_slope
2018-01-01,CY,PSPP,189.33333333333331,3.8388753717220863,0.8469140038964228,2.8679425262596205,single_maturity_ea_slope
2018-02-01,CY,PSPP,189.33333333333331,3.915081334436173,1.023407547711257,2.82980077732355,single_maturity_ea_slope
2018-03-01,CY,PSPP,189.33333333333331,3.9943741209563988,0.9615018720192332,2.79038518860405,single_maturity_ea_slope
2018-04-01,CY,PSPP,189.33333333333331,4.07694516221648,1.2677429127423518,2.7575978872289055,single_maturity_ea_slope
2018-05-01,CY,PSPP,189.33333333333331,4.174015285126396,1.6395688939306308,2.732949981732912,single_maturity_ea_slope
2018-06-01,CY,PSPP,189.33333333333331,4.264264264264264,1.7424257729856294,2.7106408779322977,single_maturity_ea_slope
2018-07-01,CY,PSPP,189.33333333333331,4.370575561711295,1.265794170443445,2.677287999181401,single_maturity_ea_slope
2018-08-01,CY,PSPP,189.33333333333331,4.469625432798237,1.4092279559369558,2.6473526818243553,single_maturity_ea_slope
2018-09-01,CY,PSPP,189.33333333333331,4.573268921095007,1.1802508549255664,2.6119154396287323,single_maturity_ea_slope
2018-10-01,CY,PSPP,327.1111111111111,140.96520763187428,1.7231538474518764,2.2289126674181308,single_maturity_ea_slope
2018-11-01,CY,PSPP,447.1111111111111,125.02012141054499,1.8545990006154116,2.1242479903247613,single_maturity_ea_slope
2018-12-01,CY,PSPP,601.7777777777777,161.07962006757182,1.8848248586129015,2.060160899515343,single_maturity_ea_slope
2019-01-01,CY,PSPP,653.3333333333333,60.2769726247987,1.7560792186891294,2.0321061191823873,single_maturity_ea_slope
2019-02-01,CY,PSPP,703.1111111111111,59.346221441124825,1.5698945964170297,1.9930930713878154,single_maturity_ea_slope
2019-03-01,CY,PSPP,753.7777777777777,60.964134609125786,1.3413261761086828,1.9403793858574319,single_maturity_ea_slope
2019-04-01,CY,PSPP,857.7777777777777,114.46913580246914,1.1266918399895238,1.8317940242384445,single_maturity_ea_slope
2019-05-01,CY,PSPP,960.8888888888888,114.38579273279586,1.0089042046231982,1.7338358675390995,single_maturity_ea_slope
2019-06-01,CY,PSPP,1046.2222222222222,96.83822903363136,0.5822626271158968,1.62724635831587,single_maturity_ea_slope
2019-07-01,CY,PSPP,1170.6666666666665,136.14715386527456,0.47116859925746596,1.4927958772144354,single_maturity_ea_slope
2019-08-01,CY,PSPP,1252.4444444444443,94.97880018042405,0.29442067174892267,1.401917403773187,single_maturity_ea_slope
2019-09-01,CY,PSPP,1395.5555555555554,156.35608197029515,0.36393665103263495,1.285623499877342,single_maturity_ea_slope
2019-10-01,CY,PSPP,1485.3333333333333,104.33300885365972,0.3988744869411676,1.2233363414722855,single_maturity_ea_slope
2019-11-01,CY,PSPP,1615.111111111111,144.40872077751516,0.49145427777474476,1.1578980246583666,single_maturity_ea_slope
2019-12-01,CY,PSPP,1728.0,128.44872618283026,0.48747859083974127,1.1080632316709726,single_maturity_ea_slope
2020-01-01,CY,PSPP,1817.7777777777776,106.25375031782337,0.5378642157337845,1.074733643966955,single_maturity_ea_slope
2020-02-01,CY,PSPP,1854.2222222222222,53.54167711729801,0.49970242583812663,1.058129304182632,single_maturity_ea_slope
2020-03-01,CY,PSPP,1957.3333333333333,120.55112448791905,1.2068523620322753,1.0672890786348068,single_maturity_ea_slope
2020-04-01,CY,PSPP,2060.4444444444443,120.93746205221612,1.8278473815806466,1.1119299284034163,single_maturity_ea_slope
2020-05-01,CY,PSPP,2142.222222222222,100.34034034034039,1.6492480158683795,1.137097569373608,single_maturity_ea_slope
2020-06-01,CY,PSPP,2217.777777777778,94.52670523871384,1.0181689252182569,1.1320285615572445,single_maturity_ea_slope
2020-07-01,CY,PSPP,2345.777777777778,147.0138698369151,0.936178859745163,1.119754328745185,single_maturity_ea_slope
2020-08-01,CY,PSPP,2451.555555555555,125.40443254499439,0.8880447639789107,1.107901688319022,single_maturity_ea_slope
2020-09-01,CY,PSPP,2570.6666666666665,139.45934779400935,0.7215852672276075,1.0869439201158875,single_maturity_ea_slope
2020-10-01,CY,PSPP,2683.555555555555,134.3111111111109,0.44,1.0545645804903458,single_maturity_ea_slope
2020-11-01,CY,PSPP,2790.222222222222,129.07444518666995,0.2891050063142188,1.019154759343226,single_maturity_ea_slope
2020-12-01,CY,PSPP,2910.222222222222,143.3686953284943,0.1879479942146251,0.9782063298539794,single_maturity_ea_slope
2021-01-01,CY,PSPP,2985.777777777778,100.02765631423563,0.20620545388559167,0.9523432402193822,single_maturity_ea_slope
2021-02-01,CY,PSPP,3043.555555555555,83.01254601457401,0.2921308802008355,0.934336041758559,single_maturity_ea_slope
2021-03-01,CY,PSPP,3129.777777777778,111.91924650080719,0.3812931867446185,0.9145595131962776,single_maturity_ea_slope
2021-04-01,CY,PSPP,3206.222222222222,103.2772443225117,0.38976606594741137,0.8976551262530641,single_maturity_ea_slope
2021-05-01,CY,PSPP,3264.8888888888887,86.35425062368051,0.512152840557863,0.887458834088814,single_maturity_ea_slope
2021-06-01,CY,PSPP,3341.333333333333,105.02365390600674,0.32430355171730507,0.8697579286206003,single_maturity_ea_slope
2021-07-01,CY,PSPP,3408.0,96.38325625518826,0.20967734498680363,0.8510898781389541,single_maturity_ea_slope
2021-08-01,CY,PSPP,3464.0,86.73593073593074,0.10541997969728215,0.8324188698643856,single_maturity_ea_slope
2021-09-01,CY,PSPP,3544.0,111.791483113069,0.1688031141572595,0.8114858592696623,single_maturity_ea_slope
2021-10-01,CY,PSPP,3588.4444444444443,77.36900780379031,0.3195985753816757,0.8008804753226896,single_maturity_ea_slope
2021-11-01,CY,PSPP,3635.555555555555,80.82441855609812,0.48448852965293965,0.7938465585928207,single_maturity_ea_slope
2021-12-01,CY,PSPP,3680.8888888888887,79.87871109421866,0.5801832813563264,0.7892098668292262,single_maturity_ea_slope
2022-01-01,CY,PSPP,3758.222222222222,112.59088974031518,0.7912762058265329,0.7892717713501554,single_maturity_ea_slope
2022-02-01,CY,PSPP,3798.222222222222,76.41688199827735,1.5341199646295218,0.8042574602230823,single_maturity_ea_slope
2022-03-01,CY,PSPP,3856.0,94.92783863675888,1.85400921459002,0.8301004750434141,single_maturity_ea_slope
2022-04-01,CY,PSPP,3950.222222222222,132.24983563445096,2.211471370706416,0.8763475122034844,single_maturity_ea_slope
2022-05-01,CY,PSPP,3730.6666666666665,0.0,2.6535809759178717,0.8763475122034844,single_maturity_ea_slope
2022-06-01,CY,PSPP,3767.111111111111,71.21948794432006,3.3779124981980955,0.9236410939713522,single_maturity_ea_slope
2022-07-01,CY,PSPP,3816.0,84.28076328865531,3.335889615429348,0.9769183860652753,single_maturity_ea_slope
2022-08-01,CY,PSPP,3845.333333333333,65.63470319634672,3.0023847946345903,1.0114903919322873,single_maturity_ea_slope
2022-09-01,CY,PSPP,3907.555555555555,99.39675174013917,3.6601407459151742,1.0788642879494454,single_maturity_ea_slope
2022-10-01,CY,PSPP,3955.555555555555,86.4450566268748,4.125189738479013,1.1454389504402958,single_maturity_ea_slope
2022-11-01,CY,PSPP,3983.111111111111,67.03215790640951,4.150217766959367,1.1960066605754405,single_maturity_ea_slope
2022-12-01,CY,PSPP,4004.4444444444443,61.56677890011238,4.179302046139828,1.2418736690818477,single_maturity_ea_slope
2023-01-01,CY,PSPP,4018.6666666666665,54.76945231987754,4.175970044232623,1.2818617708205868,single_maturity_ea_slope
2023-02-01,CY,PSPP,4031.111111111111,53.28455284552835,4.124852533048446,1.3194413580196915,single_maturity_ea_slope
2023-03-01,CY,PSPP,4034.6666666666665,44.87485763746536,4.134829583228099,1.3507550094903846,single_maturity_ea_slope
2023-04-01,CY,PSPP,4046.222222222222,53.32229123533481,3.9723451560445517,1.3853030856011108,single_maturity_ea_slope
2023-05-01,CY,PSPP,4062.222222222222,58.2537826046598,3.9125673335582647,1.4215449980399846,single_maturity_ea_slope
2023-06-01,CY,PSPP,4069.333333333333,49.961556493201805,3.7653343636613634,1.4503210542650806,single_maturity_ea_slope
2023-07-01,CY,PSPP,3816.0,0.0,3.7334518234137937,1.4503210542650806,single_maturity_ea_slope
2023-08-01,CY,PSPP,3816.0,38.40579710144928,3.8024788978488693,1.473994140452518,single_maturity_ea_slope
2023-09-01,CY,PSPP,3816.0,38.78048780487805,3.949661569542857,1.4991533622928668,single_maturity_ea_slope
2023-10-01,CY,PSPP,3816.0,39.16256157635468,4.066176719912788,1.5254980190828906,single_maturity_ea_slope
2023-11-01,CY,PSPP,3816.0,39.552238805970156,3.7278946778836968,1.5483255134734462,single_maturity_ea_slope
2023-12-01,CY,PSPP,3816.0,40.0,3.1503652171926317,1.5651183824851775,single_maturity_ea_slope
2024-01-01,CY,PSPP,3816.0,40.406607369758575,3.167335896451955,1.5820838368897387,single_maturity_ea_slope
2024-02-01,CY,PSPP,3816.0,40.821566110397946,3.2394550289376824,1.5998135244383902,single_maturity_ea_slope
2024-03-01,CY,PSPP,3816.0,41.298701298701296,3.146296515118,1.616550353341849,single_maturity_ea_slope
2024-04-01,CY,PSPP,3816.0,41.73228346456693,3.222069002223778,1.6341085187933138,single_maturity_ea_slope
2024-05-01,CY,PSPP,3816.0,42.23107569721115,3.245527701468273,1.6519418430814385,single_maturity_ea_slope
2024-06-01,CY,PSPP,3545.7777777777774,0.0,3.2834698053900997,1.6519418430814385,single_maturity_ea_slope
2024-07-01,CY,PSPP,3545.7777777777774,37.21429237802033,3.165178583529565,1.667823840777158,single_maturity_ea_slope
2024-08-01,CY,PSPP,3545.7777777777774,37.64095305496579,2.9096003638977272,1.6810061817869306,single_maturity_ea_slope
2024-09-01,CY,PSPP,3545.7777777777774,38.02850469517136,2.7830103459569213,1.6928251882666603,single_maturity_ea_slope
2024-10-01,CY,PSPP,3545.7777777777774,38.4741512345679,2.7703326205871304,1.7045168921763876,single_maturity_ea_slope
2024-11-01,CY,PSPP,3545.7777777777774,38.879142300194935,2.81003550647619,1.7166388068068679,single_maturity_ea_slope
2024-12-01,CY,PSPP,3256.8888888888887,0.0,2.7154337020298245,1.7166388068068679,single_maturity_ea_slope
2025-01-01,CY,PSPP,3256.8888888888887,33.220000906659415,2.9407763348070457,1.7291249097036463,single_maturity_ea_slope
2025-02-01,CY,PSPP,3256.8888888888887,33.54850524195394,2.7753709697190003,1.739902063185469,single_maturity_ea_slope
2025-03-01,CY,PSPP,3256.8888888888887,33.925925925925924,2.938117586326984,1.7523834748848595,single_maturity_ea_slope
2025-04-01,CY,PSPP,3256.8888888888887,34.268612046389826,2.6961588467405333,1.7623137713058996,single_maturity_ea_slope
2025-05-01,CY,PSPP,3256.8888888888887,34.6182917611489,2.664999288346286,1.7719086428730806,single_maturity_ea_slope
2025-06-01,CY,PSPP,3256.8888888888887,34.97518136693394,2.650195102620444,1.7813404132741477,single_maturity_ea_slope
2025-07-01,CY,PSPP,3256.8888888888887,35.385581148293014,2.66757138948955,1.790969172250847,single_maturity_ea_slope
2025-08-01,CY,PSPP,3256.8888888888887,35.75855170058068,2.673594158287238,1.8006598286631919,single_maturity_ea_slope
2025-09-01,CY,PSPP,3256.8888888888887,36.187654320987654,2.694683960829545,1.8105934301317066,single_maturity_ea_slope
2025-10-01,CY,PSPP,3256.8888888888887,36.57781770989318,2.610618764224087,1.8195784406224116,single_maturity_ea_slope
2025-11-01,CY,PSPP,2987.555555555555,0.0,2.6857230644346504,1.8195784406224116,single_maturity_ea_slope
2025-12-01,CY,PSPP,2987.555555555555,31.15931951977008,2.8112871065499996,1.8299216682603714,single_maturity_ea_slope
2026-01-01,CY,PSPP,2987.555555555555,31.51429910923581,2.889017791856667,1.8410935682983072,single_maturity_ea_slope
2026-02-01,CY,PSPP,2698.6666666666665,0.0,3.0498031511966666,1.8410935682983072,single_maturity_ea_slope
2026-03-01,CY,PSPP,2698.6666666666665,25.938741509675765,3.345065866131864,1.8555492805035507,single_maturity_ea_slope
2026-04-01,CY,PSPP,2698.6666666666665,26.180313025481826,3.36896214766685,1.8702312058737807,single_maturity_ea_slope
2026-05-01,CY,PSPP,2698.6666666666665,26.426426426426424,3.338974330061917,1.8846137276539228,single_maturity_ea_slope
2026-06-01,CY,PSPP,2698.6666666666665,26.708894167326473,3.289257077619212,1.8985155818697315,single_maturity_ea_slope
2026-07-01,CY,PSPP,2698.6666666666665,26.96509459099387,3.4046771085481744,1.9135651574760308,single_maturity_ea_slope
2026-08-01,CY,PSPP,2698.6666666666665,27.226257734732307,3.4980354737835238,1.929550531934339,single_maturity_ea_slope
2020-03-01,DE,PEPP,2771.902,2771.902,-0.6136607613938638,-0.6136607613938638,single_maturity_ea_slope
2020-04-01,DE,PEPP,18359.628,15666.56280318544,-0.7425427435801149,-0.72363780821202,single_maturity_ea_slope
2020-05-01,DE,PEPP,41559.861,23685.93744444444,-0.7888112441514594,-0.7607816746628985,single_maturity_ea_slope
2020-06-01,DE,PEPP,64739.647000000004,24113.295905660383,-0.715754203774652,-0.7440104876125305,single_maturity_ea_slope
2020-07-01,DE,PEPP,82690.335,19309.62265575147,-0.7619890609815447,-0.748208795282277,single_maturity_ea_slope
2020-08-01,DE,PEPP,95347.028,14262.954363636363,-0.7540557017610119,-0.7490834335591475,single_maturity_ea_slope
2020-09-01,DE,PEPP,111167.672,17582.414657797486,-0.7597893003554008,-0.7507766865156624,single_maturity_ea_slope
2020-10-01,DE,PEPP,126987.427,17765.96774509803,-0.8238430250367653,-0.7609989127949486,single_maturity_ea_slope
2020-11-01,DE,PEPP,142790.291,17993.813396135265,-0.8222370422763808,-0.7687158763706953,single_maturity_ea_slope
2020-12-01,DE,PEPP,155461.208,15089.451739159907,-0.8087258535562775,-0.7725993443277095,single_maturity_ea_slope
2021-01-01,DE,PEPP,167798.75,14882.74841781269,-0.7760240759170651,-0.7729030975954956,single_maturity_ea_slope
2021-02-01,DE,PEPP,180456.332,15281.077153220758,-0.701475443073786,-0.7668545899730542,single_maturity_ea_slope
2021-03-01,DE,PEPP,196041.391,18289.740235012,-0.6569384644433411,-0.7565999321514444,single_maturity_ea_slope
2021-04-01,DE,PEPP,214448.136,21161.683041034285,-0.618068743111597,-0.7429297125429192,single_maturity_ea_slope
2021-05-01,DE,PEPP,232150.793,20632.276344262304,-0.5356967244910502,-0.7245119926554263,single_maturity_ea_slope
2021-06-01,DE,PEPP,248910.221,19854.771906666654,-0.568009236764654,-0.7120282685701224,single_maturity_ea_slope
2021-07-01,DE,PEPP,267758.799,22199.55028056005,-0.6913139707465921,-0.7103108718019214,single_maturity_ea_slope
2021-08-01,DE,PEPP,281924.125,17764.234588709678,-0.7586438294734381,-0.713356364976523,single_maturity_ea_slope
2021-09-01,DE,PEPP,297370.5,19247.940871089537,-0.6180366673588702,-0.7071865939212411,single_maturity_ea_slope
2021-10-01,DE,PEPP,311608.724,18235.13932258063,-0.4742633562091636,-0.6935560779439467,single_maturity_ea_slope
2021-11-01,DE,PEPP,325934.95900000003,18534.888754727217,-0.5466699970717471,-0.6852031317704615,single_maturity_ea_slope
2021-12-01,DE,PEPP,337114.134,15560.021223118267,-0.5770730245296416,-0.6802122204029626,single_maturity_ea_slope
2022-01-01,DE,PEPP,348995.619,16390.76983146066,-0.33074159047672247,-0.6637991414239494,single_maturity_ea_slope
2022-02-01,DE,PEPP,358363.012,14013.234573482408,-0.023079815667858578,-0.6387447973456504,single_maturity_ea_slope
2022-03-01,DE,PEPP,363549.438,9904.21183464985,0.09480633426350732,-0.6187605942645712,single_maturity_ea_slope
2022-04-01,DE,PEPP,364193.963,5370.856747269856,0.6142505904599078,-0.6005770791222934,single_maturity_ea_slope
2022-05-01,DE,PEPP,366706.277,7254.422893229179,0.794652758804404,-0.5729757319068165,single_maturity_ea_slope
2022-06-01,DE,PEPP,363806.359,1787.0231682004041,1.2954163141765527,-0.563798157653277,single_maturity_ea_slope
2022-07-01,DE,PEPP,354012.246,0.0,0.8496491260575341,-0.563798157653277,single_maturity_ea_slope
2022-08-01,DE,PEPP,352815.652,3239.6496842105425,0.8429800535706993,-0.5508807358724938,single_maturity_ea_slope
2022-09-01,DE,PEPP,351292.795,2807.2320034364075,1.6989570547067674,-0.5329019536767053,single_maturity_ea_slope
2022-10-01,DE,PEPP,351260.791,4273.054762254945,2.024482148302438,-0.5017916145899923,single_maturity_ea_slope
2022-11-01,DE,PEPP,353560.634,6610.849271477657,1.9857684684839096,-0.4552794093795389,single_maturity_ea_slope
2022-12-01,DE,PEPP,350556.703,1322.557423886401,2.0470906289669912,-0.44583863120241735,single_maturity_ea_slope
2023-01-01,DE,PEPP,354086.922,7864.5006889219,2.168284059824926,-0.3877772670933218,single_maturity_ea_slope
2023-02-01,DE,PEPP,352547.174,2799.5525147058615,2.3628849179916744,-0.36593445057038737,single_maturity_ea_slope
2023-03-01,DE,PEPP,354644.325,6430.326688298931,2.360045776747493,-0.3165076243903904,single_maturity_ea_slope
2023-04-01,DE,PEPP,351531.936,1227.3604493391822,2.30051267513726,-0.30737039706673114,single_maturity_ea_slope
2023-05-01,DE,PEPP,352444.05,5232.8113451327445,2.2527304882795764,-0.2693600378124763,single_maturity_ea_slope
2023-06-01,DE,PEPP,350794.066,2688.32286853767,2.3454100012247494,-0.24932165411897644,single_maturity_ea_slope
2023-07-01,DE,PEPP,353453.065,7041.733457771125,2.453379867273309,-0.1954765877887213,single_maturity_ea_slope
2023-08-01,DE,PEPP,352130.233,3099.753898398403,2.4789281247646517,-0.17193417178256035,single_maturity_ea_slope
2023-09-01,DE,PEPP,349656.146,1931.9469464464473,2.592225957524857,-0.15666142230455038,single_maturity_ea_slope
2023-10-01,DE,PEPP,350917.637,5643.14696491226,2.715817529486477,-0.1104687572189426,single_maturity_ea_slope
2023-11-01,DE,PEPP,350385.126,3891.5641008572875,2.5039313821544544,-0.08143183477931314,single_maturity_ea_slope
2023-12-01,DE,PEPP,348906.719,2959.094595744674,1.9826189692685268,-0.06392652104644572,single_maturity_ea_slope
2024-01-01,DE,PEPP,349824.167,5329.520824987388,2.0218201488304546,-0.032150470786438866,single_maturity_ea_slope
2024-02-01,DE,PEPP,349169.863,3736.059541666664,2.219302820767524,-0.008060294503020617,single_maturity_ea_slope
2024-03-01,DE,PEPP,349549.466,4742.04506646677,2.26980065336085,0.0228415386295615,single_maturity_ea_slope
2024-04-01,DE,PEPP,348079.949,2858.7329504705376,2.3486137782160483,0.04194278751131064,single_maturity_ea_slope
2024-05-01,DE,PEPP,348257.749,4475.083320987643,2.442768971003409,0.07279320574661574,single_maturity_ea_slope
2024-06-01,DE,PEPP,345732.989,1762.0168217626697,2.4007295514149245,0.08465745686400124,single_maturity_ea_slope
2024-07-01,DE,PEPP,346326.841,4881.215454861124,2.3503029629626955,0.11659002041487426,single_maturity_ea_slope
2024-08-01,DE,PEPP,342785.065,752.9516909722097,2.044624374037364,0.12082508452658684,single_maturity_ea_slope
2024-09-01,DE,PEPP,340574.12200000003,2046.1988902136418,1.9799449669704052,0.13199483817049598,single_maturity_ea_slope
2024-10-01,DE,PEPP,337719.543,1375.1045817188015,2.029184191546761,0.13971969101448978,single_maturity_ea_slope
2024-11-01,DE,PEPP,338234.274,4759.571912518824,2.11866191544369,0.167567010319247,single_maturity_ea_slope
2024-12-01,DE,PEPP,336466.942,2509.783250379368,1.9897293885935259,0.18115893286973703,single_maturity_ea_slope
2025-01-01,DE,PEPP,332480.666,268.4905907941784,2.2752401954925006,0.18284998192271446,single_maturity_ea_slope
2025-02-01,DE,PEPP,324887.717,0.0,2.2011939834096,0.18284998192271446,single_maturity_ea_slope
2025-03-01,DE,PEPP,319167.002,0.0,2.4698772964890474,0.18284998192271446,single_maturity_ea_slope
2025-04-01,DE,PEPP,313269.376,0.0,2.190307226431225,0.18284998192271446,single_maturity_ea_slope
2025-05-01,DE,PEPP,311966.991,2570.876325420367,2.2307425526029525,0.19972637807632568,single_maturity_ea_slope
2025-06-01,DE,PEPP,307534.437,0.0,2.211786924537524,0.19972637807632568,single_maturity_ea_slope
2025-07-01,DE,PEPP,307162.835,3464.905447604835,2.292767664897217,0.22333662427283424,single_maturity_ea_slope
2025-08-01,DE,PEPP,301987.966,0.0,2.3349110630715,0.22333662427283424,single_maturity_ea_slope
2025-09-01,DE,PEPP,299052.488,809.4124513888864,2.354359778054727,0.2291044300730959,single_maturity_ea_slope
2025-10-01,DE,PEPP,294915.082,0.0,2.2992095867608695,0.2291044300730959,single_maturity_ea_slope
2025-11-01,DE,PEPP,294220.773,2990.2872268865485,2.33546845470455,0.25051227756736094,single_maturity_ea_slope
2025-12-01,DE,PEPP,292858.825,2341.7374607251004,2.4898018533519046,0.26841792983864177,single_maturity_ea_slope
2026-01-01,DE,PEPP,292275.641,3142.7552493638595,2.469522586770238,0.2920857702077645,single_maturity_ea_slope
2026-02-01,DE,PEPP,287080.325,0.0,2.410134920689525,0.2920857702077645,single_maturity_ea_slope
2026-03-01,DE,PEPP,283834.586,373.52883913262576,2.640671478462819,0.29517652988427545,single_maturity_ea_slope
2026-04-01,DE,PEPP,275392.642,0.0,2.7417925820492504,0.29517652988427545,single_maturity_ea_slope
2026-05-01,DE,PEPP,273984.466,2027.3609510978267,2.7977941914085998,0.3136947670550725,single_maturity_ea_slope
2026-06-01,DE,PEPP,272162.905,1611.8282982456267,2.7298035360689776,0.32800366960568283,single_maturity_ea_slope
2026-07-01,DE,PEPP,271696.18,2980.120301418405,2.8335617069359134,0.3554860743028334,single_maturity_ea_slope
2026-08-01,DE,PEPP,266630.658,0.0,2.9497937496688333,0.3554860743028334,single_maturity_ea_slope
2015-03-01,DE,PSPP,9840.0,9840.0,0.08974650314707147,0.08974650314707147,single_maturity_ea_slope
2015-04-01,DE,PSPP,19749.333333333332,10013.130801687763,-0.012951185608583299,0.03767763716637728,single_maturity_ea_slope
2015-05-01,DE,PSPP,30544.0,11026.466353677622,0.2659797135551515,0.12009530229784522,single_maturity_ea_slope
2015-06-01,DE,PSPP,41184.0,11011.039844509232,0.37937555659734035,0.18941701002381228,single_maturity_ea_slope
2015-07-01,DE,PSPP,51828.44444444444,11141.11593503778,0.2796873303614714,0.20882164612962661,single_maturity_ea_slope
2015-08-01,DE,PSPP,60651.555555555555,9432.28417698376,0.23536612906366017,0.21294973656476085,single_maturity_ea_slope
2015-09-01,DE,PSPP,71185.77777777778,11259.372336468467,0.25143854290967127,0.2190374666556844,single_maturity_ea_slope
2015-10-01,DE,PSPP,82025.77777777777,11691.097295286663,0.1442179028724777,0.2083734678070523,single_maturity_ea_slope
2015-11-01,DE,PSPP,93495.11111111111,12445.830687830698,0.108462952802931,0.19507363491849083,single_maturity_ea_slope
2015-12-01,DE,PSPP,102777.77777777777,10397.296031367552,0.1349243869128739,0.18898876374205095,single_maturity_ea_slope
2016-01-01,DE,PSPP,113752.88888888888,12200.40650664971,0.021170369690931556,0.1709896373311456,single_maturity_ea_slope
2016-02-01,DE,PSPP,124810.66666666666,12421.721289634961,-0.19077704572371232,0.134984983011137,single_maturity_ea_slope
2016-03-01,DE,PSPP,135842.66666666666,12513.608103830325,-0.18211646959096114,0.10577410689697074,single_maturity_ea_slope
2016-04-01,DE,PSPP,152718.22222222222,18458.803418803425,-0.18709922979806842,0.07037498248340675,single_maturity_ea_slope
2016-05-01,DE,PSPP,170116.44444444444,19141.580923389138,-0.16570535838311218,0.04381111345901307,single_maturity_ea_slope
2016-06-01,DE,PSPP,185128.0,16919.546184138384,-0.25887809049519456,0.01614720542919965,single_maturity_ea_slope
2016-07-01,DE,PSPP,200458.66666666666,17365.93491644678,-0.36073693911388477,-0.01650264520589017,single_maturity_ea_slope
2016-08-01,DE,PSPP,211452.44444444444,13166.065019505855,-0.3232775572795292,-0.03560395400998824,single_maturity_ea_slope
2016-09-01,DE,PSPP,226730.66666666666,17520.084440674767,-0.28802487996836007,-0.05510919343084582,single_maturity_ea_slope
2016-10-01,DE,PSPP,242744.88888888888,18378.95591711862,-0.19537857958599897,-0.06572941648257348,single_maturity_ea_slope
2016-11-01,DE,PSPP,258113.77777777775,17881.775937428098,-0.030678852271776635,-0.0633011604588384,single_maturity_ea_slope
2016-12-01,DE,PSPP,270174.2222222222,14706.137123593451,-0.00289397493932958,-0.06001307343782883,single_maturity_ea_slope
2017-01-01,DE,PSPP,285919.1111111111,18510.8002548003,-0.00860565622658055,-0.05668488586787377,single_maturity_ea_slope
2017-02-01,DE,PSPP,300994.6666666666,18095.402525465845,-0.04973837753778659,-0.056267270945418564,single_maturity_ea_slope
2017-03-01,DE,PSPP,316085.3333333333,18369.4756717502,0.016781008894569405,-0.05202202936703512,single_maturity_ea_slope
2017-04-01,DE,PSPP,327187.55555555556,14628.386137141182,-0.11928663790245306,-0.05502939517393134,single_maturity_ea_slope
2017-05-01,DE,PSPP,337782.2222222222,14339.945461945423,-0.034549197130660125,-0.054159944671005995,single_maturity_ea_slope
2017-06-01,DE,PSPP,348352.8888888889,14507.522403522422,-0.12926870749332886,-0.05728792808696457,single_maturity_ea_slope
2017-07-01,DE,PSPP,359169.77777777775,14963.947089947076,0.04576799313140817,-0.05299435037572515,single_maturity_ea_slope
2017-08-01,DE,PSPP,367883.55555555556,13057.872816212472,-0.076225532033942,-0.053818931444605006,single_maturity_ea_slope
2017-09-01,DE,PSPP,378262.2222222222,14887.043572984712,-0.1016419595145805,-0.055701074203898436,single_maturity_ea_slope
2017-10-01,DE,PSPP,388529.77777777775,14944.38817452468,-0.09389097447723233,-0.05717000844439702,single_maturity_ea_slope
2017-11-01,DE,PSPP,398807.11111111107,15138.817039261463,-0.15909281424694383,-0.06103902347994648,single_maturity_ea_slope
2017-12-01,DE,PSPP,408282.6666666666,14541.702800361343,-0.1487251147511141,-0.06416211731442395,single_maturity_ea_slope
2018-01-01,DE,PSPP,412569.77777777775,9537.659807956115,0.02220010685628626,-0.062165622275850506,single_maturity_ea_slope
2018-02-01,DE,PSPP,417083.5555555555,9835.885334250634,0.2051070431828691,-0.05586265670596644,single_maturity_ea_slope
2018-03-01,DE,PSPP,421319.11111111107,9657.858669902358,0.08619464259655785,-0.05260629048969485,single_maturity_ea_slope
2018-04-01,DE,PSPP,425512.8888888889,9637.177146138418,0.050542358796790365,-0.05027014079478318,single_maturity_ea_slope
2018-05-01,DE,PSPP,431640.0,11693.73707773709,-0.0047136687706826885,-0.04903595164169469,single_maturity_ea_slope
2018-06-01,DE,PSPP,436963.5555555555,10935.100017333974,-0.11831340052007105,-0.05076963359937565,single_maturity_ea_slope
2018-07-01,DE,PSPP,442604.44444444444,11295.179204048814,-0.1348331256931088,-0.052914917542262116,single_maturity_ea_slope
2018-08-01,DE,PSPP,447424.0,10618.88003726998,-0.1302851800242653,-0.05475117472951287,single_maturity_ea_slope
2018-09-01,DE,PSPP,453040.0,11487.706036745407,-0.04744040848313891,-0.054565796101705824,single_maturity_ea_slope
2018-10-01,DE,PSPP,455595.5555555555,8473.005921281732,-0.016471473105770573,-0.05385733127939608,single_maturity_ea_slope
2018-11-01,DE,PSPP,457821.3333333333,8242.623466572786,-0.11888828814718394,-0.055028149788942986,single_maturity_ea_slope
2018-12-01,DE,PSPP,460939.5555555555,9164.4627575277,-0.20088712850730228,-0.05792813778564317,single_maturity_ea_slope
2019-01-01,DE,PSPP,459606.2222222222,4725.283327491548,-0.25980142722851535,-0.06000362859222555,single_maturity_ea_slope
2019-02-01,DE,PSPP,458093.3333333333,4518.68883056286,-0.29824169427854735,-0.06235363809487061,single_maturity_ea_slope
2019-03-01,DE,PSPP,454637.3333333333,2518.091462354373,-0.3203301571169211,-0.0637824879107766,single_maturity_ea_slope
2019-04-01,DE,PSPP,456578.6666666666,7851.855087536815,-0.3639504702498751,-0.06894452387809785,single_maturity_ea_slope
2019-05-01,DE,PSPP,460893.3333333333,10306.51268591428,-0.4601546812764459,-0.07769277896984272,single_maturity_ea_slope
2019-06-01,DE,PSPP,459898.6666666666,5053.802274715642,-0.5960016666134378,-0.08338844809270428,single_maturity_ea_slope
2019-07-01,DE,PSPP,460271.11111111107,6379.48032044583,-0.6578052547968389,-0.0913500181883294,single_maturity_ea_slope
2019-08-01,DE,PSPP,461453.3333333333,7260.815871338876,-0.8520121276453264,-0.1033187853812665,single_maturity_ea_slope
2019-09-01,DE,PSPP,460539.5555555555,5180.428948758552,-0.7873214573289355,-0.1110128633383953,single_maturity_ea_slope
2019-10-01,DE,PSPP,462907.5555555555,8402.323317027718,-0.6684738947136719,-0.1211314448263068,single_maturity_ea_slope
2019-11-01,DE,PSPP,467914.6666666666,11120.523096789353,-0.5613366490760343,-0.1315934211008682,single_maturity_ea_slope
2019-12-01,DE,PSPP,469184.8888888889,7459.569664903024,-0.5272303645295371,-0.13788365211940035,single_maturity_ea_slope
2020-01-01,DE,PSPP,469592.0,6535.440380819704,-0.5166836608184794,-0.14315551550954925,single_maturity_ea_slope
2020-02-01,DE,PSPP,472259.5555555555,8849.651395471248,-0.6586447000654962,-0.15281524505401417,single_maturity_ea_slope
2020-03-01,DE,PSPP,474078.2222222222,8045.717768401331,-0.7140269036406808,-0.16233972941475786,single_maturity_ea_slope
2020-04-01,DE,PSPP,474636.44444444444,6673.782364407777,-0.6259713167876906,-0.16885877435454022,single_maturity_ea_slope
2020-05-01,DE,PSPP,480521.77777777775,12065.49537037035,-0.7101115512008835,-0.18244917373964312,single_maturity_ea_slope
2020-06-01,DE,PSPP,480822.2222222222,6537.746855890152,-0.6251353962294206,-0.1884683848440143,single_maturity_ea_slope
2020-07-01,DE,PSPP,486000.8888888889,11371.637071383613,-0.6938008754323672,-0.20029235022088196,single_maturity_ea_slope
2020-08-01,DE,PSPP,489745.77777777775,10063.153175015876,-0.6931780081095434,-0.21042002073518024,single_maturity_ea_slope
2020-09-01,DE,PSPP,493245.3333333333,9768.7027365307,-0.6960116268213395,-0.22003714173083797,single_maturity_ea_slope
2020-10-01,DE,PSPP,499653.3333333333,12683.385920271416,-0.7654399590158922,-0.23388184955552233,single_maturity_ea_slope
2020-11-01,DE,PSPP,511333.3333333333,18066.16223585549,-0.7659630257636254,-0.25268106373809157,single_maturity_ea_slope
2020-12-01,DE,PSPP,515836.44444444444,11038.557600545344,-0.7572352478269826,-0.26347818845396886,single_maturity_ea_slope
2021-01-01,DE,PSPP,515610.6666666666,6287.308641975277,-0.7234197826136378,-0.26908667358958277,single_maturity_ea_slope
2021-02-01,DE,PSPP,522919.11111111107,13858.376693766932,-0.6375070117718655,-0.27885053136354393,single_maturity_ea_slope
2021-03-01,DE,PSPP,527188.4444444444,10901.995828400679,-0.5924022666997254,-0.2853346258968092,single_maturity_ea_slope
2021-04-01,DE,PSPP,532521.7777777778,11969.643056954274,-0.5688810338983061,-0.2917079789416789,single_maturity_ea_slope
2021-05-01,DE,PSPP,538255.1111111111,12436.779679982135,-0.49293724789537563,-0.29635752899978207,single_maturity_ea_slope
2021-06-01,DE,PSPP,541812.4444444444,10292.257146034846,-0.5369003856325174,-0.3009268757552713,single_maturity_ea_slope
2021-07-01,DE,PSPP,545909.3333333333,10825.80648010155,-0.6596637355986452,-0.30804090657469374,single_maturity_ea_slope
2021-08-01,DE,PSPP,549414.2222222222,10345.857978279131,-0.7340794178430983,-0.3160635127479238,single_maturity_ea_slope
2021-09-01,DE,PSPP,550971.5555555555,8370.505731922322,-0.5815000007646934,-0.320096094143465,single_maturity_ea_slope
2021-10-01,DE,PSPP,554195.5555555555,10016.055665132586,-0.4300158920069056,-0.32208269039647297,single_maturity_ea_slope
2021-11-01,DE,PSPP,562005.3333333333,14702.75732448864,-0.5078805489488734,-0.32694339306899617,single_maturity_ea_slope
2021-12-01,DE,PSPP,564360.8888888889,9366.600133067263,-0.5481658712416229,-0.3306149843048254,single_maturity_ea_slope
2022-01-01,DE,PSPP,566144.0,8771.235044851699,-0.29363235716036984,-0.33004201468003,single_maturity_ea_slope
2022-02-01,DE,PSPP,569517.3333333333,10446.596701649098,0.006471700439923872,-0.32386937890465095,single_maturity_ea_slope
2022-03-01,DE,PSPP,573316.4444444444,10957.448634154527,0.11872957016308461,-0.31541025428519237,single_maturity_ea_slope
2022-04-01,DE,PSPP,583153.7777777778,17021.749930381546,0.6292294502275778,-0.2878370455754765,single_maturity_ea_slope
2022-05-01,DE,PSPP,592509.3333333333,16707.46904241604,0.810240985633035,-0.25687364351501946,single_maturity_ea_slope
2022-06-01,DE,PSPP,592650.6666666666,7577.4444444444825,1.3032833428480484,-0.2369259685123567,single_maturity_ea_slope
2022-07-01,DE,PSPP,589407.1111111111,4127.721393034876,0.8555820661523763,-0.22927494309760224,single_maturity_ea_slope
2022-08-01,DE,PSPP,590478.2222222221,8468.288710397042,0.8422247743661807,-0.2139081291845612,single_maturity_ea_slope
2022-09-01,DE,PSPP,588816.8888888889,5661.065255731999,1.6954929237284622,-0.1955505647806235,single_maturity_ea_slope
2022-10-01,DE,PSPP,591640.0,10103.240795691847,2.0200328289819853,-0.15771577921825486,single_maturity_ea_slope
2022-11-01,DE,PSPP,594044.4444444444,9774.150473343234,1.9820064690958432,-0.12250971438291883,single_maturity_ea_slope
2022-12-01,DE,PSPP,591640.0,5006.289642936414,2.0454299375247595,-0.1041652247847568,single_maturity_ea_slope
2023-01-01,DE,PSPP,594056.0,9841.200803212852,2.1683085390062056,-0.06651916005432776,single_maturity_ea_slope
2023-02-01,DE,PSPP,591245.3333333333,4611.322338830508,2.363836537217112,-0.04756399392227915,single_maturity_ea_slope
2023-03-01,DE,PSPP,588081.7777777778,4190.242122719785,2.3605488108424892,-0.030405537238047033,single_maturity_ea_slope
2023-04-01,DE,PSPP,579749.3333333333,0.0,2.3003661499529153,-0.030405537238047033,single_maturity_ea_slope
2023-05-01,DE,PSPP,577320.0,4717.477975016513,2.2524601726022566,-0.011751465482188816,single_maturity_ea_slope
2023-06-01,DE,PSPP,570393.7777777778,159.19751268202253,2.345092903436431,-0.011093667701202759,single_maturity_ea_slope
2023-07-01,DE,PSPP,569905.7777777778,6595.8770215819395,2.452357839876833,0.017417401717979633,single_maturity_ea_slope
2023-08-01,DE,PSPP,562519.1111111111,0.0,2.4790389646023474,0.017417401717979633,single_maturity_ea_slope
2023-09-01,DE,PSPP,555978.6666666666,424.8739199823376,2.5923378185638573,0.019385132850015627,single_maturity_ea_slope
2023-10-01,DE,PSPP,551072.8888888889,1999.0740188773234,2.716732411337886,0.029170039661865283,single_maturity_ea_slope
2023-11-01,DE,PSPP,548256.8888888889,4068.968626797713,2.504394374668454,0.04754027880986655,single_maturity_ea_slope
2023-12-01,DE,PSPP,545721.7777777778,4366.410652344174,1.982794428714632,0.06302456893577461,single_maturity_ea_slope
2024-01-01,DE,PSPP,540163.5555555555,1321.7800190507942,2.022238808451364,0.06781876544939919,single_maturity_ea_slope
2024-02-01,DE,PSPP,532980.4444444444,0.0,2.219237262033024,0.06781876544939919,single_maturity_ea_slope
2024-03-01,DE,PSPP,529318.2222222222,3067.3288439956013,2.270626262078,0.08058374252464899,single_maturity_ea_slope
2024-04-01,DE,PSPP,519904.0,0.0,2.348864482913572,0.08058374252464899,single_maturity_ea_slope
2024-05-01,DE,PSPP,511823.11111111107,0.0,2.4435070685555,0.08058374252464899,single_maturity_ea_slope
2024-06-01,DE,PSPP,506376.0,928.3636162321209,2.4015578510427247,0.08483889663259439,single_maturity_ea_slope
2024-07-01,DE,PSPP,503627.5555555555,3606.6760374832156,2.350664731771913,0.10106537124574907,single_maturity_ea_slope
2024-08-01,DE,PSPP,496682.6666666666,0.0,2.042958370091114,0.10106537124574907,single_maturity_ea_slope
2024-09-01,DE,PSPP,493832.0,3401.632762672076,1.9752224703917625,0.11397501296773052,single_maturity_ea_slope
2024-10-01,DE,PSPP,485064.8888888889,0.0,2.027300249630609,0.11397501296773052,single_maturity_ea_slope
2024-11-01,DE,PSPP,483317.3333333333,4358.497929954116,2.1180164433449997,0.13204721899767138,single_maturity_ea_slope
2024-12-01,DE,PSPP,481504.0,4317.02350752581,1.988453439435315,0.14869121217975598,single_maturity_ea_slope
2025-01-01,DE,PSPP,477505.77777777775,2137.1498470947754,2.2716176813868185,0.15819269297894908,single_maturity_ea_slope
2025-02-01,DE,PSPP,466982.2222222222,0.0,2.1982239309983,0.15819269297894908,single_maturity_ea_slope
2025-03-01,DE,PSPP,462533.3333333333,1420.6714708675618,2.4593961546366665,0.16526084109073663,single_maturity_ea_slope
2025-04-01,DE,PSPP,453842.6666666666,0.0,2.177597173948475,0.16526084109073663,single_maturity_ea_slope
2025-05-01,DE,PSPP,452419.5555555555,4281.296463884685,2.2169310592699523,0.1846760240603631,single_maturity_ea_slope
2025-06-01,DE,PSPP,448729.77777777775,2013.9483386563816,2.1947716910282384,0.1936975533403636,single_maturity_ea_slope
2025-07-01,DE,PSPP,448359.11111111107,5355.849129374377,2.2745014009638473,0.21855368138485717,single_maturity_ea_slope
2025-08-01,DE,PSPP,439557.3333333333,0.0,2.3193304795895235,0.21855368138485717,single_maturity_ea_slope
2025-09-01,DE,PSPP,437458.6666666666,3493.665818490227,2.3347727575549997,0.23545439181582953,single_maturity_ea_slope
2025-10-01,DE,PSPP,429853.3333333333,0.0,2.2842337694739125,0.23545439181582953,single_maturity_ea_slope
2025-11-01,DE,PSPP,428513.77777777775,4137.678559293231,2.3216448405671,0.25559840103570786,single_maturity_ea_slope
2025-12-01,DE,PSPP,428439.11111111107,5453.116844398559,2.4723125431842856,0.2838124480596081,single_maturity_ea_slope
2026-01-01,DE,PSPP,427283.5555555555,4423.078703703696,2.452735929095238,0.306264328395743,single_maturity_ea_slope
2026-02-01,DE,PSPP,418515.5555555555,0.0,2.3957795035027,0.306264328395743,single_maturity_ea_slope
2026-03-01,DE,PSPP,414468.44444444444,1343.3519949625497,2.628956355105182,0.3137925081874424,single_maturity_ea_slope
2026-04-01,DE,PSPP,400034.6666666666,0.0,2.73366048267675,0.3137925081874424,single_maturity_ea_slope
2026-05-01,DE,PSPP,398969.77777777775,4009.1175376289657,2.789659625660775,0.3386716916102778,single_maturity_ea_slope
2026-06-01,DE,PSPP,396458.6666666666,2580.3868186716445,2.7216006472728864,0.35418119861316705,single_maturity_ea_slope
2026-07-01,DE,PSPP,395325.3333333333,3973.0379529452357,2.826222237437348,0.37902532581764664,single_maturity_ea_slope
2026-08-01,DE,PSPP,386953.77777777775,0.0,2.944405082762738,0.37902532581764664,single_maturity_ea_slope
2020-03-01,EE,PEPP,0.0,0.0,,,missing
2020-04-01,EE,PEPP,0.0,0.0,,,missing
2020-05-01,EE,PEPP,0.0,0.0,,,missing
2020-06-01,EE,PEPP,64.897,64.897,0.06986373353175218,0.06986373353175218,single_maturity_ea_slope
2020-07-01,EE,PEPP,144.907,80.59151433691757,0.015447149362907545,0.03959939210442621,single_maturity_ea_slope
2020-08-01,EE,PEPP,164.465,20.859248204022983,-0.035194248379607884,0.03011324544137371,single_maturity_ea_slope
2020-09-01,EE,PEPP,170.688,7.709487707881402,-0.029317084627825125,0.027428947780472984,single_maturity_ea_slope
2020-10-01,EE,PEPP,170.688,1.5579408543263964,-0.12095968404540551,0.026074542597688405,single_maturity_ea_slope
2020-11-01,EE,PEPP,183.13400000000001,14.012519823788573,-0.1811697095459358,0.01021722395926642,single_maturity_ea_slope
2020-12-01,EE,PEPP,183.13400000000001,1.6956851851851853,-0.2210401157074972,0.008075952295685276,single_maturity_ea_slope
2021-01-01,EE,PEPP,187.579,6.155893124065763,-0.2355345533729007,8.123947177944536e-05,single_maturity_ea_slope
2021-02-01,EE,PEPP,221.361,35.53638645716422,-0.171266718436352,-0.02742625846538775,single_maturity_ea_slope
2021-03-01,EE,PEPP,226.695,7.423099660249154,-0.02836131929843315,-0.027456876916399427,single_maturity_ea_slope
2021-04-01,EE,PEPP,228.473,3.93700000000002,-0.00033006273477090287,-0.026989433203430842,single_maturity_ea_slope
2021-05-01,EE,PEPP,225.806,0.0,0.08282358668893466,-0.026989433203430842,single_maturity_ea_slope
2021-06-01,EE,PEPP,225.806,2.104828486204325,0.05117034337571541,-0.02626087451048578,single_maturity_ea_slope
2021-07-01,EE,PEPP,225.806,2.1238337095560573,0.01703519569040665,-0.025853650373908535,single_maturity_ea_slope
2021-08-01,EE,PEPP,225.806,2.1456290383884458,-0.05214924338466194,-0.02610351347739346,single_maturity_ea_slope
2021-09-01,EE,PEPP,227.584,3.943381664748745,-0.05713904397172845,-0.02664127070947968,single_maturity_ea_slope
2021-10-01,EE,PEPP,227.584,2.202710027100271,0.08499225221410589,-0.025560806879402393,single_maturity_ea_slope
2021-11-01,EE,PEPP,227.584,2.2233685033216104,0.11477711379630193,-0.024189783816919937,single_maturity_ea_slope
2021-12-01,EE,PEPP,227.584,2.247077409162717,0.03413489342753591,-0.023613908251710062,single_maturity_ea_slope
2022-01-01,EE,PEPP,227.584,2.268580542264753,0.22330229042731842,-0.02115262237971018,single_maturity_ea_slope
2022-02-01,EE,PEPP,227.584,2.2904991948470212,0.7213473851162696,-0.013679796217311024,single_maturity_ea_slope
2022-03-01,EE,PEPP,227.584,2.3156695156695157,1.1192950529783354,-0.002151765598714701,single_maturity_ea_slope
2022-04-01,EE,PEPP,227.584,2.338512124948623,1.4308263810549207,0.012572629660776003,single_maturity_ea_slope
2022-05-01,EE,PEPP,227.584,2.3618098796180993,1.8352651276647998,0.031488076921091734,single_maturity_ea_slope
2022-06-01,EE,PEPP,227.584,2.3855765199161425,2.3986043597227322,0.056300616573100544,single_maturity_ea_slope
2022-07-01,EE,PEPP,227.584,2.4128922815945715,2.519649360193632,0.08241754557671094,single_maturity_ea_slope
2022-08-01,EE,PEPP,227.584,2.4377035132819196,2.2589469710393466,0.10573084276461407,single_maturity_ea_slope
2022-09-01,EE,PEPP,227.584,2.4662332032943217,2.8632790746840966,0.1356132466649119,single_maturity_ea_slope
2022-10-01,EE,PEPP,227.584,2.492159439334209,3.953139526120811,0.17741708240139784,single_maturity_ea_slope
2022-11-01,EE,PEPP,227.584,2.5186365648517044,3.6904472026603856,0.21629523778275006,single_maturity_ea_slope
2022-12-01,EE,PEPP,227.584,2.5491039426523296,3.429721850353119,0.25228791937516015,single_maturity_ea_slope
2023-01-01,EE,PEPP,227.584,2.576811594202898,3.7690739642791664,0.2921066019488015,single_maturity_ea_slope
2023-02-01,EE,PEPP,227.584,2.605128205128205,3.82222160549543,0.3325154275388499,single_maturity_ea_slope
2023-03-01,EE,PEPP,227.584,2.634074074074074,3.9372849374538363,0.3742372968665696,single_maturity_ea_slope
2023-04-01,EE,PEPP,227.584,2.66741678387248,3.834193590240387,0.41478999603878963,single_maturity_ea_slope
2023-05-01,EE,PEPP,227.584,2.6977714556661927,3.855556921122795,0.45557670686245016,single_maturity_ea_slope
2023-06-01,EE,PEPP,227.584,2.7288249400479616,3.905556121129886,0.4969433665059446,single_maturity_ea_slope
2023-07-01,EE,PEPP,227.584,2.7646258503401357,4.081525237140047,0.5404878498712762,single_maturity_ea_slope
2023-08-01,EE,PEPP,227.584,2.7972468043264502,4.0841498044400435,0.584043183629496,single_maturity_ea_slope
2023-09-01,EE,PEPP,227.584,2.8348779272546087,4.182273897970143,0.628864194022379,single_maturity_ea_slope
2023-10-01,EE,PEPP,227.584,2.869188098840141,3.982207608252204,0.6711403338891191,single_maturity_ea_slope
2023-11-01,EE,PEPP,227.584,2.9043389484430833,3.571314058802454,0.7081512287961295,single_maturity_ea_slope
2023-12-01,EE,PEPP,227.584,2.944927536231884,3.0910048612071583,0.7389852561306406,single_maturity_ea_slope
2024-01-01,EE,PEPP,227.584,2.981970649895178,3.1520055631900004,0.7706023985187349,single_maturity_ea_slope
2024-02-01,EE,PEPP,227.584,3.0199575371549896,3.375942706325524,0.8051743240469565,single_maturity_ea_slope
2024-03-01,EE,PEPP,227.584,3.063866451265482,3.41646197027845,0.840328977334941,single_maturity_ea_slope
2024-04-01,EE,PEPP,227.584,3.103982542280414,3.5445567396218576,0.8772115163732241,single_maturity_ea_slope
2024-05-01,EE,PEPP,227.584,3.1451630735212825,3.6436261416285003,0.9154427853789632,single_maturity_ea_slope
2024-06-01,EE,PEPP,227.584,3.192817059483726,3.69532316005335,0.9544422294681099,single_maturity_ea_slope
2024-07-01,EE,PEPP,227.584,3.236405005688282,3.696191977661782,0.9934318447723429,single_maturity_ea_slope
2024-08-01,EE,PEPP,227.584,3.286886192952051,3.364970299058614,1.0276828334246577,single_maturity_ea_slope
2024-09-01,EE,PEPP,227.584,3.3330990041007618,3.2004233390791197,1.0595038718788823,single_maturity_ea_slope
2024-10-01,EE,PEPP,227.584,3.380629827688651,3.142106321287848,1.0904397371404533,single_maturity_ea_slope
2024-11-01,EE,PEPP,227.584,3.4357487922705316,3.2520145124890467,1.1230722065750636,single_maturity_ea_slope
2024-12-01,EE,PEPP,227.584,3.4862745098039216,3.168362311996421,1.1544032437291898,single_maturity_ea_slope
2025-01-01,EE,PEPP,227.584,3.5383084577114423,3.202126348492728,1.1862397347858367,single_maturity_ea_slope
2025-02-01,EE,PEPP,227.584,3.591919191919192,2.9422421490141,1.213954419353833,single_maturity_ea_slope
2025-03-01,EE,PEPP,227.584,3.6542068079640333,3.0774677119623806,1.2438759558440151,single_maturity_ea_slope
2025-04-01,EE,PEPP,227.584,3.711415525114155,2.8757783447210254,1.2704888454212657,single_maturity_ea_slope
2025-05-01,EE,PEPP,227.584,3.770444002650762,2.7740366107899526,1.2953985168157105,single_maturity_ea_slope
2025-06-01,EE,PEPP,227.584,3.839136302294197,2.6862694322334293,1.3188612515562252,single_maturity_ea_slope
2025-07-01,EE,PEPP,227.584,3.90233196159122,2.6716990205729556,1.3420580582951953,single_maturity_ea_slope
2025-08-01,EE,PEPP,227.584,3.9759608665269046,2.6495455698196193,1.364900258007362,single_maturity_ea_slope
2025-09-01,EE,PEPP,227.584,4.043781094527363,2.703356150972727,1.388682345657777,single_maturity_ea_slope
2025-10-01,EE,PEPP,227.584,4.113955169920462,2.7014907958537386,1.4124135179317459,single_maturity_ea_slope
2025-11-01,EE,PEPP,227.584,4.186607799852833,2.7572779686799,1.437153482073544,single_maturity_ea_slope
2025-12-01,EE,PEPP,227.584,4.271471471471472,2.818392814959873,1.4630776437268158,single_maturity_ea_slope
2026-01-01,EE,PEPP,227.584,4.3498470948012224,2.6787276118390473,1.4863125437289608,single_maturity_ea_slope
2026-02-01,EE,PEPP,227.584,4.431152647975078,2.5262679397294,1.5065608964548263,single_maturity_ea_slope
2026-03-01,EE,PEPP,227.584,4.526332537788385,2.8228487307230004,1.532740049881003,single_maturity_ea_slope
2026-04-01,EE,PEPP,227.584,4.614436334144362,2.9587717615697837,1.5616539126484155,single_maturity_ea_slope
2026-05-01,EE,PEPP,227.584,4.706038047973532,2.99523066506675,1.591297766089655,single_maturity_ea_slope
2026-06-01,EE,PEPP,227.584,4.8013502109704636,3.210625008664318,1.625460788084901,single_maturity_ea_slope
2026-07-01,EE,PEPP,227.584,4.913298791018998,3.3558998442978267,1.6628191442207587,single_maturity_ea_slope
2026-08-01,EE,PEPP,227.584,5.017283950617284,3.4278660627302857,1.7017311133237025,single_maturity_ea_slope
2015-03-01,EE,PSPP,0.0,0.0,,,missing
2015-04-01,EE,PSPP,0.0,0.0,,,missing
2015-05-01,EE,PSPP,0.0,0.0,,,missing
2015-06-01,EE,PSPP,4.444444444444445,4.444444444444445,,,missing
2015-07-01,EE,PSPP,17.77777777777778,13.458882611424984,,,missing
2015-08-01,EE,PSPP,26.666666666666664,9.405084527035743,,,missing
2015-09-01,EE,PSPP,33.77777777777778,7.9104716227018415,,,missing
2015-10-01,EE,PSPP,36.44444444444444,3.7091906721536327,,,missing
2015-11-01,EE,PSPP,42.666666666666664,7.381396663839411,,,missing
2015-12-01,EE,PSPP,42.666666666666664,1.4053579270970575,,,missing
2016-01-01,EE,PSPP,48.0,6.784580498866215,,,missing
2016-02-01,EE,PSPP,54.22222222222222,7.90998593530239,,,missing
2016-03-01,EE,PSPP,54.22222222222222,1.98180636777128,,,missing
2016-04-01,EE,PSPP,58.666666666666664,6.4983164983164965,,,missing
2016-05-01,EE,PSPP,58.666666666666664,2.3060796645702304,,,missing
2016-06-01,EE,PSPP,58.666666666666664,2.40831964969896,,,missing
2016-07-01,EE,PSPP,58.666666666666664,2.5071225071225074,,,missing
2016-08-01,EE,PSPP,58.666666666666664,2.6284348864994023,,,missing
2016-09-01,EE,PSPP,58.666666666666664,2.746566791510612,,,missing
2016-10-01,EE,PSPP,58.666666666666664,2.8758169934640523,,,missing
2016-11-01,EE,PSPP,58.666666666666664,3.036576949620428,,,missing
2016-12-01,EE,PSPP,58.666666666666664,3.195352214960058,,,missing
2017-01-01,EE,PSPP,58.666666666666664,3.3950617283950613,,,missing
2017-02-01,EE,PSPP,58.666666666666664,3.56853203568532,,,missing
2017-03-01,EE,PSPP,58.666666666666664,3.8194444444444446,,,missing
2017-04-01,EE,PSPP,58.666666666666664,4.074074074074074,,,missing
2017-05-01,EE,PSPP,58.666666666666664,4.365079365079365,,,missing
2017-06-01,EE,PSPP,58.666666666666664,4.746494066882416,,,missing
2017-07-01,EE,PSPP,58.666666666666664,5.146198830409357,,,missing
2017-08-01,EE,PSPP,58.666666666666664,5.684754521963824,,,missing
2017-09-01,EE,PSPP,58.666666666666664,6.267806267806268,,,missing
2017-10-01,EE,PSPP,58.666666666666664,6.984126984126985,,,missing
2017-11-01,EE,PSPP,58.666666666666664,8.014571948998178,,,missing
2017-12-01,EE,PSPP,58.666666666666664,9.224318658280922,,,missing
2018-01-01,EE,PSPP,58.666666666666664,11.11111111111111,,,missing
2018-02-01,EE,PSPP,58.666666666666664,13.213213213213214,,,missing
2018-03-01,EE,PSPP,58.666666666666664,17.46031746031746,,,missing
2018-04-01,EE,PSPP,58.666666666666664,24.44444444444444,,,missing
2018-05-01,EE,PSPP,58.666666666666664,40.74074074074074,,,missing
2018-06-01,EE,PSPP,58.666666666666664,58.666666666666664,,,missing
2018-07-01,EE,PSPP,7.111111111111111,0.0,,,missing
2018-08-01,EE,PSPP,7.111111111111111,0.0,,,missing
2018-09-01,EE,PSPP,7.111111111111111,0.0,,,missing
2018-10-01,EE,PSPP,7.111111111111111,0.0,,,missing
2018-11-01,EE,PSPP,7.111111111111111,0.0,,,missing
2018-12-01,EE,PSPP,7.111111111111111,0.0,,,missing
2019-01-01,EE,PSPP,7.111111111111111,0.0,,,missing
2019-02-01,EE,PSPP,7.111111111111111,0.0,,,missing
2019-03-01,EE,PSPP,7.111111111111111,0.0,,,missing
2019-04-01,EE,PSPP,7.111111111111111,0.0,,,missing
2019-05-01,EE,PSPP,7.111111111111111,0.0,,,missing
2019-06-01,EE,PSPP,7.111111111111111,0.0,,,missing
2019-07-01,EE,PSPP,7.111111111111111,0.0,,,missing
2019-08-01,EE,PSPP,7.111111111111111,0.0,,,missing
2019-09-01,EE,PSPP,7.111111111111111,0.0,,,missing
2019-10-01,EE,PSPP,7.111111111111111,0.0,,,missing
2019-11-01,EE,PSPP,7.111111111111111,0.0,,,missing
2019-12-01,EE,PSPP,7.111111111111111,0.0,,,missing
2020-01-01,EE,PSPP,7.111111111111111,0.0,,,missing
2020-02-01,EE,PSPP,7.111111111111111,0.0,,,missing
2020-03-01,EE,PSPP,7.111111111111111,0.0,,,missing
2020-04-01,EE,PSPP,7.111111111111111,0.0,,,missing
2020-05-01,EE,PSPP,7.111111111111111,0.0,,,missing
2020-06-01,EE,PSPP,96.0,88.9485058499143,0.1367629415476193,0.1367629415476193,single_maturity_ea_slope
2020-07-01,EE,PSPP,131.55555555555554,36.36691458192471,0.04308942987258148,0.11086805186934628,single_maturity_ea_slope
2020-08-01,EE,PSPP,164.44444444444443,34.010993593388676,-0.011242607121263626,0.0856126845953416,single_maturity_ea_slope
2020-09-01,EE,PSPP,199.1111111111111,36.08087757520161,-0.005626020813622854,0.06907934026508122,single_maturity_ea_slope
2020-10-01,EE,PSPP,200.0,2.615485412571806,-0.09836123767552667,0.06688964831969996,single_maturity_ea_slope
2020-11-01,EE,PSPP,233.77777777777777,35.528478057889814,-0.1614798484587492,0.03218309608659148,single_maturity_ea_slope
2020-12-01,EE,PSPP,250.66666666666666,18.952605147520398,-0.20298246479619847,0.014402510901591399,single_maturity_ea_slope
2021-01-01,EE,PSPP,269.3333333333333,20.898385565052223,-0.21698343903579304,-0.0035514227473962177,single_maturity_ea_slope
2021-02-01,EE,PSPP,288.0,21.085249042145612,-0.15046975896713166,-0.014307706455905952,single_maturity_ea_slope
2021-03-01,EE,PSPP,312.0,26.611534276387378,-0.004250144129684538,-0.013449862979684339,single_maturity_ea_slope
2021-04-01,EE,PSPP,330.66666666666663,21.520673252835675,0.025684995332843047,-0.010902861472003124,single_maturity_ea_slope
2021-05-01,EE,PSPP,344.88888888888886,17.27040314650935,0.08361921981585285,-0.006169643027803509,single_maturity_ea_slope
2021-06-01,EE,PSPP,353.77777777777777,12.103736846466179,0.05117034337571541,-0.004207880164777984,single_maturity_ea_slope
2021-07-01,EE,PSPP,353.77777777777777,3.3274809798511833,0.01703519569040665,-0.004008076968246901,single_maturity_ea_slope
2021-08-01,EE,PSPP,355.55555555555554,5.1394062249250325,-0.05214924338466194,-0.004703937309872238,single_maturity_ea_slope
2021-09-01,EE,PSPP,359.1111111111111,6.965179218343763,-0.05713904397172845,-0.00572094821243882,single_maturity_ea_slope
2021-10-01,EE,PSPP,361.77777777777777,6.142383963522194,0.08499225221410589,-0.004180789192715832,single_maturity_ea_slope
2021-11-01,EE,PSPP,363.55555555555554,5.312144500890099,0.11477711379630193,-0.0024426186145358932,single_maturity_ea_slope
2021-12-01,EE,PSPP,363.55555555555554,3.5896085659118833,0.03413489342753591,-0.002081466244452246,single_maturity_ea_slope
2022-01-01,EE,PSPP,367.1111111111111,7.179514442672325,0.22330229042731842,0.0023263162693245402,single_maturity_ea_slope
2022-02-01,EE,PSPP,368.88888888888886,5.472535337269631,0.7213473851162696,0.012993127675215078,single_maturity_ea_slope
2022-03-01,EE,PSPP,368.88888888888886,3.753448197892642,1.1192950529783354,0.02424976102180768,single_maturity_ea_slope
2022-04-01,EE,PSPP,382.22222222222223,17.123806914189196,1.4308263810549207,0.08726531859830157,single_maturity_ea_slope
2022-05-01,EE,PSPP,390.22222222222223,11.966606706332735,1.8352651276647998,0.1408697138547342,single_maturity_ea_slope
2022-06-01,EE,PSPP,396.4444444444444,10.312601910086137,2.3986043597227322,0.19959955342676722,single_maturity_ea_slope
2022-07-01,EE,PSPP,396.4444444444444,4.203185373668833,2.519649360193632,0.2241971976885024,single_maturity_ea_slope
2022-08-01,EE,PSPP,396.4444444444444,4.246405788822241,2.2589469710393466,0.24599186107058085,single_maturity_ea_slope
2022-09-01,EE,PSPP,397.3333333333333,5.184992534797501,2.8632790746840966,0.28014609260751133,single_maturity_ea_slope
2022-10-01,EE,PSPP,434.66666666666663,41.56749076442169,3.963407601231535,0.6323790805124476,single_maturity_ea_slope
2022-11-01,EE,PSPP,473.77777777777777,43.690405955892714,3.699609171481865,0.9152301008012028,single_maturity_ea_slope
2022-12-01,EE,PSPP,502.2222222222222,33.42319368548873,3.4355172774339673,1.082956741958029,single_maturity_ea_slope
2023-01-01,EE,PSPP,520.8888888888889,23.971083884898917,3.7732750244806974,1.2067640386830403,single_maturity_ea_slope
2023-02-01,EE,PSPP,538.6666666666666,23.349973850615637,3.823680054465037,1.3202013911665185,single_maturity_ea_slope
2023-03-01,EE,PSPP,538.6666666666666,5.829725829725829,3.941341198622794,1.348568705100028,single_maturity_ea_slope
2023-04-01,EE,PSPP,538.6666666666666,5.890930300379119,3.844041780197966,1.3758595305057362,single_maturity_ea_slope
2023-05-01,EE,PSPP,538.6666666666666,5.953433539640436,3.8700572477986785,1.4034258182742259,single_maturity_ea_slope
2023-06-01,EE,PSPP,538.6666666666666,6.017277330950253,3.9101663255713635,1.4314278346649445,single_maturity_ea_slope
2023-07-01,EE,PSPP,538.6666666666666,6.0907583295642995,4.0794345371645875,1.4613691135263154,single_maturity_ea_slope
2023-08-01,EE,PSPP,538.6666666666666,6.157597927145251,4.090882449517696,1.4914275650122708,single_maturity_ea_slope
2023-09-01,EE,PSPP,538.6666666666666,6.234567901234567,4.1872513304000005,1.522629228963518,single_maturity_ea_slope
2023-10-01,EE,PSPP,538.6666666666666,6.30461922596754,3.992228166674909,1.5515337109123875,single_maturity_ea_slope
2023-11-01,EE,PSPP,538.6666666666666,6.376262626262625,3.5762082890488482,1.5755000293088892,single_maturity_ea_slope
2023-12-01,EE,PSPP,538.6666666666666,6.458832933653077,3.0932419691450006,1.5936983739112407,single_maturity_ea_slope
2024-01-01,EE,PSPP,538.6666666666666,6.53404496199256,3.162681383523182,1.6127301911069218,single_maturity_ea_slope
2024-02-01,EE,PSPP,538.6666666666666,6.611029291441662,3.3792862017850243,1.6344110454353227,single_maturity_ea_slope
2024-03-01,EE,PSPP,538.6666666666666,6.6998341625207285,3.4104468210535,1.6565010426445042,single_maturity_ea_slope
2024-04-01,EE,PSPP,538.6666666666666,6.7807989258140315,3.5429584971751433,1.6802479894538025,single_maturity_ea_slope
2024-05-01,EE,PSPP,538.6666666666666,6.863744478423377,3.6373523124357274,1.7051856082481693,single_maturity_ea_slope
2024-06-01,EE,PSPP,538.6666666666666,6.959517657192075,3.690042749926125,1.7308297573654554,single_maturity_ea_slope
2024-07-01,EE,PSPP,538.6666666666666,7.046921332635618,3.6938857015030213,1.7565107613442303,single_maturity_ea_slope
2024-08-01,EE,PSPP,538.6666666666666,7.1365483130189,3.382296740099614,1.7780500562403005,single_maturity_ea_slope
2024-09-01,EE,PSPP,538.6666666666666,7.240143369175626,3.2271841530247625,1.7975276650680487,single_maturity_ea_slope
2024-10-01,EE,PSPP,538.6666666666666,7.334785766158315,3.174133333862435,1.816272295634421,single_maturity_ea_slope
2024-11-01,EE,PSPP,538.6666666666666,7.444260180578588,3.2849335895222613,1.8365688862077745,single_maturity_ea_slope
2024-12-01,EE,PSPP,538.6666666666666,7.544351073762837,3.2008990155307893,1.8556771513243433,single_maturity_ea_slope
2025-01-01,EE,PSPP,538.6666666666666,7.660219946909366,3.238351489549546,1.8753397556790816,single_maturity_ea_slope
2025-02-01,EE,PSPP,538.6666666666666,7.752830550758011,2.980110317258175,1.8912403106816589,single_maturity_ea_slope
2025-03-01,EE,PSPP,538.6666666666666,7.875243664717348,3.1309215354095232,1.909364305195224,single_maturity_ea_slope
2025-04-01,EE,PSPP,538.6666666666666,7.987346777382364,2.9405996123830502,1.9246554574370363,single_maturity_ea_slope
2025-05-01,EE,PSPP,538.6666666666666,8.102687525070195,2.8380717162429527,1.9383951725213613,single_maturity_ea_slope
2025-06-01,EE,PSPP,538.6666666666666,8.236493374108052,2.743187218556429,1.950700861298656,single_maturity_ea_slope
2025-07-01,EE,PSPP,538.6666666666666,8.359197186012828,2.732242293212456,1.96282906477342,single_maturity_ea_slope
2025-08-01,EE,PSPP,538.6666666666666,8.501683501683502,2.7071276319263813,1.9745762012499501,single_maturity_ea_slope
2025-09-01,EE,PSPP,538.6666666666666,8.63247863247863,2.756228771233636,1.9871026847432782,single_maturity_ea_slope
2025-10-01,EE,PSPP,538.6666666666666,8.76736111111111,2.7489179867260862,1.9995020223406548,single_maturity_ea_slope
2025-11-01,EE,PSPP,538.6666666666666,8.906525573192239,2.8051416005195997,2.0128227825618676,single_maturity_ea_slope
2025-12-01,EE,PSPP,538.6666666666666,9.068462401795733,2.874246715320397,2.027324868971944,single_maturity_ea_slope
2026-01-01,EE,PSPP,538.6666666666666,9.217430983344741,2.7347740981947615,2.0394304341537173,single_maturity_ea_slope
2026-02-01,EE,PSPP,538.6666666666666,9.371375550916259,2.5773250741904494,2.0487883784828185,single_maturity_ea_slope
2026-03-01,EE,PSPP,538.6666666666666,9.550827423167847,2.85628132684,2.063105629340215,single_maturity_ea_slope
2026-04-01,EE,PSPP,538.6666666666666,9.716209716209717,2.9830314308742336,2.0796988075785627,single_maturity_ea_slope
2026-05-01,EE,PSPP,538.6666666666666,9.887420460107684,3.0180105891065,2.0969218579002944,single_maturity_ea_slope
2026-06-01,EE,PSPP,538.6666666666666,10.087390761548063,3.230810154596894,2.1181557211343134,single_maturity_ea_slope
2026-07-01,EE,PSPP,538.6666666666666,10.27205695397915,3.3792705458293484,2.1422044401407025,single_maturity_ea_slope
2026-08-01,EE,PSPP,538.6666666666666,10.488058151609552,3.4512814720445717,2.167692700107678,single_maturity_ea_slope
2020-03-01,ES,PEPP,1378.839,1378.839,0.6209502994900683,0.6209502994900683,single_maturity_ea_slope
2020-04-01,ES,PEPP,8391.271,7026.376569174758,0.7367192842140445,0.7178887110491392,single_maturity_ea_slope
2020-05-01,ES,PEPP,19906.488,11599.670210547505,0.648542116391484,0.6774798941722839,single_maturity_ea_slope
2020-06-01,ES,PEPP,31801.308,12099.3667324291,0.40903265875000894,0.5753444238425466,single_maturity_ea_slope
2020-07-01,ES,PEPP,40993.568,9516.23420537897,0.2811625883435595,0.5070531434744501,single_maturity_ea_slope
2020-08-01,ES,PEPP,47100.109000000004,6517.1336282051325,0.21088008711424838,0.4660723596428592,single_maturity_ea_slope
2020-09-01,ES,PEPP,54255.67,7624.498763839102,0.18983737443159598,0.42725331449472287,single_maturity_ea_slope
2020-10-01,ES,PEPP,61411.231,7694.453232816847,0.0912010444676978,0.38514801171216045,single_maturity_ea_slope
2020-11-01,ES,PEPP,68566.792,7759.764374655649,0.024532983037737238,0.34433689060162026,single_maturity_ea_slope
2020-12-01,ES,PEPP,74291.063,6394.916461658835,-0.02173937124709594,0.3128253329716145,single_maturity_ea_slope
2021-01-01,ES,PEPP,79873.094,6313.818460598899,0.01007109982012315,0.28889317796712266,single_maturity_ea_slope
2021-02-01,ES,PEPP,85597.365,6512.907394154826,0.1373155222378815,0.27735998141618173,single_maturity_ea_slope
2021-03-01,ES,PEPP,92657.803,7909.618208333328,0.2008392214722282,0.2708278818350143,single_maturity_ea_slope
2021-04-01,ES,PEPP,100972.62,9240.654360111906,0.24904167668822424,0.26883408597649366,single_maturity_ea_slope
2021-05-01,ES,PEPP,108976.287,9018.671221954162,0.382946735296988,0.27827783282104973,single_maturity_ea_slope
2021-06-01,ES,PEPP,116557.679,8678.174276570055,0.3200877269870099,0.28139074267967135,single_maturity_ea_slope
2021-07-01,ES,PEPP,125083.189,9702.860292929288,0.2189926249633436,0.27655044220777275,single_maturity_ea_slope
2021-08-01,ES,PEPP,131493.768,7680.201300040613,0.1090023206028092,0.26676440199505486,single_maturity_ea_slope
2021-09-01,ES,PEPP,138481.308,8338.688458692952,0.20128031060567425,0.2628212601733685,single_maturity_ea_slope
2021-10-01,ES,PEPP,144922.113,7876.141940298529,0.3340322405321206,0.26669139273908227,single_maturity_ea_slope
2021-11-01,ES,PEPP,151402.034,7997.112300251259,0.35473150486017413,0.2713417045278861,single_maturity_ea_slope
2021-12-01,ES,PEPP,156459.555,6672.992980367029,0.30549706192711773,0.27279842898403706,single_maturity_ea_slope
2022-01-01,ES,PEPP,161462.847,6692.19047797929,0.5424690379111501,0.2839755332825442,single_maturity_ea_slope
2022-02-01,ES,PEPP,165674.929,5966.350220338978,1.0129996554191327,0.31022943456981783,single_maturity_ea_slope
2022-03-01,ES,PEPP,168610.407,4730.828335934117,1.1150008687182071,0.3328095087915682,single_maturity_ea_slope
2022-04-01,ES,PEPP,169377.614,2606.3257499999954,1.6111112483013825,0.35247958597162704,single_maturity_ea_slope
2022-05-01,ES,PEPP,169320.718,1800.3146798245537,1.94995243979468,0.36946483067959524,single_maturity_ea_slope
2022-06-01,ES,PEPP,169554.525,2105.167720601238,2.5323252316672784,0.39631863419988417,single_maturity_ea_slope
2022-07-01,ES,PEPP,174578.264,6905.169592543277,2.150694816300067,0.46571023421327623,single_maturity_ea_slope
2022-08-01,ES,PEPP,174305.34100000001,1674.6256836234018,2.008043169697994,0.48052808392254587,single_maturity_ea_slope
2022-09-01,ES,PEPP,174399.575,2051.8411540880475,2.8424805249718474,0.5083168627801989,single_maturity_ea_slope
2022-10-01,ES,PEPP,173919.515,1483.8991779279302,3.165871451010087,0.5309913916780797,single_maturity_ea_slope
2022-11-01,ES,PEPP,173138.973,1175.3679752586438,3.0025539493483393,0.5477697947654884,single_maturity_ea_slope
2022-12-01,ES,PEPP,172657.135,1473.209120596217,3.05701220622077,0.5691800817272336,single_maturity_ea_slope
2023-01-01,ES,PEPP,171909.486,1188.8374849708343,3.183628821286916,0.5872602629693746,single_maturity_ea_slope
2023-02-01,ES,PEPP,172678.471,2707.522280108241,3.377536172920247,0.6310105588232294,single_maturity_ea_slope
2023-03-01,ES,PEPP,174134.653,3416.655103996368,3.4114206905811444,0.6855643326081285,single_maturity_ea_slope
2023-04-01,ES,PEPP,174544.482,2373.458375281911,3.3476004396288617,0.7217627378576924,single_maturity_ea_slope
2023-05-01,ES,PEPP,172741.59,186.89917647059565,3.3365178847879857,0.7245917935797889,single_maturity_ea_slope
2023-06-01,ES,PEPP,173205.64800000002,2452.335969613279,3.3655823065263637,0.7619843157353384,single_maturity_ea_slope
2023-07-01,ES,PEPP,170321.732,0.0,3.479314018577111,0.7619843157353384,single_maturity_ea_slope
2023-08-01,ES,PEPP,171124.499,2755.102304906028,3.5114461576322173,0.8062506171832758,single_maturity_ea_slope
2023-09-01,ES,PEPP,171612.56,2465.9215987054886,3.6504754327914286,0.847119627029538,single_maturity_ea_slope
2023-10-01,ES,PEPP,171127.166,1498.107618122977,3.851283536466318,0.8734191383462704,single_maturity_ea_slope
2023-11-01,ES,PEPP,171566.332,2433.655114219111,3.5556937918206817,0.9114669962917809,single_maturity_ea_slope
2023-12-01,ES,PEPP,171913.04200000002,2366.087730696819,3.003568992293895,0.9402611866947809,single_maturity_ea_slope
2024-01-01,ES,PEPP,171021.375,1114.7877385620761,3.037150546409667,0.9539295749142737,single_maturity_ea_slope
2024-02-01,ES,PEPP,172522.007,3516.4426435643686,3.161214133387968,0.9989197166525275,single_maturity_ea_slope
2024-03-01,ES,PEPP,173998.636,3530.462416666653,3.10590849798,1.041670883419231,single_maturity_ea_slope
2024-04-01,ES,PEPP,172265.975,318.24230033004005,3.175059738031794,1.0456120829311506,single_maturity_ea_slope
2024-05-01,ES,PEPP,171109.386,851.172946386939,3.2246088863095457,1.0564513663431039,single_maturity_ea_slope
2024-06-01,ES,PEPP,171837.477,2742.0903644067944,3.2656322382520666,1.0917042907217211,single_maturity_ea_slope
2024-07-01,ES,PEPP,170002.581,173.4896591865279,3.1707585120047823,1.0938259903227447,single_maturity_ea_slope
2024-08-01,ES,PEPP,170257.72400000002,2264.6297730496563,2.917521429534091,1.118083303833014,single_maturity_ea_slope
2024-09-01,ES,PEPP,170580.431,2355.3923390639875,2.8141124567063343,1.1415022508370052,single_maturity_ea_slope
2024-10-01,ES,PEPP,167516.937,0.0,2.786007717468174,1.1415022508370052,single_maturity_ea_slope
2024-11-01,ES,PEPP,168017.444,2500.4704312320746,2.889253438897857,1.1675126463224696,single_maturity_ea_slope
2024-12-01,ES,PEPP,168094.787,2106.5391835749015,2.7175066005457893,1.1869369429181496,single_maturity_ea_slope
2025-01-01,ES,PEPP,164671.248,0.0,2.9917713026956823,1.1869369429181496,single_maturity_ea_slope
2025-02-01,ES,PEPP,164671.248,1988.7831884057966,2.91252927167175,1.2077774299803912,single_maturity_ea_slope
2025-03-01,ES,PEPP,164664.136,2007.954666666673,3.128262209970952,1.2311962901518883,single_maturity_ea_slope
2025-04-01,ES,PEPP,161287.714,0.0,2.921017278913975,1.2311962901518883,single_maturity_ea_slope
2025-05-01,ES,PEPP,161287.714,1942.289426782274,2.8953431780569527,1.2512365946786832,single_maturity_ea_slope
2025-06-01,ES,PEPP,158889.192,0.0,2.8648617157424763,1.2512365946786832,single_maturity_ea_slope
2025-07-01,ES,PEPP,155290.52,0.0,2.934429189048391,1.2512365946786832,single_maturity_ea_slope
2025-08-01,ES,PEPP,155290.52,1889.1790754257909,2.9312931401317854,1.271675238783952,single_maturity_ea_slope
2025-09-01,ES,PEPP,155180.284,1801.2672003939192,2.9291206664369995,1.2909141653300222,single_maturity_ea_slope
2025-10-01,ES,PEPP,151413.59100000001,0.0,2.844185404047826,1.2909141653300222,single_maturity_ea_slope
2025-11-01,ES,PEPP,151413.59100000001,1855.5587132352944,2.8652920688420003,1.3102080121867867,single_maturity_ea_slope
2025-12-01,ES,PEPP,151413.59100000001,1880.4469821162447,2.95763959032119,1.3306679175287441,single_maturity_ea_slope
2026-01-01,ES,PEPP,151413.59100000001,1858.2914948453608,2.957381239050238,1.3506324894669068,single_maturity_ea_slope
2026-02-01,ES,PEPP,148213.191,0.0,2.8522818121552995,1.3506324894669068,single_maturity_ea_slope
2026-03-01,ES,PEPP,148166.963,1816.6828974358946,3.1173450675139094,1.3722942449637974,single_maturity_ea_slope
2026-04-01,ES,PEPP,144896.332,0.0,3.1897925820492503,1.3722942449637974,single_maturity_ea_slope
2026-05-01,ES,PEPP,144802.098,1702.5955138888921,3.2437522153169,1.3942990086292713,single_maturity_ea_slope
2026-06-01,ES,PEPP,143529.05,546.9884253393566,3.1774363879362952,1.4010945354391462,single_maturity_ea_slope
2026-07-01,ES,PEPP,139813.919,0.0,3.304904523433696,1.4010945354391462,single_maturity_ea_slope
2026-08-01,ES,PEPP,139813.919,1746.8005872063968,3.397488083121881,1.4260369835611193,single_maturity_ea_slope
2015-03-01,ES,PSPP,4841.777777777777,4841.777777777777,1.3106512567298767,1.3106512567298767,single_maturity_ea_slope
2015-04-01,ES,PSPP,9704.888888888889,4904.621551592745,1.292273175252189,1.3013634085613528,single_maturity_ea_slope
2015-05-01,ES,PSPP,14957.333333333332,5335.819778541427,1.7535841082988086,1.462686827659563,single_maturity_ea_slope
2015-06-01,ES,PSPP,20215.11111111111,5384.836334805754,2.198478083977636,1.6586845379900388,single_maturity_ea_slope
2015-07-01,ES,PSPP,25451.555555555555,5410.832911586535,2.0528852924946186,1.7424890194721165,single_maturity_ea_slope
2015-08-01,ES,PSPP,29791.11111111111,4558.663299663299,1.915803148213186,1.7690097073060913,single_maturity_ea_slope
2015-09-01,ES,PSPP,34936.88888888889,5402.509173082082,1.9816347208895304,1.8018892401678899,single_maturity_ea_slope
2015-10-01,ES,PSPP,40307.555555555555,5672.366916138934,1.6816467518233473,1.7849678589677889,single_maturity_ea_slope
2015-11-01,ES,PSPP,45937.777777777774,5975.439381827868,1.6819616657522638,1.7715691424149398,single_maturity_ea_slope
2015-12-01,ES,PSPP,50504.0,4961.283950617288,1.642272094955385,1.758867586767401,single_maturity_ea_slope
2016-01-01,ES,PSPP,55932.44444444444,5859.660291438973,1.6864169768756305,1.7512774310699326,single_maturity_ea_slope
2016-02-01,ES,PSPP,61376.88888888888,5922.990341470835,1.6932907310525234,1.7456816006139666,single_maturity_ea_slope
2016-03-01,ES,PSPP,66808.88888888889,5959.837021748278,1.50537043437141,1.7242441031621853,single_maturity_ea_slope
2016-04-01,ES,PSPP,75091.55555555555,8863.815665352191,1.4792695871876531,1.6953272837376545,single_maturity_ea_slope
2016-05-01,ES,PSPP,83641.77777777777,9198.681251199383,1.5316678239133004,1.677328488821226,single_maturity_ea_slope
2016-06-01,ES,PSPP,91853.33333333333,8927.911994214159,1.454903858197003,1.6557093765310682,single_maturity_ea_slope
2016-07-01,ES,PSPP,99367.11111111111,8302.895761741125,1.1468755860602622,1.6131923517822397,single_maturity_ea_slope
2016-08-01,ES,PSPP,104800.0,6292.763509095806,0.9770421228599888,1.574994422899941,single_maturity_ea_slope
2016-09-01,ES,PSPP,112344.0,8456.574016022292,1.0012099540250492,1.5318034128746212,single_maturity_ea_slope
2016-10-01,ES,PSPP,120190.22222222222,8835.862814188393,1.0195102323500302,1.4941418445700856,single_maturity_ea_slope
2016-11-01,ES,PSPP,127711.11111111111,8590.958531180755,1.3535720689979809,1.484685900587054,single_maturity_ea_slope
2016-12-01,ES,PSPP,133627.55555555556,7068.240179573521,1.3372195609872244,1.4768856568247501,single_maturity_ea_slope
2017-01-01,ES,PSPP,141440.0,9033.456465237161,1.335648936839037,1.4678651833993837,single_maturity_ea_slope
2017-02-01,ES,PSPP,148877.3333333333,8754.279329608918,1.5488647884290634,1.472628119113917,single_maturity_ea_slope
2017-03-01,ES,PSPP,156396.44444444444,8927.3340900492,1.5482635747168247,1.4769454997527083,single_maturity_ea_slope
2017-04-01,ES,PSPP,162262.22222222222,7369.011576743991,1.4346398306678805,1.4750242209671816,single_maturity_ea_slope
2017-05-01,ES,PSPP,167633.77777777778,6945.694304315964,1.3768403058991798,1.4709560941928312,single_maturity_ea_slope
2017-06-01,ES,PSPP,173136.88888888888,7142.721613632396,1.2560464255824118,1.4620900463805286,single_maturity_ea_slope
2017-07-01,ES,PSPP,178747.55555555553,7308.087145969489,1.3918839965657042,1.459219674650821,single_maturity_ea_slope
2017-08-01,ES,PSPP,183268.44444444444,6281.601611067348,1.273709167775848,1.452861225424124,single_maturity_ea_slope
2017-09-01,ES,PSPP,188700.44444444444,7250.139329805996,1.314344904527067,1.4475392314621465,single_maturity_ea_slope
2017-10-01,ES,PSPP,194042.66666666666,7209.803818069848,1.384381034097135,1.4451925402919676,single_maturity_ea_slope
2017-11-01,ES,PSPP,199363.55555555553,7259.764455102571,1.25808670662695,1.4383791371260863,single_maturity_ea_slope
2017-12-01,ES,PSPP,204666.66666666666,7312.014331138891,1.2240925015609405,1.4307234354148946,single_maturity_ea_slope
2018-01-01,ES,PSPP,207026.66666666666,4427.340067340067,1.2605051105896004,1.4270832550370307,single_maturity_ea_slope
2018-02-01,ES,PSPP,209536.88888888888,4611.589118960614,1.2937102989163747,1.4241479185601404,single_maturity_ea_slope
2018-03-01,ES,PSPP,211988.44444444444,4586.2019378792065,1.123134287664176,1.4176357272897104,single_maturity_ea_slope
2018-04-01,ES,PSPP,214746.66666666666,4858.781521116833,1.0241508099514753,1.408732877830497,single_maturity_ea_slope
2018-05-01,ES,PSPP,217261.3333333333,4650.174489525315,1.1980772437553204,1.4042240890800008,single_maturity_ea_slope
2018-06-01,ES,PSPP,220008.88888888888,4915.832335329347,1.1752216949306789,1.3991073077548808,single_maturity_ea_slope
2018-07-01,ES,PSPP,222845.3333333333,5021.673773893076,1.1456291009501889,1.393395342221097,single_maturity_ea_slope
2018-08-01,ES,PSPP,225336.0,4717.33866240343,1.213370812505492,1.3896265850131568,single_maturity_ea_slope
2018-09-01,ES,PSPP,228039.1111111111,4965.520749665311,1.2744568623922263,1.3871187799063007,single_maturity_ea_slope
2018-10-01,ES,PSPP,228151.1111111111,2421.022996264794,1.402919921070577,1.387286453541286,single_maturity_ea_slope
2018-11-01,ES,PSPP,230403.55555555553,4521.250243083172,1.4089669564539946,1.3877118939335922,single_maturity_ea_slope
2018-12-01,ES,PSPP,231840.88888888888,3745.061253561263,1.2537849843894173,1.3855484943618133,single_maturity_ea_slope
2019-01-01,ES,PSPP,229104.0,0.0,1.1939129707912792,1.3855484943618133,single_maturity_ea_slope
2019-02-01,ES,PSPP,229842.66666666666,3025.133732534921,1.1478932440200282,1.3824205332876163,single_maturity_ea_slope
2019-03-01,ES,PSPP,230425.77777777775,2896.3424584004133,0.9787565076242492,1.377346668428689,single_maturity_ea_slope
2019-04-01,ES,PSPP,226672.88888888888,0.0,0.8895027691380384,1.377346668428689,single_maturity_ea_slope
2019-05-01,ES,PSPP,228109.3333333333,3693.243417850341,0.7268529694840342,1.366814738249095,single_maturity_ea_slope
2019-06-01,ES,PSPP,228478.22222222222,2661.9059107358426,0.36229367433643633,1.355111475979805,single_maturity_ea_slope
2019-07-01,ES,PSPP,226763.55555555553,565.5551119982065,0.23181497599012496,1.3523099408023271,single_maturity_ea_slope
2019-08-01,ES,PSPP,227244.44444444444,2765.8904563572196,0.044504889703308875,1.3363920796706552,single_maturity_ea_slope
2019-09-01,ES,PSPP,227600.0,2664.950316169835,0.0814556471031806,1.3216981286919922,single_maturity_ea_slope
2019-10-01,ES,PSPP,227080.0,1812.9233292332924,0.09961457242785254,1.3119414623654835,single_maturity_ea_slope
2019-11-01,ES,PSPP,229709.3333333333,4937.0569105690865,0.28250499999645484,1.289816168948887,single_maturity_ea_slope
2019-12-01,ES,PSPP,230224.0,2846.267695222647,0.32558272415047185,1.277895315759893,single_maturity_ea_slope
2020-01-01,ES,PSPP,230402.66666666666,2535.587223587214,0.31351384227368184,1.2672822730455324,single_maturity_ea_slope
2020-02-01,ES,PSPP,232185.77777777775,4099.181342983498,0.18155363875718994,1.2481140078580009,single_maturity_ea_slope
2020-03-01,ES,PSPP,236992.0,7151.533108866468,0.4414137136460369,1.2237708069778477,single_maturity_ea_slope
2020-04-01,ES,PSPP,240792.88888888888,6221.150326797373,0.7327519789510466,1.2110847930488728,single_maturity_ea_slope
2020-05-01,ES,PSPP,245306.66666666666,6963.847872292319,0.6436518782956895,1.1949763172794718,single_maturity_ea_slope
2020-06-01,ES,PSPP,250129.77777777775,7334.440622440607,0.4106511879761993,1.171977911649121,single_maturity_ea_slope
2020-07-01,ES,PSPP,248457.77777777775,845.4091966362498,0.2860987098631442,1.16896359496724,single_maturity_ea_slope
2020-08-01,ES,PSPP,249512.88888888888,3580.088527551955,0.20501437905098036,1.155132551831904,single_maturity_ea_slope
2020-09-01,ES,PSPP,252902.22222222222,5940.589865939568,0.1787479403057992,1.1321975990366109,single_maturity_ea_slope
2020-10-01,ES,PSPP,256240.88888888888,5940.541380887051,0.07754781645256256,1.1077472051008455,single_maturity_ea_slope
2020-11-01,ES,PSPP,258451.55555555553,4840.396642948357,0.008870593536565857,1.087166951094648,single_maturity_ea_slope
2020-12-01,ES,PSPP,260337.77777777775,4561.704163791117,-0.04102822562961953,1.0673984308316182,single_maturity_ea_slope
2021-01-01,ES,PSPP,262221.3333333333,4548.766220766227,-0.0034206196977733666,1.0488228806897493,single_maturity_ea_slope
2021-02-01,ES,PSPP,259883.55555555553,373.36090432864285,0.11595648278300649,1.0474826810715174,single_maturity_ea_slope
2021-03-01,ES,PSPP,261200.0,4020.1851389467092,0.1747187817060838,1.0340497849840822,single_maturity_ea_slope
2021-04-01,ES,PSPP,263992.0,5536.850777637663,0.21941341611121934,1.0169639641543389,single_maturity_ea_slope
2021-05-01,ES,PSPP,265794.6666666666,4598.007623888145,0.3495301439664237,1.0054179620010546,single_maturity_ea_slope
2021-06-01,ES,PSPP,268236.44444444444,5281.464387464419,0.2843912787043151,0.9912212455252962,single_maturity_ea_slope
2021-07-01,ES,PSPP,265116.44444444444,0.0,0.1985112763852121,0.9912212455252962,single_maturity_ea_slope
2021-08-01,ES,PSPP,266184.0,3874.8029554332034,0.08905862730948796,0.9780885914989687,single_maturity_ea_slope
2021-09-01,ES,PSPP,268638.2222222222,5283.5589569160675,0.18332035497791344,0.9624571418861523,single_maturity_ea_slope
2021-10-01,ES,PSPP,271330.6666666666,5533.373190449325,0.3230960969020897,0.9494183530577641,single_maturity_ea_slope
2021-11-01,ES,PSPP,269792.0,1334.381476775416,0.34951377713341714,0.946451246716782,single_maturity_ea_slope
2021-12-01,ES,PSPP,271406.2222222222,4485.57173265216,0.3064696914985596,0.9358741746437801,single_maturity_ea_slope
2022-01-01,ES,PSPP,270478.2222222222,1934.9348335677441,0.5519846401813224,0.9331279231105855,single_maturity_ea_slope
2022-02-01,ES,PSPP,271631.1111111111,4027.869992441466,1.019785088285548,0.9344129150756462,single_maturity_ea_slope
2022-03-01,ES,PSPP,273479.1111111111,4742.619683622241,1.1207973566258405,0.9376451565350596,single_maturity_ea_slope
2022-04-01,ES,PSPP,279712.0,9081.629629629617,1.622382413814731,0.9598770599364954,single_maturity_ea_slope
2022-05-01,ES,PSPP,277572.44444444444,777.7577527464823,1.9647476683280445,0.9626927065247145,single_maturity_ea_slope
2022-06-01,ES,PSPP,280058.6666666666,5406.807706696563,2.5474132040113577,0.9932872926546591,single_maturity_ea_slope
2022-07-01,ES,PSPP,281593.77777777775,4511.92517006804,2.1723376719711425,1.0121789994430614,single_maturity_ea_slope
2022-08-01,ES,PSPP,281623.1111111111,3053.321496754525,2.0238564032108726,1.0231474755475896,single_maturity_ea_slope
2022-09-01,ES,PSPP,283264.0,4688.758056758044,2.850567909858624,1.0533960503204522,single_maturity_ea_slope
2022-10-01,ES,PSPP,280033.77777777775,0.0,3.184940733358574,1.0533960503204522,single_maturity_ea_slope
2022-11-01,ES,PSPP,280624.8888888889,3613.928228746894,3.010028187071125,1.078593844216333,single_maturity_ea_slope
2022-12-01,ES,PSPP,281175.1111111111,3607.1382231905363,3.06020560481634,1.1040155378254788,single_maturity_ea_slope
2023-01-01,ES,PSPP,277686.2222222222,0.0,3.186006779891556,1.1040155378254788,single_maturity_ea_slope
2023-02-01,ES,PSPP,278535.1111111111,3869.844309061064,3.37830829296298,1.1356135609274811,single_maturity_ea_slope
2023-03-01,ES,PSPP,279835.55555555556,4358.58136924803,3.4134488211656233,1.1710920057869272,single_maturity_ea_slope
2023-04-01,ES,PSPP,280546.6666666666,3783.5260820767617,3.3514624749063437,1.2004970549950325,single_maturity_ea_slope
2023-05-01,ES,PSPP,279581.3333333333,2143.5614657210594,3.342488607536879,1.2169197914387937,single_maturity_ea_slope
2023-06-01,ES,PSPP,279857.77777777775,3403.7524235644973,3.3680488701602274,1.2430827620492162,single_maturity_ea_slope
2023-07-01,ES,PSPP,275414.2222222222,0.0,3.4799567843769843,1.2430827620492162,single_maturity_ea_slope
2023-08-01,ES,PSPP,275414.2222222222,3093.151642208246,3.514718346773304,1.2685952910780134,single_maturity_ea_slope
2023-09-01,ES,PSPP,275414.2222222222,3126.8644666464825,3.65338876388,1.2956706029853928,single_maturity_ea_slope
2023-10-01,ES,PSPP,269455.1111111111,0.0,3.8587522181786515,1.2956706029853928,single_maturity_ea_slope
2023-11-01,ES,PSPP,268584.8888888889,2172.405500351274,3.5629816612526968,1.314009382335056,single_maturity_ea_slope
2023-12-01,ES,PSPP,268434.6666666666,2915.8153221714606,3.0121151641073687,1.3324547005893785,single_maturity_ea_slope
2024-01-01,ES,PSPP,264200.8888888889,0.0,3.0467903683390607,1.3324547005893785,single_maturity_ea_slope
2024-02-01,ES,PSPP,264200.8888888889,3032.608917457402,3.1681388141580316,1.3535254548773568,single_maturity_ea_slope
2024-03-01,ES,PSPP,264147.55555555556,3013.065098524728,3.1108939881012,1.3735713181887388,single_maturity_ea_slope
2024-04-01,ES,PSPP,259240.88888888888,0.0,3.18095367904008,1.3735713181887388,single_maturity_ea_slope
2024-05-01,ES,PSPP,256644.44444444444,383.3358876117559,3.227219100825,1.3763400113494835,single_maturity_ea_slope
2024-06-01,ES,PSPP,256644.44444444444,2982.850353840591,3.2682017925525164,1.3983281771003322,single_maturity_ea_slope
2024-07-01,ES,PSPP,252566.22222222222,0.0,3.1740274088408693,1.3983281771003322,single_maturity_ea_slope
2024-08-01,ES,PSPP,252566.22222222222,2947.785039941903,2.92214280965,1.4161131284606225,single_maturity_ea_slope
2024-09-01,ES,PSPP,252215.1111111111,2630.0765921728967,2.8185786623826674,1.4307379134540665,single_maturity_ea_slope
2024-10-01,ES,PSPP,247435.55555555553,0.0,2.790221819433217,1.4307379134540665,single_maturity_ea_slope
2024-11-01,ES,PSPP,247435.55555555553,2883.864283864283,2.8986671639404755,1.4478466459772181,single_maturity_ea_slope
2024-12-01,ES,PSPP,243701.3333333333,0.0,2.727668998255649,1.4478466459772181,single_maturity_ea_slope
2025-01-01,ES,PSPP,237728.88888888888,0.0,3.004688122489546,1.4478466459772181,single_maturity_ea_slope
2025-02-01,ES,PSPP,237728.88888888888,2786.32077928843,2.926556074601,1.465177980114862,single_maturity_ea_slope
2025-03-01,ES,PSPP,237698.66666666666,2791.8206183391403,3.149795203627206,1.4849641621938992,single_maturity_ea_slope
2025-04-01,ES,PSPP,230913.77777777775,0.0,2.9526384364463,1.4849641621938992,single_maturity_ea_slope
2025-05-01,ES,PSPP,230913.77777777775,2698.8520076879117,2.918327758126778,1.5017168923941433,single_maturity_ea_slope
2025-06-01,ES,PSPP,230096.88888888888,1916.4654882155005,2.8867578141770163,1.5132528290127596,single_maturity_ea_slope
2025-07-01,ES,PSPP,224152.0,0.0,2.9596915529444345,1.5132528290127596,single_maturity_ea_slope
2025-08-01,ES,PSPP,224152.0,2634.602726845322,2.9584726143634286,1.5302394273361102,single_maturity_ea_slope
2025-09-01,ES,PSPP,223954.66666666666,2463.5403608736847,2.9576632813088177,1.54594133848034,single_maturity_ea_slope
2025-10-01,ES,PSPP,217481.77777777775,0.0,2.873453915796188,1.54594133848034,single_maturity_ea_slope
2025-11-01,ES,PSPP,217481.77777777775,2556.2033119155826,2.89515239248955,1.5617994843901801,single_maturity_ea_slope
2025-12-01,ES,PSPP,217481.77777777775,2585.3753896549897,2.9902778351166663,1.5787809198481744,single_maturity_ea_slope
2026-01-01,ES,PSPP,217481.77777777775,2552.603025560772,2.9904531411353967,1.5953498426332355,single_maturity_ea_slope
2026-02-01,ES,PSPP,212916.44444444444,0.0,2.8851398311016663,1.5953498426332355,single_maturity_ea_slope
2026-03-01,ES,PSPP,212880.88888888888,2521.078023268218,3.1432856978058186,1.613681535469887,single_maturity_ea_slope
2026-04-01,ES,PSPP,206858.66666666666,0.0,3.2196242753431665,1.613681535469887,single_maturity_ea_slope
2026-05-01,ES,PSPP,206728.0,2321.4275327959635,3.26669379884825,1.6322438404322333,single_maturity_ea_slope
2026-06-01,ES,PSPP,206455.1111111111,2205.864108713013,3.1993107580592044,1.6489871249696861,single_maturity_ea_slope
2026-07-01,ES,PSPP,200924.44444444444,0.0,3.327837581852522,1.6489871249696861,single_maturity_ea_slope
2026-08-01,ES,PSPP,200924.44444444444,2388.545464151741,3.420417279662492,1.6700454958053115,single_maturity_ea_slope
2020-03-01,FI,PEPP,176.022,176.022,0.05551836445584807,0.05551836445584807,single_maturity_ea_slope
2020-04-01,FI,PEPP,1222.375,1047.8873619246863,0.0051798210535112,0.012365384847294148,single_maturity_ea_slope
2020-05-01,FI,PEPP,2873.248,1662.608551075269,-0.19072349207165185,-0.10515224794796489,single_maturity_ea_slope
2020-06-01,FI,PEPP,4491.228,1647.179674796748,-0.2741117535714201,-0.16711896696705328,single_maturity_ea_slope
2020-07-01,FI,PEPP,5740.273,1298.5514814814815,-0.32944136507786526,-0.20383917009056704,single_maturity_ea_slope
2020-08-01,FI,PEPP,6622.161,946.1831724910394,-0.3751351053497167,-0.22831416117857017,single_maturity_ea_slope
2020-09-01,FI,PEPP,7724.521,1177.5434809264302,-0.43208133988463465,-0.2593768915293708,single_maturity_ea_slope
2020-10-01,FI,PEPP,8826.881,1189.701938037087,-0.504820654068295,-0.29245821662842597,single_maturity_ea_slope
2020-11-01,FI,PEPP,9929.241,1203.9585382136286,-0.5245091286378075,-0.32059527935194676,single_maturity_ea_slope
2020-12-01,FI,PEPP,10812.018,998.3407918994413,-0.5295539286092921,-0.3398897295992378,single_maturity_ea_slope
2021-01-01,FI,PEPP,11649.456,964.33961971831,-0.500268708130937,-0.3531658691175183,single_maturity_ea_slope
2021-02-01,FI,PEPP,12554.458,1039.4601717451528,-0.3742582360119804,-0.3549122348558584,single_maturity_ea_slope
2021-03-01,FI,PEPP,13645.261,1236.920993482309,-0.31621038188679496,-0.3514039740447167,single_maturity_ea_slope
2021-04-01,FI,PEPP,14890.75,1408.398037726838,-0.2972178812652847,-0.3462789409374094,single_maturity_ea_slope
2021-05-01,FI,PEPP,16157.575,1435.8843778383296,-0.16463841176024085,-0.33013698905244004,single_maturity_ea_slope
2021-06-01,FI,PEPP,17324.832,1349.952330167343,-0.21258678954893245,-0.32097746786739206,single_maturity_ea_slope
2021-07-01,FI,PEPP,18628.995,1498.736584905661,-0.26113087291118486,-0.31616270027832466,single_maturity_ea_slope
2021-08-01,FI,PEPP,19630.898,1203.7776749024729,-0.3474997985516821,-0.3180843087191454,single_maturity_ea_slope
2021-09-01,FI,PEPP,20706.588,1297.0578168696425,-0.23961290440168798,-0.31316887077395156,single_maturity_ea_slope
2021-10-01,FI,PEPP,21698.712,1232.1169068150207,-0.11006602250241888,-0.3016360916312245,single_maturity_ea_slope
2021-11-01,FI,PEPP,22668.611,1223.8633258426978,-0.1679672872562247,-0.2944194012268674,single_maturity_ea_slope
2021-12-01,FI,PEPP,23435.818,1037.84466714422,-0.2090989004366111,-0.2906410211957866,single_maturity_ea_slope
2022-01-01,FI,PEPP,23831.423,679.4690746124027,0.011500412834535956,-0.28202652257425453,single_maturity_ea_slope
2022-02-01,FI,PEPP,24267.922,716.2105375586852,0.39524849816115226,-0.2620383461380531,single_maturity_ea_slope
2022-03-01,FI,PEPP,25053.798,1081.9707047340166,0.5686783940961362,-0.22616309972369586,single_maturity_ea_slope
2022-04-01,FI,PEPP,24927.56,178.55272992700975,1.0747118333673025,-0.21684510909015556,single_maturity_ea_slope
2022-05-01,FI,PEPP,23930.102,0.0,1.3245365760955043,-0.21684510909015556,single_maturity_ea_slope
2022-06-01,FI,PEPP,24406.606,754.6316383077647,1.9496343112269912,-0.14985939570116633,single_maturity_ea_slope
2022-07-01,FI,PEPP,24406.606,287.27172787193973,1.5264935195165446,-0.13012831148250212,single_maturity_ea_slope
2022-08-01,FI,PEPP,23648.289,0.0,1.479409194898674,-0.13012831148250212,single_maturity_ea_slope
2022-09-01,FI,PEPP,23451.82,66.99233021390279,2.4602135360190136,-0.12272875629170188,single_maturity_ea_slope
2022-10-01,FI,PEPP,23874.095,688.1686507936522,2.765426671221819,-0.03947793468634495,single_maturity_ea_slope
2022-11-01,FI,PEPP,23298.023,0.0,2.6326527248737377,-0.03947793468634495,single_maturity_ea_slope
2022-12-01,FI,PEPP,23570.057,532.988558691756,2.6767218503531187,0.021943359651086694,single_maturity_ea_slope
2023-01-01,FI,PEPP,23960.328,657.505206349207,2.752994698992345,0.09688726168881556,single_maturity_ea_slope
2023-02-01,FI,PEPP,23322.026,0.0,2.936222501847121,0.09688726168881556,single_maturity_ea_slope
2023-03-01,FI,PEPP,23903.432,841.9290786416434,2.9583941932616944,0.19767554574885474,single_maturity_ea_slope
2023-04-01,FI,PEPP,23456.265,0.0,2.9092693731424695,0.19767554574885474,single_maturity_ea_slope
2023-05-01,FI,PEPP,23285.577,86.84674967062097,2.915478848453177,0.20781196551994088,single_maturity_ea_slope
2023-06-01,FI,PEPP,23452.709,426.5524211229924,2.973401236393636,0.2581118604840129,single_maturity_ea_slope
2023-07-01,FI,PEPP,23786.973,600.8932519326995,3.063273845714619,0.32897429882382206,single_maturity_ea_slope
2023-08-01,FI,PEPP,23693.628,177.82432284541608,3.088318741403173,0.3496836033253925,single_maturity_ea_slope
2023-09-01,FI,PEPP,23070.439000000002,0.0,3.189077992577143,0.3496836033253925,single_maturity_ea_slope
2023-10-01,FI,PEPP,23556.722,752.5623051708212,3.371623021998697,0.44622495126859757,single_maturity_ea_slope
2023-11-01,FI,PEPP,23298.912,13.705928999537662,3.1122287029274696,0.447793267339869,single_maturity_ea_slope
2023-12-01,FI,PEPP,23454.487,429.036408450705,2.563345917004211,0.48649158168374534,single_maturity_ea_slope
2024-01-01,FI,PEPP,23874.095,702.4648137964305,2.649518702765,0.5501358975770586,single_maturity_ea_slope
2024-02-01,FI,PEPP,23378.922,0.0,2.775027392092159,0.5501358975770586,single_maturity_ea_slope
2024-03-01,FI,PEPP,23330.027000000002,231.42780575539882,2.76749821849225,0.5721315556401247,single_maturity_ea_slope
2024-04-01,FI,PEPP,23135.336,85.04553477217974,2.8459243402978576,0.5804900218120593,single_maturity_ea_slope
2024-05-01,FI,PEPP,23270.464,416.5797761557184,2.927538808416591,0.622506075215647,single_maturity_ea_slope
2024-06-01,FI,PEPP,23594.949,614.7851996007989,2.9686613884961996,0.683637021613101,single_maturity_ea_slope
2024-07-01,FI,PEPP,23914.1,621.1856774193528,2.896252606086891,0.7411112778347431,single_maturity_ea_slope
2024-08-01,FI,PEPP,23419.816,0.0,2.609959562987864,0.7411112778347431,single_maturity_ea_slope
2024-09-01,FI,PEPP,22984.206000000002,0.0,2.527747192233834,0.7411112778347431,single_maturity_ea_slope
2024-10-01,FI,PEPP,22982.428,290.1961615853638,2.538764481966,0.7638100135688665,single_maturity_ea_slope
2024-11-01,FI,PEPP,22080.093,0.0,2.636053052726666,0.7638100135688665,single_maturity_ea_slope
2024-12-01,FI,PEPP,22146.768,342.9524399399392,2.4611952106472628,0.7900947696495719,single_maturity_ea_slope
2025-01-01,FI,PEPP,22146.768,280.9077625570776,2.7347911898502275,0.8147611372320257,single_maturity_ea_slope
2025-02-01,FI,PEPP,20739.481,0.0,2.638726863391525,0.8147611372320257,single_maturity_ea_slope
2025-03-01,FI,PEPP,20739.481,251.2049539728682,2.860599009267619,0.8395411502169531,single_maturity_ea_slope
2025-04-01,FI,PEPP,20529.677,41.76660892770491,2.630475268417425,0.8431847167928016,single_maturity_ea_slope
2025-05-01,FI,PEPP,19986.498,0.0,2.6521323101779526,0.8431847167928016,single_maturity_ea_slope
2025-06-01,FI,PEPP,19986.498,241.38282608695647,2.606667809146191,0.8644828217729149,single_maturity_ea_slope
2025-07-01,FI,PEPP,19051.27,0.0,2.7636915529444344,0.8644828217729149,single_maturity_ea_slope
2025-08-01,FI,PEPP,18561.431,0.0,2.8159436628114287,0.8644828217729149,single_maturity_ea_slope
2025-09-01,FI,PEPP,17825.339,0.0,2.8377477532995905,0.8644828217729149,single_maturity_ea_slope
2025-10-01,FI,PEPP,17825.339,199.3885794183445,2.7665185460354347,0.8857583891584018,single_maturity_ea_slope
2025-11-01,FI,PEPP,17825.339,201.55290592492085,2.7838868701881503,0.9072207193373903,single_maturity_ea_slope
2025-12-01,FI,PEPP,17825.339,204.04463141025641,2.9096273282666663,0.9301420404102988,single_maturity_ea_slope
2026-01-01,FI,PEPP,17825.339,206.31179398148146,2.9860237224755557,0.9539369672860543,single_maturity_ea_slope
2026-02-01,FI,PEPP,17825.339,208.62990402621725,2.88183312536,0.9765012949788674,single_maturity_ea_slope
2026-03-01,FI,PEPP,17825.339,211.0006983901515,3.0894623787596367,1.0015126714440754,single_maturity_ea_slope
2026-04-01,FI,PEPP,16677.64,0.0,3.1837618677993835,1.0015126714440754,single_maturity_ea_slope
2026-05-01,FI,PEPP,16677.64,188.06540369869194,3.20451879292725,1.0263548694761366,single_maturity_ea_slope
2026-06-01,FI,PEPP,16677.64,190.3840182648402,3.1207557655518183,1.0502635555043978,single_maturity_ea_slope
2026-07-01,FI,PEPP,16677.64,192.49353647276084,3.2328688926288702,1.0754552145201464,single_maturity_ea_slope
2026-08-01,FI,PEPP,16677.64,194.9233286582515,3.320828626298111,1.1016984755273689,single_maturity_ea_slope
2015-03-01,FI,PSPP,688.0,688.0,0.18518536967508856,0.18518536967508856,single_maturity_ea_slope
2015-04-01,FI,PSPP,1386.6666666666665,706.6965452847804,0.08893314721878653,0.13613168235356155,single_maturity_ea_slope
2015-05-01,FI,PSPP,2134.222222222222,763.7171717171718,0.43104902883868335,0.2416658855882322,single_maturity_ea_slope
2015-06-01,FI,PSPP,2877.333333333333,767.7102607448386,0.6524962769371172,0.351280820782054,single_maturity_ea_slope
2015-07-01,FI,PSPP,3632.8888888888887,788.6740331491714,0.5675394331916108,0.3982290091986982,single_maturity_ea_slope
2015-08-01,FI,PSPP,4243.555555555556,651.9119991926534,0.4775511695221086,0.41041479713990137,single_maturity_ea_slope
2015-09-01,FI,PSPP,4976.888888888889,781.1857865985062,0.5570200652171962,0.4334263519925986,single_maturity_ea_slope
2015-10-01,FI,PSPP,5727.11111111111,805.5209876543205,0.5003339415953381,0.44283693729690793,single_maturity_ea_slope
2015-11-01,FI,PSPP,6535.11111111111,870.8800078075441,0.47939857208502124,0.44770920285572796,single_maturity_ea_slope
2015-12-01,FI,PSPP,7187.555555555555,724.1957741667885,0.5278249962660584,0.45578142137053795,single_maturity_ea_slope
2016-01-01,FI,PSPP,7956.444444444444,847.803640267409,0.4528121427927905,0.45546502813675627,single_maturity_ea_slope
2016-02-01,FI,PSPP,8737.777777777777,867.3303549983184,0.2595222081164562,0.436015328227954,single_maturity_ea_slope
2016-03-01,FI,PSPP,9512.0,869.2807272023986,0.25350585944870846,0.41933618990354843,single_maturity_ea_slope
2016-04-01,FI,PSPP,10688.888888888889,1281.3245498462888,0.1918564407672474,0.3920671827886736,single_maturity_ea_slope
2016-05-01,FI,PSPP,11903.111111111111,1331.8894270756891,0.1838651774551991,0.3687705801600751,single_maturity_ea_slope
2016-06-01,FI,PSPP,12991.11111111111,1219.9050433412117,0.09948729010580448,0.34348405610411825,single_maturity_ea_slope
2016-07-01,FI,PSPP,14055.11111111111,1207.7705966258422,-0.09509100810384105,0.3057968359337336,single_maturity_ea_slope
2016-08-01,FI,PSPP,14829.333333333332,929.1506956692145,-0.14415464924764132,0.2776045547248455,single_maturity_ea_slope
2016-09-01,FI,PSPP,15900.444444444443,1233.713450292398,-0.1420839775346095,0.24504097519780446,single_maturity_ea_slope
2016-10-01,FI,PSPP,17018.666666666664,1291.6563893736654,-0.05939972528505355,0.2219350066947444,single_maturity_ea_slope
2016-11-01,FI,PSPP,18090.666666666664,1262.621266427718,0.12028827599192393,0.21484066759641196,single_maturity_ea_slope
2016-12-01,FI,PSPP,18925.333333333332,1039.7762660619815,0.10162083765282154,0.2086202597468143,single_maturity_ea_slope
2017-01-01,FI,PSPP,19616.0,904.3673592291491,0.13572751649804232,0.20525964505886263,single_maturity_ea_slope
2017-02-01,FI,PSPP,20261.333333333332,869.8754578754567,0.12071640431147901,0.20162996832211916,single_maturity_ea_slope
2017-03-01,FI,PSPP,20910.222222222223,881.7777777777794,0.12006288274896415,0.19819030887268155,single_maturity_ea_slope
2017-04-01,FI,PSPP,21509.333333333332,835.5451027689818,0.027302823050019243,0.1915520649210499,single_maturity_ea_slope
2017-05-01,FI,PSPP,22074.666666666664,809.2033257747531,0.1250899366190259,0.18911572574219934,single_maturity_ea_slope
2017-06-01,FI,PSPP,22646.222222222223,823.5494672754975,0.20069280342737267,0.1895367361900645,single_maturity_ea_slope
2017-07-01,FI,PSPP,23227.555555555555,840.91864078659,0.38304887374958135,0.196542551472824,single_maturity_ea_slope
2017-08-01,FI,PSPP,23696.888888888887,737.4260798194305,0.272189276894063,0.1988966102034921,single_maturity_ea_slope
2017-09-01,FI,PSPP,23876.44444444444,442.85432098765347,0.23210141332354217,0.19951248458853604,single_maturity_ea_slope
2017-10-01,FI,PSPP,24811.555555555555,1201.4703753284764,0.24673039004161484,0.20179895608605697,single_maturity_ea_slope
2017-11-01,FI,PSPP,25359.11111111111,828.4834943639282,0.1575354852380414,0.20035286616436518,single_maturity_ea_slope
2017-12-01,FI,PSPP,25922.666666666664,853.0431253170971,0.16835245908354868,0.19929982144413427,single_maturity_ea_slope
2018-01-01,FI,PSPP,26171.555555555555,547.6748117412034,0.33865094647611044,0.20221593015635075,single_maturity_ea_slope
2018-02-01,FI,PSPP,26434.666666666664,566.8663984318564,0.4988285156112719,0.20857650621984286,single_maturity_ea_slope
2018-03-01,FI,PSPP,26683.555555555555,558.2833957553075,0.38632238927078383,0.21229537250678132,single_maturity_ea_slope
2018-04-01,FI,PSPP,27165.333333333332,796.2939913038919,0.3548942598476875,0.2164753557141602,single_maturity_ea_slope
2018-05-01,FI,PSPP,27597.333333333332,753.5593434343434,0.3531534824171287,0.22020742207637364,single_maturity_ea_slope
2018-06-01,FI,PSPP,28076.44444444444,805.7840909090893,0.27978558605746046,0.221917294449869,single_maturity_ea_slope
2018-07-01,FI,PSPP,28569.777777777777,825.6776094276117,0.2032249309394777,0.2213770779267354,single_maturity_ea_slope
2018-08-01,FI,PSPP,29004.44444444444,773.3316474369082,0.2302477790007904,0.22161359319213408,single_maturity_ea_slope
2018-09-01,FI,PSPP,28688.888888888887,14.640760979559559,0.3710731713006863,0.22168986669187354,single_maturity_ea_slope
2018-10-01,FI,PSPP,29034.666666666664,674.6279484436288,0.4307408952105507,0.22654722111266662,single_maturity_ea_slope
2018-11-01,FI,PSPP,29336.0,637.3827160493851,0.354288566710608,0.22932265490762907,single_maturity_ea_slope
2018-12-01,FI,PSPP,29451.555555555555,458.4260557893088,0.2649243483319211,0.2298768104891613,single_maturity_ea_slope
2019-01-01,FI,PSPP,29647.11111111111,543.6826897819798,0.18422655271588428,0.22903965455709094,single_maturity_ea_slope
2019-02-01,FI,PSPP,29760.888888888887,466.7195767195763,0.09753317094550579,0.22697732871070153,single_maturity_ea_slope
2019-03-01,FI,PSPP,29887.11111111111,484.6144294583605,0.07341576201226463,0.22448735399365274,single_maturity_ea_slope
2019-04-01,FI,PSPP,30055.11111111111,530.004737295435,0.06416688142691124,0.22166019392654512,single_maturity_ea_slope
2019-05-01,FI,PSPP,30216.0,529.2113289760365,-0.038804546760429603,0.21709834286848473,single_maturity_ea_slope
2019-06-01,FI,PSPP,30328.888888888887,486.4793933399255,-0.2041441673438631,0.2103415572319306,single_maturity_ea_slope
2019-07-01,FI,PSPP,29236.44444444444,0.0,-0.3089330432177749,0.2103415572319306,single_maturity_ea_slope
2019-08-01,FI,PSPP,29340.44444444444,454.5568878230748,-0.5208455732688009,0.19901363931010002,single_maturity_ea_slope
2019-09-01,FI,PSPP,29401.777777777777,415.6865271068193,-0.46703491702623073,0.1895969498377641,single_maturity_ea_slope
2019-10-01,FI,PSPP,29747.555555555555,705.0370370370366,-0.381031920964393,0.1760726625205493,single_maturity_ea_slope
2019-11-01,FI,PSPP,29943.11111111111,563.9007209289518,-0.2676918771782766,0.16771551008804822,single_maturity_ea_slope
2019-12-01,FI,PSPP,30119.11111111111,551.7920571173584,-0.24093205767705703,0.16022895176229707,single_maturity_ea_slope
2020-01-01,FI,PSPP,30634.666666666664,897.5838547832451,-0.26297875635329615,0.14782913001272002,single_maturity_ea_slope
2020-02-01,FI,PSPP,30811.555555555555,569.0377197473988,-0.415593898277033,0.13742365227911152,single_maturity_ea_slope
2020-03-01,FI,PSPP,31109.333333333332,695.2436647173486,-0.285992995133704,0.12796096985852112,single_maturity_ea_slope
2020-04-01,FI,PSPP,29947.555555555555,0.0,-0.12328491233049446,0.12796096985852112,single_maturity_ea_slope
2020-05-01,FI,PSPP,30290.666666666664,704.2731414482483,-0.2866734787276418,0.11832051166484961,single_maturity_ea_slope
2020-06-01,FI,PSPP,30621.333333333332,700.2453229217516,-0.3474357166082848,0.10766964885232443,single_maturity_ea_slope
2020-07-01,FI,PSPP,31283.555555555555,1033.6600355814335,-0.3626557963041952,0.09212932398381675,single_maturity_ea_slope
2020-08-01,FI,PSPP,31479.11111111111,578.9324618736375,-0.4049597546419855,0.08298735669498322,single_maturity_ea_slope
2020-09-01,FI,PSPP,30372.44444444444,0.0,-0.4406504480727504,0.08298735669498322,single_maturity_ea_slope
2020-10-01,FI,PSPP,30952.888888888887,934.4356384356392,-0.5151782753211561,0.06492935615585088,single_maturity_ea_slope
2020-11-01,FI,PSPP,31505.777777777777,916.1857068335958,-0.530774084438276,0.04760634379813373,single_maturity_ea_slope
2020-12-01,FI,PSPP,31904.888888888887,772.0488215488199,-0.5344787424941917,0.03352078761650292,single_maturity_ea_slope
2021-01-01,FI,PSPP,32315.555555555555,790.4867724867737,-0.5044848704802797,0.020360365369779865,single_maturity_ea_slope
2021-02-01,FI,PSPP,32682.666666666664,754.5877964295214,-0.38922433843223214,0.010903743538844044,single_maturity_ea_slope
2021-03-01,FI,PSPP,33095.11111111111,806.5914134105169,-0.33267721003355766,0.0025300158896911975,single_maturity_ea_slope
2021-04-01,FI,PSPP,32279.11111111111,0.0,-0.27339029500522705,0.0025300158896911975,single_maturity_ea_slope
2021-05-01,FI,PSPP,32786.666666666664,876.0385591070515,-0.16782094426791366,-0.0020216517499683463,single_maturity_ea_slope
2021-06-01,FI,PSPP,33495.11111111111,1080.6818044202248,-0.2148178175666009,-0.008887278906289051,single_maturity_ea_slope
2021-07-01,FI,PSPP,34263.11111111111,1146.2194118237478,-0.26369104148345135,-0.017411344859452334,single_maturity_ea_slope
2021-08-01,FI,PSPP,34707.555555555555,832.9150919627118,-0.36744349184500336,-0.025811448330574156,single_maturity_ea_slope
2021-09-01,FI,PSPP,35504.88888888889,1193.5383054287188,-0.2455995562776082,-0.033199882265219735,single_maturity_ea_slope
2021-10-01,FI,PSPP,35716.444444444445,613.5583735909815,-0.09844636989551094,-0.03432072532380678,single_maturity_ea_slope
2021-11-01,FI,PSPP,36099.555555555555,786.4133293184768,-0.1528938516011489,-0.03690379000613954,single_maturity_ea_slope
2021-12-01,FI,PSPP,36592.0,901.7364575459821,-0.1908734182160447,-0.0406980627190733,single_maturity_ea_slope
2022-01-01,FI,PSPP,37355.555555555555,1174.5169212339015,0.042609700794196126,-0.03807873671892938,single_maturity_ea_slope
2022-02-01,FI,PSPP,37704.88888888888,770.0040040039992,0.4072227914548262,-0.028984850759118618,single_maturity_ea_slope
2022-03-01,FI,PSPP,38246.22222222222,961.9590460607888,0.6031914276437506,-0.013084517226011054,single_maturity_ea_slope
2022-04-01,FI,PSPP,37776.0,0.0,1.1128777103673202,-0.013084517226011054,single_maturity_ea_slope
2022-05-01,FI,PSPP,38369.777777777774,988.7589572006093,1.3529889386596667,0.022118119951711573,single_maturity_ea_slope
2022-06-01,FI,PSPP,38768.0,798.9091246635146,1.9817955154341067,0.0625020487756828,single_maturity_ea_slope
2022-07-01,FI,PSPP,39213.33333333333,848.1596009975015,1.5881428659735473,0.09550069481733639,single_maturity_ea_slope
2022-08-01,FI,PSPP,39410.666666666664,608.3745632424901,1.513216797581379,0.1173856941784464,single_maturity_ea_slope
2022-09-01,FI,PSPP,38467.555555555555,0.0,2.481298503759538,0.1173856941784464,single_maturity_ea_slope
2022-10-01,FI,PSPP,38952.0,877.7732333560562,2.8045431478341003,0.17794009155552973,single_maturity_ea_slope
2022-11-01,FI,PSPP,39199.11111111111,648.3472050542491,2.6449490514499336,0.21874403630462252,single_maturity_ea_slope
2022-12-01,FI,PSPP,39434.666666666664,642.8613651057533,2.6835817436324905,0.2589256599174402,single_maturity_ea_slope
2023-01-01,FI,PSPP,39743.11111111111,720.7684371950377,2.757909146775268,0.30424643053761335,single_maturity_ea_slope
2023-02-01,FI,PSPP,39988.444444444445,664.0344617689775,2.937023218928474,0.3479654234098121,single_maturity_ea_slope
2023-03-01,FI,PSPP,40247.11111111111,684.8009851283484,2.961314701303344,0.3924313269387708,single_maturity_ea_slope
2023-04-01,FI,PSPP,39063.11111111111,0.0,2.9177658507529296,0.3924313269387708,single_maturity_ea_slope
2023-05-01,FI,PSPP,39264.88888888888,611.7600522436753,2.9254300530346655,0.4318962911054742,single_maturity_ea_slope
2023-06-01,FI,PSPP,39210.666666666664,360.4893207529488,2.9782169082502272,0.4553062830216299,single_maturity_ea_slope
2023-07-01,FI,PSPP,39210.666666666664,418.9173789173789,3.065161970251746,0.4831893566031482,single_maturity_ea_slope
2023-08-01,FI,PSPP,39210.666666666664,423.258491652274,3.0972627250554776,0.5114069015993953,single_maturity_ea_slope
2023-09-01,FI,PSPP,37552.0,0.0,3.2011795217142858,0.5114069015993953,single_maturity_ea_slope
2023-10-01,FI,PSPP,37552.0,395.6173619890434,3.3950475237328335,0.5417865963121369,single_maturity_ea_slope
2023-11-01,FI,PSPP,37552.0,399.65942954448695,3.1312405362283786,0.5693457059323608,single_maturity_ea_slope
2023-12-01,FI,PSPP,37552.0,403.78494623655916,2.5885959700894743,0.5910580743641577,single_maturity_ea_slope
2024-01-01,FI,PSPP,37552.0,408.5291557876414,2.683214083426091,0.6138186923913763,single_maturity_ea_slope
2024-02-01,FI,PSPP,37552.0,412.8408091468777,2.795801434402349,0.6378070690625611,single_maturity_ea_slope
2024-03-01,FI,PSPP,37368.88888888888,231.91983495431202,2.7818649683436,0.6511135806800794,single_maturity_ea_slope
2024-04-01,FI,PSPP,36067.555555555555,0.0,2.8703257373964286,0.6511135806800794,single_maturity_ea_slope
2024-05-01,FI,PSPP,36067.555555555555,392.3798472101344,2.942920980338364,0.6760462112246647,single_maturity_ea_slope
2024-06-01,FI,PSPP,36067.555555555555,396.52105931789305,2.981907539921233,0.7013964896843896,single_maturity_ea_slope
2024-07-01,FI,PSPP,36067.555555555555,401.2856648370667,2.91183409934913,0.7259896985146604,single_maturity_ea_slope
2024-08-01,FI,PSPP,36067.555555555555,405.6180336882091,2.6450069499977276,0.7475710891071377,single_maturity_ea_slope
2024-09-01,FI,PSPP,34907.555555555555,0.0,2.5807600599803497,0.7475710891071377,single_maturity_ea_slope
2024-10-01,FI,PSPP,34907.555555555555,387.86172839506173,2.5964963583913043,0.7681147032102952,single_maturity_ea_slope
2024-11-01,FI,PSPP,34687.11111111111,168.974961574693,2.6769957630769836,0.7774136356785661,single_maturity_ea_slope
2024-12-01,FI,PSPP,34687.11111111111,391.14920062146047,2.5039611213130524,0.7968830480109351,single_maturity_ea_slope
2025-01-01,FI,PSPP,34687.11111111111,395.97158802638256,2.783850330043182,0.819565322919979,single_maturity_ea_slope
2025-02-01,FI,PSPP,34687.11111111111,399.8053378412991,2.6547578984930005,0.8407178422327155,single_maturity_ea_slope
2025-03-01,FI,PSPP,34687.11111111111,404.8449009233323,2.884508148447587,0.8645716039765865,single_maturity_ea_slope
2025-04-01,FI,PSPP,34595.555555555555,316.7202343586532,2.654838381001133,0.8809613888515014,single_maturity_ea_slope
2025-05-01,FI,PSPP,34595.555555555555,412.44105335664705,2.6521323101779526,0.9020769220098996,single_maturity_ea_slope
2025-06-01,FI,PSPP,34595.555555555555,417.2160583159136,2.60780215804681,0.922647655681353,single_maturity_ea_slope
2025-07-01,FI,PSPP,32960.0,0.0,2.765686648313623,0.922647655681353,single_maturity_ea_slope
2025-08-01,FI,PSPP,32960.0,386.31036099390525,2.796517476120381,0.9446104993339435,single_maturity_ea_slope
2025-09-01,FI,PSPP,31608.888888888887,0.0,2.8203862626359997,0.9446104993339435,single_maturity_ea_slope
2025-10-01,FI,PSPP,31608.888888888887,362.3210555810281,2.7491198551673475,0.9652949256960871,single_maturity_ea_slope
2025-11-01,FI,PSPP,31608.888888888887,366.3524442383969,2.7667004202390504,0.9861735243811005,single_maturity_ea_slope
2025-12-01,FI,PSPP,31608.888888888887,370.4745533156222,2.893666536283333,1.008530451384174,single_maturity_ea_slope
2026-01-01,FI,PSPP,31608.888888888887,375.22422707607893,2.96879667606327,1.0318004682963189,single_maturity_ea_slope
2026-02-01,FI,PSPP,31608.888888888887,379.5495783968406,2.86357559508685,1.053795846860086,single_maturity_ea_slope
2026-03-01,FI,PSPP,31608.888888888887,383.97581254724105,3.074591341601455,1.078343897087751,single_maturity_ea_slope
2026-04-01,FI,PSPP,29396.44444444444,0.0,3.1735243353147666,1.078343897087751,single_maturity_ea_slope
2026-05-01,FI,PSPP,29396.44444444444,337.89016602809704,3.1940868507854168,1.1026627816130115,single_maturity_ea_slope
2026-06-01,FI,PSPP,29396.44444444444,341.6602097215765,3.1116440061154247,1.1260121682297293,single_maturity_ea_slope
2026-07-01,FI,PSPP,29396.44444444444,346.003347980749,3.223142865638957,1.150695909960064,single_maturity_ea_slope
2026-08-01,FI,PSPP,29396.44444444444,349.95767195767195,3.3117163341095237,1.176422343580891,single_maturity_ea_slope
2020-03-01,FR,PEPP,2176.272,2176.272,-0.0358662319527754,-0.0358662319527754,single_maturity_ea_slope
2020-04-01,FR,PEPP,14183.106,12028.449733015494,-0.01984201841783423,-0.02227637039380895,single_maturity_ea_slope
2020-05-01,FR,PEPP,20958.175,6919.382247863247,-0.1283481217043105,-0.057296165438828366,single_maturity_ea_slope
2020-06-01,FR,PEPP,38934.644,18175.16235419037,-0.10528067878967687,-0.07969591617594791,single_maturity_ea_slope
2020-07-01,FR,PEPP,52824.38,14248.250217311232,-0.19689315443605407,-0.11130737239195715,single_maturity_ea_slope
2020-08-01,FR,PEPP,62629.161,10285.877357012752,-0.21154876544814813,-0.12777048092812435,single_maturity_ea_slope
2020-09-01,FR,PEPP,74886.693,12834.865711283186,-0.25839025800347715,-0.1501574662634215,single_maturity_ea_slope
2020-10-01,FR,PEPP,87142.447,12972.235946039036,-0.36073332461904956,-0.18150429910056806,single_maturity_ea_slope
2020-11-01,FR,PEPP,99399.09,13100.065831978316,-0.3822020611617944,-0.20795478164857517,single_maturity_ea_slope
2020-12-01,FR,PEPP,109204.76,10785.937159763313,-0.4036121793466207,-0.22727947405588358,single_maturity_ea_slope
2021-01-01,FR,PEPP,118765.066,10643.686555555567,-0.37745859758948247,-0.2407384782219713,single_maturity_ea_slope
2021-02-01,FR,PEPP,128570.736,10978.310857030014,-0.2376844777621185,-0.24047770530078513,single_maturity_ea_slope
2021-03-01,FR,PEPP,140667.359,13373.646599523234,-0.17783053339357036,-0.23452166017771808,single_maturity_ea_slope
2021-04-01,FR,PEPP,154910.028,15621.760754901956,-0.11839607528172506,-0.22281108128111973,single_maturity_ea_slope
2021-05-01,FR,PEPP,168617.519,15224.432128084616,0.09145066408918834,-0.1944364696676985,single_maturity_ea_slope
2021-06-01,FR,PEPP,181604.031,14649.406664694268,0.034730219087131003,-0.17595033805990992,single_maturity_ea_slope
2021-07-01,FR,PEPP,196205.856,16405.599642431476,-0.11304678503372388,-0.17069070652763768,single_maturity_ea_slope
2021-08-01,FR,PEPP,207181.45,12929.057321385913,-0.21561241196503983,-0.173494023642054,single_maturity_ea_slope
2021-09-01,FR,PEPP,219150.057,14028.883949085113,-0.06775973376656488,-0.16672544642876055,single_maturity_ea_slope
2021-10-01,FR,PEPP,230184.325,13231.92200120338,0.08448698290779794,-0.15228474430573738,single_maturity_ea_slope
2021-11-01,FR,PEPP,241282.601,13440.403849002832,-0.004934302060335682,-0.1440767365882337,single_maturity_ea_slope
2021-12-01,FR,PEPP,249945.017,11123.478841697264,-0.038995605786929,-0.13940023713583638,single_maturity_ea_slope
2022-01-01,FR,PEPP,258798.568,11434.561088806286,0.20797159788092967,-0.12405222150064187,single_maturity_ea_slope
2022-02-01,FR,PEPP,263579.61,7453.476613795939,0.602965379810698,-0.10349369389225786,single_maturity_ea_slope
2022-03-01,FR,PEPP,268732.254,7898.264937500029,0.6908232629594867,-0.08014805645506412,single_maturity_ea_slope
2022-04-01,FR,PEPP,267567.664,1631.2095630461667,1.2176955017456574,-0.07223583420882558,single_maturity_ea_slope
2022-05-01,FR,PEPP,265792.331,991.0820537634568,1.4464032221673664,-0.06657315797864227,single_maturity_ea_slope
2022-06-01,FR,PEPP,265690.985,2656.9803906184948,1.9817807749530647,-0.046089074813962,single_maturity_ea_slope
2022-07-01,FR,PEPP,264713.974,1801.0210472605618,1.5768636454173237,-0.03504707365445643,single_maturity_ea_slope
2022-08-01,FR,PEPP,264800.207,2875.0443569321606,1.5760356619244302,-0.01755488820659194,single_maturity_ea_slope
2022-09-01,FR,PEPP,266465.304,4483.319722435088,2.3473227671274843,0.022234542064995363,single_maturity_ea_slope
2022-10-01,FR,PEPP,265720.322,2098.2244020486373,2.662918645273881,0.04308634512526264,single_maturity_ea_slope
2022-11-01,FR,PEPP,266477.75,3610.9537946735536,2.5259926048418073,0.0767314047234549,single_maturity_ea_slope
2022-12-01,FR,PEPP,267212.064,3629.5524832681576,2.592442152860456,0.11090240754571162,single_maturity_ea_slope
2023-01-01,FR,PEPP,268338.427,4056.3198421052757,2.6709763311628785,0.14960159338250056,single_maturity_ea_slope
2023-02-01,FR,PEPP,267614.781,2218.661313596484,2.8631367107312617,0.17209816612579457,single_maturity_ea_slope
2023-03-01,FR,PEPP,263934.321,0.0,2.901260073399415,0.17209816612579457,single_maturity_ea_slope
2023-04-01,FR,PEPP,264487.279,3443.171764783164,2.8538486784340917,0.20700996861052848,single_maturity_ea_slope
2023-05-01,FR,PEPP,262214.995,616.3931406727975,2.8726161289767758,0.21327605325219784,single_maturity_ea_slope
2023-06-01,FR,PEPP,262947.531,3626.741242825629,2.9012234242715906,0.2503499499035444,single_maturity_ea_slope
2023-07-01,FR,PEPP,263741.408,3731.1818592493087,3.0297960929270156,0.2896711134108297,single_maturity_ea_slope
2023-08-01,FR,PEPP,264684.637,3921.3388464317895,3.052845763002347,0.33060792113691906,single_maturity_ea_slope
2023-09-01,FR,PEPP,265206.48,3547.501859167803,3.1792682519228572,0.36871267566478994,single_maturity_ea_slope
2023-10-01,FR,PEPP,264943.336,2781.0075151515434,3.356980964128212,0.40007936973972913,single_maturity_ea_slope
2023-11-01,FR,PEPP,265474.958,3606.6375060352575,3.100644383485727,0.4367681751149726,single_maturity_ea_slope
2023-12-01,FR,PEPP,265935.46,3580.8000488951943,2.5369574546490528,0.4650470585509943,single_maturity_ea_slope
2024-01-01,FR,PEPP,268348.206,5574.128073228705,2.595884662155561,0.5093088104098594,single_maturity_ea_slope
2024-02-01,FR,PEPP,266167.489,986.7547422096277,2.7428496765053336,0.5175891494167721,single_maturity_ea_slope
2024-03-01,FR,PEPP,262270.113,0.0,2.7416170164277998,0.5175891494167721,single_maturity_ea_slope
2024-04-01,FR,PEPP,264517.505,5330.021442877285,2.8747146203660483,0.5650851716694841,single_maturity_ea_slope
2024-05-01,FR,PEPP,261754.49300000002,307.06117780874,2.9563919506641816,0.5678903860810669,single_maturity_ea_slope
2024-06-01,FR,PEPP,262978.646,4283.462174848051,3.068059768418983,0.6086137723439867,single_maturity_ea_slope
2024-07-01,FR,PEPP,263003.538,3115.849287259043,3.0343056689665215,0.6373513719393251,single_maturity_ea_slope
2024-08-01,FR,PEPP,263391.142,3518.598499999992,2.7859539961363637,0.6660541973767719,single_maturity_ea_slope
2024-09-01,FR,PEPP,264014.331,3795.047646435466,2.7249641256539054,0.6956497926156179,single_maturity_ea_slope
2024-10-01,FR,PEPP,264621.518,3819.0401751824584,2.7999759204888046,0.7260196056405506,single_maturity_ea_slope
2024-11-01,FR,PEPP,259458.206,0.0,2.923671550503095,0.7260196056405506,single_maturity_ea_slope
2024-12-01,FR,PEPP,259738.241,3431.8596598639488,2.8389547022293677,0.7539373150004668,single_maturity_ea_slope
2025-01-01,FR,PEPP,259547.106,3001.321256145517,3.125005749094091,0.7813556060409412,single_maturity_ea_slope
2025-02-01,FR,PEPP,256826.766,469.7670058997087,2.95361911443785,0.7853289369373199,single_maturity_ea_slope
2025-03-01,FR,PEPP,248251.472,0.0,3.1819358085642855,0.7853289369373199,single_maturity_ea_slope
2025-04-01,FR,PEPP,248189.242,2949.068786996593,2.949475268417425,0.811044057968477,single_maturity_ea_slope
2025-05-01,FR,PEPP,241399.06,0.0,2.9613879004809522,0.811044057968477,single_maturity_ea_slope
2025-06-01,FR,PEPP,241363.5,2871.461435452796,2.949936506947429,0.8364901058664576,single_maturity_ea_slope
2025-07-01,FR,PEPP,241303.937,2881.025450292403,3.0412516797594775,0.8628136473933101,single_maturity_ea_slope
2025-08-01,FR,PEPP,241303.937,2979.060950617284,3.0833080759148808,0.8902271588565394,single_maturity_ea_slope
2025-09-01,FR,PEPP,241231.039,2941.893816591689,3.165598889672454,0.9179760839247387,single_maturity_ea_slope
2025-10-01,FR,PEPP,238666.274,449.11604697652683,3.114721678117391,0.9221098632013067,single_maturity_ea_slope
2025-11-01,FR,PEPP,233167.809,0.0,3.1280386491074,0.9221098632013067,single_maturity_ea_slope
2025-12-01,FR,PEPP,232894.886,2631.509100149467,3.244453426550238,0.9483503201112375,single_maturity_ea_slope
2026-01-01,FR,PEPP,232894.886,2940.5919949494955,3.1981181393285714,0.9767564794447897,single_maturity_ea_slope
2026-02-01,FR,PEPP,225634.423,0.0,3.0838031264579246,0.9767564794447897,single_maturity_ea_slope
2026-03-01,FR,PEPP,223843.977,1003.4423481921781,3.3807130127693643,0.9875328774568352,single_maturity_ea_slope
2026-04-01,FR,PEPP,220658.69,0.0,3.474232211861,0.9875328774568352,single_maturity_ea_slope
2026-05-01,FR,PEPP,213360.889,0.0,3.51202134681255,0.9875328774568352,single_maturity_ea_slope
2026-06-01,FR,PEPP,213238.207,2469.1655340136044,3.460158591462137,1.0161643421339777,single_maturity_ea_slope
2026-07-01,FR,PEPP,212937.725,2316.579941580767,3.6275734214331745,1.0445742347087499,single_maturity_ea_slope
2026-08-01,FR,PEPP,212937.725,2648.4791666666665,3.769508833211667,1.0784664560831643,single_maturity_ea_slope
2015-03-01,FR,PSPP,7784.0,7784.0,0.376425241092449,0.376425241092449,single_maturity_ea_slope
2015-04-01,FR,PSPP,15449.777777777777,7748.621541081311,0.3026171082044639,0.3394077967881405,single_maturity_ea_slope
2015-05-01,FR,PSPP,23880.888888888887,8595.9614928629,0.667963990581304,0.45767208767061607,single_maturity_ea_slope
2015-06-01,FR,PSPP,32259.555555555555,8633.151842379466,0.9186432793223521,0.581035048627674,single_maturity_ea_slope
2015-07-01,FR,PSPP,40672.88888888888,8752.76468387579,0.8217688482023735,0.6328407195965802,single_maturity_ea_slope
2015-08-01,FR,PSPP,47861.33333333333,7619.666760908492,0.7344960536756815,0.6490245514333777,single_maturity_ea_slope
2015-09-01,FR,PSPP,56292.44444444444,8939.841269841269,0.7161545367314727,0.6596855099142983,single_maturity_ea_slope
2015-10-01,FR,PSPP,65136.88888888888,9444.321303400588,0.5999711970711348,0.6510274182166026,single_maturity_ea_slope
2015-11-01,FR,PSPP,74222.22222222222,9781.240265906936,0.578206165388816,0.6414308021487037,single_maturity_ea_slope
2015-12-01,FR,PSPP,81570.66666666666,8148.597767236829,0.6171214695120137,0.639002392749332,single_maturity_ea_slope
2016-01-01,FR,PSPP,90432.0,9746.431712962973,0.5250307764644289,0.6267189468967928,single_maturity_ea_slope
2016-02-01,FR,PSPP,99311.11111111111,9860.36111111111,0.31597883093020884,0.5958663089506622,single_maturity_ea_slope
2016-03-01,FR,PSPP,108068.44444444444,9839.153715807306,0.23232426055746364,0.5627674139430731,single_maturity_ea_slope
2016-04-01,FR,PSPP,121342.22222222222,14449.457112464948,0.24964484290263855,0.5254807129223221,single_maturity_ea_slope
2016-05-01,FR,PSPP,135029.3333333333,15005.475107441192,0.25481722776568466,0.49540255072785183,single_maturity_ea_slope
2016-06-01,FR,PSPP,147192.0,13633.574437182298,0.17157061764058093,0.465407803969319,single_maturity_ea_slope
2016-07-01,FR,PSPP,159253.3333333333,13654.320346320326,-0.030287173537989653,0.42290710476712434,single_maturity_ea_slope
2016-08-01,FR,PSPP,167936.88888888888,10409.317728651935,-0.04327755727952923,0.39401134339168004,single_maturity_ea_slope
2016-09-01,FR,PSPP,180033.77777777778,13904.994927744297,-0.029129078845090556,0.3613298905134961,single_maturity_ea_slope
2016-10-01,FR,PSPP,192620.44444444444,14512.573574858547,0.11518076572882699,0.3427843135155422,single_maturity_ea_slope
2016-11-01,FR,PSPP,204602.66666666666,14058.768626323603,0.4131071822272139,0.3476163763447497,single_maturity_ea_slope
2016-12-01,FR,PSPP,214104.0,11721.414351851861,0.4362491861715268,0.3524686999311775,single_maturity_ea_slope
2017-01-01,FR,PSPP,226761.77777777775,14987.020597621095,0.534657400231076,0.36450982004765586,single_maturity_ea_slope
2017-02-01,FR,PSPP,238813.3333333333,14521.727426773185,0.6850307169602852,0.38400000945451507,single_maturity_ea_slope
2017-03-01,FR,PSPP,250997.3333333333,14792.271443133828,0.6839451025872891,0.4016769671206897,single_maturity_ea_slope
2017-04-01,FR,PSPP,261044.44444444444,12781.286855482947,0.5648523323830971,0.4096663773362781,single_maturity_ea_slope
2017-05-01,FR,PSPP,270616.8888888889,12416.065843621393,0.4864005098319665,0.4131869855489858,single_maturity_ea_slope
2017-06-01,FR,PSPP,280216.0,12550.866007368639,0.3459388948476294,0.410174945638188,single_maturity_ea_slope
2017-07-01,FR,PSPP,289095.1111111111,11892.186379928327,0.529325994848556,0.4150763307883129,single_maturity_ea_slope
2017-08-01,FR,PSPP,297335.11111111107,11356.592400939044,0.4014998771760875,0.41455778372083696,single_maturity_ea_slope
2017-09-01,FR,PSPP,307157.3333333333,13027.646016003091,0.38410808329777635,0.4132663025307249,single_maturity_ea_slope
2017-10-01,FR,PSPP,316480.0,12608.474682641583,0.5014127122497902,0.41677803083996584,single_maturity_ea_slope
2017-11-01,FR,PSPP,325759.11111111107,12664.648124375935,0.41657326605154216,0.4167700701294126,single_maturity_ea_slope
2017-12-01,FR,PSPP,333958.2222222222,11697.383352424602,0.3865590771656108,0.4157118851750089,single_maturity_ea_slope
2018-01-01,FR,PSPP,337494.2222222222,7150.266474266474,0.5707210024891891,0.4189959606398843,single_maturity_ea_slope
2018-02-01,FR,PSPP,341248.8888888889,7421.487855521773,0.699762567863214,0.42510207858953847,single_maturity_ea_slope
2018-03-01,FR,PSPP,344795.55555555556,7283.513894972521,0.5530939272073518,0.42780579791779083,single_maturity_ea_slope
2018-04-01,FR,PSPP,348853.3333333333,7838.4307992202475,0.5055106565305291,0.4295517584656787,single_maturity_ea_slope
2018-05-01,FR,PSPP,352552.0,7513.7731116943905,0.5095085432948536,0.4312558393954337,single_maturity_ea_slope
2018-06-01,FR,PSPP,356589.3333333333,7913.234828496023,0.4628584858983291,0.4319571479865844,single_maturity_ea_slope
2018-07-01,FR,PSPP,360707.55555555556,8059.30680813442,0.39593017909159295,0.43115219563330015,single_maturity_ea_slope
2018-08-01,FR,PSPP,364370.6666666666,7687.068669740645,0.4216555154451176,0.43095184571652734,single_maturity_ea_slope
2018-09-01,FR,PSPP,368120.8888888889,7847.958014694882,0.4888431021152154,0.43218602764791997,single_maturity_ea_slope
2018-10-01,FR,PSPP,369897.77777777775,5922.3943943943805,0.5378484716290959,0.43387777791928295,single_maturity_ea_slope
2018-11-01,FR,PSPP,371374.2222222222,5653.248619893599,0.4720700159934974,0.4344591597284234,single_maturity_ea_slope
2018-12-01,FR,PSPP,373561.77777777775,6421.18781983078,0.429054528575912,0.4343662590255366,single_maturity_ea_slope
2019-01-01,FR,PSPP,375777.77777777775,6521.691306797807,0.36663984780440667,0.4331908549079396,single_maturity_ea_slope
2019-02-01,FR,PSPP,375117.3333333333,3688.8353909465077,0.28169762621580546,0.4317010981469752,single_maturity_ea_slope
2019-03-01,FR,PSPP,376401.77777777775,5674.862671660418,0.1800574081150222,0.42790716446379184,single_maturity_ea_slope
2019-04-01,FR,PSPP,375751.11111111107,3760.9809866124715,0.1124877110664419,0.4247500571873097,single_maturity_ea_slope
2019-05-01,FR,PSPP,371684.44444444444,306.60045520384574,0.045363456033532035,0.4244371032653724,single_maturity_ea_slope
2019-06-01,FR,PSPP,372460.44444444444,5150.816907302783,-0.14831723446643608,0.41651638907807015,single_maturity_ea_slope
2019-07-01,FR,PSPP,373689.77777777775,5631.939059626984,-0.2884520126237159,0.405891696315647,single_maturity_ea_slope
2019-08-01,FR,PSPP,374035.55555555556,4807.212565000563,-0.5083377660324013,0.39414175625402503,single_maturity_ea_slope
2019-09-01,FR,PSPP,375022.2222222222,5490.948405052413,-0.43807605125325777,0.38195670488370775,single_maturity_ea_slope
2019-10-01,FR,PSPP,373112.0,2567.1204499628884,-0.32687819096464377,0.37707971203228613,single_maturity_ea_slope
2019-11-01,FR,PSPP,373246.2222222222,4569.6953558408295,-0.1919166944503333,0.37011342521841534,single_maturity_ea_slope
2019-12-01,FR,PSPP,377920.8888888889,9150.041033839614,-0.14651301319391344,0.3576051113103449,single_maturity_ea_slope
2020-01-01,FR,PSPP,384527.11111111107,11170.484165324713,-0.18738602754534636,0.34177315899562066,single_maturity_ea_slope
2020-02-01,FR,PSPP,386173.3333333333,6297.009729613529,-0.3435977611680552,0.3305973812291647,single_maturity_ea_slope
2020-03-01,FR,PSPP,394060.44444444444,12557.809385582983,-0.19538884757656133,0.3138353973916441,single_maturity_ea_slope
2020-04-01,FR,PSPP,401460.44444444444,12097.907063000053,-0.08927760235178084,0.30168769100046566,single_maturity_ea_slope
2020-05-01,FR,PSPP,406312.8888888889,9577.732161540065,-0.1886610582191087,0.2901290397388377,single_maturity_ea_slope
2020-06-01,FR,PSPP,416784.8888888889,15240.930620761606,-0.19645782519839902,0.2723356003719432,single_maturity_ea_slope
2020-07-01,FR,PSPP,420975.11111111107,9075.183414075083,-0.2926539119159961,0.2601558222432344,single_maturity_ea_slope
2020-08-01,FR,PSPP,423627.5555555555,7621.4613366907915,-0.31370984755006537,0.24983143480094913,single_maturity_ea_slope
2020-09-01,FR,PSPP,430562.6666666666,11949.641835016846,-0.35920329551072117,0.23292855989854888,single_maturity_ea_slope
2020-10-01,FR,PSPP,431536.0,5991.546231546269,-0.4341782753211561,0.22366629337941865,single_maturity_ea_slope
2020-11-01,FR,PSPP,430672.8888888889,4097.072796934853,-0.4430616317949168,0.2173235842940243,single_maturity_ea_slope
2020-12-01,FR,PSPP,434254.2222222222,8552.165384220767,-0.45409152166684225,0.20410079281888918,single_maturity_ea_slope
2021-01-01,FR,PSPP,438341.3333333333,9120.192036264372,-0.4284741620165286,0.1909393484678425,single_maturity_ea_slope
2021-02-01,FR,PSPP,437938.6666666666,4670.728395061708,-0.30738239598328965,0.1856246190346085,single_maturity_ea_slope
2021-03-01,FR,PSPP,439820.44444444444,6978.829298572347,-0.26021038188679496,0.1785503540565685,single_maturity_ea_slope
2021-04-01,FR,PSPP,439615.11111111107,4871.079922027251,-0.21089405952213053,0.17423518195310228,single_maturity_ea_slope
2021-05-01,FR,PSPP,437154.6666666666,2571.7798127798187,-0.006412210521750006,0.17317243379410258,single_maturity_ea_slope
2021-06-01,FR,PSPP,441690.6666666666,9595.66049382716,-0.05822928164905358,0.16814526780067343,single_maturity_ea_slope
2021-07-01,FR,PSPP,445896.8888888889,9339.77250891061,-0.19113192648785016,0.16061983457628812,single_maturity_ea_slope
2021-08-01,FR,PSPP,448410.6666666666,7747.3093375064955,-0.2901079722077395,0.15283249139792546,single_maturity_ea_slope
2021-09-01,FR,PSPP,453924.44444444444,10821.669191919224,-0.1568943283636001,0.14544852866063201,single_maturity_ea_slope
2021-10-01,FR,PSPP,451458.6666666666,2847.008322929639,0.003149414659442573,0.14455115578506372,single_maturity_ea_slope
2021-11-01,FR,PSPP,455413.3333333333,9291.057525610737,-0.07102551993259132,0.14015309549857086,single_maturity_ea_slope
2021-12-01,FR,PSPP,458695.11111111107,8711.121284374476,-0.09649666807644407,0.13565885794843238,single_maturity_ea_slope
2022-01-01,FR,PSPP,464637.3333333333,11482.018250134217,0.1439847821671901,0.13586460640420794,single_maturity_ea_slope
2022-02-01,FR,PSPP,464832.8888888889,5839.838030450281,0.5501663054654817,0.14106960561164683,single_maturity_ea_slope
2022-03-01,FR,PSPP,468394.6666666666,9266.648775432255,0.6294886293095259,0.15073241321801248,single_maturity_ea_slope
2022-04-01,FR,PSPP,469404.44444444444,6666.718196457358,1.179832429152234,0.16534820964559663,single_maturity_ea_slope
2022-05-01,FR,PSPP,468149.3333333333,4373.23954169996,1.4024790671651046,0.1769049271268309,single_maturity_ea_slope
2022-06-01,FR,PSPP,472274.6666666666,9804.000646935125,1.932361814468415,0.2133466456306753,single_maturity_ea_slope
2022-07-01,FR,PSPP,471242.6666666666,4721.8336582196225,1.497425593040341,0.2262130680125412,single_maturity_ea_slope
2022-08-01,FR,PSPP,472662.2222222222,7220.179222058106,1.5090434040249214,0.24580901730156168,single_maturity_ea_slope
2022-09-01,FR,PSPP,477722.6666666666,10930.566429320521,2.308998047874419,0.2930159562401691,single_maturity_ea_slope
2022-10-01,FR,PSPP,472782.2222222222,914.0000000000064,2.608482148302438,0.29749230073890576,single_maturity_ea_slope
2022-11-01,FR,PSPP,473104.8888888889,6150.849879465282,2.4986398686674898,0.32610948177179616,single_maturity_ea_slope
2022-12-01,FR,PSPP,474643.5555555555,7440.6737635839045,2.5804299375247597,0.3614489757425897,single_maturity_ea_slope
2023-01-01,FR,PSPP,477353.77777777775,8694.129881772871,2.6663158827605895,0.403427929681325,single_maturity_ea_slope
2023-02-01,FR,PSPP,476155.5555555555,4838.117911538219,2.8644221490481514,0.428433581876265,single_maturity_ea_slope
2023-03-01,FR,PSPP,471858.6666666666,1687.9722920507356,2.8979889656756113,0.4372678819665562,single_maturity_ea_slope
2023-04-01,FR,PSPP,471950.2222222222,6076.571621850167,2.8408093542524036,0.4682145606939477,single_maturity_ea_slope
2023-05-01,FR,PSPP,462656.0,0.0,2.8503789098929766,0.4682145606939477,single_maturity_ea_slope
2023-06-01,FR,PSPP,463608.8888888889,6803.369414938446,2.9012638813196134,0.5039190817454166,single_maturity_ea_slope
2023-07-01,FR,PSPP,459779.5555555555,2060.007226738895,3.0391904426136187,0.5152781716875999,single_maturity_ea_slope
2023-08-01,FR,PSPP,459779.5555555555,5921.941725342033,3.0435771319452822,0.5478425580896824,single_maturity_ea_slope
2023-09-01,FR,PSPP,459597.3333333333,5813.859618617084,3.171794493517286,0.5810352837478847,single_maturity_ea_slope
2023-10-01,FR,PSPP,449437.3333333333,0.0,3.3400728839322498,0.5810352837478847,single_maturity_ea_slope
2023-11-01,FR,PSPP,448335.11111111107,4740.696827873088,3.0903880737744545,0.6075691877783127,single_maturity_ea_slope
2023-12-01,FR,PSPP,448157.3333333333,5724.474869814547,2.530522347730369,0.6321317603866885,single_maturity_ea_slope
2024-01-01,FR,PSPP,447134.2222222222,4942.774582889585,2.579912265085455,0.6536631920982342,single_maturity_ea_slope
2024-02-01,FR,PSPP,443663.11111111107,2500.232668565989,2.735680471387524,0.6653962559654583,single_maturity_ea_slope
2024-03-01,FR,PSPP,436294.2222222222,0.0,2.74551841745885,0.6653962559654583,single_maturity_ea_slope
2024-04-01,FR,PSPP,435875.5555555555,5445.502986857805,2.8742746968371433,0.6929923301064856,single_maturity_ea_slope
2024-05-01,FR,PSPP,425605.3333333333,0.0,2.9605507351614544,0.6929923301064856,single_maturity_ea_slope
2024-06-01,FR,PSPP,425348.44444444444,5454.4011451064725,3.072527648809525,0.7235059956357136,single_maturity_ea_slope
2024-07-01,FR,PSPP,419871.11111111107,239.71565113496672,3.034654460222608,0.7248254921297494,single_maturity_ea_slope
2024-08-01,FR,PSPP,419845.3333333333,5700.7785657998675,2.7562991258931135,0.7524094151339648,single_maturity_ea_slope
2024-09-01,FR,PSPP,419663.11111111107,5619.952091394852,2.6782638817095483,0.7781996491349894,single_maturity_ea_slope
2024-10-01,FR,PSPP,419347.5555555555,5562.079053843752,2.7434576630042393,0.804266142881112,single_maturity_ea_slope
2024-11-01,FR,PSPP,407158.2222222222,0.0,2.8681609500157137,0.804266142881112,single_maturity_ea_slope
2024-12-01,FR,PSPP,407068.44444444444,5574.638224200854,2.7834509138472097,0.831370280348809,single_maturity_ea_slope
2025-01-01,FR,PSPP,406844.44444444444,5515.825781788557,3.0619740036552274,0.8616118670141203,single_maturity_ea_slope
2025-02-01,FR,PSPP,402824.8888888889,1726.834902699302,2.88827796138925,0.870299805233473,single_maturity_ea_slope
2025-03-01,FR,PSPP,387943.11111111107,0.0,3.0897017602633334,0.870299805233473,single_maturity_ea_slope
2025-04-01,FR,PSPP,387584.8888888889,5038.8716997465235,2.837626806569225,0.8958764173134649,single_maturity_ea_slope
2025-05-01,FR,PSPP,375692.44444444444,0.0,2.8521515441199523,0.8958764173134649,single_maturity_ea_slope
2025-06-01,FR,PSPP,375600.0,5082.382614018984,2.851248152593572,0.9223352759698327,single_maturity_ea_slope
2025-07-01,FR,PSPP,375522.6666666666,5165.547738693428,2.935307348945934,0.9500249582782634,single_maturity_ea_slope
2025-08-01,FR,PSPP,375510.2222222222,5300.553103188085,2.9802365236495,0.9786826181131226,single_maturity_ea_slope
2025-09-01,FR,PSPP,375417.77777777775,5302.817369093237,3.0653594318209088,1.0081571574301276,single_maturity_ea_slope
2025-10-01,FR,PSPP,367878.2222222222,0.0,3.0280758780999992,1.0081571574301276,single_maturity_ea_slope
2025-11-01,FR,PSPP,357744.0,0.0,3.0450969642827,1.0081571574301276,single_maturity_ea_slope
2025-12-01,FR,PSPP,356576.8888888889,3877.2205301748318,3.159193039483095,1.0315463358735943,single_maturity_ea_slope
2026-01-01,FR,PSPP,356576.8888888889,5096.868051585032,3.111946629930238,1.0612833326439866,single_maturity_ea_slope
2026-02-01,FR,PSPP,343818.6666666666,0.0,2.9998791490580246,1.0612833326439866,single_maturity_ea_slope
2026-03-01,FR,PSPP,341560.0,2540.588870277351,3.3171166288279097,1.0780626538920424,single_maturity_ea_slope
2026-04-01,FR,PSPP,333782.2222222222,0.0,3.4164943063162503,1.0780626538920424,single_maturity_ea_slope
2026-05-01,FR,PSPP,320843.55555555556,0.0,3.462474446348525,1.0780626538920424,single_maturity_ea_slope
2026-06-01,FR,PSPP,320635.55555555556,4111.380123257344,3.4143591290172957,1.1080200392270005,single_maturity_ea_slope
2026-07-01,FR,PSPP,320207.11111111107,3944.653694611089,3.5822021554420442,1.1384996609693225,single_maturity_ea_slope
2026-08-01,FR,PSPP,320207.11111111107,4425.195012591364,3.724378747873119,1.174235966758485,single_maturity_ea_slope
2020-03-01,GR,PEPP,267.589,267.589,1.8075288031922097,1.8075288031922097,single_maturity_ea_slope
2020-04-01,GR,PEPP,1978.914,1714.5105833333334,1.9012260526375757,1.8887071291848012,single_maturity_ea_slope
2020-05-01,GR,PEPP,4169.41,2211.1872797992473,1.8196979629504142,1.852109099591399,single_maturity_ea_slope
2020-06-01,GR,PEPP,6932.4220000000005,2802.675337138509,1.2531007919841328,1.609938930136631,single_maturity_ea_slope
2020-07-01,GR,PEPP,8841.994,1976.5907741686003,1.0718815230297318,1.4896584473789436,single_maturity_ea_slope
2020-08-01,GR,PEPP,10037.699,1282.9041518737672,1.0042346041827888,1.427617110628871,single_maturity_ea_slope
2020-09-01,GR,PEPP,11526.774,1589.6128505608963,0.995317048493915,1.3680002799294924,single_maturity_ea_slope
2020-10-01,GR,PEPP,13014.071,1604.2963300852623,0.8157266270789932,1.2999193086123049,single_maturity_ea_slope
2020-11-01,GR,PEPP,14496.923,1612.2679805091495,0.6775055114517218,1.2306978720502755,single_maturity_ea_slope
2020-12-01,GR,PEPP,15686.405,1331.4416846846846,0.5688502275958291,1.1745211035212837,single_maturity_ea_slope
2021-01-01,GR,PEPP,16846.55,1311.9685094850934,0.5913953433441371,1.129108681724419,single_maturity_ea_slope
2021-02-01,GR,PEPP,18036.032,1350.1089069412662,0.7391779218075197,1.0999199448639951,single_maturity_ea_slope
2021-03-01,GR,PEPP,19501.104,1636.4520076016724,0.8276201515067754,1.077069672207178,single_maturity_ea_slope
2021-04-01,GR,PEPP,21211.54,1888.0416830601107,0.8185755573403558,1.0540610804833197,single_maturity_ea_slope
2021-05-01,GR,PEPP,22829.52,1804.635579021471,0.9478314442733355,1.0456638044542554,single_maturity_ea_slope
2021-06-01,GR,PEPP,24402.161,1772.6893701366978,0.7735598757114157,1.0258968771704438,single_maturity_ea_slope
2021-07-01,GR,PEPP,26133.044,1946.5259922234022,0.6635175978452033,0.9989049704392658,single_maturity_ea_slope
2021-08-01,GR,PEPP,27161.617000000002,1266.578865209472,0.5401407667666971,0.9775122439132152,single_maturity_ea_slope
2021-09-01,GR,PEPP,28611.576,1696.7930330788795,0.7447897660331797,0.9637107714215323,single_maturity_ea_slope
2021-10-01,GR,PEPP,29945.965,1599.6056852057834,0.8909655933354295,0.9598249857927226,single_maturity_ea_slope
2021-11-01,GR,PEPP,31056.326,1390.1252470104641,1.1573872672789156,0.9686681540203792,single_maturity_ea_slope
2021-12-01,GR,PEPP,31764.859,1004.9851382206944,1.2282380222134428,0.9768804952073473,single_maturity_ea_slope
2022-01-01,GR,PEPP,32781.875,1315.4457162720778,1.5602631635261401,1.0002900235515109,single_maturity_ea_slope
2022-02-01,GR,PEPP,33442.402,967.1288986157894,2.4164934010329846,1.041245550988793,single_maturity_ea_slope
2022-03-01,GR,PEPP,34229.167,1105.9937323405875,2.553372771979274,1.090104561461267,single_maturity_ea_slope
2022-04-01,GR,PEPP,34026.475,122.55664120106155,2.8514901844960594,1.0964487245230885,single_maturity_ea_slope
2022-05-01,GR,PEPP,34382.964,685.4379075792745,3.487647652881941,1.1441182154389995,single_maturity_ea_slope
2022-06-01,GR,PEPP,34100.262,47.39558064516382,3.8775891486995153,1.1479174367487524,single_maturity_ea_slope
2022-07-01,GR,PEPP,35350.196,1588.230250000001,3.275064942200846,1.2434869214093482,single_maturity_ea_slope
2022-08-01,GR,PEPP,34318.956,0.0,3.385841387663744,1.2434869214093482,single_maturity_ea_slope
2022-09-01,GR,PEPP,34560.764,578.268352941181,4.396674723820842,1.2962458452865724,single_maturity_ea_slope
2022-10-01,GR,PEPP,34677.223,459.7323810091332,4.7912780908177846,1.3425811442792788,single_maturity_ea_slope
2022-11-01,GR,PEPP,35208.845,884.4630968660999,4.376360095876638,1.418791128637953,single_maturity_ea_slope
2022-12-01,GR,PEPP,35060.382,210.6643459812288,4.198355853963362,1.4354924636369037,single_maturity_ea_slope
2023-01-01,GR,PEPP,33566.862,0.0,4.278268737550442,1.4354924636369037,single_maturity_ea_slope
2023-02-01,GR,PEPP,33502.854,261.6309406286363,4.255967817554616,1.4575181579214973,single_maturity_ea_slope
2023-03-01,GR,PEPP,33535.747,357.5330581395386,4.278642468726918,1.487594875825949,single_maturity_ea_slope
2023-04-01,GR,PEPP,33369.504,157.58615218230756,4.193545058349249,1.500373617675419,single_maturity_ea_slope
2023-05-01,GR,PEPP,33912.683,872.6567251184799,3.93564605957965,1.5630391659578544,single_maturity_ea_slope
2023-06-01,GR,PEPP,33493.075,0.0,3.6924991437406818,1.5630391659578544,single_maturity_ea_slope
2023-07-01,GR,PEPP,33760.664,597.5050263987391,3.8438133791762223,1.6034049021435708,single_maturity_ea_slope
2023-08-01,GR,PEPP,33927.796,499.68385185185684,3.8464055248181737,1.6364395027655552,single_maturity_ea_slope
2023-09-01,GR,PEPP,34010.473,416.87514814814415,4.04548823172,1.6659678349877793,single_maturity_ea_slope
2023-10-01,GR,PEPP,34543.873,868.0170110192851,4.248058713546046,1.7308505077149026,single_maturity_ea_slope
2023-11-01,GR,PEPP,34874.581,673.8136118394901,3.828984913975894,1.7713886728159376,single_maturity_ea_slope
2023-12-01,GR,PEPP,34905.696,379.1647105788476,3.2159037113989473,1.7870797831301717,single_maturity_ea_slope
2024-01-01,GR,PEPP,34990.151,435.33654402894507,3.207579522503682,1.8047531977814228,single_maturity_ea_slope
2024-02-01,GR,PEPP,34950.146,311.7255086449564,3.387677873069429,1.8188715365016903,single_maturity_ea_slope
2024-03-01,GR,PEPP,34976.816,379.2743785310717,3.3218069288284,1.8351687571205444,single_maturity_ea_slope
2024-04-01,GR,PEPP,34031.809,0.0,3.440556383763826,1.8351687571205444,single_maturity_ea_slope
2024-05-01,GR,PEPP,34214.054000000004,517.8644181459592,3.509541675010454,1.8605120899183007,single_maturity_ea_slope
2024-06-01,GR,PEPP,34079.815,202.7788684003138,3.6060320708589666,1.8708981370991695,single_maturity_ea_slope
2024-07-01,GR,PEPP,34143.823000000004,401.69938921918515,3.4422494892291304,1.8893849620337808,single_maturity_ea_slope
2024-08-01,GR,PEPP,34096.706,292.0151315057552,3.227328644593182,1.900843541065136,single_maturity_ea_slope
2024-09-01,GR,PEPP,34015.807,256.1581965203662,3.100594727871016,1.9098783436287021,single_maturity_ea_slope
2024-10-01,GR,PEPP,34029.142,350.39214427269036,3.06427968393687,1.9217650130305295,single_maturity_ea_slope
2024-11-01,GR,PEPP,34120.709,430.77296092504264,3.1011909294253965,1.9366552309974874,single_maturity_ea_slope
2024-12-01,GR,PEPP,34056.701,278.56939959839195,2.9581355962575433,1.9450105080412634,single_maturity_ea_slope
2025-01-01,GR,PEPP,34056.701,345.26258110300074,3.2437605879543945,1.9581770741393283,single_maturity_ea_slope
2025-02-01,GR,PEPP,32792.543,0.0,3.19997720135,1.9581770741393283,single_maturity_ea_slope
2025-03-01,GR,PEPP,32734.758,266.38011466983374,3.472922305266682,1.970503360723249,single_maturity_ea_slope
2025-04-01,GR,PEPP,32734.758,326.69419161676655,3.27829908515475,1.9835552142604895,single_maturity_ea_slope
2025-05-01,GR,PEPP,32734.758,329.8544740024184,3.197800355944016,1.9957906550271514,single_maturity_ea_slope
2025-06-01,GR,PEPP,32734.758,333.4836797066015,3.119533520879111,2.0072387282326525,single_maturity_ea_slope
2025-07-01,GR,PEPP,32734.758,336.7773456790124,3.170465939927101,2.019206086377657,single_maturity_ea_slope
2025-08-01,GR,PEPP,32734.758,340.56136079900125,3.1665362551832383,2.031142521758489,single_maturity_ea_slope
2025-09-01,GR,PEPP,32703.643,312.44879093198836,3.1796195837235453,2.0421150078947923,single_maturity_ea_slope
2025-10-01,GR,PEPP,32703.643,346.7307357930449,3.0931488974571884,2.053258284925776,single_maturity_ea_slope
2025-11-01,GR,PEPP,32703.643,350.74692192192197,3.08707898118615,2.0643460229809065,single_maturity_ea_slope
2025-12-01,GR,PEPP,32703.643,354.39578456870396,3.2231210030499997,2.076903185747152,single_maturity_ea_slope
2026-01-01,GR,PEPP,32703.643,358.592576754386,3.200306047836191,2.089221199585848,single_maturity_ea_slope
2026-02-01,GR,PEPP,30751.399,0.0,3.20388875024,2.089221199585848,single_maturity_ea_slope
2026-03-01,GR,PEPP,30751.399,320.7279828952858,3.551415331522591,2.1044714512748004,single_maturity_ea_slope
2026-04-01,GR,PEPP,30751.399,323.9717551622419,3.6154119777473164,2.120389493062332,single_maturity_ea_slope
2026-05-01,GR,PEPP,30751.399,327.2818114091102,3.588304896801583,2.136012262365645,single_maturity_ea_slope
2026-06-01,GR,PEPP,30751.399,331.08741386735574,3.481595566721152,2.150499593377224,single_maturity_ea_slope
2026-07-01,GR,PEPP,29910.405,0.0,3.64480431136487,2.150499593377224,single_maturity_ea_slope
2026-08-01,GR,PEPP,29910.405,318.738331202046,3.7171938694529207,2.1671949714257717,single_maturity_ea_slope
2020-03-01,IE,PEPP,182.245,182.245,0.16960853001158038,0.16960853001158038,single_maturity_ea_slope
2020-04-01,IE,PEPP,1177.036,996.4417699275363,0.1615269473700202,0.1627669155569912,single_maturity_ea_slope
2020-05-01,IE,PEPP,2667.0,1502.3019035639413,-0.004188756626428994,0.0687219871235643,single_maturity_ea_slope
2020-06-01,IE,PEPP,4156.964,1517.4361878862792,-0.019546360734117932,0.03650097551889769,single_maturity_ea_slope
2020-07-01,IE,PEPP,5308.219,1192.9915863453816,-0.13121406583293888,-0.0011920121359652335,single_maturity_ea_slope
2020-08-01,IE,PEPP,6120.765,865.905660233213,-0.20548633990156862,-0.03009356525322675,single_maturity_ea_slope
2020-09-01,IE,PEPP,7136.892,1077.2857230215823,-0.21677482113101265,-0.05827236517241813,single_maturity_ea_slope
2020-10-01,IE,PEPP,8153.908,1085.7721849710988,-0.28595813041528445,-0.08859094012010746,single_maturity_ea_slope
2020-11-01,IE,PEPP,9170.924,1093.7947947269308,-0.30246213693241986,-0.11409886078495281,single_maturity_ea_slope
2020-12-01,IE,PEPP,9983.47,898.3196999625873,-0.335033726121172,-0.1339787364133773,single_maturity_ea_slope
2021-01-01,IE,PEPP,10776.458,885.6334157386798,-0.2848048559632951,-0.14637396418112847,single_maturity_ea_slope
2021-02-01,IE,PEPP,11587.226,909.5620777411075,-0.10624927869456915,-0.14322429813509957,single_maturity_ea_slope
2021-03-01,IE,PEPP,12590.018,1110.3200809205637,-0.040714996311454546,-0.13418395075069234,single_maturity_ea_slope
2021-04-01,IE,PEPP,13770.61,1296.6504255162247,0.01262651181969586,-0.12036017324467571,single_maturity_ea_slope
2021-05-01,IE,PEPP,14907.641,1261.9005139644532,0.17275371671962586,-0.0955486978143194,single_maturity_ea_slope
2021-06-01,IE,PEPP,15985.998,1211.9380125448029,0.12664267958773667,-0.07870382042016234,single_maturity_ea_slope
2021-07-01,IE,PEPP,17197.705,1357.938229418224,-0.026063750732928142,-0.07454733773671506,single_maturity_ea_slope
2021-08-01,IE,PEPP,18108.041,1069.751137189469,-0.1380445006654541,-0.07829849791198325,single_maturity_ea_slope
2021-09-01,IE,PEPP,19100.165,1162.8257439668173,-0.009761290845194628,-0.07412592512023793,single_maturity_ea_slope
2021-10-01,IE,PEPP,20014.057,1093.946345776772,0.14311295868227544,-0.062251886633369224,single_maturity_ea_slope
2021-11-01,IE,PEPP,20934.172,1108.7844664404204,0.1203492870773539,-0.05258036272670414,single_maturity_ea_slope
2021-12-01,IE,PEPP,21652.484,913.0122604166684,0.049223262285023994,-0.04828764703687526,single_maturity_ea_slope
2022-01-01,IE,PEPP,22519.259000000002,1069.5136142322112,0.3221490972378356,-0.030694388696818002,single_maturity_ea_slope
2022-02-01,IE,PEPP,23075.773,767.3684850187258,0.7311942579231957,-0.00535832144959004,single_maturity_ea_slope
2022-03-01,IE,PEPP,22697.059,0.0,0.8931834214985921,-0.00535832144959004,single_maturity_ea_slope
2022-04-01,IE,PEPP,22785.07,295.63137138675313,1.3742351741475551,0.012541606751623679,single_maturity_ea_slope
2022-05-01,IE,PEPP,22963.759000000002,389.8965454208401,1.5891841517469278,0.03931106908822068,single_maturity_ea_slope
2022-06-01,IE,PEPP,23116.667,367.6831496445935,2.085721342486721,0.07186033645397953,single_maturity_ea_slope
2022-07-01,IE,PEPP,23116.667,218.4114417989418,1.6664103948731241,0.08692600216088756,single_maturity_ea_slope
2022-08-01,IE,PEPP,23189.565,293.30863119755656,1.6439942268061158,0.10662027196076959,single_maturity_ea_slope
2022-09-01,IE,PEPP,23404.703,438.8027858796322,2.37871841626423,0.14921867602991332,single_maturity_ea_slope
2022-10-01,IE,PEPP,22764.623,0.0,2.6545369327428063,0.14921867602991332,single_maturity_ea_slope
2022-11-01,IE,PEPP,22957.536,407.51163310708944,2.5061318846502214,0.19105546333742454,single_maturity_ea_slope
2022-12-01,IE,PEPP,22993.096,251.48866817155888,2.572716761485373,0.2171050578725395,single_maturity_ea_slope
2023-01-01,IE,PEPP,23111.333,335.48091534391267,2.645246696155082,0.2523516262723672,single_maturity_ea_slope
2023-02-01,IE,PEPP,23215.346,322.8703200757602,2.853368355365631,0.28852559084927887,single_maturity_ea_slope
2023-03-01,IE,PEPP,22317.456000000002,0.0,2.8503344830231843,0.28852559084927887,single_maturity_ea_slope
2023-04-01,IE,PEPP,22383.242000000002,268.5982137404581,2.7552725535984504,0.3181264783321613,single_maturity_ea_slope
2023-05-01,IE,PEPP,22473.031,294.76374358974067,2.7605111882190285,0.3501616079224954,single_maturity_ea_slope
2023-06-01,IE,PEPP,22528.149,262.9706729559771,2.7663719142975,0.378365986820673,single_maturity_ea_slope
2023-07-01,IE,PEPP,22591.268,273.3480873460234,2.8947015037133492,0.4088129498093587,single_maturity_ea_slope
2023-08-01,IE,PEPP,22664.166,284.6646666666677,2.9401858003559562,0.4406072990349115,single_maturity_ea_slope
2023-09-01,IE,PEPP,22705.06,254.78760135900362,3.0607800202028574,0.4700098869502341,single_maturity_ea_slope
2023-10-01,IE,PEPP,22801.072,311.0220378787867,3.2311617361145455,0.5076738649868748,single_maturity_ea_slope
2023-11-01,IE,PEPP,22853.523,270.10155364643083,2.9687582861797424,0.5367609657292515,single_maturity_ea_slope
2023-12-01,IE,PEPP,22888.194,254.83981502890018,2.4123575820536844,0.5576440766803799,single_maturity_ea_slope
2024-01-01,IE,PEPP,23011.765,345.8728065268064,2.5305572643013035,0.5872974744634789,single_maturity_ea_slope
2024-02-01,IE,PEPP,23119.334,332.909432824128,2.7260959244873972,0.618095341691081,single_maturity_ea_slope
2024-03-01,IE,PEPP,22024.086,0.0,2.724917974293,0.618095341691081,single_maturity_ea_slope
2024-04-01,IE,PEPP,22132.544,314.90800000000235,2.8514540304489047,0.6498721911106216,single_maturity_ea_slope
2024-05-01,IE,PEPP,22265.894,342.46322751322606,2.8832994687176363,0.6842236846507138,single_maturity_ea_slope
2024-06-01,IE,PEPP,22316.567,262.48706012176444,2.8932972518604667,0.7102067682607327,single_maturity_ea_slope
2024-07-01,IE,PEPP,22379.686,277.3717553763465,2.810756179737391,0.7362407831041953,single_maturity_ea_slope
2024-08-01,IE,PEPP,22399.244,236.41542248061745,2.5651118648636366,0.7555438153608528,single_maturity_ea_slope
2024-09-01,IE,PEPP,22433.026,252.8669374021938,2.461419870859302,0.7747725923319859,single_maturity_ea_slope
2024-10-01,IE,PEPP,22476.587,265.05612243285725,2.494885727636174,0.7950571007313064,single_maturity_ea_slope
2024-11-01,IE,PEPP,22514.814000000002,262.2759134768766,2.5373909294253965,0.8153536129077965,single_maturity_ea_slope
2024-12-01,IE,PEPP,22528.149,239.93336956521657,2.397654838566456,0.832205723782039,single_maturity_ea_slope
2025-01-01,IE,PEPP,22528.149,229.2241452991453,2.680970036065985,0.851016919470724,single_maturity_ea_slope
2025-02-01,IE,PEPP,22528.149,231.48529593094946,2.6029712737010002,0.8690189165343314,single_maturity_ea_slope
2025-03-01,IE,PEPP,20812.379,0.0,2.949142315591095,0.8690189165343314,single_maturity_ea_slope
2025-04-01,IE,PEPP,20812.379,199.581693517453,2.7697192736683167,0.8872458091037022,single_maturity_ea_slope
2025-05-01,IE,PEPP,20812.379,201.43611111111113,2.749343060556175,0.9052684305850464,single_maturity_ea_slope
2025-06-01,IE,PEPP,20812.379,203.5639573552426,2.711578907088508,0.9229357865758862,single_maturity_ea_slope
2025-07-01,IE,PEPP,20812.379,205.4934735387046,2.7675825612033043,0.9411491236081475,single_maturity_ea_slope
2025-08-01,IE,PEPP,20812.379,207.70837325349305,2.776098905051428,0.9594619956784397,single_maturity_ea_slope
2025-09-01,IE,PEPP,20812.379,209.71764409512295,2.7693213008940454,0.977699191418218,single_maturity_ea_slope
2025-10-01,IE,PEPP,20812.379,211.76616809116808,2.695746497382014,0.9951803402375485,single_maturity_ea_slope
2025-11-01,IE,PEPP,20812.379,214.11912551440332,2.7152874727595,1.0128769156750173,single_maturity_ea_slope
2025-12-01,IE,PEPP,20812.379,216.25497714048214,2.8273037168999995,1.03173006198866,single_maturity_ea_slope
2026-01-01,IE,PEPP,20812.379,218.70932114333755,2.8629889662587145,1.0509740605623261,single_maturity_ea_slope
2026-02-01,IE,PEPP,20812.379,220.6571140797286,2.8264635028716665,1.0697981640643337,single_maturity_ea_slope
2026-03-01,IE,PEPP,20812.379,223.21298798798801,3.0212578056195913,1.0907275896494393,single_maturity_ea_slope
2026-04-01,IE,PEPP,20812.379,225.53509969657566,3.05918692277335,1.112058965170938,single_maturity_ea_slope
2026-05-01,IE,PEPP,19065.494,0.0,3.1277778040933333,1.112058965170938,single_maturity_ea_slope
2026-06-01,IE,PEPP,19065.494,191.19027276373845,3.007947127326879,1.1310710807160238,single_maturity_ea_slope
2026-07-01,IE,PEPP,19065.494,193.04874443094369,3.131935230198957,1.1513309445220479,single_maturity_ea_slope
2026-08-01,IE,PEPP,19065.494,195.18319000819,3.219624127147905,1.1725051171533527,single_maturity_ea_slope
2015-03-01,IE,PSPP,641.7777777777777,641.7777777777777,0.7569592443520115,0.7569592443520115,single_maturity_ea_slope
2015-04-01,IE,PSPP,1295.111111111111,659.1911078658067,0.6749202231050155,0.7152026777994803,single_maturity_ea_slope
2015-05-01,IE,PSPP,1984.0,700.1311728395062,1.209445477731745,0.8896153749688643,single_maturity_ea_slope
2015-06-01,IE,PSPP,2680.8888888888887,714.2194269741437,1.590631150682698,1.076373986153858,single_maturity_ea_slope
2015-07-01,IE,PSPP,3366.222222222222,708.2000075817887,1.438128286099301,1.1524813792643995,single_maturity_ea_slope
2015-08-01,IE,PSPP,3934.222222222222,596.9791857973676,1.248803148213186,1.1670972519715415,single_maturity_ea_slope
2015-09-01,IE,PSPP,4666.666666666666,768.3931124106557,1.1943592557054148,1.1715860953786033,single_maturity_ea_slope
2015-10-01,IE,PSPP,5385.777777777777,762.4655022915895,1.012417583937279,1.149052581365853,single_maturity_ea_slope
2015-11-01,IE,PSPP,6132.444444444444,794.8227626768403,1.0067182693019978,1.1306047092060345,single_maturity_ea_slope
2015-12-01,IE,PSPP,6740.444444444444,662.3656422379827,1.027300828945907,1.1204533102058438,single_maturity_ea_slope
2016-01-01,IE,PSPP,7435.555555555555,754.4251241738035,0.9780458239336843,1.1060043850769228,single_maturity_ea_slope
2016-02-01,IE,PSPP,8149.333333333333,779.1395530551654,0.9285814621050468,1.0890413758034383,single_maturity_ea_slope
2016-03-01,IE,PSPP,8867.555555555555,790.2382467302929,0.7826488631990443,1.061736998576267,single_maturity_ea_slope
2016-04-01,IE,PSPP,9825.777777777777,1036.2542140873718,0.8010306695463242,1.0342421744303838,single_maturity_ea_slope
2016-05-01,IE,PSPP,10814.22222222222,1075.8312976797492,0.7710020830439404,1.008054259728977,single_maturity_ea_slope
2016-06-01,IE,PSPP,11778.666666666666,1060.6221589786167,0.7014423357930067,0.9804450735675363,single_maturity_ea_slope
2016-07-01,IE,PSPP,12655.111111111111,981.9880525686985,0.4090430341406118,0.936106468319102,single_maturity_ea_slope
2016-08-01,IE,PSPP,13274.666666666666,733.6889530222855,0.3364108469556527,0.9029613759700011,single_maturity_ea_slope
2016-09-01,IE,PSPP,14147.555555555555,990.6974322565375,0.36355365570995346,0.8651887839980167,single_maturity_ea_slope
2016-10-01,IE,PSPP,15056.0,1034.6717424062185,0.4358458395389257,0.8356836689320427,single_maturity_ea_slope
2016-11-01,IE,PSPP,15926.22222222222,1006.7474307822498,0.7583333998255697,0.8307941110942398,single_maturity_ea_slope
2016-12-01,IE,PSPP,16502.222222222223,720.8892123564631,0.7264005674069322,0.8262337447102203,single_maturity_ea_slope
2017-01-01,IE,PSPP,16988.444444444445,638.0086665031481,0.8593068188962443,0.8274758188758443,single_maturity_ea_slope
2017-02-01,IE,PSPP,17483.555555555555,651.8889299044322,0.917608423596373,0.8308364881089452,single_maturity_ea_slope
2017-03-01,IE,PSPP,17985.777777777777,665.5588772629135,0.896861059406866,0.833279709641411,single_maturity_ea_slope
2017-04-01,IE,PSPP,18449.777777777777,633.7412021307831,0.7530966931439249,0.8305254606809278,single_maturity_ea_slope
2017-05-01,IE,PSPP,18908.44444444444,634.178251310669,0.6592496307198461,0.8247809687606303,single_maturity_ea_slope
2017-06-01,IE,PSPP,19368.888888888887,640.9374231046633,0.5309925408713938,0.8150591928245147,single_maturity_ea_slope
2017-07-01,IE,PSPP,19901.333333333332,718.8271319818672,0.6849763702653623,0.8103606602843012,single_maturity_ea_slope
2017-08-01,IE,PSPP,20335.11111111111,625.0631808278863,0.5492488267155049,0.8023345721871905,single_maturity_ea_slope
2017-09-01,IE,PSPP,20848.0,709.2495601047182,0.5093515745013012,0.7923672821724707,single_maturity_ea_slope
2017-10-01,IE,PSPP,20819.555555555555,157.3666072489594,0.5692390330146442,0.7906807459033525,single_maturity_ea_slope
2017-11-01,IE,PSPP,21860.44444444444,1227.243664717347,0.48526495636903355,0.7735347270397747,single_maturity_ea_slope
2017-12-01,IE,PSPP,22474.666666666664,812.2334943639296,0.4387710989877181,0.7614363838059707,single_maturity_ea_slope
2018-01-01,IE,PSPP,22836.44444444444,566.9134720700981,0.8069596835502586,0.7625664972078581,single_maturity_ea_slope
2018-02-01,IE,PSPP,23219.555555555555,593.3914466953161,1.018540102776847,0.7691080758251136,single_maturity_ea_slope
2018-03-01,IE,PSPP,23584.0,577.3116570916359,0.900167143832088,0.7723162647552354,single_maturity_ea_slope
2018-04-01,IE,PSPP,24088.0,718.0885984023239,0.8497161409812641,0.7746236364189543,single_maturity_ea_slope
2018-05-01,IE,PSPP,24548.44444444444,679.1082062454583,0.8854600863452856,0.7776898161464082,single_maturity_ea_slope
2018-06-01,IE,PSPP,25050.666666666664,725.065762930687,0.8267041150564587,0.7791084845797325,single_maturity_ea_slope
2018-07-01,IE,PSPP,25562.666666666664,740.8986354775828,0.729058763252277,0.7776578624392068,single_maturity_ea_slope
2018-08-01,IE,PSPP,26017.777777777777,690.2349766985549,0.7583834721416643,0.7771465252123486,single_maturity_ea_slope
2018-09-01,IE,PSPP,26321.777777777777,544.1049997949223,0.8274018567767407,0.7781853675504836,single_maturity_ea_slope
2018-10-01,IE,PSPP,26472.888888888887,395.9193121693105,0.8953393886516384,0.7799374823138899,single_maturity_ea_slope
2018-11-01,IE,PSPP,26597.333333333332,372.3179359134423,0.8618133654934532,0.7810836069815199,single_maturity_ea_slope
2018-12-01,IE,PSPP,26786.666666666664,440.0623428858711,0.7921610606498357,0.7812655919322847,single_maturity_ea_slope
2019-01-01,IE,PSPP,26968.0,435.5727663882586,0.8102987777333488,0.7817345204793196,single_maturity_ea_slope
2019-02-01,IE,PSPP,27137.777777777777,427.79538206403834,0.7199892635065676,0.780761178593569,single_maturity_ea_slope
2019-03-01,IE,PSPP,27308.44444444444,432.10961250267366,0.5464519100539167,0.7770536335724518,single_maturity_ea_slope
2019-04-01,IE,PSPP,27477.333333333332,434.43191149142297,0.4321804245069245,0.7716009964617478,single_maturity_ea_slope
2019-05-01,IE,PSPP,27641.777777777777,432.88263644652943,0.3676986902708774,0.765275705209631,single_maturity_ea_slope
2019-06-01,IE,PSPP,27796.44444444444,425.6644880174268,0.14911374941792666,0.7558400285002556,single_maturity_ea_slope
2019-07-01,IE,PSPP,27959.11111111111,436.46931091848467,0.02146064425745009,0.744375641720598,single_maturity_ea_slope
2019-08-01,IE,PSPP,28102.22222222222,420.15343286211134,-0.13918625744031143,0.7311655986804761,single_maturity_ea_slope
2019-09-01,IE,PSPP,28257.777777777777,435.6813751550622,-0.10018485486154652,0.7183477503810315,single_maturity_ea_slope
2019-10-01,IE,PSPP,28261.333333333332,284.8954378512316,-0.07401670959497358,0.7103601222992253,single_maturity_ea_slope
2019-11-01,IE,PSPP,28643.555555555555,665.9705488621155,-0.025545277781125905,0.6932501192393206,single_maturity_ea_slope
2019-12-01,IE,PSPP,29089.777777777777,735.9021934555919,-0.07028346675707797,0.673934535428261,single_maturity_ea_slope
2020-01-01,IE,PSPP,29686.22222222222,886.414318624842,-0.08979102079094715,0.6511301090696364,single_maturity_ea_slope
2020-02-01,IE,PSPP,30073.777777777777,684.180477839953,-0.2190017307971139,0.6313345508799469,single_maturity_ea_slope
2020-03-01,IE,PSPP,30646.22222222222,872.2229310650334,-0.007758005497428319,0.6131453209414811,single_maturity_ea_slope
2020-04-01,IE,PSPP,29624.888888888887,0.0,0.1471454657916526,0.6131453209414811,single_maturity_ea_slope
2020-05-01,IE,PSPP,30032.0,686.6966989639716,0.04362690475467222,0.6001229975399536,single_maturity_ea_slope
2020-06-01,IE,PSPP,30443.555555555555,696.5973171349018,0.01767981146825974,0.5867957644557416,single_maturity_ea_slope
2020-07-01,IE,PSPP,31088.888888888887,935.2719576719564,-0.10900151899480803,0.565863537197269,single_maturity_ea_slope
2020-08-01,IE,PSPP,31384.0,593.9278055448779,-0.18691159770122,0.5516176130340326,single_maturity_ea_slope
2020-09-01,IE,PSPP,32013.333333333332,932.3847045191181,-0.2021569306924622,0.5296640148907654,single_maturity_ea_slope
2020-10-01,IE,PSPP,32235.555555555555,526.4158114785257,-0.28030851882281477,0.5164369325197075,single_maturity_ea_slope
2020-11-01,IE,PSPP,32889.777777777774,961.2275132275099,-0.3069371053613259,0.49237323150488244,single_maturity_ea_slope
2020-12-01,IE,PSPP,33356.444444444445,780.9802922188292,-0.34283134810559646,0.47281843999426226,single_maturity_ea_slope
2021-01-01,IE,PSPP,33654.22222222222,618.7597297066079,-0.2982965754811916,0.458640875128917,single_maturity_ea_slope
2021-02-01,IE,PSPP,33933.33333333333,605.5975509852094,-0.13435327797729943,0.44805789457283624,single_maturity_ea_slope
2021-03-01,IE,PSPP,34281.777777777774,680.7332549941253,-0.0721934750039875,0.4377272632233514,single_maturity_ea_slope
2021-04-01,IE,PSPP,34564.444444444445,621.9558370722315,-0.03217719929675046,0.42927175849795607,single_maturity_ea_slope
2021-05-01,IE,PSPP,34775.11111111111,555.2085769980483,0.10671616718541538,0.4241219365381298,single_maturity_ea_slope
2021-06-01,IE,PSPP,35048.88888888889,622.5053260239815,0.053018755004678425,0.41753075164375636,single_maturity_ea_slope
2021-07-01,IE,PSPP,35288.0,591.8575773841459,-0.07918724860745667,0.40919969541297596,single_maturity_ea_slope
2021-08-01,IE,PSPP,35492.444444444445,561.75509653031,-0.182624520968172,0.3998326237726284,single_maturity_ea_slope
2021-09-01,IE,PSPP,35785.777777777774,653.589570081648,-0.051667853976636494,0.39158644270661147,single_maturity_ea_slope
2021-10-01,IE,PSPP,36006.22222222222,585.4564576816726,0.09731785723152075,0.38680167404646265,single_maturity_ea_slope
2021-11-01,IE,PSPP,36245.33333333333,607.2728925244246,0.08034670783888345,0.3816671704664887,single_maturity_ea_slope
2021-12-01,IE,PSPP,36474.666666666664,601.3092501368387,0.008372820284466342,0.3755131636913314,single_maturity_ea_slope
2022-01-01,IE,PSPP,37077.33333333333,978.3842878725425,0.27932888702205994,0.37297508512490446,single_maturity_ea_slope
2022-02-01,IE,PSPP,37304.88888888888,611.8562741846315,0.6968679504813304,0.3782874151635282,single_maturity_ea_slope
2022-03-01,IE,PSPP,35736.88888888889,0.0,0.8615256798492099,0.3782874151635282,single_maturity_ea_slope
2022-04-01,IE,PSPP,36744.0,1360.3820570273697,1.3529451948445637,0.41437240741315307,single_maturity_ea_slope
2022-05-01,IE,PSPP,37317.33333333333,937.8571428571379,1.5668016265297866,0.44333519436075053,single_maturity_ea_slope
2022-06-01,IE,PSPP,37708.444444444445,764.8824786324842,2.0622952801630197,0.4761743692850807,single_maturity_ea_slope
2022-07-01,IE,PSPP,38079.11111111111,751.0989148955226,1.6296831246434202,0.4989269795533212,single_maturity_ea_slope
2022-08-01,IE,PSPP,38193.777777777774,503.07049276938875,1.6129130436945966,0.5135998805029582,single_maturity_ea_slope
2022-09-01,IE,PSPP,38743.11111111111,939.8627584639878,2.3645654927123716,0.5585021507704125,single_maturity_ea_slope
2022-10-01,IE,PSPP,37760.0,0.0,2.6325339146483984,0.5585021507704125,single_maturity_ea_slope
2022-11-01,IE,PSPP,37965.33333333333,581.7288676235996,2.4945588714020372,0.5881676372777902,single_maturity_ea_slope
2022-12-01,IE,PSPP,38158.22222222222,574.9876543209893,2.5658568682060015,0.6179684724751138,single_maturity_ea_slope
2023-01-01,IE,PSPP,38324.444444444445,552.1265731751209,2.640649309519444,0.6471085123471375,single_maturity_ea_slope
2023-02-01,IE,PSPP,38452.444444444445,517.4760614272809,2.851652533048446,0.6767762948134456,single_maturity_ea_slope
2023-03-01,IE,PSPP,36599.11111111111,0.0,2.845629220067193,0.6767762948134456,single_maturity_ea_slope
2023-04-01,IE,PSPP,36686.22222222222,442.1665157590636,2.7440726512937528,0.7016927122480161,single_maturity_ea_slope
2023-05-01,IE,PSPP,36818.666666666664,492.11328976034935,2.7434519803650477,0.7289825888594746,single_maturity_ea_slope
2023-06-01,IE,PSPP,36868.444444444445,414.1747162839832,2.7594420450404544,0.7517924736230455,single_maturity_ea_slope
2023-07-01,IE,PSPP,36868.444444444445,368.83197723533857,2.8922911319638254,0.773206025627255,single_maturity_ea_slope
2023-08-01,IE,PSPP,36868.444444444445,372.4085297418631,2.9262244600206517,0.7949536865807236,single_maturity_ea_slope
2023-09-01,IE,PSPP,36868.444444444445,376.5159767610748,3.045765159977143,0.8179399148629583,single_maturity_ea_slope
2023-10-01,IE,PSPP,36868.444444444445,380.2438577191052,3.2067187777832724,0.8425766605613938,single_maturity_ea_slope
2023-11-01,IE,PSPP,36868.444444444445,384.0462962962963,2.9456272223303026,0.8644834372464865,single_maturity_ea_slope
2023-12-01,IE,PSPP,36868.444444444445,388.4159760265955,2.383611367772,0.8804877348710703,single_maturity_ea_slope
2024-01-01,IE,PSPP,36868.444444444445,392.3844662031124,2.494407932066076,0.8976644078935799,single_maturity_ea_slope
2024-02-01,IE,PSPP,36868.444444444445,396.43488649940264,2.6983972014071433,0.9170271261034032,single_maturity_ea_slope
2024-03-01,IE,PSPP,34652.444444444445,0.0,2.7044220704614,0.9170271261034032,single_maturity_ea_slope
2024-04-01,IE,PSPP,34652.444444444445,355.6285349388798,2.826241060580127,0.9366208651682301,single_maturity_ea_slope
2024-05-01,IE,PSPP,34652.444444444445,359.16712732633135,2.8629397954970908,0.9565868573980068,single_maturity_ea_slope
2024-06-01,IE,PSPP,34652.444444444445,362.7768471989578,2.8704567691897998,0.9766231839452408,single_maturity_ea_slope
2024-07-01,IE,PSPP,34652.444444444445,366.9255023765825,2.7813361082126082,0.9957328083021592,single_maturity_ea_slope
2024-08-01,IE,PSPP,34652.444444444445,370.6936718489992,2.523519443820455,1.0120762682456583,single_maturity_ea_slope
2024-09-01,IE,PSPP,34652.444444444445,375.02645502645504,2.414724123632699,1.0272564398407562,single_maturity_ea_slope
2024-10-01,IE,PSPP,34652.444444444445,378.9637406435307,2.4455205331885215,1.0427667645711562,single_maturity_ea_slope
2024-11-01,IE,PSPP,34652.444444444445,382.98457608802437,2.4929863941380948,1.058794832979279,single_maturity_ea_slope
2024-12-01,IE,PSPP,34652.444444444445,387.6112353964703,2.3528033943863154,1.0732692016751073,single_maturity_ea_slope
2025-01-01,IE,PSPP,34652.444444444445,391.8186843559978,2.6320282844494702,1.0908942478394488,single_maturity_ea_slope
2025-02-01,IE,PSPP,34652.444444444445,396.11847787430776,2.553758810439,1.1076165222175876,single_maturity_ea_slope
2025-03-01,IE,PSPP,32169.777777777777,0.0,2.873057581164778,1.1076165222175876,single_maturity_ea_slope
2025-04-01,IE,PSPP,32169.777777777777,345.9115890083632,2.67759875248375,1.124498051575288,single_maturity_ea_slope
2025-05-01,IE,PSPP,32169.777777777777,349.975824388357,2.654782562375143,1.1411460553916486,single_maturity_ea_slope
2025-06-01,IE,PSPP,32169.777777777777,353.6695006351998,2.6235357805095876,1.1574432159580288,single_maturity_ea_slope
2025-07-01,IE,PSPP,32169.777777777777,357.441975308642,2.673813078851449,1.174291769990178,single_maturity_ea_slope
2025-08-01,IE,PSPP,32169.777777777777,361.7833758184635,2.6799904024746666,1.1912249529915782,single_maturity_ea_slope
2025-09-01,IE,PSPP,32169.777777777777,365.7318983376282,2.6733224701659544,1.2080746291759163,single_maturity_ea_slope
2025-10-01,IE,PSPP,32169.777777777777,370.27828933906284,2.6039200733559995,1.2241409901816724,single_maturity_ea_slope
2025-11-01,IE,PSPP,32169.777777777777,374.4154769294434,2.6255360119142,1.240451453656213,single_maturity_ea_slope
2025-12-01,IE,PSPP,32169.777777777777,378.64616028457834,2.7390499259333327,1.2580903245634296,single_maturity_ea_slope
2026-01-01,IE,PSPP,32169.777777777777,383.5214327345944,2.7728634492835718,1.2761491362553723,single_maturity_ea_slope
2026-02-01,IE,PSPP,32169.777777777777,387.4009847998288,2.7342670693657998,1.293708359919997,single_maturity_ea_slope
2026-03-01,IE,PSPP,32169.777777777777,392.5058294018762,2.9462809580248184,1.3138715199749609,single_maturity_ea_slope
2026-04-01,IE,PSPP,32169.777777777777,397.1577503429355,2.9845190019237497,1.3344967975298843,single_maturity_ea_slope
2026-05-01,IE,PSPP,28840.888888888887,0.0,3.0636958737935,1.3344967975298843,single_maturity_ea_slope
2026-06-01,IE,PSPP,28840.888888888887,322.605021128511,2.947669334132273,1.3525412330623494,single_maturity_ea_slope
2026-07-01,IE,PSPP,28840.888888888887,326.1068395396753,3.0721896358323484,1.371985470995072,single_maturity_ea_slope
2026-08-01,IE,PSPP,28840.888888888887,330.1383801383801,3.1593428095926352,1.3924451474900075,single_maturity_ea_slope
2020-03-01,IT,PEPP,1882.902,1882.902,1.4624206033871257,1.4624206033871257,single_maturity_ea_slope
2020-04-01,IT,PEPP,15160.117,13299.759324712644,1.6482114326801487,1.6254123081566851,single_maturity_ea_slope
2020-05-01,IT,PEPP,33217.485,18236.05867656766,1.6027955819924697,1.6129959573883323,single_maturity_ea_slope
2020-06-01,IT,PEPP,52278.534,19447.119258019524,1.3023187429960452,1.4974269776033193,single_maturity_ea_slope
2020-07-01,IT,PEPP,65281.048,13624.877500000002,1.0479163544124608,1.403609133626242,single_maturity_ea_slope
2020-08-01,IT,PEPP,74480.42,9976.52733333333,0.8853572984183007,1.334190169561563,single_maturity_ea_slope
2020-09-01,IT,PEPP,84671.027,11082.374480842915,0.8280831318566462,1.2679471119541954,single_maturity_ea_slope
2020-10-01,IT,PEPP,94838.52,11185.66311784512,0.6260842060898335,1.192243039043316,single_maturity_ea_slope
2020-11-01,IT,PEPP,105052.241,11372.54944574779,0.5231082072966518,1.1198050892435485,single_maturity_ea_slope
2020-12-01,IT,PEPP,113247.043,9478.431533235593,0.44883656511332426,1.0636470735598678,single_maturity_ea_slope
2021-01-01,IT,PEPP,121179.59,9322.422343642604,0.4821993006497073,1.0189159293973986,single_maturity_ea_slope
2021-02-01,IT,PEPP,129354.834,9660.287995098046,0.41097463336021656,0.9735145491611383,single_maturity_ea_slope
2021-03-01,IT,PEPP,139412.09100000001,11635.524862371902,0.49221101192734396,0.9333442939582999,single_maturity_ea_slope
2021-04-01,IT,PEPP,151214.45500000002,13495.902520408164,0.5702277345237082,0.9009361112242139,single_maturity_ea_slope
2021-05-01,IT,PEPP,162639.883,13259.664475012116,0.7346201927756217,0.8873767478331213,single_maturity_ea_slope
2021-06-01,IT,PEPP,173447.456,12766.145772158,0.6458271785000571,0.8695981243558887,single_maturity_ea_slope
2021-07-01,IT,PEPP,185600.086,14250.446352201263,0.5492921150294903,0.8450049051361869,single_maturity_ea_slope
2021-08-01,IT,PEPP,194715.892,11328.491813066268,0.45148035983315854,0.8221098063134057,single_maturity_ea_slope
2021-09-01,IT,PEPP,204678.026,12293.502438697338,0.5747385177216074,0.8072520338451147,single_maturity_ea_slope
2021-10-01,IT,PEPP,213840.949,11617.095973621084,0.7459966404902891,0.8039242812007654,single_maturity_ea_slope
2021-11-01,IT,PEPP,223039.432,11704.82323675575,0.84245296521858,0.8059462171065802,single_maturity_ea_slope
2021-12-01,IT,PEPP,230288.338,9852.073973856197,0.9079139712838158,0.8103085476780141,single_maturity_ea_slope
2022-01-01,IT,PEPP,238612.045,11015.24905236094,1.1942790082478074,0.8280340998475452,single_maturity_ea_slope
2022-02-01,IT,PEPP,245055.517,9236.215972378257,1.6790467843807306,0.8601090233008372,single_maturity_ea_slope
2022-03-01,IT,PEPP,249832.114,7660.96042984935,1.7238019639208506,0.8865936786787689,single_maturity_ea_slope
2022-04-01,IT,PEPP,248524.395,1604.077200466188,2.3467699396859913,0.8960182482424275,single_maturity_ea_slope
2022-05-01,IT,PEPP,248299.478,2671.637720279733,2.8818810222561826,0.917385614525632,single_maturity_ea_slope
2022-06-01,IT,PEPP,249507.62900000002,4122.464122065741,3.51985494790045,0.9603846462530908,single_maturity_ea_slope
2022-07-01,IT,PEPP,256977.896,10386.438446937815,3.170772740072768,1.0497233023696553,single_maturity_ea_slope
2022-08-01,IT,PEPP,258165.6,4186.9791633986915,3.141048800528168,1.0836408199811187,single_maturity_ea_slope
2022-09-01,IT,PEPP,255872.869,682.8983222683264,4.057992656655821,1.0915790585565455,single_maturity_ea_slope
2022-10-01,IT,PEPP,257606.419,4711.58618482308,4.393136508026403,1.1519640929345978,single_maturity_ea_slope
2022-11-01,IT,PEPP,255167.003,525.667091620629,4.176455173822941,1.1581948179555877,single_maturity_ea_slope
2022-12-01,IT,PEPP,255747.52,3542.0653170844867,4.2236467257796075,1.200650873380461,single_maturity_ea_slope
2023-01-01,IT,PEPP,255727.962,2940.4827407407506,4.220805719690025,1.235378062110561,single_maturity_ea_slope
2023-02-01,IT,PEPP,257905.123,5161.847764705875,4.261821246954753,1.2959508758917642,single_maturity_ea_slope
2023-03-01,IT,PEPP,257567.303,2655.5077971216565,4.217122687007079,1.326068031411107,single_maturity_ea_slope
2023-04-01,IT,PEPP,259311.521,4767.308410798116,4.178000488476513,1.3784993369588312,single_maturity_ea_slope
2023-05-01,IT,PEPP,260384.544,4133.829432955605,4.229409881515494,1.4237600031211508,single_maturity_ea_slope
2023-06-01,IT,PEPP,259705.348,2398.635489361706,4.039350653714772,1.4479175671007596,single_maturity_ea_slope
2023-07-01,IT,PEPP,261218.426,4618.115637494031,4.1457146617997385,1.4956122842790007,single_maturity_ea_slope
2023-08-01,IT,PEPP,258762.119,635.7671714015146,4.156428800949217,1.5021497936986923,single_maturity_ea_slope
2023-09-01,IT,PEPP,259764.911,4092.12006829034,4.445737322274571,1.5485206201204893,single_maturity_ea_slope
2023-10-01,IT,PEPP,257250.81900000002,543.4045983992714,4.785870224545393,1.5553590460135884,single_maturity_ea_slope
2023-11-01,IT,PEPP,255631.06100000002,1391.13641713483,4.336743200155636,1.5704952535297352,single_maturity_ea_slope
2023-12-01,IT,PEPP,254669.163,2025.842310892925,3.709511304069685,1.5875106988542362,single_maturity_ea_slope
2024-01-01,IT,PEPP,253700.153,1950.1688514442826,3.679416430663773,1.60359097846815,single_maturity_ea_slope
2024-02-01,IT,PEPP,255833.753,5029.720468036536,3.7735966416885716,1.6462535348043146,single_maturity_ea_slope
2024-03-01,IT,PEPP,257109.468,4180.276228428698,3.6223255348756,1.6783819774937978,single_maturity_ea_slope
2024-04-01,IT,PEPP,257232.15,3033.794635869566,3.7695555318784764,1.7030452674906529,single_maturity_ea_slope
2024-05-01,IT,PEPP,256743.2,2427.5142857143037,3.7748293153404546,1.7226340448100537,single_maturity_ea_slope
2024-06-01,IT,PEPP,258316.73,4524.601264367815,3.863485840819583,1.7601325867862114,single_maturity_ea_slope
2024-07-01,IT,PEPP,257041.015,1697.5438627992671,3.72975383036,1.7731403102970595,single_maturity_ea_slope
2024-08-01,IT,PEPP,255255.903,1181.6587179131816,3.539250703086364,1.7813161828935753,single_maturity_ea_slope
2024-09-01,IT,PEPP,253498.35,1192.7001553398204,3.4061205673631436,1.7889608261102024,single_maturity_ea_slope
2024-10-01,IT,PEPP,254131.318,3587.494223776217,3.329425848566087,1.8107071004910318,single_maturity_ea_slope
2024-11-01,IT,PEPP,252418.215,1248.8004731934702,3.4146671639404755,1.8186424473368177,single_maturity_ea_slope
2024-12-01,IT,PEPP,247341.136,0.0,3.1713150597843507,1.8186424473368177,single_maturity_ea_slope
2025-01-01,IT,PEPP,245954.296,1479.8861937876713,3.5082849731190158,1.8288088834877911,single_maturity_ea_slope
2025-02-01,IT,PEPP,242716.558,0.0,3.4081577465020003,1.8288088834877911,single_maturity_ea_slope
2025-03-01,IT,PEPP,238955.199,0.0,3.665221093267968,1.8288088834877911,single_maturity_ea_slope
2025-04-01,IT,PEPP,237687.48500000002,1490.309995844897,3.439558458624367,1.8389083474651602,single_maturity_ea_slope
2025-05-01,IT,PEPP,235273.85,333.56200647248306,3.351290747447286,1.8410525437194047,single_maturity_ea_slope
2025-06-01,IT,PEPP,232082.34,0.0,3.2424903943001904,1.8410525437194047,single_maturity_ea_slope
2025-07-01,IT,PEPP,229260.654,0.0,3.2626743867365935,1.8410525437194047,single_maturity_ea_slope
2025-08-01,IT,PEPP,226975.924,350.44993103447223,3.2568315084190473,1.843238500854396,single_maturity_ea_slope
2025-09-01,IT,PEPP,225225.483,869.318048938143,3.2750885644424543,1.848765109509289,single_maturity_ea_slope
2025-10-01,IT,PEPP,225225.483,2628.6821078431376,3.1655541339848408,1.8641337956026078,single_maturity_ea_slope
2025-11-01,IT,PEPP,222496.253,0.0,3.1868812091392504,1.8641337956026078,single_maturity_ea_slope
2025-12-01,IT,PEPP,219434.537,0.0,3.2872386271,1.8641337956026078,single_maturity_ea_slope
2026-01-01,IT,PEPP,216968.451,80.74010259980423,3.222109606207524,1.8646391368435622,single_maturity_ea_slope
2026-02-01,IT,PEPP,213930.738,0.0,3.118526419618333,1.8646391368435622,single_maturity_ea_slope
2026-03-01,IT,PEPP,211290.408,0.0,3.5144529693122277,1.8646391368435622,single_maturity_ea_slope
2026-04-01,IT,PEPP,205411.451,0.0,3.6116743453100333,1.8646391368435622,single_maturity_ea_slope
2026-05-01,IT,PEPP,205367.89,2301.318577625584,3.6378125444075,1.88450902450798,single_maturity_ea_slope
2026-06-01,IT,PEPP,201976.355,0.0,3.54826028841197,1.88450902450798,single_maturity_ea_slope
2026-07-01,IT,PEPP,199367.14,0.0,3.698289635832348,1.88450902450798,single_maturity_ea_slope
2026-08-01,IT,PEPP,196477.89,0.0,3.8044551017812225,1.88450902450798,single_maturity_ea_slope
2015-03-01,IT,PSPP,6763.555555555555,6763.555555555555,1.2242442925705013,1.2242442925705013,single_maturity_ea_slope
2015-04-01,IT,PSPP,13505.777777777777,6809.3209876543215,1.2557038585839366,1.2401055251957156,single_maturity_ea_slope
2015-05-01,IT,PSPP,20819.555555555555,7443.5910974411545,1.6771562134580522,1.39636374135211,single_maturity_ea_slope
2015-06-01,IT,PSPP,28076.44444444444,7453.596707818928,2.04670599522953,1.5690134118632006,single_maturity_ea_slope
2015-07-01,IT,PSPP,35408.0,7590.65895574423,1.9075845109405296,1.641595250582346,single_maturity_ea_slope
2015-08-01,IT,PSPP,41380.444444444445,6297.05023835717,1.7218464527312476,1.653807440625366,single_maturity_ea_slope
2015-09-01,IT,PSPP,48699.555555555555,7691.9079079079065,1.8214425474762057,1.6802847624267527,single_maturity_ea_slope
2015-10-01,IT,PSPP,56135.11111111111,7872.87196679438,1.6068161751794574,1.6699808943212038,single_maturity_ea_slope
2015-11-01,IT,PSPP,64024.88888888888,8394.408406248747,1.4698593185153799,1.6437426256202379,single_maturity_ea_slope
2015-12-01,IT,PSPP,70408.0,6958.667465739747,1.4783826752175195,1.627399526725173,single_maturity_ea_slope
2016-01-01,IT,PSPP,78016.0,8238.218403150733,1.4403238085174381,1.607644981189365,single_maturity_ea_slope
2016-02-01,IT,PSPP,85570.66666666666,8251.48695962843,1.4788645761738104,1.5952268258326832,single_maturity_ea_slope
2016-03-01,IT,PSPP,93152.88888888889,8346.518994879134,1.2958328742865959,1.5684010630105338,single_maturity_ea_slope
2016-04-01,IT,PSPP,104706.66666666666,12383.1304210193,1.370791751904995,1.5450308044613073,single_maturity_ea_slope
2016-05-01,IT,PSPP,116655.11111111111,12886.676224611716,1.4493356478266006,1.534459535975348,single_maturity_ea_slope
2016-06-01,IT,PSPP,128008.0,12400.438378033206,1.3860769551920078,1.5200853636628568,single_maturity_ea_slope
2016-07-01,IT,PSPP,138556.44444444444,11704.168532562893,1.1599473375546732,1.4896637100944816,single_maturity_ea_slope
2016-08-01,IT,PSPP,146090.66666666666,8789.262479871173,1.1090640494270028,1.4667656674358835,single_maturity_ea_slope
2016-09-01,IT,PSPP,156586.66666666666,11826.516089860352,1.1873452579564925,1.4456618912403154,single_maturity_ea_slope
2016-10-01,IT,PSPP,167540.44444444444,12394.052489575672,1.358628922979682,1.439223498525513,single_maturity_ea_slope
2016-11-01,IT,PSPP,177946.66666666666,11966.18911649079,1.8241729256998125,1.4651097808152578,single_maturity_ea_slope
2016-12-01,IT,PSPP,186317.3333333333,10038.708161479804,1.735886464073446,1.479699127128514,single_maturity_ea_slope
2017-01-01,IT,PSPP,197252.44444444444,12691.496229260949,1.8297190531060035,1.502219895290455,single_maturity_ea_slope
2017-02-01,IT,PSPP,207728.0,12345.601483166905,2.1743775180944445,1.5421672791049186,single_maturity_ea_slope
2017-03-01,IT,PSPP,218296.88888888888,12554.05708460753,2.2195019963340634,1.5811201874526382,single_maturity_ea_slope
2017-04-01,IT,PSPP,226973.3333333333,10779.497323913502,2.075957722858375,1.6046211856110624,single_maturity_ea_slope
2017-05-01,IT,PSPP,235345.77777777775,10576.925148925142,1.9984632867920817,1.6223212627657093,single_maturity_ea_slope
2017-06-01,IT,PSPP,243632.88888888888,10572.909263575943,1.8640310299506921,1.6328107145315274,single_maturity_ea_slope
2017-07-01,IT,PSPP,252186.66666666666,10928.367338098335,2.0307878633468475,1.6500568304024017,single_maturity_ea_slope
2017-08-01,IT,PSPP,258992.88888888888,9287.397612488518,1.9020681991539268,1.6590938730582987,single_maturity_ea_slope
2017-09-01,IT,PSPP,267174.2222222222,10756.839388314309,1.8835617158336555,1.6681312888407522,single_maturity_ea_slope
2017-10-01,IT,PSPP,275281.77777777775,10809.560230133051,1.8282472278550363,1.6744186025182177,single_maturity_ea_slope
2017-11-01,IT,PSPP,283350.2222222222,10879.737109658672,1.5363732169840894,1.6691181037501774,single_maturity_ea_slope
2017-12-01,IT,PSPP,290424.0,9985.309037767764,1.555846721358484,1.6652236261645914,single_maturity_ea_slope
2018-01-01,IT,PSPP,293464.8888888889,6032.483450075526,1.7520770064149351,1.667008989929664,single_maturity_ea_slope
2018-02-01,IT,PSPP,296698.6666666666,6275.495117007529,1.8452637909922314,1.6707792702151096,single_maturity_ea_slope
2018-03-01,IT,PSPP,299740.44444444444,6144.022305869264,1.729803628548504,1.6719891402240175,single_maturity_ea_slope
2018-04-01,IT,PSPP,303270.2222222222,6675.668252635482,1.5373966468553708,1.6690264529267276,single_maturity_ea_slope
2018-05-01,IT,PSPP,306478.2222222222,6394.950632852272,1.9360431447984652,1.6745980023513036,single_maturity_ea_slope
2018-06-01,IT,PSPP,309987.55555555556,6729.995609733353,2.49838721727667,1.6924829067625706,single_maturity_ea_slope
2018-07-01,IT,PSPP,313604.44444444444,6911.824640967485,2.402353327982862,1.7081284116532185,single_maturity_ea_slope
2018-08-01,IT,PSPP,316802.6666666666,6561.633252299887,2.9156607902935225,1.7331388848676113,single_maturity_ea_slope
2018-09-01,IT,PSPP,320029.3333333333,6659.725473197534,2.708238442427084,1.7534304478151195,single_maturity_ea_slope
2018-10-01,IT,PSPP,321587.55555555556,5058.1055701370915,3.2107228317220184,1.7763515422325447,single_maturity_ea_slope
2018-11-01,IT,PSPP,322862.2222222222,4828.905786422989,3.119653526467177,1.7964427089225867,single_maturity_ea_slope
2018-12-01,IT,PSPP,324759.11111111107,5479.470138580644,2.7241991732914577,1.812096199982442,single_maturity_ea_slope
2019-01-01,IT,PSPP,327721.77777777775,6610.006189477906,2.5060761037311803,1.8260934737988403,single_maturity_ea_slope
2019-02-01,IT,PSPP,327953.77777777775,3942.6179549114327,2.559029190432045,1.834904732311471,single_maturity_ea_slope
2019-03-01,IT,PSPP,329313.77777777775,5119.213408731978,2.443596084775698,1.8443668961915891,single_maturity_ea_slope
2019-04-01,IT,PSPP,329260.44444444444,3726.668707274787,2.3738534008034775,1.850359783648784,single_maturity_ea_slope
2019-05-01,IT,PSPP,325766.2222222222,259.31681613211185,2.4028125692711977,1.85079954777305,single_maturity_ea_slope
2019-06-01,IT,PSPP,326375.11111111107,4368.886836975466,2.066629482254557,1.8536886668500878,single_maturity_ea_slope
2019-07-01,IT,PSPP,328215.11111111107,5649.233322958813,1.44221262504955,1.8466063476994874,single_maturity_ea_slope
2019-08-01,IT,PSPP,326067.55555555556,1688.5256869773511,1.2439185164442175,1.8434853567668896,single_maturity_ea_slope
2019-09-01,IT,PSPP,325168.0,2938.339401548434,0.7421391608562709,1.8335331815153593,single_maturity_ea_slope
2019-10-01,IT,PSPP,322514.6666666666,1131.2104283053613,0.8469868372701075,1.8300729000833516,single_maturity_ea_slope
2019-11-01,IT,PSPP,323396.44444444444,4640.689976690008,1.1021329166610536,1.8196270716188396,single_maturity_ea_slope
2019-12-01,IT,PSPP,323367.11111111107,3729.3422180897387,1.1970106756121985,1.8124465342929377,single_maturity_ea_slope
2020-01-01,IT,PSPP,327413.3333333333,7846.964007731311,1.1084006887185023,1.7955729929689783,single_maturity_ea_slope
2020-02-01,IT,PSPP,329427.55555555556,5884.356185973233,0.7989668037039241,1.7777712465883786,single_maturity_ea_slope
2020-03-01,IT,PSPP,339965.3333333333,14377.259777259751,1.4181309050806887,1.7625619234331593,single_maturity_ea_slope
2020-04-01,IT,PSPP,349671.11111111107,13684.77278401995,1.6561770105320728,1.7583984300405453,single_maturity_ea_slope
2020-05-01,IT,PSPP,352207.11111111107,6605.728946823918,1.6076858200882642,1.7555717788492262,single_maturity_ea_slope
2020-06-01,IT,PSPP,354275.55555555556,6133.623473889453,1.3050162917063624,1.7477712471193545,single_maturity_ea_slope
2020-07-01,IT,PSPP,361276.44444444444,11124.20773846471,1.0558141488437962,1.7264649188887404,single_maturity_ea_slope
2020-08-01,IT,PSPP,362811.55555555556,5793.4378961705825,0.8887789614552071,1.7130886041143827,single_maturity_ea_slope
2020-09-01,IT,PSPP,365693.3333333333,7152.158610587963,0.8338129652394236,1.6958919033314142,single_maturity_ea_slope
2020-10-01,IT,PSPP,367505.77777777775,6098.582903578677,0.6339385208146873,1.6782692940157855,single_maturity_ea_slope
2020-11-01,IT,PSPP,366196.44444444444,2897.463573463592,0.542280858733755,1.6692809896205882,single_maturity_ea_slope
2020-12-01,IT,PSPP,365509.3333333333,3504.698005697993,0.46637088527560755,1.6577468473723327,single_maturity_ea_slope
2021-01-01,IT,PSPP,368880.0,7595.231314532305,0.4983690704533399,1.6338752837293378,single_maturity_ea_slope
2021-02-01,IT,PSPP,372257.77777777775,7683.0999066292925,0.4292451241027827,1.6090126900658825,single_maturity_ea_slope
2021-03-01,IT,PSPP,374738.6666666666,6862.454069889084,0.5084315791868164,1.588858145057819,single_maturity_ea_slope
2021-04-01,IT,PSPP,377566.2222222222,7232.100297758978,0.5867116139534534,1.5696625078439257,single_maturity_ea_slope
2021-05-01,IT,PSPP,378086.2222222222,4945.295619107152,0.7540620263206406,1.558994609224102,single_maturity_ea_slope
2021-06-01,IT,PSPP,374799.11111111107,1082.817486001939,0.6675143943568359,1.556419068523855,single_maturity_ea_slope
2021-07-01,IT,PSPP,379873.77777777775,9442.954674954693,0.5655879892260167,1.5317888531215713,single_maturity_ea_slope
2021-08-01,IT,PSPP,379332.44444444444,3892.300861085194,0.4602383446502983,1.5207937562668128,single_maturity_ea_slope
2021-09-01,IT,PSPP,382680.8888888889,7794.441214773135,0.5847619564287824,1.5017286682239288,single_maturity_ea_slope
2021-10-01,IT,PSPP,385401.77777777775,7218.783680718788,0.7560988877288117,1.4877626192805848,single_maturity_ea_slope
2021-11-01,IT,PSPP,382039.11111111107,1098.0020576131483,0.8476706929453371,1.48592295880673,single_maturity_ea_slope
2021-12-01,IT,PSPP,381702.2222222222,4091.0099417915953,0.9103455452124205,1.47975403239185,single_maturity_ea_slope
2022-01-01,IT,PSPP,387205.3333333333,9958.085693536686,1.1948076528183724,1.4724258263430638,single_maturity_ea_slope
2022-02-01,IT,PSPP,389025.77777777775,6377.946013810413,1.6774502119415742,1.4757871317823372,single_maturity_ea_slope
2022-03-01,IT,PSPP,392024.0,7609.7179284547965,1.7215725454948378,1.4805581602634523,single_maturity_ea_slope
2022-04-01,IT,PSPP,393235.55555555556,5761.509130300224,2.3477092034787708,1.49326326432195,single_maturity_ea_slope
2022-05-01,IT,PSPP,398113.77777777775,9474.243208144999,2.881122292587805,1.5262912947654228,single_maturity_ea_slope
2022-06-01,IT,PSPP,398205.3333333333,4731.576275576281,3.521840207419408,1.5500029106115165,single_maturity_ea_slope
2022-07-01,IT,PSPP,400210.6666666666,6679.104851330185,3.168805207739034,1.5770190577975538,single_maturity_ea_slope
2022-08-01,IT,PSPP,397771.55555555556,2278.129184347051,3.1372318131285075,1.5859547550892963,single_maturity_ea_slope
2022-09-01,IT,PSPP,393920.8888888889,759.5738937824972,4.05683731595771,1.5907192089194346,single_maturity_ea_slope
2022-10-01,IT,PSPP,398814.2222222222,9490.916070131738,4.392158596111096,1.6573874083413251,single_maturity_ea_slope
2022-11-01,IT,PSPP,396176.8888888889,2004.3591971860315,4.174526338281577,1.6701222515548468,single_maturity_ea_slope
2022-12-01,IT,PSPP,394275.55555555556,2709.6639768260075,4.2234101777354915,1.6876697566399337,single_maturity_ea_slope
2023-01-01,IT,PSPP,393402.6666666666,3709.5792138023207,4.220567923829561,1.711553647593947,single_maturity_ea_slope
2023-02-01,IT,PSPP,395460.44444444444,6668.685732145679,4.261735455838894,1.7545575972377898,single_maturity_ea_slope
2023-03-01,IT,PSPP,392783.11111111107,1931.7627557627166,4.216879311336941,1.7666676428213355,single_maturity_ea_slope
2023-04-01,IT,PSPP,393157.3333333333,4990.854933918429,4.177807386712638,1.7972753605641054,single_maturity_ea_slope
2023-05-01,IT,PSPP,392837.3333333333,4320.6672961913755,4.229409881515494,1.8240254761792525,single_maturity_ea_slope
2023-06-01,IT,PSPP,390916.44444444444,2729.1742424242548,4.039233198303636,1.8394908983756324,single_maturity_ea_slope
2023-07-01,IT,PSPP,387465.77777777775,1183.240925135642,4.145068659839858,1.846531659443857,single_maturity_ea_slope
2023-08-01,IT,PSPP,380187.55555555556,0.0,4.157519530662913,1.846531659443857,single_maturity_ea_slope
2023-09-01,IT,PSPP,376832.0,1132.0218235232333,4.4471138969199995,1.854343936126012,single_maturity_ea_slope
2023-10-01,IT,PSPP,370296.8888888889,0.0,4.78688868114253,1.854343936126012,single_maturity_ea_slope
2023-11-01,IT,PSPP,367946.6666666666,2008.2628164887792,4.335475744602242,1.8678860203604217,single_maturity_ea_slope
2023-12-01,IT,PSPP,367466.6666666666,3900.3174603174602,3.704461293452632,1.8873795615564366,single_maturity_ea_slope
2024-01-01,IT,PSPP,364271.11111111107,1185.3059926879605,3.6661933412486367,1.893167664342062,single_maturity_ea_slope
2024-02-01,IT,PSPP,360348.44444444444,420.09812960317504,3.7625973764750236,1.895347065800843,single_maturity_ea_slope
2024-03-01,IT,PSPP,355281.77777777775,0.0,3.6134624413267997,1.895347065800843,single_maturity_ea_slope
2024-04-01,IT,PSPP,352179.55555555556,1127.322751322783,3.757767649861905,1.9013086529055572,single_maturity_ea_slope
2024-05-01,IT,PSPP,346917.3333333333,0.0,3.766476628891,1.9013086529055572,single_maturity_ea_slope
2024-06-01,IT,PSPP,346699.55555555556,3935.9259259259516,3.8567623397989,1.92350804929895,single_maturity_ea_slope
2024-07-01,IT,PSPP,343195.55555555556,653.0690114575009,3.7212628776361956,1.926929008427295,single_maturity_ea_slope
2024-08-01,IT,PSPP,340872.8888888889,1810.227788482105,3.525288389822364,1.935417200543757,single_maturity_ea_slope
2024-09-01,IT,PSPP,332402.6666666666,0.0,3.3947313607225085,1.935417200543757,single_maturity_ea_slope
2024-10-01,IT,PSPP,328753.77777777775,302.6406720558057,3.320997644636,1.9366927235191034,single_maturity_ea_slope
2024-11-01,IT,PSPP,324638.2222222222,0.0,3.4081689392642853,1.9366927235191034,single_maturity_ea_slope
2024-12-01,IT,PSPP,318032.8888888889,0.0,3.164830513637824,1.9366927235191034,single_maturity_ea_slope
2025-01-01,IT,PSPP,316058.6666666666,1774.3974016449001,3.5011227655653796,1.9454756517992817,single_maturity_ea_slope
2025-02-01,IT,PSPP,311507.55555555556,0.0,3.4015560746010003,1.9454756517992817,single_maturity_ea_slope
2025-03-01,IT,PSPP,305881.77777777775,0.0,3.658745796721047,1.9454756517992817,single_maturity_ea_slope
2025-04-01,IT,PSPP,303873.77777777775,1557.055685055684,3.43269841981275,1.9530962128191043,single_maturity_ea_slope
2025-05-01,IT,PSPP,301153.77777777775,831.5869305490619,3.3433277581267777,1.956935109983356,single_maturity_ea_slope
2025-06-01,IT,PSPP,295301.3333333333,0.0,3.2396805072817143,1.956935109983356,single_maturity_ea_slope
2025-07-01,IT,PSPP,291510.2222222222,0.0,3.2606792913674054,1.956935109983356,single_maturity_ea_slope
2025-08-01,IT,PSPP,288708.44444444444,558.1832897905074,3.254786646662095,1.9594443508952284,single_maturity_ea_slope
2025-09-01,IT,PSPP,286708.44444444444,1341.5329218106995,3.2730460361290907,1.9655908036455194,single_maturity_ea_slope
2025-10-01,IT,PSPP,286708.44444444444,3355.669995838535,3.163620946110609,1.9796126920170678,single_maturity_ea_slope
2025-11-01,IT,PSPP,282902.2222222222,0.0,3.1859264063643002,1.9796126920170678,single_maturity_ea_slope
2025-12-01,IT,PSPP,277512.8888888889,0.0,3.290994107566666,1.9796126920170678,single_maturity_ea_slope
2026-01-01,IT,PSPP,276416.0,2133.0097248086204,3.220195489939492,1.9891858541075358,single_maturity_ea_slope
2026-02-01,IT,PSPP,272432.8888888889,0.0,3.1175570901925,1.9891858541075358,single_maturity_ea_slope
2026-03-01,IT,PSPP,267352.0,0.0,3.5183978615629097,1.9891858541075358,single_maturity_ea_slope
2026-04-01,IT,PSPP,263076.44444444444,0.0,3.60773683281595,1.9891858541075358,single_maturity_ea_slope
2026-05-01,IT,PSPP,262991.1111111111,2938.533844189036,3.6340868507854167,2.0075651720573204,single_maturity_ea_slope
2026-06-01,IT,PSPP,257282.66666666666,0.0,3.54826028841197,2.0075651720573204,single_maturity_ea_slope
2026-07-01,IT,PSPP,254059.55555555553,0.0,3.698984352045913,2.0075651720573204,single_maturity_ea_slope
2026-08-01,IT,PSPP,251431.1111111111,240.34005821540313,3.802352265122318,2.0092807880466275,single_maturity_ea_slope
2020-03-01,LT,PEPP,0.0,0.0,,,missing_wam
2020-04-01,LT,PEPP,500.507,500.507,0.2802452105275152,0.2802452105275152,single_maturity_ea_slope
2020-05-01,LT,PEPP,933.45,437.60842692020884,0.25240386242730983,0.26719297575814477,single_maturity_ea_slope
2020-06-01,LT,PEPP,1266.825,342.5697399527187,0.08691549972222959,0.21844306311436532,single_maturity_ea_slope
2020-07-01,LT,PEPP,1416.177,160.814404994571,0.12100463999528135,0.2073784136831821,single_maturity_ea_slope
2020-08-01,LT,PEPP,1685.544,279.2097648040035,0.23848009914187737,0.21253039683042146,single_maturity_ea_slope
2020-09-01,LT,PEPP,1767.332,93.48342048293091,0.23965967818727799,0.2139654062211204,single_maturity_ea_slope
2020-10-01,LT,PEPP,1806.448,51.37891978906465,0.23506297495312936,0.21456546240409727,single_maturity_ea_slope
2020-11-01,LT,PEPP,1849.1200000000001,55.45106055461237,0.2240563669509222,0.21485007385318874,single_maturity_ea_slope
2020-12-01,LT,PEPP,1890.0140000000001,54.27015740740741,0.2124444649168243,0.21478099882219048,single_maturity_ea_slope
2021-01-01,LT,PEPP,1941.576,65.26967333913538,0.21484637001541015,0.21478319639592813,single_maturity_ea_slope
2021-02-01,LT,PEPP,2026.92,99.04408467400513,0.24202818633509668,0.21611450453363334,single_maturity_ea_slope
2021-03-01,LT,PEPP,2102.485,90.24006516072986,0.23845986196976246,0.21707358224932505,single_maturity_ea_slope
2021-04-01,LT,PEPP,2133.6,46.53815874413124,0.23389232818285782,0.2174404333311267,single_maturity_ea_slope
2021-05-01,LT,PEPP,2226.945,109.34860036003626,0.22331757035133465,0.21772901554006488,single_maturity_ea_slope
2021-06-01,LT,PEPP,2246.503,36.4749325432999,0.21266894806079845,0.21764685868562456,single_maturity_ea_slope
2021-07-01,LT,PEPP,2308.733,79.17195324283561,0.2123392443121863,0.21746484794769824,single_maturity_ea_slope
2021-08-01,LT,PEPP,2367.407,75.36041948540039,0.22930918805668846,0.21784188258481016,single_maturity_ea_slope
2021-09-01,LT,PEPP,2458.974,108.78200145433392,0.23111946668196146,0.21842926666148862,single_maturity_ea_slope
2021-10-01,LT,PEPP,2512.314,71.58706144256425,0.2136186268689135,0.2182921900196321,single_maturity_ea_slope
2021-11-01,LT,PEPP,2611.882,118.53172282608716,0.19536875343146487,0.21725188481752497,single_maturity_ea_slope
2021-12-01,LT,PEPP,2651.887,59.846096931024114,0.18896091403304724,0.21661343220629356,single_maturity_ea_slope
2022-01-01,LT,PEPP,2781.681,150.9212068196302,0.17382540343659933,0.21429195072104948,single_maturity_ea_slope
2022-02-01,LT,PEPP,2829.687,70.4244477756285,0.16653770910150062,0.21310345669503156,single_maturity_ea_slope
2022-03-01,LT,PEPP,2858.135,51.40878383641707,0.16562927444037942,0.21224954672459975,single_maturity_ea_slope
2022-04-01,LT,PEPP,2859.024,24.26269152764115,0.1627764868764244,0.21182970079465135,single_maturity_ea_slope
2022-05-01,LT,PEPP,2859.024,23.542687747035572,0.1621325780870436,0.21142046888829755,single_maturity_ea_slope
2022-06-01,LT,PEPP,2866.136,30.865938185443753,0.1606258691548513,0.21087345263522134,single_maturity_ea_slope
2022-07-01,LT,PEPP,2875.915,33.807638497652576,0.1560649353325317,0.21022915454589614,single_maturity_ea_slope
2022-08-01,LT,PEPP,2882.138,30.5539221658206,0.15182074128644238,0.20960995931216397,single_maturity_ea_slope
2022-09-01,LT,PEPP,2851.9120000000003,0.0,0.15711164825472287,0.20960995931216397,single_maturity_ea_slope
2022-10-01,LT,PEPP,2858.135,30.473952380952337,0.15022088084692994,0.20897674221461676,single_maturity_ea_slope
2022-11-01,LT,PEPP,2864.358,30.77742439862539,2.8727668667198847,0.23759907195509117,single_maturity_ea_slope
2022-12-01,LT,PEPP,2868.803,29.30921874999971,2.8752690391176747,0.2645469125903222,single_maturity_ea_slope
2023-01-01,LT,PEPP,2894.584,51.05234425651862,2.8757196745116476,0.3106006773989621,single_maturity_ea_slope
2023-02-01,LT,PEPP,2904.363,35.549868945868944,2.8781697895283362,0.34202813513949254,single_maturity_ea_slope
2023-03-01,LT,PEPP,2937.256,59.17207166123781,2.8735911073530467,0.39302737579361213,single_maturity_ea_slope
2023-04-01,LT,PEPP,2858.135,0.0,2.8688000976953023,0.39302737579361213,single_maturity_ea_slope
2023-05-01,LT,PEPP,2877.693,45.16852867383512,2.860097590837022,0.4317507322282814,single_maturity_ea_slope
2023-06-01,LT,PEPP,2863.469,11.617352370689499,2.8715432103981815,0.44164919068208613,single_maturity_ea_slope
2023-07-01,LT,PEPP,2875.915,38.468073791348516,2.8766656524131586,0.4742198309593611,single_maturity_ea_slope
2023-08-01,LT,PEPP,2787.904,0.0,2.8677838272066083,0.4742198309593611,single_maturity_ea_slope
2023-09-01,LT,PEPP,2796.794,33.76423269093492,2.8652092421657143,0.5030849968748818,single_maturity_ea_slope
2023-10-01,LT,PEPP,2817.241,45.69793896713627,2.8538596140068333,0.541216471952516,single_maturity_ea_slope
2023-11-01,LT,PEPP,2828.7980000000002,37.271138371668734,2.8524328417136817,0.5716681567756227,single_maturity_ea_slope
2023-12-01,LT,PEPP,2836.799,34.077677728613324,2.842707613904842,0.5989495224025192,single_maturity_ea_slope
2024-01-01,LT,PEPP,2786.126,0.0,2.8424046944753636,0.5989495224025192,single_maturity_ea_slope
2024-02-01,LT,PEPP,2822.575,61.99104253758671,2.8468344236802223,0.6483188849649685,single_maturity_ea_slope
2024-03-01,LT,PEPP,2859.024,62.64216072754275,2.8517488893131997,0.6965967645785262,single_maturity_ea_slope
2024-04-01,LT,PEPP,2832.354,0.0,2.8502028537914446,0.6965967645785262,single_maturity_ea_slope
2024-05-01,LT,PEPP,2876.804,70.85151006711436,2.852331726136182,0.7496893900513887,single_maturity_ea_slope
2024-06-01,LT,PEPP,2748.788,0.0,2.8605855897299333,0.7496893900513887,single_maturity_ea_slope
2024-07-01,LT,PEPP,2770.1240000000003,46.234442028985754,2.8509431392347824,0.7847601286373902,single_maturity_ea_slope
2024-08-01,LT,PEPP,2726.563,0.0,2.8430289590727273,0.7847601286373902,single_maturity_ea_slope
2024-09-01,LT,PEPP,2737.231,35.44592620865152,2.8327347924413653,0.8112804912996513,single_maturity_ea_slope
2024-10-01,LT,PEPP,2751.455,39.40088557763032,2.8234106307551303,0.8400942314451331,single_maturity_ea_slope
2024-11-01,LT,PEPP,2723.896,0.0,2.831263314928571,0.8400942314451331,single_maturity_ea_slope
2024-12-01,LT,PEPP,2728.341,29.66625925925897,2.8259621154456136,0.8616873063215486,single_maturity_ea_slope
2025-01-01,LT,PEPP,2728.341,25.517592592592592,2.8149432813878033,0.8799556936678472,single_maturity_ea_slope
2025-02-01,LT,PEPP,2728.341,25.719654977375566,2.810382369044,0.898153531859553,single_maturity_ea_slope
2025-03-01,LT,PEPP,2727.452,25.065537671233205,2.77963290352273,0.9154445023580519,single_maturity_ea_slope
2025-04-01,LT,PEPP,2727.452,26.185215053763443,2.7506392681237997,0.9330634997252346,single_maturity_ea_slope
2025-05-01,LT,PEPP,2602.103,0.0,2.7844441281539045,0.9330634997252346,single_maturity_ea_slope
2025-06-01,LT,PEPP,2602.103,24.20110677083333,2.782590583359492,0.9502652025120115,single_maturity_ea_slope
2025-07-01,LT,PEPP,2602.103,24.446664787673807,2.7672771116408548,0.9673359645293814,single_maturity_ea_slope
2025-08-01,LT,PEPP,2556.764,0.0,2.773667188638476,0.9673359645293814,single_maturity_ea_slope
2025-09-01,LT,PEPP,2554.097,21.32665615615624,2.765618414451636,0.9823515851111925,single_maturity_ea_slope
2025-10-01,LT,PEPP,2441.194,0.0,2.806538860779188,0.9823515851111925,single_maturity_ea_slope
2025-11-01,LT,PEPP,2391.41,0.0,2.8188926224032,0.9823515851111925,single_maturity_ea_slope
2025-12-01,LT,PEPP,2391.41,21.47458692528736,2.8124013515999997,0.9987852216637141,single_maturity_ea_slope
2026-01-01,LT,PEPP,2337.181,0.0,2.824490628227079,0.9987852216637141,single_maturity_ea_slope
2026-02-01,LT,PEPP,2337.181,20.830490196078433,2.816993587320833,1.014990287311282,single_maturity_ea_slope
2026-03-01,LT,PEPP,2337.181,21.032946364290858,2.821615594689909,1.0312486144115216,single_maturity_ea_slope
2026-04-01,LT,PEPP,2337.181,21.216240014524328,2.8154247950970333,1.0474448397263865,single_maturity_ea_slope
2026-05-01,LT,PEPP,2337.181,21.426301796846353,2.8121923760780834,1.0636233099899701,single_maturity_ea_slope
2026-06-01,LT,PEPP,2274.951,0.0,2.829534870813818,1.0636233099899701,single_maturity_ea_slope
2026-07-01,LT,PEPP,2274.951,20.606440217391306,2.8244227029147826,1.0795725798534197,single_maturity_ea_slope
2026-08-01,LT,PEPP,2232.279,0.0,2.830933811292222,1.0795725798534197,single_maturity_ea_slope
2015-03-01,LT,PSPP,34.666666666666664,34.666666666666664,0.8422013635071265,0.8422013635071265,single_maturity_ea_slope
2015-04-01,LT,PSPP,108.44444444444444,74.33120476798636,0.2650240025101775,0.44658599724750364,single_maturity_ea_slope
2015-05-01,LT,PSPP,217.77777777777777,110.81481481481481,0.5729582635330589,0.5108897082553916,single_maturity_ea_slope
2015-06-01,LT,PSPP,336.0,121.30340187386028,0.8369955079495386,0.6286210858556764,single_maturity_ea_slope
2015-07-01,LT,PSPP,448.0,116.92091388400704,1.0118485755782602,0.7286373990785301,single_maturity_ea_slope
2015-08-01,LT,PSPP,575.1111111111111,133.8378378378378,1.0484278718130027,0.8030579147059058,single_maturity_ea_slope
2015-09-01,LT,PSPP,686.2222222222222,119.88875322208654,1.0234123108203599,0.8415556680016488,single_maturity_ea_slope
2015-10-01,LT,PSPP,787.5555555555555,112.02215299411566,1.0383452426083726,0.8695470797550591,single_maturity_ea_slope
2015-11-01,LT,PSPP,891.5555555555555,115.67787004085936,0.946165718005339,0.8794882223153795,single_maturity_ea_slope
2015-12-01,LT,PSPP,984.0,104.82716049382717,0.9185283630635789,0.8836472335957789,single_maturity_ea_slope
2016-01-01,LT,PSPP,1080.888888888889,110.05100766898522,0.9439904343526753,0.8897910936331365,single_maturity_ea_slope
2016-02-01,LT,PSPP,1177.7777777777776,110.8322440087144,0.9961175487062593,0.8997967159462696,single_maturity_ea_slope
2016-03-01,LT,PSPP,1288.888888888889,125.84807029251493,1.0226435973622157,0.9117915768694466,single_maturity_ea_slope
2016-04-01,LT,PSPP,1381.3333333333333,108.74298881582635,0.9275859397881305,0.913034959758119,single_maturity_ea_slope
2016-05-01,LT,PSPP,1481.7777777777776,117.99186991869908,0.48174512129258223,0.8786919595588584,single_maturity_ea_slope
2016-06-01,LT,PSPP,1575.111111111111,112.01434414747591,0.5423379536372687,0.8547720766319293,single_maturity_ea_slope
2016-07-01,LT,PSPP,1639.111111111111,84.2248473434914,0.5530235470400156,0.8392668899068061,single_maturity_ea_slope
2016-08-01,LT,PSPP,1681.7777777777776,63.975963482983616,0.5594774377904994,0.8286235100215226,single_maturity_ea_slope
2016-09-01,LT,PSPP,1746.6666666666665,86.82130643945983,0.4549892003304761,0.8100513236295478,single_maturity_ea_slope
2016-10-01,LT,PSPP,1857.7777777777776,133.19844882819083,-0.02363693512622622,0.7502777682555706,single_maturity_ea_slope
2016-11-01,LT,PSPP,1945.7777777777776,111.45679012345678,-0.08456553428693886,0.7024568116077242,single_maturity_ea_slope
2016-12-01,LT,PSPP,2012.4444444444443,91.34675009865276,-0.16939756055654004,0.6628825199166596,single_maturity_ea_slope
2017-01-01,LT,PSPP,2074.6666666666665,87.32756708804608,-0.16167371329908403,0.6281750216322695,single_maturity_ea_slope
2017-02-01,LT,PSPP,2132.4444444444443,83.62066101976421,-0.18707823393915074,0.5962060686745488,single_maturity_ea_slope
2017-03-01,LT,PSPP,2199.111111111111,92.87665246367297,-0.1546662861914092,0.5644939326232559,single_maturity_ea_slope
2017-04-01,LT,PSPP,2249.777777777778,77.73598118059004,-0.13054274213978245,0.5404785127880724,single_maturity_ea_slope
2017-05-01,LT,PSPP,2296.0,73.91520323868916,-0.14151577609679483,0.5185230482974146,single_maturity_ea_slope
2017-06-01,LT,PSPP,2329.777777777778,61.587855297157674,-0.10805203625071708,0.5019594875973197,single_maturity_ea_slope
2017-07-01,LT,PSPP,2382.222222222222,80.95371730026639,-0.13726986291571303,0.48023691627347714,single_maturity_ea_slope
2017-08-01,LT,PSPP,2385.777777777778,32.36811266999956,-0.11622553203394198,0.47214464384556437,single_maturity_ea_slope
2017-09-01,LT,PSPP,2411.555555555555,54.549820442728866,-0.12285194898802332,0.45868571389127166,single_maturity_ea_slope
2017-10-01,LT,PSPP,2464.8888888888887,82.54306632213624,-0.12966332629037625,0.43898335162123414,single_maturity_ea_slope
2017-11-01,LT,PSPP,2526.222222222222,91.36365605371468,-0.12880976237674552,0.41844847772112803,single_maturity_ea_slope
2017-12-01,LT,PSPP,2581.333333333333,85.93373461309014,-0.09631257223323814,0.40131185344842624,single_maturity_ea_slope
2018-01-01,LT,PSPP,2645.333333333333,95.4950382300309,-0.08158252977052133,0.38387963913899054,single_maturity_ea_slope
2018-02-01,LT,PSPP,2466.6666666666665,0.0,0.09952124195734963,0.38387963913899054,single_maturity_ea_slope
2018-03-01,LT,PSPP,2469.333333333333,27.52223565766477,0.10956171299946388,0.3808221974779482,single_maturity_ea_slope
2018-04-01,LT,PSPP,2506.6666666666665,62.675424192665716,0.09498334761558097,0.37367522759794786,single_maturity_ea_slope
2018-05-01,LT,PSPP,2484.4444444444443,3.159173754556548,0.10139921076970199,0.37332900643438655,single_maturity_ea_slope
2018-06-01,LT,PSPP,2538.6666666666665,79.16644355198567,0.10828901901948745,0.3650639303303816,single_maturity_ea_slope
2018-07-01,LT,PSPP,2576.0,63.291070211315756,0.10389058183717359,0.35864702787044056,single_maturity_ea_slope
2018-08-01,LT,PSPP,2612.4444444444443,63.17752871177519,0.09326536182880699,0.35222922332666223,single_maturity_ea_slope
2018-09-01,LT,PSPP,2757.333333333333,170.2622809289474,0.1558522027040949,0.3401031596951719,single_maturity_ea_slope
2018-10-01,LT,PSPP,2768.8888888888887,38.49316139116853,0.15047586665183493,0.33746695640634417,single_maturity_ea_slope
2018-11-01,LT,PSPP,2793.777777777778,51.87611002815706,0.15064943633227917,0.3339980454916549,single_maturity_ea_slope
2018-12-01,LT,PSPP,2812.4444444444443,46.18614832326401,0.1548862356902992,0.33105665952747176,single_maturity_ea_slope
2019-01-01,LT,PSPP,2832.0,47.25890902723064,0.15246403090930916,0.3280764007743645,single_maturity_ea_slope
2019-02-01,LT,PSPP,2841.777777777778,37.9400689472289,0.15476791231057319,0.32576259001376445,single_maturity_ea_slope
2019-03-01,LT,PSPP,2854.222222222222,40.2396105025212,0.17641839028133077,0.32365709437952295,single_maturity_ea_slope
2019-04-01,LT,PSPP,2817.777777777778,0.0,0.16475950485754326,0.32365709437952295,single_maturity_ea_slope
2019-05-01,LT,PSPP,2854.222222222222,64.90684624017948,0.1530936788939018,0.3197783727800163,single_maturity_ea_slope
2019-06-01,LT,PSPP,2855.111111111111,28.74039378957392,0.19584138276678187,0.31853078634311277,single_maturity_ea_slope
2019-07-01,LT,PSPP,2956.4444444444443,128.03657978966635,0.2292838326237796,0.31466571296676615,single_maturity_ea_slope
2019-08-01,LT,PSPP,2973.333333333333,44.50888556718133,0.24976027796507144,0.3136941203952935,single_maturity_ea_slope
2019-09-01,LT,PSPP,3088.8888888888887,142.54659888646827,0.26510757256922673,0.3114519396651436,single_maturity_ea_slope
2019-10-01,LT,PSPP,3160.8888888888887,99.01022113404065,0.28401542729470086,0.31059253104546913,single_maturity_ea_slope
2019-11-01,LT,PSPP,3228.4444444444443,95.51812534402778,0.2766516111099688,0.30958834060624085,single_maturity_ea_slope
2019-12-01,LT,PSPP,3293.333333333333,93.60148622475177,0.2714900090585459,0.308505528727026,single_maturity_ea_slope
2020-01-01,LT,PSPP,3358.222222222222,94.59066859066884,0.26648952695053674,0.30732206871855916,single_maturity_ea_slope
2020-02-01,LT,PSPP,3390.222222222222,62.651900531418605,0.26398343024488613,0.30652116308794247,single_maturity_ea_slope
2020-03-01,LT,PSPP,3412.4444444444443,52.76476476476471,0.2750344487054444,0.30603430121966724,single_maturity_ea_slope
2020-04-01,LT,PSPP,3470.222222222222,88.89050976578334,0.2673514684227718,0.3050434319017079,single_maturity_ea_slope
2020-05-01,LT,PSPP,3442.6666666666665,3.673946084313151,0.2697913756568012,0.3050058116013579,single_maturity_ea_slope
2020-06-01,LT,PSPP,3499.555555555555,88.2428658166361,0.1241416719246072,0.3004452410502774,single_maturity_ea_slope
2020-07-01,LT,PSPP,3629.333333333333,162.21711366538958,0.11014517265219517,0.29193956659421666,single_maturity_ea_slope
2020-08-01,LT,PSPP,3712.8888888888887,116.7912087912089,0.11600718952549019,0.28640550522091324,single_maturity_ea_slope
2020-09-01,LT,PSPP,3823.111111111111,142.96374681559863,0.13227641468550785,0.2806419080782139,single_maturity_ea_slope
2020-10-01,LT,PSPP,3882.6666666666665,92.70775041430619,0.14163876232447334,0.27732288276657036,single_maturity_ea_slope
2020-11-01,LT,PSPP,3977.7777777777774,127.9927732610657,0.15284005051375035,0.2733174043779984,single_maturity_ea_slope
2020-12-01,LT,PSPP,4080.0,135.47011404584163,0.15876879652877515,0.2695139943365458,single_maturity_ea_slope
2021-01-01,LT,PSPP,4171.555555555556,124.53324711714635,0.17141098973474975,0.26658533006435614,single_maturity_ea_slope
2021-02-01,LT,PSPP,4165.333333333333,27.892559880783224,0.1686106935931869,0.26592925690144714,single_maturity_ea_slope
2021-03-01,LT,PSPP,4263.111111111111,131.8751364330937,0.1693528312281836,0.26294176045109946,single_maturity_ea_slope
2021-04-01,LT,PSPP,4382.222222222222,153.535457938558,0.17738643016067246,0.2599442454577671,single_maturity_ea_slope
2021-05-01,LT,PSPP,4376.888888888889,29.183224812714712,0.19308485657997668,0.2594984556225683,single_maturity_ea_slope
2021-06-01,LT,PSPP,4481.777777777777,139.13684576595352,0.19529362498919484,0.25750521587258357,single_maturity_ea_slope
2021-07-01,LT,PSPP,4585.777777777777,139.13466429741123,0.19140354658731182,0.2554996599971827,single_maturity_ea_slope
2021-08-01,LT,PSPP,4565.333333333333,15.203703703703795,0.19261608849726522,0.25529024195054534,single_maturity_ea_slope
2021-09-01,LT,PSPP,4676.444444444444,146.07843137254923,0.20286652786310008,0.2536526786240496,single_maturity_ea_slope
2021-10-01,LT,PSPP,4753.777777777777,113.05319618426829,0.19966906540708235,0.2523688533589556,single_maturity_ea_slope
2021-11-01,LT,PSPP,4822.222222222222,105.09089663206211,0.1875468175764294,0.250956183940589,single_maturity_ea_slope
2021-12-01,LT,PSPP,4886.222222222222,101.48618021006081,0.1814967609317464,0.24951352104066948,single_maturity_ea_slope
2022-01-01,LT,PSPP,4976.888888888889,128.29930855069517,0.18464528438698136,0.24784128159643526,single_maturity_ea_slope
2022-02-01,LT,PSPP,5024.888888888889,86.76081689165801,0.17345998932661888,0.2465569981383361,single_maturity_ea_slope
2022-03-01,LT,PSPP,5016.0,30.17274737424011,0.17501139850767847,0.24612662985616018,single_maturity_ea_slope
2022-04-01,LT,PSPP,5145.777777777777,169.32366235677455,0.16832946062927331,0.24356668611522098,single_maturity_ea_slope
2022-05-01,LT,PSPP,5150.222222222222,44.89867225716272,0.17066289043521773,0.24293112448558565,single_maturity_ea_slope
2022-06-01,LT,PSPP,5231.11111111111,121.80263390177574,0.1702225295292393,0.24123815750689356,single_maturity_ea_slope
2022-07-01,LT,PSPP,5277.333333333333,88.259437837066,0.1728689986610555,0.2400947346559979,single_maturity_ea_slope
2022-08-01,LT,PSPP,5307.555555555556,73.08555338964736,0.16777813652848414,0.2390989281047365,single_maturity_ea_slope
2022-09-01,LT,PSPP,5261.333333333333,0.0,0.16500714011702552,0.2390989281047365,single_maturity_ea_slope
2022-10-01,LT,PSPP,5304.888888888889,86.4561861274191,0.16393031089545693,0.23787387097413423,single_maturity_ea_slope
2022-11-01,LT,PSPP,5329.777777777777,68.61530571125012,2.8804911517596588,0.2718948002059217,single_maturity_ea_slope
2022-12-01,LT,PSPP,5355.555555555556,70.23705186668201,2.879881725977942,0.30609803291873705,single_maturity_ea_slope
2023-01-01,LT,PSPP,5434.666666666666,124.69806681042566,2.8783354289767518,0.3651178496506895,single_maturity_ea_slope
2023-02-01,LT,PSPP,5473.777777777777,85.84887054236918,2.879113491802788,0.4045465029846608,single_maturity_ea_slope
2023-03-01,LT,PSPP,5489.777777777777,63.56497895184026,2.8766738658414543,0.433170744283162,single_maturity_ea_slope
2023-04-01,LT,PSPP,5474.666666666666,32.84292258715719,2.8711173188617916,0.4477961626868111,single_maturity_ea_slope
2023-05-01,LT,PSPP,5487.11111111111,60.773069679849236,2.8640780726696176,0.4745579442341524,single_maturity_ea_slope
2023-06-01,LT,PSPP,5441.777777777777,3.105147520402056,2.8734224969763633,0.47592676681785767,single_maturity_ea_slope
2023-07-01,LT,PSPP,5441.777777777777,48.448876226654,2.877428936800508,0.4973076622058798,single_maturity_ea_slope
2023-08-01,LT,PSPP,5352.888888888889,0.0,2.8675656812638692,0.4973076622058798,single_maturity_ea_slope
2023-09-01,LT,PSPP,5352.888888888889,47.70845712022183,2.8654333445571427,0.5184139517099017,single_maturity_ea_slope
2023-10-01,LT,PSPP,5352.888888888889,48.120180590515005,2.855217556136348,0.5394208161869464,single_maturity_ea_slope
2023-11-01,LT,PSPP,5352.888888888889,48.539072260508604,2.8543340250437725,0.5604120494917779,single_maturity_ea_slope
2023-12-01,LT,PSPP,5352.888888888889,49.019129019129025,2.8450383880357895,0.5813335361084814,single_maturity_ea_slope
2024-01-01,LT,PSPP,5150.222222222222,0.0,2.8505985431153484,0.5813335361084814,single_maturity_ea_slope
2024-02-01,LT,PSPP,5150.222222222222,46.09937542268369,2.8548524750981903,0.601683687728511,single_maturity_ea_slope
2024-03-01,LT,PSPP,5150.222222222222,46.498936639781704,2.8586731811482,0.622060985430025,single_maturity_ea_slope
2024-04-01,LT,PSPP,5008.888888888889,0.0,2.861008412306635,0.622060985430025,single_maturity_ea_slope
2024-05-01,LT,PSPP,5008.888888888889,44.73820015084752,2.8625115627464544,0.6420721552881568,single_maturity_ea_slope
2024-06-01,LT,PSPP,4809.777777777777,0.0,2.8702927948649664,0.6420721552881568,single_maturity_ea_slope
2024-07-01,LT,PSPP,4809.777777777777,41.882425790471764,2.8643819373386954,0.6614235118020069,single_maturity_ea_slope
2024-08-01,LT,PSPP,4714.666666666666,0.0,2.8645953996136364,0.6614235118020069,single_maturity_ea_slope
2024-09-01,LT,PSPP,4714.666666666666,40.88333911434847,2.8577910470507617,0.6804693627840459,single_maturity_ea_slope
2024-10-01,LT,PSPP,4714.666666666666,41.22653608487816,2.851705315377565,0.6994553364863327,single_maturity_ea_slope
2024-11-01,LT,PSPP,4638.222222222222,0.0,2.8588807698023806,0.6994553364863327,single_maturity_ea_slope
2024-12-01,LT,PSPP,4638.222222222222,40.55808169134507,2.854602194259438,0.718300622056227,single_maturity_ea_slope
2025-01-01,LT,PSPP,4638.222222222222,40.94475831763967,2.846576364749697,0.7370883669599476,single_maturity_ea_slope
2025-02-01,LT,PSPP,4638.222222222222,41.29471351693574,2.841590272576,0.7558250292250477,single_maturity_ea_slope
2025-03-01,LT,PSPP,4638.222222222222,41.6507024265645,2.821722331077714,0.7743765495362246,single_maturity_ea_slope
2025-04-01,LT,PSPP,4638.222222222222,42.012882447665056,2.8015995564386666,0.7927390767726598,single_maturity_ea_slope
2025-05-01,LT,PSPP,4382.222222222222,0.0,2.848148042717968,0.7927390767726598,single_maturity_ea_slope
2025-06-01,LT,PSPP,4382.222222222222,38.04012345679012,2.8425348397536507,0.8105324427707586,single_maturity_ea_slope
2025-07-01,LT,PSPP,4382.222222222222,38.359788359788354,2.832117711139478,0.8282283922487761,single_maturity_ea_slope
2025-08-01,LT,PSPP,4342.222222222222,0.0,2.8309233178331428,0.8282283922487761,single_maturity_ea_slope
2025-09-01,LT,PSPP,4338.666666666666,34.73564569860856,2.8238304713824998,0.8442053114504191,single_maturity_ea_slope
2025-10-01,LT,PSPP,4121.777777777777,0.0,2.8693674666917244,0.8442053114504191,single_maturity_ea_slope
2025-11-01,LT,PSPP,4026.6666666666665,0.0,2.8839599836851,0.8442053114504191,single_maturity_ea_slope
2025-12-01,LT,PSPP,4026.6666666666665,33.622801157871294,2.8781222597666667,0.8611885859019576,single_maturity_ea_slope
2026-01-01,LT,PSPP,3922.6666666666665,0.0,2.8911727815536667,0.8611885859019576,single_maturity_ea_slope
2026-02-01,LT,PSPP,3922.6666666666665,32.365236523652364,2.8868486987705997,0.8779019531698506,single_maturity_ea_slope
2026-03-01,LT,PSPP,3922.6666666666665,32.65623265623265,2.880564700123009,0.8945741372104197,single_maturity_ea_slope
2026-04-01,LT,PSPP,3922.6666666666665,32.91932415799485,2.8744874825082833,0.9111897241968065,single_maturity_ea_slope
2026-05-01,LT,PSPP,3922.6666666666665,33.220415537488705,2.868077780409333,0.9277622856484709,single_maturity_ea_slope
2026-06-01,LT,PSPP,3793.7777777777774,0.0,2.8864238524608,0.9277622856484709,single_maturity_ea_slope
2026-07-01,LT,PSPP,3793.7777777777774,31.48885937730559,2.8821351224170084,0.9439838397385151,single_maturity_ea_slope
2026-08-01,LT,PSPP,3793.7777777777774,31.773683230969663,2.8764952722351587,0.9601690276153714,single_maturity_ea_slope
2020-03-01,LU,PEPP,31.115000000000002,31.115000000000002,-0.5199542425543021,-0.5199542425543021,single_maturity_ea_slope
2020-04-01,LU,PEPP,120.904,90.209245813074,-0.43757731147903756,-0.45849092599988545,single_maturity_ea_slope
2020-05-01,LU,PEPP,407.162,287.9599144144144,-0.5409944429404052,-0.5168404421066938,single_maturity_ea_slope
2020-06-01,LU,PEPP,626.745,224.76317811704837,-0.5275720831788167,-0.5206890212796936,single_maturity_ea_slope
2020-07-01,LU,PEPP,717.423,98.63969969512195,-0.5969432326285286,-0.531173341559274,single_maturity_ea_slope
2020-08-01,LU,PEPP,816.102,108.30625442834136,-0.6334950611698296,-0.5447526272339644,single_maturity_ea_slope
2020-09-01,LU,PEPP,883.666,78.24037362637371,-0.6749522184100462,-0.5562805853760879,single_maturity_ea_slope
2020-10-01,LU,PEPP,1049.02,175.7110792311298,-0.6770614791853128,-0.5765114114820911,single_maturity_ea_slope
2020-11-01,LU,PEPP,1106.805,70.04563581112677,-0.6644315939096042,-0.582075557902432,single_maturity_ea_slope
2020-12-01,LU,PEPP,1127.252,33.661004297994154,-0.6727918013185121,-0.5847844462960889,single_maturity_ea_slope
2021-01-01,LU,PEPP,1157.478,43.939527980535395,-0.6667104625302891,-0.5878944755861977,single_maturity_ea_slope
2021-02-01,LU,PEPP,1179.703,36.643011958146396,-0.6307461206586544,-0.5892254998718156,single_maturity_ea_slope
2021-03-01,LU,PEPP,1219.708,54.94551418439727,-0.6287632944448381,-0.5910066019491421,single_maturity_ea_slope
2021-04-01,LU,PEPP,1357.503,152.6767471937529,-0.6049108615290436,-0.5925703974801995,single_maturity_ea_slope
2021-05-01,LU,PEPP,1535.303,193.86892755681836,-0.5495074055677868,-0.5871326590927624,single_maturity_ea_slope
2021-06-01,LU,PEPP,1626.8700000000001,109.79234425451094,-0.5556154497550643,-0.5850056616697684,single_maturity_ea_slope
2021-07-01,LU,PEPP,1642.872,35.50883453237405,-0.5960559347611312,-0.585244500921237,single_maturity_ea_slope
2021-08-01,LU,PEPP,1645.539,22.624142857142772,-0.6556160257489396,-0.5862120230709867,single_maturity_ea_slope
2021-09-01,LU,PEPP,1649.984,24.700280649926082,-0.5871169760800474,-0.5862255702285948,single_maturity_ea_slope
2021-10-01,LU,PEPP,1674.876,45.66219133937568,-0.4340777580574701,-0.5820775601602522,single_maturity_ea_slope
2021-11-01,LU,PEPP,1693.545,40.10878494623665,-0.42078620016273377,-0.5782576436703885,single_maturity_ea_slope
2021-12-01,LU,PEPP,1697.101,25.572965678627185,-0.3994261449661334,-0.5755629002351884,single_maturity_ea_slope
2022-01-01,LU,PEPP,1702.435,27.71138660337536,-0.248061928479779,-0.5702320029960601,single_maturity_ea_slope
2022-02-01,LU,PEPP,1705.102,25.402510149572795,0.22447864696103015,-0.5583924500827983,single_maturity_ea_slope
2022-03-01,LU,PEPP,1630.426,0.0,0.37197051101664347,-0.5583924500827983,single_maturity_ea_slope
2022-04-01,LU,PEPP,1633.982,24.85205538140025,1.256378232988949,-0.5307906885454982,single_maturity_ea_slope
2022-05-01,LU,PEPP,1648.2060000000001,35.701155625657364,1.4961989797105093,-0.4868848457091007,single_maturity_ea_slope
2022-06-01,LU,PEPP,1658.874,32.57398086124391,1.9900266711109371,-0.43824771694351,single_maturity_ea_slope
2022-07-01,LU,PEPP,1658.874,22.3327140549273,1.5761520753462182,-0.41112871058527456,single_maturity_ea_slope
2022-08-01,LU,PEPP,1659.763,23.51412274959073,1.6121949765266996,-0.3824639665580215,single_maturity_ea_slope
2022-09-01,LU,PEPP,1671.32,34.08364223669926,2.4207901241939327,-0.3252965123734529,single_maturity_ea_slope
2022-10-01,LU,PEPP,1678.432,29.832500271886975,2.782798082557384,-0.2700531466319009,single_maturity_ea_slope
2022-11-01,LU,PEPP,1688.211,32.97457766721946,2.592177273134606,-0.21414731538327805,single_maturity_ea_slope
2022-12-01,LU,PEPP,1697.99,33.5031568296796,2.6268490253580365,-0.1580914222647072,single_maturity_ea_slope
2023-01-01,LU,PEPP,1708.6580000000001,34.85589173789187,2.676501924538316,-0.1002669314554787,single_maturity_ea_slope
2023-02-01,LU,PEPP,1715.77,31.493535388127707,2.88891225996414,-0.04539954209301828,single_maturity_ea_slope
2023-03-01,LU,PEPP,1726.438,35.31986781609207,2.9762079444111973,0.016417202565893935,single_maturity_ea_slope
2023-04-01,LU,PEPP,1731.772,30.3114016203702,2.8984356462660124,0.06686149807610461,single_maturity_ea_slope
2023-05-01,LU,PEPP,1739.773,33.14286991869916,2.849674073058939,0.11987438836741064,single_maturity_ea_slope
2023-06-01,LU,PEPP,1745.996,31.70297949619233,2.9315332817939317,0.17092717671777788,single_maturity_ea_slope
2023-07-01,LU,PEPP,1641.983,0.0,3.044454771371333,0.17092717671777788,single_maturity_ea_slope
2023-08-01,LU,PEPP,1650.873,31.43232564524996,3.016838199693978,0.22511281185239718,single_maturity_ea_slope
2023-09-01,LU,PEPP,1654.429,26.40861627906981,3.0922032280254284,0.27087838452920115,single_maturity_ea_slope
2023-10-01,LU,PEPP,1666.875,35.424180555555466,3.2009063094295453,0.333146903910972,single_maturity_ea_slope
2023-11-01,LU,PEPP,1674.876,31.229469899665528,2.9260699607574545,0.38149413233620233,single_maturity_ea_slope
2023-12-01,LU,PEPP,1679.321,28.02152027027021,2.41172388840779,0.4153709934384369,single_maturity_ea_slope
2024-01-01,LU,PEPP,1679.321,23.962913812785388,2.4441204130463636,0.44432004337576464,single_maturity_ea_slope
2024-02-01,LU,PEPP,1679.321,24.295732060185184,2.697533652131524,0.4769186198913283,single_maturity_ea_slope
2024-03-01,LU,PEPP,1679.321,24.681378600823045,2.71959506360585,0.5098797669182907,single_maturity_ea_slope
2024-04-01,LU,PEPP,1679.321,25.034600477042336,2.810186320155762,0.5441717548914193,single_maturity_ea_slope
2024-05-01,LU,PEPP,1679.321,25.398079249848756,2.8810229870799544,0.5795143325107257,single_maturity_ea_slope
2024-06-01,LU,PEPP,1679.321,25.772268262737875,2.8666035701805748,0.6146139217935656,single_maturity_ea_slope
2024-07-01,LU,PEPP,1679.321,26.206632334581773,2.7995434749216948,0.6487108249322692,single_maturity_ea_slope
2024-08-01,LU,PEPP,1679.321,26.605212294043092,2.4489770588068636,0.6772321530988502,single_maturity_ea_slope
2024-09-01,LU,PEPP,1679.321,27.068359123146355,2.325137803291405,0.7037941397234885,single_maturity_ea_slope
2024-10-01,LU,PEPP,1679.321,27.493795022920757,2.351451328074544,0.730769535734475,single_maturity_ea_slope
2024-11-01,LU,PEPP,1679.321,27.93281769793746,2.4310954354558327,0.7590517363286426,single_maturity_ea_slope
2024-12-01,LU,PEPP,1679.321,28.443783875338752,2.352425812228491,0.7860397796196291,single_maturity_ea_slope
2025-01-01,LU,PEPP,1679.321,28.913929063360882,2.5705948692186062,0.8167655903909614,single_maturity_ea_slope
2025-02-01,LU,PEPP,1679.321,29.39987745098039,2.4188521640734,0.8448133245240574,single_maturity_ea_slope
2025-03-01,LU,PEPP,1679.321,29.902439458689457,2.5599009509899044,0.8753526341121244,single_maturity_ea_slope
2025-04-01,LU,PEPP,1453.515,0.0,2.364740460183075,0.8753526341121244,single_maturity_ea_slope
2025-05-01,LU,PEPP,1453.515,23.07166666666667,2.363659597455953,0.898976554165201,single_maturity_ea_slope
2025-06-01,LU,PEPP,1453.515,23.474079457364343,2.385291100438477,0.9229803420572114,single_maturity_ea_slope
2025-07-01,LU,PEPP,1453.515,23.84375,2.381927516274608,0.9469132025266569,single_maturity_ea_slope
2025-08-01,LU,PEPP,1453.515,24.27379759519038,2.3415249354973335,0.9702033116277037,single_maturity_ea_slope
2025-09-01,LU,PEPP,1453.515,24.66929735234216,2.379525166072727,0.9941225555931656,single_maturity_ea_slope
2025-10-01,LU,PEPP,1453.515,25.07789855072464,2.373003541320637,1.017912772738222,single_maturity_ea_slope
2025-11-01,LU,PEPP,1453.515,25.5540611814346,2.4257633825992,1.0426640141211505,single_maturity_ea_slope
2025-12-01,LU,PEPP,1453.515,25.992757510729614,2.564486654331079,1.0698782959560917,single_maturity_ea_slope
2026-01-01,LU,PEPP,1453.515,26.50464989059081,2.492805576809048,1.095825182915482,single_maturity_ea_slope
2026-02-01,LU,PEPP,1453.515,26.916944444444447,2.3662925859675,1.1193523570460748,single_maturity_ea_slope
2026-03-01,LU,PEPP,1453.515,27.466269841269842,2.676270634930334,1.1487725814958907,single_maturity_ea_slope
2026-04-01,LU,PEPP,1453.515,27.973729792147807,2.813236716956017,1.180806148383114,single_maturity_ea_slope
2026-05-01,LU,PEPP,1453.515,28.500294117647062,2.8620572989662496,1.2137718572180773,single_maturity_ea_slope
2026-06-01,LU,PEPP,1453.515,29.11688701923077,2.807102769956,1.2456895437713211,single_maturity_ea_slope
2026-07-01,LU,PEPP,1453.515,29.687806372549023,2.9199813233898553,1.2798866797929418,single_maturity_ea_slope
2026-08-01,LU,PEPP,1453.515,30.357456140350877,3.0087005346422857,1.3159939031607226,single_maturity_ea_slope
2015-03-01,LU,PSPP,162.66666666666666,162.66666666666666,-0.09227840989206651,-0.09227840989206651,single_maturity_ea_slope
2015-04-01,LU,PSPP,344.88888888888886,184.195374413715,-0.13806281864023778,-0.11673056414629325,single_maturity_ea_slope
2015-05-01,LU,PSPP,419.55555555555554,78.95632946379217,0.07821347650307814,-0.08004396639612588,single_maturity_ea_slope
2015-06-01,LU,PSPP,651.5555555555555,237.46296296296296,0.1613705850736406,0.00794087880330613,single_maturity_ea_slope
2015-07-01,LU,PSPP,722.6666666666666,79.74327268444912,0.03014632383229865,0.010391157665888918,single_maturity_ea_slope
2015-08-01,LU,PSPP,799.1111111111111,86.08000000000001,-0.04743685240773432,0.004161942431706854,single_maturity_ea_slope
2015-09-01,LU,PSPP,921.7777777777777,133.2537243125478,-0.07074545564710466,-0.0066667952675552,single_maturity_ea_slope
2015-10-01,LU,PSPP,927.1111111111111,17.70286873024397,-0.17374704885636155,-0.009857135412603933,single_maturity_ea_slope
2015-11-01,LU,PSPP,953.7777777777777,39.290728637133824,-0.29491499402451904,-0.021600049988259682,single_maturity_ea_slope
2015-12-01,LU,PSPP,991.1111111111111,50.44908935337982,-0.2909930900364639,-0.03531257262695188,single_maturity_ea_slope
2016-01-01,LU,PSPP,1141.3333333333333,163.8289096345109,0.16832097428146342,-0.006082670213096414,single_maturity_ea_slope
2016-02-01,LU,PSPP,1239.111111111111,113.39536580915896,-0.04253347182621087,-0.009418409797619886,single_maturity_ea_slope
2016-03-01,LU,PSPP,1367.111111111111,144.76286676286676,-0.04541042508533372,-0.01322959037487943,single_maturity_ea_slope
2016-04-01,LU,PSPP,1398.2222222222222,49.84892787524363,-0.10789931047024126,-0.016604722005603267,single_maturity_ea_slope
2016-05-01,LU,PSPP,1412.4444444444443,33.641975308641925,-0.11250098520740681,-0.01888880456298487,single_maturity_ea_slope
2016-06-01,LU,PSPP,1435.5555555555554,42.86005468555801,-0.21135542357844864,-0.02463510242253016,single_maturity_ea_slope
2016-07-01,LU,PSPP,1440.888888888889,25.643966547192505,-0.3637791747983452,-0.03067095939509002,single_maturity_ea_slope
2016-08-01,LU,PSPP,1440.888888888889,20.666794160770063,-0.4018745088814614,-0.03599516406356924,single_maturity_ea_slope
2016-09-01,LU,PSPP,1449.7777777777776,29.844224678430407,-0.42312202313810277,-0.04396431708713446,single_maturity_ea_slope
2016-10-01,LU,PSPP,1452.4444444444443,24.04981973123573,-0.3589917838035406,-0.04918059493782731,single_maturity_ea_slope
2016-11-01,LU,PSPP,1519.111111111111,88.59366612989808,-0.2662264751173702,-0.06183858295651269,single_maturity_ea_slope
2016-12-01,LU,PSPP,1549.3333333333333,53.49291938997816,-0.2880356779147011,-0.0696483568163528,single_maturity_ea_slope
2017-01-01,LU,PSPP,1558.2222222222222,32.88723667905826,-0.26235546644680013,-0.07371555867868763,single_maturity_ea_slope
2017-02-01,LU,PSPP,1624.0,89.56016822683495,-0.16801712314240058,-0.0789160906844905,single_maturity_ea_slope
2017-03-01,LU,PSPP,1683.5555555555554,83.98395507420766,-0.08706456675149554,-0.07932257637822146,single_maturity_ea_slope
2017-04-01,LU,PSPP,1727.111111111111,68.78870237143629,-0.14864774459142593,-0.08208371220346662,single_maturity_ea_slope
2017-05-01,LU,PSPP,1799.111111111111,97.6552452630884,-0.07523599784537116,-0.08171202019345042,single_maturity_ea_slope
2017-06-01,LU,PSPP,1848.8888888888887,76.31333988856095,-0.09197566907675514,-0.08213565480472183,single_maturity_ea_slope
2017-07-01,LU,PSPP,1903.111111111111,81.30026687495949,0.05098066985915206,-0.07644897016639392,single_maturity_ea_slope
2017-08-01,LU,PSPP,1944.8888888888887,69.60103963612718,-0.05653626972685144,-0.07573636151277222,single_maturity_ea_slope
2017-09-01,LU,PSPP,1993.7777777777776,77.3729089370566,-0.08725024755529331,-0.07618318305236857,single_maturity_ea_slope
2017-10-01,LU,PSPP,2028.4444444444443,64.02146315927241,-0.08078997477583683,-0.07632858193051593,single_maturity_ea_slope
2017-11-01,LU,PSPP,2055.111111111111,56.69100717058073,-0.14237916661530092,-0.07815061196565194,single_maturity_ea_slope
2017-12-01,LU,PSPP,2120.0,95.14670854600209,-0.10510025647736698,-0.07936012610328143,single_maturity_ea_slope
2018-01-01,LU,PSPP,2144.0,55.43534994068802,0.03906601399644194,-0.07629809507783687,single_maturity_ea_slope
2018-02-01,LU,PSPP,2166.222222222222,54.29882306004384,0.17006207358625014,-0.07012279733132455,single_maturity_ea_slope
2018-03-01,LU,PSPP,2190.222222222222,56.821548821548824,0.08778056338741158,-0.06602626619894343,single_maturity_ea_slope
2018-04-01,LU,PSPP,2225.777777777778,68.92274358453528,0.03668955401671126,-0.06284560000239844,single_maturity_ea_slope
2018-05-01,LU,PSPP,2235.5555555555557,44.18992647564082,-0.004062793972503309,-0.06168364816897715,single_maturity_ea_slope
2018-06-01,LU,PSPP,2240.0,39.52849271116681,-0.08349667244114933,-0.06206857494172316,single_maturity_ea_slope
2018-07-01,LU,PSPP,2245.333333333333,41.02485659655801,-0.11899023373651041,-0.06310859998149203,single_maturity_ea_slope
2018-08-01,LU,PSPP,2286.222222222222,76.80272979313312,-0.11642158044808953,-0.06489958180007602,single_maturity_ea_slope
2018-09-01,LU,PSPP,2305.777777777778,56.62141518950868,-0.07928505168096533,-0.06525283599077562,single_maturity_ea_slope
2018-10-01,LU,PSPP,2309.333333333333,41.60469380271326,-0.05149241342825661,-0.06500492974049724,single_maturity_ea_slope
2018-11-01,LU,PSPP,2316.4444444444443,45.75457385095959,-0.12319906491252075,-0.06615438439796029,single_maturity_ea_slope
2018-12-01,LU,PSPP,2322.6666666666665,45.53730104850263,-0.14726198350776692,-0.06774454850157015,single_maturity_ea_slope
2019-01-01,LU,PSPP,2324.4444444444443,41.85139176443529,-0.20968255075784092,-0.07030012815970574,single_maturity_ea_slope
2019-02-01,LU,PSPP,2326.222222222222,42.5575048732944,-0.26371979611015073,-0.07383868023042262,single_maturity_ea_slope
2019-03-01,LU,PSPP,2328.0,43.287810294234326,-0.32058642044354835,-0.07842681140262055,single_maturity_ea_slope
2019-04-01,LU,PSPP,2334.222222222222,48.48801742919385,-0.37694881234967215,-0.08462790907323489,single_maturity_ea_slope
2019-05-01,LU,PSPP,2336.0,44.90826968875754,-0.4627164967484488,-0.09189644685643693,single_maturity_ea_slope
2019-06-01,LU,PSPP,2336.8888888888887,44.831703034863104,-0.5746740189935037,-0.10115822256552169,single_maturity_ea_slope
2019-07-01,LU,PSPP,2352.0,59.98224953063683,-0.6674199433594965,-0.11559940106735503,single_maturity_ea_slope
2019-08-01,LU,PSPP,2354.6666666666665,48.784313725490044,-0.8170443597997205,-0.13013203594616157,single_maturity_ea_slope
2019-09-01,LU,PSPP,2376.0,68.38902211564097,-0.7653996273956626,-0.14841710722603946,single_maturity_ea_slope
2019-10-01,LU,PSPP,2379.555555555555,51.96631350176547,-0.6805013547667846,-0.16003711616111044,single_maturity_ea_slope
2019-11-01,LU,PSPP,2407.111111111111,76.63879721305473,-0.5889359562489505,-0.17369261011761236,single_maturity_ea_slope
2019-12-01,LU,PSPP,2417.777777777778,61.19376807538046,-0.5772315901225561,-0.18390615041017594,single_maturity_ea_slope
2020-01-01,LU,PSPP,2488.8888888888887,121.73459892052833,-0.5710336970091809,-0.20284103208637513,single_maturity_ea_slope
2020-02-01,LU,PSPP,2506.6666666666665,70.82315051624519,-0.6896559032462843,-0.21659545877269354,single_maturity_ea_slope
2020-03-01,LU,PSPP,2548.4444444444443,95.7542348550101,-0.6355682041807325,-0.2323377735597029,single_maturity_ea_slope
2020-04-01,LU,PSPP,2632.0,138.2901870943109,-0.519791096996049,-0.24744110710031603,single_maturity_ea_slope
2020-05-01,LU,PSPP,2092.4444444444443,0.0,-0.5871314713741014,-0.24744110710031603,single_maturity_ea_slope
2020-06-01,LU,PSPP,2129.777777777778,72.13779847711999,-0.6053220993167414,-0.2595629102126753,single_maturity_ea_slope
2020-07-01,LU,PSPP,2189.333333333333,95.33811230585388,-0.6640102070440558,-0.2771752313791381,single_maturity_ea_slope
2020-08-01,LU,PSPP,2242.6666666666665,90.49106132609202,-0.6840974888914348,-0.29359444672968665,single_maturity_ea_slope
2020-09-01,LU,PSPP,2353.777777777778,148.79032258064535,-0.7330609993624028,-0.3213746266374771,single_maturity_ea_slope
2020-10-01,LU,PSPP,2466.6666666666665,150.53728584630676,-0.750656751757136,-0.34757312635822635,single_maturity_ea_slope
2020-11-01,LU,PSPP,2583.111111111111,155.15547185603674,-0.7326169991067432,-0.3707009211730124,single_maturity_ea_slope
2020-12-01,LU,PSPP,2656.8888888888887,113.5669199698775,-0.725500955706118,-0.385866608867232,single_maturity_ea_slope
2021-01-01,LU,PSPP,2749.333333333333,132.481950304735,-0.7126956725703711,-0.4016155001532392,single_maturity_ea_slope
2021-02-01,LU,PSPP,2814.222222222222,105.94822779769041,-0.6884737293945338,-0.41241497461453464,single_maturity_ea_slope
2021-03-01,LU,PSPP,2872.8888888888887,100.9222555889221,-0.6945774366982285,-0.42232711295937103,single_maturity_ea_slope
2021-04-01,LU,PSPP,2936.8888888888887,107.05888622435384,-0.6954447610955357,-0.4322831148116355,single_maturity_ea_slope
2021-05-01,LU,PSPP,2985.777777777778,92.6707745312399,-0.6686339034598849,-0.43961882840965294,single_maturity_ea_slope
2021-06-01,LU,PSPP,3048.8888888888887,107.62181143576467,-0.6640868995627276,-0.44754225930771685,single_maturity_ea_slope
2021-07-01,LU,PSPP,3125.333333333333,121.73394071433276,-0.6776161561039175,-0.4565038000860352,single_maturity_ea_slope
2021-08-01,LU,PSPP,3191.111111111111,112.12020561486759,-0.723304626685876,-0.4658778903307886,single_maturity_ea_slope
2021-09-01,LU,PSPP,3308.4444444444443,164.15127803860213,-0.6608669142053302,-0.47555243618155935,single_maturity_ea_slope
2021-10-01,LU,PSPP,3360.0,100.52601802513001,-0.5123009537007479,-0.4766518951501697,single_maturity_ea_slope
2021-11-01,LU,PSPP,3392.8888888888887,82.97833432717134,-0.48811882709300514,-0.4769323366687751,single_maturity_ea_slope
2021-12-01,LU,PSPP,3441.7777777777774,100.57823820163836,-0.45603598682183677,-0.47632168769950695,single_maturity_ea_slope
2022-01-01,LU,PSPP,3468.4444444444443,79.8790627362059,-0.31708510244819504,-0.4726544330016373,single_maturity_ea_slope
2022-02-01,LU,PSPP,3508.4444444444443,93.92482034273078,0.16105100263213123,-0.4556894588843006,single_maturity_ea_slope
2022-03-01,LU,PSPP,3232.8888888888887,0.0,0.31933939203757333,-0.4556894588843006,single_maturity_ea_slope
2022-04-01,LU,PSPP,3273.7777777777774,87.74235104669867,1.2170587260988155,-0.4108571982905031,single_maturity_ea_slope
2022-05-01,LU,PSPP,3307.555555555555,81.55620419017973,1.4494342992246163,-0.3649869745931978,single_maturity_ea_slope
2022-06-01,LU,PSPP,3360.0,100.88550413330765,1.9520026991987087,-0.29541832241695837,single_maturity_ea_slope
2022-07-01,LU,PSPP,3411.555555555555,100.67836257309907,1.5276997312383407,-0.24161631408660278,single_maturity_ea_slope
2022-08-01,LU,PSPP,3437.333333333333,75.65432098765436,1.5812285291414407,-0.20149623392360871,single_maturity_ea_slope
2022-09-01,LU,PSPP,3470.222222222222,82.44675124951966,2.402974593448363,-0.13961830660647534,single_maturity_ea_slope
2022-10-01,LU,PSPP,3480.8888888888887,61.13528537263251,2.753135953754367,-0.08881250301286811,single_maturity_ea_slope
2022-11-01,LU,PSPP,3506.6666666666665,77.02761418662483,2.578257875398761,-0.03022750259931304,single_maturity_ea_slope
2022-12-01,LU,PSPP,3511.111111111111,56.814018319394556,2.622377933013566,0.012694857030981941,single_maturity_ea_slope
2023-01-01,LU,PSPP,3554.6666666666665,95.80423280423291,2.676563122491516,0.08449057781042374,single_maturity_ea_slope
2023-02-01,LU,PSPP,3592.8888888888887,91.21367521367516,2.890742296936136,0.15573367515967387,single_maturity_ea_slope
2023-03-01,LU,PSPP,3622.222222222222,82.70363768402999,2.977402650386814,0.22015884685670095,single_maturity_ea_slope
2023-04-01,LU,PSPP,3640.0,71.67989417989423,2.8979667656761077,0.27289098648721133,single_maturity_ea_slope
2023-05-01,LU,PSPP,3666.6666666666665,80.64056939501765,2.8480521789950193,0.3295262041729701,single_maturity_ea_slope
2023-06-01,LU,PSPP,3677.333333333333,65.62270183852903,2.933594417418,0.37599628899665655,single_maturity_ea_slope
2023-07-01,LU,PSPP,3171.555555555555,0.0,3.0357675385012852,0.37599628899665655,single_maturity_ea_slope
2023-08-01,LU,PSPP,3171.555555555555,41.68711298048837,3.0173369789636086,0.4107142265619424,single_maturity_ea_slope
2023-09-01,LU,PSPP,3171.555555555555,42.21985563838598,3.092586751587714,0.4464154050101023,single_maturity_ea_slope
2023-10-01,LU,PSPP,3171.555555555555,42.83570442403506,3.203498474675204,0.48365315581595186,single_maturity_ea_slope
2023-11-01,LU,PSPP,3171.555555555555,43.398406616797416,2.9269187803664543,0.5170859092991279,single_maturity_ea_slope
2023-12-01,LU,PSPP,3171.555555555555,43.976089233992724,2.4121186721615264,0.5433620152733708,single_maturity_ea_slope
2024-01-01,LU,PSPP,3171.555555555555,44.64464464464464,2.44579505153,0.5701417595900463,single_maturity_ea_slope
2024-02-01,LU,PSPP,3171.555555555555,45.25621511922881,2.6980581220075237,0.6005058629350446,single_maturity_ea_slope
2024-03-01,LU,PSPP,3171.555555555555,45.88477366255143,2.7185335666837998,0.631148624852706,single_maturity_ea_slope
2024-04-01,LU,PSPP,3171.555555555555,46.61310340322686,2.8099356154582384,0.6631707734506709,single_maturity_ea_slope
2024-05-01,LU,PSPP,3171.555555555555,47.28019611740542,2.8800388570104998,0.6962188963421412,single_maturity_ea_slope
2024-06-01,LU,PSPP,3171.555555555555,47.96665994488135,2.8657752705527746,0.729031303695599,single_maturity_ea_slope
2024-07-01,LU,PSPP,3171.555555555555,48.76315429820965,2.7991817061124777,0.7608601844215658,single_maturity_ea_slope
2024-08-01,LU,PSPP,3171.555555555555,49.4936884449993,2.451642665120864,0.7872456788145011,single_maturity_ea_slope
2024-09-01,LU,PSPP,3171.555555555555,50.24644416279397,2.3298602998700484,0.8116850739516297,single_maturity_ea_slope
2024-10-01,LU,PSPP,3171.555555555555,51.121140482842605,2.356475173184283,0.8365849788393256,single_maturity_ea_slope
2024-11-01,LU,PSPP,3171.555555555555,51.9246161682311,2.4362592122453566,0.8627747992945651,single_maturity_ea_slope
2024-12-01,LU,PSPP,3171.555555555555,52.859259259259254,2.353291430515789,0.8876167431482523,single_maturity_ea_slope
2025-01-01,LU,PSPP,3171.555555555555,53.718759409816315,2.5733195580752124,0.9161686200948471,single_maturity_ea_slope
2025-02-01,LU,PSPP,3171.555555555555,54.60667278849097,2.422718703427267,0.9421078432927193,single_maturity_ea_slope
2025-03-01,LU,PSPP,3171.555555555555,55.52443199502023,2.5673140988531427,0.9705603337612141,single_maturity_ea_slope
2025-04-01,LU,PSPP,3026.6666666666665,0.0,2.314703742451067,0.9705603337612141,single_maturity_ea_slope
2025-05-01,LU,PSPP,3026.6666666666665,52.21992178513917,2.3140326447877624,0.9937396351936942,single_maturity_ea_slope
2025-06-01,LU,PSPP,3026.6666666666665,53.09941520467836,2.3426744938821433,1.017405159030334,single_maturity_ea_slope
2025-07-01,LU,PSPP,3026.6666666666665,54.00904116107542,2.335681643634391,1.0409290077920053,single_maturity_ea_slope
2025-08-01,LU,PSPP,3026.6666666666665,55.07035419699175,2.2986997540070475,1.0638142105979558,single_maturity_ea_slope
2025-09-01,LU,PSPP,3026.6666666666665,56.04938271604938,2.3400738197499997,1.0874486478044751,single_maturity_ea_slope
2025-10-01,LU,PSPP,3026.6666666666665,57.19324766943814,2.335751936338376,1.1110371453202328,single_maturity_ea_slope
2025-11-01,LU,PSPP,3026.6666666666665,58.24993584808827,2.3877204316139,1.1356076473659156,single_maturity_ea_slope
2025-12-01,LU,PSPP,3026.6666666666665,59.346405228758165,2.5195844991392855,1.1627444483810798,single_maturity_ea_slope
2026-01-01,LU,PSPP,3026.6666666666665,60.630341880341874,2.4477485975819047,1.1884857173955197,single_maturity_ea_slope
2026-02-01,LU,PSPP,3026.6666666666665,61.66802499320837,2.32524665434195,1.2116471056788618,single_maturity_ea_slope
2026-03-01,LU,PSPP,3026.6666666666665,63.05555555555555,2.6493934498166674,1.2416001545150661,single_maturity_ea_slope
2026-04-01,LU,PSPP,3026.6666666666665,64.3424036281179,2.7937338455544007,1.274596193865392,single_maturity_ea_slope
2026-05-01,LU,PSPP,3026.6666666666665,65.85436611546271,2.8432973615217496,1.3087280730572188,single_maturity_ea_slope
2026-06-01,LU,PSPP,3026.6666666666665,67.25925925925925,2.790550950291288,1.341657470329087,single_maturity_ea_slope
2026-07-01,LU,PSPP,3026.6666666666665,68.72540115046927,2.9011931123547106,1.37706926964847,single_maturity_ea_slope
2026-08-01,LU,PSPP,3026.6666666666665,70.45313469894475,2.989499899004571,1.4146025710766847,single_maturity_ea_slope
2020-03-01,LV,PEPP,24.892,24.892,-0.13645800549742831,-0.13645800549742831,single_maturity_ea_slope
2020-04-01,LV,PEPP,185.80100000000002,161.25939414414415,0.09683131378704274,0.06601719263451718,single_maturity_ea_slope
2020-05-01,LV,PEPP,352.044,167.66610814950977,0.2934319108268634,0.17432678102468488,single_maturity_ea_slope
2020-06-01,LV,PEPP,547.624,198.42548981571295,0.022769154654333205,0.11941155406632689,single_maturity_ea_slope
2020-07-01,LV,PEPP,699.643,156.6379608636977,-0.17592334582350158,0.05329118054636453,single_maturity_ea_slope
2020-08-01,LV,PEPP,728.98,35.238172402159236,-0.19586570806326792,0.04124718291129661,single_maturity_ea_slope
2020-09-01,LV,PEPP,744.093,21.36282853223588,-0.21411382525101413,0.03391579633570682,single_maturity_ea_slope
2020-10-01,LV,PEPP,778.764,41.28868943436504,-0.2596604608604661,0.01835090259552872,single_maturity_ea_slope
2020-11-01,LV,PEPP,807.212,35.60312679162071,-0.2916172063888264,0.0046793592023074825,single_maturity_ea_slope
2020-12-01,LV,PEPP,804.545,4.757687270051479,-0.3285777087650474,0.002708639217815671,single_maturity_ea_slope
2021-01-01,LV,PEPP,789.432,0.0,-0.3030701032829622,0.002708639217815671,single_maturity_ea_slope
2021-02-01,LV,PEPP,862.33,79.71520207253889,-0.26967279949791123,-0.022470748520095608,single_maturity_ea_slope
2021-03-01,LV,PEPP,982.345,127.46171848013816,-0.22344142030295006,-0.04854719537893892,single_maturity_ea_slope
2021-04-01,LV,PEPP,1145.921,172.1300316962731,-0.2410735415807612,-0.07746678588656318,single_maturity_ea_slope
2021-05-01,LV,PEPP,1193.927,57.72048796202088,-0.07352576315760939,-0.0772762568550691,single_maturity_ea_slope
2021-06-01,LV,PEPP,1209.929,26.259104810996746,0.11768971982331564,-0.07304490772947905,single_maturity_ea_slope
2021-07-01,LV,PEPP,1246.378,47.05125201542221,0.05863793498973616,-0.0680738294379102,single_maturity_ea_slope
2021-08-01,LV,PEPP,1266.825,31.508217607383855,-0.03578133208507622,-0.0672706569131503,single_maturity_ea_slope
2021-09-01,LV,PEPP,1361.948,106.53583783783789,-0.029888765632668974,-0.06434652830653019,single_maturity_ea_slope
2021-10-01,LV,PEPP,1415.288,65.22436300174512,0.13924209604053794,-0.054964029241012013,single_maturity_ea_slope
2021-11-01,LV,PEPP,1444.625,41.72572549019607,0.23217211879062924,-0.04667055232410932,single_maturity_ea_slope
2021-12-01,LV,PEPP,1445.5140000000001,13.641692443502949,0.2727663719996283,-0.04365594279647904,single_maturity_ea_slope
2022-01-01,LV,PEPP,1519.301,86.78155231930941,0.3414089463487454,-0.021661269704257434,single_maturity_ea_slope
2022-02-01,LV,PEPP,1588.643,83.3473558259588,0.7516822614602435,0.01891180962676352,single_maturity_ea_slope
2022-03-01,LV,PEPP,1676.654,103.1582444698703,1.1438186556644765,0.08812311704581906,single_maturity_ea_slope
2022-04-01,LV,PEPP,1680.21,19.69008391070058,1.5480462172558698,0.10523169772698751,single_maturity_ea_slope
2022-05-01,LV,PEPP,1680.21,16.319055944055943,1.9361301935451856,0.12301431715024119,single_maturity_ea_slope
2022-06-01,LV,PEPP,1680.21,16.492049469964666,2.4900451625274758,0.14624783545979395,single_maturity_ea_slope
2022-07-01,LV,PEPP,1680.21,16.648929845422117,2.3657207863120915,0.16824023489352657,single_maturity_ea_slope
2022-08-01,LV,PEPP,1680.21,16.829026442307693,2.1983923024081546,0.18857429005693432,single_maturity_ea_slope
2022-09-01,LV,PEPP,1680.21,16.99241504854369,2.9091650092831207,0.21608835477402766,single_maturity_ea_slope
2022-10-01,LV,PEPP,1680.21,17.159007352941178,3.720032103791754,0.25187209404095706,single_maturity_ea_slope
2022-11-01,LV,PEPP,1680.21,17.328898514851485,3.6937079470072636,0.2873695760228703,single_maturity_ea_slope
2022-12-01,LV,PEPP,1680.21,17.524092615769714,3.476226921566316,0.3206284135859016,single_maturity_ea_slope
2023-01-01,LV,PEPP,1697.99,35.571296060991074,3.683116493907055,0.3910693814400452,single_maturity_ea_slope
2023-02-01,LV,PEPP,1714.881,35.10196096096104,3.6736228603877974,0.4582600868419307,single_maturity_ea_slope
2023-03-01,LV,PEPP,1737.106,40.905620915032586,3.8909355725058985,0.5390932208826258,single_maturity_ea_slope
2023-04-01,LV,PEPP,1596.644,0.0,3.8477520054330263,0.5390932208826258,single_maturity_ea_slope
2023-05-01,LV,PEPP,1600.2,19.66419209039552,3.7805282972234555,0.5789258680453004,single_maturity_ea_slope
2023-06-01,LV,PEPP,1609.09,25.251963190183922,3.7682707489397727,0.6289772756938152,single_maturity_ea_slope
2023-07-01,LV,PEPP,1620.647,28.234964344941975,3.8021261189515556,0.6842599772633589,single_maturity_ea_slope
2023-08-01,LV,PEPP,1632.204,28.60926220538722,3.804625643910261,0.7389537284940807,single_maturity_ea_slope
2023-09-01,LV,PEPP,1637.538,22.661006369426815,3.8318179858428567,0.7817542110694793,single_maturity_ea_slope
2023-10-01,LV,PEPP,1652.651,32.698244845360875,4.063955240747151,0.8466936404469438,single_maturity_ea_slope
2023-11-01,LV,PEPP,1649.984,15.172496977547354,3.9077550334565454,0.8748417586914391,single_maturity_ea_slope
2023-12-01,LV,PEPP,1655.318,23.378444444444504,3.3975459594724216,0.9104705019345651,single_maturity_ea_slope
2024-01-01,LV,PEPP,1671.32,34.345506205673715,3.260466208075515,0.9587627452563531,single_maturity_ea_slope
2024-02-01,LV,PEPP,1685.544,32.89379445933886,3.3174279518107306,1.0047926611190026,single_maturity_ea_slope
2024-03-01,LV,PEPP,1699.768,33.231036535859204,3.3277103932425995,1.05020648466786,single_maturity_ea_slope
2024-04-01,LV,PEPP,1553.083,0.0,3.4094233840815082,1.05020648466786,single_maturity_ea_slope
2024-05-01,LV,PEPP,1569.974,33.048750728256195,3.378056731142455,1.0992089156179576,single_maturity_ea_slope
2024-06-01,LV,PEPP,1576.1970000000001,22.72125556956723,3.3809002510896495,1.1321000402452215,single_maturity_ea_slope
2024-07-01,LV,PEPP,1584.198,24.776191570881203,3.3111832651743476,1.1661799869625749,single_maturity_ea_slope
2024-08-01,LV,PEPP,1586.865,19.723395348837126,3.0639520104227276,1.189767694739019,single_maturity_ea_slope
2024-09-01,LV,PEPP,1591.31,21.753736910994704,2.9856073616405086,1.214317420215578,single_maturity_ea_slope
2024-10-01,LV,PEPP,1597.5330000000001,23.81042263483661,2.9519044166570434,1.2402152769422106,single_maturity_ea_slope
2024-11-01,LV,PEPP,1602.867,23.179542895442193,2.9524542443539676,1.264976480830224,single_maturity_ea_slope
2024-12-01,LV,PEPP,1604.645,19.901778833107212,2.8978803636219643,1.285228743437245,single_maturity_ea_slope
2025-01-01,LV,PEPP,1563.751,0.0,3.060190492003106,1.285228743437245,single_maturity_ea_slope
2025-02-01,LV,PEPP,1563.751,17.586043634727844,2.9845606343310003,1.3043395384315515,single_maturity_ea_slope
2025-03-01,LV,PEPP,1563.751,17.777978626648476,3.1538869777465237,1.3253666807611897,single_maturity_ea_slope
2025-04-01,LV,PEPP,1563.751,17.974149425287354,3.0904984752579163,1.3456555519623015,single_maturity_ea_slope
2025-05-01,LV,PEPP,1563.751,18.200081471135938,3.0173138791219682,1.3651115380791503,single_maturity_ea_slope
2025-06-01,LV,PEPP,1563.751,18.40573210922787,2.9765043302016507,1.3840780257453755,single_maturity_ea_slope
2025-07-01,LV,PEPP,1563.751,18.616083333333332,2.8707356946217386,1.4017763313272371,single_maturity_ea_slope
2025-08-01,LV,PEPP,1563.751,18.858550410033768,2.8524841786619284,1.4192716020379788,single_maturity_ea_slope
2025-09-01,LV,PEPP,1451.737,0.0,2.9154925834194088,1.4192716020379788,single_maturity_ea_slope
2025-10-01,LV,PEPP,1451.737,16.504513415188722,3.0319194187900433,1.4376054789905943,single_maturity_ea_slope
2025-11-01,LV,PEPP,1451.737,16.709680018416208,3.2664744341138,1.4586559964298575,single_maturity_ea_slope
2025-12-01,LV,PEPP,1451.737,16.896380353817506,3.3933608868666663,1.481173511448908,single_maturity_ea_slope
2026-01-01,LV,PEPP,1451.737,17.111468646864687,3.3795819667333493,1.5035498487342032,single_maturity_ea_slope
2026-02-01,LV,PEPP,1451.737,17.282583333333335,3.2392011722499996,1.5242123644903436,single_maturity_ea_slope
2026-03-01,LV,PEPP,1451.737,17.507682103232032,3.4557753142291823,1.5475066595909082,single_maturity_ea_slope
2026-04-01,LV,PEPP,1451.737,17.712750122010736,3.53992468142175,1.5718162987054864,single_maturity_ea_slope
2026-05-01,LV,PEPP,1451.737,17.92267901234568,3.537970733248125,1.5960898102430496,single_maturity_ea_slope
2026-06-01,LV,PEPP,1451.737,18.16487737737738,3.4664871101353185,1.619493179861321,single_maturity_ea_slope
2026-07-01,LV,PEPP,1451.737,18.38572695035461,3.4935617069359135,1.6432275836996517,single_maturity_ea_slope
2026-08-01,LV,PEPP,1451.737,18.640690806368774,3.5753635825831664,1.668036725955475,single_maturity_ea_slope
2015-03-01,LV,PSPP,66.66666666666666,66.66666666666666,0.29058800499592563,0.29058800499592563,single_maturity_ea_slope
2015-04-01,LV,PSPP,224.0,158.27018924489414,0.1549017946212109,0.19471710234445855,single_maturity_ea_slope
2015-05-01,LV,PSPP,406.2222222222222,185.18989577813102,0.446789080973565,0.3096324883012976,single_maturity_ea_slope
2015-06-01,LV,PSPP,447.1111111111111,46.3313088007622,0.7622382049121927,0.35653316846819794,single_maturity_ea_slope
2015-07-01,LV,PSPP,466.66666666666663,25.64366981360444,0.6915786284936544,0.37494415807414083,single_maturity_ea_slope
2015-08-01,LV,PSPP,487.1111111111111,26.851180669961572,0.44207121953474093,0.3786444244281782,single_maturity_ea_slope
2015-09-01,LV,PSPP,504.0,23.722658685621674,0.4827186627427902,0.3835430705263996,single_maturity_ea_slope
2015-10-01,LV,PSPP,560.0,63.01168614357262,0.5575788861695008,0.4031257315854063,single_maturity_ea_slope
2015-11-01,LV,PSPP,587.5555555555555,35.50558394851409,0.6046253619904098,0.41530221766453923,single_maturity_ea_slope
2015-12-01,LV,PSPP,608.0,28.814181703070606,0.48483199581368575,0.4185973552654663,single_maturity_ea_slope
2016-01-01,LV,PSPP,644.4444444444445,45.34895528217146,0.44073100661233533,0.4201548796941634,single_maturity_ea_slope
2016-02-01,LV,PSPP,671.1111111111111,36.3082651772059,0.3414975263443716,0.415899381616009,single_maturity_ea_slope
2016-03-01,LV,PSPP,710.2222222222222,49.37274889568465,0.16005286303914623,0.3981136160875711,single_maturity_ea_slope
2016-04-01,LV,PSPP,777.7777777777777,78.57700531071107,0.08289573328771171,0.3662679167651196,single_maturity_ea_slope
2016-05-01,LV,PSPP,829.3333333333333,63.04754399789859,0.027840803471171516,0.3405400249056156,single_maturity_ea_slope
2016-06-01,LV,PSPP,909.3333333333333,90.45553874600773,0.16233795363726866,0.3228134511934827,single_maturity_ea_slope
2016-07-01,LV,PSPP,933.3333333333333,35.56912637828668,-0.0015961807761483704,0.31045027205291703,single_maturity_ea_slope
2016-08-01,LV,PSPP,997.3333333333333,75.82033096926713,-0.1662561773191118,0.2742095894661141,single_maturity_ea_slope
2016-09-01,LV,PSPP,1037.3333333333333,52.650093015389814,-0.2180713750871843,0.2492237553657571,single_maturity_ea_slope
2016-10-01,LV,PSPP,1117.3333333333333,91.82550539595684,-0.07147680551559071,0.22286770725982338,single_maturity_ea_slope
2016-11-01,LV,PSPP,1152.0,47.43910989178487,0.2533129796633258,0.2241214369674927,single_maturity_ea_slope
2016-12-01,LV,PSPP,1166.2222222222222,27.500230520977357,0.5253923472823834,0.23122558858204278,single_maturity_ea_slope
2017-01-01,LV,PSPP,1200.888888888889,47.62469135802476,0.5424117523836283,0.24356656795412307,single_maturity_ea_slope
2017-02-01,LV,PSPP,1250.6666666666665,63.156664686076276,0.6200754922297527,0.2625796659406299,single_maturity_ea_slope
2017-03-01,LV,PSPP,1308.4444444444443,71.40159767610753,0.6067810088945693,0.28136267649451563,single_maturity_ea_slope
2017-04-01,LV,PSPP,1346.6666666666665,52.38287638287633,0.6115576019068609,0.2942066566629275,single_maturity_ea_slope
2017-05-01,LV,PSPP,1370.6666666666665,38.70802388233581,0.5536464716177704,0.3015333122222423,single_maturity_ea_slope
2017-06-01,LV,PSPP,1402.6666666666665,46.38567030506577,0.5758619166890324,0.3106052581837765,single_maturity_ea_slope
2017-07-01,LV,PSPP,1427.5555555555554,39.77919320594482,0.6831337284108424,0.3209858573374889,single_maturity_ea_slope
2017-08-01,LV,PSPP,1449.7777777777776,37.43487733257549,0.5537311595787977,0.3269956003289228,single_maturity_ea_slope
2017-09-01,LV,PSPP,1473.7777777777776,39.44946481007862,0.41663243241812886,0.32939496141748664,single_maturity_ea_slope
2017-10-01,LV,PSPP,1516.4444444444443,58.534213800363744,0.39443109940476273,0.33190533310940307,single_maturity_ea_slope
2017-11-01,LV,PSPP,1542.2222222222222,42.210855849347446,0.37284354958328614,0.3330258182959143,single_maturity_ea_slope
2017-12-01,LV,PSPP,1548.4444444444443,23.132553606237767,0.28631329696315433,0.33232796962094924,single_maturity_ea_slope
2018-01-01,LV,PSPP,1596.4444444444443,64.60708327374994,0.329220798065605,0.33220222437994157,single_maturity_ea_slope
2018-02-01,LV,PSPP,1638.2222222222222,59.077782594037515,0.47216803938370155,0.3372496897831228,single_maturity_ea_slope
2018-03-01,LV,PSPP,1585.7777777777776,0.0,0.6121826707739838,0.3372496897831228,single_maturity_ea_slope
2018-04-01,LV,PSPP,1611.5555555555554,42.153012988205106,0.5792648196266339,0.3435800126047389,single_maturity_ea_slope
2018-05-01,LV,PSPP,1646.2222222222222,50.84694332887111,0.659648959496324,0.3533424490569198,single_maturity_ea_slope
2018-06-01,LV,PSPP,1702.2222222222222,71.98894932228265,0.7615120041221601,0.3706044122899755,single_maturity_ea_slope
2018-07-01,LV,PSPP,1738.6666666666665,52.93884582256665,0.9040253051740773,0.3868459880608309,single_maturity_ea_slope
2018-08-01,LV,PSPP,1768.0,46.20049152761624,0.7948752082124964,0.39750840351820466,single_maturity_ea_slope
2018-09-01,LV,PSPP,1787.5555555555554,36.6080246913579,0.7923654899137811,0.4055948307754735,single_maturity_ea_slope
2018-10-01,LV,PSPP,1826.6666666666665,56.19401970778115,0.871094632186632,0.41991507074689693,single_maturity_ea_slope
2018-11-01,LV,PSPP,1833.7777777777776,24.587830080367365,0.9082329468059588,0.4264625799965161,single_maturity_ea_slope
2018-12-01,LV,PSPP,1844.4444444444443,28.15119925417416,0.923088738292063,0.43404243526357134,single_maturity_ea_slope
2019-01-01,LV,PSPP,1849.7777777777776,22.980142024918067,0.8180380518655901,0.4388128860239116,single_maturity_ea_slope
2019-02-01,LV,PSPP,1837.3333333333333,5.233095480802,0.6873474862700826,0.4395207626349627,single_maturity_ea_slope
2019-03-01,LV,PSPP,1840.8888888888887,21.19508448540694,0.5808596453860517,0.4411480686494992,single_maturity_ea_slope
2019-04-01,LV,PSPP,1871.111111111111,47.34358465608483,0.48733121782321787,0.4423166127405511,single_maturity_ea_slope
2019-05-01,LV,PSPP,1896.0,41.91136988516904,0.4346849658690729,0.44214791401963155,single_maturity_ea_slope
2019-06-01,LV,PSPP,1922.6666666666665,43.63766559255266,0.27604832473224633,0.4383780466484198,single_maturity_ea_slope
2019-07-01,LV,PSPP,1952.8888888888887,47.03462749213007,0.11519578103961128,0.43059431785490837,single_maturity_ea_slope
2019-08-01,LV,PSPP,1976.8888888888887,40.86432546536173,-0.08952213214094912,0.4198429761826583,single_maturity_ea_slope
2019-09-01,LV,PSPP,2005.3333333333333,45.25472411186709,-0.12094937254409101,0.40763881633719407,single_maturity_ea_slope
2019-10-01,LV,PSPP,2048.0,59.27810912303961,0.0026652659743276463,0.3959171042715911,single_maturity_ea_slope
2019-11-01,LV,PSPP,2056.8888888888887,25.283381364072806,0.11834869005984941,0.39250521940554595,single_maturity_ea_slope
2019-12-01,LV,PSPP,2095.111111111111,54.37749153489017,0.18753374351431448,0.38718529406313373,single_maturity_ea_slope
2020-01-01,LV,PSPP,2126.222222222222,47.41294048483611,0.14239291232097667,0.38172663291973175,single_maturity_ea_slope
2020-02-01,LV,PSPP,2145.777777777778,36.02258020101896,-0.00687971216276264,0.3752028430952065,single_maturity_ea_slope
2020-03-01,LV,PSPP,2205.333333333333,76.29851574420827,-0.037648924948575024,0.36091929845005266,single_maturity_ea_slope
2020-04-01,LV,PSPP,2259.5555555555557,71.52709771918852,0.32177328706551134,0.3596801164459925,single_maturity_ea_slope
2020-05-01,LV,PSPP,2296.0,54.29243461470939,0.2808949442667896,0.35781712044897684,single_maturity_ea_slope
2020-06-01,LV,PSPP,2304.0,26.067359143846396,0.03430258466469859,0.35415689059110206,single_maturity_ea_slope
2020-07-01,LV,PSPP,2418.6666666666665,133.28936307791773,-0.15787263539230525,0.3259396540714977,single_maturity_ea_slope
2020-08-01,LV,PSPP,2449.777777777778,50.92974980880606,-0.1832956699225532,0.3153528866185128,single_maturity_ea_slope
2020-09-01,LV,PSPP,2475.555555555555,46.070834253736436,-0.1976220991585887,0.3058062676815987,single_maturity_ea_slope
2020-10-01,LV,PSPP,2530.6666666666665,75.97019061528687,-0.23517881062643056,0.2895659859959743,single_maturity_ea_slope
2020-11-01,LV,PSPP,2577.777777777778,68.82984323149122,-0.26297740844382755,0.27481239647179373,single_maturity_ea_slope
2020-12-01,LV,PSPP,2487.111111111111,0.0,-0.2886198825021889,0.27481239647179373,single_maturity_ea_slope
2021-01-01,LV,PSPP,2239.111111111111,0.0,-0.24509223394711382,0.27481239647179373,single_maturity_ea_slope
2021-02-01,LV,PSPP,2305.777777777778,83.00577284815493,-0.18564639525091864,0.2582363247271406,single_maturity_ea_slope
2021-03-01,LV,PSPP,2400.8888888888887,112.10033729573934,-0.13193217272821928,0.24001889685310046,single_maturity_ea_slope
2021-04-01,LV,PSPP,2491.555555555555,108.59445108190613,-0.1469741906675624,0.2231518027928888,single_maturity_ea_slope
2021-05-01,LV,PSPP,2557.333333333333,84.56778950896603,-0.00010500101900770553,0.2157689817327184,single_maturity_ea_slope
2021-06-01,LV,PSPP,2625.777777777778,88.04988244914684,0.18723915960092224,0.21481229472505942,single_maturity_ea_slope
2021-07-01,LV,PSPP,2666.6666666666665,61.281695488591836,0.12638823652180572,0.21278025364680542,single_maturity_ea_slope
2021-08-01,LV,PSPP,2681.777777777778,36.016306052054134,0.028539077435107085,0.21030589255513826,single_maturity_ea_slope
2021-09-01,LV,PSPP,2752.8888888888887,92.47645350895803,0.04240750320116597,0.20466576386705732,single_maturity_ea_slope
2021-10-01,LV,PSPP,2832.0,101.36207206236324,0.18351363766614898,0.20390869347855148,single_maturity_ea_slope
2021-11-01,LV,PSPP,2912.0,103.15996074582924,0.26646159918459456,0.20612468087455868,single_maturity_ea_slope
2021-12-01,LV,PSPP,2967.111111111111,79.11374876360014,0.30328422736457233,0.20871530039069733,single_maturity_ea_slope
2022-01-01,LV,PSPP,3005.333333333333,62.6308361668677,0.38390717923208245,0.2123662810455822,single_maturity_ea_slope
2022-02-01,LV,PSPP,3053.333333333333,73.06951395840285,0.7896008568902109,0.22618011834807736,single_maturity_ea_slope
2022-03-01,LV,PSPP,3131.555555555555,104.34588181610764,1.188407024184733,0.2582422718738507,single_maturity_ea_slope
2022-04-01,LV,PSPP,3249.7777777777774,145.7790292932848,1.5734063396609037,0.31723810305788513,single_maturity_ea_slope
2022-05-01,LV,PSPP,3329.7777777777774,108.7489187701502,1.9679968396170477,0.37115107855710744,single_maturity_ea_slope
2022-06-01,LV,PSPP,3347.555555555555,47.58244818395199,2.5226034186383828,0.40173201076068676,single_maturity_ea_slope
2022-07-01,LV,PSPP,3347.555555555555,30.256286655418968,2.418844159322913,0.41996332085253624,single_maturity_ea_slope
2022-08-01,LV,PSPP,3384.0,67.20111070276485,2.2392885959759425,0.45609236317461255,single_maturity_ea_slope
2022-09-01,LV,PSPP,3428.4444444444443,76.0587942202291,2.9288058011510056,0.5109486122963969,single_maturity_ea_slope
2022-10-01,LV,PSPP,3442.6666666666665,46.65170050868116,3.751814241039232,0.5548656996417657,single_maturity_ea_slope
2022-11-01,LV,PSPP,3462.222222222222,52.53128991060036,3.7086564224528344,0.6027172481974831,single_maturity_ea_slope
2022-12-01,LV,PSPP,3492.4444444444443,63.84908918242246,3.4832050888677455,0.6553785082270882,single_maturity_ea_slope
2023-01-01,LV,PSPP,3536.0,78.0386168158681,3.687634615255871,0.7222996259940552,single_maturity_ea_slope
2023-02-01,LV,PSPP,3573.333333333333,72.70748299319698,3.675224294550503,0.7823835028931018,single_maturity_ea_slope
2023-03-01,LV,PSPP,3594.6666666666665,57.559340362260215,3.8955597102385107,0.8322330120528619,single_maturity_ea_slope
2023-04-01,LV,PSPP,3444.4444444444443,0.0,3.851614040710508,0.8322330120528619,single_maturity_ea_slope
2023-05-01,LV,PSPP,3399.111111111111,0.0,3.789910861543145,0.8322330120528619,single_maturity_ea_slope
2023-06-01,LV,PSPP,3405.333333333333,39.546840958605614,3.772381688329545,0.8663775672883853,single_maturity_ea_slope
2023-07-01,LV,PSPP,3405.333333333333,33.70282396410662,3.8036526877262538,0.895447986136741,single_maturity_ea_slope
2023-08-01,LV,PSPP,3405.333333333333,34.06696011738028,3.8135696275625652,0.9246408797084279,single_maturity_ea_slope
2023-09-01,LV,PSPP,3405.333333333333,34.397306397306394,3.8407820815,0.9540968514436965,single_maturity_ea_slope
2023-10-01,LV,PSPP,3405.333333333333,34.734122127022985,4.077874147574681,0.9859591249660443,single_maturity_ea_slope
2023-11-01,LV,PSPP,3381.333333333333,10.819359236537146,3.92138018065553,0.9953516845811861,single_maturity_ea_slope
2023-12-01,LV,PSPP,3381.333333333333,34.96002205679625,3.4146383030993688,1.0203649870886113,single_maturity_ea_slope
2024-01-01,LV,PSPP,3381.333333333333,35.3104984683932,3.282637798513121,1.0439893898812649,single_maturity_ea_slope
2024-02-01,LV,PSPP,3381.333333333333,35.66807313642756,3.333464054646667,1.0681399665138112,single_maturity_ea_slope
2024-03-01,LV,PSPP,3381.333333333333,36.07910086783326,3.3393432035253996,1.0923738892305375,single_maturity_ea_slope
2024-04-01,LV,PSPP,3063.111111111111,0.0,3.4241582366022225,1.0923738892305375,single_maturity_ea_slope
2024-05-01,LV,PSPP,3063.111111111111,29.995212603908254,3.3911078037197275,1.1148840137359153,single_maturity_ea_slope
2024-06-01,LV,PSPP,3063.111111111111,30.27986468081367,3.3951755527588166,1.1374254484830773,single_maturity_ea_slope
2024-07-01,LV,PSPP,3063.111111111111,30.569971168773566,3.330070224671739,1.1593081308801698,single_maturity_ea_slope
2024-08-01,LV,PSPP,3063.111111111111,30.903058021702087,3.090653317759091,1.1787930500375439,single_maturity_ea_slope
2024-09-01,LV,PSPP,3063.111111111111,31.205288418002354,3.0163582195702228,1.1975131516016502,single_maturity_ea_slope
2024-10-01,LV,PSPP,3063.111111111111,31.552442430069128,2.9850152178109566,1.215925822246575,single_maturity_ea_slope
2024-11-01,LV,PSPP,3063.111111111111,31.867572941230865,2.9822377741198407,1.2343019349377242,single_maturity_ea_slope
2024-12-01,LV,PSPP,3063.111111111111,32.18906169725842,2.9281415789724208,1.2521018471280847,single_maturity_ea_slope
2025-01-01,LV,PSPP,3040.8888888888887,10.089076418190388,3.084661367811364,1.2581819223036732,single_maturity_ea_slope
2025-02-01,LV,PSPP,3040.8888888888887,32.363653564164416,3.009767017953,1.2768237389878934,single_maturity_ea_slope
2025-03-01,LV,PSPP,3040.8888888888887,32.7399751172361,3.187072872549492,1.297390590124431,single_maturity_ea_slope
2025-04-01,LV,PSPP,3040.8888888888887,33.081906972246394,3.1306787025830998,1.317334977770848,single_maturity_ea_slope
2025-05-01,LV,PSPP,3040.8888888888887,33.4310563862015,3.0591195730546348,1.3364838849309602,single_maturity_ea_slope
2025-06-01,LV,PSPP,3040.8888888888887,33.83276467388617,3.014906119454159,1.3551579195829762,single_maturity_ea_slope
2025-07-01,LV,PSPP,3040.8888888888887,34.19803068925876,2.911635149690101,1.3726621619368575,single_maturity_ea_slope
2025-08-01,LV,PSPP,3040.8888888888887,34.61849827970046,2.8959885245683807,1.3900042197992382,single_maturity_ea_slope
2025-09-01,LV,PSPP,2723.555555555555,0.0,2.9931086593272274,1.3900042197992382,single_maturity_ea_slope
2025-10-01,LV,PSPP,2723.555555555555,28.089475614228082,3.104413964073739,1.407685838448934,single_maturity_ea_slope
2025-11-01,LV,PSPP,2723.555555555555,28.370370370370367,3.33903944501,1.427804105183945,single_maturity_ea_slope
2025-12-01,LV,PSPP,2723.555555555555,28.693168516177362,3.4637761456166665,1.4492534524282847,single_maturity_ea_slope
2026-01-01,LV,PSPP,2723.555555555555,28.986329880327318,3.4523183849185557,1.470571725443294,single_maturity_ea_slope
2026-02-01,LV,PSPP,2723.555555555555,29.28554360812425,3.3119008791874998,1.4903709636555975,single_maturity_ea_slope
2026-03-01,LV,PSPP,2723.555555555555,29.590999082524505,3.5161680211182276,1.512380927339459,single_maturity_ea_slope
2026-04-01,LV,PSPP,2723.555555555555,29.942343398807772,3.5994243952863667,1.535325556494548,single_maturity_ea_slope
2026-05-01,LV,PSPP,2723.555555555555,30.261728395061724,3.5937153188958333,1.5581965538545621,single_maturity_ea_slope
2026-06-01,LV,PSPP,2723.555555555555,30.588000399321153,3.5191666204161822,1.580220027198695,single_maturity_ea_slope
2026-07-01,LV,PSPP,2723.555555555555,30.96356929917639,3.5445107709780874,1.6025516636673103,single_maturity_ea_slope
2026-08-01,LV,PSPP,2723.555555555555,31.305236270753507,3.62723997293373,1.6258239430841654,single_maturity_ea_slope
2020-03-01,MT,PEPP,12.446,12.446,0.15607208218668817,0.15607208218668817,single_maturity_ea_slope
2020-04-01,MT,PEPP,67.56400000000001,55.26723261390888,0.42095777769079207,0.3727481130540487,single_maturity_ea_slope
2020-05-01,MT,PEPP,109.34700000000001,42.64920512820513,0.5080723845781835,0.42552937468041024,single_maturity_ea_slope
2020-06-01,MT,PEPP,109.34700000000001,1.4193535825545174,0.5655306037705793,0.4273466284328787,single_maturity_ea_slope
2020-07-01,MT,PEPP,109.34700000000001,1.4395339652448658,0.4678983468727726,0.4278804846524666,single_maturity_ea_slope
2020-08-01,MT,PEPP,110.236,2.3423094098883532,0.3615000547482562,0.4264700243164868,single_maturity_ea_slope
2020-09-01,MT,PEPP,210.693,101.67212345679013,0.38250809424116217,0.40525573251743713,single_maturity_ea_slope
2020-10-01,MT,PEPP,211.582,3.2457449664429348,0.26394575366001816,0.4030879859577835,single_maturity_ea_slope
2020-11-01,MT,PEPP,231.14000000000001,21.92151653261843,0.25633580190578586,0.38916988251876933,single_maturity_ea_slope
2020-12-01,MT,PEPP,232.029,3.5096349206349027,0.16124369337513234,0.38572230608329894,single_maturity_ea_slope
2021-01-01,MT,PEPP,235.585,6.2490013927576715,0.1961042217485371,0.3806925984486874,single_maturity_ea_slope
2021-02-01,MT,PEPP,243.586,10.805583333333338,0.24437600430361822,0.3746455336840838,single_maturity_ea_slope
2021-03-01,MT,PEPP,256.921,15.978077256944424,0.2446168711347309,0.36655897004844984,single_maturity_ea_slope
2021-04-01,MT,PEPP,256.921,2.8171162280701756,0.26656627954923984,0.3654625589684147,single_maturity_ea_slope
2021-05-01,MT,PEPP,270.25600000000003,16.052015651438275,0.3613257770933419,0.36521685235170587,single_maturity_ea_slope
2021-06-01,MT,PEPP,272.034,4.661653435766075,0.3371349547102045,0.3647356328180324,single_maturity_ea_slope
2021-07-01,MT,PEPP,285.369,16.017781065088794,0.3907934678246757,0.36619826084058077,single_maturity_ea_slope
2021-08-01,MT,PEPP,321.818,38.85839716312052,0.43237447021137715,0.3741888065107429,single_maturity_ea_slope
2021-09-01,MT,PEPP,339.598,20.547612659098757,0.5493793102051634,0.38478882951283755,single_maturity_ea_slope
2021-10-01,MT,PEPP,372.491,35.53044951848398,0.7018224370848024,0.41502941677400235,single_maturity_ea_slope
2021-11-01,MT,PEPP,424.942,55.32250015417825,0.6675468175764294,0.4479042419144332,single_maturity_ea_slope
2021-12-01,MT,PEPP,466.725,45.005186836518064,0.6195580462811513,0.4644564119004491,single_maturity_ea_slope
2022-01-01,MT,PEPP,482.72700000000003,19.589984317343184,0.8252463888842249,0.47909795876019956,single_maturity_ea_slope
2022-02-01,MT,PEPP,515.62,36.642044734389536,1.2240368460120454,0.5320363320410431,single_maturity_ea_slope
2022-03-01,MT,PEPP,541.401,29.669536953242783,1.2818916228236978,0.5731294575791573,single_maturity_ea_slope
2022-04-01,MT,PEPP,542.29,5.005491788321177,1.724028565270355,0.5837525854862449,single_maturity_ea_slope
2022-05-01,MT,PEPP,540.5120000000001,2.3565684659958235,1.9965274801745874,0.5899121171273058,single_maturity_ea_slope
2022-06-01,MT,PEPP,541.401,5.040397849462263,2.607732959387456,0.6086978597357018,single_maturity_ea_slope
2022-07-01,MT,PEPP,535.178,0.0,2.6423464020399505,0.6086978597357018,single_maturity_ea_slope
2022-08-01,MT,PEPP,536.067,4.999430107526892,2.6354285232661976,0.6275994117788275,single_maturity_ea_slope
2022-09-01,MT,PEPP,536.956,5.040696096654285,3.310872647111255,0.6527887474480389,single_maturity_ea_slope
2022-10-01,MT,PEPP,537.845,5.0787315855181125,3.8121482336768673,0.6826217640470901,single_maturity_ea_slope
2022-11-01,MT,PEPP,538.734,5.117341194968564,3.4426790095981397,0.7088390709984423,single_maturity_ea_slope
2022-12-01,MT,PEPP,539.623,5.160598477640352,3.589796410976238,0.7363906469372665,single_maturity_ea_slope
2023-01-01,MT,PEPP,539.623,4.3156030070377485,3.551315836243767,0.7589028445484828,single_maturity_ea_slope
2023-02-01,MT,PEPP,539.623,4.348992585428756,3.610459601122779,0.7818844431669089,single_maturity_ea_slope
2023-03-01,MT,PEPP,539.623,4.38290285899935,3.58138985509077,0.8046224663306829,single_maturity_ea_slope
2023-04-01,MT,PEPP,539.623,4.417346103470859,3.6022940304855107,0.8275241654478639,single_maturity_ea_slope
2023-05-01,MT,PEPP,539.623,4.45674760488933,3.6418408939167355,0.8507676138164539,single_maturity_ea_slope
2023-06-01,MT,PEPP,539.623,4.492365967365967,3.680126169247682,0.8743220473448525,single_maturity_ea_slope
2023-07-01,MT,PEPP,536.067,0.9408583333332938,3.78,0.8794218414298054,single_maturity_ea_slope
2023-08-01,MT,PEPP,536.067,4.507795156407669,3.7880366865153476,0.9038804257308946,single_maturity_ea_slope
2023-09-01,MT,PEPP,536.067,4.544481180061037,3.9261902593457143,0.9295019061786297,single_maturity_ea_slope
2023-10-01,MT,PEPP,536.067,4.581769230769231,4.17151286169053,0.9572114015248853,single_maturity_ea_slope
2023-11-01,MT,PEPP,536.067,4.619674250258532,3.8495434916845,0.9821367039219864,single_maturity_ea_slope
2023-12-01,MT,PEPP,536.067,4.663074112734864,3.2936845810833684,1.0022441141269394,single_maturity_ea_slope
2024-01-01,MT,PEPP,536.956,5.596297154899905,3.3554184540800454,1.0267695181892145,single_maturity_ea_slope
2024-02-01,MT,PEPP,537.845,5.649248226950364,3.458132587041905,1.0523073097570241,single_maturity_ea_slope
2024-03-01,MT,PEPP,539.623,6.592223057644131,3.3808889545353997,1.0807540765003152,single_maturity_ea_slope
2024-04-01,MT,PEPP,539.623,4.872002527988443,3.4447870301312227,1.1020978193102728,single_maturity_ea_slope
2024-05-01,MT,PEPP,540.5120000000001,5.808976294675429,3.5075521551670907,1.1279496546347736,single_maturity_ea_slope
2024-06-01,MT,PEPP,541.401,5.866090239410578,3.522876926828583,1.1538987376536713,single_maturity_ea_slope
2024-07-01,MT,PEPP,543.179,6.807738015607599,3.4625892917647825,1.1828338777299563,single_maturity_ea_slope
2024-08-01,MT,PEPP,544.068,5.986400525525535,3.322489491890909,1.20637658837101,single_maturity_ea_slope
2024-09-01,MT,PEPP,544.957,6.04702047781571,3.171095299824159,1.2281777475107307,single_maturity_ea_slope
2024-10-01,MT,PEPP,520.954,0.0,3.1612368201187824,1.2281777475107307,single_maturity_ea_slope
2024-11-01,MT,PEPP,520.954,4.760179093567251,3.202346352374603,1.2462165688271039,single_maturity_ea_slope
2024-12-01,MT,PEPP,520.954,4.802304572271386,3.0181236308277892,1.2625505203573462,single_maturity_ea_slope
2025-01-01,MT,PEPP,520.954,4.850595903165735,3.287330683905682,1.2814032220663623,single_maturity_ea_slope
2025-02-01,MT,PEPP,520.954,4.888832582582582,3.192782977008,1.299340344391265,single_maturity_ea_slope
2025-03-01,MT,PEPP,520.954,4.938888888888889,3.432061139727825,1.319559540403178,single_maturity_ea_slope
2025-04-01,MT,PEPP,520.954,4.984251817833907,3.24357928475735,1.337967689507217,single_maturity_ea_slope
2025-05-01,MT,PEPP,520.954,5.036291569992266,3.2926384342212383,1.3568643517724337,single_maturity_ea_slope
2025-06-01,MT,PEPP,520.954,5.0834699453551915,3.2332521651008252,1.3751741469844594,single_maturity_ea_slope
2025-07-01,MT,PEPP,500.507,0.0,3.386279563956261,1.3751741469844594,single_maturity_ea_slope
2025-08-01,MT,PEPP,500.507,4.750446089597571,3.415263432825905,1.394537181208467,single_maturity_ea_slope
2025-09-01,MT,PEPP,500.507,4.7996451860375915,3.4162143954746815,1.4139241894005097,single_maturity_ea_slope
2025-10-01,MT,PEPP,500.507,4.844241192411925,3.305643442740884,1.4322335124099985,single_maturity_ea_slope
2025-11-01,MT,PEPP,491.617,0.0,3.3268304420314503,1.4322335124099985,single_maturity_ea_slope
2025-12-01,MT,PEPP,491.617,4.752677880897139,3.5904359239,1.453097804864465,single_maturity_ea_slope
2026-01-01,MT,PEPP,491.617,4.797199453551913,3.5302695124336823,1.4733668496299726,single_maturity_ea_slope
2026-02-01,MT,PEPP,491.617,4.842563041765169,3.4207232684216664,1.4925488474510096,single_maturity_ea_slope
2026-03-01,MT,PEPP,491.617,4.88879276054097,3.6721854910779093,1.5142238339628125,single_maturity_ea_slope
2026-04-01,MT,PEPP,491.617,4.935913654618473,3.756124575201167,1.536732877549543,single_maturity_ea_slope
2026-05-01,MT,PEPP,491.617,4.9900223304912705,3.7866201683294167,1.559569735961844,single_maturity_ea_slope
2026-06-01,MT,PEPP,491.617,5.039124641246413,3.7489308450303334,1.5820109117415535,single_maturity_ea_slope
2026-07-01,MT,PEPP,479.171,0.0,3.851203527480348,1.5820109117415535,single_maturity_ea_slope
2026-08-01,MT,PEPP,479.171,4.863692651238327,3.7745307460186828,1.6042654776599166,single_maturity_ea_slope
2015-03-01,MT,PSPP,4.444444444444445,4.444444444444445,1.328309675751548,1.328309675751548,single_maturity_ea_slope
2015-04-01,MT,PSPP,51.55555555555555,47.15483842756569,1.0531355647708893,1.0766240794483628,single_maturity_ea_slope
2015-05-01,MT,PSPP,127.1111111111111,75.94436065024298,1.5654381716380654,1.3686730858938025,single_maturity_ea_slope
2015-06-01,MT,PSPP,185.77777777777777,59.54938271604939,1.9403909165225894,1.551932054264214,single_maturity_ea_slope
2015-07-01,MT,PSPP,207.1111111111111,22.73564143853997,1.871059574612222,1.5869643074199138,single_maturity_ea_slope
2015-08-01,MT,PSPP,216.88888888888889,11.42151675485011,1.613032108228432,1.5883370555824494,single_maturity_ea_slope
2015-09-01,MT,PSPP,232.88888888888889,17.807407407407407,1.61,1.5899934715614505,single_maturity_ea_slope
2015-10-01,MT,PSPP,242.66666666666666,11.778541428025958,1.3328400729914405,1.5775117739306215,single_maturity_ea_slope
2015-11-01,MT,PSPP,244.44444444444443,3.884259259259253,1.2351283937070574,1.5720712501425993,single_maturity_ea_slope
2015-12-01,MT,PSPP,250.66666666666666,8.339724339724345,1.2376238583324075,1.560944126257612,single_maturity_ea_slope
2016-01-01,MT,PSPP,304.0,55.51380190211089,1.1929797095323535,1.4937497060697442,single_maturity_ea_slope
2016-02-01,MT,PSPP,322.66666666666663,21.3249387897866,1.1044870907487923,1.468023461922415,single_maturity_ea_slope
2016-03-01,MT,PSPP,376.0,55.93380614657214,1.057021743480784,1.4068827958446963,single_maturity_ea_slope
2016-04-01,MT,PSPP,429.3333333333333,56.423405654174864,1.0105181847474902,1.3547921718410545,single_maturity_ea_slope
2016-05-01,MT,PSPP,488.0,62.05471380471382,1.062988420349039,1.3176860278124094,single_maturity_ea_slope
2016-06-01,MT,PSPP,520.8888888888889,36.63351749539597,1.00377014103922,1.2956086839191296,single_maturity_ea_slope
2016-07-01,MT,PSPP,531.5555555555555,14.656318082788633,0.8124616799526029,1.2822871108551837,single_maturity_ea_slope
2016-08-01,MT,PSPP,541.3333333333333,13.898363479758764,0.6540645764207977,1.2661579265022076,single_maturity_ea_slope
2016-09-01,MT,PSPP,547.5555555555555,10.395312981807031,0.652344523238898,1.2545047118199528,single_maturity_ea_slope
2016-10-01,MT,PSPP,580.4444444444445,36.99596626329302,0.6660942158658163,1.217001010878992,single_maturity_ea_slope
2016-11-01,MT,PSPP,668.4444444444445,92.1915398934463,0.9479441865704074,1.179892821622569,single_maturity_ea_slope
2016-12-01,MT,PSPP,717.3333333333333,53.71589960844718,0.9407690030573598,1.1619865701838552,single_maturity_ea_slope
2017-01-01,MT,PSPP,743.1111111111111,30.97132927888797,1.2940712820385487,1.1674915869201035,single_maturity_ea_slope
2017-02-01,MT,PSPP,786.6666666666666,49.001987035408305,1.4347175986275724,1.184137271955544,single_maturity_ea_slope
2017-03-01,MT,PSPP,813.3333333333333,32.47832939322297,1.6579410827262993,1.203057382079286,single_maturity_ea_slope
2017-04-01,MT,PSPP,824.0,16.712855585290985,1.526738691772224,1.2096224779343296,single_maturity_ea_slope
2017-05-01,MT,PSPP,835.5555555555555,17.702974236546293,1.4686490231054459,1.2151104915382807,single_maturity_ea_slope
2017-06-01,MT,PSPP,849.7777777777777,20.534971961989136,1.3331094080239345,1.2179619481248656,single_maturity_ea_slope
2017-07-01,MT,PSPP,859.5555555555555,16.233093622337062,1.4405562427797847,1.2221657415871694,single_maturity_ea_slope
2017-08-01,MT,PSPP,883.5555555555555,30.547498137991738,1.3070920722384525,1.2251019315201335,single_maturity_ea_slope
2017-09-01,MT,PSPP,902.2222222222222,25.477918251276215,1.3286554494525151,1.228026186764052,single_maturity_ea_slope
2017-10-01,MT,PSPP,915.5555555555555,20.32080407545095,1.304726850784601,1.2297285620667422,single_maturity_ea_slope
2017-11-01,MT,PSPP,894.2222222222222,0.0,1.2567096410270082,1.2297285620667422,single_maturity_ea_slope
2017-12-01,MT,PSPP,912.8888888888888,25.135288065843582,1.1875787798391024,1.2285680189479693,single_maturity_ea_slope
2018-01-01,MT,PSPP,919.1111111111111,12.86624615882264,1.3930657728593,1.2308707531536718,single_maturity_ea_slope
2018-02-01,MT,PSPP,923.5555555555555,11.174900735533438,1.4674682384899138,1.2337335516036458,single_maturity_ea_slope
2018-03-01,MT,PSPP,951.1111111111111,34.42111871014635,1.3099930391777592,1.2364934151399858,single_maturity_ea_slope
2018-04-01,MT,PSPP,954.6666666666666,10.676782802568953,1.3106996188358058,1.2373233210612116,single_maturity_ea_slope
2018-05-01,MT,PSPP,969.7777777777777,22.37645865043123,1.3815886262186046,1.2406520698833834,single_maturity_ea_slope
2018-06-01,MT,PSPP,984.8888888888888,22.607847179275726,1.4247277414476276,1.2448774751032978,single_maturity_ea_slope
2018-07-01,MT,PSPP,975.1111111111111,0.0,1.4027921579073954,1.2448774751032978,single_maturity_ea_slope
2018-08-01,MT,PSPP,982.2222222222222,14.61427447761702,1.515852385441401,1.2489092528686891,single_maturity_ea_slope
2018-09-01,MT,PSPP,984.0,9.377764022146616,1.5705890874839221,1.25197494146595,single_maturity_ea_slope
2018-10-01,MT,PSPP,1008.0,31.550644567219152,1.6143192797281272,1.2633164071677896,single_maturity_ea_slope
2018-11-01,MT,PSPP,1024.0,23.90960451977401,1.5818565584112703,1.2707540722458177,single_maturity_ea_slope
2018-12-01,MT,PSPP,1025.7777777777778,9.85858585858591,1.4279378289485143,1.272264740145434,single_maturity_ea_slope
2019-01-01,MT,PSPP,1028.4444444444443,10.82329657902162,1.280321075159415,1.2723495246018692,single_maturity_ea_slope
2019-02-01,MT,PSPP,1029.3333333333333,9.137561045164533,1.1936346326513365,1.2716507595788498,single_maturity_ea_slope
2019-03-01,MT,PSPP,1035.5555555555554,14.53402239448746,1.0495751029924838,1.2685339277017176,single_maturity_ea_slope
2019-04-01,MT,PSPP,1036.4444444444443,9.324499475037133,1.0134950524695996,1.2662394392021523,single_maturity_ea_slope
2019-05-01,MT,PSPP,1036.4444444444443,8.509396095602991,0.9613912694582162,1.2637365806656669,single_maturity_ea_slope
2019-06-01,MT,PSPP,1051.5555555555554,23.800283180564847,0.720308549976717,1.2514369537459835,single_maturity_ea_slope
2019-07-01,MT,PSPP,1043.5555555555554,0.798155585304178,0.5155379388118819,1.2508741069422247,single_maturity_ea_slope
2019-08-01,MT,PSPP,1051.5555555555554,16.61019435276861,0.21548357431097656,1.2345192525675213,single_maturity_ea_slope
2019-09-01,MT,PSPP,1014.2222222222222,0.0,0.21622916782169263,1.2345192525675213,single_maturity_ea_slope
2019-10-01,MT,PSPP,1021.3333333333333,15.13756111286973,0.28094318277322755,1.2203859470528857,single_maturity_ea_slope
2019-11-01,MT,PSPP,1023.1111111111111,9.937999360818203,0.3911437481115494,1.212331095186315,single_maturity_ea_slope
2019-12-01,MT,PSPP,1024.888888888889,10.023354108460541,0.4133466767128966,1.2045170737442603,single_maturity_ea_slope
2020-01-01,MT,PSPP,1024.888888888889,8.332429990966576,0.3914059550425974,1.1979064142426208,single_maturity_ea_slope
2020-02-01,MT,PSPP,1039.111111111111,22.67840117345063,0.2643579326101628,1.1775318972588804,single_maturity_ea_slope
2020-03-01,MT,PSPP,1053.3333333333333,22.74511519393404,0.40500907648268825,1.1608504537001805,single_maturity_ea_slope
2020-04-01,MT,PSPP,1043.5555555555554,0.0,0.5817319153349808,1.1608504537001805,single_maturity_ea_slope
2020-05-01,MT,PSPP,1064.0,29.01222404670693,0.7026986211636699,1.1483579691015353,single_maturity_ea_slope
2020-06-01,MT,PSPP,1056.888888888889,1.6159230096238222,0.7632565314344946,1.1477691709026823,single_maturity_ea_slope
2020-07-01,MT,PSPP,1056.888888888889,8.746184118577366,0.6474384371694795,1.1436287311994946,single_maturity_ea_slope
2020-08-01,MT,PSPP,1058.6666666666665,10.611686912589443,0.5370335729841831,1.137548443508997,single_maturity_ea_slope
2020-09-01,MT,PSPP,1069.3333333333333,19.444997236042084,0.5074815840345094,1.1260911663821238,single_maturity_ea_slope
2020-10-01,MT,PSPP,1069.3333333333333,8.94689870593485,0.3821167961358435,1.1198664812227674,single_maturity_ea_slope
2020-11-01,MT,PSPP,1079.111111111111,18.852229011088532,0.36194505682796907,1.1066254830364093,single_maturity_ea_slope
2020-12-01,MT,PSPP,1079.111111111111,9.232641265495475,0.2593295699160507,1.0993762024655644,single_maturity_ea_slope
2021-01-01,MT,PSPP,1079.111111111111,9.318748800614085,0.3002434317773007,1.092475228625424,single_maturity_ea_slope
2021-02-01,MT,PSPP,1085.3333333333333,15.638549544308654,0.38770640064554274,1.0823202265673948,single_maturity_ea_slope
2021-03-01,MT,PSPP,1088.888888888889,13.116279069767542,0.3638332372468771,1.073665646696035,single_maturity_ea_slope
2021-04-01,MT,PSPP,1092.4444444444443,13.250079138967902,0.3937510078797972,1.0654190737761284,single_maturity_ea_slope
2021-05-01,MT,PSPP,1118.2222222222222,35.31045181306966,0.49419650928868114,1.047381400729542,single_maturity_ea_slope
2021-06-01,MT,PSPP,1118.2222222222222,9.850442408581943,0.4598414956819683,1.0422057496984674,single_maturity_ea_slope
2021-07-01,MT,PSPP,1152.0,43.48456790123462,0.46439831427733563,1.0203952404455086,single_maturity_ea_slope
2021-08-01,MT,PSPP,1085.3333333333333,0.0,0.4581200491651473,1.0203952404455086,single_maturity_ea_slope
2021-09-01,MT,PSPP,1096.0,19.47333116953378,0.5831522301398147,1.0126264649516703,single_maturity_ea_slope
2021-10-01,MT,PSPP,1126.2222222222222,38.7900771315405,0.6987709705150268,1.001816450198691,single_maturity_ea_slope
2021-11-01,MT,PSPP,1163.5555555555554,46.1457137889062,0.6621054708946656,0.9883437753899426,single_maturity_ea_slope
2021-12-01,MT,PSPP,1209.7777777777776,54.88736636547176,0.6255293687621919,0.9718829611602184,single_maturity_ea_slope
2022-01-01,MT,PSPP,1209.7777777777776,9.074240757409074,0.8333612995970113,0.970843944796858,single_maturity_ea_slope
2022-02-01,MT,PSPP,1220.4444444444443,19.865098675317725,1.2284594139336489,0.9750371358413059,single_maturity_ea_slope
2022-03-01,MT,PSPP,1246.2222222222222,34.8422789991418,1.2854359808046774,0.9837153659068395,single_maturity_ea_slope
2022-04-01,MT,PSPP,1253.3333333333333,16.441915410468845,1.7265127903703137,0.9934597907101446,single_maturity_ea_slope
2022-05-01,MT,PSPP,1246.2222222222222,2.0587259779533955,2.004702362841588,0.9951303365535232,single_maturity_ea_slope
2022-06-01,MT,PSPP,1256.0,18.960081212954826,2.617329619761844,1.0196184178857104,single_maturity_ea_slope
2022-07-01,MT,PSPP,1260.4444444444443,13.715185513236786,2.6548675899263827,1.0374119397293409,single_maturity_ea_slope
2022-08-01,MT,PSPP,1253.3333333333333,2.184201901016083,2.64889068264242,1.040220286750924,single_maturity_ea_slope
2022-09-01,MT,PSPP,1258.6666666666665,14.650411339082092,3.317310398690288,1.066724767785936,single_maturity_ea_slope
2022-10-01,MT,PSPP,1264.0,14.757312568633473,3.8201875059630295,1.09887169047056,single_maturity_ea_slope
2022-11-01,MT,PSPP,1272.0,17.515206263173745,3.4447775671166827,1.131174383319183,single_maturity_ea_slope
2022-12-01,MT,PSPP,1273.7777777777776,11.449310624492929,3.5896167736023306,1.1532720137456445,single_maturity_ea_slope
2023-01-01,MT,PSPP,1283.5555555555554,19.525082474577474,3.5527883196594106,1.1897727741290014,single_maturity_ea_slope
2023-02-01,MT,PSPP,1286.2222222222222,12.561482851954713,3.611094932086621,1.2134198517807104,single_maturity_ea_slope
2023-03-01,MT,PSPP,1288.0,11.767077422249887,3.5839022854471616,1.2350764125920741,single_maturity_ea_slope
2023-04-01,MT,PSPP,1288.888888888889,10.957681884511178,3.608411445113539,1.2552536757494557,single_maturity_ea_slope
2023-05-01,MT,PSPP,1288.0,9.253453642499888,3.6520680823430416,1.2724732495080655,single_maturity_ea_slope
2023-06-01,MT,PSPP,1288.888888888889,11.10138492441064,3.686434631631773,1.293265045237424,single_maturity_ea_slope
2023-07-01,MT,PSPP,1280.888888888889,2.2195439968988975,3.7835028511933997,1.2975801676660796,single_maturity_ea_slope
2023-08-01,MT,PSPP,1280.888888888889,10.243833084524065,3.7967381833795653,1.3175670359939227,single_maturity_ea_slope
2023-09-01,MT,PSPP,1280.888888888889,10.323089046493303,3.936159190500229,1.338671099134689,single_maturity_ea_slope
2023-10-01,MT,PSPP,1280.888888888889,10.413730803974707,4.186994877779773,1.3618282030261126,single_maturity_ea_slope
2023-11-01,MT,PSPP,1267.5555555555554,0.0,3.8672863570231817,1.3618282030261126,single_maturity_ea_slope
2023-12-01,MT,PSPP,1267.5555555555554,10.386394260533887,3.3157348490309158,1.3778385819674825,single_maturity_ea_slope
2024-01-01,MT,PSPP,1267.5555555555554,10.479129923574366,3.382875900758909,1.3944146180024646,single_maturity_ea_slope
2024-02-01,MT,PSPP,1267.5555555555554,10.562962962962962,3.48,1.4117944961857773,single_maturity_ea_slope
2024-03-01,MT,PSPP,1267.5555555555554,10.648148148148147,3.3977842266127998,1.4284778776577787,single_maturity_ea_slope
2024-04-01,MT,PSPP,1267.5555555555554,10.734718458295694,3.4647609413259683,1.445722822302665,single_maturity_ea_slope
2024-05-01,MT,PSPP,1267.5555555555554,10.8338081671415,3.5234744637113633,1.4634813833403462,single_maturity_ea_slope
2024-06-01,MT,PSPP,1267.5555555555554,10.923436362939983,3.54057830089835,1.4813812188932416,single_maturity_ea_slope
2024-07-01,MT,PSPP,1254.2222222222222,0.0,3.4894668879726085,1.4813812188932416,single_maturity_ea_slope
2024-08-01,MT,PSPP,1254.2222222222222,10.85342871428022,3.3610009928568183,1.4976465336558202,single_maturity_ea_slope
2024-09-01,MT,PSPP,1254.2222222222222,10.955819551207393,3.21380482472654,1.5126374341718116,single_maturity_ea_slope
2024-10-01,MT,PSPP,1237.3333333333333,0.0,3.187123446475478,1.5126374341718116,single_maturity_ea_slope
2024-11-01,MT,PSPP,1232.0,5.418607345614721,3.227797732356349,1.5201810869239623,single_maturity_ea_slope
2024-12-01,MT,PSPP,1232.0,10.807017543859649,3.0429810577228067,1.5335389814046536,single_maturity_ea_slope
2025-01-01,MT,PSPP,1232.0,10.898796886058033,3.315382663490758,1.54930192975998,single_maturity_ea_slope
2025-02-01,MT,PSPP,1232.0,10.99214846538187,3.2203899685939996,1.5642117088359437,single_maturity_ea_slope
2025-03-01,MT,PSPP,1232.0,11.087113030957523,3.470103506940984,1.581363362886565,single_maturity_ea_slope
2025-04-01,MT,PSPP,1232.0,11.195928753180663,3.2886595398051166,1.5968785953194853,single_maturity_ea_slope
2025-05-01,MT,PSPP,1232.0,11.294462779611294,3.3394209964792223,1.612853498153733,single_maturity_ea_slope
2025-06-01,MT,PSPP,1232.0,11.394746577876433,3.277273728390286,1.6282476919221065,single_maturity_ea_slope
2025-07-01,MT,PSPP,1220.4444444444443,0.0,3.402240326909768,1.6282476919221065,single_maturity_ea_slope
2025-08-01,MT,PSPP,1220.4444444444443,11.37625321070511,3.431622326881524,1.645057671740893,single_maturity_ea_slope
2025-09-01,MT,PSPP,1220.4444444444443,11.491943921322452,3.4325546219815903,1.661889093117924,single_maturity_ea_slope
2025-10-01,MT,PSPP,1220.4444444444443,11.596773512394948,3.321108945734739,1.6776551502503527,single_maturity_ea_slope
2025-11-01,MT,PSPP,1187.5555555555554,0.0,3.3535649197300503,1.6776551502503527,single_maturity_ea_slope
2025-12-01,MT,PSPP,1187.5555555555554,11.106954316830858,3.6176631572833333,1.695799632171724,single_maturity_ea_slope
2026-01-01,MT,PSPP,1187.5555555555554,11.220290585369948,3.557067140186127,1.7133853040161535,single_maturity_ea_slope
2026-02-01,MT,PSPP,1187.5555555555554,11.310052910052908,3.448833821770833,1.7299133851376265,single_maturity_ea_slope
2026-03-01,MT,PSPP,1187.5555555555554,11.427593875630826,3.694276887681727,1.74881603623986,single_maturity_ea_slope
2026-04-01,MT,PSPP,1187.5555555555554,11.534144867478199,3.7781746451680336,1.7685262014392398,single_maturity_ea_slope
2026-05-01,MT,PSPP,1187.5555555555554,11.656414954412599,3.8074840526130833,1.7885395293855868,single_maturity_ea_slope
2026-06-01,MT,PSPP,1187.5555555555554,11.767296428414143,3.7685561730471817,1.8081591948994753,single_maturity_ea_slope
2026-07-01,MT,PSPP,1176.0,0.18382320636188432,3.8609295544702613,1.8084800680537447,single_maturity_ea_slope
2026-08-01,MT,PSPP,1176.0,11.750599520383693,3.78364303820727,1.8282159090824572,single_maturity_ea_slope
2020-03-01,NL,PEPP,632.968,632.968,-0.3404524278684164,-0.3404524278684164,single_maturity_ea_slope
2020-04-01,NL,PEPP,4078.732,3457.889823754789,-0.48101922973866895,-0.4596229234403005,single_maturity_ea_slope
2020-05-01,NL,PEPP,9235.821,5244.465435304199,-0.5823614073340042,-0.5293187021222574,single_maturity_ea_slope
2020-06-01,NL,PEPP,14394.688,5381.309702312139,-0.5784222724225685,-0.5476755792754983,single_maturity_ea_slope
2020-07-01,NL,PEPP,18380.075,4318.597370370371,-0.6318498447763639,-0.5674532331558494,single_maturity_ea_slope
2020-08-01,NL,PEPP,21192.871,3230.145568574022,-0.6460139146305888,-0.5794271859595911,single_maturity_ea_slope
2020-09-01,NL,PEPP,24709.755,3967.412720238097,-0.6764330727684427,-0.5950025079028243,single_maturity_ea_slope
2020-10-01,NL,PEPP,28225.75,4035.9814267676757,-0.7420422283179652,-0.6160276208083314,single_maturity_ea_slope
2020-11-01,NL,PEPP,31741.745,4092.5013316993454,-0.7520301408382253,-0.6335625891705562,single_maturity_ea_slope
2020-12-01,NL,PEPP,34555.43,3440.496710110586,-0.7477516133340046,-0.6449317708582122,single_maturity_ea_slope
2021-01-01,NL,PEPP,37298.884,3392.0168753753733,-0.7298885938890516,-0.6526578727276109,single_maturity_ea_slope
2021-02-01,NL,PEPP,40112.569,3461.2350694444494,-0.6687569149314311,-0.6540470275698332,single_maturity_ea_slope
2021-03-01,NL,PEPP,43581.447,4125.599823837587,-0.6539701604230437,-0.6540397510081519,single_maturity_ea_slope
2021-04-01,NL,PEPP,47667.291,4739.04314568345,-0.6154447610955357,-0.650202668628054,single_maturity_ea_slope
2021-05-01,NL,PEPP,51601.116,4591.486299668879,-0.5036305102520895,-0.637160624012272,single_maturity_ea_slope
2021-06-01,NL,PEPP,55326.026,4390.559071207426,-0.500075434965267,-0.6262818267478795,single_maturity_ea_slope
2021-07-01,NL,PEPP,59514.994,4845.734690408358,-0.5717325586338492,-0.6218404034514822,single_maturity_ea_slope
2021-08-01,NL,PEPP,62665.61,3867.3187215799635,-0.6603407708648943,-0.6242163987012787,single_maturity_ea_slope
2021-09-01,NL,PEPP,66099.817,4161.523736304544,-0.5265817587788353,-0.6180695001172357,single_maturity_ea_slope
2021-10-01,NL,PEPP,69264.657,3911.2245641373192,-0.3570793519417571,-0.6033319539753156,single_maturity_ea_slope
2021-11-01,NL,PEPP,72449.05500000001,3961.2559744279956,-0.41699511397517275,-0.5931437200403581,single_maturity_ea_slope
2021-12-01,NL,PEPP,74935.588,3304.6117601625974,-0.44541447385888194,-0.5866289542624307,single_maturity_ea_slope
2022-01-01,NL,PEPP,74581.766,467.840149122807,-0.22487469693563153,-0.5843597244657859,single_maturity_ea_slope
2022-02-01,NL,PEPP,74605.769,810.7304894514737,0.1531799469442827,-0.5763449836916218,single_maturity_ea_slope
2022-03-01,NL,PEPP,75718.797,1907.044272882083,0.24624324031104305,-0.5556273782399065,single_maturity_ea_slope
2022-04-01,NL,PEPP,75996.16500000001,1086.3295064102588,0.785120655196204,-0.5364620144431521,single_maturity_ea_slope
2022-05-01,NL,PEPP,76566.014,1392.3183181818058,0.9667460881365684,-0.5091268553050381,single_maturity_ea_slope
2022-06-01,NL,PEPP,76981.177,1253.5994213753836,1.7241045949938196,-0.47275981386720767,single_maturity_ea_slope
2022-07-01,NL,PEPP,73558.527,0.0,1.331240268972345,-0.47275981386720767,single_maturity_ea_slope
2022-08-01,NL,PEPP,72396.604,0.0,1.3076696367237508,-0.47275981386720767,single_maturity_ea_slope
2022-09-01,NL,PEPP,73672.319,2037.463779461276,2.0819222836982334,-0.4021081456086349,single_maturity_ea_slope
2022-10-01,NL,PEPP,74123.931,1234.6936220238033,2.4143855131468412,-0.35519338124008204,single_maturity_ea_slope
2022-11-01,NL,PEPP,75173.84,1852.116045454545,2.295545978185784,-0.2898850652100568,single_maturity_ea_slope
2022-12-01,NL,PEPP,76712.69900000001,2379.7296935123154,2.398840124375177,-0.20647724284481178,single_maturity_ea_slope
2023-01-01,NL,PEPP,74132.821,0.0,2.4806897187442707,-0.20647724284481178,single_maturity_ea_slope
2023-02-01,NL,PEPP,73088.246,0.0,2.6715942633491774,-0.20647724284481178,single_maturity_ea_slope
2023-03-01,NL,PEPP,72558.402,249.01625149190374,2.740314701303344,-0.19636402282298282,single_maturity_ea_slope
2023-04-01,NL,PEPP,72929.115,1151.918878552975,2.6753590013644546,-0.15100501955608797,single_maturity_ea_slope
2023-05-01,NL,PEPP,72860.662,722.8785429687415,2.6620377296312743,-0.12309574467410372,single_maturity_ea_slope
2023-06-01,NL,PEPP,73497.186,1440.7255673289233,2.7212234242715905,-0.06734009508578048,single_maturity_ea_slope
2023-07-01,NL,PEPP,70843.52100000001,0.0,2.831322661701714,-0.06734009508578048,single_maturity_ea_slope
2023-08-01,NL,PEPP,71855.203,1782.390453002597,2.865953849399043,0.00542116511830076,single_maturity_ea_slope
2023-09-01,NL,PEPP,71653.4,584.0150555555556,2.98266363084,0.029687346821064588,single_maturity_ea_slope
2023-10-01,NL,PEPP,74595.99,3747.322704402527,3.1194127326462726,0.18489941772020624,single_maturity_ea_slope
2023-11-01,NL,PEPP,75110.721,1366.283397260274,2.864446750145909,0.23364107515238952,single_maturity_ea_slope
2023-12-01,NL,PEPP,76346.431,2118.534647390683,2.308957454649053,0.29122896232240114,single_maturity_ea_slope
2024-01-01,NL,PEPP,72631.3,0.0,2.382128288207288,0.29122896232240114,single_maturity_ea_slope
2024-02-01,NL,PEPP,71962.772,144.99462544802304,2.54969903804546,0.29577945438397757,single_maturity_ea_slope
2024-03-01,NL,PEPP,71777.86,626.5761822282398,2.5437103932425997,0.31540249672019066,single_maturity_ea_slope
2024-04-01,NL,PEPP,71985.886,1027.4079634703176,2.629590884875715,0.34843140990133176,single_maturity_ea_slope
2024-05-01,NL,PEPP,73420.732,2283.335933993404,2.752520714697182,0.42319698835088443,single_maturity_ea_slope
2024-06-01,NL,PEPP,73480.295,934.8697715784401,2.7364517274384745,0.45262789808707377,single_maturity_ea_slope
2024-07-01,NL,PEPP,70943.089,0.0,2.6643906196004346,0.45262789808707377,single_maturity_ea_slope
2024-08-01,NL,PEPP,69309.107,0.0,2.3944125432409096,0.45262789808707377,single_maturity_ea_slope
2024-09-01,NL,PEPP,68978.399,460.4918515981749,2.3152457103514292,0.46506252019521166,single_maturity_ea_slope
2024-10-01,NL,PEPP,68592.573,403.7619006410248,2.369252037929739,0.4762713019223705,single_maturity_ea_slope
2024-11-01,NL,PEPP,68325.873,522.8093577348096,2.4175408324476186,0.49112532181091356,single_maturity_ea_slope
2024-12-01,NL,PEPP,68744.592,1219.5379521800255,2.290830513637824,0.5230523246530914,single_maturity_ea_slope
2025-01-01,NL,PEPP,67173.729,0.0,2.565478674377955,0.5230523246530914,single_maturity_ea_slope
2025-02-01,NL,PEPP,65782.444,0.0,2.46695896243,0.5230523246530914,single_maturity_ea_slope
2025-03-01,NL,PEPP,65113.027,81.52414155251017,2.717458741541428,0.5257998101808974,single_maturity_ea_slope
2025-04-01,NL,PEPP,63984.886,0.0,2.4542785362476,0.5257998101808974,single_maturity_ea_slope
2025-05-01,NL,PEPP,63315.469,54.06655947534921,2.5342167260883013,0.5275148443479065,single_maturity_ea_slope
2025-06-01,NL,PEPP,63315.469,724.764983974359,2.5022369103248256,0.5501192636013053,single_maturity_ea_slope
2025-07-01,NL,PEPP,60322.206,0.0,2.605586103381985,0.5501192636013053,single_maturity_ea_slope
2025-08-01,NL,PEPP,60322.206,667.576427622842,2.627459573016381,0.5731088641924416,single_maturity_ea_slope
2025-09-01,NL,PEPP,60237.751000000004,589.3855495978607,2.623598904202818,0.5931715189083596,single_maturity_ea_slope
2025-10-01,NL,PEPP,60237.751000000004,681.1143260967889,2.539785794538507,0.6151820828571402,single_maturity_ea_slope
2025-11-01,NL,PEPP,60179.077,628.9715593607243,2.5732032507635,0.63564666438004,single_maturity_ea_slope
2025-12-01,NL,PEPP,60179.077,695.5510517799353,2.7060552374499998,0.6595764906984631,single_maturity_ea_slope
2026-01-01,NL,PEPP,57826.783,0.0,2.6969072339599682,0.6595764906984631,single_maturity_ea_slope
2026-02-01,NL,PEPP,57826.783,652.083705457826,2.5960050198575,0.6814126265708023,single_maturity_ea_slope
2026-03-01,NL,PEPP,57826.783,660.123093607306,2.8139758184631822,0.7057569552453729,single_maturity_ea_slope
2026-04-01,NL,PEPP,57283.604,116.9440936073023,2.9373743253195,0.7103127871483661,single_maturity_ea_slope
2026-05-01,NL,PEPP,57283.604,662.0851132686084,2.95710629588775,0.7362812743043923,single_maturity_ea_slope
2026-06-01,NL,PEPP,57283.604,669.5138382421692,2.8758403878273033,0.7612878090580495,single_maturity_ea_slope
2026-07-01,NL,PEPP,54434.359000000004,0.0,3.0199315141815655,0.7612878090580495,single_maturity_ea_slope
2026-08-01,NL,PEPP,54434.359000000004,613.8290369869194,3.102053210675286,0.7876834495814735,single_maturity_ea_slope
2015-03-01,NL,PSPP,2210.6666666666665,2210.6666666666665,0.07836834489713623,0.07836834489713623,single_maturity_ea_slope
2015-04-01,NL,PSPP,4456.888888888889,2272.690932311622,0.12125971838792138,0.10023984271479894,single_maturity_ea_slope
2015-05-01,NL,PSPP,6827.555555555555,2424.9659952350003,0.4297730261960826,0.21728125786570443,single_maturity_ea_slope
2015-06-01,NL,PSPP,9194.666666666666,2450.782135076253,0.6333314298768576,0.3281768852794591,single_maturity_ea_slope
2015-07-01,NL,PSPP,11556.444444444443,2475.9688690180487,0.5232547476101252,0.36997232820200215,single_maturity_ea_slope
2015-08-01,NL,PSPP,13523.555555555555,2112.365566169488,0.4143794401581512,0.3769086737365659,single_maturity_ea_slope
2015-09-01,NL,PSPP,15837.333333333332,2484.529741863075,0.4140148966361314,0.38272982509215003,single_maturity_ea_slope
2015-10-01,NL,PSPP,18256.0,2620.159457167092,0.29065832428548755,0.36951542908129636,single_maturity_ea_slope
2015-11-01,NL,PSPP,20818.666666666664,2794.224251648907,0.23831236514860882,0.35190571425175127,single_maturity_ea_slope
2015-12-01,NL,PSPP,22766.222222222223,2214.0515446321924,0.2630960117132156,0.343268828554842,single_maturity_ea_slope
2016-01-01,NL,PSPP,25290.666666666664,2816.3190883190855,0.16162014822284526,0.3230407874150154,single_maturity_ea_slope
2016-02-01,NL,PSPP,27774.22222222222,2798.5862813486124,-0.02326154663842117,0.2881466703619183,single_maturity_ea_slope
2016-03-01,NL,PSPP,30226.666666666664,2792.3150051666944,-0.058440195903519565,0.25612925613827414,single_maturity_ea_slope
2016-04-01,NL,PSPP,33981.33333333333,4109.439749608761,0.07233762581950925,0.23390291722836287,single_maturity_ea_slope
2016-05-01,NL,PSPP,37852.444444444445,4254.30160878064,0.09815148689632486,0.21864557950732108,single_maturity_ea_slope
2016-06-01,NL,PSPP,41213.33333333333,3778.133646874382,0.023205237039581827,0.20072905409886058,single_maturity_ea_slope
2016-07-01,NL,PSPP,44621.33333333333,3854.031746031746,-0.13828717353798967,0.17144756011095466,single_maturity_ea_slope
2016-08-01,NL,PSPP,47212.444444444445,3070.9103942652387,-0.1612573609865545,0.14980693098352632,single_maturity_ea_slope
2016-09-01,NL,PSPP,50627.555555555555,3913.763883021169,-0.13424883024917753,0.12784799642946315,single_maturity_ea_slope
2016-10-01,NL,PSPP,54179.555555555555,4079.3703703703704,-0.038406546851740275,0.11533010382502196,single_maturity_ea_slope
2016-11-01,NL,PSPP,57584.88888888888,3968.9991214685297,0.15979440204059708,0.11839477519904947,single_maturity_ea_slope
2016-12-01,NL,PSPP,60288.0,3303.704445371535,0.16417278629515902,0.12090335101444365,single_maturity_ea_slope
2017-01-01,NL,PSPP,63862.22222222222,4203.796157059312,0.20014869592597162,0.12611975697107822,single_maturity_ea_slope
2017-02-01,NL,PSPP,67262.22222222222,4071.103638316753,0.18213344004586807,0.12951003313840292,single_maturity_ea_slope
2017-03-01,NL,PSPP,70701.33333333333,4155.88671023965,0.17588621250645164,0.1322360658512329,single_maturity_ea_slope
2017-04-01,NL,PSPP,73347.55555555555,3399.646490480247,0.20565024876389426,0.13563880050816998,single_maturity_ea_slope
2017-05-01,NL,PSPP,75696.0,3138.146808307023,0.2777936817958485,0.1415321487299808,single_maturity_ea_slope
2017-06-01,NL,PSPP,78051.55555555555,3180.1307189542404,0.19026966224234287,0.1435179088187184,single_maturity_ea_slope
2017-07-01,NL,PSPP,80449.77777777777,3242.9360269360236,0.37042212806741287,0.15266443336597002,single_maturity_ea_slope
2017-08-01,NL,PSPP,82382.22222222222,2811.100820348535,0.21990956339529838,0.15495901628799877,single_maturity_ea_slope
2017-09-01,NL,PSPP,84692.44444444444,3215.9194762044335,0.1952341680971889,0.15648833387895844,single_maturity_ea_slope
2017-10-01,NL,PSPP,86980.44444444444,3225.2780483006245,0.19610832545564783,0.15795746282998113,single_maturity_ea_slope
2017-11-01,NL,PSPP,89257.77777777777,3247.6640388715305,0.12063817335312293,0.15659959220617983,single_maturity_ea_slope
2017-12-01,NL,PSPP,91362.66666666666,3107.334730957374,0.125536794235391,0.15554311569890467,single_maturity_ea_slope
2018-01-01,NL,PSPP,92300.44444444444,1959.7315436241643,0.3013645897162749,0.1586392106753662,single_maturity_ea_slope
2018-02-01,NL,PSPP,93298.66666666666,2039.048163183478,0.44708596657639,0.1649432324669911,single_maturity_ea_slope
2018-03-01,NL,PSPP,94243.55555555555,2007.0321797207057,0.3154944455714239,0.16814940532003533,single_maturity_ea_slope
2018-04-01,NL,PSPP,95390.22222222222,2193.8172839506224,0.4040736005526344,0.17357527146381757,single_maturity_ea_slope
2018-05-01,NL,PSPP,96433.77777777777,2111.9944245320507,0.36929490371211143,0.17786172359299168,single_maturity_ea_slope
2018-06-01,NL,PSPP,97574.22222222222,2230.830896024934,0.2529412470713246,0.17957826016197237,single_maturity_ea_slope
2018-07-01,NL,PSPP,98215.11111111111,1720.7275589002033,0.19881607412855062,0.17991530643001388,single_maturity_ea_slope
2018-08-01,NL,PSPP,99343.11111111111,2223.6616589816053,0.1946555154451176,0.18024524614365542,single_maturity_ea_slope
2018-09-01,NL,PSPP,101011.55555555555,2785.663417803762,0.26984310211521545,0.1827161463126599,single_maturity_ea_slope
2018-10-01,NL,PSPP,101456.88888888889,1589.0330112721513,0.2955076788849282,0.1844827042133816,single_maturity_ea_slope
2018-11-01,NL,PSPP,101819.55555555555,1522.4390590865116,0.22017929135205272,0.1850164511762265,single_maturity_ea_slope
2018-12-01,NL,PSPP,102384.88888888888,1740.5359597824922,0.12098943845391652,0.18392799643207405,single_maturity_ea_slope
2019-01-01,NL,PSPP,99850.66666666666,0.0,0.0711449862459339,0.18392799643207405,single_maturity_ea_slope
2019-02-01,NL,PSPP,100154.66666666666,1433.0215588723051,-0.016012586804439954,0.18106722942233483,single_maturity_ea_slope
2019-03-01,NL,PSPP,100387.55555555555,1373.0831815421993,-0.09189102300407659,0.1773337548537421,single_maturity_ea_slope
2019-04-01,NL,PSPP,101320.88888888889,2084.0389220031684,-0.048255553214053226,0.17269367615371592,single_maturity_ea_slope
2019-05-01,NL,PSPP,101915.55555555555,1767.3621399176857,-0.14105011376975712,0.16725290812843868,single_maturity_ea_slope
2019-06-01,NL,PSPP,101832.88888888889,1103.5013449203489,-0.3140619677687255,0.16203719031194608,single_maturity_ea_slope
2019-07-01,NL,PSPP,99145.77777777777,0.0,-0.39557191603956354,0.16203719031194608,single_maturity_ea_slope
2019-08-01,NL,PSPP,99112.0,1085.7544916190013,-0.6451371034551044,0.1531947381873096,single_maturity_ea_slope
2019-09-01,NL,PSPP,99586.66666666666,1604.5344277245686,-0.5742690607180245,0.1414738848910158,single_maturity_ea_slope
2019-10-01,NL,PSPP,101002.66666666666,2551.2789177686577,-0.46272021399415875,0.12621223173275617,single_maturity_ea_slope
2019-11-01,NL,PSPP,101470.22222222222,1628.505747126443,-0.35011736111652725,0.11856757044697872,single_maturity_ea_slope
2019-12-01,NL,PSPP,102010.66666666666,1716.5017256477554,-0.3067667849928348,0.1114106016813949,single_maturity_ea_slope
2020-01-01,NL,PSPP,98571.55555555555,0.0,-0.3096915187377507,0.1114106016813949,single_maturity_ea_slope
2020-02-01,NL,PSPP,98694.22222222222,1217.9061728395109,-0.46723152228481,0.10427004371583724,single_maturity_ea_slope
2020-03-01,NL,PSPP,99340.44444444444,1753.156073974375,-0.44581528910267726,0.09456216040780231,single_maturity_ea_slope
2020-04-01,NL,PSPP,100657.77777777777,2430.0175228992384,-0.34495376841593517,0.08395163996701818,single_maturity_ea_slope
2020-05-01,NL,PSPP,101550.22222222222,2032.1384863124072,-0.4554469841433037,0.07315764385817779,single_maturity_ea_slope
2020-06-01,NL,PSPP,102414.22222222222,2026.4338624338625,-0.4397466498412569,0.06300898865787757,single_maturity_ea_slope
2020-07-01,NL,PSPP,100016.88888888889,0.0,-0.5094669164700314,0.06300898865787757,single_maturity_ea_slope
2020-08-01,NL,PSPP,100344.0,1432.5143923764597,-0.5322470152969934,0.05451109348911959,single_maturity_ea_slope
2020-09-01,NL,PSPP,101416.0,2185.4487350199734,-0.566512231696519,0.04112844538186974,single_maturity_ea_slope
2020-10-01,NL,PSPP,103023.11111111111,2723.5355937178906,-0.6424046347475121,0.02305845455031527,single_maturity_ea_slope
2020-11-01,NL,PSPP,104361.77777777777,2466.821628461566,-0.649951745450855,0.007150368727234899,single_maturity_ea_slope
2020-12-01,NL,PSPP,105475.55555555555,2262.630461372869,-0.6527274811692183,-0.007005135987547399,single_maturity_ea_slope
2021-01-01,NL,PSPP,105828.44444444444,1514.0024463036366,-0.6344527450890266,-0.015981524330907163,single_maturity_ea_slope
2021-02-01,NL,PSPP,106360.88888888888,1689.7983863128154,-0.5257750365857962,-0.024080819695587462,single_maturity_ea_slope
2021-03-01,NL,PSPP,107335.11111111111,2132.8375695957507,-0.48839239346266483,-0.033307075282199866,single_maturity_ea_slope
2021-04-01,NL,PSPP,108773.33333333333,2605.9236050672052,-0.4650978774394911,-0.043651649722558306,single_maturity_ea_slope
2021-05-01,NL,PSPP,109720.0,2134.667249162667,-0.37456505107961313,-0.05008976492658607,single_maturity_ea_slope
2021-06-01,NL,PSPP,110917.33333333333,2398.82260183968,-0.41373856540758497,-0.05795444157819785,single_maturity_ea_slope
2021-07-01,NL,PSPP,107814.22222222222,0.0,-0.5147688079009212,-0.05795444157819785,single_maturity_ea_slope
2021-08-01,NL,PSPP,108416.0,1749.2258644340411,-0.6072876895485497,-0.06681759762106329,single_maturity_ea_slope
2021-09-01,NL,PSPP,109687.11111111111,2438.3807062876813,-0.48933148043977576,-0.07621022077949635,single_maturity_ea_slope
2021-10-01,NL,PSPP,110767.11111111111,2271.733062919504,-0.337257591612326,-0.08156406577337974,single_maturity_ea_slope
2021-11-01,NL,PSPP,111908.44444444444,2355.8849902534066,-0.40713940604685395,-0.0884180441407379,single_maturity_ea_slope
2021-12-01,NL,PSPP,112857.77777777777,2189.4535066981825,-0.43860606685878906,-0.09521173093345013,single_maturity_ea_slope
2022-01-01,NL,PSPP,109853.33333333333,0.0,-0.21218722724206837,-0.09521173093345013,single_maturity_ea_slope
2022-02-01,NL,PSPP,110535.11111111111,1856.931108258454,0.14878937273660225,-0.09111264209823955,single_maturity_ea_slope
2022-03-01,NL,PSPP,111565.33333333333,2220.3073978371103,0.24223028714421996,-0.0844786479201162,single_maturity_ea_slope
2022-04-01,NL,PSPP,114772.44444444444,4412.962098285054,0.782302863817867,-0.05115118872632454,single_maturity_ea_slope
2022-05-01,NL,PSPP,116680.88888888888,3155.428847361044,0.9656079936340018,-0.023654729919825694,single_maturity_ea_slope
2022-06-01,NL,PSPP,117968.88888888888,2569.081344849461,1.7233104911862365,0.014390010536037987,single_maturity_ea_slope
2022-07-01,NL,PSPP,115244.44444444444,0.0,1.3253376719711425,0.014390010536037987,single_maturity_ea_slope
2022-08-01,NL,PSPP,115163.55555555555,1147.206213886519,1.2951281066962956,0.027148132627600657,single_maturity_ea_slope
2022-09-01,NL,PSPP,116974.22222222222,3044.209463962682,2.077878591254845,0.08051760969349392,single_maturity_ea_slope
2022-10-01,NL,PSPP,118108.44444444444,2392.0095579450385,2.4099849095279597,0.1276955068568543,single_maturity_ea_slope
2022-11-01,NL,PSPP,118886.22222222222,2061.0072915157693,2.2948226648577723,0.1652647456701881,single_maturity_ea_slope
2022-12-01,NL,PSPP,119620.44444444444,2039.516713023956,2.400495960683991,0.2033752161810274,single_maturity_ea_slope
2023-01-01,NL,PSPP,116746.66666666666,0.0,2.481482371612484,0.2033752161810274,single_maturity_ea_slope
2023-02-01,NL,PSPP,117064.0,1572.6738351254576,2.6715656663105576,0.23653364696269588,single_maturity_ea_slope
2023-03-01,NL,PSPP,117979.55555555555,2194.105140527151,2.73877332205914,0.28306863269058175,single_maturity_ea_slope
2023-04-01,NL,PSPP,118024.88888888888,1344.0955036939135,2.6720762713785953,0.310275219840805,single_maturity_ea_slope
2023-05-01,NL,PSPP,118688.88888888888,1982.4192235130572,2.6557826867514813,0.3494514151428779,single_maturity_ea_slope
2023-06-01,NL,PSPP,118855.11111111111,1506.4309946803282,2.7192266822822724,0.3794871694278437,single_maturity_ea_slope
2023-07-01,NL,PSPP,113281.77777777777,0.0,2.830800414489317,0.3794871694278437,single_maturity_ea_slope
2023-08-01,NL,PSPP,113281.77777777777,1237.240910635406,2.8652994115708257,0.4066367133568846,single_maturity_ea_slope
2023-09-01,NL,PSPP,113078.22222222222,1045.1412894375937,2.9813190164914283,0.4304335747622753,single_maturity_ea_slope
2023-10-01,NL,PSPP,113078.22222222222,1259.7841156664686,3.121449645840545,0.4604137003313291,single_maturity_ea_slope
2023-11-01,NL,PSPP,112976.88888888888,1172.0700700700602,2.867615389029394,0.4853870296528678,single_maturity_ea_slope
2023-12-01,NL,PSPP,112976.88888888888,1286.1667678607566,2.317892088817685,0.506248881419316,single_maturity_ea_slope
2024-01-01,NL,PSPP,107913.77777777777,0.0,2.391768110136682,0.506248881419316,single_maturity_ea_slope
2024-02-01,NL,PSPP,107913.77777777777,1191.101299975472,2.5537080637544443,0.528847768641558,single_maturity_ea_slope
2024-03-01,NL,PSPP,107913.77777777777,1203.8574049283552,2.5459261666298,0.5513497588020695,single_maturity_ea_slope
2024-04-01,NL,PSPP,107913.77777777777,1216.8896907733172,2.6325378553798573,0.5748182759037586,single_maturity_ea_slope
2024-05-01,NL,PSPP,107913.77777777777,1231.892440385591,2.7585242080827275,0.5997464258144773,single_maturity_ea_slope
2024-06-01,NL,PSPP,107358.22222222222,683.1241710029667,2.7437713468529665,0.6133889323358916,single_maturity_ea_slope
2024-07-01,NL,PSPP,102446.22222222222,0.0,2.6774662069447825,0.6133889323358916,single_maturity_ea_slope
2024-08-01,NL,PSPP,102446.22222222222,1138.2913580246914,2.4026283301136364,0.6332693700889777,single_maturity_ea_slope
2024-09-01,NL,PSPP,102156.44444444444,857.6933492632384,2.3232181549998736,0.6474579789554679,single_maturity_ea_slope
2024-10-01,NL,PSPP,102078.22222222222,1078.440418679552,2.374068154461217,0.6656993448416718,single_maturity_ea_slope
2024-11-01,NL,PSPP,101914.66666666666,1001.7209538305365,2.420789944785714,0.6829501595412403,single_maturity_ea_slope
2024-12-01,NL,PSPP,101914.66666666666,1177.9318847280013,2.2962343020932625,0.7015965319701818,single_maturity_ea_slope
2025-01-01,NL,PSPP,101827.55555555555,1104.037400654513,2.5607038693421975,0.7217533944333105,single_maturity_ea_slope
2025-02-01,NL,PSPP,101827.55555555555,1203.6354084581035,2.451955162655,0.7422049519773022,single_maturity_ea_slope
2025-03-01,NL,PSPP,101827.55555555555,1217.450449014294,2.6900320369347615,0.7654931763311694,single_maturity_ea_slope
2025-04-01,NL,PSPP,101179.55555555555,574.7132031166611,2.41137230515535,0.7748419865811811,single_maturity_ea_slope
2025-05-01,NL,PSPP,100855.11111111111,901.083118001729,2.482320816844952,0.7900973398433573,single_maturity_ea_slope
2025-06-01,NL,PSPP,100855.11111111111,1235.9694989106754,2.45332432014,0.8104800234254239,single_maturity_ea_slope
2025-07-01,NL,PSPP,95273.77777777777,0.0,2.5636891006290283,0.8104800234254239,single_maturity_ea_slope
2025-08-01,NL,PSPP,95273.77777777777,1118.2368283776734,2.5834950452419045,0.8312900588927534,single_maturity_ea_slope
2025-09-01,NL,PSPP,95069.33333333333,923.3228114478177,2.5807058096221813,0.8482805584862564,single_maturity_ea_slope
2025-10-01,NL,PSPP,95069.33333333333,1139.9200639488408,2.498673312691304,0.868069440431161,single_maturity_ea_slope
2025-11-01,NL,PSPP,94915.55555555555,996.0690211256217,2.53286226324485,0.8855402179838077,single_maturity_ea_slope
2025-12-01,NL,PSPP,94915.55555555555,1163.1808278867102,2.664477327290476,0.9073409178527619,single_maturity_ea_slope
2026-01-01,NL,PSPP,91560.88888888889,0.0,2.653839617929254,0.9073409178527619,single_maturity_ea_slope
2026-02-01,NL,PSPP,91560.88888888889,1099.4343046216245,2.55157559508685,0.9270843697888099,single_maturity_ea_slope
2026-03-01,NL,PSPP,91560.88888888889,1113.8794268721279,2.7777545470759097,0.9495986055222296,single_maturity_ea_slope
2026-04-01,NL,PSPP,90909.33333333333,465.5855973103346,2.89992468142175,0.9595870599273248,single_maturity_ea_slope
2026-05-01,NL,PSPP,90909.33333333333,1124.0026376524893,2.92223122727105,0.9838531846472028,single_maturity_ea_slope
2026-06-01,NL,PSPP,90909.33333333333,1137.504170837504,2.8434871101353183,1.0071218774085655,single_maturity_ea_slope
2026-07-01,NL,PSPP,85861.33333333333,0.0,2.990058716998261,1.0071218774085655,single_maturity_ea_slope
2026-08-01,NL,PSPP,85861.33333333333,1026.5582655826558,3.0726955840197383,1.0318178805961693,single_maturity_ea_slope
2020-03-01,PT,PEPP,253.365,253.365,0.5745295271324709,0.5745295271324709,single_maturity_ea_slope
2020-04-01,PT,PEPP,1629.537,1378.892844072165,0.8569154526360567,0.8134807948505958,single_maturity_ea_slope
2020-05-01,PT,PEPP,3689.35,2078.621137119114,0.6569459788187939,0.7252873251882554,single_maturity_ea_slope
2020-06-01,PT,PEPP,6023.8640000000005,2378.247404457089,0.36676560660715696,0.583741409367946,single_maturity_ea_slope
2020-07-01,PT,PEPP,7827.645,1874.0875359477125,0.25882692453987927,0.5059506835155151,single_maturity_ea_slope
2020-08-01,PT,PEPP,8951.341,1217.4178031609194,0.20669388780624343,0.46525057491576927,single_maturity_ea_slope
2020-09-01,PT,PEPP,10355.961,1510.5781084280293,0.1697967044892788,0.4221540290021078,single_maturity_ea_slope
2020-10-01,PT,PEPP,11760.581,1532.6610608308613,0.02582212353697061,0.3705033087977817,single_maturity_ea_slope
2020-11-01,PT,PEPP,13165.201000000001,1549.169913962636,-0.07036795711138528,0.31862529333283723,single_maturity_ea_slope
2020-12-01,PT,PEPP,14288.897,1287.687043846537,-0.10652788716080866,0.28031133234817784,single_maturity_ea_slope
2021-01-01,PT,PEPP,15384.145,1275.1183046324265,-0.11272303700696998,0.24773459059786213,single_maturity_ea_slope
2021-02-01,PT,PEPP,16506.952,1317.3460111279724,-0.02794680613035519,0.22573369132087234,single_maturity_ea_slope
2021-03-01,PT,PEPP,17892.903000000002,1591.568239661187,0.011265400358922123,0.20665680255053395,single_maturity_ea_slope
2021-04-01,PT,PEPP,19525.996,1840.7636476323091,0.14521537847035676,0.20086456844859363,single_maturity_ea_slope
2021-05-01,PT,PEPP,21096.859,1790.7503423423434,0.3231353870012684,0.211243199228734,single_maturity_ea_slope
2021-06-01,PT,PEPP,22586.823,1729.4832892824704,0.2321821824333991,0.21284650667693222,single_maturity_ea_slope
2021-07-01,PT,PEPP,24259.921000000002,1931.292135802471,0.10054857922894922,0.20390665464084332,single_maturity_ea_slope
2021-08-01,PT,PEPP,25517.856,1543.4802095103555,-0.028281130636758384,0.18986247900688652,single_maturity_ea_slope
2021-09-01,PT,PEPP,26889.583,1677.2568850574703,0.05573851772160743,0.1814964014252105,single_maturity_ea_slope
2021-10-01,PT,PEPP,28153.741,1594.6592659783707,0.17056437457174656,0.18087719924110998,single_maturity_ea_slope
2021-11-01,PT,PEPP,29425.011,1616.7994673539488,0.19970633846821848,0.1819117933241206,single_maturity_ea_slope
2021-12-01,PT,PEPP,29855.287,794.0867195845714,0.1934475229193795,0.18221861903550346,single_maturity_ea_slope
2022-01-01,PT,PEPP,30100.651,605.4132884708166,0.41572696683351706,0.18691516386191875,single_maturity_ea_slope
2022-02-01,PT,PEPP,31007.431,1274.5787658846518,0.9262832307232589,0.21730732496016153,single_maturity_ea_slope
2022-03-01,PT,PEPP,30887.416,257.7558455165698,1.0084758352927887,0.2239096353744374,single_maturity_ea_slope
2022-04-01,PT,PEPP,31451.042,947.7978407960201,1.648350046012509,0.26683608421976845,single_maturity_ea_slope
2022-05-01,PT,PEPP,30940.756,0.0,2.010571508977315,0.26683608421976845,single_maturity_ea_slope
2022-06-01,PT,PEPP,31310.58,754.6592736318413,2.511216857183796,0.32093098645020635,single_maturity_ea_slope
2022-07-01,PT,PEPP,31397.702,481.2632386706943,2.025671479359253,0.3470612086782689,single_maturity_ea_slope
2022-08-01,PT,PEPP,31579.947,583.544872188138,1.9581614239119585,0.37683165981869754,single_maturity_ea_slope
2022-09-01,PT,PEPP,31555.055,379.3571935483873,2.7811005307935464,0.40573595713108596,single_maturity_ea_slope
2022-10-01,PT,PEPP,30500.701,0.0,3.0972912757619095,0.40573595713108596,single_maturity_ea_slope
2022-11-01,PT,PEPP,30605.603,481.45386419752913,2.939263668728683,0.44559064343804045,single_maturity_ea_slope
2022-12-01,PT,PEPP,30773.624,551.5498596491234,3.0630467010380906,0.4925028147574488,single_maturity_ea_slope
2023-01-01,PT,PEPP,30146.879,0.0,3.108262028561774,0.4925028147574488,single_maturity_ea_slope
2023-02-01,PT,PEPP,30533.594,758.3481237672586,3.2671777239071935,0.5614160750640408,single_maturity_ea_slope
2023-03-01,PT,PEPP,30195.774,27.76421934865931,3.2459139500337515,0.5638844001959505,single_maturity_ea_slope
2023-04-01,PT,PEPP,30435.804,604.713260869564,3.1447764204690816,0.615162809977128,single_maturity_ea_slope
2023-05-01,PT,PEPP,30104.207000000002,33.340697841728684,3.072028171536796,0.6178838119174073,single_maturity_ea_slope
2023-06-01,PT,PEPP,30289.119,546.9154511784478,3.058873218918204,0.6619595350459556,single_maturity_ea_slope
2023-07-01,PT,PEPP,30217.11,290.12776470588415,3.219714661799738,0.686517667097303,single_maturity_ea_slope
2023-08-01,PT,PEPP,30353.127,499.9031994219652,3.2394084307279996,0.7285627012222474,single_maturity_ea_slope
2023-09-01,PT,PEPP,30157.547,165.25127674750183,3.378993384962857,0.7430859996330529,single_maturity_ea_slope
2023-10-01,PT,PEPP,28624.022,0.0,3.499431189243409,0.7430859996330529,single_maturity_ea_slope
2023-11-01,PT,PEPP,28736.925,436.1191472448042,3.217981661252697,0.7806456684377502,single_maturity_ea_slope
2023-12-01,PT,PEPP,28767.151,358.2730890410983,2.7501151641073687,0.8051739201226586,single_maturity_ea_slope
2024-01-01,PT,PEPP,28795.599000000002,357.74231089743625,2.8338984217602428,0.8303777921237265,single_maturity_ea_slope
2024-02-01,PT,PEPP,27294.967,0.0,2.979632744524508,0.8303777921237265,single_maturity_ea_slope
2024-03-01,PT,PEPP,27478.99,481.3537952069727,2.9519116567509998,0.8675410349284459,single_maturity_ea_slope
2024-04-01,PT,PEPP,27675.459,498.56871416006766,3.05575923755527,0.9069614158365028,single_maturity_ea_slope
2024-05-01,PT,PEPP,27918.156,548.1656423841061,3.100049744371364,0.950022127740842,single_maturity_ea_slope
2024-06-01,PT,PEPP,28023.947,416.40688785046837,3.115337985620783,0.9821964833943498,single_maturity_ea_slope
2024-07-01,PT,PEPP,28083.510000000002,373.8737559443716,3.005654834791739,1.0091346394095326,single_maturity_ea_slope
2024-08-01,PT,PEPP,28119.07,354.4009400544936,2.7384125432409094,1.0309297313074264,single_maturity_ea_slope
2024-09-01,PT,PEPP,28082.621,284.544949771689,2.6242457103514294,1.0470738802181534,single_maturity_ea_slope
2024-10-01,PT,PEPP,28108.402000000002,349.46266205624977,2.5652419650975653,1.065948772515154,single_maturity_ea_slope
2024-11-01,PT,PEPP,28156.408,374.24093500464016,2.6362917201095235,1.086820987926497,single_maturity_ea_slope
2024-12-01,PT,PEPP,28183.078,357.61038551951293,2.5267497559467365,1.1050920043801415,single_maturity_ea_slope
2025-01-01,PT,PEPP,28058.618,209.1465104166639,2.78233221367697,1.117594007754112,single_maturity_ea_slope
2025-02-01,PT,PEPP,28058.618,335.46889048302245,2.7707268633915247,1.1373588673384905,single_maturity_ea_slope
2025-03-01,PT,PEPP,27952.827,232.59078967679943,3.0397433518233328,1.153188289869357,single_maturity_ea_slope
2025-04-01,PT,PEPP,27952.827,341.05450219619325,2.798391247424325,1.1732615323968703,single_maturity_ea_slope
2025-05-01,PT,PEPP,27906.599000000002,298.3581316568056,2.7482537332089523,1.1901002639961,single_maturity_ea_slope
2025-06-01,PT,PEPP,27906.599000000002,348.1362150698603,2.7057121333325718,1.2090075976954076,single_maturity_ea_slope
2025-07-01,PT,PEPP,27872.817,318.5740479797952,2.7570256574660865,1.2267007637520344,single_maturity_ea_slope
2025-08-01,PT,PEPP,27872.817,356.79489247311824,2.7545439217943097,1.246258407864199,single_maturity_ea_slope
2025-09-01,PT,PEPP,27866.594,355.01102021773124,2.760946625437545,1.2655550255072627,single_maturity_ea_slope
2025-10-01,PT,PEPP,25707.213,0.0,2.7278127151608693,1.2655550255072627,single_maturity_ea_slope
2025-11-01,PT,PEPP,25707.213,310.9242017416546,2.72686226324485,1.283229278503605,single_maturity_ea_slope
2025-12-01,PT,PEPP,25707.213,315.039375,2.8424773272904758,1.3023377104740324,single_maturity_ea_slope
2026-01-01,PT,PEPP,25707.213,318.78984375,2.8665474654685714,1.321735152872278,single_maturity_ea_slope
2026-02-01,PT,PEPP,25707.213,322.6306852409639,2.7964477092710993,1.3402430915821026,single_maturity_ea_slope
2026-03-01,PT,PEPP,25707.213,326.56520579268295,3.0924875058350914,1.3625022939989344,single_maturity_ea_slope
2026-04-01,PT,PEPP,25707.213,331.10784389489953,3.14964912368075,1.3855206715064279,single_maturity_ea_slope
2026-05-01,PT,PEPP,25707.213,335.25316901408456,3.149348518073425,1.4085231212529978,single_maturity_ea_slope
2026-06-01,PT,PEPP,25707.213,339.5036053882726,3.070562017813386,1.430472921788661,single_maturity_ea_slope
2026-07-01,PT,PEPP,23837.646,0.0,3.2212406459330443,1.430472921788661,single_maturity_ea_slope
2026-08-01,PT,PEPP,23837.646,296.04627421758573,3.3071824165749284,1.453780292563453,single_maturity_ea_slope
2015-03-01,PT,PSPP,954.6666666666666,954.6666666666666,1.7890113296323533,1.7890113296323533,single_maturity_ea_slope
2015-04-01,PT,PSPP,1918.2222222222222,970.9491945477075,1.9011884666403263,1.8457921861789839,single_maturity_ea_slope
2015-05-01,PT,PSPP,2961.777777777778,1058.3156526794571,2.464727316628185,2.0669528490289357,single_maturity_ea_slope
2015-06-01,PT,PSPP,3996.4444444444443,1057.9510831586301,2.9771172749567767,2.307894379343807,single_maturity_ea_slope
2015-07-01,PT,PSPP,5027.555555555556,1062.5890919274664,2.78878322430297,2.409531693031679,single_maturity_ea_slope
2015-08-01,PT,PSPP,5886.222222222222,897.4954862183772,2.5829907310009226,2.435979675751979,single_maturity_ea_slope
2015-09-01,PT,PSPP,6906.666666666666,1065.5703431122013,2.663036139176608,2.4710102694253226,single_maturity_ea_slope
2015-10-01,PT,PSPP,7959.11111111111,1106.5888993414862,2.4597800685363085,2.46944888707148,single_maturity_ea_slope
2015-11-01,PT,PSPP,9068.444444444443,1172.1419753086416,2.6228793408098396,2.489280543561095,single_maturity_ea_slope
2015-12-01,PT,PSPP,9973.333333333332,977.9037394882804,2.5197300686714503,2.4922661756938886,single_maturity_ea_slope
2016-01-01,PT,PSPP,11037.333333333332,1145.4016759168571,2.7263271881775966,2.51655590835567,single_maturity_ea_slope
2016-02-01,PT,PSPP,12116.444444444443,1170.088141554017,3.2365821511044577,2.58608902692944,single_maturity_ea_slope
2016-03-01,PT,PSPP,13194.666666666666,1177.5047889580833,2.852510871740392,2.609864769513409,single_maturity_ea_slope
2016-04-01,PT,PSPP,14443.555555555555,1357.2194854953473,3.137269483658025,2.659423477687855,single_maturity_ea_slope
2016-05-01,PT,PSPP,15733.333333333332,1407.7806826434273,3.160353007267514,2.7042454426311537,single_maturity_ea_slope
2016-06-01,PT,PSPP,17011.555555555555,1407.6507623121645,3.2091280445756962,2.746022831958333,single_maturity_ea_slope
2016-07-01,PT,PSPP,17863.11111111111,992.4730137692356,3.059576932724041,2.763443872527972,single_maturity_ea_slope
2016-08-01,PT,PSPP,18504.888888888887,791.9889374743054,2.9044697055605377,2.7694796234222645,single_maturity_ea_slope
2016-09-01,PT,PSPP,19413.333333333332,1065.3187144418077,3.2402690515912984,2.7953144854615752,single_maturity_ea_slope
2016-10-01,PT,PSPP,20320.888888888887,1072.8035410282594,3.3055873125805673,2.822253390487677,single_maturity_ea_slope
2016-11-01,PT,PSPP,21230.222222222223,1084.2721150902994,3.4777860344989904,2.855732821790516,single_maturity_ea_slope
2016-12-01,PT,PSPP,21875.555555555555,831.5633528265096,3.674381290123174,2.8868524001428977,single_maturity_ea_slope
2017-01-01,PT,PSPP,22487.11111111111,806.3165558721106,3.860017408610209,2.921747013952801,single_maturity_ea_slope
2017-02-01,PT,PSPP,23070.222222222223,785.0427841634759,3.937307283494215,2.9563049065386227,single_maturity_ea_slope
2017-03-01,PT,PSPP,23659.555555555555,798.7580085532143,3.8757278414015093,2.9873450683347635,single_maturity_ea_slope
2017-04-01,PT,PSPP,24127.11111111111,685.4151831389393,3.646599879048486,3.006073512645383,single_maturity_ea_slope
2017-05-01,PT,PSPP,24575.11111111111,672.6472170494517,3.142412993754708,3.0098052708509715,single_maturity_ea_slope
2017-06-01,PT,PSPP,25027.555555555555,683.8485038711035,2.814961749607955,3.0044814009190777,single_maturity_ea_slope
2017-07-01,PT,PSPP,25487.11111111111,698.4592931992695,2.8496417837589627,3.000238112258805,single_maturity_ea_slope
2017-08-01,PT,PSPP,25855.11111111111,613.8247599451303,2.6431717325812683,2.9917610191282376,single_maturity_ea_slope
2017-09-01,PT,PSPP,26294.22222222222,691.11024474767,2.4282188197276544,2.976949027959158,single_maturity_ea_slope
2017-10-01,PT,PSPP,26728.888888888887,693.0611460517132,2.109758969511168,2.9544634043235845,single_maturity_ea_slope
2017-11-01,PT,PSPP,27162.666666666664,698.9453262786592,1.761324536507904,2.923761748794138,single_maturity_ea_slope
2017-12-01,PT,PSPP,27621.333333333332,731.056023532559,1.6141539466115546,2.8891002550604004,single_maturity_ea_slope
2018-01-01,PT,PSPP,28031.11111111111,689.4591602538135,1.6310765975677675,2.858157638086131,single_maturity_ea_slope
2018-02-01,PT,PSPP,28465.777777777777,719.8835074390643,1.8143048273958873,2.8317591876915507,single_maturity_ea_slope
2018-03-01,PT,PSPP,28876.44444444444,702.0853580853557,1.5744998764040479,2.8011909037232923,single_maturity_ea_slope
2018-04-01,PT,PSPP,29430.22222222222,848.6761074800286,1.4515581700067388,2.7622716918216805,single_maturity_ea_slope
2018-05-01,PT,PSPP,29935.11111111111,805.4426289034147,1.6211494620430802,2.731568331969715,single_maturity_ea_slope
2018-06-01,PT,PSPP,30486.22222222222,857.949068379571,1.6441179209214363,2.700965095521882,single_maturity_ea_slope
2018-07-01,PT,PSPP,31053.333333333332,881.5317198386525,1.5470918470958774,2.6682093247245184,single_maturity_ea_slope
2018-08-01,PT,PSPP,31552.888888888887,821.8192887781921,1.602265361828807,2.6404459933684206,single_maturity_ea_slope
2018-09-01,PT,PSPP,32038.22222222222,814.4206183655483,1.6628048784755147,2.6155940813051353,single_maturity_ea_slope
2018-10-01,PT,PSPP,32273.777777777777,571.8089374008798,1.7324491736753607,2.599947008480878,single_maturity_ea_slope
2018-11-01,PT,PSPP,32456.888888888887,524.4158676442923,1.6720184862237462,2.5849541839135806,single_maturity_ea_slope
2018-12-01,PT,PSPP,32752.0,641.8727445394132,1.4844089081289986,2.563385729570098,single_maturity_ea_slope
2019-01-01,PT,PSPP,33145.777777777774,743.6923076923036,1.4399486155847274,2.5381791543782763,single_maturity_ea_slope
2019-02-01,PT,PSPP,33482.666666666664,694.217239231471,1.3294834326820992,2.5131185038828914,single_maturity_ea_slope
2019-03-01,PT,PSPP,33824.0,705.5921090803622,1.1057966440934555,2.4837607934050143,single_maturity_ea_slope
2019-04-01,PT,PSPP,34261.33333333333,807.7231712658734,0.9670400101898948,2.448003559177604,single_maturity_ea_slope
2019-05-01,PT,PSPP,34652.444444444445,767.7748460861974,0.8050209730989957,2.411600912196345,single_maturity_ea_slope
2019-06-01,PT,PSPP,33949.33333333333,0.0,0.41398016581295904,2.411600912196345,single_maturity_ea_slope
2019-07-01,PT,PSPP,34409.777777777774,824.0834047415032,0.27860560405944096,2.3605175821272306,single_maturity_ea_slope
2019-08-01,PT,PSPP,34760.88888888889,723.0282941826448,0.04526947827779032,2.3123603013256187,single_maturity_ea_slope
2019-09-01,PT,PSPP,35121.777777777774,737.5781919761057,0.07753474711574851,2.265427637435835,single_maturity_ea_slope
2019-10-01,PT,PSPP,35682.666666666664,942.9795957837748,0.05762999972255334,2.2070825551180917,single_maturity_ea_slope
2019-11-01,PT,PSPP,36153.777777777774,859.8111837327507,0.21388152777314945,2.1596801357838618,single_maturity_ea_slope
2019-12-01,PT,PSPP,36612.444444444445,854.0491882959122,0.2615178119989513,2.1154021855819223,single_maturity_ea_slope
2020-01-01,PT,PSPP,36878.22222222222,667.7589420777786,0.2320259999352545,2.081299639052332,single_maturity_ea_slope
2020-02-01,PT,PSPP,37132.444444444445,661.2666176109925,0.11741310816088618,2.046326110563052,single_maturity_ea_slope
2020-03-01,PT,PSPP,37502.22222222222,782.3604938271565,0.5894481623514812,2.0159331449341162,single_maturity_ea_slope
2020-04-01,PT,PSPP,37912.88888888888,830.1546109868233,0.8415421447419396,1.9902182460571627,single_maturity_ea_slope
2020-05-01,PT,PSPP,38264.88888888888,780.1039847435511,0.6656397354335395,1.9632141437522106,single_maturity_ea_slope
2020-06-01,PT,PSPP,38631.11111111111,802.4384658256107,0.3818718793849334,1.9303667877205817,single_maturity_ea_slope
2020-07-01,PT,PSPP,38977.777777777774,790.0908070605016,0.2647502703633809,1.8966042601092121,single_maturity_ea_slope
2020-08-01,PT,PSPP,39271.11111111111,742.5931048614336,0.21959990553956432,1.8648931158280488,single_maturity_ea_slope
2020-09-01,PT,PSPP,39555.555555555555,739.6033585741521,0.17735768230232213,1.833339852150699,single_maturity_ea_slope
2020-10-01,PT,PSPP,39954.666666666664,856.9300411522618,0.04517572950903953,1.7949880979492125,single_maturity_ea_slope
2020-11-01,PT,PSPP,40344.88888888888,857.8564294631678,-0.05687909075249471,1.7556117055959013,single_maturity_ea_slope
2020-12-01,PT,PSPP,40791.11111111111,923.1121618072013,-0.09406834133711675,1.713753023636368,single_maturity_ea_slope
2021-01-01,PT,PSPP,41256.88888888888,947.9422117152574,-0.09737678930560836,1.6721394544405084,single_maturity_ea_slope
2021-02-01,PT,PSPP,41673.777777777774,904.5589703178371,-0.0038135957681087185,1.6357617021406885,single_maturity_ea_slope
2021-03-01,PT,PSPP,42112.88888888888,934.5197865483156,0.03174329512622645,1.600167208889521,single_maturity_ea_slope
2021-04-01,PT,PSPP,40891.555555555555,0.0,0.16183611001355463,1.600167208889521,single_maturity_ea_slope
2021-05-01,PT,PSPP,41329.777777777774,892.5728395061697,0.33109171827045036,1.5727597952736025,single_maturity_ea_slope
2021-06-01,PT,PSPP,41888.0,1016.8304976081314,0.2448246745335202,1.5405241924848931,single_maturity_ea_slope
2021-07-01,PT,PSPP,42440.0,1016.8024855747892,0.11462950637641456,1.506361768804333,single_maturity_ea_slope
2021-08-01,PT,PSPP,42863.11111111111,896.5604640785348,-0.005404541270889934,1.4747404079323738,single_maturity_ea_slope
2021-09-01,PT,PSPP,43618.666666666664,1231.8123456790115,0.09170411455777017,1.435682790841045,single_maturity_ea_slope
2021-10-01,PT,PSPP,44256.88888888888,1124.1699346405196,0.2207557378270123,1.40482240955196,single_maturity_ea_slope
2021-11-01,PT,PSPP,44849.777777777774,1084.6320987654335,0.24406311870119382,1.3767509931887612,single_maturity_ea_slope
2021-12-01,PT,PSPP,45363.555555555555,1012.7739702319174,0.23293498878404822,1.3512144790904101,single_maturity_ea_slope
2022-01-01,PT,PSPP,46005.33333333333,1147.8415389954841,0.44725292364702174,1.3286604718088002,single_maturity_ea_slope
2022-02-01,PT,PSPP,46297.777777777774,808.4306864064611,0.9564202207841935,1.3221605822657565,single_maturity_ea_slope
2022-03-01,PT,PSPP,46748.444444444445,969.2349661489494,1.040853776588143,1.3163282514680457,single_maturity_ea_slope
2022-04-01,PT,PSPP,47821.33333333333,1594.4021022360994,1.6817887534756344,1.328513001496314,single_maturity_ea_slope
2022-05-01,PT,PSPP,48450.666666666664,1164.9665471923558,2.039882602447659,1.3456174470037283,single_maturity_ea_slope
2022-06-01,PT,PSPP,48872.0,969.1699080355821,2.5455753493028226,1.3694135488579144,single_maturity_ea_slope
2022-07-01,PT,PSPP,49211.555555555555,895.9307832422578,2.0842337781864173,1.3824273510169764,single_maturity_ea_slope
2022-08-01,PT,PSPP,49304.0,656.5383870803412,2.009137491413251,1.3907727036200643,single_maturity_ea_slope
2022-09-01,PT,PSPP,49709.33333333333,975.9814814814766,2.8111261511322376,1.4186595926401733,single_maturity_ea_slope
2022-10-01,PT,PSPP,47652.444444444445,0.0,3.1432278784595824,1.4186595926401733,single_maturity_ea_slope
2022-11-01,PT,PSPP,47869.33333333333,749.199483665966,2.959759471561692,1.4427792357011244,single_maturity_ea_slope
2022-12-01,PT,PSPP,47728.0,391.2582702863125,3.07331322046341,1.456145811013753,single_maturity_ea_slope
2023-01-01,PT,PSPP,48208.88888888888,1009.7895981087414,3.112342208868308,1.4908367141547327,single_maturity_ea_slope
2023-02-01,PT,PSPP,48646.22222222222,972.2743995660131,3.266879337383684,1.526333833894377,single_maturity_ea_slope
2023-03-01,PT,PSPP,48726.22222222222,620.5135802469135,3.249718694155211,1.548280614519124,single_maturity_ea_slope
2023-04-01,PT,PSPP,48961.777777777774,780.5915983097183,3.153759050212106,1.5738765596634643,single_maturity_ea_slope
2023-05-01,PT,PSPP,49117.33333333333,703.2264479244336,3.0854983666205813,1.5955188672109335,single_maturity_ea_slope
2023-06-01,PT,PSPP,49176.0,607.3410783437641,3.0631663255713635,1.613644834959207,single_maturity_ea_slope
2023-07-01,PT,PSPP,49016.88888888888,396.17344173441165,3.220474710027079,1.626631855072424,single_maturity_ea_slope
2023-08-01,PT,PSPP,49016.88888888888,559.5535261288686,3.2461005954604345,1.6451189411499125,single_maturity_ea_slope
2023-09-01,PT,PSPP,49016.88888888888,565.7535651995485,3.383699535182857,1.665185660840967,single_maturity_ea_slope
2023-10-01,PT,PSPP,46673.777777777774,0.0,3.50180758797006,1.665185660840967,single_maturity_ea_slope
2023-11-01,PT,PSPP,46622.22222222222,470.5224956500132,3.2201997084711365,1.6808792304647897,single_maturity_ea_slope
2023-12-01,PT,PSPP,46408.88888888888,313.11452373782754,2.753222862948632,1.688114188547332,single_maturity_ea_slope
2024-01-01,PT,PSPP,46395.555555555555,516.4485032978232,2.834862403953182,1.7008791267491525,single_maturity_ea_slope
2024-02-01,PT,PSPP,44489.777777777774,0.0,2.9727080637544443,1.7008791267491525,single_maturity_ea_slope
2024-03-01,PT,PSPP,44452.444444444445,458.9827953790519,2.9469261666297997,1.7137448793682906,single_maturity_ea_slope
2024-04-01,PT,PSPP,44452.444444444445,501.2679797524182,3.049537855379857,1.7288079485610237,single_maturity_ea_slope
2024-05-01,PT,PSPP,44452.444444444445,506.7538126361656,3.093785229534273,1.7443685650791863,single_maturity_ea_slope
2024-06-01,PT,PSPP,44452.444444444445,513.0706884169488,3.1076293227194327,1.7601033383668163,single_maturity_ea_slope
2024-07-01,PT,PSPP,44452.444444444445,518.8193796036934,2.9951217227643476,1.774517651910205,single_maturity_ea_slope
2024-08-01,PT,PSPP,44452.444444444445,524.6983527436786,2.7240349162136366,1.785725362773088,single_maturity_ea_slope
2024-09-01,PT,PSPP,44452.444444444445,531.4735108135395,2.6055877348642627,1.7955276388621741,single_maturity_ea_slope
2024-10-01,PT,PSPP,44088.0,169.32650229480123,2.5476277462372607,1.7984161908617513,single_maturity_ea_slope
2024-11-01,PT,PSPP,44042.666666666664,490.2351797861977,2.6175077737135712,1.8075334296615677,single_maturity_ea_slope
2024-12-01,PT,PSPP,44042.666666666664,541.3307112422157,2.507850905596526,1.816141068254672,single_maturity_ea_slope
2025-01-01,PT,PSPP,44042.666666666664,548.6131871782096,2.7574852237038643,1.8278668300315677,single_maturity_ea_slope
2025-02-01,PT,PSPP,44042.666666666664,555.2529836947385,2.743996391689825,1.8394166227907491,single_maturity_ea_slope
2025-03-01,PT,PSPP,44042.666666666664,562.055470478135,2.9999150127842853,1.8542264542097582,single_maturity_ea_slope
2025-04-01,PT,PSPP,44042.666666666664,569.0267011197243,2.750093047989875,1.8658009580053672,single_maturity_ea_slope
2025-05-01,PT,PSPP,44042.666666666664,577.078965758211,2.698030121088953,1.8767054281715565,single_maturity_ea_slope
2025-06-01,PT,PSPP,44042.666666666664,584.4302901627742,2.66033817730781,1.8871039519127486,single_maturity_ea_slope
2025-07-01,PT,PSPP,44017.777777777774,567.0824372759839,2.7083156203104344,1.8976836480706392,single_maturity_ea_slope
2025-08-01,PT,PSPP,44017.777777777774,600.3515790749832,2.706603664926691,1.9087163815247592,single_maturity_ea_slope
2025-09-01,PT,PSPP,44017.777777777774,608.3164424789632,2.7148595183793636,1.919857110337012,single_maturity_ea_slope
2025-10-01,PT,PSPP,40448.0,0.0,2.6807458608304344,1.919857110337012,single_maturity_ea_slope
2025-11-01,PT,PSPP,40448.0,522.5839793281654,2.68007464616425,1.9296790423244439,single_maturity_ea_slope
2025-12-01,PT,PSPP,40448.0,529.9790356394129,2.7943817243295235,1.9410090040907577,single_maturity_ea_slope
2026-01-01,PT,PSPP,40409.777777777774,498.50813871195635,2.817306602955238,1.951819295782288,single_maturity_ea_slope
2026-02-01,PT,PSPP,40278.22222222222,409.84018101703066,2.7500686691290497,1.959941666870669,single_maturity_ea_slope
2026-03-01,PT,PSPP,40275.555555555555,543.9975871637134,3.057342135762182,1.9747641367036635,single_maturity_ea_slope
2026-04-01,PT,PSPP,40275.555555555555,553.8442733162206,3.1163075162535,1.9904619279515985,single_maturity_ea_slope
2026-05-01,PT,PSPP,40275.555555555555,562.1936844717414,3.118289267036275,2.0062049114675764,single_maturity_ea_slope
2026-06-01,PT,PSPP,40275.555555555555,569.8295919008992,3.041851907027068,2.0208575288354242,single_maturity_ea_slope
2026-07-01,PT,PSPP,37169.777777777774,0.0,3.1905483189390442,2.0208575288354242,single_maturity_ea_slope
2026-08-01,PT,PSPP,37169.777777777774,494.8053484794698,3.276871165228143,2.0375776251665307,single_maturity_ea_slope
2020-03-01,SI,PEPP,52.451,52.451,0.03446246032739263,0.03446246032739263,single_maturity_ea_slope
2020-04-01,SI,PEPP,410.718,358.8505669781931,0.14552579737343857,0.13150018808576638,single_maturity_ea_slope
2020-05-01,SI,PEPP,834.771,428.72875136612015,0.5943795767030099,0.369229699909948,single_maturity_ea_slope
2020-06-01,SI,PEPP,1314.8310000000001,490.30510309278367,0.2475448024530678,0.32385297378131966,single_maturity_ea_slope
2020-07-01,SI,PEPP,1685.544,386.7318961988304,-0.06494167723880809,0.23464777200612041,single_maturity_ea_slope
2020-08-01,SI,PEPP,1916.684,251.23470672389115,-0.24905855423471357,0.17124461477539968,single_maturity_ea_slope
2020-09-01,SI,PEPP,2205.609,311.64529397818865,-0.22970736069825753,0.11459142000351427,single_maturity_ea_slope
2020-10-01,SI,PEPP,2494.534,313.2372685185187,-0.2448754357135512,0.06945336375422922,single_maturity_ea_slope
2020-11-01,SI,PEPP,2783.459,313.940383072603,-0.2556269664485125,0.03278824909178332,single_maturity_ea_slope
2020-12-01,SI,PEPP,3014.599,257.52850018960976,-0.2796585400060717,0.006096820817100717,single_maturity_ea_slope
2021-01-01,SI,PEPP,3239.516,251.98775251436774,-0.20035636891526717,-0.009962268034469,single_maturity_ea_slope
2021-02-01,SI,PEPP,3469.767,258.6678070175436,-0.00810399928273033,-0.009823735878603357,single_maturity_ea_slope
2021-03-01,SI,PEPP,3755.136,315.51991240875924,0.002540050502258445,-0.008784886474499183,single_maturity_ea_slope
2021-04-01,SI,PEPP,4027.17,305.39519402985087,-0.02480371111644632,-0.00999965318652217,single_maturity_ea_slope
2021-05-01,SI,PEPP,4300.982,310.44928165938853,0.1431668173388713,0.0010560593807269624,single_maturity_ea_slope
2021-06-01,SI,PEPP,4594.352,331.5805721393034,0.10389208763485247,0.008477874053402567,single_maturity_ea_slope
2021-07-01,SI,PEPP,4938.395,384.4293572433198,0.10671780856053642,0.01612536172464055,single_maturity_ea_slope
2021-08-01,SI,PEPP,5181.981,286.633376220362,-0.1158094854384156,0.008827586861424295,single_maturity_ea_slope
2021-09-01,SI,PEPP,5336.667,200.33417653277016,0.014080088744478428,0.009024761547324404,single_maturity_ea_slope
2021-10-01,SI,PEPP,5362.448,72.99142993630568,0.13035647934113773,0.01067627883539857,single_maturity_ea_slope
2021-11-01,SI,PEPP,5460.238,145.53259259259255,0.11289615838750561,0.013400761556796554,single_maturity_ea_slope
2021-12-01,SI,PEPP,5408.676,0.0,0.1437390015710702,0.013400761556796554,single_maturity_ea_slope
2022-01-01,SI,PEPP,5610.479,250.74143648208457,0.3582370789253547,0.02881205773457109,single_maturity_ea_slope
2022-02-01,SI,PEPP,5770.499,212.08457869339225,0.6592874028015088,0.05198407421617737,single_maturity_ea_slope
2022-03-01,SI,PEPP,5777.611,58.930417744252956,1.0078963746654153,0.06173417874767723,single_maturity_ea_slope
2022-04-01,SI,PEPP,5793.613,68.05254954954995,1.526518405180524,0.07893972926489688,single_maturity_ea_slope
2022-05-01,SI,PEPP,5806.059,64.98148240841485,1.7892714484307046,0.09808178250988231,single_maturity_ea_slope
2022-06-01,SI,PEPP,5815.838,62.88967508232666,2.0546623805625517,0.11923930410589594,single_maturity_ea_slope
2022-07-01,SI,PEPP,5814.9490000000005,52.78244702842456,2.0383831212092627,0.13665942367464656,single_maturity_ea_slope
2022-08-01,SI,PEPP,5822.95,62.20447688292249,1.6521999050908593,0.15284939659926175,single_maturity_ea_slope
2022-09-01,SI,PEPP,5837.174,69.11606259426864,1.6664951197547841,0.17077197909331865,single_maturity_ea_slope
2022-10-01,SI,PEPP,5845.175,63.59313333333354,2.4488805052933107,0.1955568759106834,single_maturity_ea_slope
2022-11-01,SI,PEPP,5854.954,66.02587259430285,3.5276920046821525,0.233133111262706,single_maturity_ea_slope
2022-12-01,SI,PEPP,5861.177,63.1556526643329,3.5030868148456875,0.268367682805578,single_maturity_ea_slope
2023-01-01,SI,PEPP,5891.403,87.82404441823955,3.2379516764031564,0.31263572499474873,single_maturity_ea_slope
2023-02-01,SI,PEPP,5924.296,91.2006306413302,3.3754816678980806,0.35978621874962247,single_maturity_ea_slope
2023-03-01,SI,PEPP,5639.816,0.0,3.531238475875051,0.35978621874962247,single_maturity_ea_slope
2023-04-01,SI,PEPP,5662.93,76.33989656474189,3.317407093626731,0.39965682842797623,single_maturity_ea_slope
2023-05-01,SI,PEPP,5695.823,87.0112148318043,3.1136070232448407,0.44111600007780233,single_maturity_ea_slope
2023-06-01,SI,PEPP,5716.27,75.4472220934725,3.363908608674318,0.4796930062503486,single_maturity_ea_slope
2023-07-01,SI,PEPP,5734.939,74.31804595015564,3.3942151078011427,0.517461775450125,single_maturity_ea_slope
2023-08-01,SI,PEPP,5761.609,83.09403581267225,3.446623670760913,0.559706204641705,single_maturity_ea_slope
2023-09-01,SI,PEPP,5772.277,67.89494676201794,3.43391951498,0.5935134109985901,single_maturity_ea_slope
2023-10-01,SI,PEPP,5803.392,88.86086834733871,3.613305916092742,0.6397521252249342,single_maturity_ea_slope
2023-11-01,SI,PEPP,5819.394,74.62212121212161,3.474548819539015,0.6761027387999605,single_maturity_ea_slope
2023-12-01,SI,PEPP,5830.951,70.84177995110004,3.1892998513612634,0.7066362412803977,single_maturity_ea_slope
2024-01-01,SI,PEPP,5857.621,86.51145114942537,2.9693856738636972,0.7400548829098784,single_maturity_ea_slope
2024-02-01,SI,PEPP,5881.624,84.64089855072433,3.1489309078861907,0.7747203819712418,single_maturity_ea_slope
2024-03-01,SI,PEPP,5902.96,82.67959616186924,3.1443286936466,0.8079102152533795,single_maturity_ea_slope
2024-04-01,SI,PEPP,5926.963,86.34943008027008,3.1509099137362067,0.8420451826291225,single_maturity_ea_slope
2024-05-01,SI,PEPP,5950.966,87.24417584293701,3.1728363021115453,0.8762157610329112,single_maturity_ea_slope
2024-06-01,SI,PEPP,5960.745,73.93344156964163,3.255190130421983,0.9057231065970819,single_maturity_ea_slope
2024-07-01,SI,PEPP,5974.969,79.07109530026125,3.125008682261739,0.9350925211081657,single_maturity_ea_slope
2024-08-01,SI,PEPP,5981.192,71.91087379067717,2.8657362235500004,0.9583043283233597,single_maturity_ea_slope
2024-09-01,SI,PEPP,5707.38,0.0,2.821552250937397,0.9583043283233597,single_maturity_ea_slope
2024-10-01,SI,PEPP,5715.381,68.66617857142879,2.839964853650087,0.9809111217537352,single_maturity_ea_slope
2024-11-01,SI,PEPP,5726.938,72.93351417525753,2.9386998060444443,1.005843888401091,single_maturity_ea_slope
2024-12-01,SI,PEPP,5731.383,66.58625434027749,2.7646321078338243,1.0262771973790168,single_maturity_ea_slope
2025-01-01,SI,PEPP,5731.383,62.84411184210527,2.956755848927273,1.047444726453011,single_maturity_ea_slope
2025-02-01,SI,PEPP,5731.383,63.51266622340426,2.7811623062320003,1.0666570223282212,single_maturity_ea_slope
2025-03-01,SI,PEPP,5731.383,64.19559811827956,3.0727905104985394,1.089127155484251,single_maturity_ea_slope
2025-04-01,SI,PEPP,5729.6050000000005,63.11537635869631,2.8412785362476,1.1084282580618787,single_maturity_ea_slope
2025-05-01,SI,PEPP,5729.6050000000005,65.6763525905548,2.788262989437667,1.1276835851065348,single_maturity_ea_slope
2025-06-01,SI,PEPP,5729.6050000000005,66.40710477515067,2.756807249269397,1.1465654078251586,single_maturity_ea_slope
2025-07-01,SI,PEPP,5376.6720000000005,0.0,2.8035811987511736,1.1465654078251586,single_maturity_ea_slope
2025-08-01,SI,PEPP,5376.6720000000005,59.34516556291392,2.919504434773333,1.1661342712572575,single_maturity_ea_slope
2025-09-01,SI,PEPP,5375.783,59.09172289156615,2.9316201683594993,1.185540858800046,single_maturity_ea_slope
2025-10-01,SI,PEPP,5375.783,60.702156729900636,2.856752388475623,1.204411811032155,single_maturity_ea_slope
2025-11-01,SI,PEPP,5375.783,61.36738584474887,2.8522032507635,1.2232222155952983,single_maturity_ea_slope
2025-12-01,SI,PEPP,5375.783,62.04735687903971,2.988994107566666,1.2436027775986613,single_maturity_ea_slope
2026-01-01,SI,PEPP,5375.783,62.830563347358584,2.9153243155374446,1.2631413649986005,single_maturity_ea_slope
2026-02-01,SI,PEPP,5188.204,0.0,2.833127702154166,1.2631413649986005,single_maturity_ea_slope
2026-03-01,SI,PEPP,4856.607,0.0,3.0787916763204093,1.2631413649986005,single_maturity_ea_slope
2026-04-01,SI,PEPP,4854.829,50.44358064516104,3.22281193776625,1.2835031121528986,single_maturity_ea_slope
2026-05-01,SI,PEPP,4854.829,52.7469469795741,3.296382677210917,1.305372729330843,single_maturity_ea_slope
2026-06-01,SI,PEPP,4837.049,35.313055555555806,3.1931847118567878,1.3191547706989133,single_maturity_ea_slope
2026-07-01,SI,PEPP,4837.049,53.53086542718017,3.198405095249392,1.3399521403818535,single_maturity_ea_slope
2026-08-01,SI,PEPP,4837.049,54.10569351230425,3.3612588839930955,1.3625618355005475,single_maturity_ea_slope
2015-03-01,SI,PSPP,185.77777777777777,185.77777777777777,0.7117145331843212,0.7117145331843212,single_maturity_ea_slope
2015-04-01,SI,PSPP,380.4444444444444,196.6213991769547,0.9283150161591176,0.8236580525254945,single_maturity_ea_slope
2015-05-01,SI,PSPP,585.7777777777777,209.56613756613754,1.3355203727667002,1.0067804130655775,single_maturity_ea_slope
2015-06-01,SI,PSPP,788.4444444444445,209.12365275328247,1.8150869731864856,1.221172208946683,single_maturity_ea_slope
2015-07-01,SI,PSPP,994.6666666666666,215.33507987876914,2.0433822531176067,1.3991722078126403,single_maturity_ea_slope
2015-08-01,SI,PSPP,1165.3333333333333,181.36200716845875,1.780334635873964,1.4584929026156195,single_maturity_ea_slope
2015-09-01,SI,PSPP,1367.111111111111,213.97766610831943,1.7819237291352796,1.509115688754717,single_maturity_ea_slope
2015-10-01,SI,PSPP,1584.888888888889,231.93006671267545,1.5584604744443638,1.5163367245744241,single_maturity_ea_slope
2015-11-01,SI,PSPP,1805.3333333333333,236.70972450282784,1.4021034504231698,1.5013588108816251,single_maturity_ea_slope
2015-12-01,SI,PSPP,1980.4444444444443,194.01116694584027,1.3288228184160829,1.4844565901037083,single_maturity_ea_slope
2016-01-01,SI,PSPP,2204.4444444444443,245.35019884049638,1.301818906282006,1.4641293860526599,single_maturity_ea_slope
2016-02-01,SI,PSPP,2453.333333333333,273.1883205957278,1.3018053221852197,1.4460539627917006,single_maturity_ea_slope
2016-03-01,SI,PSPP,2664.0,237.11484835417593,1.2117770516874222,1.4252016601455384,single_maturity_ea_slope
2016-04-01,SI,PSPP,2873.777777777778,237.49313358302126,1.1485868535795944,1.4023418142260649,single_maturity_ea_slope
2016-05-01,SI,PSPP,3088.8888888888887,243.92958060346723,1.2249103497527927,1.3883300500378122,single_maturity_ea_slope
2016-06-01,SI,PSPP,3314.6666666666665,256.9032200277666,1.1991987951141299,1.3736714332645459,single_maturity_ea_slope
2016-07-01,SI,PSPP,3512.8888888888887,231.82589889159226,0.7949951439575559,1.3354828781524954,single_maturity_ea_slope
2016-08-01,SI,PSPP,3648.8888888888887,171.4837261503928,0.6535776081215687,1.3034359564326894,single_maturity_ea_slope
2016-09-01,SI,PSPP,3843.555555555555,230.82291804289412,0.6028693648833212,1.261363759840902,single_maturity_ea_slope
2016-10-01,SI,PSPP,4043.555555555555,237.46155512237382,0.47905525353248835,1.215421966302731,single_maturity_ea_slope
2016-11-01,SI,PSPP,4235.555555555556,230.7313750532146,0.7428807651521488,1.1896803416963055,single_maturity_ea_slope
2016-12-01,SI,PSPP,4384.888888888889,189.1262265647832,0.8071817156783728,1.1731826552923712,single_maturity_ea_slope
2017-01-01,SI,PSPP,4527.111111111111,183.3717050383721,0.8342804650678655,1.1594553420152174,single_maturity_ea_slope
2017-02-01,SI,PSPP,4662.222222222222,177.5474732325119,0.8470570620535816,1.1475585420332264,single_maturity_ea_slope
2017-03-01,SI,PSPP,4795.555555555556,175.60955950509873,0.8751457945551494,1.137582996544492,single_maturity_ea_slope
2017-04-01,SI,PSPP,4896.0,143.97708383765018,0.8900335798102721,1.130303290023433,single_maturity_ea_slope
2017-05-01,SI,PSPP,5001.777777777777,149.74329501915668,0.8808546242889428,1.1228352922824758,single_maturity_ea_slope
2017-06-01,SI,PSPP,5143.11111111111,185.44072114442454,0.786807793290761,1.1107194385917474,single_maturity_ea_slope
2017-07-01,SI,PSPP,5290.666666666666,192.38741670540844,1.0892459723259398,1.1099385871484657,single_maturity_ea_slope
2017-08-01,SI,PSPP,5416.0,171.30714865021494,1.0342797134987647,1.107545509985427,single_maturity_ea_slope
2017-09-01,SI,PSPP,5557.333333333333,187.91056071551398,0.9368605752521191,1.1017741265056835,single_maturity_ea_slope
2017-10-01,SI,PSPP,5703.11111111111,190.95934959349552,0.9912917272317766,1.0980748040313641,single_maturity_ea_slope
2017-11-01,SI,PSPP,5928.888888888889,272.0092232310136,0.8336524663250415,1.0859434728439612,single_maturity_ea_slope
2017-12-01,SI,PSPP,6139.555555555556,258.49571546376995,0.7159611824650682,1.0703659874714453,single_maturity_ea_slope
2018-01-01,SI,PSPP,6235.555555555556,145.24250525790467,0.908259069941467,1.0665900905827208,single_maturity_ea_slope
2018-02-01,SI,PSPP,6337.777777777777,152.1866096866092,1.1662226778231632,1.0689825294150817,single_maturity_ea_slope
2018-03-01,SI,PSPP,6434.666666666666,146.20244147041512,1.1563512874514124,1.070967640127859,single_maturity_ea_slope
2018-04-01,SI,PSPP,6547.555555555555,162.77002583979308,0.9395793930326145,1.0677013725577287,single_maturity_ea_slope
2018-05-01,SI,PSPP,6648.0,151.2952952952961,1.0096312601469277,1.066379811967322,single_maturity_ea_slope
2018-06-01,SI,PSPP,6750.222222222222,153.94957983193225,1.0398162774715587,1.0657739882122148,single_maturity_ea_slope
2018-07-01,SI,PSPP,6853.333333333333,155.92975134759192,0.8338869920858141,1.0604980035361355,single_maturity_ea_slope
2018-08-01,SI,PSPP,6885.333333333333,84.88065843621398,0.8238336245218323,1.0575804645664708,single_maturity_ea_slope
2018-09-01,SI,PSPP,6954.666666666666,122.70801033591701,0.7992750852116124,1.053022929219505,single_maturity_ea_slope
2018-10-01,SI,PSPP,6991.11111111111,90.70994590095702,0.9629501281571238,1.051854231028093,single_maturity_ea_slope
2018-11-01,SI,PSPP,7019.555555555555,83.30250401060184,1.0509565584112703,1.0518435781632254,single_maturity_ea_slope
2018-12-01,SI,PSPP,7063.11111111111,99.00228190275593,0.9944980909315765,1.051039777401288,single_maturity_ea_slope
2019-01-01,SI,PSPP,7120.888888888889,113.9948353319896,1.0096893860935938,1.0503778191652329,single_maturity_ea_slope
2019-02-01,SI,PSPP,6908.444444444444,0.0,0.9205325797976134,1.0503778191652329,single_maturity_ea_slope
2019-03-01,SI,PSPP,6954.666666666666,99.97606944012122,0.7148189785145735,1.0455540288152323,single_maturity_ea_slope
2019-04-01,SI,PSPP,6999.11111111111,98.96519285042322,0.5597038393732513,1.0386842625075923,single_maturity_ea_slope
2019-05-01,SI,PSPP,7032.888888888889,89.11546840958655,0.4138805700495779,1.0307672209337657,single_maturity_ea_slope
2019-06-01,SI,PSPP,7058.666666666666,81.86142122984188,0.21534451562070947,1.021310525397308,single_maturity_ea_slope
2019-07-01,SI,PSPP,7103.11111111111,101.27750939345133,0.009522911797243636,1.006884265137875,single_maturity_ea_slope
2019-08-01,SI,PSPP,7123.555555555555,78.1370298173416,-0.048342706791460965,0.99530966580659,single_maturity_ea_slope
2019-09-01,SI,PSPP,7152.888888888889,87.70399504716183,-0.15243221691127193,0.981236813570108,single_maturity_ea_slope
2019-10-01,SI,PSPP,7219.555555555555,125.80099941210992,-0.08644631203422978,0.9626323990430788,single_maturity_ea_slope
2019-11-01,SI,PSPP,7259.555555555555,100.22318614911208,-0.010574972222241899,0.9491965980790146,single_maturity_ea_slope
2019-12-01,SI,PSPP,7296.888888888889,98.37904099861778,0.014498572722649438,0.9365946937937675,single_maturity_ea_slope
2020-01-01,SI,PSPP,7035.555555555555,0.0,0.10368714605111692,0.9365946937937675,single_maturity_ea_slope
2020-02-01,SI,PSPP,7063.11111111111,84.92309922446918,0.0495874517423582,0.9259297894981157,single_maturity_ea_slope
2020-03-01,SI,PSPP,7118.222222222222,113.21501956052815,0.024272999642184195,0.9115889768747422,single_maturity_ea_slope
2020-04-01,SI,PSPP,7200.888888888889,141.74885642614757,0.2714047281977749,0.8989870069579428,single_maturity_ea_slope
2020-05-01,SI,PSPP,7252.444444444444,112.04689366786151,0.7356531216926272,0.8964635743946364,single_maturity_ea_slope
2020-06-01,SI,PSPP,7304.888888888889,114.05202552195406,0.4097493149007945,0.8888644516714798,single_maturity_ea_slope
2020-07-01,SI,PSPP,7448.888888888889,207.14737974489012,0.07222996252949529,0.8661545284656978,single_maturity_ea_slope
2020-08-01,SI,PSPP,7540.444444444444,156.55458599961227,-0.12399640523725487,0.8455970307419127,single_maturity_ea_slope
2020-09-01,SI,PSPP,7670.222222222222,196.62568951930615,-0.11024391125217319,0.8210941051622781,single_maturity_ea_slope
2020-10-01,SI,PSPP,7808.0,206.58134991827183,-0.1634268685887793,0.7950459914609019,single_maturity_ea_slope
2020-11-01,SI,PSPP,7942.222222222222,203.9614147909963,-0.20998228847367068,0.7692362137759027,single_maturity_ea_slope
2020-12-01,SI,PSPP,8073.777777777777,202.34184987126173,-0.25667607520987323,0.7435252026392823,single_maturity_ea_slope
2021-01-01,SI,PSPP,7906.666666666666,0.0,-0.1788539409336196,0.7435252026392823,single_maturity_ea_slope
2021-02-01,SI,PSPP,8035.555555555555,195.7811618725322,0.011568800215180901,0.7256915539368534,single_maturity_ea_slope
2021-03-01,SI,PSPP,8180.444444444444,212.66516719148368,0.021962941610417147,0.7073968800943498,single_maturity_ea_slope
2021-04-01,SI,PSPP,8098.666666666666,0.0,0.02923654102285723,0.7073968800943498,single_maturity_ea_slope
2021-05-01,SI,PSPP,8225.777777777777,193.21188377407788,0.2219789997961985,0.6959951007606802,single_maturity_ea_slope
2021-06-01,SI,PSPP,8388.444444444443,230.53612027869394,0.1554297884598761,0.6811389697246569,single_maturity_ea_slope
2021-07-01,SI,PSPP,8560.888888888889,241.93122745011493,0.1429908139606964,0.6659308709438201,single_maturity_ea_slope
2021-08-01,SI,PSPP,8654.222222222223,164.46069199808045,-0.08864099631261399,0.6515913487701671,single_maturity_ea_slope
2021-09-01,SI,PSPP,8828.444444444443,246.41293144996706,0.04933481645823108,0.6347816153515846,single_maturity_ea_slope
2021-10-01,SI,PSPP,8968.888888888889,214.75794986906178,0.16316491023123067,0.6234888634878478,single_maturity_ea_slope
2021-11-01,SI,PSPP,9095.111111111111,202.3329561740971,0.13956454454648598,0.6127233173807392,single_maturity_ea_slope
2021-12-01,SI,PSPP,9198.22222222222,181.1673341724819,0.15589687121409326,0.6037257059475698,single_maturity_ea_slope
2022-01-01,SI,PSPP,9309.333333333332,190.790790790791,0.379911506318525,0.5991387299946803,single_maturity_ea_slope
2022-02-01,SI,PSPP,9371.555555555555,143.71148459383795,0.6808411307301216,0.6003916248033346,single_maturity_ea_slope
2022-03-01,SI,PSPP,9214.22222222222,0.0,1.0261776057587204,0.6003916248033346,single_maturity_ea_slope
2022-04-01,SI,PSPP,9395.555555555555,260.41179387420436,1.540920450003136,0.626459779806245,single_maturity_ea_slope
2022-05-01,SI,PSPP,9504.888888888889,190.0511645666291,1.808619054974335,0.6500971678467907,single_maturity_ea_slope
2022-06-01,SI,PSPP,9576.888888888889,154.08021492995584,2.0761031833672954,0.6730398286536554,single_maturity_ea_slope
2022-07-01,SI,PSPP,9663.111111111111,169.87778554235618,2.071831170882743,0.6976306227489926,single_maturity_ea_slope
2022-08-01,SI,PSPP,9727.111111111111,148.85345197673965,1.682190520373904,0.7126972892818675,single_maturity_ea_slope
2022-09-01,SI,PSPP,9822.22222222222,181.34436564223637,1.6826698895283365,0.7306055652200848,single_maturity_ea_slope
2022-10-01,SI,PSPP,9887.111111111111,152.2441203209629,2.4791957746678284,0.7575307787882878,single_maturity_ea_slope
2022-11-01,SI,PSPP,9933.333333333332,134.72124756335143,3.543363793455735,0.7953137552217614,single_maturity_ea_slope
2022-12-01,SI,PSPP,9976.888888888889,133.04504504504604,3.51112944834564,0.8315300371960063,single_maturity_ea_slope
2023-01-01,SI,PSPP,10031.111111111111,144.592592592593,3.243658777054293,0.8662994604732429,single_maturity_ea_slope
2023-02-01,SI,PSPP,10079.111111111111,139.05946905511178,3.377655042833181,0.9009481284005743,single_maturity_ea_slope
2023-03-01,SI,PSPP,9794.666666666666,0.0,3.53521361182063,0.9009481284005743,single_maturity_ea_slope
2023-04-01,SI,PSPP,9808.888888888889,101.7058473264265,3.327062181820436,0.9261038813414735,single_maturity_ea_slope
2023-05-01,SI,PSPP,9830.22222222222,109.79733846400391,3.128391670051624,0.9507020371375372,single_maturity_ea_slope
2023-06-01,SI,PSPP,9838.22222222222,97.43069707261846,3.3701337454645452,0.9746623535989244,single_maturity_ea_slope
2023-07-01,SI,PSPP,9838.22222222222,90.29205416870613,3.39630409665073,0.9968874063068154,single_maturity_ea_slope
2023-08-01,SI,PSPP,9838.22222222222,91.1959790713962,3.4579672597833477,1.0197005306438245,single_maturity_ea_slope
2023-09-01,SI,PSPP,9838.22222222222,92.01479818763768,3.445572839334286,1.0423891979529383,single_maturity_ea_slope
2023-10-01,SI,PSPP,9831.111111111111,85.73734323224856,3.6302801927116817,1.0649582540807352,single_maturity_ea_slope
2023-11-01,SI,PSPP,9831.111111111111,93.62962962962963,3.490392013956439,1.0880576232224086,single_maturity_ea_slope
2023-12-01,SI,PSPP,9819.555555555555,82.82915173237653,3.2087229691191577,1.1059456947053892,single_maturity_ea_slope
2024-01-01,SI,PSPP,9819.555555555555,95.26150131505194,2.992039255397773,1.1242430711187805,single_maturity_ea_slope
2024-02-01,SI,PSPP,9819.555555555555,96.15702659180918,3.1656959244873972,1.1442337962790685,single_maturity_ea_slope
2024-03-01,SI,PSPP,9819.555555555555,97.06954878959624,3.1565154472762,1.1641258647942636,single_maturity_ea_slope
2024-04-01,SI,PSPP,9813.333333333332,91.77733422044759,3.165972207424048,1.1828477521086842,single_maturity_ea_slope
2024-05-01,SI,PSPP,9813.333333333332,99.00457358084475,3.184582267431091,1.2030428138048344,single_maturity_ea_slope
2024-06-01,SI,PSPP,9809.777777777777,96.29521096187842,3.2683234079576162,1.2233161201951108,single_maturity_ea_slope
2024-07-01,SI,PSPP,9809.777777777777,100.92363968907179,3.1409899556826084,1.2430452748811962,single_maturity_ea_slope
2024-08-01,SI,PSPP,9809.777777777777,101.93035928696777,2.8883296374500005,1.2601409145587608,single_maturity_ea_slope
2024-09-01,SI,PSPP,9500.444444444443,0.0,2.838066600566318,1.2601409145587608,single_maturity_ea_slope
2024-10-01,SI,PSPP,9496.888888888889,93.8249738052944,2.857423276076696,1.2759213430214351,single_maturity_ea_slope
2024-11-01,SI,PSPP,9496.888888888889,98.31147918104439,2.9544038490119044,1.2932969383215436,single_maturity_ea_slope
2024-12-01,SI,PSPP,9496.888888888889,99.42304113158384,2.7797627155090523,1.3088587659721667,single_maturity_ea_slope
2025-01-01,SI,PSPP,9496.888888888889,100.43241210753901,2.9734676665524247,1.3264624980002997,single_maturity_ea_slope
2025-02-01,SI,PSPP,9496.888888888889,101.4624881291548,2.79796656198,1.3421836952650399,single_maturity_ea_slope
2025-03-01,SI,PSPP,9496.888888888889,102.6468751501177,3.0946446363443965,1.3611251235084398,single_maturity_ea_slope
2025-04-01,SI,PSPP,9490.666666666666,97.36513476827574,2.8687186914940668,1.3765915871487924,single_maturity_ea_slope
2025-05-01,SI,PSPP,9490.666666666666,104.75349521707138,2.8161334520594448,1.3924805702052012,single_maturity_ea_slope
2025-06-01,SI,PSPP,9490.666666666666,105.8753532649115,2.7830328614418414,1.4079932017451013,single_maturity_ea_slope
2025-07-01,SI,PSPP,8834.666666666666,0.0,2.836500272342782,1.4079932017451013,single_maturity_ea_slope
2025-08-01,SI,PSPP,8834.666666666666,93.42921601804849,2.9532446537630475,1.4243346934119578,single_maturity_ea_slope
2025-09-01,SI,PSPP,8834.666666666666,94.38746438746439,2.9653218855299994,1.4407982317892873,single_maturity_ea_slope
2025-10-01,SI,PSPP,8834.666666666666,95.48926358264879,2.888649988400449,1.4564472996298747,single_maturity_ea_slope
2025-11-01,SI,PSPP,8834.666666666666,96.4904616280763,2.88371174233685,1.4720355962955254,single_maturity_ea_slope
2025-12-01,SI,PSPP,8834.666666666666,97.64220453875625,3.0190379512999996,1.4891333234728514,single_maturity_ea_slope
2026-01-01,SI,PSPP,8834.666666666666,98.68930592791182,2.9469072339599682,1.5054176611681944,single_maturity_ea_slope
2026-02-01,SI,PSPP,8562.666666666666,0.0,2.861238255503333,1.5054176611681944,single_maturity_ea_slope
2026-03-01,SI,PSPP,8233.777777777777,0.0,3.0819475901209548,1.5054176611681944,single_maturity_ea_slope
2026-04-01,SI,PSPP,8233.777777777777,88.08063519231683,3.2259619477615167,1.5238231413414223,single_maturity_ea_slope
2026-05-01,SI,PSPP,8233.777777777777,88.9945717442475,3.2993632321085835,1.5430140199705529,single_maturity_ea_slope
2026-06-01,SI,PSPP,8201.777777777777,57.57547625954936,3.195988330144909,1.5546176973355927,single_maturity_ea_slope
2026-07-01,SI,PSPP,8201.777777777777,90.2881745682274,3.201183960103653,1.5727437019895785,single_maturity_ea_slope
2026-08-01,SI,PSPP,8201.777777777777,91.25253424318845,3.364062666204968,1.5926738195264654,single_maturity_ea_slope
2020-03-01,SK,PEPP,94.234,94.234,-0.29592739585433714,-0.29592739585433714,single_maturity_ea_slope
2020-04-01,SK,PEPP,1006.3480000000001,913.1418577661432,0.5746144947415597,0.4939864701661525,single_maturity_ea_slope
2020-05-01,SK,PEPP,2047.367,1052.275689038031,0.42112725395249073,0.4565393578780274,single_maturity_ea_slope
2020-06-01,SK,PEPP,3054.6040000000003,1031.856612794613,-0.12516001426166634,0.2600391425306968,single_maturity_ea_slope
2020-07-01,SK,PEPP,3369.31,350.20813854021355,-0.29869223900424535,0.20196426159918443,single_maturity_ea_slope
2020-08-01,SK,PEPP,3602.228,273.2014768053564,-0.3718902595407423,0.15844177977769544,single_maturity_ea_slope
2020-09-01,SK,PEPP,3855.593,297.5099509803919,-0.4289061156733043,0.11312012793735252,single_maturity_ea_slope
2020-10-01,SK,PEPP,3955.161,141.34945860424816,-0.4561640231550424,0.09277506321081193,single_maturity_ea_slope
2020-11-01,SK,PEPP,4183.634,270.83762082262206,-0.49279429912171474,0.054866820539306374,single_maturity_ea_slope
2020-12-01,SK,PEPP,4588.129,448.90725053078546,-0.612950248771119,-0.01047308695711975,single_maturity_ea_slope
2021-01-01,SK,PEPP,4782.82,239.14961434108508,-0.4933422728907972,-0.034617415949896535,single_maturity_ea_slope
2021-02-01,SK,PEPP,5085.08,348.1780107526884,-0.25674455810640795,-0.049826574210972814,single_maturity_ea_slope
2021-03-01,SK,PEPP,5236.21,199.06627450980403,-0.13251756443263457,-0.0529702577834332,single_maturity_ea_slope
2021-04-01,SK,PEPP,5554.472,366.2126410256408,-0.1204376451690351,-0.05741845918179857,single_maturity_ea_slope
2021-05-01,SK,PEPP,5673.598,167.64514744933632,0.03173387616176279,-0.05478415967659499,single_maturity_ea_slope
2021-06-01,SK,PEPP,5849.62,226.00084073291043,-0.014567504318031697,-0.05323038388902228,single_maturity_ea_slope
2021-07-01,SK,PEPP,5959.856,162.6519498207884,-0.1829929500146625,-0.05677176716977342,single_maturity_ea_slope
2021-08-01,SK,PEPP,6069.203,163.68558497447185,-0.2994908124478124,-0.06331786703013088,single_maturity_ea_slope
2021-09-01,SK,PEPP,6124.321,110.63577350896401,-0.13495133521743385,-0.06461192463456278,single_maturity_ea_slope
2021-10-01,SK,PEPP,6374.13,303.19394595536977,0.10402060501741486,-0.056590694744112005,single_maturity_ea_slope
2021-11-01,SK,PEPP,6453.251,135.2708414376322,-0.0127063663605421,-0.055670806454260764,single_maturity_ea_slope
2021-12-01,SK,PEPP,6583.934,188.50782974910393,-0.0534060350004646,-0.05560596267672095,single_maturity_ea_slope
2022-01-01,SK,PEPP,6758.178,234.0110116194623,0.20900114521365926,-0.046443585331950206,single_maturity_ea_slope
2022-02-01,SK,PEPP,6924.421,228.40431346578407,0.6750805476798218,-0.02264387352217595,single_maturity_ea_slope
2022-03-01,SK,PEPP,7079.996,220.3376356154132,0.9443986783129202,0.007451605262111608,single_maturity_ea_slope
2022-04-01,SK,PEPP,7079.996,66.81762929407323,1.4918947120816175,0.021461072106387806,single_maturity_ea_slope
2022-05-01,SK,PEPP,7079.996,67.42853333333333,1.818488395726396,0.038575618045625974,single_maturity_ea_slope
2022-06-01,SK,PEPP,7079.996,68.05071126489813,2.3289650967957236,0.060590126684131336,single_maturity_ea_slope
2022-07-01,SK,PEPP,7079.996,68.76452991452992,2.051070136203251,0.07992268310914222,single_maturity_ea_slope
2022-08-01,SK,PEPP,7079.996,69.41172549019608,1.9462524128644239,0.09822003340086068,single_maturity_ea_slope
2022-09-01,SK,PEPP,7079.996,70.15453824811732,2.826025207250092,0.12524941483020305,single_maturity_ea_slope
2022-10-01,SK,PEPP,7079.996,70.8282913165266,3.4665823550718637,0.15867611491265263,single_maturity_ea_slope
2022-11-01,SK,PEPP,7079.996,71.51511111111111,3.324156722532662,0.19065066650477394,single_maturity_ea_slope
2022-12-01,SK,PEPP,7079.996,72.30388071895425,3.1739515799413045,0.22111738334950976,single_maturity_ea_slope
2023-01-01,SK,PEPP,7137.781,130.98595119933816,3.23643253435666,0.2764516564548975,single_maturity_ea_slope
2023-02-01,SK,PEPP,6898.64,0.0,3.396388682704982,0.2764516564548975,single_maturity_ea_slope
2023-03-01,SK,PEPP,6967.982,138.68900442299923,3.5665625868021644,0.3419372173204523,single_maturity_ea_slope
2023-04-01,SK,PEPP,6996.43,99.00269825840452,3.6216539877942853,0.38834671613631255,single_maturity_ea_slope
2023-05-01,SK,PEPP,7038.213,113.23346977124127,3.539552095914459,0.4390445167163862,single_maturity_ea_slope
2023-06-01,SK,PEPP,7062.216,96.3233144266344,3.598800927295227,0.4821412175603932,single_maturity_ea_slope
2023-07-01,SK,PEPP,7095.9980000000005,106.98075621890564,3.6791261189515554,0.5303396333958049,single_maturity_ea_slope
2023-08-01,SK,PEPP,7131.558,109.84808626465612,3.751998227681217,0.5799631562193358,single_maturity_ea_slope
2023-09-01,SK,PEPP,7146.671,90.53133756345206,3.8575952930171424,0.6214829661259709,single_maturity_ea_slope
2023-10-01,SK,PEPP,7192.01,121.5945591122492,4.0484706684090455,0.6794226879481334,single_maturity_ea_slope
2023-11-01,SK,PEPP,6994.652,0.0,3.8007946778836965,0.6794226879481334,single_maturity_ea_slope
2023-12-01,SK,PEPP,7010.654,89.22909380234547,3.23485867954779,0.7119473622225072,single_maturity_ea_slope
2024-01-01,SK,PEPP,7063.994,127.10529882154808,3.2858368519343033,0.7582603959996396,single_maturity_ea_slope
2024-02-01,SK,PEPP,7106.666,117.56591433418198,3.433625227116127,0.8025190839058568,single_maturity_ea_slope
2024-03-01,SK,PEPP,7150.227,119.38970251813883,3.4523932035253995,0.846764907549203,single_maturity_ea_slope
2024-04-01,SK,PEPP,7193.7880000000005,120.64408538163062,3.604480855062175,0.8930134372848638,single_maturity_ea_slope
2024-05-01,SK,PEPP,7249.795,133.8618484848481,3.630822066144545,0.9435649527217727,single_maturity_ea_slope
2024-06-01,SK,PEPP,7011.543,0.0,3.6326002510896496,0.9435649527217727,single_maturity_ea_slope
2024-07-01,SK,PEPP,7038.213,101.10251592356695,3.513136686693478,0.9804763345101076,single_maturity_ea_slope
2024-08-01,SK,PEPP,7047.103,84.37490990991024,3.2700164704613637,1.007888980913319,single_maturity_ea_slope
2024-09-01,SK,PEPP,7062.216,91.38034848484877,3.227024123632699,1.0366031044514084,single_maturity_ea_slope
2024-10-01,SK,PEPP,7081.774,96.99457894736842,3.1845165040556522,1.0660217156369707,single_maturity_ea_slope
2024-11-01,SK,PEPP,6839.077,0.0,3.213090437105555,1.0660217156369707,single_maturity_ea_slope
2024-12-01,SK,PEPP,6845.3,79.76146236559136,3.0944707597526313,1.089657211830381,single_maturity_ea_slope
2025-01-01,SK,PEPP,6845.3,74.47019147084421,3.2938129527040916,1.113636277766779,single_maturity_ea_slope
2025-02-01,SK,PEPP,6845.3,75.15700483091788,3.078263370169,1.1352066235331626,single_maturity_ea_slope
2025-03-01,SK,PEPP,6845.3,76.05888888888889,3.3105989829087297,1.1593776497484467,single_maturity_ea_slope
2025-04-01,SK,PEPP,6845.3,76.87893081761007,3.2387085695147,1.182730422881491,single_maturity_ea_slope
2025-05-01,SK,PEPP,6469.253,0.0,3.2717585410161587,1.182730422881491,single_maturity_ea_slope
2025-06-01,SK,PEPP,6469.253,69.65173341946598,3.217464844608127,1.2046375548983583,single_maturity_ea_slope
2025-07-01,SK,PEPP,6469.253,70.47116557734203,3.194272294120362,1.2263111359356351,single_maturity_ea_slope
2025-08-01,SK,PEPP,6469.253,71.21590708938793,3.205549296530286,1.248099314718051,single_maturity_ea_slope
2025-09-01,SK,PEPP,6469.253,71.97655763239875,3.2189956966728634,1.27002740085462,single_maturity_ea_slope
2025-10-01,SK,PEPP,6241.669,0.0,3.1732149884004492,1.27002740085462,single_maturity_ea_slope
2025-11-01,SK,PEPP,6241.669,68.17025993883792,3.1462117423368503,1.2905187108314902,single_maturity_ea_slope
2025-12-01,SK,PEPP,6241.669,68.89259381898455,3.2358268214166666,1.311990102780554,single_maturity_ea_slope
2026-01-01,SK,PEPP,6241.669,69.72373771224308,3.1669572339599683,1.3327113620654,single_maturity_ea_slope
2026-02-01,SK,PEPP,6190.107,18.16173771224318,3.026840325838333,1.337681926530725,single_maturity_ea_slope
2026-03-01,SK,PEPP,6190.107,69.99216417910448,3.2952256676141367,1.359816071047724,single_maturity_ea_slope
2026-04-01,SK,PEPP,6190.107,70.76025377229081,3.3448368228206835,1.382507209042385,single_maturity_ea_slope
2026-05-01,SK,PEPP,5956.3,0.0,3.3280507350690836,1.382507209042385,single_maturity_ea_slope
2026-06-01,SK,PEPP,5956.3,66.62527964205816,3.444542334132273,1.4055724788979767,single_maturity_ea_slope
2026-07-01,SK,PEPP,5956.3,67.43999094202898,3.5462469196187834,1.42981018769237,single_maturity_ea_slope
2026-08-01,SK,PEPP,5956.3,68.18108974358975,3.6589138095926352,1.4553264837306055,single_maturity_ea_slope
2015-03-01,SK,PSPP,449.77777777777777,449.77777777777777,0.4814117363155965,0.4814117363155965,single_maturity_ea_slope
2015-04-01,SK,PSPP,913.7777777777777,468.04767618590506,0.9131505345950706,0.7025534035439559,single_maturity_ea_slope
2015-05-01,SK,PSPP,1384.0,478.42784163473823,0.847001859917141,0.7524870474818841,single_maturity_ea_slope
2015-06-01,SK,PSPP,1869.3333333333333,497.86956521739125,1.0467498272742575,0.8308596307031163,single_maturity_ea_slope
2015-07-01,SK,PSPP,2262.222222222222,410.51080945198595,1.0892557038051698,0.8777490919091598,single_maturity_ea_slope
2015-08-01,SK,PSPP,2638.222222222222,397.7688820460183,0.8174881831427164,0.8686634606423156,single_maturity_ea_slope
2015-09-01,SK,PSPP,3053.333333333333,440.4688794907939,0.7192247841911382,0.8471056812638099,single_maturity_ea_slope
2015-10-01,SK,PSPP,3388.4444444444443,365.18728657735767,0.5612457080227283,0.81629731781546,single_maturity_ea_slope
2015-11-01,SK,PSPP,3862.222222222222,506.9198400278213,0.5039750567161125,0.7753047644293128,single_maturity_ea_slope
2015-12-01,SK,PSPP,4108.444444444444,283.73409306742633,0.5242786285053125,0.7579685988864323,single_maturity_ea_slope
2016-01-01,SK,PSPP,4619.555555555556,551.8694885361554,0.4957798458375372,0.7266465439170934,single_maturity_ea_slope
2016-02-01,SK,PSPP,5112.0,538.7140313390312,0.3582608775701513,0.6878252357392225,single_maturity_ea_slope
2016-03-01,SK,PSPP,5496.888888888889,436.5252525252523,0.22749119403215373,0.6512686602173244,single_maturity_ea_slope
2016-04-01,SK,PSPP,5789.333333333333,348.103505692813,0.18492168886225227,0.6232279504756283,single_maturity_ea_slope
2016-05-01,SK,PSPP,6076.444444444444,346.6721536351168,0.20624704410077283,0.5994384350510517,single_maturity_ea_slope
2016-06-01,SK,PSPP,6283.555555555556,270.24956128198045,0.5885066267780213,0.5989682686995832,single_maturity_ea_slope
2016-07-01,SK,PSPP,6480.0,262.6428805543849,0.3050849162198268,0.5870567918103451,single_maturity_ea_slope
2016-08-01,SK,PSPP,6589.333333333333,178.2108843537412,0.1199549334529077,0.574423854447766,single_maturity_ea_slope
2016-09-01,SK,PSPP,6707.555555555555,188.172682236376,0.11984977012524564,0.5616713063676736,single_maturity_ea_slope
2016-10-01,SK,PSPP,6853.333333333333,217.25641754286306,0.2102588639316031,0.5505312370597483,single_maturity_ea_slope
2016-11-01,SK,PSPP,7057.777777777777,277.852042273636,0.47166561433674653,0.5474264390583485,single_maturity_ea_slope
2016-12-01,SK,PSPP,7249.777777777777,266.6380898665162,0.7218796701222573,0.5538426186610537,single_maturity_ea_slope
2017-01-01,SK,PSPP,7546.666666666666,373.17022072577606,0.7387855779831787,0.5629877429921379,single_maturity_ea_slope
2017-02-01,SK,PSPP,7814.222222222222,346.6610761705102,0.7910243488376956,0.5731040940429032,single_maturity_ea_slope
2017-03-01,SK,PSPP,8075.555555555555,341.9255592225886,0.8141899945010951,0.5833118662225074,single_maturity_ea_slope
2017-04-01,SK,PSPP,8282.666666666666,290.1929583904895,0.8031997580969721,0.5910158968717306,single_maturity_ea_slope
2017-05-01,SK,PSPP,8470.222222222223,272.34944034944135,0.7786364460797692,0.5970486018273107,single_maturity_ea_slope
2017-06-01,SK,PSPP,8680.888888888889,296.5367216364777,0.6233184037410088,0.5979459708683427,single_maturity_ea_slope
2017-07-01,SK,PSPP,8876.444444444443,283.5613228800569,0.6814723425913023,0.6006142519136836,single_maturity_ea_slope
2017-08-01,SK,PSPP,8929.777777777777,143.54110207768804,0.5831013519457962,0.6003327420010603,single_maturity_ea_slope
2017-09-01,SK,PSPP,9088.0,249.3052268915186,0.5613382345528328,0.5992630308955472,single_maturity_ea_slope
2017-10-01,SK,PSPP,9290.666666666666,293.14854639585764,0.6011724212521075,0.5993232779184585,single_maturity_ea_slope
2017-11-01,SK,PSPP,9412.444444444443,213.94708994708952,0.5397375365079039,0.5979688799135224,single_maturity_ea_slope
2017-12-01,SK,PSPP,9584.888888888889,265.71083806755706,0.4646445592380898,0.5942728832888227,single_maturity_ea_slope
2018-01-01,SK,PSPP,9751.111111111111,260.747753670831,0.5007902408079317,0.5917731282602567,single_maturity_ea_slope
2018-02-01,SK,PSPP,9876.444444444443,221.3844672095251,0.5799286929224677,0.5915076304871053,single_maturity_ea_slope
2018-03-01,SK,PSPP,9998.22222222222,219.06347955520488,0.624385166485072,0.5922279852936736,single_maturity_ea_slope
2018-04-01,SK,PSPP,10149.333333333332,247.99310938845844,0.5893812163094753,0.5921584261345727,single_maturity_ea_slope
2018-05-01,SK,PSPP,10267.555555555555,216.34029389017826,0.58955209653231,0.592103510034136,single_maturity_ea_slope
2018-06-01,SK,PSPP,10432.0,263.9362618432394,0.8474090744866367,0.5985629038521355,single_maturity_ea_slope
2018-07-01,SK,PSPP,10567.111111111111,236.55023985479082,0.7841119902849504,0.6027165159831152,single_maturity_ea_slope
2018-08-01,SK,PSPP,10681.777777777777,217.78055338711016,0.7632383290710956,0.6059892417420922,single_maturity_ea_slope
2018-09-01,SK,PSPP,10890.666666666666,312.51498296899905,0.823937750572376,0.6122434203530019,single_maturity_ea_slope
2018-10-01,SK,PSPP,10965.333333333332,181.56366967674327,0.9024830739076674,0.6170492000756209,single_maturity_ea_slope
2018-11-01,SK,PSPP,10372.444444444443,0.0,0.9116826006085775,0.6170492000756209,single_maturity_ea_slope
2018-12-01,SK,PSPP,10386.666666666666,109.52215280329983,0.8445494020727131,0.6194480747758044,single_maturity_ea_slope
2019-01-01,SK,PSPP,10463.111111111111,172.93893224328087,0.7720900336601224,0.6219710086436235,single_maturity_ea_slope
2019-02-01,SK,PSPP,10530.666666666666,165.85611090233334,0.6726708277228072,0.6227695216990735,single_maturity_ea_slope
2019-03-01,SK,PSPP,10599.111111111111,167.71543489190628,0.5707299004907728,0.621946070787854,single_maturity_ea_slope
2019-04-01,SK,PSPP,10670.22222222222,171.25388426975567,0.461656574068651,0.6193734721719003,single_maturity_ea_slope
2019-05-01,SK,PSPP,10597.333333333332,27.0195588847276,0.3501351695904526,0.6186870070073347,single_maturity_ea_slope
2019-06-01,SK,PSPP,10658.666666666666,161.2327802916044,0.15849863288319663,0.6117257750504382,single_maturity_ea_slope
2019-07-01,SK,PSPP,10736.0,178.38250537226708,-0.07155735094057505,0.6003727799039338,single_maturity_ea_slope
2019-08-01,SK,PSPP,10793.777777777777,160.37716615698224,-0.4125852261154709,0.5853219480463535,single_maturity_ea_slope
2019-09-01,SK,PSPP,10861.333333333332,171.3019778717579,-0.40921332741820543,0.5696364097683355,single_maturity_ea_slope
2019-10-01,SK,PSPP,10960.0,203.9121447028436,-0.27383585486684847,0.5539435047976125,single_maturity_ea_slope
2019-11-01,SK,PSPP,11046.22222222222,193.16991933385236,0.0039040555526799886,0.5443247343344101,single_maturity_ea_slope
2019-12-01,SK,PSPP,11130.666666666666,192.86829821576663,0.03296127568000695,0.5354640072105118,single_maturity_ea_slope
2020-01-01,SK,PSPP,11255.111111111111,234.47475945696667,0.0434025227793981,0.5252130201646243,single_maturity_ea_slope
2020-02-01,SK,PSPP,11318.22222222222,175.30320751373222,-0.08854387861883542,0.5157067964063408,single_maturity_ea_slope
2020-03-01,SK,PSPP,11426.666666666666,222.08121374386513,-0.04398224960099273,0.5048290464655776,single_maturity_ea_slope
2020-04-01,SK,PSPP,10921.777777777777,0.0,0.6356118131601536,0.5048290464655776,single_maturity_ea_slope
2020-05-01,SK,PSPP,11039.111111111111,220.8769224286864,0.4939374656009857,0.5046111214136834,single_maturity_ea_slope
2020-06-01,SK,PSPP,11162.666666666666,229.7825677871859,-0.03206730543650156,0.4935636404953584,single_maturity_ea_slope
2020-07-01,SK,PSPP,11495.111111111111,441.1152647975086,-0.23008014988201878,0.4657944158984041,single_maturity_ea_slope
2020-08-01,SK,PSPP,11718.22222222222,336.207442389259,-0.29878777780666665,0.443857792836719,single_maturity_ea_slope
2020-09-01,SK,PSPP,12024.0,422.586213007267,-0.3518666907559401,0.41589187499585195,single_maturity_ea_slope
2020-10-01,SK,PSPP,12342.22222222222,439.0907385069012,-0.42791596519269376,0.38587230469195644,single_maturity_ea_slope
2020-11-01,SK,PSPP,12674.666666666666,457.2646530025179,-0.47220944434874684,0.3549152417930328,single_maturity_ea_slope
2020-12-01,SK,PSPP,12990.22222222222,444.67807660961614,-0.599407010587645,0.32224711830793656,single_maturity_ea_slope
2021-01-01,SK,PSPP,13230.22222222222,373.15110928887066,-0.5131582359327076,0.29868497177670483,single_maturity_ea_slope
2021-02-01,SK,PSPP,13448.888888888889,355.28606177429094,-0.2910314372313389,0.2831061368074277,single_maturity_ea_slope
2021-03-01,SK,PSPP,13502.22222222222,189.8425587585137,-0.17471212097794464,0.2766691675386731,single_maturity_ea_slope
2021-04-01,SK,PSPP,13772.444444444443,408.45136045136087,-0.18981113334933908,0.26283469434184514,single_maturity_ea_slope
2021-05-01,SK,PSPP,13968.888888888889,337.0944081336246,-0.07806349535294854,0.2546082080118983,single_maturity_ea_slope
2021-06-01,SK,PSPP,14224.888888888889,399.1825429365405,-0.11347641310133214,0.2442789213496607,single_maturity_ea_slope
2021-07-01,SK,PSPP,14423.11111111111,343.1375532011215,-0.2546776700381227,0.23240833790872192,single_maturity_ea_slope
2021-08-01,SK,PSPP,14570.666666666666,295.5759897828873,-0.359321892327776,0.2204046834097325,single_maturity_ea_slope
2021-09-01,SK,PSPP,14797.333333333332,375.8340158340152,-0.19947413876901893,0.20974027919930513,single_maturity_ea_slope
2021-10-01,SK,PSPP,14916.444444444443,269.85819070904665,0.009696366208397672,0.2061212204736723,single_maturity_ea_slope
2021-11-01,SK,PSPP,15032.0,266.2267115600459,-0.0828558169091643,0.20100324506262937,single_maturity_ea_slope
2021-12-01,SK,PSPP,15140.444444444443,259.7326892109491,-0.10301014314399887,0.1957879282227057,single_maturity_ea_slope
2022-01-01,SK,PSPP,15295.11111111111,307.972098465415,0.1587799110099718,0.19504275961044434,single_maturity_ea_slope
2022-02-01,SK,PSPP,15396.444444444443,256.96124451680066,0.6403550971281675,0.20247486595552514,single_maturity_ea_slope
2022-03-01,SK,PSPP,15523.555555555555,284.92624481800397,0.90961975086712,0.215454117769264,single_maturity_ea_slope
2022-04-01,SK,PSPP,15821.333333333332,457.88045471213746,1.4684131172621417,0.25171562774040823,single_maturity_ea_slope
2022-05-01,SK,PSPP,16018.666666666666,360.5071507150721,1.7930709518357442,0.2864045083877228,single_maturity_ea_slope
2022-06-01,SK,PSPP,16151.11111111111,298.0634132892187,2.304744930664439,0.3236523132789626,single_maturity_ea_slope
2022-07-01,SK,PSPP,16214.22222222222,231.56241598294184,2.012375333639813,0.34776970708061083,single_maturity_ea_slope
2022-08-01,SK,PSPP,16293.333333333332,249.28556768355276,1.915716513667142,0.3717590591537002,single_maturity_ea_slope
2022-09-01,SK,PSPP,16369.777777777777,247.88103254770002,2.811872283698234,0.4087087229698151,single_maturity_ea_slope
2022-10-01,SK,PSPP,16437.333333333332,240.89077133041474,3.444090381019802,0.45319254610960996,single_maturity_ea_slope
2022-11-01,SK,PSPP,16504.888888888887,243.61953727506344,3.3128248137271483,0.49540199656418527,single_maturity_ea_slope
2022-12-01,SK,PSPP,16572.444444444445,245.71713682594793,3.168747522970747,0.535039287894209,single_maturity_ea_slope
2023-01-01,SK,PSPP,16732.444444444445,339.5886914222415,3.2334997187442704,0.5898051441090386,single_maturity_ea_slope
2023-02-01,SK,PSPP,16007.11111111111,0.0,3.395702353778108,0.5898051441090386,single_maturity_ea_slope
2023-03-01,SK,PSPP,16117.333333333332,275.7217167539752,3.564696706664444,0.6406970746673212,single_maturity_ea_slope
2023-04-01,SK,PSPP,16173.333333333332,224.09901265470728,3.617019545461307,0.6819372391590947,single_maturity_ea_slope
2023-05-01,SK,PSPP,16259.555555555555,256.39618406285115,3.5327284127728666,0.7268912341177628,single_maturity_ea_slope
2023-06-01,SK,PSPP,16292.444444444443,205.49563576315148,3.5957470866056815,0.7630759428844617,single_maturity_ea_slope
2023-07-01,SK,PSPP,16292.444444444443,174.73664140330806,3.6780414516642694,0.7943389792291615,single_maturity_ea_slope
2023-08-01,SK,PSPP,16292.444444444443,176.7843364197531,3.7458901412845216,0.8263653590257691,single_maturity_ea_slope
2023-09-01,SK,PSPP,16292.444444444443,178.64522417153998,3.8513204260571428,0.8595337259888324,single_maturity_ea_slope
2023-10-01,SK,PSPP,16292.444444444443,180.7861123440351,4.038286102437681,0.8948061669170264,single_maturity_ea_slope
2023-11-01,SK,PSPP,15858.666666666666,0.0,3.788753850126454,0.8948061669170264,single_maturity_ea_slope
2023-12-01,SK,PSPP,15858.666666666666,174.34769862210493,3.22009711005179,0.9203700515161333,single_maturity_ea_slope
2024-01-01,SK,PSPP,15858.666666666666,176.44266429313157,3.265111234786106,0.946457514614375,single_maturity_ea_slope
2024-02-01,SK,PSPP,15858.666666666666,178.34757834757835,3.4172246673975555,0.9742439198413563,single_maturity_ea_slope
2024-03-01,SK,PSPP,15858.666666666666,180.2940730635137,3.4390985632021995,1.0022663691746991,single_maturity_ea_slope
2024-04-01,SK,PSPP,15858.666666666666,182.28352490421454,3.58876367904008,1.0319962233110826,single_maturity_ea_slope
2024-05-01,SK,PSPP,15858.666666666666,184.5747982619491,3.616726907761091,1.0620792154485363,single_maturity_ea_slope
2024-06-01,SK,PSPP,15309.333333333332,0.0,3.616611913220183,1.0620792154485363,single_maturity_ea_slope
2024-07-01,SK,PSPP,15309.333333333332,175.24420024420024,3.4924336733982604,1.0898992069543711,single_maturity_ea_slope
2024-08-01,SK,PSPP,15309.333333333332,177.19135802469134,3.2407477297272727,1.1147932870790573,single_maturity_ea_slope
2024-09-01,SK,PSPP,15309.333333333332,179.18227215980025,3.193995424374858,1.139128518086733,single_maturity_ea_slope
2024-10-01,SK,PSPP,15309.333333333332,181.4762130551604,3.1502016737688696,1.1629676972674126,single_maturity_ea_slope
2024-11-01,SK,PSPP,14442.666666666666,0.0,3.19142968818492,1.1629676972674126,single_maturity_ea_slope
2024-12-01,SK,PSPP,14442.666666666666,163.97214653345443,3.072315227085333,1.184645121538733,single_maturity_ea_slope
2025-01-01,SK,PSPP,14442.666666666666,165.7790021426385,3.2699389275253035,1.2085810008544648,single_maturity_ea_slope
2025-02-01,SK,PSPP,14442.666666666666,167.62612194367068,3.053657138538,1.2299955335573842,single_maturity_ea_slope
2025-03-01,SK,PSPP,14442.666666666666,169.51486697965572,3.2782225001741265,1.2540357561702569,single_maturity_ea_slope
2025-04-01,SK,PSPP,14442.666666666666,171.69123474401647,3.1985283421895168,1.2771514550054837,single_maturity_ea_slope
2025-05-01,SK,PSPP,13600.0,0.0,3.2329389680786824,1.2771514550054837,single_maturity_ea_slope
2025-06-01,SK,PSPP,13600.0,154.1950113378685,3.1809363133679365,1.298736317345194,single_maturity_ea_slope
2025-07-01,SK,PSPP,13600.0,156.10651974288336,3.155367934421188,1.3200475158883067,single_maturity_ea_slope
2025-08-01,SK,PSPP,13600.0,157.84586815227485,3.1656744922697144,1.3414684417980258,single_maturity_ea_slope
2025-09-01,SK,PSPP,13600.0,159.8495533615421,3.1781451304055905,1.3630560850585753,single_maturity_ea_slope
2025-10-01,SK,PSPP,12733.333333333332,0.0,3.159682673280826,1.3630560850585753,single_maturity_ea_slope
2025-11-01,SK,PSPP,12733.333333333332,141.67037531523513,3.1328445034875503,1.3827466549120353,single_maturity_ea_slope
2025-12-01,SK,PSPP,12733.333333333332,143.39339339339335,3.2217437696666664,1.403456081879993,single_maturity_ea_slope
2026-01-01,SK,PSPP,12733.333333333332,144.96053430479657,3.1535584200837463,1.423379833453351,single_maturity_ea_slope
2026-02-01,SK,PSPP,12733.333333333332,146.5623081645181,3.0055150784699998,1.4415904140819953,single_maturity_ea_slope
2026-03-01,SK,PSPP,12733.333333333332,148.40714840714838,3.277868141711137,1.4629922523993515,single_maturity_ea_slope
2026-04-01,SK,PSPP,12733.333333333332,150.08643721515006,3.3275117678467168,1.4849691443777502,single_maturity_ea_slope
2026-05-01,SK,PSPP,12088.888888888889,0.0,3.320599347824917,1.4849691443777502,single_maturity_ea_slope
2026-06-01,SK,PSPP,12088.888888888889,137.06223230032757,3.43753328841197,1.507107059842991,single_maturity_ea_slope
2026-07-01,SK,PSPP,12088.888888888889,138.761350882563,3.539299757483131,1.5304334223044251,single_maturity_ea_slope
2026-08-01,SK,PSPP,12088.888888888889,140.30743835757764,3.6519043540629523,1.5550558797296634,single_maturity_ea_slope
