month,ncb,programme,stock_eur_m,gross_purchases_eur_m,purchase_yield_pct,portfolio_yield_pct,yield_method
2020-03-01,AT,PEPP,309.372,309.372,-0.25715043537116244,-0.25715043537116244,single_maturity_ea_slope
2020-04-01,AT,PEPP,1793.113,1487.224918918919,-0.17600392081915833,-0.1898467470229339,single_maturity_ea_slope
2020-05-01,AT,PEPP,4368.546,2592.166044046286,-0.2760893422581591,-0.24102055334640604,single_maturity_ea_slope
2020-06-01,AT,PEPP,6947.535,2620.2172559456394,-0.31181177397751814,-0.2677189978835109,single_maturity_ea_slope
2020-07-01,AT,PEPP,8939.784,2050.0872867132866,-0.3715328288756472,-0.29152577163799764,single_maturity_ea_slope
2020-08-01,AT,PEPP,10347.071,1475.5713263061414,-0.3688410367082462,-0.30255151875265623,single_maturity_ea_slope
2020-09-01,AT,PEPP,12102.846,1834.6639219274166,-0.4082577500534038,-0.31857546955649163,single_maturity_ea_slope
2020-10-01,AT,PEPP,13859.51,1849.5342117863727,-0.4853335792002613,-0.34082912995855313,single_maturity_ea_slope
2020-11-01,AT,PEPP,15617.063,1863.221725221104,-0.4920613059310318,-0.35887215609121226,single_maturity_ea_slope
2020-12-01,AT,PEPP,17023.461,1531.4145145693235,-0.5123804536886877,-0.3726816179302356,single_maturity_ea_slope
2021-01-01,AT,PEPP,18395.188000000002,1513.1648614157552,-0.5039554222049643,-0.3834800347690789,single_maturity_ea_slope
2021-02-01,AT,PEPP,19802.475,1561.816469086018,-0.34079247632757914,-0.38011327724008287,single_maturity_ea_slope
2021-03-01,AT,PEPP,21536.025,1903.3243055555583,-0.2702035686314134,-0.37039960817574025,single_maturity_ea_slope
2021-04-01,AT,PEPP,23577.169,2227.7000031185034,-0.2421553797730696,-0.35828239138806917,single_maturity_ea_slope
2021-05-01,AT,PEPP,25540.97,2171.9327884887,-0.15202487306011397,-0.34074282781907417,single_maturity_ea_slope
2021-06-01,AT,PEPP,27430.095,2118.233091137424,-0.20266874728341497,-0.33008033881132526,single_maturity_ea_slope
2021-07-01,AT,PEPP,29530.802,2353.5655453539807,-0.3356031270210369,-0.3305204976679883,single_maturity_ea_slope
2021-08-01,AT,PEPP,31106.11,1853.0619691497375,-0.4203523557501021,-0.33587198648578076,single_maturity_ea_slope
2021-09-01,AT,PEPP,32823.658,2022.5098627451005,-0.3178428710887508,-0.33476107850267106,single_maturity_ea_slope
2021-10-01,AT,PEPP,34405.189,1907.9396913285555,-0.17784722324989233,-0.32605942095455637,single_maturity_ea_slope
2021-11-01,AT,PEPP,35854.259,1792.4351596806384,-0.23670014055973615,-0.32159214926938684,single_maturity_ea_slope
2021-12-01,AT,PEPP,36290.758,800.4277352821796,-0.24213251206035152,-0.31983959018926034,single_maturity_ea_slope
2022-01-01,AT,PEPP,37578.919,1656.5202976045473,-0.03982242930759364,-0.307496124144426,single_maturity_ea_slope
2022-02-01,AT,PEPP,38396.799,1206.4130748552498,0.35052365759269455,-0.28682138851865,single_maturity_ea_slope
2022-03-01,AT,PEPP,39097.331,1106.0748707224327,0.5006118849015885,-0.2645446720824096,single_maturity_ea_slope
2022-04-01,AT,PEPP,39149.782,467.49697664543623,1.1223403645073764,-0.24798354380944707,single_maturity_ea_slope
2022-05-01,AT,PEPP,39364.031,633.0528296961951,1.3365697280569666,-0.22250073864248138,single_maturity_ea_slope
2022-06-01,AT,PEPP,39522.273,584.2596515151499,1.871275177841018,-0.19154834915528096,single_maturity_ea_slope
2022-07-01,AT,PEPP,39491.158,399.4108496732046,1.379807818797617,-0.17565576119467222,single_maturity_ea_slope
2022-08-01,AT,PEPP,39628.064,571.6391351827343,1.416729150931274,-0.1526854355677198,single_maturity_ea_slope
2022-09-01,AT,PEPP,39221.791,25.970280977311347,2.309700214178145,-0.15105499377584958,single_maturity_ea_slope
2022-10-01,AT,PEPP,39079.551,287.82349780701963,2.6730112940941404,-0.13025555733878239,single_maturity_ea_slope
2022-11-01,AT,PEPP,38625.272,0.0,2.583273424924512,-0.13025555733878239,single_maturity_ea_slope
2022-12-01,AT,PEPP,38713.283,513.7745802469194,2.687527642473573,-0.09285998484986652,single_maturity_ea_slope
2023-01-01,AT,PEPP,39148.004,867.7554854586108,2.7841661823891752,-0.029087761917896828,single_maturity_ea_slope
2023-02-01,AT,PEPP,39531.163,826.4108568840576,3.045954707288295,0.035196926137740635,single_maturity_ea_slope
2023-03-01,AT,PEPP,40099.234000000004,1022.4521839080495,3.0451873176541495,0.11194580491552969,single_maturity_ea_slope
2023-04-01,AT,PEPP,39357.808,0.0,2.9662543041588076,0.11194580491552969,single_maturity_ea_slope
2023-05-01,AT,PEPP,39725.854,818.570358974361,2.9255896535764596,0.16992229184578875,single_maturity_ea_slope
2023-06-01,AT,PEPP,39967.662000000004,702.8787288765134,3.035469023065784,0.22031632900453366,single_maturity_ea_slope
2023-07-01,AT,PEPP,38811.962,0.0,3.1504715247851602,0.22031632900453366,single_maturity_ea_slope
2023-08-01,AT,PEPP,39070.661,703.5862306281527,3.111797473031027,0.27238625224074353,single_maturity_ea_slope
2023-09-01,AT,PEPP,39229.792,612.5973532961943,3.2243884886002143,0.318483584516129,single_maturity_ea_slope
2023-10-01,AT,PEPP,38158.547,0.0,3.361072894386846,0.318483584516129,single_maturity_ea_slope
2023-11-01,AT,PEPP,38394.132,676.011442751615,3.1034101145839545,0.36751821828642495,single_maturity_ea_slope
2023-12-01,AT,PEPP,38531.927,587.7965471167424,2.5564468277931187,0.40090986980058585,single_maturity_ea_slope
2024-01-01,AT,PEPP,38673.278,598.7575408357027,2.578683948945227,0.43462717331244183,single_maturity_ea_slope
2024-02-01,AT,PEPP,39027.1,820.8905748792271,2.7715984661632738,0.48378270134461876,single_maturity_ea_slope
2024-03-01,AT,PEPP,39448.486,903.9169099901073,2.7933486259065248,0.5367037613302529,single_maturity_ea_slope
2024-04-01,AT,PEPP,39660.068,705.9239298245634,2.8959601505228574,0.5786970211936134,single_maturity_ea_slope
2024-05-01,AT,PEPP,40173.021,1021.4154102564116,2.9797691567801134,0.63974525753176,single_maturity_ea_slope
2024-06-01,AT,PEPP,40517.064,869.5927252747232,3.0021249952729914,0.6904475550693157,single_maturity_ea_slope
2024-07-01,AT,PEPP,38282.118,0.0,2.877466192130396,0.6904475550693157,single_maturity_ea_slope
2024-08-01,AT,PEPP,38337.236,535.5662680722842,2.5438265023124846,0.7163390211650655,single_maturity_ea_slope
2024-09-01,AT,PEPP,38511.48,663.4889719244572,2.419636909470195,0.7456840207546078,single_maturity_ea_slope
2024-10-01,AT,PEPP,36515.675,0.0,2.4471762070665273,0.7456840207546078,single_maturity_ea_slope
2024-11-01,AT,PEPP,36720.145000000004,654.6139225838276,2.485068268047976,0.7766922083584756,single_maturity_ea_slope
2024-12-01,AT,PEPP,36809.934,548.5614262868537,2.330750924160565,0.7998516268370285,single_maturity_ea_slope
2025-01-01,AT,PEPP,36552.124,204.85885369532662,2.5836076351373602,0.809848808153566,single_maturity_ea_slope
2025-02-01,AT,PEPP,36552.124,464.330843495935,2.526285242781133,0.8316531327804407,single_maturity_ea_slope
2025-03-01,AT,PEPP,36552.124,470.78985059247816,2.6828855510700116,0.8554969300278593,single_maturity_ea_slope
2025-04-01,AT,PEPP,34989.262,0.0,2.4389813079831,0.8554969300278593,single_maturity_ea_slope
2025-05-01,AT,PEPP,34989.262,439.784590246355,2.427219705380584,0.8752521182550177,single_maturity_ea_slope
2025-06-01,AT,PEPP,34989.262,445.15600508905857,2.4278780595773224,0.8950056289588637,single_maturity_ea_slope
2025-07-01,AT,PEPP,34989.262,451.3578689370486,2.4537397539725427,0.9151131383114655,single_maturity_ea_slope
2025-08-01,AT,PEPP,34989.262,457.0175287356322,2.4564123447521906,0.9352450506212973,single_maturity_ea_slope
2025-09-01,AT,PEPP,34908.363,381.18845377706856,2.4618456197988636,0.9519150534656011,single_maturity_ea_slope
2025-10-01,AT,PEPP,32925.004,0.0,2.430838100420811,0.9519150534656011,single_maturity_ea_slope
2025-11-01,AT,PEPP,32925.004,416.9833333333333,2.4653569812385503,0.9710822511324317,single_maturity_ea_slope
2025-12-01,AT,PEPP,32925.004,422.11543589743593,2.583432906443849,0.9917534133800141,single_maturity_ea_slope
2026-01-01,AT,PEPP,32925.004,428.0421736869475,2.5442056562394044,1.011936099844645,single_maturity_ea_slope
2026-02-01,AT,PEPP,32925.004,433.45186940494995,2.528470312985362,1.0319010052309103,single_maturity_ea_slope
2026-03-01,AT,PEPP,31370.143,0.0,2.8330615101735837,1.0319010052309103,single_maturity_ea_slope
2026-04-01,AT,PEPP,31370.143,400.3336268504339,2.899531545054596,1.055734983533918,single_maturity_ea_slope
2026-05-01,AT,PEPP,31370.143,405.92835144927534,2.9188638792467496,1.0798437942962475,single_maturity_ea_slope
2026-06-01,AT,PEPP,31370.143,411.0343684486373,2.8511286479937423,1.1030524532807535,single_maturity_ea_slope
2026-07-01,AT,PEPP,30636.718,0.0,2.97459368889991,1.1030524532807535,single_maturity_ea_slope
2026-08-01,AT,PEPP,30636.718,400.7943223443224,3.057079804312286,1.1286153437966029,single_maturity_ea_slope
2015-03-01,AT,PSPP,1080.888888888889,1080.888888888889,0.056997268543302615,0.056997268543302615,single_maturity_ea_slope
2015-04-01,AT,PSPP,2152.0,1082.3985890652557,0.02986556724953049,0.0433507466105336,single_maturity_ea_slope
2015-05-01,AT,PSPP,3320.0,1190.9033631332481,0.2799239952819268,0.12821095066779878,single_maturity_ea_slope
2015-06-01,AT,PSPP,4484.444444444444,1200.2357337933015,0.4753108125887948,0.22111023008431768,single_maturity_ea_slope
2015-07-01,AT,PSPP,5696.0,1258.7403666292557,0.49648930401744296,0.28196534884917146,single_maturity_ea_slope
2015-08-01,AT,PSPP,6641.777777777777,1005.6348605856798,0.42452254627336994,0.3035500046678031,single_maturity_ea_slope
2015-09-01,AT,PSPP,7778.666666666666,1205.9015424401955,0.4341477802306698,0.32379615554934055,single_maturity_ea_slope
2015-10-01,AT,PSPP,8955.555555555555,1256.9163237311384,0.32913022945496295,0.32454479526491975,single_maturity_ea_slope
2015-11-01,AT,PSPP,10209.777777777777,1344.7921610931323,0.28171532053189796,0.3189034636768741,single_maturity_ea_slope
2015-12-01,AT,PSPP,11236.444444444443,1126.64490577534,0.35215409955080645,0.32223740616253993,single_maturity_ea_slope
2016-01-01,AT,PSPP,12434.666666666666,1310.2282473861426,0.2473577993704782,0.31434741774530905,single_maturity_ea_slope
2016-02-01,AT,PSPP,13642.666666666666,1331.0667722354183,0.08344350011921026,0.2918189385380853,single_maturity_ea_slope
2016-03-01,AT,PSPP,14845.333333333332,1337.6891000263915,0.016336321873406556,0.2669956432112201,single_maturity_ea_slope
2016-04-01,AT,PSPP,16676.444444444445,1973.7998205818294,-0.013191431579727408,0.2338331066888767,single_maturity_ea_slope
2016-05-01,AT,PSPP,18578.666666666664,2062.1420960661435,-0.01645480643286329,0.2060523594993644,single_maturity_ea_slope
2016-06-01,AT,PSPP,20222.222222222223,1817.3178700586136,0.017253753403637107,0.18908552583837923,single_maturity_ea_slope
2016-07-01,AT,PSPP,21891.555555555555,1854.5185185185173,-0.11863659993356646,0.16301719189318667,single_maturity_ea_slope
2016-08-01,AT,PSPP,23095.11111111111,1401.4184944163244,-0.1513430070939336,0.14394171766621938,single_maturity_ea_slope
2016-09-01,AT,PSPP,24769.777777777777,1881.6121067303875,-0.13155766977692004,0.12301367432806379,single_maturity_ea_slope
2016-10-01,AT,PSPP,26511.11111111111,1961.6266255583212,-0.048236730258399,0.11034240785920395,single_maturity_ea_slope
2016-11-01,AT,PSPP,28182.22222222222,1908.4107093129633,0.14968521559050563,0.11300657802353019,single_maturity_ea_slope
2016-12-01,AT,PSPP,29511.11111111111,1583.332932065328,0.11550725038925791,0.11314074433445134,single_maturity_ea_slope
2017-01-01,AT,PSPP,31262.22222222222,2016.9769769769753,0.14273632626671362,0.11505019296395974,single_maturity_ea_slope
2017-02-01,AT,PSPP,32940.444444444445,1958.3496614894505,0.14494175258355346,0.11682728269816628,single_maturity_ea_slope
2017-03-01,AT,PSPP,34680.88888888889,2035.2926761347821,0.1638894814000565,0.11958918850305024,single_maturity_ea_slope
2017-04-01,AT,PSPP,36069.33333333333,1697.8742168292424,0.08865435552654277,0.11813300812878776,single_maturity_ea_slope
2017-05-01,AT,PSPP,37397.33333333333,1651.2019115890084,0.23441926309153127,0.1232673872240711,single_maturity_ea_slope
2017-06-01,AT,PSPP,38723.555555555555,1663.865173949685,0.14331402423310952,0.12412874669108327,single_maturity_ea_slope
2017-07-01,AT,PSPP,40078.22222222222,1706.5710246778926,0.2936672701536589,0.13134786759179728,single_maturity_ea_slope
2017-08-01,AT,PSPP,41165.33333333333,1452.1222424610387,0.17534543831349092,0.13289989804766364,single_maturity_ea_slope
2017-09-01,AT,PSPP,42468.444444444445,1678.8443470853165,0.14757190866734193,0.13347990568419116,single_maturity_ea_slope
2017-10-01,AT,PSPP,43758.22222222222,1676.9809546964866,0.16221030796197095,0.13458096361099461,single_maturity_ea_slope
2017-11-01,AT,PSPP,45043.555555555555,1684.2959721209197,0.07821382527910437,0.13247324935794702,single_maturity_ea_slope
2017-12-01,AT,PSPP,46187.555555555555,1557.3953336596508,0.09324575795062301,0.1311505399975121,single_maturity_ea_slope
2018-01-01,AT,PSPP,46675.555555555555,917.0928609769189,0.26115381381304387,0.13370487647836973,single_maturity_ea_slope
2018-02-01,AT,PSPP,47194.666666666664,955.6576464230768,0.4195682855820238,0.13949340242923583,single_maturity_ea_slope
2018-03-01,AT,PSPP,47685.33333333333,936.5724363819577,0.40302858351729953,0.14466941294170663,single_maturity_ea_slope
2018-04-01,AT,PSPP,48246.22222222222,1015.0349206349222,0.35070403281491164,0.14900410122191604,single_maturity_ea_slope
2018-05-01,AT,PSPP,48758.22222222222,976.2631083739628,0.3259563727091414,0.15254713389871485,single_maturity_ea_slope
2018-06-01,AT,PSPP,49319.11111111111,1035.0061800423543,0.2608258788059461,0.15481946135193542,single_maturity_ea_slope
2018-07-01,AT,PSPP,49896.0,1060.9791039567262,0.17073184097371208,0.15515781918167992,single_maturity_ea_slope
2018-08-01,AT,PSPP,50403.555555555555,1001.9669705377189,0.16961294082595146,0.1554451710219028,single_maturity_ea_slope
2018-09-01,AT,PSPP,50941.33333333333,1042.6210826210786,0.23242826031705877,0.15702079118439882,single_maturity_ea_slope
2018-10-01,AT,PSPP,51193.777777777774,768.8813192754806,0.23950258541352687,0.15825958842726667,single_maturity_ea_slope
2018-11-01,AT,PSPP,51394.666666666664,725.630358525809,0.16066176737787463,0.1582935042805298,single_maturity_ea_slope
2018-12-01,AT,PSPP,51723.555555555555,859.606223323697,0.09580454485960282,0.1572549852183676,single_maturity_ea_slope
2019-01-01,AT,PSPP,51978.666666666664,793.8981481481466,0.019485724656228942,0.15515076116172857,single_maturity_ea_slope
2019-02-01,AT,PSPP,52118.22222222222,685.7794591565075,0.04923233148655831,0.15375707042708234,single_maturity_ea_slope
2019-03-01,AT,PSPP,51876.44444444444,306.60419004863127,0.0023346285281098944,0.15286212175334776,single_maturity_ea_slope
2019-04-01,AT,PSPP,52112.0,786.2609105921273,-0.05980752610332385,0.14965338228875047,single_maturity_ea_slope
2019-05-01,AT,PSPP,52291.555555555555,739.1775486827025,-0.14193372859530942,0.14553159544265518,single_maturity_ea_slope
2019-06-01,AT,PSPP,51833.777777777774,101.60985118622784,-0.29605597656038424,0.1446659505022211,single_maturity_ea_slope
2019-07-01,AT,PSPP,51917.33333333333,641.6280983826196,-0.4138425657171387,0.1377635398007407,single_maturity_ea_slope
2019-08-01,AT,PSPP,51981.33333333333,628.8099796924862,-0.6041091639308527,0.12878922287092218,single_maturity_ea_slope
2019-09-01,AT,PSPP,52105.777777777774,694.4152046783634,-0.5289668634046134,0.12002328852046586,single_maturity_ea_slope
2019-10-01,AT,PSPP,51755.555555555555,215.89878796658786,-0.4268325883064694,0.11774207407436438,single_maturity_ea_slope
2019-11-01,AT,PSPP,52332.44444444444,1139.9388840537608,-0.32924449698611313,0.10800552577414849,single_maturity_ea_slope
2019-12-01,AT,PSPP,52956.44444444444,1195.5644871608174,-0.3073061651392641,0.09862929377882095,single_maturity_ea_slope
2020-01-01,AT,PSPP,53633.777777777774,1257.9961013645247,-0.3317959504833457,0.08853354252568008,single_maturity_ea_slope
2020-02-01,AT,PSPP,54157.33333333333,1111.6452241715392,-0.47422250632511753,0.07698228924981775,single_maturity_ea_slope
2020-03-01,AT,PSPP,55066.666666666664,1503.9461279461302,-0.29935388641302274,0.06670403257558921,single_maturity_ea_slope
2020-04-01,AT,PSPP,56209.777777777774,1746.1188494670737,-0.16807135473678897,0.059410893456666274,single_maturity_ea_slope
2020-05-01,AT,PSPP,57472.88888888888,1875.4180585814556,-0.32585512573720227,0.046839142432442804,single_maturity_ea_slope
2020-06-01,AT,PSPP,58312.0,1461.1120731120786,-0.35459952636510983,0.03678037432992282,single_maturity_ea_slope
2020-07-01,AT,PSPP,57712.0,15.885086607520066,-0.44298251597815497,0.03664832076976865,single_maturity_ea_slope
2020-08-01,AT,PSPP,58048.88888888888,947.9858816885444,-0.47228253025001954,0.02833706329770974,single_maturity_ea_slope
2020-09-01,AT,PSPP,58739.555555555555,1307.6829176114938,-0.5161442889705197,0.016215606868817366,single_maturity_ea_slope
2020-10-01,AT,PSPP,59311.11111111111,1199.1149097815755,-0.583195000000124,0.0040970985098815645,single_maturity_ea_slope
2020-11-01,AT,PSPP,60070.22222222222,1394.4057888222396,-0.5886423412512581,-0.009662119876369453,single_maturity_ea_slope
2020-12-01,AT,PSPP,60588.44444444444,1168.3328523328491,-0.5866469166287446,-0.02078817368949393,single_maturity_ea_slope
2021-01-01,AT,PSPP,61134.22222222222,1204.920994101154,-0.5697056572986912,-0.03160702728716805,single_maturity_ea_slope
2021-02-01,AT,PSPP,61652.44444444444,1191.210137482261,-0.43430306105962535,-0.03938766927267615,single_maturity_ea_slope
2021-03-01,AT,PSPP,62210.666666666664,1243.2493827160533,-0.3774851447865738,-0.04614437998247688,single_maturity_ea_slope
2021-04-01,AT,PSPP,62805.33333333333,1288.6723189052482,-0.3573150833541373,-0.05252914144470941,single_maturity_ea_slope
2021-05-01,AT,PSPP,63262.22222222222,1167.035127393338,-0.2794732636276343,-0.05671571209049814,single_maturity_ea_slope
2021-06-01,AT,PSPP,63844.44444444444,1301.4380273861823,-0.3142053598791243,-0.0619645136456905,single_maturity_ea_slope
2021-07-01,AT,PSPP,64406.22222222222,1287.6127532716923,-0.41366356274650207,-0.06899570046756691,single_maturity_ea_slope
2021-08-01,AT,PSPP,64712.88888888888,1043.9173789173765,-0.48503863970999694,-0.07570710621854103,single_maturity_ea_slope
2021-09-01,AT,PSPP,62924.44444444444,0.0,-0.36909569506113765,-0.07570710621854103,single_maturity_ea_slope
2021-10-01,AT,PSPP,63482.666666666664,1266.8308308308347,-0.23592202001535606,-0.0789042811800535,single_maturity_ea_slope
2021-11-01,AT,PSPP,63978.666666666664,1217.721994846142,-0.29268868360501615,-0.0829732932828573,single_maturity_ea_slope
2021-12-01,AT,PSPP,64365.33333333333,1119.0231990231964,-0.2841382191820037,-0.08647064515308132,single_maturity_ea_slope
2022-01-01,AT,PSPP,65364.44444444444,1744.0802469135785,-0.09604291778186794,-0.08672605635946169,single_maturity_ea_slope
2022-02-01,AT,PSPP,65726.22222222222,1124.668119099495,0.3007906182893534,-0.08009510093769064,single_maturity_ea_slope
2022-03-01,AT,PSPP,66376.88888888889,1421.0162004479914,0.45396157489741285,-0.06866185661089724,single_maturity_ea_slope
2022-04-01,AT,PSPP,67222.22222222222,1603.0603754439323,1.0965954492816938,-0.04087375689443994,single_maturity_ea_slope
2022-05-01,AT,PSPP,68259.55555555555,1803.66053604904,1.309847053493599,-0.00518290304857423,single_maturity_ea_slope
2022-06-01,AT,PSPP,68896.0,1412.4739528068394,1.8530826740381845,0.03291439904490895,single_maturity_ea_slope
2022-07-01,AT,PSPP,69416.0,1313.0018416206262,1.3494015008115512,0.057815718468232136,single_maturity_ea_slope
2022-08-01,AT,PSPP,69460.44444444444,853.4887334887269,1.392937855988941,0.07422090722449919,single_maturity_ea_slope
2022-09-01,AT,PSPP,68313.77777777778,0.0,2.297080879900033,0.07422090722449919,single_maturity_ea_slope
2022-10-01,AT,PSPP,69106.66666666666,1578.1047254150574,2.6535455220671604,0.1331217999950362,single_maturity_ea_slope
2022-11-01,AT,PSPP,66487.11111111111,0.0,2.5807340753375674,0.1331217999950362,single_maturity_ea_slope
2022-12-01,AT,PSPP,66792.0,1046.6014180177517,2.6866653603785675,0.17313471039250153,single_maturity_ea_slope
2023-01-01,AT,PSPP,67299.55555555555,1261.7560975609676,2.7841790339593473,0.22208750167123176,single_maturity_ea_slope
2023-02-01,AT,PSPP,67679.11111111111,1147.8153221714929,3.0462841139432544,0.2699849413859572,single_maturity_ea_slope
2023-03-01,AT,PSPP,68232.0,1335.125494426467,3.045375955439773,0.32429223561542975,single_maturity_ea_slope
2023-04-01,AT,PSPP,67675.55555555555,230.00092208390151,2.965946601271683,0.33327011448085153,single_maturity_ea_slope
2023-05-01,AT,PSPP,68109.33333333333,1223.6418715634434,2.9241704962705297,0.379817834698456,single_maturity_ea_slope
2023-06-01,AT,PSPP,68272.88888888889,967.4900849858421,3.0368959631132157,0.4174710933507699,single_maturity_ea_slope
2023-07-01,AT,PSPP,65697.77777777778,0.0,3.1520045658798743,0.4174710933507699,single_maturity_ea_slope
2023-08-01,AT,PSPP,65697.77777777778,759.3363127343711,3.111714343152755,0.4486112141298034,single_maturity_ea_slope
2023-09-01,AT,PSPP,65697.77777777778,767.8562152615449,3.224328563043607,0.48105297837610783,single_maturity_ea_slope
2023-10-01,AT,PSPP,62480.0,0.0,3.3624452171639594,0.48105297837610783,single_maturity_ea_slope
2023-11-01,AT,PSPP,62480.0,704.5557059088859,3.1043939736762045,0.5106350825179673,single_maturity_ea_slope
2023-12-01,AT,PSPP,62480.0,713.2420091324201,2.5570719020698687,0.5339962334260941,single_maturity_ea_slope
2024-01-01,AT,PSPP,62326.22222222222,565.3750767341895,2.5821378908177275,0.5525753836685328,single_maturity_ea_slope
2024-02-01,AT,PSPP,62326.22222222222,725.3983033312642,2.772876861486024,0.5784168813153844,single_maturity_ea_slope
2024-03-01,AT,PSPP,62326.22222222222,733.5948943293575,2.7903410512940496,0.6044517703217247,single_maturity_ea_slope
2024-04-01,AT,PSPP,62326.22222222222,743.0403221533408,2.893375318685631,0.631739843144375,single_maturity_ea_slope
2024-05-01,AT,PSPP,62326.22222222222,751.6428150292115,2.960151769551784,0.6598200641574891,single_maturity_ea_slope
2024-06-01,AT,PSPP,62326.22222222222,760.446830432189,2.972187346874931,0.6880334277826409,single_maturity_ea_slope
2024-07-01,AT,PSPP,60462.22222222222,0.0,2.8765843806579285,0.6880334277826409,single_maturity_ea_slope
2024-08-01,AT,PSPP,60462.22222222222,729.1633167175859,2.547994752690176,0.7104642204129779,single_maturity_ea_slope
2024-09-01,AT,PSPP,60426.666666666664,702.1484735101141,2.420145374541566,0.7303304496587921,single_maturity_ea_slope
2024-10-01,AT,PSPP,57392.0,0.0,2.4613057714376683,0.7303304496587921,single_maturity_ea_slope
2024-11-01,AT,PSPP,57185.777777777774,465.5006242197213,2.5024960147126185,0.744756137457583,single_maturity_ea_slope
2024-12-01,AT,PSPP,57185.777777777774,677.8778778778778,2.347976237796407,0.7637606431514997,single_maturity_ea_slope
2025-01-01,AT,PSPP,57185.777777777774,685.6807887023714,2.5999399318809666,0.785777181385666,single_maturity_ea_slope
2025-02-01,AT,PSPP,57185.777777777774,693.6654267076392,2.541475106953081,0.8070738568534901,single_maturity_ea_slope
2025-03-01,AT,PSPP,57185.777777777774,701.838215240277,2.7062485986563094,0.8303823342933873,single_maturity_ea_slope
2025-04-01,AT,PSPP,55514.666666666664,0.0,2.460906148515844,0.8303823342933873,single_maturity_ea_slope
2025-05-01,AT,PSPP,55514.666666666664,674.37641723356,2.448375899274453,0.8500372609816899,single_maturity_ea_slope
2025-06-01,AT,PSPP,55432.88888888888,599.5509736540631,2.4469342453592984,0.8673089774842866,single_maturity_ea_slope
2025-07-01,AT,PSPP,55432.88888888888,688.4362753215212,2.474843199362374,0.8872733865985201,single_maturity_ea_slope
2025-08-01,AT,PSPP,55432.88888888888,697.7956808772518,2.475213643943048,0.9072625640575398,single_maturity_ea_slope
2025-09-01,AT,PSPP,55342.22222222222,613.5112917795868,2.479887394031818,0.9246963253374538,single_maturity_ea_slope
2025-10-01,AT,PSPP,52328.88888888888,0.0,2.4524081712956516,0.9246963253374538,single_maturity_ea_slope
2025-11-01,AT,PSPP,52328.88888888888,637.5351960147282,2.48521179492245,0.9437084533782066,single_maturity_ea_slope
2025-12-01,AT,PSPP,52328.88888888888,645.0799912338373,2.6047741611030952,0.964185101648977,single_maturity_ea_slope
2026-01-01,AT,PSPP,52328.88888888888,652.8055001108893,2.566479567973571,0.98417380507119,single_maturity_ea_slope
2026-02-01,AT,PSPP,52328.88888888888,660.7182940516274,2.5487429987272496,1.0039284666072514,single_maturity_ea_slope
2026-03-01,AT,PSPP,49629.33333333333,0.0,2.8536294435178413,1.0039284666072514,single_maturity_ea_slope
2026-04-01,AT,PSPP,49629.33333333333,602.0054989487303,2.916808714448063,1.0271317689828072,single_maturity_ea_slope
2026-05-01,AT,PSPP,49629.33333333333,609.098347242677,2.9332976175479435,1.0505260479293603,single_maturity_ea_slope
2026-06-01,AT,PSPP,49629.33333333333,617.2802653399667,2.862122750288579,1.0730583452223854,single_maturity_ea_slope
2026-07-01,AT,PSPP,48912.88888888888,0.0,2.985709970705805,1.0730583452223854,single_maturity_ea_slope
2026-08-01,AT,PSPP,48912.88888888888,612.0231342453563,3.067265507364,1.0980108872912244,single_maturity_ea_slope
2020-03-01,BE,PEPP,394.716,394.716,-0.24891651109690968,-0.24891651109690968,single_maturity_ea_slope
2020-04-01,BE,PEPP,2537.206,2148.889416342413,-0.13331087716931378,-0.15100419210642715,single_maturity_ea_slope
2020-05-01,BE,PEPP,5743.829,3245.705039433148,-0.22980688345978298,-0.19553377201670685,single_maturity_ea_slope
2020-06-01,BE,PEPP,8950.452,3291.944286393345,-0.31445474716529837,-0.23927248204752216,single_maturity_ea_slope
2020-07-01,BE,PEPP,11426.317000000001,2603.8017066895386,-0.40696482996150496,-0.2774858120030279,single_maturity_ea_slope
2020-08-01,BE,PEPP,13175.869,1912.0422872582476,-0.4417240689363253,-0.3013195714645139,single_maturity_ea_slope
2020-09-01,BE,PEPP,15361.92,2371.20936143901,-0.485751564382206,-0.32978781424635917,single_maturity_ea_slope
2020-10-01,BE,PEPP,17547.971,2392.52841935484,-0.5564579154879303,-0.36069250738942954,single_maturity_ea_slope
2020-11-01,BE,PEPP,19734.022,2418.536042395336,-0.5883560070606575,-0.3885941880246657,single_maturity_ea_slope
2020-12-01,BE,PEPP,21483.574,2008.5286666666664,-0.5816316495062661,-0.40664152386954694,single_maturity_ea_slope
2021-01-01,BE,PEPP,23188.676,1981.8095476558465,-0.5566148802621461,-0.4194589279159378,single_maturity_ea_slope
2021-02-01,BE,PEPP,24938.228,2050.5472751817233,-0.48644797419635366,-0.42496710621622963,single_maturity_ea_slope
2021-03-01,BE,PEPP,27094.942,2466.890965174129,-0.3671234800798108,-0.4197006650218236,single_maturity_ea_slope
2021-04-01,BE,PEPP,29635.704,2881.8362950654605,-0.3206880992546127,-0.41007248120356493,single_maturity_ea_slope
2021-05-01,BE,PEPP,32081.343,2816.4561171171163,-0.22340757428734653,-0.3936849652901794,single_maturity_ea_slope
2021-06-01,BE,PEPP,34397.188,2718.4722966867485,-0.2557840723175483,-0.3827864070349388,single_maturity_ea_slope
2021-07-01,BE,PEPP,37001.958,3028.1721171836502,-0.33902721421215154,-0.3792052352608282,single_maturity_ea_slope
2021-08-01,BE,PEPP,38960.425,2413.9317710487485,-0.4209183895957858,-0.38178972217337637,single_maturity_ea_slope
2021-09-01,BE,PEPP,41095.803,2620.684738913799,-0.32369199127688963,-0.37808482226605633,single_maturity_ea_slope
2021-10-01,BE,PEPP,43063.16,2482.3420000000033,-0.20392554390191422,-0.3680455475966405,single_maturity_ea_slope
2021-11-01,BE,PEPP,45042.963,2514.616214108296,-0.24792093525999032,-0.36133934361322995,single_maturity_ea_slope
2021-12-01,BE,PEPP,46588.045,2108.682638138133,-0.23661359700416337,-0.3556939679293318,single_maturity_ea_slope
2022-01-01,BE,PEPP,48187.356,2185.766752769387,-0.05003958053068719,-0.3418295592281353,single_maturity_ea_slope
2022-02-01,BE,PEPP,49596.421,2020.2694140030464,0.31599587447424005,-0.3150335812791983,single_maturity_ea_slope
2022-03-01,BE,PEPP,50494.311,1528.88772264631,0.48305887544976306,-0.2908686063649047,single_maturity_ea_slope
2022-04-01,BE,PEPP,50877.47,1031.5194391371338,1.0564689260089386,-0.26355190103889936,single_maturity_ea_slope
2022-05-01,BE,PEPP,50720.117,494.9222564102537,1.2929991674484933,-0.2483632182715948,single_maturity_ea_slope
2022-06-01,BE,PEPP,50971.704,909.9478125649009,1.8485985988569122,-0.21092821671606107,single_maturity_ea_slope
2022-07-01,BE,PEPP,50724.562,415.516658346334,1.3795212192571802,-0.19789984921819262,single_maturity_ea_slope
2022-08-01,BE,PEPP,50950.368,893.5859104792036,1.3739456915112274,-0.17033225581738787,single_maturity_ea_slope
2022-09-01,BE,PEPP,50560.097,278.36899999999946,2.2431648702854154,-0.15704425161327984,single_maturity_ea_slope
2022-10-01,BE,PEPP,50776.124,888.0112769803316,2.5289002125521316,-0.11007042246630164,single_maturity_ea_slope
2022-11-01,BE,PEPP,49939.575,0.0,2.504145937387872,-0.11007042246630164,single_maturity_ea_slope
2022-12-01,BE,PEPP,50080.037000000004,803.1421353503252,2.648439873795857,-0.06583172013215904,single_maturity_ea_slope
2023-01-01,BE,PEPP,49602.644,183.99153512942064,2.7860499363554028,-0.05525320976112758,single_maturity_ea_slope
2023-02-01,BE,PEPP,49949.354,1004.9191825902327,2.9889354193658213,0.005992097812474562,single_maturity_ea_slope
2023-03-01,BE,PEPP,50162.714,879.3513866666673,3.056054821183926,0.0594596371728249,single_maturity_ea_slope
2023-04-01,BE,PEPP,50415.19,928.888001078751,3.0340657815658783,0.11426605475176954,single_maturity_ea_slope
2023-05-01,BE,PEPP,50743.231,1015.6458827059439,2.9701994325584065,0.17142869337940816,single_maturity_ea_slope
2023-06-01,BE,PEPP,49956.466,0.0,3.104501071141447,0.17142869337940816,single_maturity_ea_slope
2023-07-01,BE,PEPP,50200.941,926.9403825136599,3.2502351535489287,0.22827762849947023,single_maturity_ea_slope
2023-08-01,BE,PEPP,50456.973,949.7984593698168,3.21597281604129,0.2845177895212944,single_maturity_ea_slope
2023-09-01,BE,PEPP,50621.438,869.9595889261783,3.3231762007509045,0.3367389457500129,single_maturity_ea_slope
2023-10-01,BE,PEPP,49549.304000000004,0.0,3.4339414351198103,0.3367389457500129,single_maturity_ea_slope
2023-11-01,BE,PEPP,49732.438,866.7612626931549,3.1828093314511667,0.38634165296545103,single_maturity_ea_slope
2023-12-01,BE,PEPP,49851.564,814.4900659955224,2.663499070257334,0.42354654577668277,single_maturity_ea_slope
2024-01-01,BE,PEPP,50333.402,1183.5773581081116,2.710896800543455,0.4773330148813297,single_maturity_ea_slope
2024-02-01,BE,PEPP,50759.233,1139.1728650793634,2.916298420176048,0.5320699177927475,single_maturity_ea_slope
2024-03-01,BE,PEPP,51190.398,1156.7114979988573,2.9539291889320625,0.5867948774514314,single_maturity_ea_slope
2024-04-01,BE,PEPP,51620.674,1169.5942842287677,3.0162139846897142,0.6418393873666265,single_maturity_ea_slope
2024-05-01,BE,PEPP,52137.183,1271.197216374267,3.107056391215568,0.7019457608362343,single_maturity_ea_slope
2024-06-01,BE,PEPP,49960.911,0.0,3.1262457764670915,0.7019457608362343,single_maturity_ea_slope
2024-07-01,BE,PEPP,50188.495,938.0633941979547,3.035607438614927,0.7455637771638164,single_maturity_ea_slope
2024-08-01,BE,PEPP,50258.726,793.8252185697806,2.672909917154894,0.7760057738598338,single_maturity_ea_slope
2024-09-01,BE,PEPP,50378.741,852.222546620046,2.5552200492517305,0.8061035192710821,single_maturity_ea_slope
2024-10-01,BE,PEPP,48601.63,0.0,2.54439643800442,0.8061035192710821,single_maturity_ea_slope
2024-11-01,BE,PEPP,48738.536,831.6119748427699,2.6213457641835074,0.8370764887527598,single_maturity_ea_slope
2024-12-01,BE,PEPP,48783.875,751.6945942028985,2.5028525233593193,0.8627438807007445,single_maturity_ea_slope
2025-01-01,BE,PEPP,48783.875,718.2549322732626,2.7503299958475993,0.8905351957058513,single_maturity_ea_slope
2025-02-01,BE,PEPP,48783.875,728.5524940262843,2.6420614124674833,0.916692994641957,single_maturity_ea_slope
2025-03-01,BE,PEPP,48783.875,739.1496212121212,2.7864722376886903,0.9450229831729682,single_maturity_ea_slope
2025-04-01,BE,PEPP,48783.875,750.0595787207873,2.497203985191217,0.9688880047292144,single_maturity_ea_slope
2025-05-01,BE,PEPP,48783.875,762.7247498436523,2.4827240276402267,0.9925564853876105,single_maturity_ea_slope
2025-06-01,BE,PEPP,45119.417,0.0,2.5141231909015005,0.9925564853876105,single_maturity_ea_slope
2025-07-01,BE,PEPP,45119.417,665.4781268436577,2.5828394566558144,1.016011986438764,single_maturity_ea_slope
2025-08-01,BE,PEPP,45119.417,675.0361609814482,2.597657959983048,1.039675151811958,single_maturity_ea_slope
2025-09-01,BE,PEPP,45119.417,686.1225212895376,2.6375469293454543,1.063973688574937,single_maturity_ea_slope
2025-10-01,BE,PEPP,45119.417,696.2872993827159,2.601821989210724,1.0877059154366002,single_maturity_ea_slope
2025-11-01,BE,PEPP,45119.417,706.7577850877193,2.6071726186017004,1.1115070855989608,single_maturity_ea_slope
2025-12-01,BE,PEPP,45119.417,718.9199649458253,2.7017175337116943,1.1368450468499605,single_maturity_ea_slope
2026-01-01,BE,PEPP,45119.417,730.0876537216828,2.7240548138744045,1.1625280527888673,single_maturity_ea_slope
2026-02-01,BE,PEPP,45119.417,741.6077744904668,2.668464446189887,1.1872804589920398,single_maturity_ea_slope
2026-03-01,BE,PEPP,43319.192,0.0,3.0348213504638335,1.1872804589920398,single_maturity_ea_slope
2026-04-01,BE,PEPP,43319.192,702.3215304798964,3.1366419269175587,1.21888489264842,single_maturity_ea_slope
2026-05-01,BE,PEPP,43243.627,636.4532774490443,3.1750690322843123,1.247675720183888,single_maturity_ea_slope
2026-06-01,BE,PEPP,40716.2,0.0,3.122845374716901,1.247675720183888,single_maturity_ea_slope
2026-07-01,BE,PEPP,40716.2,645.0602027883397,3.249794961219747,1.2793949730520098,single_maturity_ea_slope
2026-08-01,BE,PEPP,40716.2,656.2894906511928,3.362432067546571,1.312970683794991,single_maturity_ea_slope
2015-03-01,BE,PSPP,1358.2222222222222,1358.2222222222222,0.233898212713332,0.233898212713332,single_maturity_ea_slope
2015-04-01,BE,PSPP,2718.222222222222,1372.4516155319236,0.21724903476000268,0.2254919128190413,single_maturity_ea_slope
2015-05-01,BE,PSPP,4190.222222222222,1496.8375568551003,0.5357730261960826,0.3363310041737862,single_maturity_ea_slope
2015-06-01,BE,PSPP,5663.11111111111,1511.3454070810897,0.7910054509969381,0.4576724582687037,single_maturity_ea_slope
2015-07-01,BE,PSPP,7122.666666666666,1513.0013002810285,0.6730654926564114,0.503426381111283,single_maturity_ea_slope
2015-08-01,BE,PSPP,8333.333333333332,1278.1928959676393,0.5560686218128335,0.5115008136823879,single_maturity_ea_slope
2015-09-01,BE,PSPP,9784.888888888889,1529.147113594042,0.5742585728679509,0.5213083697419367,single_maturity_ea_slope
2015-10-01,BE,PSPP,11276.444444444443,1580.1867954911424,0.46445797310797926,0.5133418297104578,single_maturity_ea_slope
2015-11-01,BE,PSPP,12844.444444444443,1665.7839441939338,0.45692759856739484,0.5060255210239576,single_maturity_ea_slope
2015-12-01,BE,PSPP,14129.777777777777,1397.8854227518798,0.49476687833731237,0.5049116823819667,single_maturity_ea_slope
2016-01-01,BE,PSPP,15648.888888888889,1642.7961406784939,0.47171897443459776,0.5014271632635952,single_maturity_ea_slope
2016-02-01,BE,PSPP,17166.222222222223,1653.4579757210242,0.38751310735712846,0.4904549119524446,single_maturity_ea_slope
2016-03-01,BE,PSPP,18686.222222222223,1667.3242552542242,0.2989005013042159,0.4733629973173452,single_maturity_ea_slope
2016-04-01,BE,PSPP,21008.0,2480.6742252456534,0.2551533477316207,0.44759628685336994,single_maturity_ea_slope
2016-05-01,BE,PSPP,23403.555555555555,2574.7435460025013,0.2573064554522714,0.42666153981859395,single_maturity_ea_slope
2016-06-01,BE,PSPP,25484.44444444444,2283.2017826955566,0.17253217483591876,0.4038935873749525,single_maturity_ea_slope
2016-07-01,BE,PSPP,27589.333333333332,2322.2587664430057,-0.03272498751316408,0.36714237991098886,single_maturity_ea_slope
2016-08-01,BE,PSPP,29104.0,1746.4318996415782,-0.0641950418335909,0.34125929054719395,single_maturity_ea_slope
2016-09-01,BE,PSPP,31216.888888888887,2355.664998331663,-0.05203148902834717,0.31158108248135324,single_maturity_ea_slope
2016-10-01,BE,PSPP,33418.666666666664,2460.366983285472,0.0313659637394888,0.290950934868146,single_maturity_ea_slope
2016-11-01,BE,PSPP,35527.11111111111,2387.771313941826,0.28453210007407354,0.29051952603385367,single_maturity_ea_slope
2016-12-01,BE,PSPP,37186.666666666664,1955.023878169586,0.2739350119121742,0.28964762424694823,single_maturity_ea_slope
2017-01-01,BE,PSPP,39399.11111111111,2519.265126512652,0.3628393998121192,0.2943276660684216,single_maturity_ea_slope
2017-02-01,BE,PSPP,41505.777777777774,2433.6845211745585,0.5074152642093208,0.3068220226861025,single_maturity_ea_slope
2017-03-01,BE,PSPP,43637.33333333333,2472.998281598478,0.5293367548379587,0.3194322925675928,single_maturity_ea_slope
2017-04-01,BE,PSPP,45391.11111111111,2109.2464429238653,0.4678697036687908,0.3263299223831667,single_maturity_ea_slope
2017-05-01,BE,PSPP,47062.22222222222,2041.2278031456096,0.4484660384926136,0.33162732705720915,single_maturity_ea_slope
2017-06-01,BE,PSPP,48738.666666666664,2053.5455840455847,0.32723117316304445,0.33144210035665356,single_maturity_ea_slope
2017-07-01,BE,PSPP,50449.777777777774,2104.672695951764,0.5179452214923275,0.3392226703423739,single_maturity_ea_slope
2017-08-01,BE,PSPP,51822.22222222222,1783.8092338914264,0.41266617321857463,0.3417507209156996,single_maturity_ea_slope
2017-09-01,BE,PSPP,53468.44444444444,2067.130459894589,0.3792375030843059,0.34319998823718817,single_maturity_ea_slope
2017-10-01,BE,PSPP,55096.0,2066.109069699627,0.357675228576697,0.34374281213278024,single_maturity_ea_slope
2017-11-01,BE,PSPP,56717.33333333333,2078.6374501991986,0.24087600323407643,0.3399728393785488,single_maturity_ea_slope
2017-12-01,BE,PSPP,58191.11111111111,1947.3694054776252,0.21176164244263895,0.33568224314167805,single_maturity_ea_slope
2018-01-01,BE,PSPP,58824.88888888888,1125.0907726368678,0.3845968712894211,0.33661778926535946,single_maturity_ea_slope
2018-02-01,BE,PSPP,59497.777777777774,1175.665716999052,0.6467647644345011,0.34274623942864446,single_maturity_ea_slope
2018-03-01,BE,PSPP,60132.44444444444,1143.194681861346,0.5586254934601499,0.3468503801701874,single_maturity_ea_slope
2018-04-01,BE,PSPP,60844.44444444444,1230.740894103213,0.4949091078090032,0.3498452621597889,single_maturity_ea_slope
2018-05-01,BE,PSPP,61487.11111111111,1168.093648052202,0.5044295591815264,0.3527819578701047,single_maturity_ea_slope
2018-06-01,BE,PSPP,62211.555555555555,1251.597317482092,0.4684489656134183,0.3551089936646595,single_maturity_ea_slope
2018-07-01,BE,PSPP,62945.777777777774,1272.5707472789477,0.3705573465149998,0.355421312022221,single_maturity_ea_slope
2018-08-01,BE,PSPP,63589.33333333333,1192.8206321504742,0.3978251087255026,0.35621673038781454,single_maturity_ea_slope
2018-09-01,BE,PSPP,64238.22222222222,1207.2778363189339,0.4570908269679955,0.3581125341141172,single_maturity_ea_slope
2018-10-01,BE,PSPP,64549.33333333333,880.5988967691078,0.5298665351176282,0.3604556471408364,single_maturity_ea_slope
2018-11-01,BE,PSPP,64802.666666666664,830.4911778731545,0.47887153417262895,0.3619732289713155,single_maturity_ea_slope
2018-12-01,BE,PSPP,65215.11111111111,996.8840788840797,0.4388300074636449,0.36314806862930193,single_maturity_ea_slope
2019-01-01,BE,PSPP,65461.33333333333,840.1667678607536,0.4458381702427233,0.36420935888828365,single_maturity_ea_slope
2019-02-01,BE,PSPP,65595.55555555555,735.0053842388611,0.3818451334184749,0.3644069696734219,single_maturity_ea_slope
2019-03-01,BE,PSPP,65076.44444444444,80.92141318047072,0.25287280366546516,0.3642682789012336,single_maturity_ea_slope
2019-04-01,BE,PSPP,65262.22222222222,785.6712553261258,0.18156744489993532,0.3620688013365537,single_maturity_ea_slope
2019-05-01,BE,PSPP,65427.555555555555,772.3108465608489,0.11466654043672314,0.35914844999629353,single_maturity_ea_slope
2019-06-01,BE,PSPP,65514.666666666664,701.8006597352692,-0.11206732423126772,0.35410073231632516,single_maturity_ea_slope
2019-07-01,BE,PSPP,65720.88888888889,827.3320692706399,-0.2521588572828151,0.34646879048994145,single_maturity_ea_slope
2019-08-01,BE,PSPP,65768.88888888889,677.5104299702001,-0.47120617578446233,0.3380456085366573,single_maturity_ea_slope
2019-09-01,BE,PSPP,64714.666666666664,0.0,-0.4226987542910966,0.3380456085366573,single_maturity_ea_slope
2019-10-01,BE,PSPP,65029.33333333333,930.9968253968229,-0.34815433018273934,0.3282215809511279,single_maturity_ea_slope
2019-11-01,BE,PSPP,65678.22222222222,1274.6522966384414,-0.2409216900258315,0.3171759138651264,single_maturity_ea_slope
2019-12-01,BE,PSPP,66442.66666666666,1401.6022075626202,-0.20830386827518876,0.30609096409373365,single_maturity_ea_slope
2020-01-01,BE,PSPP,67296.0,1502.4410577048425,-0.23569768277563363,0.2939950667498367,single_maturity_ea_slope
2020-02-01,BE,PSPP,67923.55555555555,1291.224194608802,-0.31830924999097693,0.2823551850950477,single_maturity_ea_slope
2020-03-01,BE,PSPP,69669.33333333333,2419.622574955911,-0.1950317477131059,0.26577549150037805,single_maturity_ea_slope
2020-04-01,BE,PSPP,71435.55555555555,2459.0357995226695,-0.04478527910143437,0.25508501605158995,single_maturity_ea_slope
2020-05-01,BE,PSPP,73142.22222222222,2419.5963628299005,-0.1612394628971006,0.24131270828712534,single_maturity_ea_slope
2020-06-01,BE,PSPP,74658.66666666666,2248.1593526299343,-0.23984440777733748,0.2268238630014951,single_maturity_ea_slope
2020-07-01,BE,PSPP,75619.55555555555,1712.2844873859383,-0.35194517686567917,0.21371855920192773,single_maturity_ea_slope
2020-08-01,BE,PSPP,76010.66666666666,1159.6025293586254,-0.3919901770879154,0.20447799582499396,single_maturity_ea_slope
2020-09-01,BE,PSPP,74752.88888888889,0.0,-0.43060426822643316,0.20447799582499396,single_maturity_ea_slope
2020-10-01,BE,PSPP,75548.44444444444,1541.5923708139198,-0.5094286365629874,0.1899104818800566,single_maturity_ea_slope
2020-11-01,BE,PSPP,76327.11111111111,1538.1001653040303,-0.5431265190994049,0.17513874067345997,single_maturity_ea_slope
2020-12-01,BE,PSPP,76793.77777777777,1240.4613859601595,-0.5411535598063456,0.16356836393829052,single_maturity_ea_slope
2021-01-01,BE,PSPP,77374.22222222222,1366.6215306215386,-0.5176642363786687,0.15153609902865928,single_maturity_ea_slope
2021-02-01,BE,PSPP,77892.44444444444,1318.2038415586771,-0.4282905419511248,0.14172346943372133,single_maturity_ea_slope
2021-03-01,BE,PSPP,78487.11111111111,1408.0798292026411,-0.30578214361063155,0.13369509868262214,single_maturity_ea_slope
2021-04-01,BE,PSPP,79225.77777777777,1566.589779653061,-0.2534251757870556,0.1260402837664246,single_maturity_ea_slope
2021-05-01,BE,PSPP,79715.55555555555,1332.9640035949133,-0.15140399550165778,0.12140099806252018,single_maturity_ea_slope
2021-06-01,BE,PSPP,80336.0,1477.6009557945122,-0.19320465718004376,0.11561453101306825,single_maturity_ea_slope
2021-07-01,BE,PSPP,81036.44444444444,1574.4218160719402,-0.2983992681328158,0.1075708370677227,single_maturity_ea_slope
2021-08-01,BE,PSPP,81374.22222222222,1228.679761555754,-0.387756433894827,0.10009182741874163,single_maturity_ea_slope
2021-09-01,BE,PSPP,79345.77777777777,0.0,-0.2668571765748369,0.10009182741874163,single_maturity_ea_slope
2021-10-01,BE,PSPP,79952.88888888889,1462.4989698625013,-0.14006622110453668,0.09569885421351335,single_maturity_ea_slope
2021-11-01,BE,PSPP,80480.88888888889,1398.946502057613,-0.1963236504927714,0.09062281855932265,single_maturity_ea_slope
2021-12-01,BE,PSPP,80913.77777777777,1320.023907505376,-0.19599133961849555,0.08594700745007848,single_maturity_ea_slope
2022-01-01,BE,PSPP,81923.55555555555,1913.6403534902224,-0.0028703167884904235,0.08387233656208594,single_maturity_ea_slope
2022-02-01,BE,PSPP,82315.55555555555,1317.0627321088025,0.3646644546293554,0.08836505767269912,single_maturity_ea_slope
2022-03-01,BE,PSPP,80676.44444444444,0.0,0.5501752152844372,0.08836505767269912,single_maturity_ea_slope
2022-04-01,BE,PSPP,82587.55555555555,2805.1319936958216,1.121193415371967,0.12344564397519123,single_maturity_ea_slope
2022-05-01,BE,PSPP,83673.77777777777,2007.5470276166361,1.3624546116813883,0.15317262459407674,single_maturity_ea_slope
2022-06-01,BE,PSPP,84419.55555555555,1689.3251140179455,1.9153328097899953,0.1884353245240111,single_maturity_ea_slope
2022-07-01,BE,PSPP,84912.88888888889,1458.3488289386876,1.4517095883708275,0.21013161312538098,single_maturity_ea_slope
2022-08-01,BE,PSPP,84977.77777777777,1046.313864488609,1.4261366124092743,0.2251040320719602,single_maturity_ea_slope
2022-09-01,BE,PSPP,82655.11111111111,0.0,2.293819390148556,0.2251040320719602,single_maturity_ea_slope
2022-10-01,BE,PSPP,83352.88888888889,1631.1010739737058,2.5846756659628958,0.2712775945898448,single_maturity_ea_slope
2022-11-01,BE,PSPP,83608.88888888889,1207.5169964485035,2.520298176530838,0.30375895648983714,single_maturity_ea_slope
2022-12-01,BE,PSPP,83864.0,1220.1259874833268,2.644270132336887,0.3378107368681419,single_maturity_ea_slope
2023-01-01,BE,PSPP,84205.33333333333,1321.510986442258,2.766624932424247,0.3759283300940774,single_maturity_ea_slope
2023-02-01,BE,PSPP,84449.77777777777,1238.3695310040853,2.963901740563092,0.4138783105784179,single_maturity_ea_slope
2023-03-01,BE,PSPP,84850.66666666666,1409.124058155578,3.026760622707109,0.45727072541487235,single_maturity_ea_slope
2023-04-01,BE,PSPP,85050.66666666666,1224.7665056360706,2.996721301609174,0.49383991564392404,single_maturity_ea_slope
2023-05-01,BE,PSPP,85361.77777777777,1350.3421309872906,2.9292267081426906,0.5323654182373951,single_maturity_ea_slope
2023-06-01,BE,PSPP,82766.22222222222,0.0,3.0425094331369316,0.5323654182373951,single_maturity_ea_slope
2023-07-01,BE,PSPP,82766.22222222222,998.1454681888835,3.1743865110797675,0.564227708310265,single_maturity_ea_slope
2023-08-01,BE,PSPP,82766.22222222222,1009.8367767474648,3.151087853923701,0.595790179584221,single_maturity_ea_slope
2023-09-01,BE,PSPP,82766.22222222222,1023.3212440927574,3.2496611437020713,0.62860262968459,single_maturity_ea_slope
2023-10-01,BE,PSPP,80702.22222222222,0.0,3.3899836032783917,0.62860262968459,single_maturity_ea_slope
2023-11-01,BE,PSPP,80702.22222222222,991.9152190538621,3.1201636557569548,0.6592265361014087,single_maturity_ea_slope
2023-12-01,BE,PSPP,80702.22222222222,1003.7589828634603,2.5747979833011847,0.6830520516138437,single_maturity_ea_slope
2024-01-01,BE,PSPP,80702.22222222222,1017.4258979100127,2.630166715918091,0.7075996394139477,single_maturity_ea_slope
2024-02-01,BE,PSPP,80702.22222222222,1029.8905337190176,2.8429691396083694,0.7348503987324062,single_maturity_ea_slope
2024-03-01,BE,PSPP,80702.22222222222,1042.6643697961526,2.8772824642071875,0.7625303995783336,single_maturity_ea_slope
2024-04-01,BE,PSPP,80702.22222222222,1055.7590557590559,2.950518188666857,0.7911539970284712,single_maturity_ea_slope
2024-05-01,BE,PSPP,80702.22222222222,1070.8893606982779,3.0466006462498636,0.8210829599958465,single_maturity_ea_slope
2024-06-01,BE,PSPP,76964.44444444444,0.0,3.0643973674574916,0.8210829599958465,single_maturity_ea_slope
2024-07-01,BE,PSPP,76964.44444444444,989.7690900777319,2.977558186535362,0.8488154088968175,single_maturity_ea_slope
2024-08-01,BE,PSPP,76964.44444444444,1002.1412037037035,2.6284404785475757,0.8719876103245616,single_maturity_ea_slope
2024-09-01,BE,PSPP,76964.44444444444,1014.8265353961555,2.5292325383024448,0.893839468552118,single_maturity_ea_slope
2024-10-01,BE,PSPP,74442.66666666666,0.0,2.536241404895442,0.893839468552118,single_maturity_ea_slope
2024-11-01,BE,PSPP,74442.66666666666,967.7933784018026,2.626270587515031,0.9163619739988537,single_maturity_ea_slope
2024-12-01,BE,PSPP,74419.55555555555,956.9134632262608,2.507559322796504,0.9368221629148936,single_maturity_ea_slope
2025-01-01,BE,PSPP,74419.55555555555,993.8509021842355,2.7651454915053946,0.9612388740338906,single_maturity_ea_slope
2025-02-01,BE,PSPP,74419.55555555555,1005.1263581247374,2.663448208268558,0.9842292756307933,single_maturity_ea_slope
2025-03-01,BE,PSPP,74419.55555555555,1020.0048732943468,2.8267812291950474,1.009483551310128,single_maturity_ea_slope
2025-04-01,BE,PSPP,74419.55555555555,1033.6049382716049,2.541212633621667,1.0307575663422326,single_maturity_ea_slope
2025-05-01,BE,PSPP,74419.55555555555,1047.5725725725727,2.5301943736916197,1.0518645033826237,single_maturity_ea_slope
2025-06-01,BE,PSPP,69231.11111111111,0.0,2.5610998772626434,1.0518645033826237,single_maturity_ea_slope
2025-07-01,BE,PSPP,69231.11111111111,915.7554379776602,2.6367656211692383,1.0728288038824467,single_maturity_ea_slope
2025-08-01,BE,PSPP,69231.11111111111,929.0272559193654,2.6477947578253334,1.0939636127115244,single_maturity_ea_slope
2025-09-01,BE,PSPP,69231.11111111111,941.1515920488188,2.684455542351136,1.1155853083292462,single_maturity_ea_slope
2025-10-01,BE,PSPP,69231.11111111111,953.5965717783901,2.6450604592794194,1.1366524591687803,single_maturity_ea_slope
2025-11-01,BE,PSPP,69231.11111111111,967.9965200099429,2.6517107075601003,1.1578361595098223,single_maturity_ea_slope
2025-12-01,BE,PSPP,69231.11111111111,981.1665406903502,2.755107291409254,1.1804732220367418,single_maturity_ea_slope
2026-01-01,BE,PSPP,69231.11111111111,996.4178340689566,2.7768044480915473,1.2034486282839325,single_maturity_ea_slope
2026-02-01,BE,PSPP,69231.11111111111,1008.6117586117585,2.7172690600129497,1.225503121753178,single_maturity_ea_slope
2026-03-01,BE,PSPP,66620.44444444444,0.0,3.0687456024060835,1.225503121753178,single_maturity_ea_slope
2026-04-01,BE,PSPP,66620.44444444444,952.2647862270502,3.161258356064721,1.2531725790760988,single_maturity_ea_slope
2026-05-01,BE,PSPP,66578.66666666666,923.735909822863,3.1978489563240626,1.280153705202308,single_maturity_ea_slope
2026-06-01,BE,PSPP,62133.33333333333,0.0,3.1485814357809354,1.280153705202308,single_maturity_ea_slope
2026-07-01,BE,PSPP,62133.33333333333,847.4268048736133,3.2790083381341493,1.307415770572355,single_maturity_ea_slope
2026-08-01,BE,PSPP,62133.33333333333,860.0959763750461,3.3922867144222857,1.3362761103266454,single_maturity_ea_slope
2020-03-01,CY,PEPP,20.447,20.447,1.1136063083510135,1.1136063083510135,single_maturity_ea_slope
2020-04-01,CY,PEPP,212.471,192.15557657657658,1.855742496711101,1.7847831144689095,single_maturity_ea_slope
2020-05-01,CY,PEPP,427.609,216.57051752966555,1.6503347354452227,1.7166892365893878,single_maturity_ea_slope
2020-06-01,CY,PEPP,666.75,241.99858487035553,1.015066744201392,1.4620335931381587,single_maturity_ea_slope
2020-07-01,CY,PEPP,832.104,170.06668023748944,0.8928643934108077,1.3457059270158243,single_maturity_ea_slope
2020-08-01,CY,PEPP,944.118,118.03327083333335,0.823521975282963,1.2804226893276274,single_maturity_ea_slope
2020-09-01,CY,PEPP,1061.4660000000001,124.09555574614072,0.6567398189642043,1.2075081801421261,single_maturity_ea_slope
2020-10-01,CY,PEPP,1190.371,136.7398538529672,0.36784975195450115,1.1110552501255282,single_maturity_ea_slope
2020-11-01,CY,PEPP,1319.276,138.03921577655,0.20698933564379246,1.016460525560412,single_maturity_ea_slope
2020-12-01,CY,PEPP,1422.4,113.44697339593117,0.10740676713866187,0.9439567308844111,single_maturity_ea_slope
2021-01-01,CY,PEPP,1521.968,110.94355982085732,0.1178768526668629,0.883739799657319,single_maturity_ea_slope
2021-02-01,CY,PEPP,1612.646,102.96779328165363,0.17296992324205912,0.8383569904694668,single_maturity_ea_slope
2021-03-01,CY,PEPP,1688.211,88.87066006600665,0.22758444504384584,0.8062047540119565,single_maturity_ea_slope
2021-04-01,CY,PEPP,1761.109,87.0229246987951,0.22717195302482368,0.7775925966506372,single_maturity_ea_slope
2021-05-01,CY,PEPP,1830.451,84.42515347721832,0.32498014745035686,0.7567169351391116,single_maturity_ea_slope
2021-06-01,CY,PEPP,1894.459,79.98052181500876,0.1489819333288609,0.7310594980713107,single_maturity_ea_slope
2021-07-01,CY,PEPP,1956.689,79.22371187656981,0.056009217383270804,0.7037276180743225,single_maturity_ea_slope
2021-08-01,CY,PEPP,2006.473,67.72210964429765,-0.03593599795847177,0.6787626270154492,single_maturity_ea_slope
2021-09-01,CY,PEPP,2051.812,63.97958900037155,0.012007452938003566,0.6579718713315239,single_maturity_ea_slope
2021-10-01,CY,PEPP,2100.707,68.3029833522512,0.1539345753308724,0.6415834596978948,single_maturity_ea_slope
2021-11-01,CY,PEPP,2149.602,69.06307795698923,0.3402137998372663,0.6319009620481781,single_maturity_ea_slope
2021-12-01,CY,PEPP,2184.273,55.38007514450894,0.4632411558251614,0.6276247599697342,single_maturity_ea_slope
2022-01-01,CY,PEPP,2235.835,72.70285365853648,0.6611431106822179,0.6287146792825302,single_maturity_ea_slope
2022-02-01,CY,PEPP,2298.954,84.75890514905163,1.431155365871866,0.658299435672769,single_maturity_ea_slope
2022-03-01,CY,PEPP,2341.626,65.0789590643275,1.7393852241358911,0.6883451977937984,single_maturity_ea_slope
2022-04-01,CY,PEPP,2341.626,23.038429752066115,2.1256619053072368,0.7024864483596528,single_maturity_ea_slope
2022-05-01,CY,PEPP,2191.385,0.0,2.558189859238859,0.7024864483596528,single_maturity_ea_slope
2022-06-01,CY,PEPP,2191.385,20.449654721911163,3.28105296075314,0.7265492190986739,single_maturity_ea_slope
2022-07-01,CY,PEPP,2191.385,20.634510357815447,3.177401920220249,0.7496269281487828,single_maturity_ea_slope
2022-08-01,CY,PEPP,2200.275,29.808146239022403,2.8722384417243845,0.7783829311053652,single_maturity_ea_slope
2022-09-01,CY,PEPP,2207.387,28.383026682134652,3.5868735894503505,0.8144950697074008,single_maturity_ea_slope
2022-10-01,CY,PEPP,2210.943,25.146248435054815,4.008078466279345,0.8508174179037424,single_maturity_ea_slope
2022-11-01,CY,PEPP,2210.943,21.830005924170617,4.092463271298805,0.8828241897579591,single_maturity_ea_slope
2022-12-01,CY,PEPP,2216.277,27.452277310924202,4.154904944841949,0.9233543528523304,single_maturity_ea_slope
2023-01-01,CY,PEPP,2216.277,22.386636363636363,4.1664193073014975,0.9561125847154535,single_maturity_ea_slope
2023-02-01,CY,PEPP,2216.277,22.605844553243575,4.127807717446345,0.9884636162610563,single_maturity_ea_slope
2023-03-01,CY,PEPP,2216.277,22.829388133498146,4.131525924156055,1.0208396186085533,single_maturity_ea_slope
2023-04-01,CY,PEPP,2232.279,39.030647132169534,3.9491829247061725,1.072040715900669,single_maturity_ea_slope
2023-05-01,CY,PEPP,2260.727,51.81775502512549,3.8707827033481186,1.1361902247463125,single_maturity_ea_slope
2023-06-01,CY,PEPP,2278.507,41.65755597803147,3.7719262944518124,1.184378939052248,single_maturity_ea_slope
2023-07-01,CY,PEPP,2122.043,0.0,3.7433424289118036,1.184378939052248,single_maturity_ea_slope
2023-08-01,CY,PEPP,2141.601,40.46070882584712,3.7733462156167494,1.2332916221975783,single_maturity_ea_slope
2023-09-01,CY,PEPP,2154.936,34.6317482100239,3.9216267019587856,1.2764955705220133,single_maturity_ea_slope
2023-10-01,CY,PEPP,2178.05,44.723867629362246,4.016451476603756,1.3327575595736372,single_maturity_ea_slope
2023-11-01,CY,PEPP,2186.051,30.054969218306756,3.6885553950732044,1.3651462968128385,single_maturity_ea_slope
2023-12-01,CY,PEPP,2194.052,30.353259713701632,3.1095682869921712,1.389279222430921,single_maturity_ea_slope
2024-01-01,CY,PEPP,2195.83,24.434464270962206,3.105568671518523,1.408377519303794,single_maturity_ea_slope
2024-02-01,CY,PEPP,2195.83,22.90185648727576,3.204057892708649,1.4271059337114373,single_maturity_ea_slope
2024-03-01,CY,PEPP,2195.83,23.162763713080164,3.139587488993375,1.4451700851384621,single_maturity_ea_slope
2024-04-01,CY,PEPP,2195.83,23.39972293265132,3.205324522758024,1.4639270591113902,single_maturity_ea_slope
2024-05-01,CY,PEPP,2195.83,23.641580534022395,3.246394007448841,1.4831181330598984,single_maturity_ea_slope
2024-06-01,CY,PEPP,2095.373,0.0,3.263537138980906,1.4831181330598984,single_maturity_ea_slope
2024-07-01,CY,PEPP,2128.266,54.584231884058,3.135389303116331,1.5254943927387659,single_maturity_ea_slope
2024-08-01,CY,PEPP,2138.934,32.94884170854284,2.8316343148436136,1.5456146010026213,single_maturity_ea_slope
2024-09-01,CY,PEPP,2156.714,40.4286022871662,2.6815736782231374,1.5669086797480853,single_maturity_ea_slope
2024-10-01,CY,PEPP,2179.828,46.244780780780815,2.6557649001799515,1.5900086294760738,single_maturity_ea_slope
2024-11-01,CY,PEPP,2200.275,44.099647569444556,2.6975058428576184,1.612205962443211,single_maturity_ea_slope
2024-12-01,CY,PEPP,2057.146,0.0,2.5936585071128944,1.612205962443211,single_maturity_ea_slope
2025-01-01,CY,PEPP,2057.146,21.111925287356325,2.805015054435682,1.6244474350621811,single_maturity_ea_slope
2025-02-01,CY,PEPP,2057.146,21.32199419568823,2.637930631725975,1.634952028725778,single_maturity_ea_slope
2025-03-01,CY,PEPP,2057.146,21.563375262054507,2.748434532772024,1.6466237530868497,single_maturity_ea_slope
2025-04-01,CY,PEPP,2057.146,21.78257094451504,2.4665055106468188,1.655305262590873,single_maturity_ea_slope
2025-05-01,CY,PEPP,2057.146,22.006268720581943,2.4360533229087027,1.663657295756447,single_maturity_ea_slope
2025-06-01,CY,PEPP,2057.146,22.26348484848485,2.440053557826548,1.6720598527052577,single_maturity_ea_slope
2025-07-01,CY,PEPP,2057.146,22.497222222222224,2.4442547002592057,1.6805046782471864,single_maturity_ea_slope
2025-08-01,CY,PEPP,2057.146,22.735919540229887,2.452071622739774,1.68903216437111,single_maturity_ea_slope
2025-09-01,CY,PEPP,2057.146,23.010581655480983,2.48087565619625,1.697889474123069,single_maturity_ea_slope
2025-10-01,CY,PEPP,2057.146,23.260357304387156,2.4125083120434776,1.7059697413994195,single_maturity_ea_slope
2025-11-01,CY,PEPP,1906.905,0.0,2.471641060748338,1.7059697413994195,single_maturity_ea_slope
2025-12-01,CY,PEPP,1906.905,20.268973214285715,2.5959137938266665,1.715429180732192,single_maturity_ea_slope
2026-01-01,CY,PEPP,1906.905,20.477931701030926,2.6708275194185713,1.7256890426167106,single_maturity_ea_slope
2026-02-01,CY,PEPP,1756.664,0.0,2.803559166304037,1.7256890426167106,single_maturity_ea_slope
2026-03-01,CY,PEPP,1756.664,17.573669467787113,3.150337676911796,1.7399412298345487,single_maturity_ea_slope
2026-04-01,CY,PEPP,1756.664,17.74408080808081,3.177675942953438,1.7544638026943356,single_maturity_ea_slope
2026-05-01,CY,PEPP,1756.664,17.939787581699346,3.1613818566924,1.7688318383765052,single_maturity_ea_slope
2026-06-01,CY,PEPP,1756.664,18.11740924092409,3.1254726661548635,1.7828235960887404,single_maturity_ea_slope
2026-07-01,CY,PEPP,1756.664,18.298583333333333,3.244862685943479,1.7980531699413942,single_maturity_ea_slope
2026-08-01,CY,PEPP,1756.664,18.50678466076696,3.3378113100813156,1.8142748106929738,single_maturity_ea_slope
2015-03-01,CY,PSPP,0.0,0.0,5.489731925983347,,single_maturity_ea_slope
2015-04-01,CY,PSPP,0.0,0.0,5.535264506240301,,single_maturity_ea_slope
2015-05-01,CY,PSPP,0.0,0.0,3.078526752287498,,single_maturity_ea_slope
2015-06-01,CY,PSPP,0.0,0.0,2.7363283217631165,,single_maturity_ea_slope
2015-07-01,CY,PSPP,87.1111111111111,87.1111111111111,2.826906741979785,2.826906741979785,single_maturity_ea_slope
2015-08-01,CY,PSPP,87.1111111111111,1.3645224171539958,2.9096383049086394,2.8282026624517282,single_maturity_ea_slope
2015-09-01,CY,PSPP,87.1111111111111,1.385354820469324,2.896149376613581,2.8292832399670247,single_maturity_ea_slope
2015-10-01,CY,PSPP,167.11111111111111,81.33934672680061,2.902107108961967,2.864729392474671,single_maturity_ea_slope
2015-11-01,CY,PSPP,253.33333333333331,88.58254865034525,3.224441513912256,2.990509194437949,single_maturity_ea_slope
2015-12-01,CY,PSPP,253.33333333333331,3.633581946834959,3.0720498608988667,2.9916787392810487,single_maturity_ea_slope
2016-01-01,CY,PSPP,253.33333333333331,3.6843125848361447,3.0318734969643377,2.9922633052741157,single_maturity_ea_slope
2016-02-01,CY,PSPP,253.33333333333331,3.736479842674532,3.3325796472199243,2.997282720347063,single_maturity_ea_slope
2016-03-01,CY,PSPP,239.1111111111111,0.0,3.3442255388416458,2.997282720347063,single_maturity_ea_slope
2016-04-01,CY,PSPP,239.1111111111111,3.6695996180342405,3.3656672682045525,3.0029362585278108,single_maturity_ea_slope
2016-05-01,CY,PSPP,239.1111111111111,3.724472135687089,3.2730770815194736,3.0071440595089896,single_maturity_ea_slope
2016-06-01,CY,PSPP,239.1111111111111,3.7810106121301565,3.2849363680327057,3.0115367272592066,single_maturity_ea_slope
2016-07-01,CY,PSPP,239.1111111111111,3.8467038467038464,3.383346566408134,3.0175182240280116,single_maturity_ea_slope
2016-08-01,CY,PSPP,239.1111111111111,3.9070442992011616,3.377030882518117,3.023392613872621,single_maturity_ea_slope
2016-09-01,CY,PSPP,220.44444444444443,0.0,3.1006870677899387,3.023392613872621,single_maturity_ea_slope
2016-10-01,CY,PSPP,220.44444444444443,3.6740740740740736,2.8043219489100326,3.0197414361232444,single_maturity_ea_slope
2016-11-01,CY,PSPP,220.44444444444443,3.733815115928937,2.7054863704602163,3.0144186877210934,single_maturity_ea_slope
2016-12-01,CY,PSPP,220.44444444444443,3.803389310635687,2.6272719715874797,3.0077391377532954,single_maturity_ea_slope
2017-01-01,CY,PSPP,220.44444444444443,3.867446393762183,2.522617169196355,2.9992282260242265,single_maturity_ea_slope
2017-02-01,CY,PSPP,220.44444444444443,3.9336981521135694,2.367722425451216,2.9879593858997975,single_maturity_ea_slope
2017-03-01,CY,PSPP,220.44444444444443,4.002259339949972,2.3265814460776637,2.975951798030841,single_maturity_ea_slope
2017-04-01,CY,PSPP,220.44444444444443,4.082304526748971,2.294323984650548,2.9633290607460214,single_maturity_ea_slope
2017-05-01,CY,PSPP,220.44444444444443,4.156192391486509,2.066447233612416,2.9464195240353575,single_maturity_ea_slope
2017-06-01,CY,PSPP,190.2222222222222,0.0,1.9568158245721958,2.9464195240353575,single_maturity_ea_slope
2017-07-01,CY,PSPP,190.2222222222222,3.4460547504025762,1.5732797773960305,2.921543803987544,single_maturity_ea_slope
2017-08-01,CY,PSPP,190.2222222222222,3.507046869878728,1.5285843624986941,2.8958623983553746,single_maturity_ea_slope
2017-09-01,CY,PSPP,189.33333333333331,2.6733250104036643,1.2129097616802822,2.872099655177831,single_maturity_ea_slope
2017-10-01,CY,PSPP,189.33333333333331,3.618756371049948,0.8209867526349144,2.8328964269182184,single_maturity_ea_slope
2017-11-01,CY,PSPP,189.33333333333331,3.6863966770508823,0.5419536747360463,2.788290843737102,single_maturity_ea_slope
2017-12-01,CY,PSPP,189.33333333333331,3.756613756613756,0.6143706031273959,2.745157505629767,single_maturity_ea_slope
2018-01-01,CY,PSPP,189.33333333333331,3.8388753717220863,0.6765487702035589,2.7032149116430233,single_maturity_ea_slope
2018-02-01,CY,PSPP,189.33333333333331,3.915081334436173,0.8184217408377934,2.6642406938844374,single_maturity_ea_slope
2018-03-01,CY,PSPP,189.33333333333331,3.9943741209563988,0.7783605978997008,2.624454193969148,single_maturity_ea_slope
2018-04-01,CY,PSPP,189.33333333333331,4.07694516221648,1.1006478781833284,2.591641827134828,single_maturity_ea_slope
2018-05-01,CY,PSPP,189.33333333333331,4.174015285126396,1.4801971360352004,2.5671390782128785,single_maturity_ea_slope
2018-06-01,CY,PSPP,189.33333333333331,4.264264264264264,1.6011475502199768,2.5453825122670923,single_maturity_ea_slope
2018-07-01,CY,PSPP,189.33333333333331,4.370575561711295,1.1410600011567602,2.512965095113114,single_maturity_ea_slope
2018-08-01,CY,PSPP,189.33333333333331,4.469625432798237,1.2899145880856209,2.484092325825402,single_maturity_ea_slope
2018-09-01,CY,PSPP,189.33333333333331,4.573268921095007,1.056887232530674,2.449618772847269,single_maturity_ea_slope
2018-10-01,CY,PSPP,327.1111111111111,140.96520763187428,1.5246062581066508,2.0509940341168202,single_maturity_ea_slope
2018-11-01,CY,PSPP,447.1111111111111,125.02012141054499,1.6546127312243908,1.9401588582936757,single_maturity_ea_slope
2018-12-01,CY,PSPP,601.7777777777777,161.07962006757182,1.6954380793410346,1.8746537307333018,single_maturity_ea_slope
2019-01-01,CY,PSPP,653.3333333333333,60.2769726247987,1.590916771742838,1.848475968116396,single_maturity_ea_slope
2019-02-01,CY,PSPP,703.1111111111111,59.346221441124825,1.4376757924952703,1.8138023044447495,single_maturity_ea_slope
2019-03-01,CY,PSPP,753.7777777777777,60.964134609125786,1.223915184648781,1.7660933392355989,single_maturity_ea_slope
2019-04-01,CY,PSPP,857.7777777777777,114.46913580246914,0.9982020026838659,1.6636194118822933,single_maturity_ea_slope
2019-05-01,CY,PSPP,960.8888888888888,114.38579273279586,0.8700392092135283,1.5691503201600598,single_maturity_ea_slope
2019-06-01,CY,PSPP,1046.2222222222222,96.83822903363136,0.44459070729779454,1.4650611897255916,single_maturity_ea_slope
2019-07-01,CY,PSPP,1170.6666666666665,136.14715386527456,0.3338428862390959,1.3335018340137543,single_maturity_ea_slope
2019-08-01,CY,PSPP,1252.4444444444443,94.97880018042405,0.19941313722344983,1.2474985113137973,single_maturity_ea_slope
2019-09-01,CY,PSPP,1395.5555555555554,156.35608197029515,0.26350122721160363,1.137252839330941,single_maturity_ea_slope
2019-10-01,CY,PSPP,1485.3333333333333,104.33300885365972,0.2927980066931543,1.0779365151410076,single_maturity_ea_slope
2019-11-01,CY,PSPP,1615.111111111111,144.40872077751516,0.3706337485821122,1.0146958581865149,single_maturity_ea_slope
2019-12-01,CY,PSPP,1728.0,128.44872618283026,0.3545150252788159,0.9656221388362175,single_maturity_ea_slope
2020-01-01,CY,PSPP,1817.7777777777776,106.25375031782337,0.4131761196099788,0.9333302590979252,single_maturity_ea_slope
2020-02-01,CY,PSPP,1854.2222222222222,53.54167711729801,0.38544420306431443,0.917509750661744,single_maturity_ea_slope
2020-03-01,CY,PSPP,1957.3333333333333,120.55112448791905,1.1023018125362296,0.9288909959897806,single_maturity_ea_slope
2020-04-01,CY,PSPP,2060.4444444444443,120.93746205221612,1.7143007965339203,0.9749905004946722,single_maturity_ea_slope
2020-05-01,CY,PSPP,2142.222222222222,100.34034034034039,1.5237521036116015,1.0006941485342038,single_maturity_ea_slope
2020-06-01,CY,PSPP,2217.777777777778,94.52670523871384,0.8912492583978314,0.996029359765254,single_maturity_ea_slope
2020-07-01,CY,PSPP,2345.777777777778,147.0138698369151,0.8162311068192563,0.984761098463645,single_maturity_ea_slope
2020-08-01,CY,PSPP,2451.555555555555,125.40443254499439,0.7663313216661003,0.9735877590921785,single_maturity_ea_slope
2020-09-01,CY,PSPP,2570.6666666666665,139.45934779400935,0.5954958986785535,0.9530761754850049,single_maturity_ea_slope
2020-10-01,CY,PSPP,2683.555555555555,134.3111111111109,0.3222997584902139,0.9215060143031855,single_maturity_ea_slope
2020-11-01,CY,PSPP,2790.222222222222,129.07444518666995,0.17745454401301236,0.8870865225676697,single_maturity_ea_slope
2020-12-01,CY,PSPP,2910.222222222222,143.3686953284943,0.08586070639222582,0.8476150694767552,single_maturity_ea_slope
2021-01-01,CY,PSPP,2985.777777777778,100.02765631423563,0.10175003168062727,0.8226275663166897,single_maturity_ea_slope
2021-02-01,CY,PSPP,3043.555555555555,83.01254601457401,0.15357816373697514,0.8043793387736462,single_maturity_ea_slope
2021-03-01,CY,PSPP,3129.777777777778,111.91924650080719,0.21603117360882046,0.7833403104461676,single_maturity_ea_slope
2021-04-01,CY,PSPP,3206.222222222222,103.2772443225117,0.2141644239910167,0.7650062983242103,single_maturity_ea_slope
2021-05-01,CY,PSPP,3264.8888888888887,86.35425062368051,0.3202063486888477,0.7532416203717903,single_maturity_ea_slope
2021-06-01,CY,PSPP,3341.333333333333,105.02365390600674,0.14730866231560952,0.7341961415378513,single_maturity_ea_slope
2021-07-01,CY,PSPP,3408.0,96.38325625518826,0.05974747297345073,0.715121740465899,single_maturity_ea_slope
2021-08-01,CY,PSPP,3464.0,86.73593073593074,-0.02979489505088681,0.696469593323224,single_maturity_ea_slope
2021-09-01,CY,PSPP,3544.0,111.791483113069,0.017589443667669485,0.6750550846364247,single_maturity_ea_slope
2021-10-01,CY,PSPP,3588.4444444444443,77.36900780379031,0.16341617480278492,0.6640238438242877,single_maturity_ea_slope
2021-11-01,CY,PSPP,3635.555555555555,80.82441855609812,0.35064303824766163,0.6570568697235434,single_maturity_ea_slope
2021-12-01,CY,PSPP,3680.8888888888887,79.87871109421866,0.46866124706666484,0.6529685095562342,single_maturity_ea_slope
2022-01-01,CY,PSPP,3758.222222222222,112.59088974031518,0.6661528571799256,0.6533634934985939,single_maturity_ea_slope
2022-02-01,CY,PSPP,3798.222222222222,76.41688199827735,1.4306147893576993,0.6690011042237302,single_maturity_ea_slope
2022-03-01,CY,PSPP,3856.0,94.92783863675888,1.7375909814434227,0.6953078800104482,single_maturity_ea_slope
2022-04-01,CY,PSPP,3950.222222222222,132.24983563445096,2.124725726571757,0.7431634852463325,single_maturity_ea_slope
2022-05-01,CY,PSPP,3730.6666666666665,0.0,2.5598600263990696,0.7431634852463325,single_maturity_ea_slope
2022-06-01,CY,PSPP,3767.111111111111,71.21948794432006,3.2815446500451086,0.791153098887209,single_maturity_ea_slope
2022-07-01,CY,PSPP,3816.0,84.28076328865531,3.1788851552439596,0.8438889165597817,single_maturity_ea_slope
2022-08-01,CY,PSPP,3845.333333333333,65.63470319634672,2.873937819934551,0.8785391394915792,single_maturity_ea_slope
2022-09-01,CY,PSPP,3907.555555555555,99.39675174013917,3.5868735894503505,0.9474312238457183,single_maturity_ea_slope
2022-10-01,CY,PSPP,3955.555555555555,86.4450566268748,4.005297641704063,1.0142581036446692,single_maturity_ea_slope
2022-11-01,CY,PSPP,3983.111111111111,67.03215790640951,4.08992392171186,1.0660187779097952,single_maturity_ea_slope
2022-12-01,CY,PSPP,4004.4444444444443,61.56677890011238,4.154138471868611,1.1134974194673812,single_maturity_ea_slope
2023-01-01,CY,PSPP,4018.6666666666665,54.76945231987754,4.166422979178689,1.1551050159036977,single_maturity_ea_slope
2023-02-01,CY,PSPP,4031.111111111111,53.28455284552835,4.127643014118864,1.1943970010873013,single_maturity_ea_slope
2023-03-01,CY,PSPP,4034.6666666666665,44.87485763746536,4.13133728637043,1.227062593583621,single_maturity_ea_slope
2023-04-01,CY,PSPP,4046.222222222222,53.32229123533481,3.9492488610391274,1.2629363545829297,single_maturity_ea_slope
2023-05-01,CY,PSPP,4062.222222222222,58.2537826046598,3.8709854401061086,1.3003367517397444,single_maturity_ea_slope
2023-06-01,CY,PSPP,4069.333333333333,49.961556493201805,3.771807382781193,1.3306804246314712,single_maturity_ea_slope
2023-07-01,CY,PSPP,3816.0,0.0,3.746408511101232,1.3306804246314712,single_maturity_ea_slope
2023-08-01,CY,PSPP,3816.0,38.40579710144928,3.773096825981934,1.355261910152309,single_maturity_ea_slope
2023-09-01,CY,PSPP,3816.0,38.78048780487805,3.921410969955,1.3813406607600598,single_maturity_ea_slope
2023-10-01,CY,PSPP,3816.0,39.16256157635468,4.014278632206659,1.4083617811566793,single_maturity_ea_slope
2023-11-01,CY,PSPP,3816.0,39.552238805970156,3.6874557878524543,1.4319842314748361,single_maturity_ea_slope
2023-12-01,CY,PSPP,3816.0,40.0,3.1089103140692766,1.4495620730114653,single_maturity_ea_slope
2024-01-01,CY,PSPP,3816.0,40.406607369758575,3.1024287243617046,1.467063837638215,single_maturity_ea_slope
2024-02-01,CY,PSPP,3816.0,40.821566110397946,3.2030745116911485,1.4856347691107539,single_maturity_ea_slope
2024-03-01,CY,PSPP,3816.0,41.298701298701296,3.141356650530125,1.503553837091483,single_maturity_ea_slope
2024-04-01,CY,PSPP,3816.0,41.73228346456693,3.205794594065881,1.5221697683794795,single_maturity_ea_slope
2024-05-01,CY,PSPP,3816.0,42.23107569721115,3.24833151352308,1.5412729306763322,single_maturity_ea_slope
2024-06-01,CY,PSPP,3545.7777777777774,0.0,3.264546629152287,1.5412729306763322,single_maturity_ea_slope
2024-07-01,CY,PSPP,3545.7777777777774,37.21429237802033,3.1357623772008365,1.5580077065634494,single_maturity_ea_slope
2024-08-01,CY,PSPP,3545.7777777777774,37.64095305496579,2.828885408332301,1.571498977282864,single_maturity_ea_slope
2024-09-01,CY,PSPP,3545.7777777777774,38.02850469517136,2.677638264407602,1.5833623330006326,single_maturity_ea_slope
2024-10-01,CY,PSPP,3545.7777777777774,38.4741512345679,2.651526030868609,1.5949526509028458,single_maturity_ea_slope
2024-11-01,CY,PSPP,3545.7777777777774,38.879142300194935,2.6936330102654757,1.606999584667787,single_maturity_ea_slope
2024-12-01,CY,PSPP,3256.8888888888887,0.0,2.596050911784539,1.606999584667787,single_maturity_ea_slope
2025-01-01,CY,PSPP,3256.8888888888887,33.220000906659415,2.8077319400149436,1.6192469567133514,single_maturity_ea_slope
2025-02-01,CY,PSPP,3256.8888888888887,33.54850524195394,2.640715055861569,1.6297688778005806,single_maturity_ea_slope
2025-03-01,CY,PSPP,3256.8888888888887,33.925925925925924,2.7523649609666667,1.6414625870002273,single_maturity_ea_slope
2025-04-01,CY,PSPP,3256.8888888888887,34.268612046389826,2.47127178032785,1.6501937443374286,single_maturity_ea_slope
2025-05-01,CY,PSPP,3256.8888888888887,34.6182917611489,2.4407617865449525,1.658596891044566,single_maturity_ea_slope
2025-06-01,CY,PSPP,3256.8888888888887,34.97518136693394,2.445158127879334,1.6670436397219155,single_maturity_ea_slope
2025-07-01,CY,PSPP,3256.8888888888887,35.385581148293014,2.448821266242548,1.6755375296232695,single_maturity_ea_slope
2025-08-01,CY,PSPP,3256.8888888888887,35.75855170058068,2.4565660218211134,1.684112721676386,single_maturity_ea_slope
2025-09-01,CY,PSPP,3256.8888888888887,36.187654320987654,2.4851963224829543,1.6930136505742366,single_maturity_ea_slope
2025-10-01,CY,PSPP,3256.8888888888887,36.57781770989318,2.416519691673912,1.7011392799666407,single_maturity_ea_slope
2025-11-01,CY,PSPP,2987.555555555555,0.0,2.4828062875516625,1.7011392799666407,single_maturity_ea_slope
2025-12-01,CY,PSPP,2987.555555555555,31.15931951977008,2.6082109650382734,1.7105997689640502,single_maturity_ea_slope
2026-01-01,CY,PSPP,2987.555555555555,31.51429910923581,2.6825781797910713,1.7208527057871201,single_maturity_ea_slope
2026-02-01,CY,PSPP,2698.6666666666665,0.0,2.8317178692474245,1.7208527057871201,single_maturity_ea_slope
2026-03-01,CY,PSPP,2698.6666666666665,25.938741509675765,3.171675937313205,1.7347975657594967,single_maturity_ea_slope
2026-04-01,CY,PSPP,2698.6666666666665,26.180313025481826,3.1984127963533124,1.7489963941509774,single_maturity_ea_slope
2026-05-01,CY,PSPP,2698.6666666666665,26.426426426426424,3.180793888590619,1.7630171295058505,single_maturity_ea_slope
2026-06-01,CY,PSPP,2698.6666666666665,26.708894167326473,3.142903804846557,1.7766739651683672,single_maturity_ea_slope
2026-07-01,CY,PSPP,2698.6666666666665,26.96509459099387,3.2618769106901526,1.7915141224977214,single_maturity_ea_slope
2026-08-01,CY,PSPP,2698.6666666666665,27.226257734732307,3.355492873366941,1.8072927620343358,single_maturity_ea_slope
2020-03-01,DE,PEPP,2771.902,2771.902,-0.7142781146587871,-0.7142781146587871,single_maturity_ea_slope
2020-04-01,DE,PEPP,18359.628,15666.56280318544,-0.7577723026567762,-0.7513923975758512,single_maturity_ea_slope
2020-05-01,DE,PEPP,41559.861,23685.93744444444,-0.7914183340078728,-0.7742041155092719,single_maturity_ea_slope
2020-06-01,DE,PEPP,64739.647000000004,24113.295905660383,-0.7293627384584223,-0.7575022420244748,single_maturity_ea_slope
2020-07-01,DE,PEPP,82690.335,19309.62265575147,-0.7669804877825122,-0.7597155762554485,single_maturity_ea_slope
2020-08-01,DE,PEPP,95347.028,14262.954363636363,-0.7574430941845947,-0.759375635842531,single_maturity_ea_slope
2020-09-01,DE,PEPP,111167.672,17582.414657797486,-0.7591085433989682,-0.7593333921757329,single_maturity_ea_slope
2020-10-01,DE,PEPP,126987.427,17765.96774509803,-0.81967683991755,-0.767775643283074,single_maturity_ea_slope
2020-11-01,DE,PEPP,142790.291,17993.813396135265,-0.8235139309609504,-0.7747995406396233,single_maturity_ea_slope
2020-12-01,DE,PEPP,155461.208,15089.451739159907,-0.8157996885942836,-0.7787791170356865,single_maturity_ea_slope
2021-01-01,DE,PEPP,167798.75,14882.74841781269,-0.7828107435441999,-0.7791366982634417,single_maturity_ea_slope
2021-02-01,DE,PEPP,180456.332,15281.077153220758,-0.7392852442580737,-0.775762069417921,single_maturity_ea_slope
2021-03-01,DE,PEPP,196041.391,18289.740235012,-0.716615035813469,-0.770243929219166,single_maturity_ea_slope
2021-04-01,DE,PEPP,214448.136,21161.683041034285,-0.7052478029043323,-0.763830129362358,single_maturity_ea_slope
2021-05-01,DE,PEPP,232150.793,20632.276344262304,-0.6480888851756047,-0.7535436887965925,single_maturity_ea_slope
2021-06-01,DE,PEPP,248910.221,19854.771906666654,-0.6773966892069856,-0.747469686282133,single_maturity_ea_slope
2021-07-01,DE,PEPP,267758.799,22199.55028056005,-0.7737340311779153,-0.7496472305767647,single_maturity_ea_slope
2021-08-01,DE,PEPP,281924.125,17764.234588709678,-0.8301131101736432,-0.7547174414412866,single_maturity_ea_slope
2021-09-01,DE,PEPP,297370.5,19247.940871089537,-0.7125164454238323,-0.7519858918220573,single_maturity_ea_slope
2021-10-01,DE,PEPP,311608.724,18235.13932258063,-0.5927727541898193,-0.7426688428336949,single_maturity_ea_slope
2021-11-01,DE,PEPP,325934.95900000003,18534.888754727217,-0.6590545590727068,-0.7379139633553752,single_maturity_ea_slope
2021-12-01,DE,PEPP,337114.134,15560.021223118267,-0.6684291555629371,-0.7347067852074112,single_maturity_ea_slope
2022-01-01,DE,PEPP,348995.619,16390.76983146066,-0.45018853075934706,-0.7213442300129657,single_maturity_ea_slope
2022-02-01,DE,PEPP,358363.012,14013.234573482408,-0.15641768964450123,-0.6992536462699951,single_maturity_ea_slope
2022-03-01,DE,PEPP,363549.438,9904.21183464985,-0.05075236619283119,-0.6815864643641169,single_maturity_ea_slope
2022-04-01,DE,PEPP,364193.963,5370.856747269856,0.49024740299796143,-0.6643051459662033,single_maturity_ea_slope
2022-05-01,DE,PEPP,366706.277,7254.422893229179,0.6511599199494714,-0.6382817575271178,single_maturity_ea_slope
2022-06-01,DE,PEPP,363806.359,1787.0231682004041,1.1772345524301677,-0.6293639098098398,single_maturity_ea_slope
2022-07-01,DE,PEPP,354012.246,0.0,0.6847848627682472,-0.6293639098098398,single_maturity_ea_slope
2022-08-01,DE,PEPP,352815.652,3239.6496842105425,0.7172989207997034,-0.6169984838736847,single_maturity_ea_slope
2022-09-01,DE,PEPP,351292.795,2807.2320034364075,1.614951878482865,-0.5991626427278713,single_maturity_ea_slope
2022-10-01,DE,PEPP,351260.791,4273.054762254945,1.8984181008896144,-0.5687798059180809,single_maturity_ea_slope
2022-11-01,DE,PEPP,353560.634,6610.849271477657,1.9219085288714846,-0.522209108900037,single_maturity_ea_slope
2022-12-01,DE,PEPP,350556.703,1322.557423886401,2.0253419583485304,-0.5125978746891787,single_maturity_ea_slope
2023-01-01,DE,PEPP,354086.922,7864.5006889219,2.1686965340294906,-0.4530445830695283,single_maturity_ea_slope
2023-02-01,DE,PEPP,352547.174,2799.5525147058615,2.3753291694012493,-0.4305846644112167,single_maturity_ea_slope
2023-03-01,DE,PEPP,354644.325,6430.326688298931,2.370703811635227,-0.37979236694770674,single_maturity_ea_slope
2023-04-01,DE,PEPP,351531.936,1227.3604493391822,2.295523492610308,-0.3704516028826422,single_maturity_ea_slope
2023-05-01,DE,PEPP,352444.05,5232.8113451327445,2.229821234626711,-0.33184480215906786,single_maturity_ea_slope
2023-06-01,DE,PEPP,350794.066,2688.32286853767,2.3722444015611757,-0.3111219178531316,single_maturity_ea_slope
2023-07-01,DE,PEPP,353453.065,7041.733457771125,2.4959856343639104,-0.2551968032413549,single_maturity_ea_slope
2023-08-01,DE,PEPP,352130.233,3099.753898398403,2.47654334922142,-0.23114967126161393,single_maturity_ea_slope
2023-09-01,DE,PEPP,349656.146,1931.9469464464473,2.590267620318405,-0.21556056012063823,single_maturity_ea_slope
2023-10-01,DE,PEPP,350917.637,5643.14696491226,2.6920195478829347,-0.1688034292964625,single_maturity_ea_slope
2023-11-01,DE,PEPP,350385.126,3891.5641008572875,2.4972318288967688,-0.13919301968562595,single_maturity_ea_slope
2023-12-01,DE,PEPP,348906.719,2959.094595744674,1.9865802054721757,-0.12116423514294943,single_maturity_ea_slope
2024-01-01,DE,PEPP,349824.167,5329.520824987388,1.997506718371,-0.08888658816137747,single_maturity_ea_slope
2024-02-01,DE,PEPP,349169.863,3736.059541666664,2.211559569050762,-0.06427219635247493,single_maturity_ea_slope
2024-03-01,DE,PEPP,349549.466,4742.04506646677,2.2894678324443873,-0.03234097523225296,single_maturity_ea_slope
2024-04-01,DE,PEPP,348079.949,2858.7329504705376,2.3538864113858455,-0.012743216507459664,single_maturity_ea_slope
2024-05-01,DE,PEPP,348257.749,4475.083320987643,2.463527964655966,0.019076663718857464,single_maturity_ea_slope
2024-06-01,DE,PEPP,345732.989,1762.0168217626697,2.4182532654155686,0.031303988460983825,single_maturity_ea_slope
2024-07-01,DE,PEPP,346326.841,4881.215454861124,2.3579001079562607,0.06409560490892834,single_maturity_ea_slope
2024-08-01,DE,PEPP,342785.065,752.9516909722097,1.988646641443364,0.0683230176677687,single_maturity_ea_slope
2024-09-01,DE,PEPP,340574.12200000003,2046.1988902136418,1.891922877962923,0.07927936393511575,single_maturity_ea_slope
2024-10-01,DE,PEPP,337719.543,1375.1045817188015,1.923840439401919,0.08678992836263709,single_maturity_ea_slope
2024-11-01,DE,PEPP,338234.274,4759.571912518824,2.013138623951127,0.11389716098223925,single_maturity_ea_slope
2024-12-01,DE,PEPP,336466.942,2509.783250379368,1.8876692673717934,0.12712812951705188,single_maturity_ea_slope
2025-01-01,DE,PEPP,332480.666,268.4905907941784,2.158085876816133,0.12876820396712635,single_maturity_ea_slope
2025-02-01,DE,PEPP,324887.717,0.0,2.077194295237825,0.12876820396712635,single_maturity_ea_slope
2025-03-01,DE,PEPP,319167.002,0.0,2.293532084822738,0.12876820396712635,single_maturity_ea_slope
2025-04-01,DE,PEPP,313269.376,0.0,1.974554085536544,0.12876820396712635,single_maturity_ea_slope
2025-05-01,DE,PEPP,311966.991,2570.876325420367,2.0191755865474525,0.14434678671941387,single_maturity_ea_slope
2025-06-01,DE,PEPP,307534.437,0.0,2.0200819603329054,0.14434678671941387,single_maturity_ea_slope
2025-07-01,DE,PEPP,307162.835,3464.905447604835,2.0894032597723684,0.16628771186219757,single_maturity_ea_slope
2025-08-01,DE,PEPP,301987.966,0.0,2.1332623576220775,0.16628771186219757,single_maturity_ea_slope
2025-09-01,DE,PEPP,299052.488,809.4124513888864,2.1607939284103637,0.1716860222954036,single_maturity_ea_slope
2025-10-01,DE,PEPP,294915.082,0.0,2.118964928699999,0.1716860222954036,single_maturity_ea_slope
2025-11-01,DE,PEPP,294220.773,2990.2872268865485,2.1581540195184123,0.1918753169469912,single_maturity_ea_slope
2025-12-01,DE,PEPP,292858.825,2341.7374607251004,2.3088894770957067,0.20880323900536088,single_maturity_ea_slope
2026-01-01,DE,PEPP,292275.641,3142.7552493638595,2.2864446387244044,0.23114351475643763,single_maturity_ea_slope
2026-02-01,DE,PEPP,287080.325,0.0,2.2280938389399125,0.23114351475643763,single_maturity_ea_slope
2026-03-01,DE,PEPP,283834.586,373.52883913262576,2.503161510173584,0.23413351064198695,single_maturity_ea_slope
2026-04-01,DE,PEPP,275392.642,0.0,2.6049700101069377,0.23413351064198695,single_maturity_ea_slope
2026-05-01,DE,PEPP,273984.466,2027.3609510978267,2.674296693237075,0.25218961295656084,single_maturity_ea_slope
2026-06-01,DE,PEPP,272162.905,1611.8282982456267,2.6165091864744126,0.266191804749348,single_maturity_ea_slope
2026-07-01,DE,PEPP,271696.18,2980.120301418405,2.7251616171338773,0.29316320294295584,single_maturity_ea_slope
2026-08-01,DE,PEPP,266630.658,0.0,2.8387118139448573,0.29316320294295584,single_maturity_ea_slope
2015-03-01,DE,PSPP,9840.0,9840.0,-0.06663741988058766,-0.06663741988058766,single_maturity_ea_slope
2015-04-01,DE,PSPP,19749.333333333332,10013.130801687763,-0.14544945743590898,-0.10659599607500574,single_maturity_ea_slope
2015-05-01,DE,PSPP,30544.0,11026.466353677622,0.04575361344678419,-0.05159737626790972,single_maturity_ea_slope
2015-06-01,DE,PSPP,41184.0,11011.039844509232,0.09228093450354691,-0.013129772036528825,single_maturity_ea_slope
2015-07-01,DE,PSPP,51828.44444444444,11141.11593503778,-0.0004491031532802836,-0.010403917466196611,single_maturity_ea_slope
2015-08-01,DE,PSPP,60651.555555555555,9432.28417698376,-0.01449920192796672,-0.011040799512752192,single_maturity_ea_slope
2015-09-01,DE,PSPP,71185.77777777778,11259.372336468467,-0.00015795339206703396,-0.009319472298546528,single_maturity_ea_slope
2015-10-01,DE,PSPP,82025.77777777777,11691.097295286663,-0.09873463447949926,-0.02206377523662317,single_maturity_ea_slope
2015-11-01,DE,PSPP,93495.11111111111,12445.830687830698,-0.1607545550925662,-0.04052593805494332,single_maturity_ea_slope
2015-12-01,DE,PSPP,102777.77777777777,10397.296031367552,-0.14113829154838164,-0.050704173528624275,single_maturity_ea_slope
2016-01-01,DE,PSPP,113752.88888888888,12200.40650664971,-0.24826638952433538,-0.0718934318327063,single_maturity_ea_slope
2016-02-01,DE,PSPP,124810.66666666666,12421.721289634961,-0.41454366241335305,-0.10599553045757236,single_maturity_ea_slope
2016-03-01,DE,PSPP,135842.66666666666,12513.608103830325,-0.4032771252664471,-0.1333806331296828,single_maturity_ea_slope
2016-04-01,DE,PSPP,152718.22222222222,18458.803418803425,-0.39799375568667605,-0.16536399137103178,single_maturity_ea_slope
2016-05-01,DE,PSPP,170116.44444444444,19141.580923389138,-0.37079421005114666,-0.18847909448652814,single_maturity_ea_slope
2016-06-01,DE,PSPP,185128.0,16919.546184138384,-0.4409226292262801,-0.21155086129066566,single_maturity_ea_slope
2016-07-01,DE,PSPP,200458.66666666666,17365.93491644678,-0.5291617714264517,-0.23906581230719187,single_maturity_ea_slope
2016-08-01,DE,PSPP,211452.44444444444,13166.065019505855,-0.48444110510405863,-0.25434408004077974,single_maturity_ea_slope
2016-09-01,DE,PSPP,226730.66666666666,17520.084440674767,-0.47159421727095796,-0.2711315786397969,single_maturity_ea_slope
2016-10-01,DE,PSPP,242744.88888888888,18378.95591711862,-0.3948837671312213,-0.28050123427844526,single_maturity_ea_slope
2016-11-01,DE,PSPP,258113.77777777775,17881.775937428098,-0.2819931076361217,-0.28060458926142473,single_maturity_ea_slope
2016-12-01,DE,PSPP,270174.2222222222,14706.137123593451,-0.31036571139878,-0.28222454818831294,single_maturity_ea_slope
2017-01-01,DE,PSPP,285919.1111111111,18510.8002548003,-0.3197252579605737,-0.28465239620906946,single_maturity_ea_slope
2017-02-01,DE,PSPP,300994.6666666666,18095.402525465845,-0.37835082898753347,-0.29028542245471156,single_maturity_ea_slope
2017-03-01,DE,PSPP,316085.3333333333,18369.4756717502,-0.30080153416228816,-0.29089657215956044,single_maturity_ea_slope
2017-04-01,DE,PSPP,327187.55555555556,14628.386137141182,-0.41458413913341363,-0.29642657921311355,single_maturity_ea_slope
2017-05-01,DE,PSPP,337782.2222222222,14339.945461945423,-0.3302860265197561,-0.29786402202628043,single_maturity_ea_slope
2017-06-01,DE,PSPP,348352.8888888889,14507.522403522422,-0.40606960764381683,-0.30237035743386015,single_maturity_ea_slope
2017-07-01,DE,PSPP,359169.77777777775,14963.947089947076,-0.25852804940786517,-0.30054377285410727,single_maturity_ea_slope
2017-08-01,DE,PSPP,367883.55555555556,13057.872816212472,-0.3661711166356535,-0.30287318795142293,single_maturity_ea_slope
2017-09-01,DE,PSPP,378262.2222222222,14887.043572984712,-0.3920330312886454,-0.3063821994115786,single_maturity_ea_slope
2017-10-01,DE,PSPP,388529.77777777775,14944.38817452468,-0.3854880258690365,-0.3094249216044783,single_maturity_ea_slope
2017-11-01,DE,PSPP,398807.11111111107,15138.817039261463,-0.43906726848809824,-0.3143461773076265,single_maturity_ea_slope
2017-12-01,DE,PSPP,408282.6666666666,14541.702800361343,-0.4055312106353644,-0.3175938920963015,single_maturity_ea_slope
2018-01-01,DE,PSPP,412569.77777777775,9537.659807956115,-0.23873181092630424,-0.3157707830309739,single_maturity_ea_slope
2018-02-01,DE,PSPP,417083.5555555555,9835.885334250634,-0.08077266806852179,-0.3102289330065659,single_maturity_ea_slope
2018-03-01,DE,PSPP,421319.11111111107,9657.858669902358,-0.17946659121367903,-0.30723148004733347,single_maturity_ea_slope
2018-04-01,DE,PSPP,425512.8888888889,9637.177146138418,-0.20516205269862486,-0.3049197729798156,single_maturity_ea_slope
2018-05-01,DE,PSPP,431640.0,11693.73707773709,-0.2622053616241928,-0.3037625792632394,single_maturity_ea_slope
2018-06-01,DE,PSPP,436963.5555555555,10935.100017333974,-0.36842219273008886,-0.30538069896991193,single_maturity_ea_slope
2018-07-01,DE,PSPP,442604.44444444444,11295.179204048814,-0.36559011041001166,-0.3069172314212294,single_maturity_ea_slope
2018-08-01,DE,PSPP,447424.0,10618.88003726998,-0.353124932294596,-0.3080138959550326,single_maturity_ea_slope
2018-09-01,DE,PSPP,453040.0,11487.706036745407,-0.27202189360394524,-0.3071012490746619,single_maturity_ea_slope
2018-10-01,DE,PSPP,455595.5555555555,8473.005921281732,-0.2533191644608205,-0.30610102877875434,single_maturity_ea_slope
2018-11-01,DE,PSPP,457821.3333333333,8242.623466572786,-0.34706857505699956,-0.30683860921403544,single_maturity_ea_slope
2018-12-01,DE,PSPP,460939.5555555555,9164.4627575277,-0.40481083209480345,-0.30878650623663056,single_maturity_ea_slope
2019-01-01,DE,PSPP,459606.2222222222,4725.283327491548,-0.45342177938093087,-0.31027352406126196,single_maturity_ea_slope
2019-02-01,DE,PSPP,458093.3333333333,4518.68883056286,-0.46374558856106846,-0.3117873913306511,single_maturity_ea_slope
2019-03-01,DE,PSPP,454637.3333333333,2518.091462354373,-0.4702173437325182,-0.31266488440320495,single_maturity_ea_slope
2019-04-01,DE,PSPP,456578.6666666666,7851.855087536815,-0.5118132820140557,-0.3160896706955027,single_maturity_ea_slope
2019-05-01,DE,PSPP,460893.3333333333,10306.51268591428,-0.5995703099917173,-0.3224288745715641,single_maturity_ea_slope
2019-06-01,DE,PSPP,459898.6666666666,5053.802274715642,-0.7110902254251064,-0.3266998537271992,single_maturity_ea_slope
2019-07-01,DE,PSPP,460271.11111111107,6379.48032044583,-0.7665831428329775,-0.3327967533987187,single_maturity_ea_slope
2019-08-01,DE,PSPP,461453.3333333333,7260.815871338876,-0.92077461306694,-0.34204839092539147,single_maturity_ea_slope
2019-09-01,DE,PSPP,460539.5555555555,5180.428948758552,-0.8527932902395681,-0.34779356010775664,single_maturity_ea_slope
2019-10-01,DE,PSPP,462907.5555555555,8402.323317027718,-0.7422594718683599,-0.3549535860964898,single_maturity_ea_slope
2019-11-01,DE,PSPP,467914.6666666666,11120.523096789353,-0.6434034350562563,-0.3618089241231296,single_maturity_ea_slope
2019-12-01,DE,PSPP,469184.8888888889,7459.569664903024,-0.6200299155536845,-0.36591437917961733,single_maturity_ea_slope
2020-01-01,DE,PSPP,469592.0,6535.440380819704,-0.6017279195840222,-0.3691962607583133,single_maturity_ea_slope
2020-02-01,DE,PSPP,472259.5555555555,8849.651395471248,-0.7205692465827811,-0.3757806239495978,single_maturity_ea_slope
2020-03-01,DE,PSPP,474078.2222222222,8045.717768401331,-0.7882206069849914,-0.38278026144476107,single_maturity_ea_slope
2020-04-01,DE,PSPP,474636.44444444444,6673.782364407777,-0.7027275823080241,-0.3872789863372755,single_maturity_ea_slope
2020-05-01,DE,PSPP,480521.77777777775,12065.49537037035,-0.7833487701665932,-0.39722396357688405,single_maturity_ea_slope
2020-06-01,DE,PSPP,480822.2222222222,6537.746855890152,-0.6995413403508615,-0.4013345774132212,single_maturity_ea_slope
2020-07-01,DE,PSPP,486000.8888888889,11371.637071383613,-0.7575508401736317,-0.40966946352484335,single_maturity_ea_slope
2020-08-01,DE,PSPP,489745.77777777775,10063.153175015876,-0.7524212256964858,-0.4167122266077441,single_maturity_ea_slope
2020-09-01,DE,PSPP,493245.3333333333,9768.7027365307,-0.7600142067556414,-0.42351130764570055,single_maturity_ea_slope
2020-10-01,DE,PSPP,499653.3333333333,12683.385920271416,-0.8243769269112866,-0.43368702951549165,single_maturity_ea_slope
2020-11-01,DE,PSPP,511333.3333333333,18066.16223585549,-0.8221735943914333,-0.4474128338978234,single_maturity_ea_slope
2020-12-01,DE,PSPP,515836.44444444444,11038.557600545344,-0.80889838611818,-0.45514838483247455,single_maturity_ea_slope
2021-01-01,DE,PSPP,515610.6666666666,6287.308641975277,-0.7793138206776048,-0.4591012280880164,single_maturity_ea_slope
2021-02-01,DE,PSPP,522919.11111111107,13858.376693766932,-0.7202853890508116,-0.46602311794087886,single_maturity_ea_slope
2021-03-01,DE,PSPP,527188.4444444444,10901.995828400679,-0.6948080481501518,-0.47075427694299027,single_maturity_ea_slope
2021-04-01,DE,PSPP,532521.7777777778,11969.643056954274,-0.6856880992546127,-0.4755854054363127,single_maturity_ea_slope
2021-05-01,DE,PSPP,538255.1111111111,12436.779679982135,-0.6279562393507935,-0.47910604546727825,single_maturity_ea_slope
2021-06-01,DE,PSPP,541812.4444444444,10292.257146034846,-0.6630859894001411,-0.48260092439094654,single_maturity_ea_slope
2021-07-01,DE,PSPP,545909.3333333333,10825.80648010155,-0.7617661768691855,-0.4881369883758661,single_maturity_ea_slope
2021-08-01,DE,PSPP,549414.2222222222,10345.857978279131,-0.824361933690748,-0.4944683416468332,single_maturity_ea_slope
2021-09-01,DE,PSPP,550971.5555555555,8370.505731922322,-0.695169630168799,-0.49751744875415627,single_maturity_ea_slope
2021-10-01,DE,PSPP,554195.5555555555,10016.055665132586,-0.5635484179030059,-0.49871083591864646,single_maturity_ea_slope
2021-11-01,DE,PSPP,562005.3333333333,14702.75732448864,-0.6304698425447479,-0.5021578151283442,single_maturity_ea_slope
2021-12-01,DE,PSPP,564360.8888888889,9366.600133067263,-0.6487386753895212,-0.5045905923321837,single_maturity_ea_slope
2022-01-01,DE,PSPP,566144.0,8771.235044851699,-0.4185049272698966,-0.5032568722852456,single_maturity_ea_slope
2022-02-01,DE,PSPP,569517.3333333333,10446.596701649098,-0.113716477876484,-0.49611157369429315,single_maturity_ea_slope
2022-03-01,DE,PSPP,573316.4444444444,10957.448634154527,-0.015555218498384427,-0.4869269922490876,single_maturity_ea_slope
2022-04-01,DE,PSPP,583153.7777777778,17021.749930381546,0.5239119720308933,-0.4574214849103072,single_maturity_ea_slope
2022-05-01,DE,PSPP,592509.3333333333,16707.46904241604,0.6823223396974176,-0.4252831984823267,single_maturity_ea_slope
2022-06-01,DE,PSPP,592650.6666666666,7577.4444444444825,1.1923976967180745,-0.40460004092989516,single_maturity_ea_slope
2022-07-01,DE,PSPP,589407.1111111111,4127.721393034876,0.6899541551713668,-0.39693468588766256,single_maturity_ea_slope
2022-08-01,DE,PSPP,590478.2222222221,8468.288710397042,0.7166628823844385,-0.3809641295480331,single_maturity_ea_slope
2022-09-01,DE,PSPP,588816.8888888889,5661.065255731999,1.612353780249136,-0.3617997628735736,single_maturity_ea_slope
2022-10-01,DE,PSPP,591640.0,10103.240795691847,1.895081111399275,-0.32325975388166955,single_maturity_ea_slope
2022-11-01,DE,PSPP,594044.4444444444,9774.150473343234,1.9190870293304347,-0.2863651493154586,single_maturity_ea_slope
2022-12-01,DE,PSPP,591640.0,5006.289642936414,2.0240964397668564,-0.2668146795638779,single_maturity_ea_slope
2023-01-01,DE,PSPP,594056.0,9841.200803212852,2.170155974310126,-0.22644354021622212,single_maturity_ea_slope
2023-02-01,DE,PSPP,591245.3333333333,4611.322338830508,2.3760428838203276,-0.2061458683242446,single_maturity_ea_slope
2023-03-01,DE,PSPP,588081.7777777778,4190.242122719785,2.3710810872064743,-0.18778242746117058,single_maturity_ea_slope
2023-04-01,DE,PSPP,579749.3333333333,0.0,2.295413598722049,-0.18778242746117058,single_maturity_ea_slope
2023-05-01,DE,PSPP,577320.0,4717.477975016513,2.229618497868721,-0.16802902272544637,single_maturity_ea_slope
2023-06-01,DE,PSPP,570393.7777777778,159.19751268202253,2.372006578219937,-0.1673200960759137,single_maturity_ea_slope
2023-07-01,DE,PSPP,569905.7777777778,6595.8770215819395,2.495219113816553,-0.13650485980638688,single_maturity_ea_slope
2023-08-01,DE,PSPP,562519.1111111111,0.0,2.4759354491468692,-0.13650485980638688,single_maturity_ea_slope
2023-09-01,DE,PSPP,555978.6666666666,424.8739199823376,2.58964915859075,-0.13442155730987865,single_maturity_ea_slope
2023-10-01,DE,PSPP,551072.8888888889,1999.0740188773234,2.6911538395755734,-0.12417148970869135,single_maturity_ea_slope
2023-11-01,DE,PSPP,548256.8888888889,4068.968626797713,2.4915270410502046,-0.10475870078708095,single_maturity_ea_slope
2023-12-01,DE,PSPP,545721.7777777778,4366.410652344174,1.9815531819376493,-0.08806577263248741,single_maturity_ea_slope
2024-01-01,DE,PSPP,540163.5555555555,1321.7800190507942,1.9951667159180908,-0.08296810350971297,single_maturity_ea_slope
2024-02-01,DE,PSPP,532980.4444444444,0.0,2.212687711828726,-0.08296810350971297,single_maturity_ea_slope
2024-03-01,DE,PSPP,529318.2222222222,3067.3288439956013,2.29773890177375,-0.06917222239352762,single_maturity_ea_slope
2024-04-01,DE,PSPP,519904.0,0.0,2.3558601505228576,-0.06917222239352762,single_maturity_ea_slope
2024-05-01,DE,PSPP,511823.11111111107,0.0,2.464081537820034,-0.06917222239352762,single_maturity_ea_slope
2024-06-01,DE,PSPP,506376.0,928.3636162321209,2.4188744901364183,-0.06461076599867727,single_maturity_ea_slope
2024-07-01,DE,PSPP,503627.5555555555,3606.6760374832156,2.3605777343857968,-0.04724303233472436,single_maturity_ea_slope
2024-08-01,DE,PSPP,496682.6666666666,0.0,1.9873971384836762,-0.04724303233472436,single_maturity_ea_slope
2024-09-01,DE,PSPP,493832.0,3401.632762672076,1.892238782827802,-0.03388341836668755,single_maturity_ea_slope
2024-10-01,DE,PSPP,485064.8888888889,0.0,1.922427482964805,-0.03388341836668755,single_maturity_ea_slope
2024-11-01,DE,PSPP,483317.3333333333,4358.497929954116,2.0130537132040316,-0.01542438403169467,single_maturity_ea_slope
2024-12-01,DE,PSPP,481504.0,4317.02350752581,1.887506963942925,0.0016367397853747805,single_maturity_ea_slope
2025-01-01,DE,PSPP,477505.77777777775,2137.1498470947754,2.156808678914599,0.011282540097170135,single_maturity_ea_slope
2025-02-01,DE,PSPP,466982.2222222222,0.0,2.075485147296533,0.011282540097170135,single_maturity_ea_slope
2025-03-01,DE,PSPP,462533.3333333333,1420.6714708675618,2.286005272864869,0.018269352630847637,single_maturity_ea_slope
2025-04-01,DE,PSPP,453842.6666666666,0.0,1.9650215461744818,0.018269352630847637,single_maturity_ea_slope
2025-05-01,DE,PSPP,452419.5555555555,4281.296463884685,2.009319705380584,0.03711088308630349,single_maturity_ea_slope
2025-06-01,DE,PSPP,448729.77777777775,2013.9483386563816,2.0079821239236795,0.04595636885024523,single_maturity_ea_slope
2025-07-01,DE,PSPP,448359.11111111107,5355.849129374377,2.076847187073988,0.07021626354421635,single_maturity_ea_slope
2025-08-01,DE,PSPP,439557.3333333333,0.0,2.1223468690104763,0.07021626354421635,single_maturity_ea_slope
2025-09-01,DE,PSPP,437458.6666666666,3493.665818490227,2.1477657230625,0.08680814772895123,single_maturity_ea_slope
2025-10-01,DE,PSPP,429853.3333333333,0.0,2.108646857029854,0.08680814772895123,single_maturity_ea_slope
2025-11-01,DE,PSPP,428513.77777777775,4137.678559293231,2.14907335067865,0.10672113759376389,single_maturity_ea_slope
2025-12-01,DE,PSPP,428439.11111111107,5453.116844398559,2.2957473828932304,0.13458277669602903,single_maturity_ea_slope
2026-01-01,DE,PSPP,427283.5555555555,4423.078703703696,2.2740814432047616,0.15673006241624166,single_maturity_ea_slope
2026-02-01,DE,PSPP,418515.5555555555,0.0,2.2183329161753,0.15673006241624166,single_maturity_ea_slope
2026-03-01,DE,PSPP,414468.44444444444,1343.3519949625497,2.496278328620084,0.16431287571081896,single_maturity_ea_slope
2026-04-01,DE,PSPP,400034.6666666666,0.0,2.599799143481721,0.16431287571081896,single_maturity_ea_slope
2026-05-01,DE,PSPP,398969.77777777775,4009.1175376289657,2.6703188647249374,0.18949491485152734,single_maturity_ea_slope
2026-06-01,DE,PSPP,396458.6666666666,2580.3868186716445,2.612875860206549,0.20526770726035545,single_maturity_ea_slope
2026-07-01,DE,PSPP,395325.3333333333,3973.0379529452357,2.721381062474366,0.23055476329060642,single_maturity_ea_slope
2026-08-01,DE,PSPP,386953.77777777775,0.0,2.835901964827143,0.23055476329060642,single_maturity_ea_slope
2020-03-01,EE,PEPP,0.0,0.0,,,missing
2020-04-01,EE,PEPP,0.0,0.0,,,missing
2020-05-01,EE,PEPP,0.0,0.0,,,missing
2020-06-01,EE,PEPP,64.897,64.897,-0.0458342587654712,-0.0458342587654712,single_maturity_ea_slope
2020-07-01,EE,PEPP,144.907,80.59151433691757,-0.09915521303304996,-0.07548925438551508,single_maturity_ea_slope
2020-08-01,EE,PEPP,164.465,20.859248204022983,-0.14830611219375656,-0.08472468387178364,single_maturity_ea_slope
2020-09-01,EE,PEPP,170.688,7.709487707881402,-0.14482634401115235,-0.08743930358768474,single_maturity_ea_slope
2020-10-01,EE,PEPP,170.688,1.5579408543263964,-0.2270690665975938,-0.08871376290686975,single_maturity_ea_slope
2020-11-01,EE,PEPP,183.13400000000001,14.012519823788573,-0.2812608338053575,-0.10344652497168284,single_maturity_ea_slope
2020-12-01,EE,PEPP,183.13400000000001,1.6956851851851853,-0.31151352457274734,-0.10537307126428527,single_maturity_ea_slope
2021-01-01,EE,PEPP,187.579,6.155893124065763,-0.32728442738363234,-0.11265567001620953,single_maturity_ea_slope
2021-02-01,EE,PEPP,221.361,35.53638645716422,-0.295136172069032,-0.14195034090153463,single_maturity_ea_slope
2021-03-01,EE,PEPP,226.695,7.423099660249154,-0.17504766236156716,-0.1430341085880082,single_maturity_ea_slope
2021-04-01,EE,PEPP,228.473,3.93700000000002,-0.1579800096660803,-0.1432916532980806,single_maturity_ea_slope
2021-05-01,EE,PEPP,225.806,0.0,-0.09739720908606733,-0.1432916532980806,single_maturity_ea_slope
2021-06-01,EE,PEPP,225.806,2.104828486204325,-0.11548599953264871,-0.1430324656231605,single_maturity_ea_slope
2021-07-01,EE,PEPP,225.806,2.1238337095560573,-0.12362001499213857,-0.1428498804968341,single_maturity_ea_slope
2021-08-01,EE,PEPP,225.806,2.1456290383884458,-0.17903701749465303,-0.14319373394607218,single_maturity_ea_slope
2021-09-01,EE,PEPP,227.584,3.943381664748745,-0.20220125073750964,-0.1442161659263419,single_maturity_ea_slope
2021-10-01,EE,PEPP,227.584,2.202710027100271,-0.06791742400901823,-0.1434776957180829,single_maturity_ea_slope
2021-11-01,EE,PEPP,227.584,2.2233685033216104,-0.018019809434098505,-0.14225204227646523,single_maturity_ea_slope
2021-12-01,EE,PEPP,227.584,2.247077409162717,-0.07624400384746981,-0.14160030414031796,single_maturity_ea_slope
2022-01-01,EE,PEPP,227.584,2.268580542264753,0.09722714818858563,-0.1392196477175817,single_maturity_ea_slope
2022-02-01,EE,PEPP,227.584,2.2904991948470212,0.613316340904363,-0.13164581530391478,single_maturity_ea_slope
2022-03-01,EE,PEPP,227.584,2.3156695156695157,0.9978543118262715,-0.12015314001768986,single_maturity_ea_slope
2022-04-01,EE,PEPP,227.584,2.338512124948623,1.3388106880686081,-0.10516173200200656,single_maturity_ea_slope
2022-05-01,EE,PEPP,227.584,2.3618098796180993,1.7236310653386504,-0.086182977359617,single_maturity_ea_slope
2022-06-01,EE,PEPP,227.584,2.3855765199161425,2.2928674101402295,-0.061245342270520094,single_maturity_ea_slope
2022-07-01,EE,PEPP,227.584,2.4128922815945715,2.3539817865465777,-0.035638608504435516,single_maturity_ea_slope
2022-08-01,EE,PEPP,227.584,2.4377035132819196,2.1284247984024405,-0.012458837650677205,single_maturity_ea_slope
2022-09-01,EE,PEPP,227.584,2.4662332032943217,2.7823559986308086,0.017827408949685666,single_maturity_ea_slope
2022-10-01,EE,PEPP,227.584,2.492159439334209,3.8274674590091973,0.05954488650180471,single_maturity_ea_slope
2022-11-01,EE,PEPP,227.584,2.5186365648517044,3.6267876254752522,0.09902300446299823,single_maturity_ea_slope
2022-12-01,EE,PEPP,227.584,2.5491039426523296,3.406377933013566,0.13606775052651265,single_maturity_ea_slope
2023-01-01,EE,PEPP,227.584,2.576811594202898,3.7665827058365395,0.17717412456761347,single_maturity_ea_slope
2023-02-01,EE,PEPP,227.584,2.605128205128205,3.8326939161615745,0.21901844452633554,single_maturity_ea_slope
2023-03-01,EE,PEPP,227.584,2.634074074074074,3.945723114886179,0.2621516004332781,single_maturity_ea_slope
2023-04-01,EE,PEPP,227.584,2.66741678387248,3.8271828559398613,0.3039358392460604,single_maturity_ea_slope
2023-05-01,EE,PEPP,227.584,2.6977714556661927,3.831355444101585,0.3457497274022425,single_maturity_ea_slope
2023-06-01,EE,PEPP,227.584,2.7288249400479616,3.9331039914900283,0.38876356749921837,single_maturity_ea_slope
2023-07-01,EE,PEPP,227.584,2.7646258503401357,4.125344661763964,0.4341544943002964,single_maturity_ea_slope
2023-08-01,EE,PEPP,227.584,2.7972468043264502,4.081018579025141,0.4789782908185467,single_maturity_ea_slope
2023-09-01,EE,PEPP,227.584,2.8348779272546087,4.179601218145464,0.5250747398385631,single_maturity_ea_slope
2023-10-01,EE,PEPP,227.584,2.869188098840141,3.962286594227435,0.5684082226220839,single_maturity_ea_slope
2023-11-01,EE,PEPP,227.584,2.9043389484430833,3.57331288188686,0.6067556531895263,single_maturity_ea_slope
2023-12-01,EE,PEPP,227.584,2.944927536231884,3.113174787843018,0.639188613006471,single_maturity_ea_slope
2024-01-01,EE,PEPP,227.584,2.981970649895178,3.159416746579455,0.6722104701025532,single_maturity_ea_slope
2024-02-01,EE,PEPP,227.584,3.0199575371549896,3.4111727090574764,0.7085555104283882,single_maturity_ea_slope
2024-03-01,EE,PEPP,227.584,3.063866451265482,3.4894246390918124,0.7459931669801306,single_maturity_ea_slope
2024-04-01,EE,PEPP,227.584,3.103982542280414,3.608986366943429,0.7850410829643546,single_maturity_ea_slope
2024-05-01,EE,PEPP,227.584,3.1451630735212825,3.722659157010943,0.8256383476692549,single_maturity_ea_slope
2024-06-01,EE,PEPP,227.584,3.192817059483726,3.7752793950763164,0.867019394911217,single_maturity_ea_slope
2024-07-01,EE,PEPP,227.584,3.236405005688282,3.775607438614927,0.9083815684564917,single_maturity_ea_slope
2024-08-01,EE,PEPP,227.584,3.286886192952051,3.4036271661646893,0.9444191998503131,single_maturity_ea_slope
2024-09-01,EE,PEPP,227.584,3.3330990041007618,3.206519424799195,0.9775489629573558,single_maturity_ea_slope
2024-10-01,EE,PEPP,227.584,3.380629827688651,3.1184048441088335,1.0093501495460586,single_maturity_ea_slope
2024-11-01,EE,PEPP,227.584,3.4357487922705316,3.208713531023555,1.0425530991456584,single_maturity_ea_slope
2024-12-01,EE,PEPP,227.584,3.4862745098039216,3.130336820211859,1.0745350801668931,single_maturity_ea_slope
2025-01-01,EE,PEPP,227.584,3.5383084577114423,3.1426668084383946,1.1066888694745967,single_maturity_ea_slope
2025-02-01,EE,PEPP,227.584,3.591919191919192,2.8711867705347336,1.1345376368524398,single_maturity_ea_slope
2025-03-01,EE,PEPP,227.584,3.6542068079640333,2.9549277767111546,1.163766765623453,single_maturity_ea_slope
2025-04-01,EE,PEPP,227.584,3.711415525114155,2.743682121374942,1.189531856226054,single_maturity_ea_slope
2025-05-01,EE,PEPP,227.584,3.770444002650762,2.6385865635462977,1.2135387267913333,single_maturity_ea_slope
2025-06-01,EE,PEPP,227.584,3.839136302294197,2.565402332950072,1.236343443494416,single_maturity_ea_slope
2025-07-01,EE,PEPP,227.584,3.90233196159122,2.5372984259394995,1.25865062769272,single_maturity_ea_slope
2025-08-01,EE,PEPP,227.584,3.9759608665269046,2.524986962680191,1.2807739039853032,single_maturity_ea_slope
2025-09-01,EE,PEPP,227.584,4.043781094527363,2.590534922769318,1.3040461324640527,single_maturity_ea_slope
2025-10-01,EE,PEPP,227.584,4.113955169920462,2.5992706178964635,1.3274594456497433,single_maturity_ea_slope
2025-11-01,EE,PEPP,227.584,4.186607799852833,2.652195915043675,1.3518291378755332,single_maturity_ea_slope
2025-12-01,EE,PEPP,227.584,4.271471471471472,2.696828443586968,1.3770731188385854,single_maturity_ea_slope
2026-01-01,EE,PEPP,227.584,4.3498470948012224,2.558941984137619,1.3996623555606618,single_maturity_ea_slope
2026-02-01,EE,PEPP,227.584,4.431152647975078,2.41914806938955,1.4195121552847443,single_maturity_ea_slope
2026-03-01,EE,PEPP,227.584,4.526332537788385,2.7541808004630832,1.4460568777425475,single_maturity_ea_slope
2026-04-01,EE,PEPP,227.584,4.614436334144362,2.909895663118171,1.4757373072919318,single_maturity_ea_slope
2026-05-01,EE,PEPP,227.584,4.706038047973532,2.9502291484588126,1.506227213023257,single_maturity_ea_slope
2026-06-01,EE,PEPP,227.584,4.8013502109704636,3.170759345447481,1.5413439246777765,single_maturity_ea_slope
2026-07-01,EE,PEPP,227.584,4.913298791018998,3.3116788110077904,1.579563589753986,single_maturity_ea_slope
2026-08-01,EE,PEPP,227.584,5.017283950617284,3.3836109391262856,1.6193353567154563,single_maturity_ea_slope
2015-03-01,EE,PSPP,0.0,0.0,,,missing
2015-04-01,EE,PSPP,0.0,0.0,,,missing
2015-05-01,EE,PSPP,0.0,0.0,,,missing
2015-06-01,EE,PSPP,4.444444444444445,4.444444444444445,,,missing
2015-07-01,EE,PSPP,17.77777777777778,13.458882611424984,,,missing
2015-08-01,EE,PSPP,26.666666666666664,9.405084527035743,,,missing
2015-09-01,EE,PSPP,33.77777777777778,7.9104716227018415,,,missing
2015-10-01,EE,PSPP,36.44444444444444,3.7091906721536327,,,missing
2015-11-01,EE,PSPP,42.666666666666664,7.381396663839411,,,missing
2015-12-01,EE,PSPP,42.666666666666664,1.4053579270970575,,,missing
2016-01-01,EE,PSPP,48.0,6.784580498866215,,,missing
2016-02-01,EE,PSPP,54.22222222222222,7.90998593530239,,,missing
2016-03-01,EE,PSPP,54.22222222222222,1.98180636777128,,,missing
2016-04-01,EE,PSPP,58.666666666666664,6.4983164983164965,,,missing
2016-05-01,EE,PSPP,58.666666666666664,2.3060796645702304,,,missing
2016-06-01,EE,PSPP,58.666666666666664,2.40831964969896,,,missing
2016-07-01,EE,PSPP,58.666666666666664,2.5071225071225074,,,missing
2016-08-01,EE,PSPP,58.666666666666664,2.6284348864994023,,,missing
2016-09-01,EE,PSPP,58.666666666666664,2.746566791510612,,,missing
2016-10-01,EE,PSPP,58.666666666666664,2.8758169934640523,,,missing
2016-11-01,EE,PSPP,58.666666666666664,3.036576949620428,,,missing
2016-12-01,EE,PSPP,58.666666666666664,3.195352214960058,,,missing
2017-01-01,EE,PSPP,58.666666666666664,3.3950617283950613,,,missing
2017-02-01,EE,PSPP,58.666666666666664,3.56853203568532,,,missing
2017-03-01,EE,PSPP,58.666666666666664,3.8194444444444446,,,missing
2017-04-01,EE,PSPP,58.666666666666664,4.074074074074074,,,missing
2017-05-01,EE,PSPP,58.666666666666664,4.365079365079365,,,missing
2017-06-01,EE,PSPP,58.666666666666664,4.746494066882416,,,missing
2017-07-01,EE,PSPP,58.666666666666664,5.146198830409357,,,missing
2017-08-01,EE,PSPP,58.666666666666664,5.684754521963824,,,missing
2017-09-01,EE,PSPP,58.666666666666664,6.267806267806268,,,missing
2017-10-01,EE,PSPP,58.666666666666664,6.984126984126985,,,missing
2017-11-01,EE,PSPP,58.666666666666664,8.014571948998178,,,missing
2017-12-01,EE,PSPP,58.666666666666664,9.224318658280922,,,missing
2018-01-01,EE,PSPP,58.666666666666664,11.11111111111111,,,missing
2018-02-01,EE,PSPP,58.666666666666664,13.213213213213214,,,missing
2018-03-01,EE,PSPP,58.666666666666664,17.46031746031746,,,missing
2018-04-01,EE,PSPP,58.666666666666664,24.44444444444444,,,missing
2018-05-01,EE,PSPP,58.666666666666664,40.74074074074074,,,missing
2018-06-01,EE,PSPP,58.666666666666664,58.666666666666664,,,missing
2018-07-01,EE,PSPP,7.111111111111111,0.0,,,missing
2018-08-01,EE,PSPP,7.111111111111111,0.0,,,missing
2018-09-01,EE,PSPP,7.111111111111111,0.0,,,missing
2018-10-01,EE,PSPP,7.111111111111111,0.0,,,missing
2018-11-01,EE,PSPP,7.111111111111111,0.0,,,missing
2018-12-01,EE,PSPP,7.111111111111111,0.0,,,missing
2019-01-01,EE,PSPP,7.111111111111111,0.0,,,missing
2019-02-01,EE,PSPP,7.111111111111111,0.0,,,missing
2019-03-01,EE,PSPP,7.111111111111111,0.0,,,missing
2019-04-01,EE,PSPP,7.111111111111111,0.0,,,missing
2019-05-01,EE,PSPP,7.111111111111111,0.0,,,missing
2019-06-01,EE,PSPP,7.111111111111111,0.0,,,missing
2019-07-01,EE,PSPP,7.111111111111111,0.0,,,missing
2019-08-01,EE,PSPP,7.111111111111111,0.0,,,missing
2019-09-01,EE,PSPP,7.111111111111111,0.0,,,missing
2019-10-01,EE,PSPP,7.111111111111111,0.0,,,missing
2019-11-01,EE,PSPP,7.111111111111111,0.0,,,missing
2019-12-01,EE,PSPP,7.111111111111111,0.0,,,missing
2020-01-01,EE,PSPP,7.111111111111111,0.0,,,missing
2020-02-01,EE,PSPP,7.111111111111111,0.0,,,missing
2020-03-01,EE,PSPP,7.111111111111111,0.0,,,missing
2020-04-01,EE,PSPP,7.111111111111111,0.0,,,missing
2020-05-01,EE,PSPP,7.111111111111111,0.0,,,missing
2020-06-01,EE,PSPP,96.0,88.9485058499143,0.0026947706448533504,0.0026947706448533504,single_maturity_ea_slope
2020-07-01,EE,PSPP,131.55555555555554,36.36691458192471,-0.07858596558517993,-0.019774288751009964,single_maturity_ea_slope
2020-08-01,EE,PSPP,164.44444444444443,34.010993593388676,-0.13063420665903047,-0.042702737142631265,single_maturity_ea_slope
2020-09-01,EE,PSPP,199.1111111111111,36.08087757520161,-0.12773581249427224,-0.05811156071096222,single_maturity_ea_slope
2020-10-01,EE,PSPP,200.0,2.615485412571806,-0.21147116976643104,-0.060117109812773684,single_maturity_ea_slope
2020-11-01,EE,PSPP,233.77777777777777,35.528478057889814,-0.26798409706671356,-0.09170778436624391,single_maturity_ea_slope
2020-12-01,EE,PSPP,250.66666666666666,18.952605147520398,-0.2998371378658919,-0.1074441944320186,single_maturity_ea_slope
2021-01-01,EE,PSPP,269.3333333333333,20.898385565052223,-0.3156416380104112,-0.12359886194275914,single_maturity_ea_slope
2021-02-01,EE,PSPP,288.0,21.085249042145612,-0.28070426988506214,-0.13510096837446517,single_maturity_ea_slope
2021-03-01,EE,PSPP,312.0,26.611534276387378,-0.15779541147961046,-0.1370366541134911,single_maturity_ea_slope
2021-04-01,EE,PSPP,330.66666666666663,21.520673252835675,-0.13873264519131437,-0.137147033760141,single_maturity_ea_slope
2021-05-01,EE,PSPP,344.88888888888886,17.27040314650935,-0.09678048586593738,-0.135125668102315,single_maturity_ea_slope
2021-06-01,EE,PSPP,353.77777777777777,12.103736846466179,-0.11548599953264871,-0.13445373957810913,single_maturity_ea_slope
2021-07-01,EE,PSPP,353.77777777777777,3.3274809798511833,-0.12362001499213857,-0.13435184224377908,single_maturity_ea_slope
2021-08-01,EE,PSPP,355.55555555555554,5.1394062249250325,-0.17903701749465303,-0.13499774768459652,single_maturity_ea_slope
2021-09-01,EE,PSPP,359.1111111111111,6.965179218343763,-0.20220125073750964,-0.1363012006504927,single_maturity_ea_slope
2021-10-01,EE,PSPP,361.77777777777777,6.142383963522194,-0.06791742400901823,-0.13514015804697024,single_maturity_ea_slope
2021-11-01,EE,PSPP,363.55555555555554,5.312144500890099,-0.018019809434098505,-0.13342883715991774,single_maturity_ea_slope
2021-12-01,EE,PSPP,363.55555555555554,3.5896085659118833,-0.07624400384746981,-0.1328642159779228,single_maturity_ea_slope
2022-01-01,EE,PSPP,367.1111111111111,7.179514442672325,0.09722714818858563,-0.128364367778919,single_maturity_ea_slope
2022-02-01,EE,PSPP,368.88888888888886,5.472535337269631,0.613316340904363,-0.11736139639784551,single_maturity_ea_slope
2022-03-01,EE,PSPP,368.88888888888886,3.753448197892642,0.9978543118262715,-0.10601406521933393,single_maturity_ea_slope
2022-04-01,EE,PSPP,382.22222222222223,17.123806914189196,1.3388106880686081,-0.0412849661201206,single_maturity_ea_slope
2022-05-01,EE,PSPP,390.22222222222223,11.966606706332735,1.7236310653386504,0.012838184268124898,single_maturity_ea_slope
2022-06-01,EE,PSPP,396.4444444444444,10.312601910086137,2.2928674101402295,0.0721479667087157,single_maturity_ea_slope
2022-07-01,EE,PSPP,396.4444444444444,4.203185373668833,2.3539817865465777,0.09634043723286606,single_maturity_ea_slope
2022-08-01,EE,PSPP,396.4444444444444,4.246405788822241,2.1284247984024405,0.1181065507843825,single_maturity_ea_slope
2022-09-01,EE,PSPP,397.3333333333333,5.184992534797501,2.7823559986308086,0.1528736149570052,single_maturity_ea_slope
2022-10-01,EE,PSPP,434.66666666666663,41.56749076442169,3.8391469222253853,0.5053946233657766,single_maturity_ea_slope
2022-11-01,EE,PSPP,473.77777777777777,43.690405955892714,3.6375093237312415,0.7942291132425302,single_maturity_ea_slope
2022-12-01,EE,PSPP,502.2222222222222,33.42319368548873,3.41107257997526,0.968381634105124,single_maturity_ea_slope
2023-01-01,EE,PSPP,520.8888888888889,23.971083884898917,3.7664854010909523,1.097149172725777,single_maturity_ea_slope
2023-02-01,EE,PSPP,538.6666666666666,23.349973850615637,3.82989395959442,1.215607438778603,single_maturity_ea_slope
2023-03-01,EE,PSPP,538.6666666666666,5.829725829725829,3.943365142565884,1.2451286260490284,single_maturity_ea_slope
2023-04-01,EE,PSPP,538.6666666666666,5.890930300379119,3.8283037736001018,1.2733785729820017,single_maturity_ea_slope
2023-05-01,EE,PSPP,538.6666666666666,5.953433539640436,3.836525231430329,1.3017068959091496,single_maturity_ea_slope
2023-06-01,EE,PSPP,538.6666666666666,6.017277330950253,3.927039496288443,1.3310336675845216,single_maturity_ea_slope
2023-07-01,EE,PSPP,538.6666666666666,6.0907583295642995,4.11557152478516,1.3625187179825389,single_maturity_ea_slope
2023-08-01,EE,PSPP,538.6666666666666,6.157597927145251,4.081725182990452,1.393602468154097,single_maturity_ea_slope
2023-09-01,EE,PSPP,538.6666666666666,6.234567901234567,4.180212458822857,1.4258548986016522,single_maturity_ea_slope
2023-10-01,EE,PSPP,538.6666666666666,6.30461922596754,3.9628426090640447,1.4555481068233564,single_maturity_ea_slope
2023-11-01,EE,PSPP,538.6666666666666,6.376262626262625,3.5616683814274546,1.4804785078011513,single_maturity_ea_slope
2023-12-01,EE,PSPP,538.6666666666666,6.458832933653077,3.0856204494548027,1.4997248140559911,single_maturity_ea_slope
2024-01-01,EE,PSPP,538.6666666666666,6.53404496199256,3.126728988577614,1.519460429952663,single_maturity_ea_slope
2024-02-01,EE,PSPP,538.6666666666666,6.611029291441662,3.368157606603649,1.5421493987382666,single_maturity_ea_slope
2024-03-01,EE,PSPP,538.6666666666666,6.6998341625207285,3.4302024582138753,1.5656326457466698,single_maturity_ea_slope
2024-04-01,EE,PSPP,538.6666666666666,6.7807989258140315,3.5531449403240005,1.5906516826874721,single_maturity_ea_slope
2024-05-01,EE,PSPP,538.6666666666666,6.863744478423377,3.669499795058341,1.6171405730082016,single_maturity_ea_slope
2024-06-01,EE,PSPP,538.6666666666666,6.959517657192075,3.7259939441467913,1.6443867405939714,single_maturity_ea_slope
2024-07-01,EE,PSPP,538.6666666666666,7.046921332635618,3.727857247388188,1.6716430266587832,single_maturity_ea_slope
2024-08-01,EE,PSPP,538.6666666666666,7.1365483130189,3.366330217655326,1.6940951622045772,single_maturity_ea_slope
2024-09-01,EE,PSPP,538.6666666666666,7.240143369175626,3.184430040492302,1.7141265449772618,single_maturity_ea_slope
2024-10-01,EE,PSPP,538.6666666666666,7.334785766158315,3.111355578201073,1.733151994776061,single_maturity_ea_slope
2024-11-01,EE,PSPP,538.6666666666666,7.444260180578588,3.213043979125412,1.7536037911324645,single_maturity_ea_slope
2024-12-01,EE,PSPP,538.6666666666666,7.544351073762837,3.1344755576480043,1.772943731839965,single_maturity_ea_slope
2025-01-01,EE,PSPP,538.6666666666666,7.660219946909366,3.1554387874537353,1.7926037866695124,single_maturity_ea_slope
2025-02-01,EE,PSPP,538.6666666666666,7.752830550758011,2.8896736618204084,1.8083935085340903,single_maturity_ea_slope
2025-03-01,EE,PSPP,538.6666666666666,7.875243664717348,2.9903718899322618,1.8256738942270463,single_maturity_ea_slope
2025-04-01,EE,PSPP,538.6666666666666,7.987346777382364,2.782379381201717,1.8398599186483786,single_maturity_ea_slope
2025-05-01,EE,PSPP,538.6666666666666,8.102687525070195,2.6796202525059765,1.8524916926233723,single_maturity_ea_slope
2025-06-01,EE,PSPP,538.6666666666666,8.236493374108052,2.602836879894108,1.863964860624454,single_maturity_ea_slope
2025-07-01,EE,PSPP,538.6666666666666,8.359197186012828,2.579609724250032,1.8750704606186437,single_maturity_ea_slope
2025-08-01,EE,PSPP,538.6666666666666,8.501683501683502,2.5649397234607623,1.8859585487316823,single_maturity_ea_slope
2025-09-01,EE,PSPP,538.6666666666666,8.63247863247863,2.6273401422045453,1.8978396640116961,single_maturity_ea_slope
2025-10-01,EE,PSPP,538.6666666666666,8.76736111111111,2.633196186719594,1.909808357415145,single_maturity_ea_slope
2025-11-01,EE,PSPP,538.6666666666666,8.906525573192239,2.6876872046824,1.922670110842183,single_maturity_ea_slope
2025-12-01,EE,PSPP,538.6666666666666,9.068462401795733,2.738718868857361,1.936408305421563,single_maturity_ea_slope
2026-01-01,EE,PSPP,538.6666666666666,9.217430983344741,2.6009768489044043,1.9477801148582992,single_maturity_ea_slope
2026-02-01,EE,PSPP,538.6666666666666,9.371375550916259,2.4574409202353373,1.9566468651258189,single_maturity_ea_slope
2026-03-01,EE,PSPP,538.6666666666666,9.550827423167847,2.7792552475508336,1.9712321201333547,single_maturity_ea_slope
2026-04-01,EE,PSPP,538.6666666666666,9.716209716209717,2.928090415096509,1.9884914688881015,single_maturity_ea_slope
2026-05-01,EE,PSPP,538.6666666666666,9.887420460107684,2.967314091488625,2.006458110272105,single_maturity_ea_slope
2026-06-01,EE,PSPP,538.6666666666666,10.087390761548063,3.1858982048969127,2.028545003429873,single_maturity_ea_slope
2026-07-01,EE,PSPP,538.6666666666666,10.27205695397915,3.3292068371564314,2.053347860671036,single_maturity_ea_slope
2026-08-01,EE,PSPP,538.6666666666666,10.488058151609552,3.401172496112,2.0795905521710543,single_maturity_ea_slope
2020-03-01,ES,PEPP,1378.839,1378.839,0.510645505209257,0.510645505209257,single_maturity_ea_slope
2020-04-01,ES,PEPP,8391.271,7026.376569174758,0.6339263435103193,0.6138739188389452,single_maturity_ea_slope
2020-05-01,ES,PEPP,19906.488,11599.670210547505,0.5380389708188892,0.5696842864202754,single_maturity_ea_slope
2020-06-01,ES,PEPP,31801.308,12099.3667324291,0.30282523335074196,0.4681530679887239,single_maturity_ea_slope
2020-07-01,ES,PEPP,40993.568,9516.23420537897,0.1858401207977886,0.4026170276840662,single_maturity_ea_slope
2020-08-01,ES,PEPP,47100.109000000004,6517.1336282051325,0.11475249678921334,0.3627858753896555,single_maturity_ea_slope
2020-09-01,ES,PEPP,54255.67,7624.498763839102,0.09012274786170116,0.32446878007443053,single_maturity_ea_slope
2020-10-01,ES,PEPP,61411.231,7694.453232816847,-0.0012819919493775311,0.2836541922526822,single_maturity_ea_slope
2020-11-01,ES,PEPP,68566.792,7759.764374655649,-0.06514446422228012,0.24418034041428544,single_maturity_ea_slope
2020-12-01,ES,PEPP,74291.063,6394.916461658835,-0.10459970010111555,0.21415762795706872,single_maturity_ea_slope
2021-01-01,ES,PEPP,79873.094,6313.818460598899,-0.07430328909865376,0.19135533281538172,single_maturity_ea_slope
2021-02-01,ES,PEPP,85597.365,6512.907394154826,0.021531411643222614,0.17843381973017727,single_maturity_ea_slope
2021-03-01,ES,PEPP,92657.803,7909.618208333328,0.062345482418318,0.1685240830771614,single_maturity_ea_slope
2021-04-01,ES,PEPP,100972.62,9240.654360111906,0.09909938079321395,0.16217058172343174,single_maturity_ea_slope
2021-05-01,ES,PEPP,108976.287,9018.671221954162,0.21596527262431853,0.16662252850999962,single_maturity_ea_slope
2021-06-01,ES,PEPP,116557.679,8678.174276570055,0.16495575336879603,0.16649843059316294,single_maturity_ea_slope
2021-07-01,ES,PEPP,125083.189,9702.860292929288,0.08953386466135055,0.16052819241237654,single_maturity_ea_slope
2021-08-01,ES,PEPP,131493.768,7680.201300040613,-0.00796380168297009,0.150687023117589,single_maturity_ea_slope
2021-09-01,ES,PEPP,138481.308,8338.688458692952,0.0653664345060701,0.14554942138765906,single_maturity_ea_slope
2021-10-01,ES,PEPP,144922.113,7876.141940298529,0.18630437787229365,0.14776434784297285,single_maturity_ea_slope
2021-11-01,ES,PEPP,151402.034,7997.112300251259,0.22369247533471556,0.15177490005457167,single_maturity_ea_slope
2021-12-01,ES,PEPP,156459.555,6672.992980367029,0.1973005171346367,0.1537165655744701,single_maturity_ea_slope
2022-01-01,ES,PEPP,161462.847,6692.19047797929,0.41460228420488715,0.16452956035623104,single_maturity_ea_slope
2022-02-01,ES,PEPP,165674.929,5966.350220338978,0.8963411735401913,0.19088384585930038,single_maturity_ea_slope
2022-03-01,ES,PEPP,168610.407,4730.828335934117,0.9859502669517999,0.2131916192688867,single_maturity_ea_slope
2022-04-01,ES,PEPP,169377.614,2606.3257499999954,1.5118104877848428,0.2331743295959373,single_maturity_ea_slope
2022-05-01,ES,PEPP,169320.718,1800.3146798245537,1.8306920027089668,0.2501600508482211,single_maturity_ea_slope
2022-06-01,ES,PEPP,169554.525,2105.167720601238,2.422708149169522,0.27713413560378636,single_maturity_ea_slope
2022-07-01,ES,PEPP,174578.264,6905.169592543277,1.9820251736316434,0.3445684283081147,single_maturity_ea_slope
2022-08-01,ES,PEPP,174305.34100000001,1674.6256836234018,1.8768645568973852,0.3592898501367912,single_maturity_ea_slope
2022-09-01,ES,PEPP,174399.575,2051.8411540880475,2.759334762586425,0.38752679350677255,single_maturity_ea_slope
2022-10-01,ES,PEPP,173919.515,1483.8991779279302,3.038787995793009,0.4101476265889299,single_maturity_ea_slope
2022-11-01,ES,PEPP,173138.973,1175.3679752586438,2.9384018260259928,0.4273108854892325,single_maturity_ea_slope
2022-12-01,ES,PEPP,172657.135,1473.209120596217,3.0338030782835625,0.4495509630347533,single_maturity_ea_slope
2023-01-01,ES,PEPP,171909.486,1188.8374849708343,3.1805698542663676,0.4684372834211666,single_maturity_ea_slope
2023-02-01,ES,PEPP,172678.471,2707.522280108241,3.3870900039608154,0.5142004710553659,single_maturity_ea_slope
2023-03-01,ES,PEPP,174134.653,3416.655103996368,3.4180628826364963,0.5711764730107715,single_maturity_ea_slope
2023-04-01,ES,PEPP,174544.482,2373.458375281911,3.335798261714111,0.6087698398345064,single_maturity_ea_slope
2023-05-01,ES,PEPP,172741.59,186.89917647059565,3.3071937587134443,0.611689421668893,single_maturity_ea_slope
2023-06-01,ES,PEPP,173205.64800000002,2452.335969613279,3.3876555530420682,0.6509929990810722,single_maturity_ea_slope
2023-07-01,ES,PEPP,170321.732,0.0,3.5161464151956783,0.6509929990810722,single_maturity_ea_slope
2023-08-01,ES,PEPP,171124.499,2755.102304906028,3.502697473031027,0.6969054056330432,single_maturity_ea_slope
2023-09-01,ES,PEPP,171612.56,2465.9215987054886,3.6432244439341783,0.7392414196941581,single_maturity_ea_slope
2023-10-01,ES,PEPP,171127.166,1498.107618122977,3.8198718511468805,0.7662103459368845,single_maturity_ea_slope
2023-11-01,ES,PEPP,171566.332,2433.655114219111,3.5383049961342046,0.8055322935702474,single_maturity_ea_slope
2023-12-01,ES,PEPP,171913.04200000002,2366.087730696819,2.9930481318546844,0.835639691621349,single_maturity_ea_slope
2024-01-01,ES,PEPP,171021.375,1114.7877385620761,2.995967917239318,0.8497216004891059,single_maturity_ea_slope
2024-02-01,ES,PEPP,172522.007,3516.4426435643686,3.1475343400281486,0.896556939613352,single_maturity_ea_slope
2024-03-01,ES,PEPP,173998.636,3530.462416666653,3.1265487159087497,0.9418038584207304,single_maturity_ea_slope
2024-04-01,ES,PEPP,172265.975,318.24230033004005,3.1780872901624884,0.9459351442623335,single_maturity_ea_slope
2024-05-01,ES,PEPP,171109.386,851.172946386939,3.2408374768955115,0.9573509924855141,single_maturity_ea_slope
2024-06-01,ES,PEPP,171837.477,2742.0903644067944,3.280846019622275,0.9944280808884055,single_maturity_ea_slope
2024-07-01,ES,PEPP,170002.581,173.4896591865279,3.173509559095831,0.996651859496766,single_maturity_ea_slope
2024-08-01,ES,PEPP,170257.72400000002,2264.6297730496563,2.857893360977301,1.021408580190909,single_maturity_ea_slope
2024-09-01,ES,PEPP,170580.431,2355.3923390639875,2.7225484952648698,1.0448980971311095,single_maturity_ea_slope
2024-10-01,ES,PEPP,167516.937,0.0,2.6753249311682503,1.0448980971311095,single_maturity_ea_slope
2024-11-01,ES,PEPP,168017.444,2500.4704312320746,2.7766185576763687,1.0706699200065546,single_maturity_ea_slope
2024-12-01,ES,PEPP,168094.787,2106.5391835749015,2.607455985650131,1.0899286972823192,single_maturity_ea_slope
2025-01-01,ES,PEPP,164671.248,0.0,2.865526686112671,1.0899286972823192,single_maturity_ea_slope
2025-02-01,ES,PEPP,164671.248,1988.7831884057966,2.7844457614344376,1.1103938792165235,single_maturity_ea_slope
2025-03-01,ES,PEPP,164664.136,2007.954666666673,2.9498207699341665,1.1328242997010949,single_maturity_ea_slope
2025-04-01,ES,PEPP,161287.714,0.0,2.7020866248986066,1.1328242997010949,single_maturity_ea_slope
2025-05-01,ES,PEPP,161287.714,1942.289426782274,2.6781260556379527,1.1514334248930127,single_maturity_ea_slope
2025-06-01,ES,PEPP,158889.192,0.0,2.6708880537366197,1.1514334248930127,single_maturity_ea_slope
2025-07-01,ES,PEPP,155290.52,0.0,2.7231494028857495,1.1514334248930127,single_maturity_ea_slope
2025-08-01,ES,PEPP,155290.52,1889.1790754257909,2.7260489154172918,1.1705893311037703,single_maturity_ea_slope
2025-09-01,ES,PEPP,155180.284,1801.2672003939192,2.734114594697068,1.1887380720501255,single_maturity_ea_slope
2025-10-01,ES,PEPP,151413.59100000001,0.0,2.6601967916652165,1.1887380720501255,single_maturity_ea_slope
2025-11-01,ES,PEPP,151413.59100000001,1855.5587132352944,2.6845217301215003,1.2070687541343337,single_maturity_ea_slope
2025-12-01,ES,PEPP,151413.59100000001,1880.4469821162447,2.7742751040325593,1.226532320327804,single_maturity_ea_slope
2026-01-01,ES,PEPP,151413.59100000001,1858.2914948453608,2.767412229694821,1.2454434630544489,single_maturity_ea_slope
2026-02-01,ES,PEPP,148213.191,0.0,2.6667656515870997,1.2454434630544489,single_maturity_ea_slope
2026-03-01,ES,PEPP,148166.963,1816.6828974358946,2.9791448218240837,1.2667004662619596,single_maturity_ea_slope
2026-04-01,ES,PEPP,144896.332,0.0,3.0529700101069377,1.2667004662619596,single_maturity_ea_slope
2026-05-01,ES,PEPP,144802.098,1702.5955138888921,3.1195152111682996,1.288486021280263,single_maturity_ea_slope
2026-06-01,ES,PEPP,143529.05,546.9884253393566,3.0649036320964353,1.2952559390891345,single_maturity_ea_slope
2026-07-01,ES,PEPP,139813.919,0.0,3.1923103890807067,1.2952559390891345,single_maturity_ea_slope
2026-08-01,ES,PEPP,139813.919,1746.8005872063968,3.2851680572979585,1.3201174098313735,single_maturity_ea_slope
2015-03-01,ES,PSPP,4841.777777777777,4841.777777777777,1.1353121482662318,1.1353121482662318,single_maturity_ea_slope
2015-04-01,ES,PSPP,9704.888888888889,4904.621551592745,1.1384296604765427,1.136887665281326,single_maturity_ea_slope
2015-05-01,ES,PSPP,14957.333333333332,5335.819778541427,1.507722317047513,1.2691777483707276,single_maturity_ea_slope
2015-06-01,ES,PSPP,20215.11111111111,5384.836334805754,1.8819517732152822,1.4324065239075816,single_maturity_ea_slope
2015-07-01,ES,PSPP,25451.555555555555,5410.832911586535,1.7182322965372783,1.4931711987483236,single_maturity_ea_slope
2015-08-01,ES,PSPP,29791.11111111111,4558.663299663299,1.6042519565754052,1.5101688787649055,single_maturity_ea_slope
2015-09-01,ES,PSPP,34936.88888888889,5402.509173082082,1.663951198921167,1.5339491986996399,single_maturity_ea_slope
2015-10-01,ES,PSPP,40307.555555555555,5672.366916138934,1.3828190054628486,1.5126810792036685,single_maturity_ea_slope
2015-11-01,ES,PSPP,45937.777777777774,5975.439381827868,1.348273709983307,1.4912954938265435,single_maturity_ea_slope
2015-12-01,ES,PSPP,50504.0,4961.283950617288,1.3083741918244833,1.4733261345708637,single_maturity_ea_slope
2016-01-01,ES,PSPP,55932.44444444444,5859.660291438973,1.355156241777875,1.4609462817802272,single_maturity_ea_slope
2016-02-01,ES,PSPP,61376.88888888888,5922.990341470835,1.4056866161021175,1.4556136154947648,single_maturity_ea_slope
2016-03-01,ES,PSPP,66808.88888888889,5959.837021748278,1.2191281029673486,1.4345173940771023,single_maturity_ea_slope
2016-04-01,ES,PSPP,75091.55555555555,8863.815665352191,1.212794971269627,1.4083452543458015,single_maturity_ea_slope
2016-05-01,ES,PSPP,83641.77777777777,9198.681251199383,1.2674496101728345,1.392849958156941,single_maturity_ea_slope
2016-06-01,ES,PSPP,91853.33333333333,8927.911994214159,1.2288062102866681,1.3769053202103574,single_maturity_ea_slope
2016-07-01,ES,PSPP,99367.11111111111,8302.895761741125,0.9357032400473818,1.3400394514083516,single_maturity_ea_slope
2016-08-01,ES,PSPP,104800.0,6292.763509095806,0.7756067466043756,1.3061478337735166,single_maturity_ea_slope
2016-09-01,ES,PSPP,112344.0,8456.574016022292,0.7798199889202353,1.266529070184048,single_maturity_ea_slope
2016-10-01,ES,PSPP,120190.22222222222,8835.862814188393,0.7896244906978473,1.231469118035801,single_maturity_ea_slope
2016-11-01,ES,PSPP,127711.11111111111,8590.958531180755,1.0887574462718488,1.2218690915120873,single_maturity_ea_slope
2016-12-01,ES,PSPP,133627.55555555556,7068.240179573521,1.0222924591327853,1.211312469668467,single_maturity_ea_slope
2017-01-01,ES,PSPP,141440.0,9033.456465237161,1.0136101947806349,1.1986856675383935,single_maturity_ea_slope
2017-02-01,ES,PSPP,148877.3333333333,8754.279329608918,1.2100365018389574,1.1993531188680648,single_maturity_ea_slope
2017-03-01,ES,PSPP,156396.44444444444,8927.3340900492,1.2215343562306755,1.2006192558136337,single_maturity_ea_slope
2017-04-01,ES,PSPP,162262.22222222222,7369.011576743991,1.1279980940950813,1.1973212227034515,single_maturity_ea_slope
2017-05-01,ES,PSPP,167633.77777777778,6945.694304315964,1.0647916612974648,1.1918300273607605,single_maturity_ea_slope
2017-06-01,ES,PSPP,173136.88888888888,7142.721613632396,0.9580922075828124,1.182187228602128,single_maturity_ea_slope
2017-07-01,ES,PSPP,178747.55555555553,7308.087145969489,1.0760908350816676,1.177849481507849,single_maturity_ea_slope
2017-08-01,ES,PSPP,183268.44444444444,6281.601611067348,0.9650355166697258,1.1705551949849446,single_maturity_ea_slope
2017-09-01,ES,PSPP,188700.44444444444,7250.139329805996,0.9999489017283416,1.1640002586662002,single_maturity_ea_slope
2017-10-01,ES,PSPP,194042.66666666666,7209.803818069848,1.0675608078126686,1.1604169770461286,single_maturity_ea_slope
2017-11-01,ES,PSPP,199363.55555555553,7259.764455102571,0.9487703190451099,1.1527099270764622,single_maturity_ea_slope
2017-12-01,ES,PSPP,204666.66666666666,7312.014331138891,0.9381175372854021,1.1450433018508648,single_maturity_ea_slope
2018-01-01,ES,PSPP,207026.66666666666,4427.340067340067,0.9782184531801184,1.141475692186661,single_maturity_ea_slope
2018-02-01,ES,PSPP,209536.88888888888,4611.589118960614,1.0014091743031193,1.138393040567523,single_maturity_ea_slope
2018-03-01,ES,PSPP,211988.44444444444,4586.2019378792065,0.8453442340443433,1.1320531619581398,single_maturity_ea_slope
2018-04-01,ES,PSPP,214746.66666666666,4858.781521116833,0.7541709050405033,1.1235033327311312,single_maturity_ea_slope
2018-05-01,ES,PSPP,217261.3333333333,4650.174489525315,0.920638703023037,1.1191612995150861,single_maturity_ea_slope
2018-06-01,ES,PSPP,220008.88888888888,4915.832335329347,0.8995983880177842,1.1142554320047846,single_maturity_ea_slope
2018-07-01,ES,PSPP,222845.3333333333,5021.673773893076,0.8889369789049062,1.109178028095171,single_maturity_ea_slope
2018-08-01,ES,PSPP,225336.0,4717.33866240343,0.960911061676168,1.1060741055393184,single_maturity_ea_slope
2018-09-01,ES,PSPP,228039.1111111111,4965.520749665311,1.0239103515170858,1.1042850009270442,single_maturity_ea_slope
2018-10-01,ES,PSPP,228151.1111111111,2421.022996264794,1.1481023275582025,1.1047499680047508,single_maturity_ea_slope
2018-11-01,ES,PSPP,230403.55555555553,4521.250243083172,1.1545176007381173,1.1057265671768028,single_maturity_ea_slope
2018-12-01,ES,PSPP,231840.88888888888,3745.061253561263,1.0231125496895264,1.1043920547127788,single_maturity_ea_slope
2019-01-01,ES,PSPP,229104.0,0.0,0.9642140185945148,1.1043920547127788,single_maturity_ea_slope
2019-02-01,ES,PSPP,229842.66666666666,3025.133732534921,0.9382309200182148,1.1022050819418363,single_maturity_ea_slope
2019-03-01,ES,PSPP,230425.77777777775,2896.3424584004133,0.7860957571410911,1.0982317380401847,single_maturity_ea_slope
2019-04-01,ES,PSPP,226672.88888888888,0.0,0.7008109525195109,1.0982317380401847,single_maturity_ea_slope
2019-05-01,ES,PSPP,228109.3333333333,3693.243417850341,0.5360222414959737,1.0891291884328407,single_maturity_ea_slope
2019-06-01,ES,PSPP,228478.22222222222,2661.9059107358426,0.19951469581420672,1.0787646554233246,single_maturity_ea_slope
2019-07-01,ES,PSPP,226763.55555555553,565.5551119982065,0.07754320775423024,1.0762675790894127,single_maturity_ea_slope
2019-08-01,ES,PSPP,227244.44444444444,2765.8904563572196,-0.06641510357575833,1.0623594937482947,single_maturity_ea_slope
2019-09-01,ES,PSPP,227600.0,2664.950316169835,-0.024992383512719873,1.0496277770123783,single_maturity_ea_slope
2019-10-01,ES,PSPP,227080.0,1812.9233292332924,-0.008851107994510277,1.0411772703005155,single_maturity_ea_slope
2019-11-01,ES,PSPP,229709.3333333333,4937.0569105690865,0.1656558187724389,1.0223600147284673,single_maturity_ea_slope
2019-12-01,ES,PSPP,230224.0,2846.267695222647,0.19884313921611474,1.0121788456095155,single_maturity_ea_slope
2020-01-01,ES,PSPP,230402.66666666666,2535.587223587214,0.1978223985082291,1.0032168321372357,single_maturity_ea_slope
2020-02-01,ES,PSPP,232185.77777777775,4099.181342983498,0.07832354881671427,0.9868880745039113,single_maturity_ea_slope
2020-03-01,ES,PSPP,236992.0,7151.533108866468,0.34231600437950205,0.9674372976821395,single_maturity_ea_slope
2020-04-01,ES,PSPP,240792.88888888888,6221.150326797373,0.6309044135741785,0.9587425987995973,single_maturity_ea_slope
2020-05-01,ES,PSPP,245306.66666666666,6963.847872292319,0.534539814168019,0.9467001879702527,single_maturity_ea_slope
2020-06-01,ES,PSPP,250129.77777777775,7334.440622440607,0.3039611913787311,0.9278534474977299,single_maturity_ea_slope
2020-07-01,ES,PSPP,248457.77777777775,845.4091966362498,0.18905482313432082,0.9253395911914979,single_maturity_ea_slope
2020-08-01,ES,PSPP,249512.88888888888,3580.088527551955,0.11100982291208455,0.9136553344220633,single_maturity_ea_slope
2020-09-01,ES,PSPP,252902.22222222222,5940.589865939568,0.0831213363464397,0.8941463644773429,single_maturity_ea_slope
2020-10-01,ES,PSPP,256240.88888888888,5940.541380887051,-0.009595165398049527,0.8731945406715063,single_maturity_ea_slope
2020-11-01,ES,PSPP,258451.55555555553,4840.396642948357,-0.07483179315002261,0.8554394783202953,single_maturity_ea_slope
2020-12-01,ES,PSPP,260337.77777777775,4561.704163791117,-0.11643408030597605,0.8384100648525032,single_maturity_ea_slope
2021-01-01,ES,PSPP,262221.3333333333,4548.766220766227,-0.08266423637866867,0.8224321441585747,single_maturity_ea_slope
2021-02-01,ES,PSPP,259883.55555555553,373.36090432864285,0.006709458048875155,0.821260238690696,single_maturity_ea_slope
2021-03-01,ES,PSPP,261200.0,4020.1851389467092,0.04365554396286481,0.8092919583012625,single_maturity_ea_slope
2021-04-01,ES,PSPP,263992.0,5536.850777637663,0.07717877125250822,0.7939369419786858,single_maturity_ea_slope
2021-05-01,ES,PSPP,265794.6666666666,4598.007623888145,0.19006289737886184,0.7834904665254356,single_maturity_ea_slope
2021-06-01,ES,PSPP,268236.44444444444,5281.464387464419,0.13764066456984686,0.7707739516769626,single_maturity_ea_slope
2021-07-01,ES,PSPP,265116.44444444444,0.0,0.07492606382383654,0.7707739516769626,single_maturity_ea_slope
2021-08-01,ES,PSPP,266184.0,3874.8029554332034,-0.021883634940162794,0.7592353469551514,single_maturity_ea_slope
2021-09-01,ES,PSPP,268638.2222222222,5283.5589569160675,0.051665184533253805,0.7453189033516113,single_maturity_ea_slope
2021-10-01,ES,PSPP,271330.6666666666,5533.373190449325,0.17682277840038124,0.7337252959819585,single_maturity_ea_slope
2021-11-01,ES,PSPP,269792.0,1334.381476775416,0.21875230977189675,0.73117825821272,single_maturity_ea_slope
2021-12-01,ES,PSPP,271406.2222222222,4485.57173265216,0.19820386567488735,0.7223697097210141,single_maturity_ea_slope
2022-01-01,ES,PSPP,270478.2222222222,1934.9348335677441,0.4246217772003024,0.7202396940712374,single_maturity_ea_slope
2022-02-01,ES,PSPP,271631.1111111111,4027.869992441466,0.905530974281026,0.7229872776759476,single_maturity_ea_slope
2022-03-01,ES,PSPP,273479.1111111111,4742.619683622241,0.9937253186191625,0.7276823622725951,single_maturity_ea_slope
2022-04-01,ES,PSPP,279712.0,9081.629629629617,1.5286617050234717,0.7536883889423398,single_maturity_ea_slope
2022-05-01,ES,PSPP,277572.44444444444,777.7577527464823,1.8524041757917031,0.7567669896406093,single_maturity_ea_slope
2022-06-01,ES,PSPP,280058.6666666666,5406.807706696563,2.441392342264324,0.7892903371515915,single_maturity_ea_slope
2022-07-01,ES,PSPP,281593.77777777775,4511.92517006804,2.006498551522867,0.8087934398940438,single_maturity_ea_slope
2022-08-01,ES,PSPP,281623.1111111111,3053.321496754525,1.8932918795956628,0.8205514322905956,single_maturity_ea_slope
2022-09-01,ES,PSPP,283264.0,4688.758056758044,2.769727155521341,0.852815374677681,single_maturity_ea_slope
2022-10-01,ES,PSPP,280033.77777777775,0.0,3.0604784274802155,0.852815374677681,single_maturity_ea_slope
2022-11-01,ES,PSPP,280624.8888888889,3613.928228746894,2.947148474603247,0.8797865016514427,single_maturity_ea_slope
2022-12-01,ES,PSPP,281175.1111111111,3607.1382231905363,3.0363899245685775,0.9074531276494807,single_maturity_ea_slope
2023-01-01,ES,PSPP,277686.2222222222,0.0,3.180514776108488,0.9074531276494807,single_maturity_ea_slope
2023-02-01,ES,PSPP,278535.1111111111,3869.844309061064,3.385607674013498,0.9418835168020891,single_maturity_ea_slope
2023-03-01,ES,PSPP,279835.55555555556,4358.58136924803,3.4168838964763486,0.9804329088631291,single_maturity_ea_slope
2023-04-01,ES,PSPP,280546.6666666666,3783.5260820767617,3.3362378372671464,1.0122039132981662,single_maturity_ea_slope
2023-05-01,ES,PSPP,279581.3333333333,2143.5614657210594,3.309322494672339,1.0298160149879267,single_maturity_ea_slope
2023-06-01,ES,PSPP,279857.77777777775,3403.7524235644973,3.3851584079590626,1.0584627170451613,single_maturity_ea_slope
2023-07-01,ES,PSPP,275414.2222222222,0.0,3.51308033300625,1.0584627170451613,single_maturity_ea_slope
2023-08-01,ES,PSPP,275414.2222222222,3093.151642208246,3.5029052977267066,1.0859160254535345,single_maturity_ea_slope
2023-09-01,ES,PSPP,275414.2222222222,3126.8644666464825,3.643380250381357,1.1149517228300994,single_maturity_ea_slope
2023-10-01,ES,PSPP,269455.1111111111,0.0,3.8223877762382554,1.1149517228300994,single_maturity_ea_slope
2023-11-01,ES,PSPP,268584.8888888889,2172.405500351274,3.5396360996119545,1.1345633908525536,single_maturity_ea_slope
2023-12-01,ES,PSPP,268434.6666666666,2915.8153221714606,2.9937719020698688,1.15475865374999,single_maturity_ea_slope
2024-01-01,ES,PSPP,264200.8888888889,0.0,2.9991078643961364,1.15475865374999,single_maturity_ea_slope
2024-02-01,ES,PSPP,264200.8888888889,3032.608917457402,3.1484685519947737,1.1776432944552793,single_maturity_ea_slope
2024-03-01,ES,PSPP,264147.55555555556,3013.065098524728,3.124956470525675,1.1998558087992972,single_maturity_ea_slope
2024-04-01,ES,PSPP,259240.88888888888,0.0,3.177664225985417,1.1998558087992972,single_maturity_ea_slope
2024-05-01,ES,PSPP,256644.44444444444,383.3358876117559,3.2399148549553978,1.2029029343543876,single_maturity_ea_slope
2024-06-01,ES,PSPP,256644.44444444444,2982.850353840591,3.2801471418113186,1.2270457075698329,single_maturity_ea_slope
2024-07-01,ES,PSPP,252566.22222222222,0.0,3.1732043166630537,1.2270457075698329,single_maturity_ea_slope
2024-08-01,ES,PSPP,252566.22222222222,2947.785039941903,2.8601424663047386,1.2461061272562812,single_maturity_ea_slope
2024-09-01,ES,PSPP,252215.1111111111,2630.0765921728967,2.7256968263172983,1.2615351665650432,single_maturity_ea_slope
2024-10-01,ES,PSPP,247435.55555555553,0.0,2.6786218295215165,1.2615351665650432,single_maturity_ea_slope
2024-11-01,ES,PSPP,247435.55555555553,2883.864283864283,2.784848326934672,1.2792893992033838,single_maturity_ea_slope
2024-12-01,ES,PSPP,243701.3333333333,0.0,2.6155901615337234,1.2792893992033838,single_maturity_ea_slope
2025-01-01,ES,PSPP,237728.88888888888,0.0,2.8769376055455687,1.2792893992033838,single_maturity_ea_slope
2025-02-01,ES,PSPP,237728.88888888888,2786.32077928843,2.7961403428039313,1.2970677740697756,single_maturity_ea_slope
2025-03-01,ES,PSPP,237698.66666666666,2791.8206183391403,2.9663285683516665,1.3166735916715908,single_maturity_ea_slope
2025-04-01,ES,PSPP,230913.77777777775,0.0,2.729730989048588,1.3166735916715908,single_maturity_ea_slope
2025-05-01,ES,PSPP,230913.77777777775,2698.8520076879117,2.697901602910203,1.3328169765621776,single_maturity_ea_slope
2025-06-01,ES,PSPP,230096.88888888888,1916.4654882155005,2.6879032872459057,1.3441034227219633,single_maturity_ea_slope
2025-07-01,ES,PSPP,224152.0,0.0,2.7450689196057927,1.3441034227219633,single_maturity_ea_slope
2025-08-01,ES,PSPP,224152.0,2634.602726845322,2.74762203100772,1.3605998802711612,single_maturity_ea_slope
2025-09-01,ES,PSPP,223954.66666666666,2463.5403608736847,2.7557179261305906,1.3759464218963617,single_maturity_ea_slope
2025-10-01,ES,PSPP,217481.77777777775,0.0,2.683462793521738,1.3759464218963617,single_maturity_ea_slope
2025-11-01,ES,PSPP,217481.77777777775,2556.2033119155826,2.7076496999283877,1.3915987876466203,single_maturity_ea_slope
2025-12-01,ES,PSPP,217481.77777777775,2585.3753896549897,2.798869446455774,1.4083281107423067,single_maturity_ea_slope
2026-01-01,ES,PSPP,217481.77777777775,2552.603025560772,2.793431549091071,1.4245851933520342,single_maturity_ea_slope
2026-02-01,ES,PSPP,212916.44444444444,0.0,2.691611565948912,1.4245851933520342,single_maturity_ea_slope
2026-03-01,ES,PSPP,212880.88888888888,2521.078023268218,2.998101847623682,1.443219831139559,single_maturity_ea_slope
2026-04-01,ES,PSPP,206858.66666666666,0.0,3.075536585865625,1.443219831139559,single_maturity_ea_slope
2026-05-01,ES,PSPP,206728.0,2321.4275327959635,3.1367087251352936,1.4622366636199482,single_maturity_ea_slope
2026-06-01,ES,PSPP,206455.1111111111,2205.864108713013,3.0805397640324714,1.4795273797809918,single_maturity_ea_slope
2026-07-01,ES,PSPP,200924.44444444444,0.0,3.2093246138273805,1.4795273797809918,single_maturity_ea_slope
2026-08-01,ES,PSPP,200924.44444444444,2388.545464151741,3.302344433061137,1.5011966267291628,single_maturity_ea_slope
2020-03-01,FI,PEPP,176.022,176.022,-0.06509446605244562,-0.06509446605244562,single_maturity_ea_slope
2020-04-01,FI,PEPP,1222.375,1047.8873619246863,-0.11334342367855335,-0.1064561373255312,single_maturity_ea_slope
2020-05-01,FI,PEPP,2873.248,1662.608551075269,-0.30740922184390984,-0.22273789117525372,single_maturity_ea_slope
2020-06-01,FI,PEPP,4491.228,1647.179674796748,-0.38176689256529056,-0.28106254955218146,single_maturity_ea_slope
2020-07-01,FI,PEPP,5740.273,1298.5514814814815,-0.4140910336887115,-0.31115595018917674,single_maturity_ea_slope
2020-08-01,FI,PEPP,6622.161,946.1831724910394,-0.4556937783097309,-0.33180770733553283,single_maturity_ea_slope
2020-09-01,FI,PEPP,7724.521,1177.5434809264302,-0.5126565878688412,-0.3593767203921146,single_maturity_ea_slope
2020-10-01,FI,PEPP,8826.881,1189.701938037087,-0.5785214295964308,-0.3889134146390348,single_maturity_ea_slope
2020-11-01,FI,PEPP,9929.241,1203.9585382136286,-0.5931885058826323,-0.41368255260709275,single_maturity_ea_slope
2020-12-01,FI,PEPP,10812.018,998.3407918994413,-0.5908438640981588,-0.4300409571165872,single_maturity_ea_slope
2021-01-01,FI,PEPP,11649.456,964.33961971831,-0.5628373150387173,-0.4410338128601175,single_maturity_ea_slope
2021-02-01,FI,PEPP,12554.458,1039.4601717451528,-0.46905486042284006,-0.4433538463424093,single_maturity_ea_slope
2021-03-01,FI,PEPP,13645.261,1236.920993482309,-0.4310789372861996,-0.4422411455516578,single_maturity_ea_slope
2021-04-01,FI,PEPP,14890.75,1408.398037726838,-0.42161288500034655,-0.44029008185895024,single_maturity_ea_slope
2021-05-01,FI,PEPP,16157.575,1435.8843778383296,-0.31462343328802406,-0.4291223925554321,single_maturity_ea_slope
2021-06-01,FI,PEPP,17324.832,1349.952330167343,-0.35182910247921184,-0.42309969305423667,single_maturity_ea_slope
2021-07-01,FI,PEPP,18628.995,1498.736584905661,-0.3753551187609513,-0.41925855507421717,single_maturity_ea_slope
2021-08-01,FI,PEPP,19630.898,1203.7776749024729,-0.4552529584292647,-0.42146575207459075,single_maturity_ea_slope
2021-09-01,FI,PEPP,20706.588,1297.0578168696425,-0.36417023208810667,-0.41787676860372247,single_maturity_ea_slope
2021-10-01,FI,PEPP,21698.712,1232.1169068150207,-0.25006661932224117,-0.4083480130690684,single_maturity_ea_slope
2021-11-01,FI,PEPP,22668.611,1223.8633258426978,-0.2964157365849268,-0.40230486343952004,single_maturity_ea_slope
2021-12-01,FI,PEPP,23435.818,1037.84466714422,-0.31418844728576256,-0.39840266755316184,single_maturity_ea_slope
2022-01-01,FI,PEPP,23831.423,679.4690746124027,-0.11615534977371728,-0.3903553795744527,single_maturity_ea_slope
2022-02-01,FI,PEPP,24267.922,716.2105375586852,0.2705283122326863,-0.3708509545901892,single_maturity_ea_slope
2022-03-01,FI,PEPP,25053.798,1081.9707047340166,0.4325153097677087,-0.33615686297155123,single_maturity_ea_slope
2022-04-01,FI,PEPP,24927.56,178.55272992700975,0.9678314277334077,-0.3268165717798651,single_maturity_ea_slope
2022-05-01,FI,PEPP,23930.102,0.0,1.1985365520129676,-0.3268165717798651,single_maturity_ea_slope
2022-06-01,FI,PEPP,24406.606,754.6316383077647,1.8365156453666889,-0.2599281672540874,single_maturity_ea_slope
2022-07-01,FI,PEPP,24406.606,287.27172787193973,1.3541356206218669,-0.24093024131392787,single_maturity_ea_slope
2022-08-01,FI,PEPP,23648.289,0.0,1.347934125249941,-0.24093024131392787,single_maturity_ea_slope
2022-09-01,FI,PEPP,23451.82,66.99233021390279,2.3775617039296213,-0.2334502727205223,single_maturity_ea_slope
2022-10-01,FI,PEPP,23874.095,688.1686507936522,2.638007171217726,-0.15068076899665866,single_maturity_ea_slope
2022-11-01,FI,PEPP,23298.023,0.0,2.569198375245777,-0.15068076899665866,single_maturity_ea_slope
2022-12-01,FI,PEPP,23570.057,532.988558691756,2.653377933013566,-0.08727272522012026,single_maturity_ea_slope
2023-01-01,FI,PEPP,23960.328,657.505206349207,2.7505845417751353,-0.00939791783328849,single_maturity_ea_slope
2023-02-01,FI,PEPP,23322.026,0.0,2.943772377340978,-0.00939791783328849,single_maturity_ea_slope
2023-03-01,FI,PEPP,23903.432,841.9290786416434,2.9634969692796256,0.0953136839653749,single_maturity_ea_slope
2023-04-01,FI,PEPP,23456.265,0.0,2.8942158584894946,0.0953136839653749,single_maturity_ea_slope
2023-05-01,FI,PEPP,23285.577,86.84674967062097,2.8810320733253043,0.1057034023568748,single_maturity_ea_slope
2023-06-01,FI,PEPP,23452.709,426.5524211229924,2.9898016729472046,0.158158711467517,single_maturity_ea_slope
2023-07-01,FI,PEPP,23786.973,600.8932519326995,3.1003380453325176,0.23248240568852294,single_maturity_ea_slope
2023-08-01,FI,PEPP,23693.628,177.82432284541608,3.0787528929498746,0.25384410352695197,single_maturity_ea_slope
2023-09-01,FI,PEPP,23070.439000000002,0.0,3.176524071717214,0.25384410352695197,single_maturity_ea_slope
2023-10-01,FI,PEPP,23556.722,752.5623051708212,3.3399862113783065,0.35243652308215795,single_maturity_ea_slope
2023-11-01,FI,PEPP,23298.912,13.705928999537662,3.092767988648205,0.35404856352860653,single_maturity_ea_slope
2023-12-01,FI,PEPP,23454.487,429.036408450705,2.552113929146974,0.3942562248603078,single_maturity_ea_slope
2024-01-01,FI,PEPP,23874.095,702.4648137964305,2.6133569780089774,0.4595504359018614,single_maturity_ea_slope
2024-02-01,FI,PEPP,23378.922,0.0,2.763239325722899,0.4595504359018614,single_maturity_ea_slope
2024-03-01,FI,PEPP,23330.027000000002,231.42780575539882,2.7879910062929376,0.4826479613371066,single_maturity_ea_slope
2024-04-01,FI,PEPP,23135.336,85.04553477217974,2.8513693329472027,0.49135538515731264,single_maturity_ea_slope
2024-05-01,FI,PEPP,23270.464,416.5797761557184,2.9486053427158523,0.5353442217047225,single_maturity_ea_slope
2024-06-01,FI,PEPP,23594.949,614.7851996007989,2.985952143226525,0.5991967640508017,single_maturity_ea_slope
2024-07-01,FI,PEPP,23914.1,621.1856774193528,2.9177493517573185,0.6594228089292151,single_maturity_ea_slope
2024-08-01,FI,PEPP,23419.816,0.0,2.5635299963712574,0.6594228089292151,single_maturity_ea_slope
2024-09-01,FI,PEPP,22984.206000000002,0.0,2.443805657645314,0.6594228089292151,single_maturity_ea_slope
2024-10-01,FI,PEPP,22982.428,290.1961615853638,2.442273858594377,0.6819346397632446,single_maturity_ea_slope
2024-11-01,FI,PEPP,22080.093,0.0,2.526968268047976,0.6819346397632446,single_maturity_ea_slope
2024-12-01,FI,PEPP,22146.768,342.9524399399392,2.355237329372833,0.7078464676272324,single_maturity_ea_slope
2025-01-01,FI,PEPP,22146.768,280.9077625570776,2.6185749976555193,0.7320819893170889,single_maturity_ea_slope
2025-02-01,FI,PEPP,20739.481,0.0,2.509343955224269,0.7320819893170889,single_maturity_ea_slope
2025-03-01,FI,PEPP,20739.481,251.2049539728682,2.6803233694066666,0.7556798742503444,single_maturity_ea_slope
2025-04-01,FI,PEPP,20529.677,41.76660892770491,2.412180117026194,0.7590499417788626,single_maturity_ea_slope
2025-05-01,FI,PEPP,19986.498,0.0,2.432717904728703,0.7590499417788626,single_maturity_ea_slope
2025-06-01,FI,PEPP,19986.498,241.38282608695647,2.4109926237894057,0.7790009403538692,single_maturity_ea_slope
2025-07-01,FI,PEPP,19051.27,0.0,2.5490689196057925,0.7790009403538692,single_maturity_ea_slope
2025-08-01,FI,PEPP,18561.431,0.0,2.6024985071493454,0.7790009403538692,single_maturity_ea_slope
2025-09-01,FI,PEPP,17825.339,0.0,2.627788722254977,0.7790009403538692,single_maturity_ea_slope
2025-10-01,FI,PEPP,17825.339,199.3885794183445,2.571926519452173,0.7990560363169376,single_maturity_ea_slope
2025-11-01,FI,PEPP,17825.339,201.55290592492085,2.5919801535350375,0.8193288101434651,single_maturity_ea_slope
2025-12-01,FI,PEPP,17825.339,204.04463141025641,2.7150043546366667,0.8410283928414185,single_maturity_ea_slope
2026-01-01,FI,PEPP,17825.339,206.31179398148146,2.7878248779285713,0.8635607595669643,single_maturity_ea_slope
2026-02-01,FI,PEPP,17825.339,208.62990402621725,2.6868935374028498,0.8849012649255305,single_maturity_ea_slope
2026-03-01,FI,PEPP,17825.339,211.0006983901515,2.9423778065652733,0.909255864140016,single_maturity_ea_slope
2026-04-01,FI,PEPP,16677.64,0.0,3.0331031616243127,0.909255864140016,single_maturity_ea_slope
2026-05-01,FI,PEPP,16677.64,188.06540369869194,3.0676753865163184,0.933595281397304,single_maturity_ea_slope
2026-06-01,FI,PEPP,16677.64,190.3840182648402,2.9954835832739204,0.9571328190899593,single_maturity_ea_slope
2026-07-01,FI,PEPP,16677.64,192.49353647276084,3.1118300527011096,0.9820023624141877,single_maturity_ea_slope
2026-08-01,FI,PEPP,16677.64,194.9233286582515,3.200406683330494,1.0079304166558463,single_maturity_ea_slope
2015-03-01,FI,PSPP,688.0,688.0,0.040726758691486675,0.040726758691486675,single_maturity_ea_slope
2015-04-01,FI,PSPP,1386.6666666666665,706.6965452847804,-0.03549219194758374,0.0018827665507206127,single_maturity_ea_slope
2015-05-01,FI,PSPP,2134.222222222222,763.7171717171718,0.2104570642574104,0.0765196863048354,single_maturity_ea_slope
2015-06-01,FI,PSPP,2877.333333333333,767.7102607448386,0.35873502058577866,0.1518184378804893,single_maturity_ea_slope
2015-07-01,FI,PSPP,3632.8888888888887,788.6740331491714,0.2796862180015103,0.17957761272514594,single_maturity_ea_slope
2015-08-01,FI,PSPP,4243.555555555556,651.9119991926534,0.22205488979862154,0.1861031421437432,single_maturity_ea_slope
2015-09-01,FI,PSPP,4976.888888888889,781.1857865985062,0.2953243400570277,0.20324679339053017,single_maturity_ea_slope
2015-10-01,FI,PSPP,5727.11111111111,805.5209876543205,0.24668782382604504,0.2093567956346369,single_maturity_ea_slope
2015-11-01,FI,PSPP,6535.11111111111,870.8800078075441,0.19731901476100955,0.20775262050693544,single_maturity_ea_slope
2015-12-01,FI,PSPP,7187.555555555555,724.1957741667885,0.23995081020129783,0.21099681009715776,single_maturity_ea_slope
2016-01-01,FI,PSPP,7956.444444444444,847.803640267409,0.17111646692594795,0.20674733656010902,single_maturity_ea_slope
2016-02-01,FI,PSPP,8737.777777777777,867.3303549983184,0.018864666515047035,0.18809770423338038,single_maturity_ea_slope
2016-03-01,FI,PSPP,9512.0,869.2807272023986,0.01725473628320029,0.1724847417210645,single_maturity_ea_slope
2016-04-01,FI,PSPP,10688.888888888889,1281.3245498462888,-0.028856240813612044,0.14834910456610936,single_maturity_ea_slope
2016-05-01,FI,PSPP,11903.111111111111,1331.8894270756891,-0.027923966182846982,0.12862516541968358,single_maturity_ea_slope
2016-06-01,FI,PSPP,12991.11111111111,1219.9050433412117,-0.0842044708231095,0.10863981201884941,single_maturity_ea_slope
2016-07-01,FI,PSPP,14055.11111111111,1207.7705966258422,-0.26252444154134935,0.07674527426494984,single_maturity_ea_slope
2016-08-01,FI,PSPP,14829.333333333332,929.1506956692145,-0.30262329643825225,0.05297545511929827,single_maturity_ea_slope
2016-09-01,FI,PSPP,15900.444444444443,1233.713450292398,-0.31994526056849276,0.02404058449702177,single_maturity_ea_slope
2016-10-01,FI,PSPP,17018.666666666664,1291.6563893736654,-0.25179137115015227,0.0031059181754274903,single_maturity_ea_slope
2016-11-01,FI,PSPP,18090.666666666664,1262.621266427718,-0.124967533960124,-0.005832849384151653,single_maturity_ea_slope
2016-12-01,FI,PSPP,18925.333333333332,1039.7762660619815,-0.20061199339393426,-0.016534205471155358,single_maturity_ea_slope
2017-01-01,FI,PSPP,19616.0,904.3673592291491,-0.16692418049457236,-0.023467718142773698,single_maturity_ea_slope
2017-02-01,FI,PSPP,20261.333333333332,869.8754578754567,-0.2020171231424006,-0.031133341271924835,single_maturity_ea_slope
2017-03-01,FI,PSPP,20910.222222222223,881.7777777777794,-0.19436563429779286,-0.03801679794092931,single_maturity_ea_slope
2017-04-01,FI,PSPP,21509.333333333332,835.5451027689818,-0.2670493252357883,-0.04691372671089068,single_maturity_ea_slope
2017-05-01,FI,PSPP,22074.666666666664,809.2033257747531,-0.17151851648372152,-0.05148143374874578,single_maturity_ea_slope
2017-06-01,FI,PSPP,22646.222222222223,823.5494672754975,-0.07842415342192322,-0.05246122906365818,single_maturity_ea_slope
2017-07-01,FI,PSPP,23227.555555555555,840.91864078659,0.0766833498002506,-0.04778574422998959,single_maturity_ea_slope
2017-08-01,FI,PSPP,23696.888888888887,737.4260798194305,-0.02450984976254822,-0.047061419121664325,single_maturity_ea_slope
2017-09-01,FI,PSPP,23876.44444444444,442.85432098765347,-0.07235343559371366,-0.04753052911864061,single_maturity_ea_slope
2017-10-01,FI,PSPP,24811.555555555555,1201.4703753284764,-0.06074061599543834,-0.048170212027777444,single_maturity_ea_slope
2017-11-01,FI,PSPP,25359.11111111111,828.4834943639282,-0.14088547609153312,-0.05119922458329872,single_maturity_ea_slope
2017-12-01,FI,PSPP,25922.666666666664,853.0431253170971,-0.10916070227665242,-0.05310657619628358,single_maturity_ea_slope
2018-01-01,FI,PSPP,26171.555555555555,547.6748117412034,0.05734335895014053,-0.05079526354580931,single_maturity_ea_slope
2018-02-01,FI,PSPP,26434.666666666664,566.8663984318564,0.1958336248498741,-0.045506540541391624,single_maturity_ea_slope
2018-03-01,FI,PSPP,26683.555555555555,558.2833957553075,0.10168578022975938,-0.04242692738795961,single_maturity_ea_slope
2018-04-01,FI,PSPP,27165.333333333332,796.2939913038919,0.08039328381195276,-0.03882671402083122,single_maturity_ea_slope
2018-05-01,FI,PSPP,27597.333333333332,753.5593434343434,0.07227556952525149,-0.03579300917580843,single_maturity_ea_slope
2018-06-01,FI,PSPP,28076.44444444444,805.7840909090893,0.005807420142821318,-0.034599091470656394,single_maturity_ea_slope
2018-07-01,FI,PSPP,28569.777777777777,825.6776094276117,-0.048793659023973146,-0.03500931995389639,single_maturity_ea_slope
2018-08-01,FI,PSPP,29004.44444444444,773.3316474369082,-0.016609819555490346,-0.03451874286381043,single_maturity_ea_slope
2018-09-01,FI,PSPP,28688.888888888887,14.640760979559559,0.123132820318406,-0.03443828875966076,single_maturity_ea_slope
2018-10-01,FI,PSPP,29034.666666666664,674.6279484436288,0.17452708166933772,-0.029582924626614812,single_maturity_ea_slope
2018-11-01,FI,PSPP,29336.0,637.3827160493851,0.10228606727777267,-0.026717809538575787,single_maturity_ea_slope
2018-12-01,FI,PSPP,29451.555555555555,458.4260557893088,0.03935844669909028,-0.025689304355845526,single_maturity_ea_slope
2019-01-01,FI,PSPP,29647.11111111111,543.6826897819798,-0.036022817350005454,-0.025878805185066498,single_maturity_ea_slope
2019-02-01,FI,PSPP,29760.888888888887,466.7195767195763,-0.0930145431192525,-0.02693164884536113,single_maturity_ea_slope
2019-03-01,FI,PSPP,29887.11111111111,484.6144294583605,-0.09549072873017184,-0.02804332267890926,single_maturity_ea_slope
2019-04-01,FI,PSPP,30055.11111111111,530.004737295435,-0.10094342683707286,-0.02932887442451147,single_maturity_ea_slope
2019-05-01,FI,PSPP,30216.0,529.2113289760365,-0.19879394382093551,-0.03229693222800292,single_maturity_ea_slope
2019-06-01,FI,PSPP,30328.888888888887,486.4793933399255,-0.33746438854702543,-0.03719185863170492,single_maturity_ea_slope
2019-07-01,FI,PSPP,29236.44444444444,0.0,-0.43835059713463354,-0.03719185863170492,single_maturity_ea_slope
2019-08-01,FI,PSPP,29340.44444444444,454.5568878230748,-0.608172742376946,-0.0460377809902822,single_maturity_ea_slope
2019-09-01,FI,PSPP,29401.777777777777,415.6865271068193,-0.5497370899451557,-0.053159153651081266,single_maturity_ea_slope
2019-10-01,FI,PSPP,29747.555555555555,705.0370370370366,-0.46792010627422,-0.06298926666893778,single_maturity_ea_slope
2019-11-01,FI,PSPP,29943.11111111111,563.9007209289518,-0.36241170745917506,-0.0686281105952547,single_maturity_ea_slope
2019-12-01,FI,PSPP,30119.11111111111,551.7920571173584,-0.34449160162644965,-0.07368202080655321,single_maturity_ea_slope
2020-01-01,FI,PSPP,30634.666666666664,897.5838547832451,-0.353894288176463,-0.08189213158856827,single_maturity_ea_slope
2020-02-01,FI,PSPP,30811.555555555555,569.0377197473988,-0.4842657258071716,-0.08932329656587286,single_maturity_ea_slope
2020-03-01,FI,PSPP,31109.333333333332,695.2436647173486,-0.3640407245648156,-0.09546279011776648,single_maturity_ea_slope
2020-04-01,FI,PSPP,29947.555555555555,0.0,-0.2110467942259148,-0.09546279011776648,single_maturity_ea_slope
2020-05-01,FI,PSPP,30290.666666666664,704.2731414482483,-0.37622596931102426,-0.1019906743795886,single_maturity_ea_slope
2020-06-01,FI,PSPP,30621.333333333332,700.2453229217516,-0.4336423091767955,-0.10957484792219822,single_maturity_ea_slope
2020-07-01,FI,PSPP,31283.555555555555,1033.6600355814335,-0.4362724798107841,-0.12036947403822984,single_maturity_ea_slope
2020-08-01,FI,PSPP,31479.11111111111,578.9324618736375,-0.4756547056544177,-0.1269035261936703,single_maturity_ea_slope
2020-09-01,FI,PSPP,30372.44444444444,0.0,-0.5180667694942704,-0.1269035261936703,single_maturity_ea_slope
2020-10-01,FI,PSPP,30952.888888888887,934.4356384356392,-0.5848279749712855,-0.14072779074567474,single_maturity_ea_slope
2020-11-01,FI,PSPP,31505.777777777777,916.1857068335958,-0.5970634374537293,-0.15399799787979218,single_maturity_ea_slope
2020-12-01,FI,PSPP,31904.888888888887,772.0488215488199,-0.5938654079802508,-0.16464210689983827,single_maturity_ea_slope
2021-01-01,FI,PSPP,32315.555555555555,790.4867724867737,-0.5654501110637219,-0.1744464695404151,single_maturity_ea_slope
2021-02-01,FI,PSPP,32682.666666666664,754.5877964295214,-0.47958624850303433,-0.18149163374806015,single_maturity_ea_slope
2021-03-01,FI,PSPP,33095.11111111111,806.5914134105169,-0.44305966706533617,-0.18786654903352534,single_maturity_ea_slope
2021-04-01,FI,PSPP,32279.11111111111,0.0,-0.4039694675651444,-0.18786654903352534,single_maturity_ea_slope
2021-05-01,FI,PSPP,32786.666666666664,876.0385591070515,-0.31709032616854377,-0.191319324903505,single_maturity_ea_slope
2021-06-01,FI,PSPP,33495.11111111111,1080.6818044202248,-0.3535362955291462,-0.1965530716417013,single_maturity_ea_slope
2021-07-01,FI,PSPP,34263.11111111111,1146.2194118237478,-0.37718109386564047,-0.20259570287623824,single_maturity_ea_slope
2021-08-01,FI,PSPP,34707.555555555555,832.9150919627118,-0.4691727916864573,-0.2089930442299417,single_maturity_ea_slope
2021-09-01,FI,PSPP,35504.88888888889,1193.5383054287188,-0.3687373154123788,-0.21436303446778465,single_maturity_ea_slope
2021-10-01,FI,PSPP,35716.444444444445,613.5583735909815,-0.2399924198833342,-0.214803311328382,single_maturity_ea_slope
2021-11-01,FI,PSPP,36099.555555555555,786.4133293184768,-0.28214414718122793,-0.21627030254495325,single_maturity_ea_slope
2021-12-01,FI,PSPP,36592.0,901.7364575459821,-0.29747649929112674,-0.21827146641095338,single_maturity_ea_slope
2022-01-01,FI,PSPP,37355.555555555555,1174.5169212339015,-0.08609687078747164,-0.21411569100329947,single_maturity_ea_slope
2022-02-01,FI,PSPP,37704.88888888888,770.0040040039992,0.286745607657689,-0.2038871711273729,single_maturity_ea_slope
2022-03-01,FI,PSPP,38246.22222222222,961.9590460607888,0.4707924872070323,-0.18691780362338747,single_maturity_ea_slope
2022-04-01,FI,PSPP,37776.0,0.0,1.0179169900815541,-0.18691780362338747,single_maturity_ea_slope
2022-05-01,FI,PSPP,38369.777777777774,988.7589572006093,1.2402907310182294,-0.1501397636098916,single_maturity_ea_slope
2022-06-01,FI,PSPP,38768.0,798.9091246635146,1.876342478016135,-0.10837915811557654,single_maturity_ea_slope
2022-07-01,FI,PSPP,39213.33333333333,848.1596009975015,1.4238476667362618,-0.0752380608934411,single_maturity_ea_slope
2022-08-01,FI,PSPP,39410.666666666664,608.3745632424901,1.3830546082600517,-0.05272668920872001,single_maturity_ea_slope
2022-09-01,FI,PSPP,38467.555555555555,0.0,2.4046561569385094,-0.05272668920872001,single_maturity_ea_slope
2022-10-01,FI,PSPP,38952.0,877.7732333560562,2.682500364422252,0.008910944156155145,single_maturity_ea_slope
2022-11-01,FI,PSPP,39199.11111111111,648.3472050542491,2.5835880229051305,0.05149570285623121,single_maturity_ea_slope
2022-12-01,FI,PSPP,39434.666666666664,642.8613651057533,2.658934862070265,0.09400200604097217,single_maturity_ea_slope
2023-01-01,FI,PSPP,39743.11111111111,720.7684371950377,2.7504707135821844,0.1421788785922683,single_maturity_ea_slope
2023-02-01,FI,PSPP,39988.444444444445,664.0344617689775,2.9422351462845016,0.1886756574110348,single_maturity_ea_slope
2023-03-01,FI,PSPP,40247.11111111111,684.8009851283484,2.961799229209013,0.23586010621798598,single_maturity_ea_slope
2023-04-01,FI,PSPP,39063.11111111111,0.0,2.8951829247061727,0.23586010621798598,single_maturity_ea_slope
2023-05-01,FI,PSPP,39264.88888888888,611.7600522436753,2.8845799665901284,0.27712804421586107,single_maturity_ea_slope
2023-06-01,FI,PSPP,39210.666666666664,360.4893207529488,2.9849262944518125,0.3020226056948017,single_maturity_ea_slope
2023-07-01,FI,PSPP,39210.666666666664,418.9173789173789,3.091331428901071,0.33182291363503963,single_maturity_ea_slope
2023-08-01,FI,PSPP,39210.666666666664,423.258491652274,3.079320947118065,0.3614807076061431,single_maturity_ea_slope
2023-09-01,FI,PSPP,37552.0,0.0,3.1771712677285713,0.3614807076061431,single_maturity_ea_slope
2023-10-01,FI,PSPP,37552.0,395.6173619890434,3.34787706734671,0.392942953283983,single_maturity_ea_slope
2023-11-01,FI,PSPP,37552.0,399.65942954448695,3.0962404325032047,0.4217136799678827,single_maturity_ea_slope
2023-12-01,FI,PSPP,37552.0,403.78494623655916,2.554252341146382,0.4446442032063612,single_maturity_ea_slope
2024-01-01,FI,PSPP,37552.0,408.5291557876414,2.6251317798470453,0.4683657825866993,single_maturity_ea_slope
2024-02-01,FI,PSPP,37552.0,412.8408091468777,2.766041961622774,0.49362607479246084,single_maturity_ea_slope
2024-03-01,FI,PSPP,37368.88888888888,231.91983495431202,2.782771979759525,0.5078330356160714,single_maturity_ea_slope
2024-04-01,FI,PSPP,36067.555555555555,0.0,2.849489047715774,0.5078330356160714,single_maturity_ea_slope
2024-05-01,FI,PSPP,36067.555555555555,392.3798472101344,2.941132105000932,0.5343049576067683,single_maturity_ea_slope
2024-06-01,FI,PSPP,36067.555555555555,396.52105931789305,2.9789633651169622,0.5611811494219638,single_maturity_ea_slope
2024-07-01,FI,PSPP,36067.555555555555,401.2856648370667,2.9002885893647226,0.587205931797829,single_maturity_ea_slope
2024-08-01,FI,PSPP,36067.555555555555,405.6180336882091,2.5758897822870512,0.6095707974128675,single_maturity_ea_slope
2024-09-01,FI,PSPP,34907.555555555555,0.0,2.4785545195396375,0.6095707974128675,single_maturity_ea_slope
2024-10-01,FI,PSPP,34907.555555555555,387.86172839506173,2.480048292245924,0.6303538806887904,single_maturity_ea_slope
2024-11-01,FI,PSPP,34687.11111111111,168.974961574693,2.5613396573032436,0.63976049418161,single_maturity_ea_slope
2024-12-01,FI,PSPP,34687.11111111111,391.14920062146047,2.3899015514322497,0.6594959594189875,single_maturity_ea_slope
2025-01-01,FI,PSPP,34687.11111111111,395.97158802638256,2.655458130935796,0.6822809157148415,single_maturity_ea_slope
2025-02-01,FI,PSPP,34687.11111111111,399.8053378412991,2.5238229607293565,0.703506619322662,single_maturity_ea_slope
2025-03-01,FI,PSPP,34687.11111111111,404.8449009233323,2.7007615960188094,0.7268172516370428,single_maturity_ea_slope
2025-04-01,FI,PSPP,34595.555555555555,316.7202343586532,2.432198449686525,0.7424299141320764,single_maturity_ea_slope
2025-05-01,FI,PSPP,34595.555555555555,412.44105335664705,2.432717904728703,0.7625811777300332,single_maturity_ea_slope
2025-06-01,FI,PSPP,34595.555555555555,417.2160583159136,2.41184338546487,0.7824709776303569,single_maturity_ea_slope
2025-07-01,FI,PSPP,32960.0,0.0,2.5508955459991296,0.7824709776303569,single_maturity_ea_slope
2025-08-01,FI,PSPP,32960.0,386.31036099390525,2.5854197906402563,0.8036025858466004,single_maturity_ea_slope
2025-09-01,FI,PSPP,31608.888888888887,0.0,2.6130984568801816,0.8036025858466004,single_maturity_ea_slope
2025-10-01,FI,PSPP,31608.888888888887,362.3210555810281,2.557485552782608,0.8237067005524233,single_maturity_ea_slope
2025-11-01,FI,PSPP,31608.888888888887,366.3524442383969,2.577624861930763,0.844034912900341,single_maturity_ea_slope
2025-12-01,FI,PSPP,31608.888888888887,370.4745533156222,2.7010675605968455,0.8658004151002532,single_maturity_ea_slope
2026-01-01,FI,PSPP,31608.888888888887,375.22422707607893,2.772716886021071,0.8884371253438527,single_maturity_ea_slope
2026-02-01,FI,PSPP,31608.888888888887,379.5495783968406,2.6719859887857624,0.9098534181325404,single_maturity_ea_slope
2026-03-01,FI,PSPP,31608.888888888887,383.97581254724105,2.9310810804704093,0.934406718209531,single_maturity_ea_slope
2026-04-01,FI,PSPP,29396.44444444444,0.0,3.025174364736125,0.934406718209531,single_maturity_ea_slope
2026-05-01,FI,PSPP,29396.44444444444,337.89016602809704,3.059910573757031,0.9588377970089276,single_maturity_ea_slope
2026-06-01,FI,PSPP,29396.44444444444,341.6602097215765,2.9888187361270964,0.982431252833174,single_maturity_ea_slope
2026-07-01,FI,PSPP,29396.44444444444,346.003347980749,3.104824195452479,1.0074123373743618,single_maturity_ea_slope
2026-08-01,FI,PSPP,29396.44444444444,349.95767195767195,3.1938392455386904,1.0334412291382227,single_maturity_ea_slope
2020-03-01,FR,PEPP,2176.272,2176.272,-0.15151665059185976,-0.15151665059185976,single_maturity_ea_slope
2020-04-01,FR,PEPP,14183.106,12028.449733015494,-0.12440753785941677,-0.12852587552405437,single_maturity_ea_slope
2020-05-01,FR,PEPP,20958.175,6919.382247863247,-0.237460185831981,-0.16449074999083854,single_maturity_ea_slope
2020-06-01,FR,PEPP,38934.644,18175.16235419037,-0.22242638468150375,-0.19153580443119514,single_maturity_ea_slope
2020-07-01,FR,PEPP,52824.38,14248.250217311232,-0.3071919688743806,-0.2227315888428816,single_maturity_ea_slope
2020-08-01,FR,PEPP,62629.161,10285.877357012752,-0.32236067556064607,-0.23909413547144195,single_maturity_ea_slope
2020-09-01,FR,PEPP,74886.693,12834.865711283186,-0.3705547716145481,-0.261625236039825,single_maturity_ea_slope
2020-10-01,FR,PEPP,87142.447,12972.235946039036,-0.459108835040498,-0.2910231234058946,single_maturity_ea_slope
2020-11-01,FR,PEPP,99399.09,13100.065831978316,-0.47426953265118316,-0.3151736465604519,single_maturity_ea_slope
2020-12-01,FR,PEPP,109204.76,10785.937159763313,-0.4853622673656693,-0.3319828384794842,single_maturity_ea_slope
2021-01-01,FR,PEPP,118765.066,10643.686555555567,-0.4608709667136565,-0.3435337505772957,single_maturity_ea_slope
2021-02-01,FR,PEPP,128570.736,10978.310857030014,-0.3534685883567774,-0.34438205977152253,single_maturity_ea_slope
2021-03-01,FR,PEPP,140667.359,13373.646599523234,-0.3161337467728475,-0.34169641217166247,single_maturity_ea_slope
2021-04-01,FR,PEPP,154910.028,15621.760754901956,-0.271346234995779,-0.3346020125960158,single_maturity_ea_slope
2021-05-01,FR,PEPP,168617.519,15224.432128084616,-0.07946681653282314,-0.31156592180909326,single_maturity_ea_slope
2021-06-01,FR,PEPP,181604.031,14649.406664694268,-0.12337015268157611,-0.29638478106379823,single_maturity_ea_slope
2021-07-01,FR,PEPP,196205.856,16405.599642431476,-0.24507522247223712,-0.2920945723348445,single_maturity_ea_slope
2021-08-01,FR,PEPP,207181.45,12929.057321385913,-0.3354132919148795,-0.2947978558987896,single_maturity_ea_slope
2021-09-01,FR,PEPP,219150.057,14028.883949085113,-0.2079323155211136,-0.2892371610862257,single_maturity_ea_slope
2021-10-01,FR,PEPP,230184.325,13231.92200120338,-0.06569542301885406,-0.2763870817329905,single_maturity_ea_slope
2021-11-01,FR,PEPP,241282.601,13440.403849002832,-0.13668265711585847,-0.2686049877130954,single_maturity_ea_slope
2021-12-01,FR,PEPP,249945.017,11123.478841697264,-0.1484392091408528,-0.26325716557409906,single_maturity_ea_slope
2022-01-01,FR,PEPP,258798.568,11434.561088806286,0.0810846316959723,-0.24804302684550308,single_maturity_ea_slope
2022-02-01,FR,PEPP,263579.61,7453.476613795939,0.49196423410686135,-0.22711717900185677,single_maturity_ea_slope
2022-03-01,FR,PEPP,268732.254,7898.264937500029,0.5664907747739722,-0.2037923797560291,single_maturity_ea_slope
2022-04-01,FR,PEPP,267567.664,1631.2095630461667,1.1241297943912114,-0.19569678510506247,single_maturity_ea_slope
2022-05-01,FR,PEPP,265792.331,991.0820537634568,1.335301232498861,-0.18998802498438513,single_maturity_ea_slope
2022-06-01,FR,PEPP,265690.985,2656.9803906184948,1.8768009244759776,-0.16931958675994485,single_maturity_ea_slope
2022-07-01,FR,PEPP,264713.974,1801.0210472605618,1.4121395791769855,-0.15855989319259453,single_maturity_ea_slope
2022-08-01,FR,PEPP,264800.207,2875.0443569321606,1.4457887706464962,-0.1411408223210894,single_maturity_ea_slope
2022-09-01,FR,PEPP,266465.304,4483.319722435088,2.2675521950982667,-0.10061419184356997,single_maturity_ea_slope
2022-10-01,FR,PEPP,265720.322,2098.2244020486373,2.5385907573103283,-0.07977406872222947,single_maturity_ea_slope
2022-11-01,FR,PEPP,266477.75,3610.9537946735536,2.463277074419667,-0.04531400526335852,single_maturity_ea_slope
2022-12-01,FR,PEPP,267212.064,3629.5524832681576,2.5685815428119123,-0.009809354255086009,single_maturity_ea_slope
2023-01-01,FR,PEPP,268338.427,4056.3198421052757,2.666538643310236,0.03064748082542573,single_maturity_ea_slope
2023-02-01,FR,PEPP,267614.781,2218.661313596484,2.870937080668458,0.05419491206608719,single_maturity_ea_slope
2023-03-01,FR,PEPP,263934.321,0.0,2.9034123020122897,0.05419491206608719,single_maturity_ea_slope
2023-04-01,FR,PEPP,264487.279,3443.171764783164,2.83828179482245,0.09043895896941626,single_maturity_ea_slope
2023-05-01,FR,PEPP,262214.995,616.3931406727975,2.8374375468412842,0.09689637414127582,single_maturity_ea_slope
2023-06-01,FR,PEPP,262947.531,3626.741242825629,2.9159692912528694,0.13577883854829614,single_maturity_ea_slope
2023-07-01,FR,PEPP,263741.408,3731.1818592493087,3.0638468535536068,0.1772025738012601,single_maturity_ea_slope
2023-08-01,FR,PEPP,264684.637,3921.3388464317895,3.0418498778078584,0.21964271268445176,single_maturity_ea_slope
2023-09-01,FR,PEPP,265206.48,3547.501859167803,3.17032032482475,0.25911208882817394,single_maturity_ea_slope
2023-10-01,FR,PEPP,264943.336,2781.0075151515434,3.324443652304011,0.291287686233868,single_maturity_ea_slope
2023-11-01,FR,PEPP,265474.958,3606.6375060352575,3.0824786183269546,0.32920769939832045,single_maturity_ea_slope
2023-12-01,FR,PEPP,265935.46,3580.8000488951943,2.526081030500829,0.35878842598299027,single_maturity_ea_slope
2024-01-01,FR,PEPP,268348.206,5574.128073228705,2.5589269515873867,0.40448969637107507,single_maturity_ea_slope
2024-02-01,FR,PEPP,266167.489,986.7547422096277,2.729485170977274,0.41310908230285426,single_maturity_ea_slope
2024-03-01,FR,PEPP,262270.113,0.0,2.7560449286025124,0.41310908230285426,single_maturity_ea_slope
2024-04-01,FR,PEPP,264517.505,5330.021442877285,2.877040283031703,0.4627572374737536,single_maturity_ea_slope
2024-05-01,FR,PEPP,261754.49300000002,307.06117780874,2.9715606903134772,0.465700285878732,single_maturity_ea_slope
2024-06-01,FR,PEPP,262978.646,4283.462174848051,3.081457754171743,0.5083063998900174,single_maturity_ea_slope
2024-07-01,FR,PEPP,263003.538,3115.849287259043,3.0386452223992877,0.538283770067598,single_maturity_ea_slope
2024-08-01,FR,PEPP,263391.142,3518.598499999992,2.7276438580176134,0.5675310676909204,single_maturity_ea_slope
2024-09-01,FR,PEPP,264014.331,3795.047646435466,2.634187246975548,0.5972380106416251,single_maturity_ea_slope
2024-10-01,FR,PEPP,264621.518,3819.0401751824584,2.6924342361084515,0.6274760601412447,single_maturity_ea_slope
2024-11-01,FR,PEPP,259458.206,0.0,2.811682141380297,0.6274760601412447,single_maturity_ea_slope
2024-12-01,FR,PEPP,259738.241,3431.8596598639488,2.7295420619128152,0.6552501587340328,single_maturity_ea_slope
2025-01-01,FR,PEPP,259547.106,3001.321256145517,3.0022025209114775,0.6823895790894425,single_maturity_ea_slope
2025-02-01,FR,PEPP,256826.766,469.7670058997087,2.8277631435090127,0.6863137250481771,single_maturity_ea_slope
2025-03-01,FR,PEPP,248251.472,0.0,2.9998259688791666,0.6863137250481771,single_maturity_ea_slope
2025-04-01,FR,PEPP,248189.242,2949.068786996593,2.731180117026194,0.7106115213650728,single_maturity_ea_slope
2025-05-01,FR,PEPP,241399.06,0.0,2.7416595974559526,0.7106115213650728,single_maturity_ea_slope
2025-06-01,FR,PEPP,241363.5,2871.461435452796,2.753694147140334,0.7349177357237364,single_maturity_ea_slope
2025-07-01,FR,PEPP,241303.937,2881.025450292403,2.8330162709190643,0.7599677840249334,single_maturity_ea_slope
2025-08-01,FR,PEPP,241303.937,2979.060950617284,2.8810601172546133,0.7861541091265344,single_maturity_ea_slope
2025-09-01,FR,PEPP,241231.039,2941.893816591689,2.9734732621236586,0.8128292033341036,single_maturity_ea_slope
2025-10-01,FR,PEPP,238666.274,449.11604697652683,2.93634899721739,0.8168251881857599,single_maturity_ea_slope
2025-11-01,FR,PEPP,233167.809,0.0,2.9483316653205502,0.8168251881857599,single_maturity_ea_slope
2025-12-01,FR,PEPP,232894.886,2631.509100149467,3.0616354812043456,0.8421895867590613,single_maturity_ea_slope
2026-01-01,FR,PEPP,232894.886,2940.5919949494955,3.0135657038976187,0.8696059518744471,single_maturity_ea_slope
2026-02-01,FR,PEPP,225634.423,0.0,2.896906637314068,0.8696059518744471,single_maturity_ea_slope
2026-03-01,FR,PEPP,223843.977,1003.4423481921781,3.239922333846341,0.8802315486323364,single_maturity_ea_slope
2026-04-01,FR,PEPP,220658.69,0.0,3.3367997324657503,0.8802315486323364,single_maturity_ea_slope
2026-05-01,FR,PEPP,213360.889,0.0,3.3837170597900377,0.8802315486323364,single_maturity_ea_slope
2026-06-01,FR,PEPP,213238.207,2469.1655340136044,3.3429256390846707,0.9087480112987286,single_maturity_ea_slope
2026-07-01,FR,PEPP,212937.725,2316.579941580767,3.514312062580316,0.9370943149783741,single_maturity_ea_slope
2026-08-01,FR,PEPP,212937.725,2648.4791666666665,3.656683619865298,0.970920052601346,single_maturity_ea_slope
2015-03-01,FR,PSPP,7784.0,7784.0,0.21880766509471494,0.21880766509471494,single_maturity_ea_slope
2015-04-01,FR,PSPP,15449.777777777777,7748.621541081311,0.1708623959643315,0.19476138103029353,single_maturity_ea_slope
2015-05-01,FR,PSPP,23880.888888888887,8595.9614928629,0.4425426149576762,0.28395060490733387,single_maturity_ea_slope
2015-06-01,FR,PSPP,32259.555555555555,8633.151842379466,0.6228104551493376,0.3746346980402098,single_maturity_ea_slope
2015-07-01,FR,PSPP,40672.88888888888,8752.76468387579,0.522389304017443,0.4064313402853788,single_maturity_ea_slope
2015-08-01,FR,PSPP,47861.33333333333,7619.666760908492,0.46728740058992524,0.4161198062684075,single_maturity_ea_slope
2015-09-01,FR,PSPP,56292.44444444444,8939.841269841269,0.4440553687524863,0.4205562718874813,single_maturity_ea_slope
2015-10-01,FR,PSPP,65136.88888888888,9444.321303400588,0.340150440161468,0.4088980775456701,single_maturity_ea_slope
2015-11-01,FR,PSPP,74222.22222222222,9781.240265906936,0.2915485904716042,0.3934333892921201,single_maturity_ea_slope
2015-12-01,FR,PSPP,81570.66666666666,8148.597767236829,0.32653826727622315,0.38675082233302804,single_maturity_ea_slope
2016-01-01,FR,PSPP,90432.0,9746.431712962973,0.2415238953934904,0.37109879289323155,single_maturity_ea_slope
2016-02-01,FR,PSPP,99311.11111111111,9860.36111111111,0.07596696932050484,0.3417958647188408,single_maturity_ea_slope
2016-03-01,FR,PSPP,108068.44444444444,9839.153715807306,-0.003691074053512766,0.31034080755705856,single_maturity_ea_slope
2016-04-01,FR,PSPP,121342.22222222222,14449.457112464948,0.027370182007102728,0.2766446064896063,single_maturity_ea_slope
2016-05-01,FR,PSPP,135029.3333333333,15005.475107441192,0.040546494509115794,0.2504076085367878,single_maturity_ea_slope
2016-06-01,FR,PSPP,147192.0,13633.574437182298,-0.014500464240751798,0.22587065048728036,single_maturity_ea_slope
2016-07-01,FR,PSPP,159253.3333333333,13654.320346320326,-0.20109136315069756,0.18926308951572804,single_maturity_ea_slope
2016-08-01,FR,PSPP,167936.88888888888,10409.317728651935,-0.20444110510405863,0.16485992187331777,single_maturity_ea_slope
2016-09-01,FR,PSPP,180033.77777777778,13904.994927744297,-0.21006392956212788,0.1359024989005287,single_maturity_ea_slope
2016-10-01,FR,PSPP,192620.44444444444,14512.573574858547,-0.08025954085632458,0.11961623440191457,single_maturity_ea_slope
2016-11-01,FR,PSPP,204602.66666666666,14058.768626323603,0.16497112773489353,0.12273268425971996,single_maturity_ea_slope
2016-12-01,FR,PSPP,214104.0,11721.414351851861,0.13179989514247725,0.1232290810377924,single_maturity_ea_slope
2017-01-01,FR,PSPP,226761.77777777775,14987.020597621095,0.22888594886005864,0.1302120993835218,single_maturity_ea_slope
2017-02-01,FR,PSPP,238813.3333333333,14521.727426773185,0.35873128478760097,0.1441078617176724,single_maturity_ea_slope
2017-03-01,FR,PSPP,250997.3333333333,14792.271443133828,0.3665202608309366,0.15721550926240868,single_maturity_ea_slope
2017-04-01,FR,PSPP,261044.44444444444,12781.286855482947,0.26785319585086076,0.16263256386521205,single_maturity_ea_slope
2017-05-01,FR,PSPP,270616.8888888889,12416.065843621393,0.1860565265278561,0.16370726937946148,single_maturity_ea_slope
2017-06-01,FR,PSPP,280216.0,12550.866007368639,0.06157220948103581,0.159132643193092,single_maturity_ea_slope
2017-07-01,FR,PSPP,289095.1111111111,11892.186379928327,0.21928139283690118,0.161606915893639,single_maturity_ea_slope
2017-08-01,FR,PSPP,297335.11111111107,11356.592400939044,0.09987574449588699,0.15924911916597706,single_maturity_ea_slope
2017-09-01,FR,PSPP,307157.3333333333,13027.646016003091,0.07711271727747837,0.15576541927439644,single_maturity_ea_slope
2017-10-01,FR,PSPP,316480.0,12608.474682641583,0.19079249518202934,0.15716088818171559,single_maturity_ea_slope
2017-11-01,FR,PSPP,325759.11111111107,12664.648124375935,0.1133716585092388,0.1554584793571463,single_maturity_ea_slope
2017-12-01,FR,PSPP,333958.2222222222,11697.383352424602,0.10503310205174465,0.15369225553098326,single_maturity_ea_slope
2018-01-01,FR,PSPP,337494.2222222222,7150.266474266474,0.28896227491885573,0.15655813180653508,single_maturity_ea_slope
2018-02-01,FR,PSPP,341248.8888888889,7421.487855521773,0.4018550027451072,0.16189285320180632,single_maturity_ea_slope
2018-03-01,FR,PSPP,344795.55555555556,7283.513894972521,0.27162223529499163,0.1642107934022672,single_maturity_ea_slope
2018-04-01,FR,PSPP,348853.3333333333,7838.4307992202475,0.23279786534264812,0.16575188521867282,single_maturity_ea_slope
2018-05-01,FR,PSPP,352552.0,7513.7731116943905,0.23011931387503926,0.16712371761419778,single_maturity_ea_slope
2018-06-01,FR,PSPP,356589.3333333333,7913.234828496023,0.18820217025921837,0.1675914790697696,single_maturity_ea_slope
2018-07-01,FR,PSPP,360707.55555555556,8059.30680813442,0.1421806513200563,0.1670237236847509,single_maturity_ea_slope
2018-08-01,FR,PSPP,364370.6666666666,7687.068669740645,0.17291627795743303,0.1671480379434937,single_maturity_ea_slope
2018-09-01,FR,PSPP,368120.8888888889,7847.958014694882,0.24066340991828472,0.1687153099188338,single_maturity_ea_slope
2018-10-01,FR,PSPP,369897.77777777775,5922.3943943943805,0.2818237295501216,0.1705262769227653,single_maturity_ea_slope
2018-11-01,FR,PSPP,371374.2222222222,5653.248619893599,0.21969426729714725,0.17127473725494363,single_maturity_ea_slope
2018-12-01,FR,PSPP,373561.77777777775,6421.18781983078,0.2027162101766351,0.17181518763014877,single_maturity_ea_slope
2019-01-01,FR,PSPP,375777.77777777775,6521.691306797807,0.14493669587222857,0.17134870654370962,single_maturity_ea_slope
2019-02-01,FR,PSPP,375117.3333333333,3688.8353909465077,0.0883181180862983,0.17053219889126095,single_maturity_ea_slope
2019-03-01,FR,PSPP,376401.77777777775,5674.862671660418,0.0071543427214845745,0.1680690147298377,single_maturity_ea_slope
2019-04-01,FR,PSPP,375751.11111111107,3760.9809866124715,-0.057384398828039584,0.16581239864359193,single_maturity_ea_slope
2019-05-01,FR,PSPP,371684.44444444444,306.60045520384574,-0.12238386311132576,0.16557466713138355,single_maturity_ea_slope
2019-06-01,FR,PSPP,372460.44444444444,5150.816907302783,-0.28828833133230347,0.1592981208807532,single_maturity_ea_slope
2019-07-01,FR,PSPP,373689.77777777775,5631.939059626984,-0.4182461455454084,0.15059385786319912,single_maturity_ea_slope
2019-08-01,FR,PSPP,374035.55555555556,4807.212565000563,-0.5960418869496462,0.14099788047379888,single_maturity_ea_slope
2019-09-01,FR,PSPP,375022.2222222222,5490.948405052413,-0.5210179406154261,0.13130486896266944,single_maturity_ea_slope
2019-10-01,FR,PSPP,373112.0,2567.1204499628884,-0.41580480877440806,0.1275405932436053,single_maturity_ea_slope
2019-11-01,FR,PSPP,373246.2222222222,4569.6953558408295,-0.2905893215102962,0.12242138180668036,single_maturity_ea_slope
2019-12-01,FR,PSPP,377920.8888888889,9150.041033839614,-0.2553536254179841,0.11327487279039515,single_maturity_ea_slope
2020-01-01,FR,PSPP,384527.11111111107,11170.484165324713,-0.2845752917687203,0.10171735490683749,single_maturity_ea_slope
2020-02-01,FR,PSPP,386173.3333333333,6297.009729613529,-0.42063946161598786,0.09319971354723856,single_maturity_ea_slope
2020-03-01,FR,PSPP,394060.44444444444,12557.809385582983,-0.28193104331418545,0.08124515021628394,single_maturity_ea_slope
2020-04-01,FR,PSPP,401460.44444444444,12097.907063000053,-0.17729131174187968,0.07345422054326221,single_maturity_ea_slope
2020-05-01,FR,PSPP,406312.8888888889,9577.732161540065,-0.28061645119271383,0.06510795796365915,single_maturity_ea_slope
2020-06-01,FR,PSPP,416784.8888888889,15240.930620761606,-0.2864186869248931,0.05225338154084691,single_maturity_ea_slope
2020-07-01,FR,PSPP,420975.11111111107,9075.183414075083,-0.3695571942031066,0.04316018757322864,single_maturity_ea_slope
2020-08-01,FR,PSPP,423627.5555555555,7621.4613366907915,-0.3875455789206387,0.035411382511391025,single_maturity_ea_slope
2020-09-01,FR,PSPP,430562.6666666666,11949.641835016846,-0.43420396720783394,0.022377890144726048,single_maturity_ea_slope
2020-10-01,FR,PSPP,431536.0,5991.546231546269,-0.5038279749712855,0.015071925478618506,single_maturity_ea_slope
2020-11-01,FR,PSPP,430672.8888888889,4097.072796934853,-0.5119117250561254,0.010058630156951869,single_maturity_ea_slope
2020-12-01,FR,PSPP,434254.2222222222,8552.165384220767,-0.5163330921571128,-0.00030808324672571143,single_maturity_ea_slope
2021-01-01,FR,PSPP,438341.3333333333,9120.192036264372,-0.49248579861621306,-0.010548402693685443,single_maturity_ea_slope
2021-02-01,FR,PSPP,437938.6666666666,4670.728395061708,-0.40183496324359524,-0.014721574391167808,single_maturity_ea_slope
2021-03-01,FR,PSPP,439820.44444444444,6978.829298572347,-0.3750789372861996,-0.02043952714642173,single_maturity_ea_slope
2021-04-01,FR,PSPP,439615.11111111107,4871.079922027251,-0.3397813086838359,-0.02397793904582106,single_maturity_ea_slope
2021-05-01,FR,PSPP,437154.6666666666,2571.7798127798187,-0.15532377260880356,-0.024750646256808208,single_maturity_ea_slope
2021-06-01,FR,PSPP,441690.6666666666,9595.66049382716,-0.19450319642883965,-0.02843849379885613,single_maturity_ea_slope
2021-07-01,FR,PSPP,445896.8888888889,9339.77250891061,-0.30076746316525915,-0.034142706330606024,single_maturity_ea_slope
2021-08-01,FR,PSPP,448410.6666666666,7747.3093375064955,-0.3874079631990989,-0.040246163332418136,single_maturity_ea_slope
2021-09-01,FR,PSPP,453924.44444444444,10821.669191919224,-0.2759311116824981,-0.04586494984143878,single_maturity_ea_slope
2021-10-01,FR,PSPP,451458.6666666666,2847.008322929639,-0.13621481909120292,-0.04643471812527507,single_maturity_ea_slope
2021-11-01,FR,PSPP,455413.3333333333,9291.057525610737,-0.19925808757823035,-0.04955252477018021,single_maturity_ea_slope
2021-12-01,FR,PSPP,458695.11111111107,8711.121284374476,-0.2017367730156373,-0.052442669905641226,single_maturity_ea_slope
2022-01-01,FR,PSPP,464637.3333333333,11482.018250134217,0.015957927225773383,-0.05075236900160358,single_maturity_ea_slope
2022-02-01,FR,PSPP,464832.8888888889,5839.838030450281,0.4265544758926844,-0.044755816839232423,single_maturity_ea_slope
2022-03-01,FR,PSPP,468394.6666666666,9266.648775432255,0.49412298617775097,-0.034094720640975684,single_maturity_ea_slope
2022-04-01,FR,PSPP,469404.44444444444,6666.718196457358,1.0721718745721063,-0.018382965612391042,single_maturity_ea_slope
2022-05-01,FR,PSPP,468149.3333333333,4373.23954169996,1.2735050475710734,-0.006314731524616785,single_maturity_ea_slope
2022-06-01,FR,PSPP,472274.6666666666,9804.000646935125,1.819764966607635,0.03159305351116118,single_maturity_ea_slope
2022-07-01,FR,PSPP,471242.6666666666,4721.8336582196225,1.3283368003373404,0.04458637670313943,single_maturity_ea_slope
2022-08-01,FR,PSPP,472662.2222222222,7220.179222058106,1.3812123986601632,0.06500408511660984,single_maturity_ea_slope
2022-09-01,FR,PSPP,477722.6666666666,10930.566429320521,2.225982623358603,0.1144485036312363,single_maturity_ea_slope
2022-10-01,FR,PSPP,472782.2222222222,914.0000000000064,2.4824181008896145,0.11902634964609106,single_maturity_ea_slope
2022-11-01,FR,PSPP,473104.8888888889,6150.849879465282,2.4350620790091697,0.14913719487588073,single_maturity_ea_slope
2022-12-01,FR,PSPP,474643.5555555555,7440.6737635839045,2.5590964397668565,0.18691653542497605,single_maturity_ea_slope
2023-01-01,FR,PSPP,477353.77777777775,8694.129881772871,2.6697826981324235,0.23213742169957186,single_maturity_ea_slope
2023-02-01,FR,PSPP,476155.5555555555,4838.117911538219,2.8805965928886925,0.2590478664158107,single_maturity_ea_slope
2023-03-01,FR,PSPP,471858.6666666666,1687.9722920507356,2.9106861405135636,0.26853352865199914,single_maturity_ea_slope
2023-04-01,FR,PSPP,471950.2222222222,6076.571621850167,2.8437280677444825,0.3016903179068302,single_maturity_ea_slope
2023-05-01,FR,PSPP,462656.0,0.0,2.827807550836761,0.3016903179068302,single_maturity_ea_slope
2023-06-01,FR,PSPP,463608.8888888889,6803.369414938446,2.9354304847524015,0.3403399377209715,single_maturity_ea_slope
2023-07-01,FR,PSPP,459779.5555555555,2060.007226738895,3.0924491614239997,0.35267055316722085,single_maturity_ea_slope
2023-08-01,FR,PSPP,459779.5555555555,5921.941725342033,3.0609744582623333,0.3875533958397494,single_maturity_ea_slope
2023-09-01,FR,PSPP,459597.3333333333,5813.859618617084,3.198389501342369,0.42311018728109645,single_maturity_ea_slope
2023-10-01,FR,PSPP,449437.3333333333,0.0,3.333721256433185,0.42311018728109645,single_maturity_ea_slope
2023-11-01,FR,PSPP,448335.11111111107,4740.696827873088,3.1054344613719964,0.4514730923098714,single_maturity_ea_slope
2023-12-01,FR,PSPP,448157.3333333333,5724.474869814547,2.566999102562965,0.47849546722463243,single_maturity_ea_slope
2024-01-01,FR,PSPP,447134.2222222222,4942.774582889585,2.6011167588440003,0.5019596487788285,single_maturity_ea_slope
2024-02-01,FR,PSPP,443663.11111111107,2500.232668565989,2.7756852801693337,0.5147730717580823,single_maturity_ea_slope
2024-03-01,FR,PSPP,436294.2222222222,0.0,2.809534739127312,0.5147730717580823,single_maturity_ea_slope
2024-04-01,FR,PSPP,435875.5555555555,5445.502986857805,2.9291319975400003,0.5449362652983462,single_maturity_ea_slope
2024-05-01,FR,PSPP,425605.3333333333,0.0,3.0166006462498633,0.5449362652983462,single_maturity_ea_slope
2024-06-01,FR,PSPP,425348.44444444444,5454.4011451064725,3.1291870975253913,0.5780750739213611,single_maturity_ea_slope
2024-07-01,FR,PSPP,419871.11111111107,239.71565113496672,3.083773977797101,0.5795056444664535,single_maturity_ea_slope
2024-08-01,FR,PSPP,419845.3333333333,5700.7785657998675,2.759240699831644,0.6091027029453261,single_maturity_ea_slope
2024-09-01,FR,PSPP,419663.11111111107,5619.952091394852,2.6517931685945997,0.6364575555653329,single_maturity_ea_slope
2024-10-01,FR,PSPP,419347.5555555555,5562.079053843752,2.69370533350366,0.6637441693124385,single_maturity_ea_slope
2024-11-01,FR,PSPP,407158.2222222222,0.0,2.793468532860888,0.6637441693124385,single_maturity_ea_slope
2024-12-01,FR,PSPP,407068.44444444444,5574.638224200854,2.7148001645057405,0.6918325542187791,single_maturity_ea_slope
2025-01-01,FR,PSPP,406844.44444444444,5515.825781788557,2.9767159853552694,0.7228100423225036,single_maturity_ea_slope
2025-02-01,FR,PSPP,402824.8888888889,1726.834902699302,2.7936610305290834,0.7316873929117091,single_maturity_ea_slope
2025-03-01,FR,PSPP,387943.11111111107,0.0,2.936086246582869,0.7316873929117091,single_maturity_ea_slope
2025-04-01,FR,PSPP,387584.8888888889,5038.8716997465235,2.6604538638211417,0.7567626914186942,single_maturity_ea_slope
2025-05-01,FR,PSPP,375692.44444444444,0.0,2.6670905985573694,0.7567626914186942,single_maturity_ea_slope
2025-06-01,FR,PSPP,375600.0,5082.382614018984,2.6868775233576794,0.7828797895680736,single_maturity_ea_slope
2025-07-01,FR,PSPP,375522.6666666666,5165.547738693428,2.759387722262423,0.8100678849575368,single_maturity_ea_slope
2025-08-01,FR,PSPP,375510.2222222222,5300.553103188085,2.8127263589041904,0.8383366163009458,single_maturity_ea_slope
2025-09-01,FR,PSPP,375417.77777777775,5302.817369093237,2.910640400363636,0.8676081349946345,single_maturity_ea_slope
2025-10-01,FR,PSPP,367878.2222222222,0.0,2.882421521874724,0.8676081349946345,single_maturity_ea_slope
2025-11-01,FR,PSPP,357744.0,0.0,2.89310252284005,0.8676081349946345,single_maturity_ea_slope
2025-12-01,FR,PSPP,356576.8888888889,3877.2205301748318,2.9975714340722184,0.890768181786887,single_maturity_ea_slope
2026-01-01,FR,PSPP,356576.8888888889,5096.868051585032,2.950101300230119,0.9202040468303866,single_maturity_ea_slope
2026-02-01,FR,PSPP,343818.6666666666,0.0,2.839043426180162,0.9202040468303866,single_maturity_ea_slope
2026-03-01,FR,PSPP,341560.0,2540.588870277351,3.2016955373575837,0.9371742186551493,single_maturity_ea_slope
2026-04-01,FR,PSPP,333782.2222222222,0.0,3.3091070726043963,0.9371742186551493,single_maturity_ea_slope
2026-05-01,FR,PSPP,320843.55555555556,0.0,3.3552688982368126,0.9371742186551493,single_maturity_ea_slope
2026-06-01,FR,PSPP,320635.55555555556,4111.380123257344,3.318581435780936,0.9677100408003515,single_maturity_ea_slope
2026-07-01,FR,PSPP,320207.11111111107,3944.653694611089,3.4890083381341492,0.9987700900581059,single_maturity_ea_slope
2026-08-01,FR,PSPP,320207.11111111107,4425.195012591364,3.632637945562,1.0351695905487621,single_maturity_ea_slope
2020-03-01,GR,PEPP,267.589,267.589,1.72700348556244,1.72700348556244,single_maturity_ea_slope
2020-04-01,GR,PEPP,1978.914,1714.5105833333334,1.8130864295001379,1.8015848561655448,single_maturity_ea_slope
2020-05-01,GR,PEPP,4169.41,2211.1872797992473,1.7139863201325585,1.755128218750377,single_maturity_ea_slope
2020-06-01,GR,PEPP,6932.4220000000005,2802.675337138509,1.1364376572905073,1.505000806148554,single_maturity_ea_slope
2020-07-01,GR,PEPP,8841.994,1976.5907741686003,0.9689848110785304,1.3851766725128365,single_maturity_ea_slope
2020-08-01,GR,PEPP,10037.699,1282.9041518737672,0.9058070601561029,1.3239091184673755,single_maturity_ea_slope
2020-09-01,GR,PEPP,11526.774,1589.6128505608963,0.896531517971869,1.2649711254270384,single_maturity_ea_slope
2020-10-01,GR,PEPP,13014.071,1604.2963300852623,0.7265581072893779,1.198598809718266,single_maturity_ea_slope
2020-11-01,GR,PEPP,14496.923,1612.2679805091495,0.5893645083391575,1.1308431241330286,single_maturity_ea_slope
2020-12-01,GR,PEPP,15686.405,1331.4416846846846,0.48614850457537684,1.0761222820808827,single_maturity_ea_slope
2021-01-01,GR,PEPP,16846.55,1311.9685094850934,0.5046159049388532,1.0316147496911496,single_maturity_ea_slope
2021-02-01,GR,PEPP,18036.032,1350.1089069412662,0.6182329539545496,1.0006705572883328,single_maturity_ea_slope
2021-03-01,GR,PEPP,19501.104,1636.4520076016724,0.6820769624914401,0.9739355002467208,single_maturity_ea_slope
2021-04-01,GR,PEPP,21211.54,1888.0416830601107,0.6534059508614376,0.9454051271624521,single_maturity_ea_slope
2021-05-01,GR,PEPP,22829.52,1804.635579021471,0.759465301475452,0.9307068932533814,single_maturity_ea_slope
2021-06-01,GR,PEPP,24402.161,1772.6893701366978,0.5967509053111926,0.9064467373631462,single_maturity_ea_slope
2021-07-01,GR,PEPP,26133.044,1946.5259922234022,0.5126276626172505,0.8771130299991569,single_maturity_ea_slope
2021-08-01,GR,PEPP,27161.617000000002,1266.578865209472,0.4065204432045622,0.8551687317433392,single_maturity_ea_slope
2021-09-01,GR,PEPP,28611.576,1696.7930330788795,0.5921565269919415,0.8395709444478443,single_maturity_ea_slope
2021-10-01,GR,PEPP,29945.965,1599.6056852057834,0.7346013747367738,0.8339638477827866,single_maturity_ea_slope
2021-11-01,GR,PEPP,31056.326,1390.1252470104641,1.0233875746714498,0.8424427227511505,single_maturity_ea_slope
2021-12-01,GR,PEPP,31764.859,1004.9851382206944,1.1168545499861637,0.8511246378235005,single_maturity_ea_slope
2022-01-01,GR,PEPP,32781.875,1315.4457162720778,1.4356157116755957,0.874578643407318,single_maturity_ea_slope
2022-02-01,GR,PEPP,33442.402,967.1288986157894,2.3173726612968686,0.9163031519952768,single_maturity_ea_slope
2022-03-01,GR,PEPP,34229.167,1105.9937323405875,2.4401506802907007,0.965540862493386,single_maturity_ea_slope
2022-04-01,GR,PEPP,34026.475,122.55664120106155,2.7697045863394276,0.9720391038237434,single_maturity_ea_slope
2022-05-01,GR,PEPP,34382.964,685.4379075792745,3.386477686156123,1.0201718863800282,single_maturity_ea_slope
2022-06-01,GR,PEPP,34100.262,47.39558064516382,3.7787607284539284,1.0240060187961184,single_maturity_ea_slope
2022-07-01,GR,PEPP,35350.196,1588.230250000001,3.114029132186762,1.1179075612907117,single_maturity_ea_slope
2022-08-01,GR,PEPP,34318.956,0.0,3.2571403070938847,1.1179075612907117,single_maturity_ea_slope
2022-09-01,GR,PEPP,34560.764,578.268352941181,4.322419706763958,1.1715252405857304,single_maturity_ea_slope
2022-10-01,GR,PEPP,34677.223,459.7323810091332,4.67084832238361,1.2179174252285188,single_maturity_ea_slope
2022-11-01,GR,PEPP,35208.845,884.4630968660999,4.31540952244618,1.2957279144059797,single_maturity_ea_slope
2022-12-01,GR,PEPP,35060.382,210.6643459812288,4.1733719988952735,1.3130185705381832,single_maturity_ea_slope
2023-01-01,GR,PEPP,33566.862,0.0,4.266369736959405,1.3130185705381832,single_maturity_ea_slope
2023-02-01,GR,PEPP,33502.854,261.6309406286363,4.255501870861629,1.3359970509281724,single_maturity_ea_slope
2023-03-01,GR,PEPP,33535.747,357.5330581395386,4.269120792389353,1.367267823014636,single_maturity_ea_slope
2023-04-01,GR,PEPP,33369.504,157.58615218230756,4.16052363014293,1.380458862195387,single_maturity_ea_slope
2023-05-01,GR,PEPP,33912.683,872.6567251184799,3.8856483855398776,1.4449235489098804,single_maturity_ea_slope
2023-06-01,GR,PEPP,33493.075,0.0,3.6845537708734146,1.4449235489098804,single_maturity_ea_slope
2023-07-01,GR,PEPP,33760.664,597.5050263987391,3.8546838398696783,1.4875721143013836,single_maturity_ea_slope
2023-08-01,GR,PEPP,33927.796,499.68385185185684,3.8133462156167495,1.5218257911827984,single_maturity_ea_slope
2023-09-01,GR,PEPP,34010.473,416.87514814814415,4.011722582849357,1.552345098982475,single_maturity_ea_slope
2023-10-01,GR,PEPP,34543.873,868.0170110192851,4.188281240306573,1.6185807932437946,single_maturity_ea_slope
2023-11-01,GR,PEPP,34874.581,673.8136118394901,3.7794813801012044,1.6603316670179185,single_maturity_ea_slope
2023-12-01,GR,PEPP,34905.696,379.1647105788476,3.160226259915066,1.6766243402599768,single_maturity_ea_slope
2024-01-01,GR,PEPP,34990.151,435.33654402894507,3.129022613391023,1.694694626517915,single_maturity_ea_slope
2024-02-01,GR,PEPP,34950.146,311.7255086449564,3.335532964234899,1.7093295057378466,single_maturity_ea_slope
2024-03-01,GR,PEPP,34976.816,379.2743785310717,3.296402998227225,1.726539085722115,single_maturity_ea_slope
2024-04-01,GR,PEPP,34031.809,0.0,3.393749783876703,1.726539085722115,single_maturity_ea_slope
2024-05-01,GR,PEPP,34214.054000000004,517.8644181459592,3.479843391674034,1.7530771251556938,single_maturity_ea_slope
2024-06-01,GR,PEPP,34079.815,202.7788684003138,3.571129893187612,1.7638947508673817,single_maturity_ea_slope
2024-07-01,GR,PEPP,34143.823000000004,401.69938921918515,3.3941683333852226,1.7830747912031577,single_maturity_ea_slope
2024-08-01,GR,PEPP,34096.706,292.0151315057552,3.132380040296926,1.7946306743361362,single_maturity_ea_slope
2024-09-01,GR,PEPP,34015.807,256.1581965203662,2.9836119955901377,1.8035843737426747,single_maturity_ea_slope
2024-10-01,GR,PEPP,34029.142,350.39214427269036,2.935907970838386,1.815243712470549,single_maturity_ea_slope
2024-11-01,GR,PEPP,34120.709,430.77296092504264,2.9804249198908326,1.8299540914000914,single_maturity_ea_slope
2024-12-01,GR,PEPP,34056.701,278.56939959839195,2.8384433164561838,1.8382031064155306,single_maturity_ea_slope
2025-01-01,GR,PEPP,34056.701,345.26258110300074,3.1104488255942053,1.8511009746148277,single_maturity_ea_slope
2025-02-01,GR,PEPP,32792.543,0.0,3.0635473337734376,1.8511009746148277,single_maturity_ea_slope
2025-03-01,GR,PEPP,32734.758,266.38011466983374,3.286166643440595,1.8627788662742237,single_maturity_ea_slope
2025-04-01,GR,PEPP,32734.758,326.69419161676655,3.0522616995847187,1.8746499524350069,single_maturity_ea_slope
2025-05-01,GR,PEPP,32734.758,329.8544740024184,2.9712545738167027,1.8856999788495745,single_maturity_ea_slope
2025-06-01,GR,PEPP,32734.758,333.4836797066015,2.9108901182488336,1.8961440511743428,single_maturity_ea_slope
2025-07-01,GR,PEPP,32734.758,336.7773456790124,2.9480937336992925,1.9069665787723362,single_maturity_ea_slope
2025-08-01,GR,PEPP,32734.758,340.56136079900125,2.9443189741043634,1.9177588425606427,single_maturity_ea_slope
2025-09-01,GR,PEPP,32703.643,312.44879093198836,2.9632181858059545,1.9277471031273798,single_maturity_ea_slope
2025-10-01,GR,PEPP,32703.643,346.7307357930449,2.8918198324217386,1.937968400087668,single_maturity_ea_slope
2025-11-01,GR,PEPP,32703.643,350.74692192192197,2.8888808015445373,1.948166945791839,single_maturity_ea_slope
2025-12-01,GR,PEPP,32703.643,354.39578456870396,3.0236166226150596,1.9598211468844184,single_maturity_ea_slope
2026-01-01,GR,PEPP,32703.643,358.592576754386,2.9973981932785714,1.9711980881826001,single_maturity_ea_slope
2026-02-01,GR,PEPP,30751.399,0.0,2.99540046336065,1.9711980881826001,single_maturity_ea_slope
2026-03-01,GR,PEPP,30751.399,320.7279828952858,3.3889994165103867,1.9859853360792186,single_maturity_ea_slope
2026-04-01,GR,PEPP,30751.399,323.9717551622419,3.4569390895535625,2.0014821097146416,single_maturity_ea_slope
2026-05-01,GR,PEPP,30751.399,327.2818114091102,3.4430790837597938,2.0168247765307883,single_maturity_ea_slope
2026-06-01,GR,PEPP,30751.399,331.08741386735574,3.3480415274631707,2.0311574288879415,single_maturity_ea_slope
2026-07-01,GR,PEPP,29910.405,0.0,3.510358920569359,2.0311574288879415,single_maturity_ea_slope
2026-08-01,GR,PEPP,29910.405,318.738331202046,3.5832646223792977,2.047697360617389,single_maturity_ea_slope
2020-03-01,IE,PEPP,182.245,182.245,0.05949240482576702,0.05949240482576702,single_maturity_ea_slope
2020-04-01,IE,PEPP,1177.036,996.4417699275363,0.04738950274400805,0.04924646742741423,single_maturity_ea_slope
2020-05-01,IE,PEPP,2667.0,1502.3019035639413,-0.10959127023430155,-0.04022568692091181,single_maturity_ea_slope
2020-06-01,IE,PEPP,4156.964,1517.4361878862792,-0.12543207200125073,-0.0713289758019028,single_maturity_ea_slope
2020-07-01,IE,PEPP,5308.219,1192.9915863453816,-0.22860223639837268,-0.10667523349185365,single_maturity_ea_slope
2020-08-01,IE,PEPP,6120.765,865.905660233213,-0.30108317168006893,-0.13417815740274455,single_maturity_ea_slope
2020-09-01,IE,PEPP,7136.892,1077.2857230215823,-0.3159319900721982,-0.1616131822061542,single_maturity_ea_slope
2020-10-01,IE,PEPP,8153.908,1085.7721849710988,-0.38322880196091297,-0.19112345822163643,single_maturity_ea_slope
2020-11-01,IE,PEPP,9170.924,1093.7947947269308,-0.3986267928150169,-0.2158718987568235,single_maturity_ea_slope
2020-12-01,IE,PEPP,9983.47,898.3196999625873,-0.4240796824843164,-0.2346065825699623,single_maturity_ea_slope
2021-01-01,IE,PEPP,10776.458,885.6334157386798,-0.3775167497686295,-0.24635125967258187,single_maturity_ea_slope
2021-02-01,IE,PEPP,11587.226,909.5620777411075,-0.23321524668223578,-0.2453201225161362,single_maturity_ea_slope
2021-03-01,IE,PEPP,12590.018,1110.3200809205637,-0.1902592244940851,-0.2404642739583817,single_maturity_ea_slope
2021-04-01,IE,PEPP,13770.61,1296.6504255162247,-0.15047518828362993,-0.23199083768853,single_maturity_ea_slope
2021-05-01,IE,PEPP,14907.641,1261.9005139644532,-0.01032963756398847,-0.2132276824473261,single_maturity_ea_slope
2021-06-01,IE,PEPP,15985.998,1211.9380125448029,-0.04629968293343675,-0.20057245829623194,single_maturity_ea_slope
2021-07-01,IE,PEPP,17197.705,1357.938229418224,-0.17130767058783072,-0.19826169799390983,single_maturity_ea_slope
2021-08-01,IE,PEPP,18108.041,1069.751137189469,-0.2688300665635284,-0.20243059691163123,single_maturity_ea_slope
2021-09-01,IE,PEPP,19100.165,1162.8257439668173,-0.15718944519705613,-0.19967629735974693,single_maturity_ea_slope
2021-10-01,IE,PEPP,20014.057,1093.946345776772,-0.011887624768144034,-0.18941197503070317,single_maturity_ea_slope
2021-11-01,IE,PEPP,20934.172,1108.7844664404204,-0.0134036836066114,-0.1800896450385854,single_maturity_ea_slope
2021-12-01,IE,PEPP,21652.484,913.0122604166684,-0.06295694180095457,-0.1751505537938255,single_maturity_ea_slope
2022-01-01,IE,PEPP,22519.259000000002,1069.5136142322112,0.19758562717483144,-0.15744808764860732,single_maturity_ea_slope
2022-02-01,IE,PEPP,23075.773,767.3684850187258,0.6319320847827018,-0.13119780918459079,single_maturity_ea_slope
2022-03-01,IE,PEPP,22697.059,0.0,0.7869624015752148,-0.13119780918459079,single_maturity_ea_slope
2022-04-01,IE,PEPP,22785.07,295.63137138675313,1.2977196248425766,-0.11265791351519447,single_maturity_ea_slope
2022-05-01,IE,PEPP,22963.759000000002,389.8965454208401,1.4945764144653855,-0.08536904011422325,single_maturity_ea_slope
2022-06-01,IE,PEPP,23116.667,367.6831496445935,1.989069582169203,-0.05237396662955692,single_maturity_ea_slope
2022-07-01,IE,PEPP,23116.667,218.4114417989418,1.5089770676846832,-0.037621972730140445,single_maturity_ea_slope
2022-08-01,IE,PEPP,23189.565,293.30863119755656,1.5155049011277733,-0.01797755432697485,single_maturity_ea_slope
2022-09-01,IE,PEPP,23404.703,438.8027858796322,2.3056159032314154,0.025586308988372865,single_maturity_ea_slope
2022-10-01,IE,PEPP,22764.623,0.0,2.5374004032213815,0.025586308988372865,single_maturity_ea_slope
2022-11-01,IE,PEPP,22957.536,407.51163310708944,2.4478492694630036,0.06858309814021521,single_maturity_ea_slope
2022-12-01,IE,PEPP,22993.096,251.48866817155888,2.5461828282903123,0.09568202628793668,single_maturity_ea_slope
2023-01-01,IE,PEPP,23111.333,335.48091534391267,2.630914658801525,0.13248311275773988,single_maturity_ea_slope
2023-02-01,IE,PEPP,23215.346,322.8703200757602,2.851148947569271,0.17029329694644993,single_maturity_ea_slope
2023-03-01,IE,PEPP,22317.456000000002,0.0,2.832602587819375,0.17029329694644993,single_maturity_ea_slope
2023-04-01,IE,PEPP,22383.242000000002,268.5982137404581,2.7130104841361264,0.20080582477983122,single_maturity_ea_slope
2023-05-01,IE,PEPP,22473.031,294.76374358974067,2.698438698553546,0.2335656076496338,single_maturity_ea_slope
2023-06-01,IE,PEPP,22528.149,262.9706729559771,2.746608187342449,0.262900307910576,single_maturity_ea_slope
2023-07-01,IE,PEPP,22591.268,273.3480873460234,2.894677223438232,0.29474407985736983,single_maturity_ea_slope
2023-08-01,IE,PEPP,22664.166,284.6646666666677,2.8983419797443637,0.3274455844397739,single_maturity_ea_slope
2023-09-01,IE,PEPP,22705.06,254.78760135900362,3.01916603196825,0.35765105389701224,single_maturity_ea_slope
2023-10-01,IE,PEPP,22801.072,311.0220378787867,3.163955127943636,0.3959309388084551,single_maturity_ea_slope
2023-11-01,IE,PEPP,22853.523,270.10155364643083,2.9104490982857043,0.42564956300250034,single_maturity_ea_slope
2023-12-01,IE,PEPP,22888.194,254.83981502890018,2.346013219299408,0.44703111538531065,single_maturity_ea_slope
2024-01-01,IE,PEPP,23011.765,345.8728065268064,2.4425755367684094,0.47702466649156794,single_maturity_ea_slope
2024-02-01,IE,PEPP,23119.334,332.909432824128,2.6670146833541493,0.5085596724049833,single_maturity_ea_slope
2024-03-01,IE,PEPP,22024.086,0.0,2.6742993909254373,0.5085596724049833,single_maturity_ea_slope
2024-04-01,IE,PEPP,22132.544,314.90800000000235,2.790609641260988,0.5410293149184021,single_maturity_ea_slope
2024-05-01,IE,PEPP,22265.894,342.46322751322606,2.8405296904956137,0.5763970535902941,single_maturity_ea_slope
2024-06-01,IE,PEPP,22316.567,262.48706012176444,2.8475003004844246,0.6031097291783555,single_maturity_ea_slope
2024-07-01,IE,PEPP,22379.686,277.3717553763465,2.7519526060868906,0.6297422887592218,single_maturity_ea_slope
2024-08-01,IE,PEPP,22399.244,236.41542248061745,2.464627952727614,0.6491088026224001,single_maturity_ea_slope
2024-09-01,IE,PEPP,22433.026,252.8669374021938,2.3428538680241195,0.6682008380628356,single_maturity_ea_slope
2024-10-01,IE,PEPP,22476.587,265.05612243285725,2.3661209272755,0.6882236340081257,single_maturity_ea_slope
2024-11-01,IE,PEPP,22514.814000000002,262.2759134768766,2.4166249198908325,0.7083578454703876,single_maturity_ea_slope
2024-12-01,IE,PEPP,22528.149,239.93336956521657,2.278086354587526,0.7250760521235422,single_maturity_ea_slope
2025-01-01,IE,PEPP,22528.149,229.2241452991453,2.5478186942466485,0.7436224770535698,single_maturity_ea_slope
2025-02-01,IE,PEPP,22528.149,231.48529593094946,2.4682288255158062,0.7613434629604978,single_maturity_ea_slope
2025-03-01,IE,PEPP,20812.379,0.0,2.7615935551641666,0.7613434629604978,single_maturity_ea_slope
2025-04-01,IE,PEPP,20812.379,199.581693517453,2.5427723334157313,0.7784265936706554,single_maturity_ea_slope
2025-05-01,IE,PEPP,20812.379,201.43611111111113,2.5209721265432026,0.795292113733301,single_maturity_ea_slope
2025-06-01,IE,PEPP,20812.379,203.5639573552426,2.5000160152146194,0.8119658608135173,single_maturity_ea_slope
2025-07-01,IE,PEPP,20812.379,205.4934735387046,2.5423463823860213,0.8290509765478431,single_maturity_ea_slope
2025-08-01,IE,PEPP,20812.379,207.70837325349305,2.54968088785747,0.8462229317505342,single_maturity_ea_slope
2025-09-01,IE,PEPP,20812.379,209.71764409512295,2.5477345832982046,0.863368353471087,single_maturity_ea_slope
2025-10-01,IE,PEPP,20812.379,211.76616809116808,2.488994937982608,0.8799091205092586,single_maturity_ea_slope
2025-11-01,IE,PEPP,20812.379,214.11912551440332,2.5118988361523753,0.8966991381599079,single_maturity_ea_slope
2025-12-01,IE,PEPP,20812.379,216.25497714048214,2.623870399280595,0.9146456392106216,single_maturity_ea_slope
2026-01-01,IE,PEPP,20812.379,218.70932114333755,2.6561961784423214,0.9329469269284829,single_maturity_ea_slope
2026-02-01,IE,PEPP,20812.379,220.6571140797286,2.621080126161987,0.9508448616107721,single_maturity_ea_slope
2026-03-01,IE,PEPP,20812.379,223.21298798798801,2.8623923068388866,0.9713462284622105,single_maturity_ea_slope
2026-04-01,IE,PEPP,20812.379,225.53509969657566,2.9046211255889376,0.9922963248766743,single_maturity_ea_slope
2026-05-01,IE,PEPP,19065.494,0.0,2.97169296427975,0.9922963248766743,single_maturity_ea_slope
2026-06-01,IE,PEPP,19065.494,191.19027276373845,2.8636643187992443,1.0110625502469368,single_maturity_ea_slope
2026-07-01,IE,PEPP,19065.494,193.04874443094369,2.991272308566229,1.0311132768398823,single_maturity_ea_slope
2026-08-01,IE,PEPP,19065.494,195.18319000819,3.0794306230975836,1.0520829466418655,single_maturity_ea_slope
2015-03-01,IE,PSPP,641.7777777777777,641.7777777777777,0.5821989347812988,0.5821989347812988,single_maturity_ea_slope
2015-04-01,IE,PSPP,1295.111111111111,659.1911078658067,0.5293565471027224,0.5553029937479222,single_maturity_ea_slope
2015-05-01,IE,PSPP,1984.0,700.1311728395062,0.9661183441222152,0.7002750870332178,single_maturity_ea_slope
2015-06-01,IE,PSPP,2680.8888888888887,714.2194269741437,1.2828165732440786,0.855470794022263,single_maturity_ea_slope
2015-07-01,IE,PSPP,3366.222222222222,708.2000075817887,1.0996645417407898,0.9068453030621091,single_maturity_ea_slope
2015-08-01,IE,PSPP,3934.222222222222,596.9791857973676,0.9372519565754052,0.9114592110296507,single_maturity_ea_slope
2015-09-01,IE,PSPP,4666.666666666666,768.3931124106557,0.8926680725973466,0.9083651435984211,single_maturity_ea_slope
2015-10-01,IE,PSPP,5385.777777777777,762.4655022915895,0.7304067176168942,0.8831715380967453,single_maturity_ea_slope
2015-11-01,IE,PSPP,6132.444444444444,794.8227626768403,0.6869245670435282,0.8577360757598973,single_maturity_ea_slope
2015-12-01,IE,PSPP,6740.444444444444,662.3656422379827,0.7033957423173747,0.8425694595335533,single_maturity_ea_slope
2016-01-01,IE,PSPP,7435.555555555555,754.4251241738035,0.6566278770714152,0.8237034850424796,single_maturity_ea_slope
2016-02-01,IE,PSPP,8149.333333333333,779.1395530551654,0.6486546643915102,0.806967458387764,single_maturity_ea_slope
2016-03-01,IE,PSPP,8867.555555555555,790.2382467302929,0.5040869245880742,0.7799760535412897,single_maturity_ea_slope
2016-04-01,IE,PSPP,9825.777777777777,1036.2542140873718,0.5376157830386306,0.7544160564280092,single_maturity_ea_slope
2016-05-01,IE,PSPP,10814.22222222222,1075.8312976797492,0.5144503045208144,0.7305435429020236,single_maturity_ea_slope
2016-06-01,IE,PSPP,11778.666666666666,1060.6221589786167,0.48371006848367093,0.7083171687329791,single_maturity_ea_slope
2016-07-01,IE,PSPP,12655.111111111111,981.9880525686985,0.20651408052602382,0.6693791749820857,single_maturity_ea_slope
2016-08-01,IE,PSPP,13274.666666666666,733.6889530222855,0.1431157915728653,0.6402926720601685,single_maturity_ea_slope
2016-09-01,IE,PSPP,14147.555555555555,990.6974322565375,0.1463277651839136,0.6057022608088781,single_maturity_ea_slope
2016-10-01,IE,PSPP,15056.0,1034.6717424062185,0.20887619608951896,0.5784317563046684,single_maturity_ea_slope
2016-11-01,IE,PSPP,15926.22222222222,1006.7474307822498,0.4956968038546364,0.5732018154151873,single_maturity_ea_slope
2016-12-01,IE,PSPP,16502.222222222223,720.8892123564631,0.4120107891845646,0.5661602866820543,single_maturity_ea_slope
2017-01-01,IE,PSPP,16988.444444444445,638.0086665031481,0.5379365956332139,0.5651003332796841,single_maturity_ea_slope
2017-02-01,IE,PSPP,17483.555555555555,651.8889299044322,0.5780091305805792,0.5655816485380191,single_maturity_ea_slope
2017-03-01,IE,PSPP,17985.777777777777,665.5588772629135,0.5692644837679393,0.5657179308668154,single_maturity_ea_slope
2017-04-01,IE,PSPP,18449.777777777777,633.7412021307831,0.444942391858881,0.5615693478214916,single_maturity_ea_slope
2017-05-01,IE,PSPP,18908.44444444444,634.178251310669,0.34508418567069205,0.554308561141187,single_maturity_ea_slope
2017-06-01,IE,PSPP,19368.888888888887,640.9374231046633,0.22979584349346371,0.543570085320143,single_maturity_ea_slope
2017-07-01,IE,PSPP,19901.333333333332,718.8271319818672,0.36795684942721785,0.5372270149046783,single_maturity_ea_slope
2017-08-01,IE,PSPP,20335.11111111111,625.0631808278863,0.23854723195261052,0.5280461584952441,single_maturity_ea_slope
2017-09-01,IE,PSPP,20848.0,709.2495601047182,0.19241505459953345,0.5166279786796505,single_maturity_ea_slope
2017-10-01,IE,PSPP,20819.555555555555,157.3666072489594,0.24284863250961436,0.514558591236357,single_maturity_ea_slope
2017-11-01,IE,PSPP,21860.44444444444,1227.243664717347,0.1651643203538281,0.49494362382254986,single_maturity_ea_slope
2017-12-01,IE,PSPP,22474.666666666664,812.2334943639296,0.14468327212324816,0.4822852296573626,single_maturity_ea_slope
2018-01-01,IE,PSPP,22836.44444444444,566.9134720700981,0.5238283383981382,0.48331653503741484,single_maturity_ea_slope
2018-02-01,IE,PSPP,23219.555555555555,593.3914466953161,0.7349601078378047,0.4897474567386648,single_maturity_ea_slope
2018-03-01,IE,PSPP,23584.0,577.3116570916359,0.628254793451203,0.4931379714976906,single_maturity_ea_slope
2018-04-01,IE,PSPP,24088.0,718.0885984023239,0.5823341650001927,0.4957970037782882,single_maturity_ea_slope
2018-05-01,IE,PSPP,24548.44444444444,679.1082062454583,0.6100749021261923,0.49895838774036283,single_maturity_ea_slope
2018-06-01,IE,PSPP,25050.666666666664,725.065762930687,0.5500384669003945,0.5004368480567906,single_maturity_ea_slope
2018-07-01,IE,PSPP,25562.666666666664,740.8986354775828,0.4698394720071891,0.4995500253140794,single_maturity_ea_slope
2018-08-01,IE,PSPP,26017.777777777777,690.2349766985549,0.5028446757882247,0.49963743028050944,single_maturity_ea_slope
2018-09-01,IE,PSPP,26321.777777777777,544.1049997949223,0.574914022716102,0.5011934942613515,single_maturity_ea_slope
2018-10-01,IE,PSPP,26472.888888888887,395.9193121693105,0.6415835041195266,0.5032931183851781,single_maturity_ea_slope
2018-11-01,IE,PSPP,26597.333333333332,372.3179359134423,0.6062857341274217,0.5047348417950743,single_maturity_ea_slope
2018-12-01,IE,PSPP,26786.666666666664,440.0623428858711,0.5592571997357674,0.5056305574462084,single_maturity_ea_slope
2019-01-01,IE,PSPP,26968.0,435.5727663882586,0.5760769486192424,0.5067683700198257,single_maturity_ea_slope
2019-02-01,IE,PSPP,27137.777777777777,427.79538206403834,0.5052297101882062,0.5067441148440363,single_maturity_ea_slope
2019-03-01,IE,PSPP,27308.44444444444,432.10961250267366,0.34748913932665565,0.504224176152547,single_maturity_ea_slope
2019-04-01,IE,PSPP,27477.333333333332,434.43191149142297,0.23732943114234561,0.5000044218978232,single_maturity_ea_slope
2019-05-01,IE,PSPP,27641.777777777777,432.88263644652943,0.17381561070024465,0.4948961588292994,single_maturity_ea_slope
2019-06-01,IE,PSPP,27796.44444444444,425.6644880174268,-0.017623621788464994,0.4870476201267508,single_maturity_ea_slope
2019-07-01,IE,PSPP,27959.11111111111,436.46931091848467,-0.13488230850503102,0.4773386802999185,single_maturity_ea_slope
2019-08-01,IE,PSPP,28102.22222222222,420.15343286211134,-0.25263777824835953,0.4664248773791994,single_maturity_ea_slope
2019-09-01,IE,PSPP,28257.777777777777,435.6813751550622,-0.20963918887488167,0.45600125085078436,single_maturity_ea_slope
2019-10-01,IE,PSPP,28261.333333333332,284.8954378512316,-0.18657816174479253,0.4495235683951699,single_maturity_ea_slope
2019-11-01,IE,PSPP,28643.555555555555,665.9705488621155,-0.14392190053153286,0.43572579793701893,single_maturity_ea_slope
2019-12-01,IE,PSPP,29089.777777777777,735.9021934555919,-0.19744741400688293,0.41970802155294523,single_maturity_ea_slope
2020-01-01,IE,PSPP,29686.22222222222,886.414318624842,-0.20878123708779603,0.4009416768900654,single_maturity_ea_slope
2020-02-01,IE,PSPP,30073.777777777777,684.180477839953,-0.3231992008106893,0.3844674229606226,single_maturity_ea_slope
2020-03-01,IE,PSPP,30646.22222222222,872.2229310650334,-0.10783901382174386,0.3704558766056161,single_maturity_ea_slope
2020-04-01,IE,PSPP,29624.888888888887,0.0,0.036435006725497876,0.3704558766056161,single_maturity_ea_slope
2020-05-01,IE,PSPP,30032.0,686.6966989639716,-0.07537729409245937,0.36026167819701826,single_maturity_ea_slope
2020-06-01,IE,PSPP,30443.555555555555,696.5973171349018,-0.0993050373575002,0.3497460555879713,single_maturity_ea_slope
2020-07-01,IE,PSPP,31088.888888888887,935.2719576719564,-0.21413607588397748,0.33278233755729913,single_maturity_ea_slope
2020-08-01,IE,PSPP,31384.0,593.9278055448779,-0.2892313710691612,0.32101101341176813,single_maturity_ea_slope
2020-09-01,IE,PSPP,32013.333333333332,932.3847045191181,-0.3067028567111717,0.30272891809782193,single_maturity_ea_slope
2020-10-01,IE,PSPP,32235.555555555555,526.4158114785257,-0.3797888681200832,0.29158320808636523,single_maturity_ea_slope
2020-11-01,IE,PSPP,32889.777777777774,961.2275132275099,-0.4013946010800862,0.2713304310464128,single_maturity_ea_slope
2020-12-01,IE,PSPP,33356.444444444445,780.9802922188292,-0.42886379363096205,0.25493666068790716,single_maturity_ea_slope
2021-01-01,IE,PSPP,33654.22222222222,618.7597297066079,-0.3858776970486445,0.24315477738758942,single_maturity_ea_slope
2021-02-01,IE,PSPP,33933.33333333333,605.5975509852094,-0.2527178172011139,0.23430509480752262,single_maturity_ea_slope
2021-03-01,IE,PSPP,34281.777777777774,680.7332549941253,-0.21278299647886195,0.22542726666152205,single_maturity_ea_slope
2021-04-01,IE,PSPP,34564.444444444445,621.9558370722315,-0.18362342710128254,0.2180667703268236,single_maturity_ea_slope
2021-05-01,IE,PSPP,34775.11111111111,555.2085769980483,-0.06151766483477203,0.21360301244260288,single_maturity_ea_slope
2021-06-01,IE,PSPP,35048.88888888889,622.5053260239815,-0.1026370535812696,0.2079862544898438,single_maturity_ea_slope
2021-07-01,IE,PSPP,35288.0,591.8575773841459,-0.20919665401013257,0.20098917713916178,single_maturity_ea_slope
2021-08-01,IE,PSPP,35492.444444444445,561.75509653031,-0.29994498796195884,0.1930606637702902,single_maturity_ea_slope
2021-09-01,IE,PSPP,35785.777777777774,653.589570081648,-0.18915902846696075,0.18607982334040257,single_maturity_ea_slope
2021-10-01,IE,PSPP,36006.22222222222,585.4564576816726,-0.05159182255677747,0.1822153135054203,single_maturity_ea_slope
2021-11-01,IE,PSPP,36245.33333333333,607.2728925244246,-0.05127828625488903,0.17830324205588058,single_maturity_ea_slope
2021-12-01,IE,PSPP,36474.666666666664,601.3092501368387,-0.10089758049147918,0.17370042995130916,single_maturity_ea_slope
2022-01-01,IE,PSPP,37077.33333333333,978.3842878725425,0.15249790869546287,0.17314094490222245,single_maturity_ea_slope
2022-02-01,IE,PSPP,37304.88888888888,611.8562741846315,0.585442504564361,0.17990331047009112,single_maturity_ea_slope
2022-03-01,IE,PSPP,35736.88888888889,0.0,0.7444986578534651,0.17990331047009112,single_maturity_ea_slope
2022-04-01,IE,PSPP,36744.0,1360.3820570273697,1.2658895478362782,0.22011004331059916,single_maturity_ea_slope
2022-05-01,IE,PSPP,37317.33333333333,937.8571428571379,1.461729793647913,0.2513143617211594,single_maturity_ea_slope
2022-06-01,IE,PSPP,37708.444444444445,764.8824786324842,1.9600599139430632,0.2859747555027512,single_maturity_ea_slope
2022-07-01,IE,PSPP,38079.11111111111,751.0989148955226,1.4674464870207884,0.3092789269928256,single_maturity_ea_slope
2022-08-01,IE,PSPP,38193.777777777774,503.07049276938875,1.483216715134607,0.3247414838783271,single_maturity_ea_slope
2022-09-01,IE,PSPP,38743.11111111111,939.8627584639878,2.287429215595313,0.3723540026624968,single_maturity_ea_slope
2022-10-01,IE,PSPP,37760.0,0.0,2.5123729820438356,0.3723540026624968,single_maturity_ea_slope
2022-11-01,IE,PSPP,37965.33333333333,581.7288676235996,2.434306071665965,0.4039485373835281,single_maturity_ea_slope
2022-12-01,IE,PSPP,38158.22222222222,574.9876543209893,2.540625899233613,0.43614508724311407,single_maturity_ea_slope
2023-01-01,IE,PSPP,38324.444444444445,552.1265731751209,2.6310211432400923,0.4677658820885149,single_maturity_ea_slope
2023-02-01,IE,PSPP,38452.444444444445,517.4760614272809,2.854443014118864,0.49988473174880127,single_maturity_ea_slope
2023-03-01,IE,PSPP,36599.11111111111,0.0,2.8353378357109174,0.49988473174880127,single_maturity_ea_slope
2023-04-01,IE,PSPP,36686.22222222222,442.1665157590636,2.7117357150323236,0.5265434167650066,single_maturity_ea_slope
2023-05-01,IE,PSPP,36818.666666666664,492.11328976034935,2.6923565958138473,0.5554913810733658,single_maturity_ea_slope
2023-06-01,IE,PSPP,36868.444444444445,414.1747162839832,2.7536239759089884,0.5801848813698722,single_maturity_ea_slope
2023-07-01,IE,PSPP,36868.444444444445,368.83197723533857,2.906175031648589,0.603454090556334,single_maturity_ea_slope
2023-08-01,IE,PSPP,36868.444444444445,372.4085297418631,2.8974552610427984,0.6266258195511468,single_maturity_ea_slope
2023-09-01,IE,PSPP,36868.444444444445,376.5159767610748,3.018363029509714,0.6510512404044818,single_maturity_ea_slope
2023-10-01,IE,PSPP,36868.444444444445,380.2438577191052,3.1557211912809544,0.6768832324721021,single_maturity_ea_slope
2023-11-01,IE,PSPP,36868.444444444445,384.0462962962963,2.9062242915954544,0.7001055351713037,single_maturity_ea_slope
2023-12-01,IE,PSPP,36868.444444444445,388.4159760265955,2.3435787194846975,0.717419833362553,single_maturity_ea_slope
2024-01-01,IE,PSPP,36868.444444444445,392.3844662031124,2.4308007349303415,0.7356550494286215,single_maturity_ea_slope
2024-02-01,IE,PSPP,36868.444444444445,396.43488649940264,2.663277835487649,0.7563821761604389,single_maturity_ea_slope
2024-03-01,IE,PSPP,34652.444444444445,0.0,2.6808452886114122,0.7563821761604389,single_maturity_ea_slope
2024-04-01,IE,PSPP,34652.444444444445,355.6285349388798,2.7924194157962385,0.7772774680286224,single_maturity_ea_slope
2024-05-01,IE,PSPP,34652.444444444445,359.16712732633135,2.8477261416285002,0.7987373423403955,single_maturity_ea_slope
2024-06-01,IE,PSPP,34652.444444444445,362.7768471989578,2.8537125476929246,0.8202509018604179,single_maturity_ea_slope
2024-07-01,IE,PSPP,34652.444444444445,366.9255023765825,2.754699787981885,0.8407342657541227,single_maturity_ea_slope
2024-08-01,IE,PSPP,34652.444444444445,370.6936718489992,2.444386004780676,0.8578892907758018,single_maturity_ea_slope
2024-09-01,IE,PSPP,34652.444444444445,375.02645502645504,2.3105834747367267,0.8736110893035174,single_maturity_ea_slope
2024-10-01,IE,PSPP,34652.444444444445,378.9637406435307,2.3275001179943806,0.8895110130643537,single_maturity_ea_slope
2024-11-01,IE,PSPP,34652.444444444445,382.98457608802437,2.3769283858213686,0.9059501971133922,single_maturity_ea_slope
2024-12-01,IE,PSPP,34652.444444444445,387.6112353964703,2.2383724370382234,0.9208542490141174,single_maturity_ea_slope
2025-01-01,IE,PSPP,34652.444444444445,391.8186843559978,2.503261770746762,0.9387466904629261,single_maturity_ea_slope
2025-02-01,IE,PSPP,34652.444444444445,396.11847787430776,2.422564269692069,0.9557084826351844,single_maturity_ea_slope
2025-03-01,IE,PSPP,32169.777777777777,0.0,2.687701505104881,0.9557084826351844,single_maturity_ea_slope
2025-04-01,IE,PSPP,32169.777777777777,345.9115890083632,2.4531664634123436,0.9718101813532184,single_maturity_ea_slope
2025-05-01,IE,PSPP,32169.777777777777,349.975824388357,2.431511317454453,0.987690306854755,single_maturity_ea_slope
2025-06-01,IE,PSPP,32169.777777777777,353.6695006351998,2.420044417720977,1.0034373837112438,single_maturity_ea_slope
2025-07-01,IE,PSPP,32169.777777777777,357.441975308642,2.456494941899184,1.0195824676911098,single_maturity_ea_slope
2025-08-01,IE,PSPP,32169.777777777777,361.7833758184635,2.465186185128292,1.0358398194391663,single_maturity_ea_slope
2025-09-01,IE,PSPP,32169.777777777777,365.7318983376282,2.466506057108159,1.0521047834872448,single_maturity_ea_slope
2025-10-01,IE,PSPP,32169.777777777777,370.27828933906284,2.412778725004347,1.0677663159632704,single_maturity_ea_slope
2025-11-01,IE,PSPP,32169.777777777777,374.4154769294434,2.43693231333005,1.0837016744056212,single_maturity_ea_slope
2025-12-01,IE,PSPP,32169.777777777777,378.64616028457834,2.5468081263545237,1.1009227955443794,single_maturity_ea_slope
2026-01-01,IE,PSPP,32169.777777777777,383.5214327345944,2.5772988873698215,1.118523845756891,single_maturity_ea_slope
2026-02-01,IE,PSPP,32169.777777777777,387.4009847998288,2.5432295944949748,1.135680706892947,single_maturity_ea_slope
2026-03-01,IE,PSPP,32169.777777777777,392.5058294018762,2.803398292787932,1.1560286520600407,single_maturity_ea_slope
2026-04-01,IE,PSPP,32169.777777777777,397.1577503429355,2.8472898250128127,1.1769084196273587,single_maturity_ea_slope
2026-05-01,IE,PSPP,28840.888888888887,0.0,2.923994828758412,1.1769084196273587,single_maturity_ea_slope
2026-06-01,IE,PSPP,28840.888888888887,322.605021128511,2.8195737915202557,1.1952827526462948,single_maturity_ea_slope
2026-07-01,IE,PSPP,28840.888888888887,326.1068395396753,2.9482363283246418,1.2151035755282298,single_maturity_ea_slope
2026-08-01,IE,PSPP,28840.888888888887,330.1383801383801,3.0359844961671905,1.235946992660086,single_maturity_ea_slope
2020-03-01,IT,PEPP,1882.902,1882.902,1.36466375647211,1.36466375647211,single_maturity_ea_slope
2020-04-01,IT,PEPP,15160.117,13299.759324712644,1.5605754645320675,1.5365343671072922,single_maturity_ea_slope
2020-05-01,IT,PEPP,33217.485,18236.05867656766,1.5109947536238562,1.522513381169892,single_maturity_ea_slope
2020-06-01,IT,PEPP,52278.534,19447.119258019524,1.2112318818070817,1.4067196131020325,single_maturity_ea_slope
2020-07-01,IT,PEPP,65281.048,13624.877500000002,0.9729066332267078,1.3161780410869623,single_maturity_ea_slope
2020-08-01,IT,PEPP,74480.42,9976.52733333333,0.8125830841407969,1.2487223412815338,single_maturity_ea_slope
2020-09-01,IT,PEPP,84671.027,11082.374480842915,0.7542500649684345,1.1840021278784696,single_maturity_ea_slope
2020-10-01,IT,PEPP,94838.52,11185.66311784512,0.5598654796538599,1.1103887660657643,single_maturity_ea_slope
2020-11-01,IT,PEPP,105052.241,11372.54944574779,0.46018669940407686,1.0400004042140885,single_maturity_ea_slope
2020-12-01,IT,PEPP,113247.043,9478.431533235593,0.3915950949025804,0.9857308606808806,single_maturity_ea_slope
2021-01-01,IT,PEPP,121179.59,9322.422343642604,0.4230630172837683,0.9424444683491815,single_maturity_ea_slope
2021-02-01,IT,PEPP,129354.834,9660.287995098046,0.32256298034130215,0.8961513882081948,single_maturity_ea_slope
2021-03-01,IT,PEPP,139412.09100000001,11635.524862371902,0.38310649940534014,0.8533319561463198,single_maturity_ea_slope
2021-04-01,IT,PEPP,151214.45500000002,13495.902520408164,0.4479713268413981,0.8171534867089203,single_maturity_ea_slope
2021-05-01,IT,PEPP,162639.883,13259.664475012116,0.5933905753658697,0.7989105989766367,single_maturity_ea_slope
2021-06-01,IT,PEPP,173447.456,12766.145772158,0.5145630017717732,0.7779819387379986,single_maturity_ea_slope
2021-07-01,IT,PEPP,185600.086,14250.446352201263,0.44445071110191625,0.7523732821438859,single_maturity_ea_slope
2021-08-01,IT,PEPP,194715.892,11328.491813066268,0.3560885613353388,0.7293175974269811,single_maturity_ea_slope
2021-09-01,IT,PEPP,204678.026,12293.502438697338,0.4570092586959267,0.7129620399121367,single_maturity_ea_slope
2021-10-01,IT,PEPP,213840.949,11617.095973621084,0.6087109814698901,0.7072985102797688,single_maturity_ea_slope
2021-11-01,IT,PEPP,223039.432,11704.82323675575,0.7140353561303157,0.7076520513067829,single_maturity_ea_slope
2021-12-01,IT,PEPP,230288.338,9852.073973856197,0.8020383410362419,0.7116900356728538,single_maturity_ea_slope
2022-01-01,IT,PEPP,238612.045,11015.24905236094,1.0647606127199152,0.7279891304617785,single_maturity_ea_slope
2022-02-01,IT,PEPP,245055.517,9236.215972378257,1.5546094652610198,0.7591446989339031,single_maturity_ea_slope
2022-03-01,IT,PEPP,249832.114,7660.96042984935,1.5854673322049446,0.7844834149797448,single_maturity_ea_slope
2022-04-01,IT,PEPP,248524.395,1604.077200466188,2.2398741087655982,0.7938770965524232,single_maturity_ea_slope
2022-05-01,IT,PEPP,248299.478,2671.637720279733,2.75463949530581,0.8149743893345518,single_maturity_ea_slope
2022-06-01,IT,PEPP,249507.62900000002,4122.464122065741,3.4060738203229093,0.8577855630199642,single_maturity_ea_slope
2022-07-01,IT,PEPP,256977.896,10386.438446937815,2.998843708181143,0.9443220666733035,single_maturity_ea_slope
2022-08-01,IT,PEPP,258165.6,4186.9791633986915,3.009171396585552,0.9778101887155134,single_maturity_ea_slope
2022-09-01,IT,PEPP,255872.869,682.8983222683264,3.973282781666304,0.9858047964131621,single_maturity_ea_slope
2022-10-01,IT,PEPP,257606.419,4711.58618482308,4.264440037831651,1.0457705867397669,single_maturity_ea_slope
2022-11-01,IT,PEPP,255167.003,525.667091620629,4.111605276806209,1.0520864833328576,single_maturity_ea_slope
2022-12-01,IT,PEPP,255747.52,3542.0653170844867,4.200886895850218,1.0956969032172774,single_maturity_ea_slope
2023-01-01,IT,PEPP,255727.962,2940.4827407407506,4.219612080854075,1.131617177994969,single_maturity_ea_slope
2023-02-01,IT,PEPP,257905.123,5161.847764705875,4.2734625316898125,1.1944997110263944,single_maturity_ea_slope
2023-03-01,IT,PEPP,257567.303,2655.5077971216565,4.225817433778991,1.225752466149286,single_maturity_ea_slope
2023-04-01,IT,PEPP,259311.521,4767.308410798116,4.17116087716221,1.279902278841401,single_maturity_ea_slope
2023-05-01,IT,PEPP,260384.544,4133.829432955605,4.2046595492385705,1.3263353255302963,single_maturity_ea_slope
2023-06-01,IT,PEPP,259705.348,2398.635489361706,4.065914874783835,1.351638049495646,single_maturity_ea_slope
2023-07-01,IT,PEPP,261218.426,4618.115637494031,4.190236730258732,1.401822016824972,single_maturity_ea_slope
2023-08-01,IT,PEPP,258762.119,635.7671714015146,4.152378808497652,1.4085800141623679,single_maturity_ea_slope
2023-09-01,IT,PEPP,259764.911,4092.12006829034,4.442948786373785,1.4563809326911983,single_maturity_ea_slope
2023-10-01,IT,PEPP,257250.81900000002,543.4045983992714,4.75738516813834,1.463353819649733,single_maturity_ea_slope
2023-11-01,IT,PEPP,255631.06100000002,1391.13641713483,4.320131373941455,1.4789003157440734,single_maturity_ea_slope
2023-12-01,IT,PEPP,254669.163,2025.842310892925,3.6972126250854083,1.496546546964609,single_maturity_ea_slope
2024-01-01,IT,PEPP,253700.153,1950.1688514442826,3.63400888289125,1.5129770158443794,single_maturity_ea_slope
2024-02-01,IT,PEPP,255833.753,5029.720468036536,3.752665228198274,1.5570095389637837,single_maturity_ea_slope
2024-03-01,IT,PEPP,257109.468,4180.276228428698,3.630541141296275,1.5907225520766504,single_maturity_ea_slope
2024-04-01,IT,PEPP,257232.15,3033.794635869566,3.7624056867660953,1.616335371643836,single_maturity_ea_slope
2024-05-01,IT,PEPP,256743.2,2427.5142857143037,3.783992233015284,1.6368306291521393,single_maturity_ea_slope
2024-06-01,IT,PEPP,258316.73,4524.601264367815,3.8725259170904685,1.6759904223507716,single_maturity_ea_slope
2024-07-01,IT,PEPP,257041.015,1697.5438627992671,3.7281364850113254,1.68954315421435,single_maturity_ea_slope
2024-08-01,IT,PEPP,255255.903,1181.6587179131816,3.4751416710402387,1.6978092433793874,single_maturity_ea_slope
2024-09-01,IT,PEPP,253498.35,1192.7001553398204,3.310599947040602,1.7053973626818895,single_maturity_ea_slope
2024-10-01,IT,PEPP,254131.318,3587.494223776217,3.2175638004795926,1.7267441545833406,single_maturity_ea_slope
2024-11-01,IT,PEPP,252418.215,1248.8004731934702,3.300848326934672,1.7345317939788898,single_maturity_ea_slope
2024-12-01,IT,PEPP,247341.136,0.0,3.0582458564829866,1.7345317939788898,single_maturity_ea_slope
2025-01-01,IT,PEPP,245954.296,1479.8861937876713,3.380480982661421,1.7444353310165486,single_maturity_ea_slope
2025-02-01,IT,PEPP,242716.558,0.0,3.277266075902238,1.7444353310165486,single_maturity_ea_slope
2025-03-01,IT,PEPP,238955.199,0.0,3.481194623685952,1.7444353310165486,single_maturity_ea_slope
2025-04-01,IT,PEPP,237687.48500000002,1490.309995844897,3.216544004793413,1.753665511021607,single_maturity_ea_slope
2025-05-01,IT,PEPP,235273.85,333.56200647248306,3.1304351447282026,1.7556174408322067,single_maturity_ea_slope
2025-06-01,IT,PEPP,232082.34,0.0,3.041918520755191,1.7556174408322067,single_maturity_ea_slope
2025-07-01,IT,PEPP,229260.654,0.0,3.047462111982472,1.7556174408322067,single_maturity_ea_slope
2025-08-01,IT,PEPP,226975.924,350.44993103447223,3.044004108068006,1.7576067047625896,single_maturity_ea_slope
2025-09-01,IT,PEPP,225225.483,869.318048938143,3.070000591277409,1.7626722403212964,single_maturity_ea_slope
2025-10-01,IT,PEPP,225225.483,2628.6821078431376,2.9760559657434777,1.77683404850783,single_maturity_ea_slope
2025-11-01,IT,PEPP,222496.253,0.0,2.998434797129813,1.77683404850783,single_maturity_ea_slope
2025-12-01,IT,PEPP,219434.537,0.0,3.0938062404955953,1.77683404850783,single_maturity_ea_slope
2026-01-01,IT,PEPP,216968.451,80.74010259980423,3.0241462121610714,1.7772982086730669,single_maturity_ea_slope
2026-02-01,IT,PEPP,213930.738,0.0,2.922175508856787,1.7772982086730669,single_maturity_ea_slope
2026-03-01,IT,PEPP,211290.408,0.0,3.364302128554296,1.7772982086730669,single_maturity_ea_slope
2026-04-01,IT,PEPP,205411.451,0.0,3.4626139945478753,1.7772982086730669,single_maturity_ea_slope
2026-05-01,IT,PEPP,205367.89,2301.318577625584,3.502683721171062,1.7966325930964433,single_maturity_ea_slope
2026-06-01,IT,PEPP,201976.355,0.0,3.422046986022699,1.7966325930964433,single_maturity_ea_slope
2026-07-01,IT,PEPP,199367.14,0.0,3.5743363283246414,1.7966325930964433,single_maturity_ea_slope
2026-08-01,IT,PEPP,196477.89,0.0,3.6785519339589943,1.7966325930964433,single_maturity_ea_slope
2015-03-01,IT,PSPP,6763.555555555555,6763.555555555555,1.0548384770809403,1.0548384770809403,single_maturity_ea_slope
2015-04-01,IT,PSPP,13505.777777777777,6809.3209876543215,1.1178944468480876,1.0866299329598317,single_maturity_ea_slope
2015-05-01,IT,PSPP,20819.555555555555,7443.5910974411545,1.4454419689004467,1.2149155761982438,single_maturity_ea_slope
2015-06-01,IT,PSPP,28076.44444444444,7453.596707818928,1.7473620391553695,1.356266850617621,single_maturity_ea_slope
2015-07-01,IT,PSPP,35408.0,7590.65895574423,1.5893899297199208,1.4062430646985784,single_maturity_ea_slope
2015-08-01,IT,PSPP,41380.444444444445,6297.05023835717,1.4269335318847394,1.4093916270950324,single_maturity_ea_slope
2015-09-01,IT,PSPP,48699.555555555555,7691.9079079079065,1.51674592533159,1.4263478265127387,single_maturity_ea_slope
2015-10-01,IT,PSPP,56135.11111111111,7872.87196679438,1.318823627191835,1.4112677057499958,single_maturity_ea_slope
2015-11-01,IT,PSPP,64024.88888888888,8394.408406248747,1.1511556204457676,1.3771639827551145,single_maturity_ea_slope
2015-12-01,IT,PSPP,70408.0,6958.667465739747,1.1580002951004005,1.355503273418755,single_maturity_ea_slope
2016-01-01,IT,PSPP,78016.0,8238.218403150733,1.1240139887500935,1.3310588096537637,single_maturity_ea_slope
2016-02-01,IT,PSPP,85570.66666666666,8251.48695962843,1.203340315020321,1.3187430531682327,single_maturity_ea_slope
2016-03-01,IT,PSPP,93152.88888888889,8346.518994879134,1.0202050625143115,1.2919939846271795,single_maturity_ea_slope
2016-04-01,IT,PSPP,104706.66666666666,12383.1304210193,1.1104365948076336,1.2705221060103902,single_maturity_ea_slope
2016-05-01,IT,PSPP,116655.11111111111,12886.676224611716,1.19461500378811,1.2621367876118217,single_maturity_ea_slope
2016-06-01,IT,PSPP,128008.0,12400.438378033206,1.1701728490611165,1.2532280229018096,single_maturity_ea_slope
2016-07-01,IT,PSPP,138556.44444444444,11704.168532562893,0.9588063423651674,1.2283575740211516,single_maturity_ea_slope
2016-08-01,IT,PSPP,146090.66666666666,8789.262479871173,0.9165981942392671,1.2096011737528378,single_maturity_ea_slope
2016-09-01,IT,PSPP,156586.66666666666,11826.516089860352,0.9754551898591177,1.191916837628677,single_maturity_ea_slope
2016-10-01,IT,PSPP,167540.44444444444,12394.052489575672,1.1373766222980817,1.1878821444306158,single_maturity_ea_slope
2016-11-01,IT,PSPP,177946.66666666666,11966.18911649079,1.5639199803828978,1.2131691584795496,single_maturity_ea_slope
2016-12-01,IT,PSPP,186317.3333333333,10038.708161479804,1.4233101531093189,1.224491476591935,single_maturity_ea_slope
2017-01-01,IT,PSPP,197252.44444444444,12691.496229260949,1.5108000654260039,1.2429129688366916,single_maturity_ea_slope
2017-02-01,IT,PSPP,207728.0,12345.601483166905,1.8370912443557132,1.278225917497985,single_maturity_ea_slope
2017-03-01,IT,PSPP,218296.88888888888,12554.05708460753,1.893482433700187,1.3136087645252303,single_maturity_ea_slope
2017-04-01,IT,PSPP,226973.3333333333,10779.497323913502,1.769505056874607,1.3352603514812407,single_maturity_ea_slope
2017-05-01,IT,PSPP,235345.77777777775,10576.925148925142,1.6865391598637456,1.3510475463812217,single_maturity_ea_slope
2017-06-01,IT,PSPP,243632.88888888888,10572.909263575943,1.56515038927157,1.360338943537316,single_maturity_ea_slope
2017-07-01,IT,PSPP,252186.66666666666,10928.367338098335,1.714611464564652,1.3756911439480473,single_maturity_ea_slope
2017-08-01,IT,PSPP,258992.88888888888,9287.397612488518,1.593297979302244,1.383494451644255,single_maturity_ea_slope
2017-09-01,IT,PSPP,267174.2222222222,10756.839388314309,1.5693866275656294,1.3909787525745572,single_maturity_ea_slope
2017-10-01,IT,PSPP,275281.77777777775,10809.560230133051,1.513198432775343,1.3957779841295948,single_maturity_ea_slope
2017-11-01,IT,PSPP,283350.2222222222,10879.737109658672,1.2290580301424612,1.3893764741675103,single_maturity_ea_slope
2017-12-01,IT,PSPP,290424.0,9985.309037767764,1.2712675183885682,1.3853156719487516,single_maturity_ea_slope
2018-01-01,IT,PSPP,293464.8888888889,6032.483450075526,1.4699439285950238,1.3870552959274847,single_maturity_ea_slope
2018-02-01,IT,PSPP,296698.6666666666,6275.495117007529,1.551197675849671,1.3905270833651173,single_maturity_ea_slope
2018-03-01,IT,PSPP,299740.44444444444,6144.022305869264,1.4506571818735297,1.3917596186246635,single_maturity_ea_slope
2018-04-01,IT,PSPP,303270.2222222222,6675.668252635482,1.2658309931170564,1.388987642789914,single_maturity_ea_slope
2018-05-01,IT,PSPP,306478.2222222222,6394.950632852272,1.657449591027512,1.3945893488208696,single_maturity_ea_slope
2018-06-01,IT,PSPP,309987.55555555556,6729.995609733353,2.2232913601494757,1.4125809126693714,single_maturity_ea_slope
2018-07-01,IT,PSPP,313604.44444444444,6911.824640967485,2.1475652375264738,1.4287799266095966,single_maturity_ea_slope
2018-08-01,IT,PSPP,316802.6666666666,6561.633252299887,2.66563861717079,1.4543978079165165,single_maturity_ea_slope
2018-09-01,IT,PSPP,320029.3333333333,6659.725473197534,2.459314133117908,1.4753098498836354,single_maturity_ea_slope
2018-10-01,IT,PSPP,321587.55555555556,5058.1055701370915,2.9550180567329862,1.498583512666738,single_maturity_ea_slope
2018-11-01,IT,PSPP,322862.2222222222,4828.905786422989,2.8669460006477028,1.5190494980974751,single_maturity_ea_slope
2018-12-01,IT,PSPP,324759.11111111107,5479.470138580644,2.497002614040574,1.535549927838794,single_maturity_ea_slope
2019-01-01,IT,PSPP,327721.77777777775,6610.006189477906,2.282838404273475,1.5506224124568537,single_maturity_ea_slope
2019-02-01,IT,PSPP,327953.77777777775,3942.6179549114327,2.363384247050739,1.5603933302485309,single_maturity_ea_slope
2019-03-01,IT,PSPP,329313.77777777775,5119.213408731978,2.2681381463102266,1.5713952894644265,single_maturity_ea_slope
2019-04-01,IT,PSPP,329260.44444444444,3726.668707274787,2.201414967264808,1.578526041602563,single_maturity_ea_slope
2019-05-01,IT,PSPP,325766.2222222222,259.31681613211185,2.2322036705176784,1.5790463828471242,single_maturity_ea_slope
2019-06-01,IT,PSPP,326375.11111111107,4368.886836975466,1.9240194569325817,1.5836642237031624,single_maturity_ea_slope
2019-07-01,IT,PSPP,328215.11111111107,5649.233322958813,1.310723886606105,1.5789663789199393,single_maturity_ea_slope
2019-08-01,IT,PSPP,326067.55555555556,1688.5256869773511,1.1536123901868522,1.5767637030517119,single_maturity_ea_slope
2019-09-01,IT,PSPP,325168.0,2938.339401548434,0.6567352540224124,1.5684499826292586,single_maturity_ea_slope
2019-10-01,IT,PSPP,322514.6666666666,1131.2104283053613,0.7550749009128803,1.5655970941573296,single_maturity_ea_slope
2019-11-01,IT,PSPP,323396.44444444444,4640.689976690008,1.0013218714641432,1.5574998302107663,single_maturity_ea_slope
2019-12-01,IT,PSPP,323367.11111111107,3729.3422180897387,1.0849823176133666,1.5520503597854616,single_maturity_ea_slope
2020-01-01,IT,PSPP,327413.3333333333,7846.964007731311,1.008453386580167,1.5390222224154086,single_maturity_ea_slope
2020-02-01,IT,PSPP,329427.55555555556,5884.356185973233,0.7197277395763209,1.5243876829637906,single_maturity_ea_slope
2020-03-01,IT,PSPP,339965.3333333333,14377.259777259751,1.3288661863919606,1.5161190065058423,single_maturity_ea_slope
2020-04-01,IT,PSPP,349671.11111111107,13684.77278401995,1.566619324404349,1.5180953933276358,single_maturity_ea_slope
2020-05-01,IT,PSPP,352207.11111111107,6605.728946823918,1.5144939102747266,1.5180278466481292,single_maturity_ea_slope
2020-06-01,IT,PSPP,354275.55555555556,6133.623473889453,1.2131251451870635,1.512749022474101,single_maturity_ea_slope
2020-07-01,IT,PSPP,361276.44444444444,11124.20773846471,0.9780501569651594,1.496284895490706,single_maturity_ea_slope
2020-08-01,IT,PSPP,362811.55555555556,5793.4378961705825,0.8147663105691221,1.485402288428251,single_maturity_ea_slope
2020-09-01,IT,PSPP,365693.3333333333,7152.158610587963,0.7580690167040317,1.4711772467117048,single_maturity_ea_slope
2020-10-01,IT,PSPP,367505.77777777775,6098.582903578677,0.5650253804151046,1.4561400891647998,single_maturity_ea_slope
2020-11-01,IT,PSPP,366196.44444444444,2897.463573463592,0.47291861742339547,1.4483605259215244,single_maturity_ea_slope
2020-12-01,IT,PSPP,365509.3333333333,3504.698005697993,0.40317767978393326,1.4383387565646595,single_maturity_ea_slope
2021-01-01,IT,PSPP,368880.0,7595.231314532305,0.43403676058878793,1.4176601999362621,single_maturity_ea_slope
2021-02-01,IT,PSPP,372257.77777777775,7683.0999066292925,0.33582472829413934,1.3953319894666782,single_maturity_ea_slope
2021-03-01,IT,PSPP,374738.6666666666,6862.454069889084,0.3950872291844767,1.3770148678652676,single_maturity_ea_slope
2021-04-01,IT,PSPP,377566.2222222222,7232.100297758978,0.4602682541447209,1.3594550251996922,single_maturity_ea_slope
2021-05-01,IT,PSPP,378086.2222222222,4945.295619107152,0.6081919326489879,1.3496286473471708,single_maturity_ea_slope
2021-06-01,IT,PSPP,374799.11111111107,1082.817486001939,0.5310658679211384,1.347263769564176,single_maturity_ea_slope
2021-07-01,IT,PSPP,379873.77777777775,9442.954674954693,0.4563195492823964,1.3251165554572961,single_maturity_ea_slope
2021-08-01,IT,PSPP,379332.44444444444,3892.300861085194,0.36222966424292374,1.3152364475712166,single_maturity_ea_slope
2021-09-01,IT,PSPP,382680.8888888889,7794.441214773135,0.46462106423638017,1.2979111204010112,single_maturity_ea_slope
2021-10-01,IT,PSPP,385401.77777777775,7218.783680718788,0.6170073810078134,1.2851574252042388,single_maturity_ea_slope
2021-11-01,IT,PSPP,382039.11111111107,1098.0020576131483,0.7189755216931345,1.2835301863248725,single_maturity_ea_slope
2021-12-01,IT,PSPP,381702.2222222222,4091.0099417915953,0.8042967123868685,1.2783938554570415,single_maturity_ea_slope
2022-01-01,IT,PSPP,387205.3333333333,9958.085693536686,1.0653172512196605,1.2729139849552138,single_maturity_ea_slope
2022-02-01,IT,PSPP,389025.77777777775,6377.946013810413,1.552447159204353,1.2774968367770498,single_maturity_ea_slope
2022-03-01,IT,PSPP,392024.0,7609.7179284547965,1.5824769277174973,1.2834169142872311,single_maturity_ea_slope
2022-04-01,IT,PSPP,393235.55555555556,5761.509130300224,2.2412783768688174,1.2974510662967813,single_maturity_ea_slope
2022-05-01,IT,PSPP,398113.77777777775,9474.243208144999,2.7535260505323365,1.3321024883273043,single_maturity_ea_slope
2022-06-01,IT,PSPP,398205.3333333333,4731.576275576281,3.408532266782752,1.3567751510347514,single_maturity_ea_slope
2022-07-01,IT,PSPP,400210.6666666666,6679.104851330185,2.9966188556455773,1.3841424576938013,single_maturity_ea_slope
2022-08-01,IT,PSPP,397771.55555555556,2278.129184347051,3.00520618076183,1.3934266624732246,single_maturity_ea_slope
2022-09-01,IT,PSPP,393920.8888888889,759.5738937824972,3.9717981541041727,1.3983983807261966,single_maturity_ea_slope
2022-10-01,IT,PSPP,398814.2222222222,9490.916070131738,4.263327708001539,1.4665775034277895,single_maturity_ea_slope
2022-11-01,IT,PSPP,396176.8888888889,2004.3591971860315,4.109348077173369,1.4799479489386207,single_maturity_ea_slope
2022-12-01,IT,PSPP,394275.55555555556,2709.6639768260075,4.200695277606883,1.498646320984917,single_maturity_ea_slope
2023-01-01,IT,PSPP,393402.6666666666,3709.5792138023207,4.2196175886698635,1.5243036418706188,single_maturity_ea_slope
2023-02-01,IT,PSPP,395460.44444444444,6668.685732145679,4.273627235017292,1.5706657376914168,single_maturity_ea_slope
2023-03-01,IT,PSPP,392783.11111111107,1931.7627557627166,4.225958912118209,1.5837248441419933,single_maturity_ea_slope
2023-04-01,IT,PSPP,393157.3333333333,4990.854933918429,4.171138898384558,1.6165702398751003,single_maturity_ea_slope
2023-05-01,IT,PSPP,392837.3333333333,4320.6672961913755,4.2046595492385705,1.64503564244696,single_maturity_ea_slope
2023-06-01,IT,PSPP,390916.44444444444,2729.1742424242548,4.0660337864544545,1.6619377857808697,single_maturity_ea_slope
2023-07-01,IT,PSPP,387465.77777777775,1183.240925135642,4.189086949437696,1.6696551804150768,single_maturity_ea_slope
2023-08-01,IT,PSPP,380187.55555555556,0.0,4.152448083396212,1.6696551804150768,single_maturity_ea_slope
2023-09-01,IT,PSPP,376832.0,1132.0218235232333,4.443044667264357,1.6779865785560075,single_maturity_ea_slope
2023-10-01,IT,PSPP,370296.8888888889,0.0,4.757728248832619,1.6779865785560075,single_maturity_ea_slope
2023-11-01,IT,PSPP,367946.6666666666,2008.2628164887792,4.319899877684454,1.6924062124966879,single_maturity_ea_slope
2023-12-01,IT,PSPP,367466.6666666666,3900.3174603174602,3.6967849426855266,1.713680831578086,single_maturity_ea_slope
2024-01-01,IT,PSPP,364271.11111111107,1185.3059926879605,3.629612956871705,1.7199151053385469,single_maturity_ea_slope
2024-02-01,IT,PSPP,360348.44444444444,420.09812960317504,3.751140987621149,1.7222831305294535,single_maturity_ea_slope
2024-03-01,IT,PSPP,355281.77777777775,0.0,3.633371799755075,1.7222831305294535,single_maturity_ea_slope
2024-04-01,IT,PSPP,352179.55555555556,1127.322751322783,3.7632518151202383,1.7288162480729947,single_maturity_ea_slope
2024-05-01,IT,PSPP,346917.3333333333,0.0,3.786944623223648,1.7288162480729947,single_maturity_ea_slope
2024-06-01,IT,PSPP,346699.55555555556,3935.9259259259516,3.87477785670355,1.7531783962099206,single_maturity_ea_slope
2024-07-01,IT,PSPP,343195.55555555556,653.0690114575009,3.7291200439613856,1.756938428173347,single_maturity_ea_slope
2024-08-01,IT,PSPP,340872.8888888889,1810.227788482105,3.4676446532821137,1.7660232455570808,single_maturity_ea_slope
2024-09-01,IT,PSPP,332402.6666666666,0.0,3.30272911940953,1.7660232455570808,single_maturity_ea_slope
2024-10-01,IT,PSPP,328753.77777777775,302.6406720558057,3.2109700037730597,1.7673534193453404,single_maturity_ea_slope
2024-11-01,IT,PSPP,324638.2222222222,0.0,3.295039078046458,1.7673534193453404,single_maturity_ea_slope
2024-12-01,IT,PSPP,318032.8888888889,0.0,3.052504085271039,1.7673534193453404,single_maturity_ea_slope
2025-01-01,IT,PSPP,316058.6666666666,1774.3974016449001,3.3739604572711936,1.7763731351583123,single_maturity_ea_slope
2025-02-01,IT,PSPP,311507.55555555556,0.0,3.2711403428039314,1.7763731351583123,single_maturity_ea_slope
2025-03-01,IT,PSPP,305881.77777777775,0.0,3.4749059385745236,1.7763731351583123,single_maturity_ea_slope
2025-04-01,IT,PSPP,303873.77777777775,1557.055685055684,3.209871227239969,1.7837184097987075,single_maturity_ea_slope
2025-05-01,IT,PSPP,301153.77777777775,831.5869305490619,3.122901602910203,1.7874163452827654,single_maturity_ea_slope
2025-06-01,IT,PSPP,295301.3333333333,0.0,3.039366235728798,1.7874163452827654,single_maturity_ea_slope
2025-07-01,IT,PSPP,291510.2222222222,0.0,3.045635485589135,1.7874163452827654,single_maturity_ea_slope
2025-08-01,IT,PSPP,288708.44444444444,558.1832897905074,3.0422063484354704,1.789842331863462,single_maturity_ea_slope
2025-09-01,IT,PSPP,286708.44444444444,1341.5329218106995,3.0682723247627273,1.7958242133076163,single_maturity_ea_slope
2025-10-01,IT,PSPP,286708.44444444444,3355.669995838535,2.9744514138913036,1.8096190073219385,single_maturity_ea_slope
2025-11-01,IT,PSPP,282902.2222222222,0.0,2.9976372809295753,1.8096190073219385,single_maturity_ea_slope
2025-12-01,IT,PSPP,277512.8888888889,0.0,3.097085486152024,1.8096190073219385,single_maturity_ea_slope
2026-01-01,IT,PSPP,276416.0,2133.0097248086204,3.0224675463935715,1.8189781534225973,single_maturity_ea_slope
2026-02-01,IT,PSPP,272432.8888888889,0.0,2.9213473117113935,1.8189781534225973,single_maturity_ea_slope
2026-03-01,IT,PSPP,267352.0,0.0,3.3674401080250913,1.8189781534225973,single_maturity_ea_slope
2026-04-01,IT,PSPP,263076.44444444444,0.0,3.4595644572831876,1.8189781534225973,single_maturity_ea_slope
2026-05-01,IT,PSPP,262991.1111111111,2938.533844189036,3.499910573757031,1.8377600688496187,single_maturity_ea_slope
2026-06-01,IT,PSPP,257282.66666666666,0.0,3.422046986022699,1.8377600688496187,single_maturity_ea_slope
2026-07-01,IT,PSPP,254059.55555555553,0.0,3.574836746699544,1.8377600688496187,single_maturity_ea_slope
2026-08-01,IT,PSPP,251431.1111111111,240.34005821540313,3.677036371391655,1.8395182115538913,single_maturity_ea_slope
2020-03-01,LT,PEPP,0.0,0.0,,,missing_wam
2020-04-01,LT,PEPP,500.507,500.507,0.1637056184269497,0.1637056184269497,single_maturity_ea_slope
2020-05-01,LT,PEPP,933.45,437.60842692020884,0.1316994529252708,0.14870088572896098,single_maturity_ea_slope
2020-06-01,LT,PEPP,1266.825,342.5697399527187,-0.024921922989384476,0.10175050155395321,single_maturity_ea_slope
2020-07-01,LT,PEPP,1416.177,160.814404994571,0.007951554864070981,0.0910991339628605,single_maturity_ea_slope
2020-08-01,LT,PEPP,1685.544,279.2097648040035,0.11075249271881263,0.0943547058588526,single_maturity_ea_slope
2020-09-01,LT,PEPP,1767.332,93.48342048293091,0.10997153013703018,0.09518076126361237,single_maturity_ea_slope
2020-10-01,LT,PEPP,1806.448,51.37891978906465,0.11327300412061489,0.0956953400915411,single_maturity_ea_slope
2020-11-01,LT,PEPP,1849.1200000000001,55.45106055461237,0.10786661780324433,0.09606033006375418,single_maturity_ea_slope
2020-12-01,LT,PEPP,1890.0140000000001,54.27015740740741,0.1041854426378038,0.09629363581617008,single_maturity_ea_slope
2021-01-01,LT,PEPP,1941.576,65.26967333913538,0.10171155552033781,0.09647576922185118,single_maturity_ea_slope
2021-02-01,LT,PEPP,2026.92,99.04408467400513,0.09578236163896128,0.0964418863259533,single_maturity_ea_slope
2021-03-01,LT,PEPP,2102.485,90.24006516072986,0.06841102210204505,0.09523878284884071,single_maturity_ea_slope
2021-04-01,LT,PEPP,2133.6,46.53815874413124,0.05304920572203123,0.09431854229874921,single_maturity_ea_slope
2021-05-01,LT,PEPP,2226.945,109.34860036003626,0.02732817608639032,0.09102914683414288,single_maturity_ea_slope
2021-06-01,LT,PEPP,2246.503,36.4749325432999,0.028183427956090273,0.09000876388486032,single_maturity_ea_slope
2021-07-01,LT,PEPP,2308.733,79.17195324283561,0.05039278299984348,0.0886502375475586,single_maturity_ea_slope
2021-08-01,LT,PEPP,2367.407,75.36041948540039,0.08066516123759729,0.0883960528212561,single_maturity_ea_slope
2021-09-01,LT,PEPP,2458.974,108.78200145433392,0.06654171238146686,0.08742924353677213,single_maturity_ea_slope
2021-10-01,LT,PEPP,2512.314,71.58706144256425,0.0521764588976634,0.08642473404473357,single_maturity_ea_slope
2021-11-01,LT,PEPP,2611.882,118.53172282608716,0.06028342566642131,0.08523839625496765,single_maturity_ea_slope
2021-12-01,LT,PEPP,2651.887,59.846096931024114,0.07380070423096638,0.08498027770559674,single_maturity_ea_slope
2022-01-01,LT,PEPP,2781.681,150.9212068196302,0.04607709504321425,0.08286957008796146,single_maturity_ea_slope
2022-02-01,LT,PEPP,2829.687,70.4244477756285,0.07039237185234032,0.0825590411158417,single_maturity_ea_slope
2022-03-01,LT,PEPP,2858.135,51.40878383641707,0.057558223324710306,0.08210935569595848,single_maturity_ea_slope
2022-04-01,LT,PEPP,2859.024,24.26269152764115,0.08618952028411406,0.08214398141955662,single_maturity_ea_slope
2022-05-01,LT,PEPP,2859.024,23.542687747035572,0.06857307496049111,0.08203223153105971,single_maturity_ea_slope
2022-06-01,LT,PEPP,2866.136,30.865938185443753,0.06163039083564356,0.08181252040996358,single_maturity_ea_slope
2022-07-01,LT,PEPP,2875.915,33.807638497652576,-0.006912326311778877,0.08076952103629353,single_maturity_ea_slope
2022-08-01,LT,PEPP,2882.138,30.5539221658206,0.017544577405537914,0.08009926513368495,single_maturity_ea_slope
2022-09-01,LT,PEPP,2851.9120000000003,0.0,0.08562494255911143,0.08009926513368495,single_maturity_ea_slope
2022-10-01,LT,PEPP,2858.135,30.473952380952337,0.030426671221819607,0.07956964695207053,single_maturity_ea_slope
2022-11-01,LT,PEPP,2864.358,30.77742439862539,2.8142990393722873,0.10895421659242692,single_maturity_ea_slope
2022-12-01,LT,PEPP,2868.803,29.30921874999971,2.8468832738237237,0.1369263574680369,single_maturity_ea_slope
2023-01-01,LT,PEPP,2894.584,51.05234425651862,2.8569734341784008,0.18490035986498055,single_maturity_ea_slope
2023-02-01,LT,PEPP,2904.363,35.549868945868944,2.8714780824913166,0.21778450208558356,single_maturity_ea_slope
2023-03-01,LT,PEPP,2937.256,59.17207166123781,2.8562440661585926,0.27093721277903565,single_maturity_ea_slope
2023-04-01,LT,PEPP,2858.135,0.0,2.8233246323029535,0.27093721277903565,single_maturity_ea_slope
2023-05-01,LT,PEPP,2877.693,45.16852867383512,2.7943660661334455,0.31054517947983434,single_maturity_ea_slope
2023-06-01,LT,PEPP,2863.469,11.617352370689499,2.845397572235727,0.3208293045932302,single_maturity_ea_slope
2023-07-01,LT,PEPP,2875.915,38.468073791348516,2.871078100154089,0.35494128594661956,single_maturity_ea_slope
2023-08-01,LT,PEPP,2787.904,0.0,2.816301384720173,0.35494128594661956,single_maturity_ea_slope
2023-09-01,LT,PEPP,2796.794,33.76423269093492,2.8128813337671428,0.38461471191756336,single_maturity_ea_slope
2023-10-01,LT,PEPP,2817.241,45.69793896713627,2.77697261789496,0.4234207017405501,single_maturity_ea_slope
2023-11-01,LT,PEPP,2828.7980000000002,37.271138371668734,2.783764060855704,0.4545196646011822,single_maturity_ea_slope
2023-12-01,LT,PEPP,2836.799,34.077677728613324,2.762496266499053,0.4822447458792903,single_maturity_ea_slope
2024-01-01,LT,PEPP,2786.126,0.0,2.7336233676702273,0.4822447458792903,single_maturity_ea_slope
2024-02-01,LT,PEPP,2822.575,61.99104253758671,2.7694664883048987,0.5324780471476709,single_maturity_ea_slope
2024-03-01,LT,PEPP,2859.024,62.64216072754275,2.8000340166949247,0.5821609478519245,single_maturity_ea_slope
2024-04-01,LT,PEPP,2832.354,0.0,2.7823395699531313,0.5821609478519245,single_maturity_ea_slope
2024-05-01,LT,PEPP,2876.804,70.85151006711436,2.805322544167477,0.6369141935447744,single_maturity_ea_slope
2024-06-01,LT,PEPP,2748.788,0.0,2.7944517274384744,0.6369141935447744,single_maturity_ea_slope
2024-07-01,LT,PEPP,2770.1240000000003,46.234442028985754,2.771488983141956,0.672541073195709,single_maturity_ea_slope
2024-08-01,LT,PEPP,2726.563,0.0,2.7246211929793636,0.672541073195709,single_maturity_ea_slope
2024-09-01,LT,PEPP,2737.231,35.44592620865152,2.7027340578251016,0.6988311710071452,single_maturity_ea_slope
2024-10-01,LT,PEPP,2751.455,39.40088557763032,2.6865220269758585,0.7272949401691797,single_maturity_ea_slope
2024-11-01,LT,PEPP,2723.896,0.0,2.7062486213681543,0.7272949401691797,single_maturity_ea_slope
2024-12-01,LT,PEPP,2728.341,29.66625925925897,2.70193698185921,0.7487659523164916,single_maturity_ea_slope
2025-01-01,LT,PEPP,2728.341,25.517592592592592,2.677941846588012,0.7668091237930301,single_maturity_ea_slope
2025-02-01,LT,PEPP,2728.341,25.719654977375566,2.672481417895475,0.784773606203498,single_maturity_ea_slope
2025-03-01,LT,PEPP,2727.452,25.065537671233205,2.5921074695252377,0.8013831725810499,single_maturity_ea_slope
2025-04-01,LT,PEPP,2727.452,26.185215053763443,2.523719079479525,0.8179186555581858,single_maturity_ea_slope
2025-05-01,LT,PEPP,2602.103,0.0,2.5537649138149523,0.8179186555581858,single_maturity_ea_slope
2025-06-01,LT,PEPP,2602.103,24.20110677083333,2.5672495289350477,0.8341884739489677,single_maturity_ea_slope
2025-07-01,LT,PEPP,2602.103,24.446664787673807,2.5384188498427656,0.8501996574879924,single_maturity_ea_slope
2025-08-01,LT,PEPP,2556.764,0.0,2.5397125566498095,0.8501996574879924,single_maturity_ea_slope
2025-09-01,LT,PEPP,2554.097,21.32665615615624,2.5344467119959995,0.8642630849198836,single_maturity_ea_slope
2025-10-01,LT,PEPP,2441.194,0.0,2.5825339102217386,0.8642630849198836,single_maturity_ea_slope
2025-11-01,LT,PEPP,2391.41,0.0,2.5954687730649,0.8642630849198836,single_maturity_ea_slope
2025-12-01,LT,PEPP,2391.41,21.47458692528736,2.5939666374580947,0.8797956240051764,single_maturity_ea_slope
2026-01-01,LT,PEPP,2337.181,0.0,2.5991034376663413,0.8797956240051764,single_maturity_ea_slope
2026-02-01,LT,PEPP,2337.181,20.830490196078433,2.5904128340322914,0.8950417666970403,single_maturity_ea_slope
2026-03-01,LT,PEPP,2337.181,21.032946364290858,2.6387040950685914,0.9107334723159347,single_maturity_ea_slope
2026-04-01,LT,PEPP,2337.181,21.216240014524328,2.634397336076625,0.9263803846594414,single_maturity_ea_slope
2026-05-01,LT,PEPP,2337.181,21.426301796846353,2.6429623985933812,0.9421172934780511,single_maturity_ea_slope
2026-06-01,LT,PEPP,2274.951,0.0,2.6669943321255456,0.9421172934780511,single_maturity_ea_slope
2026-07-01,LT,PEPP,2274.951,20.606440217391306,2.6649128909317397,0.9577223260636825,single_maturity_ea_slope
2026-08-01,LT,PEPP,2232.279,0.0,2.6680323757013693,0.9577223260636825,single_maturity_ea_slope
2015-03-01,LT,PSPP,34.666666666666664,34.666666666666664,0.7188821186333549,0.7188821186333549,single_maturity_ea_slope
2015-04-01,LT,PSPP,108.44444444444444,74.33120476798636,0.200995485248263,0.3639064664461078,single_maturity_ea_slope
2015-05-01,LT,PSPP,217.77777777777777,110.81481481481481,0.3887413601412826,0.3765435416052852,single_maturity_ea_slope
2015-06-01,LT,PSPP,336.0,121.30340187386028,0.60418989625044,0.4587288905417153,single_maturity_ea_slope
2015-07-01,LT,PSPP,448.0,116.92091388400704,0.8050785835857079,0.5491206821357978,single_maturity_ea_slope
2015-08-01,LT,PSPP,575.1111111111111,133.8378378378378,0.878578730529777,0.6257910020156113,single_maturity_ea_slope
2015-09-01,LT,PSPP,686.2222222222222,119.88875322208654,0.854784252544781,0.6657980353251864,single_maturity_ea_slope
2015-10-01,LT,PSPP,787.5555555555555,112.02215299411566,0.8971974614183779,0.6987123633744328,single_maturity_ea_slope
2015-11-01,LT,PSPP,891.5555555555555,115.67787004085936,0.7738636003955213,0.7084631130336821,single_maturity_ea_slope
2015-12-01,LT,PSPP,984.0,104.82716049382717,0.7072430712818596,0.7083331399518452,single_maturity_ea_slope
2016-01-01,LT,PSPP,1080.888888888889,110.05100766898522,0.7205587975466667,0.7095778987346921,single_maturity_ea_slope
2016-02-01,LT,PSPP,1177.7777777777776,110.8322440087144,0.7968052888515289,0.7177862446281877,single_maturity_ea_slope
2016-03-01,LT,PSPP,1288.888888888889,125.84807029251493,0.8129607619991732,0.7270791553324498,single_maturity_ea_slope
2016-04-01,LT,PSPP,1381.3333333333333,108.74298881582635,0.7357070502440384,0.7277583708825525,single_maturity_ea_slope
2016-05-01,LT,PSPP,1481.7777777777776,117.99186991869908,0.3004976689347706,0.6937362051289268,single_maturity_ea_slope
2016-06-01,LT,PSPP,1575.111111111111,112.01434414747591,0.37977825059894676,0.67140902191088,single_maturity_ea_slope
2016-07-01,LT,PSPP,1639.111111111111,84.2248473434914,0.41393913817984096,0.6581790697094742,single_maturity_ea_slope
2016-08-01,LT,PSPP,1681.7777777777776,63.975963482983616,0.433922277992919,0.6496481897637141,single_maturity_ea_slope
2016-09-01,LT,PSPP,1746.6666666666665,86.82130643945983,0.31485178988754525,0.6330065137168762,single_maturity_ea_slope
2016-10-01,LT,PSPP,1857.7777777777776,133.19844882819083,-0.1907168006782936,0.5739474222294676,single_maturity_ea_slope
2016-11-01,LT,PSPP,1945.7777777777776,111.45679012345678,-0.3105180744748122,0.5232840389986275,single_maturity_ea_slope
2016-12-01,LT,PSPP,2012.4444444444443,91.34675009865276,-0.447607929686437,0.47921433745675623,single_maturity_ea_slope
2017-01-01,LT,PSPP,2074.6666666666665,87.32756708804608,-0.44644950388115007,0.44025098372664,single_maturity_ea_slope
2017-02-01,LT,PSPP,2132.4444444444443,83.62066101976421,-0.4929402601118625,0.40365726665657525,single_maturity_ea_slope
2017-03-01,LT,PSPP,2199.111111111111,92.87665246367297,-0.457303451957011,0.3672956889975244,single_maturity_ea_slope
2017-04-01,LT,PSPP,2249.777777777778,77.73598118059004,-0.41184044185003593,0.3403744027251937,single_maturity_ea_slope
2017-05-01,LT,PSPP,2296.0,73.91520323868916,-0.42416359963943756,0.31576160576156864,single_maturity_ea_slope
2017-06-01,LT,PSPP,2329.777777777778,61.587855297157674,-0.3778314252432257,0.2974264204764789,single_maturity_ea_slope
2017-07-01,LT,PSPP,2382.222222222222,80.95371730026639,-0.4333064414432061,0.27259433681357087,single_maturity_ea_slope
2017-08-01,LT,PSPP,2385.777777777778,32.36811266999956,-0.4061711166356535,0.2633854503538219,single_maturity_ea_slope
2017-09-01,LT,PSPP,2411.555555555555,54.549820442728866,-0.4179405233937275,0.2479737342748472,single_maturity_ea_slope
2017-10-01,LT,PSPP,2464.8888888888887,82.54306632213624,-0.4273172897288943,0.22535989880650253,single_maturity_ea_slope
2017-11-01,LT,PSPP,2526.222222222222,91.36365605371468,-0.4164987551436295,0.20214636170008973,single_maturity_ea_slope
2017-12-01,LT,PSPP,2581.333333333333,85.93373461309014,-0.36453263278610143,0.18328136596546069,single_maturity_ea_slope
2018-01-01,LT,PSPP,2645.333333333333,95.4950382300309,-0.35584295251259584,0.1638192827734995,single_maturity_ea_slope
2018-02-01,LT,PSPP,2466.6666666666665,0.0,-0.19236459076665752,0.1638192827734995,single_maturity_ea_slope
2018-03-01,LT,PSPP,2469.333333333333,27.52223565766477,-0.16764702931102232,0.16012488727386373,single_maturity_ea_slope
2018-04-01,LT,PSPP,2506.6666666666665,62.675424192665716,-0.17597499806119787,0.15172121591037385,single_maturity_ea_slope
2018-05-01,LT,PSPP,2484.4444444444443,3.159173754556548,-0.17642433430880466,0.15130395207811348,single_maturity_ea_slope
2018-06-01,LT,PSPP,2538.6666666666665,79.16644355198567,-0.1672714962522523,0.14136941219603846,single_maturity_ea_slope
2018-07-01,LT,PSPP,2576.0,63.291070211315756,-0.15197069006022773,0.1341621882023677,single_maturity_ea_slope
2018-08-01,LT,PSPP,2612.4444444444443,63.17752871177519,-0.1578686888443009,0.12709991778411034,single_maturity_ea_slope
2018-09-01,LT,PSPP,2757.333333333333,170.2622809289474,-0.09543892528329151,0.1133583905781342,single_maturity_ea_slope
2018-10-01,LT,PSPP,2768.8888888888887,38.49316139116853,-0.10390540810152754,0.11033798390865944,single_maturity_ea_slope
2018-11-01,LT,PSPP,2793.777777777778,51.87611002815706,-0.10415243257691792,0.10635523032886628,single_maturity_ea_slope
2018-12-01,LT,PSPP,2812.4444444444443,46.18614832326401,-0.07638696760571645,0.10335422589110815,single_maturity_ea_slope
2019-01-01,LT,PSPP,2832.0,47.25890902723064,-0.07917329710917326,0.1003083037144005,single_maturity_ea_slope
2019-02-01,LT,PSPP,2841.777777777778,37.9400689472289,-0.055319180800952605,0.0982305488882601,single_maturity_ea_slope
2019-03-01,LT,PSPP,2854.222222222222,40.2396105025212,-0.0203301571169211,0.09655904742162306,single_maturity_ea_slope
2019-04-01,LT,PSPP,2817.777777777778,0.0,-0.026669723648118093,0.09655904742162306,single_maturity_ea_slope
2019-05-01,LT,PSPP,2854.222222222222,64.90684624017948,-0.03544778540722948,0.09355712727176015,single_maturity_ea_slope
2019-06-01,LT,PSPP,2855.111111111111,28.74039378957392,0.028350032001502212,0.09290073334416545,single_maturity_ea_slope
2019-07-01,LT,PSPP,2956.4444444444443,128.03657978966635,0.06446785225253615,0.09166937286472894,single_maturity_ea_slope
2019-08-01,LT,PSPP,2973.333333333333,44.50888556718133,0.12708676401573554,0.092199548406151,single_maturity_ea_slope
2019-09-01,LT,PSPP,3088.8888888888887,142.54659888646827,0.14024593364403942,0.09441680161622472,single_maturity_ea_slope
2019-10-01,LT,PSPP,3160.8888888888887,99.01022113404065,0.15229575820879626,0.09622977527416701,single_maturity_ea_slope
2019-11-01,LT,PSPP,3228.4444444444443,95.51812534402778,0.14124565277199724,0.09756163410070139,single_maturity_ea_slope
2019-12-01,LT,PSPP,3293.333333333333,93.60148622475177,0.12830008242306,0.09843526703001783,single_maturity_ea_slope
2020-01-01,LT,PSPP,3358.222222222222,94.59066859066884,0.13430422052810362,0.09944558381923448,single_maturity_ea_slope
2020-02-01,LT,PSPP,3390.222222222222,62.651900531418605,0.14450135507633555,0.10027822236447885,single_maturity_ea_slope
2020-03-01,LT,PSPP,3412.4444444444443,52.76476476476471,0.16699765709544862,0.10130986854542962,single_maturity_ea_slope
2020-04-01,LT,PSPP,3470.222222222222,88.89050976578334,0.15392305529190248,0.10265756696092229,single_maturity_ea_slope
2020-05-01,LT,PSPP,3442.6666666666665,3.673946084313151,0.1441408987950316,0.10270183715589407,single_maturity_ea_slope
2020-06-01,LT,PSPP,3499.555555555555,88.2428658166361,0.001205111654366292,0.10014255161603716,single_maturity_ea_slope
2020-07-01,LT,PSPP,3629.333333333333,162.21711366538958,0.000879209723699953,0.0957058654988745,single_maturity_ea_slope
2020-08-01,LT,PSPP,3712.8888888888887,116.7912087912089,0.006079876990550209,0.09288662478086672,single_maturity_ea_slope
2020-09-01,LT,PSPP,3823.111111111111,142.96374681559863,0.013191014130075812,0.08990643854712609,single_maturity_ea_slope
2020-10-01,LT,PSPP,3882.6666666666665,92.70775041430619,0.028528830233568975,0.08844090455178948,single_maturity_ea_slope
2020-11-01,LT,PSPP,3977.7777777777774,127.9927732610657,0.04275582716266099,0.08697089791030543,single_maturity_ea_slope
2020-12-01,LT,PSPP,4080.0,135.47011404584163,0.0564763081278383,0.08595837203883192,single_maturity_ea_slope
2021-01-01,LT,PSPP,4171.555555555556,124.53324711714635,0.06439851872865529,0.0853147467761862,single_maturity_ea_slope
2021-02-01,LT,PSPP,4165.333333333333,27.892559880783224,0.027489643381926693,0.08492752922840205,single_maturity_ea_slope
2021-03-01,LT,PSPP,4263.111111111111,131.8751364330937,0.0016029742386372836,0.08234996632396298,single_maturity_ea_slope
2021-04-01,LT,PSPP,4382.222222222222,153.535457938558,-0.0033167534244657737,0.07934854869160948,single_maturity_ea_slope
2021-05-01,LT,PSPP,4376.888888888889,29.183224812714712,-0.004298240708608014,0.07879082764318962,single_maturity_ea_slope
2021-06-01,LT,PSPP,4481.777777777777,139.13684576595352,0.010335203814742816,0.07666562196662584,single_maturity_ea_slope
2021-07-01,LT,PSPP,4585.777777777777,139.13466429741123,0.030231455493245213,0.07525678741831619,single_maturity_ea_slope
2021-08-01,LT,PSPP,4565.333333333333,15.203703703703795,0.04503047395614859,0.07515612622221499,single_maturity_ea_slope
2021-09-01,LT,PSPP,4676.444444444444,146.07843137254923,0.03760622831451885,0.07398317736123322,single_maturity_ea_slope
2021-10-01,LT,PSPP,4753.777777777777,113.05319618426829,0.035772243452617064,0.07307445415003291,single_maturity_ea_slope
2021-11-01,LT,PSPP,4822.222222222222,105.09089663206211,0.05028278085680371,0.07257775423207959,single_maturity_ea_slope
2021-12-01,LT,PSPP,4886.222222222222,101.48618021006081,0.06468230199869904,0.07241376674813901,single_maturity_ea_slope
2022-01-01,LT,PSPP,4976.888888888889,128.29930855069517,0.06035049844847276,0.07210278753677586,single_maturity_ea_slope
2022-02-01,LT,PSPP,5024.888888888889,86.76081689165801,0.08116923581664676,0.07225933079105697,single_maturity_ea_slope
2022-03-01,LT,PSPP,5016.0,30.17274737424011,0.07260679770029696,0.07226142090893443,single_maturity_ea_slope
2022-04-01,LT,PSPP,5145.777777777777,169.32366235677455,0.0951125263155149,0.07301334472364954,single_maturity_ea_slope
2022-05-01,LT,PSPP,5150.222222222222,44.89867225716272,0.08223020899128916,0.07309369561922953,single_maturity_ea_slope
2022-06-01,LT,PSPP,5231.11111111111,121.80263390177574,0.07532868151645208,0.07314573564729103,single_maturity_ea_slope
2022-07-01,LT,PSPP,5277.333333333333,88.259437837066,0.014238646275863104,0.07216055880433878,single_maturity_ea_slope
2022-08-01,LT,PSPP,5307.555555555556,73.08555338964736,0.03431205776833099,0.0716393812840602,single_maturity_ea_slope
2022-09-01,LT,PSPP,5261.333333333333,0.0,0.0953731296994221,0.0716393812840602,single_maturity_ea_slope
2022-10-01,LT,PSPP,5304.888888888889,86.4561861274191,0.04582878388790487,0.07121873424332469,single_maturity_ea_slope
2022-11-01,LT,PSPP,5329.777777777777,68.61530571125012,2.8217130009844054,0.10662846666338222,single_maturity_ea_slope
2022-12-01,LT,PSPP,5355.555555555556,70.23705186668201,2.850342788968924,0.1426117373369962,single_maturity_ea_slope
2023-01-01,LT,PSPP,5434.666666666666,124.69806681042566,2.858935250027229,0.20493760047441828,single_maturity_ea_slope
2023-02-01,LT,PSPP,5473.777777777777,85.84887054236918,2.872185859197155,0.24676981576767565,single_maturity_ea_slope
2023-03-01,LT,PSPP,5489.777777777777,63.56497895184026,2.857224093536302,0.2769957152371935,single_maturity_ea_slope
2023-04-01,LT,PSPP,5474.666666666666,32.84292258715719,2.8250625481778204,0.29228175306132376,single_maturity_ea_slope
2023-05-01,LT,PSPP,5487.11111111111,60.773069679849236,2.796978521777293,0.3200227825702461,single_maturity_ea_slope
2023-06-01,LT,PSPP,5441.777777777777,3.105147520402056,2.8457030199481816,0.3214639677943926,single_maturity_ea_slope
2023-07-01,LT,PSPP,5441.777777777777,48.448876226654,2.868028486977365,0.34413637270164843,single_maturity_ea_slope
2023-08-01,LT,PSPP,5352.888888888889,0.0,2.816137775263119,0.34413637270164843,single_maturity_ea_slope
2023-09-01,LT,PSPP,5352.888888888889,47.70845712022183,2.8130494105607142,0.36614094523158663,single_maturity_ea_slope
2023-10-01,LT,PSPP,5352.888888888889,48.120180590515005,2.7774300588206646,0.38781740256338354,single_maturity_ea_slope
2023-11-01,LT,PSPP,5352.888888888889,48.539072260508604,2.784111305241204,0.40954658194929056,single_maturity_ea_slope
2023-12-01,LT,PSPP,5352.888888888889,49.019129019129025,2.7626936583759214,0.4310955478506333,single_maturity_ea_slope
2024-01-01,LT,PSPP,5150.222222222222,0.0,2.7374511332190874,0.4310955478506333,single_maturity_ea_slope
2024-02-01,LT,PSPP,5150.222222222222,46.09937542268369,2.7705482074241488,0.45203586882783986,single_maturity_ea_slope
2024-03-01,LT,PSPP,5150.222222222222,46.498936639781704,2.797822564773987,0.47321487475006946,single_maturity_ea_slope
2024-04-01,LT,PSPP,5008.888888888889,0.0,2.7838960174482303,0.47321487475006946,single_maturity_ea_slope
2024-05-01,LT,PSPP,5008.888888888889,44.73820015084752,2.801724318601034,0.49401256538825244,single_maturity_ea_slope
2024-06-01,LT,PSPP,4809.777777777777,0.0,2.8013430878028913,0.49401256538825244,single_maturity_ea_slope
2024-07-01,LT,PSPP,4809.777777777777,41.882425790471764,2.777483763112717,0.5138965012792701,single_maturity_ea_slope
2024-08-01,LT,PSPP,4714.666666666666,0.0,2.7400748798238634,0.5138965012792701,single_maturity_ea_slope
2024-09-01,LT,PSPP,4714.666666666666,40.88333911434847,2.7209782022801354,0.5330352603930479,single_maturity_ea_slope
2024-10-01,LT,PSPP,4714.666666666666,41.22653608487816,2.708275344924478,0.5520562474910843,single_maturity_ea_slope
2024-11-01,LT,PSPP,4638.222222222222,0.0,2.728780896597817,0.5520562474910843,single_maturity_ea_slope
2024-12-01,LT,PSPP,4638.222222222222,40.55808169134507,2.7258569343086134,0.5710646480403806,single_maturity_ea_slope
2025-01-01,LT,PSPP,4638.222222222222,40.94475831763967,2.7057196161948487,0.5899087067281849,single_maturity_ea_slope
2025-02-01,LT,PSPP,4638.222222222222,41.29471351693574,2.701154706682,0.6087054125682295,single_maturity_ea_slope
2025-03-01,LT,PSPP,4638.222222222222,41.6507024265645,2.6329839227495233,0.6268832009139667,single_maturity_ea_slope
2025-04-01,LT,PSPP,4638.222222222222,42.012882447665056,2.57328828416225,0.644513681740491,single_maturity_ea_slope
2025-05-01,LT,PSPP,4382.222222222222,0.0,2.607267615772603,0.644513681740491,single_maturity_ea_slope
2025-06-01,LT,PSPP,4382.222222222222,38.04012345679012,2.6177438782755553,0.6616424160854135,single_maturity_ea_slope
2025-07-01,LT,PSPP,4382.222222222222,38.359788359788354,2.5947013622060573,0.678563450277646,single_maturity_ea_slope
2025-08-01,LT,PSPP,4342.222222222222,0.0,2.5875847687558093,0.678563450277646,single_maturity_ea_slope
2025-09-01,LT,PSPP,4338.666666666666,34.73564569860856,2.58255681436642,0.6938069441868706,single_maturity_ea_slope
2025-10-01,LT,PSPP,4121.777777777777,0.0,2.6303771157398077,0.6938069441868706,single_maturity_ea_slope
2025-11-01,LT,PSPP,4026.6666666666665,0.0,2.645595918749775,0.6938069441868706,single_maturity_ea_slope
2025-12-01,LT,PSPP,4026.6666666666665,33.622801157871294,2.643874165658333,0.710090070618663,single_maturity_ea_slope
2026-01-01,LT,PSPP,3922.6666666666665,0.0,2.652937957704734,0.710090070618663,single_maturity_ea_slope
2026-02-01,LT,PSPP,3922.6666666666665,32.365236523652364,2.6449376142354164,0.7260541592623655,single_maturity_ea_slope
2026-03-01,LT,PSPP,3922.6666666666665,32.65623265623265,2.6833471213035116,0.7423486394658383,single_maturity_ea_slope
2026-04-01,LT,PSPP,3922.6666666666665,32.91932415799485,2.678989987177046,0.7586010844785205,single_maturity_ea_slope
2026-05-01,LT,PSPP,3922.6666666666665,33.220415537488705,2.684773654202833,0.7749135215527438,single_maturity_ea_slope
2026-06-01,LT,PSPP,3793.7777777777774,0.0,2.711081998140697,0.7749135215527438,single_maturity_ea_slope
2026-07-01,LT,PSPP,3793.7777777777774,31.48885937730559,2.7084050952493914,0.7909617583862153,single_maturity_ea_slope
2026-08-01,LT,PSPP,3793.7777777777774,31.773683230969663,2.7021350659343053,0.8069682349988457,single_maturity_ea_slope
2020-03-01,LU,PEPP,31.115000000000002,31.115000000000002,-0.602406573227472,-0.602406573227472,single_maturity_ea_slope
2020-04-01,LU,PEPP,120.904,90.209245813074,-0.5042496698154286,-0.5291694575973259,single_maturity_ea_slope
2020-05-01,LU,PEPP,407.162,287.9599144144144,-0.5905405826723822,-0.5725733703498164,single_maturity_ea_slope
2020-06-01,LU,PEPP,626.745,224.76317811704837,-0.6071107935781739,-0.5849591747978442,single_maturity_ea_slope
2020-07-01,LU,PEPP,717.423,98.63969969512195,-0.6642113728597119,-0.5958556933329356,single_maturity_ea_slope
2020-08-01,LU,PEPP,816.102,108.30625442834136,-0.6848949868746093,-0.60767224614183,single_maturity_ea_slope
2020-09-01,LU,PEPP,883.666,78.24037362637371,-0.7329508103206742,-0.6187644932903322,single_maturity_ea_slope
2020-10-01,LU,PEPP,1049.02,175.7110792311298,-0.7459746195848954,-0.640072217242541,single_maturity_ea_slope
2020-11-01,LU,PEPP,1106.805,70.04563581112677,-0.7312330949742085,-0.6458414554026642,single_maturity_ea_slope
2020-12-01,LU,PEPP,1127.252,33.661004297994154,-0.7313761799212969,-0.6483956178522757,single_maturity_ea_slope
2021-01-01,LU,PEPP,1157.478,43.939527980535395,-0.726369305101229,-0.6513556110552747,single_maturity_ea_slope
2021-02-01,LU,PEPP,1179.703,36.643011958146396,-0.7177275851728511,-0.6534172054067989,single_maturity_ea_slope
2021-03-01,LU,PEPP,1219.708,54.94551418439727,-0.7315921373812082,-0.6569388366772868,single_maturity_ea_slope
2021-04-01,LU,PEPP,1357.503,152.6767471937529,-0.7266326201981657,-0.6647772135851784,single_maturity_ea_slope
2021-05-01,LU,PEPP,1535.303,193.86892755681836,-0.6941251298919215,-0.668483093831889,single_maturity_ea_slope
2021-06-01,LU,PEPP,1626.8700000000001,109.79234425451094,-0.6887463547284458,-0.6698505976374013,single_maturity_ea_slope
2021-07-01,LU,PEPP,1642.872,35.50883453237405,-0.7018103262410499,-0.6705413713036922,single_maturity_ea_slope
2021-08-01,LU,PEPP,1645.539,22.624142857142772,-0.7492337278512347,-0.6716232946833853,single_maturity_ea_slope
2021-09-01,LU,PEPP,1649.984,24.700280649926082,-0.7016323616553145,-0.6720725307827954,single_maturity_ea_slope
2021-10-01,LU,PEPP,1674.876,45.66219133937568,-0.5644486912544413,-0.669138379028742,single_maturity_ea_slope
2021-11-01,LU,PEPP,1693.545,40.10878494623665,-0.5397390382067054,-0.6660737717503904,single_maturity_ea_slope
2021-12-01,LU,PEPP,1697.101,25.572965678627185,-0.4948394440469752,-0.663493507178416,single_maturity_ea_slope
2022-01-01,LU,PEPP,1702.435,27.71138660337536,-0.36838492686042557,-0.6586898771078612,single_maturity_ea_slope
2022-02-01,LU,PEPP,1705.102,25.402510149572795,0.09049111267041865,-0.6475286224165232,single_maturity_ea_slope
2022-03-01,LU,PEPP,1630.426,0.0,0.23167296939791066,-0.6475286224165232,single_maturity_ea_slope
2022-04-01,LU,PEPP,1633.982,24.85205538140025,1.1300393318688449,-0.6204926959227782,single_maturity_ea_slope
2022-05-01,LU,PEPP,1648.2060000000001,35.701155625657364,1.3482563714500582,-0.5778483803201501,single_maturity_ea_slope
2022-06-01,LU,PEPP,1658.874,32.57398086124391,1.856644668497029,-0.5300441890560745,single_maturity_ea_slope
2022-07-01,LU,PEPP,1658.874,22.3327140549273,1.4102690385074639,-0.5039225785611426,single_maturity_ea_slope
2022-08-01,LU,PEPP,1659.763,23.51412274959073,1.4929528463754003,-0.47563253121245547,single_maturity_ea_slope
2022-09-01,LU,PEPP,1671.32,34.08364223669926,2.329099684890727,-0.41843493325191794,single_maturity_ea_slope
2022-10-01,LU,PEPP,1678.432,29.832500271886975,2.6772170280332865,-0.3634127232507333,single_maturity_ea_slope
2022-11-01,LU,PEPP,1688.211,32.97457766721946,2.5568812717376987,-0.3063727791034314,single_maturity_ea_slope
2022-12-01,LU,PEPP,1697.99,33.5031568296796,2.6330129242275686,-0.24837555874193545,single_maturity_ea_slope
2023-01-01,LU,PEPP,1708.6580000000001,34.85589173789187,2.7209930349639713,-0.18780171059203693,single_maturity_ea_slope
2023-02-01,LU,PEPP,1715.77,31.493535388127707,2.9439647214623914,-0.13031708447358484,single_maturity_ea_slope
2023-03-01,LU,PEPP,1726.438,35.31986781609207,3.0390966798725123,-0.06547648480466715,single_maturity_ea_slope
2023-04-01,LU,PEPP,1731.772,30.3114016203702,2.9667371656812267,-0.012403305564763309,single_maturity_ea_slope
2023-05-01,LU,PEPP,1739.773,33.14286991869916,2.910465907954777,0.043277679329845734,single_maturity_ea_slope
2023-06-01,LU,PEPP,1745.996,31.70297949619233,3.056581741300356,0.09799184642555739,single_maturity_ea_slope
2023-07-01,LU,PEPP,1641.983,0.0,3.1457475879891423,0.09799184642555739,single_maturity_ea_slope
2023-08-01,LU,PEPP,1650.873,31.43232564524996,3.075882056243203,0.1546903415919269,single_maturity_ea_slope
2023-09-01,LU,PEPP,1654.429,26.40861627906981,3.1579268938566902,0.20262912996183383,single_maturity_ea_slope
2023-10-01,LU,PEPP,1666.875,35.424180555555466,3.24010905098106,0.2671812032463089,single_maturity_ea_slope
2023-11-01,LU,PEPP,1674.876,31.229469899665528,2.9878701211937346,0.31791073347385573,single_maturity_ea_slope
2023-12-01,LU,PEPP,1679.321,28.02152027027021,2.5015260937918598,0.35434702056942846,single_maturity_ea_slope
2024-01-01,LU,PEPP,1679.321,23.962913812785388,2.523256810355091,0.38529607578897274,single_maturity_ea_slope
2024-02-01,LU,PEPP,1679.321,24.295732060185184,2.794836133511619,0.420156319679636,single_maturity_ea_slope
2024-03-01,LU,PEPP,1679.321,24.681378600823045,2.8507089888610624,0.45587872810381924,single_maturity_ea_slope
2024-04-01,LU,PEPP,1679.321,25.034600477042336,2.9299227234965715,0.49276071968689544,single_maturity_ea_slope
2024-05-01,LU,PEPP,1679.321,25.398079249848756,3.0078608593939884,0.5307991368028526,single_maturity_ea_slope
2024-06-01,LU,PEPP,1679.321,25.772268262737875,2.9905648460058414,0.5685487640159126,single_maturity_ea_slope
2024-07-01,LU,PEPP,1679.321,26.206632334581773,2.925293908101014,0.6053269341795378,single_maturity_ea_slope
2024-08-01,LU,PEPP,1679.321,26.605212294043092,2.5412068656642575,0.6359967683285352,single_maturity_ea_slope
2024-09-01,LU,PEPP,1679.321,27.068359123146355,2.381041934288576,0.664124511171218,single_maturity_ea_slope
2024-10-01,LU,PEPP,1679.321,27.493795022920757,2.3675923309167466,0.69201363723123,single_maturity_ea_slope
2024-11-01,LU,PEPP,1679.321,27.93281769793746,2.416383082921698,0.7206957637397209,single_maturity_ea_slope
2024-12-01,LU,PEPP,1679.321,28.443783875338752,2.3391169310612803,0.7481080463840561,single_maturity_ea_slope
2025-01-01,LU,PEPP,1679.321,28.913929063360882,2.52938395026244,0.7787773973461496,single_maturity_ea_slope
2025-02-01,LU,PEPP,1679.321,29.39987745098039,2.3613373911846334,0.806483279591221,single_maturity_ea_slope
2025-03-01,LU,PEPP,1679.321,29.902439458689457,2.4514836634900474,0.8357745969683368,single_maturity_ea_slope
2025-04-01,LU,PEPP,1453.515,0.0,2.221375056986492,0.8357745969683368,single_maturity_ea_slope
2025-05-01,LU,PEPP,1453.515,23.07166666666667,2.2182873705485124,0.8577192441680221,single_maturity_ea_slope
2025-06-01,LU,PEPP,1453.515,23.474079457364343,2.256550568886715,0.8803101893346676,single_maturity_ea_slope
2025-07-01,LU,PEPP,1453.515,23.84375,2.2405503585440427,0.9026238404043753,single_maturity_ea_slope
2025-08-01,LU,PEPP,1453.515,24.27379759519038,2.2112214869384763,0.9244775085161672,single_maturity_ea_slope
2025-09-01,LU,PEPP,1453.515,24.66929735234216,2.261411684094318,0.9471681768050021,single_maturity_ea_slope
2025-10-01,LU,PEPP,1453.515,25.07789855072464,2.265905176996637,0.9699207130401925,single_maturity_ea_slope
2025-11-01,LU,PEPP,1453.515,25.5540611814346,2.31580997548315,0.99358261990452,single_maturity_ea_slope
2025-12-01,LU,PEPP,1453.515,25.992757510729614,2.436898823115373,1.0193929954984193,single_maturity_ea_slope
2026-01-01,LU,PEPP,1453.515,26.50464989059081,2.367250457865119,1.043970994447484,single_maturity_ea_slope
2026-02-01,LU,PEPP,1453.515,26.916944444444447,2.2536665540681247,1.0663727640700884,single_maturity_ea_slope
2026-03-01,LU,PEPP,1453.515,27.466269841269842,2.6039972286185837,1.0954284039897502,single_maturity_ea_slope
2026-04-01,LU,PEPP,1453.515,27.973729792147807,2.7617443796578462,1.1274976106038397,single_maturity_ea_slope
2026-05-01,LU,PEPP,1453.515,28.500294117647062,2.814599123883437,1.1605780324328514,single_maturity_ea_slope
2026-06-01,LU,PEPP,1453.515,29.11688701923077,2.7651176664162422,1.1927202526648906,single_maturity_ea_slope
2026-07-01,LU,PEPP,1453.515,29.687806372549023,2.873239920326812,1.2270445922821684,single_maturity_ea_slope
2026-08-01,LU,PEPP,1453.515,30.357456140350877,2.9619867930602854,1.2632798095081108,single_maturity_ea_slope
2015-03-01,LU,PSPP,162.66666666666666,162.66666666666666,-0.22443403825436561,-0.22443403825436561,single_maturity_ea_slope
2015-04-01,LU,PSPP,344.88888888888886,184.195374413715,-0.2587179002609418,-0.24274407665251155,single_maturity_ea_slope
2015-05-01,LU,PSPP,419.55555555555554,78.95632946379217,-0.1318739930382254,-0.22187939083531083,single_maturity_ea_slope
2015-06-01,LU,PSPP,651.5555555555555,237.46296296296296,-0.10177099217090357,-0.1781052322384005,single_maturity_ea_slope
2015-07-01,LU,PSPP,722.6666666666666,79.74327268444912,-0.21563484757445062,-0.18224646980687623,single_maturity_ea_slope
2015-08-01,LU,PSPP,799.1111111111111,86.08000000000001,-0.2587764958406736,-0.1904902603754112,single_maturity_ea_slope
2015-09-01,LU,PSPP,921.7777777777777,133.2537243125478,-0.28891144280569053,-0.20471818973784067,single_maturity_ea_slope
2015-10-01,LU,PSPP,927.1111111111111,17.70286873024397,-0.3744840116175315,-0.2079598098884355,single_maturity_ea_slope
2015-11-01,LU,PSPP,953.7777777777777,39.290728637133824,-0.5073901254674527,-0.22029479561494045,single_maturity_ea_slope
2015-12-01,LU,PSPP,991.1111111111111,50.44908935337982,-0.5069590728077215,-0.23488645095246127,single_maturity_ea_slope
2016-01-01,LU,PSPP,1141.3333333333333,163.8289096345109,-0.04282049863967852,-0.2073169805564474,single_maturity_ea_slope
2016-02-01,LU,PSPP,1239.111111111111,113.39536580915896,-0.2143965474493275,-0.20796485633642384,single_maturity_ea_slope
2016-03-01,LU,PSPP,1367.111111111111,144.76286676286676,-0.21780030078921603,-0.20900632774522246,single_maturity_ea_slope
2016-04-01,LU,PSPP,1398.2222222222222,49.84892787524363,-0.2612931987560804,-0.21087044091723312,single_maturity_ea_slope
2016-05-01,LU,PSPP,1412.4444444444443,33.641975308641925,-0.2570771483814,-0.2119710044953033,single_maturity_ea_slope
2016-06-01,LU,PSPP,1435.5555555555554,42.86005468555801,-0.3358241551234836,-0.21566877347983288,single_maturity_ea_slope
2016-07-01,LU,PSPP,1440.888888888889,25.643966547192505,-0.4676528794255209,-0.22015341628131796,single_maturity_ea_slope
2016-08-01,LU,PSPP,1440.888888888889,20.666794160770063,-0.4939745443619522,-0.2240808564431171,single_maturity_ea_slope
2016-09-01,LU,PSPP,1449.7777777777776,29.844224678430407,-0.5233991388028519,-0.2302424366563262,single_maturity_ea_slope
2016-10-01,LU,PSPP,1452.4444444444443,24.04981973123573,-0.47994546444368563,-0.23437706144531545,single_maturity_ea_slope
2016-11-01,LU,PSPP,1519.111111111111,88.59366612989808,-0.43608664558800825,-0.24614064570326194,single_maturity_ea_slope
2016-12-01,LU,PSPP,1549.3333333333333,53.49291938997816,-0.47984109724992785,-0.2542094835363002,single_maturity_ea_slope
2017-01-01,LU,PSPP,1558.2222222222222,32.88723667905826,-0.440758295805106,-0.2581467107518972,single_maturity_ea_slope
2017-02-01,LU,PSPP,1624.0,89.56016822683495,-0.37067413454914155,-0.2643523603857726,single_maturity_ea_slope
2017-03-01,LU,PSPP,1683.5555555555554,83.98395507420766,-0.30877248173264826,-0.2665682524977236,single_maturity_ea_slope
2017-04-01,LU,PSPP,1727.111111111111,68.78870237143629,-0.3443627042424152,-0.26966670942547266,single_maturity_ea_slope
2017-05-01,LU,PSPP,1799.111111111111,97.6552452630884,-0.27890669110553956,-0.2701682530331024,single_maturity_ea_slope
2017-06-01,LU,PSPP,1848.8888888888887,76.31333988856095,-0.2814961248310571,-0.270635813704772,single_maturity_ea_slope
2017-07-01,LU,PSPP,1903.111111111111,81.30026687495949,-0.179923660729421,-0.2667606210254584,single_maturity_ea_slope
2017-08-01,LU,PSPP,1944.8888888888887,69.60103963612718,-0.27210580704517084,-0.266951907276383,single_maturity_ea_slope
2017-09-01,LU,PSPP,1993.7777777777776,77.3729089370566,-0.3055611539707971,-0.26845022356915704,single_maturity_ea_slope
2017-10-01,LU,PSPP,2028.4444444444443,64.02146315927241,-0.30585889104720565,-0.2696309103921769,single_maturity_ea_slope
2017-11-01,LU,PSPP,2055.111111111111,56.69100717058073,-0.35681870902554824,-0.27203601836458197,single_maturity_ea_slope
2017-12-01,LU,PSPP,2120.0,95.14670854600209,-0.31972119691227785,-0.2741761541123374,single_maturity_ea_slope
2018-01-01,LU,PSPP,2144.0,55.43534994068802,-0.19067641017875903,-0.2720171813861641,single_maturity_ea_slope
2018-02-01,LU,PSPP,2166.222222222222,54.29882306004384,-0.09658212324275195,-0.2676197021788437,single_maturity_ea_slope
2018-03-01,LU,PSPP,2190.222222222222,56.821548821548824,-0.15604271231401412,-0.2647250290663897,single_maturity_ea_slope
2018-04-01,LU,PSPP,2225.777777777778,68.92274358453528,-0.1921024665496659,-0.262476221344089,single_maturity_ea_slope
2018-05-01,LU,PSPP,2235.5555555555557,44.18992647564082,-0.22816117332063868,-0.2617979203976437,single_maturity_ea_slope
2018-06-01,LU,PSPP,2240.0,39.52849271116681,-0.287427094115671,-0.2622501894184054,single_maturity_ea_slope
2018-07-01,LU,PSPP,2245.333333333333,41.02485659655801,-0.3010153277259855,-0.2629584736701932,single_maturity_ea_slope
2018-08-01,LU,PSPP,2286.222222222222,76.80272979313312,-0.29373431447224657,-0.26399234892619483,single_maturity_ea_slope
2018-09-01,LU,PSPP,2305.777777777778,56.62141518950868,-0.2628218789063971,-0.26396360649073697,single_maturity_ea_slope
2018-10-01,LU,PSPP,2309.333333333333,41.60469380271326,-0.25336055466030527,-0.26377258308220086,single_maturity_ea_slope
2018-11-01,LU,PSPP,2316.4444444444443,45.75457385095959,-0.30866387351808033,-0.26465927901330305,single_maturity_ea_slope
2018-12-01,LU,PSPP,2322.6666666666665,45.53730104850263,-0.31011388007445634,-0.2655504442770349,single_maturity_ea_slope
2019-01-01,LU,PSPP,2324.4444444444443,41.85139176443529,-0.33428413158959025,-0.266787987502474,single_maturity_ea_slope
2019-02-01,LU,PSPP,2326.222222222222,42.5575048732944,-0.3562695132729746,-0.2684250239096879,single_maturity_ea_slope
2019-03-01,LU,PSPP,2328.0,43.287810294234326,-0.4003488454241827,-0.2708780708852076,single_maturity_ea_slope
2019-04-01,LU,PSPP,2334.222222222222,48.48801742919385,-0.4515259206720622,-0.27463060824245733,single_maturity_ea_slope
2019-05-01,LU,PSPP,2336.0,44.90826968875754,-0.521418776226527,-0.27937497023039526,single_maturity_ea_slope
2019-06-01,LU,PSPP,2336.8888888888887,44.831703034863104,-0.6132576321574135,-0.28578029331578964,single_maturity_ea_slope
2019-07-01,LU,PSPP,2352.0,59.98224953063683,-0.7035950637443802,-0.29643568014292976,single_maturity_ea_slope
2019-08-01,LU,PSPP,2354.6666666666665,48.784313725490044,-0.8286487243667242,-0.3074621445192937,single_maturity_ea_slope
2019-09-01,LU,PSPP,2376.0,68.38902211564097,-0.7757900389249578,-0.3209421473508932,single_maturity_ea_slope
2019-10-01,LU,PSPP,2379.555555555555,51.96631350176547,-0.7004128625074308,-0.32922928067817536,single_maturity_ea_slope
2019-11-01,LU,PSPP,2407.111111111111,76.63879721305473,-0.6203407886021941,-0.3384978332261619,single_maturity_ea_slope
2019-12-01,LU,PSPP,2417.777777777778,61.19376807538046,-0.6182483609962053,-0.34557829739150786,single_maturity_ea_slope
2020-01-01,LU,PSPP,2488.8888888888887,121.73459892052833,-0.6047843163110852,-0.35825638072894783,single_maturity_ea_slope
2020-02-01,LU,PSPP,2506.6666666666665,70.82315051624519,-0.6990943592326421,-0.36788638848954086,single_maturity_ea_slope
2020-03-01,LU,PSPP,2548.4444444444443,95.7542348550101,-0.6648685493380654,-0.37904507772038937,single_maturity_ea_slope
2020-04-01,LU,PSPP,2632.0,138.2901870943109,-0.5399585677187267,-0.387499772491616,single_maturity_ea_slope
2020-05-01,LU,PSPP,2092.4444444444443,0.0,-0.5927504016935325,-0.387499772491616,single_maturity_ea_slope
2020-06-01,LU,PSPP,2129.777777777778,72.13779847711999,-0.6240572707315479,-0.3955122221069413,single_maturity_ea_slope
2020-07-01,LU,PSPP,2189.333333333333,95.33811230585388,-0.6702463473293954,-0.40747597037949407,single_maturity_ea_slope
2020-08-01,LU,PSPP,2242.6666666666665,90.49106132609202,-0.6879744345324119,-0.41879401603416244,single_maturity_ea_slope
2020-09-01,LU,PSPP,2353.777777777778,148.79032258064535,-0.7323123176542196,-0.43861257735859877,single_maturity_ea_slope
2020-10-01,LU,PSPP,2466.6666666666665,150.53728584630676,-0.7548584260332939,-0.45791262805575433,single_maturity_ea_slope
2020-11-01,LU,PSPP,2583.111111111111,155.15547185603674,-0.7451332436512651,-0.47516463473398574,single_maturity_ea_slope
2020-12-01,LU,PSPP,2656.8888888888887,113.5669199698775,-0.7446861647109769,-0.48668515038409876,single_maturity_ea_slope
2021-01-01,LU,PSPP,2749.333333333333,132.481950304735,-0.7337917726426756,-0.49859246145952246,single_maturity_ea_slope
2021-02-01,LU,PSPP,2814.222222222222,105.94822779769041,-0.7354234850696058,-0.5075085403110311,single_maturity_ea_slope
2021-03-01,LU,PSPP,2872.8888888888887,100.9222555889221,-0.7538309465824127,-0.5161616465759982,single_maturity_ea_slope
2021-04-01,LU,PSPP,2936.8888888888887,107.05888622435384,-0.766736339644037,-0.5252958864368813,single_maturity_ea_slope
2021-05-01,LU,PSPP,2985.777777777778,92.6707745312399,-0.7588343647345539,-0.5325443132380212,single_maturity_ea_slope
2021-06-01,LU,PSPP,3048.8888888888887,107.62181143576467,-0.7464334254814182,-0.5400943206488884,single_maturity_ea_slope
2021-07-01,LU,PSPP,3125.333333333333,121.73394071433276,-0.7368893482582307,-0.5477596259679599,single_maturity_ea_slope
2021-08-01,LU,PSPP,3191.111111111111,112.12020561486759,-0.7705257376404859,-0.5555865493733475,single_maturity_ea_slope
2021-09-01,LU,PSPP,3308.4444444444443,164.15127803860213,-0.7365579476573767,-0.5645655988377083,single_maturity_ea_slope
2021-10-01,LU,PSPP,3360.0,100.52601802513001,-0.6147125538878324,-0.5660659183934447,single_maturity_ea_slope
2021-11-01,LU,PSPP,3392.8888888888887,82.97833432717134,-0.5892986829029445,-0.5666341115067314,single_maturity_ea_slope
2021-12-01,LU,PSPP,3441.7777777777774,100.57823820163836,-0.5332886289279478,-0.565659664547543,single_maturity_ea_slope
2022-01-01,LU,PSPP,3468.4444444444443,79.8790627362059,-0.42835550048261467,-0.5624975184872674,single_maturity_ea_slope
2022-02-01,LU,PSPP,3508.4444444444443,93.92482034273078,-0.0015215854731047695,-0.5474795911524384,single_maturity_ea_slope
2022-03-01,LU,PSPP,3232.8888888888887,0.0,0.1542392444701277,-0.5474795911524384,single_maturity_ea_slope
2022-04-01,LU,PSPP,3273.7777777777774,87.74235104669867,1.0416698381573988,-0.5048879076122035,single_maturity_ea_slope
2022-05-01,LU,PSPP,3307.555555555555,81.55620419017973,1.2547691122062192,-0.4614990832062323,single_maturity_ea_slope
2022-06-01,LU,PSPP,3360.0,100.88550413330765,1.7833561377721467,-0.394096300267336,single_maturity_ea_slope
2022-07-01,LU,PSPP,3411.555555555555,100.67836257309907,1.3607073632012776,-0.3423103168359375,single_maturity_ea_slope
2022-08-01,LU,PSPP,3437.333333333333,75.65432098765436,1.46687527134954,-0.3024908713700271,single_maturity_ea_slope
2022-09-01,LU,PSPP,3470.222222222222,82.44675124951966,2.3049879384998326,-0.24054147935441475,single_maturity_ea_slope
2022-10-01,LU,PSPP,3480.8888888888887,61.13528537263251,2.6609793579794423,-0.18958170727686732,single_maturity_ea_slope
2022-11-01,LU,PSPP,3506.6666666666665,77.02761418662483,2.5588877520796856,-0.12920869060794016,single_maturity_ea_slope
2022-12-01,LU,PSPP,3511.111111111111,56.814018319394556,2.6415859746592796,-0.08437388649889102,single_maturity_ea_slope
2023-01-01,LU,PSPP,3554.6666666666665,95.80423280423291,2.7345490668164536,-0.008399181638626836,single_maturity_ea_slope
2023-02-01,LU,PSPP,3592.8888888888887,91.21367521367516,2.958754097653624,0.06692876862544389,single_maturity_ea_slope
2023-03-01,LU,PSPP,3622.222222222222,82.70363768402999,3.051781020207693,0.13507978863762105,single_maturity_ea_slope
2023-04-01,LU,PSPP,3640.0,71.67989417989423,2.979183407248979,0.1910866695218838,single_maturity_ea_slope
2023-05-01,LU,PSPP,3666.6666666666665,80.64056939501765,2.919633413488735,0.2510952776276315,single_maturity_ea_slope
2023-06-01,LU,PSPP,3677.333333333333,65.62270183852903,3.0717702561350606,0.3014307507325968,single_maturity_ea_slope
2023-07-01,LU,PSPP,3171.555555555555,0.0,3.1030362025055,0.3014307507325968,single_maturity_ea_slope
2023-08-01,LU,PSPP,3171.555555555555,41.68711298048837,3.0482694276061157,0.33753536005007206,single_maturity_ea_slope
2023-09-01,LU,PSPP,3171.555555555555,42.21985563838598,3.132929666279833,0.3747477443183064,single_maturity_ea_slope
2023-10-01,LU,PSPP,3171.555555555555,42.83570442403506,3.2262241040169353,0.4132603909917076,single_maturity_ea_slope
2023-11-01,LU,PSPP,3171.555555555555,43.398406616797416,2.97675867333236,0.44833836420381284,single_maturity_ea_slope
2023-12-01,LU,PSPP,3171.555555555555,43.976089233992724,2.4902152908391755,0.4766505789380802,single_maturity_ea_slope
2024-01-01,LU,PSPP,3171.555555555555,44.64464464464464,2.513896800543455,0.5053280313818496,single_maturity_ea_slope
2024-02-01,LU,PSPP,3171.555555555555,45.25621511922881,2.7858109912879048,0.5378691695083629,single_maturity_ea_slope
2024-03-01,LU,PSPP,3171.555555555555,45.88477366255143,2.8395828514009995,0.5711694253227818,single_maturity_ea_slope
2024-04-01,LU,PSPP,3171.555555555555,46.61310340322686,2.9211632840268575,0.6057078418234296,single_maturity_ea_slope
2024-05-01,LU,PSPP,3171.555555555555,47.28019611740542,2.999522135950443,0.6413938032743391,single_maturity_ea_slope
2024-06-01,LU,PSPP,3171.555555555555,47.96665994488135,2.982833794879641,0.6768057813687932,single_maturity_ea_slope
2024-07-01,LU,PSPP,3171.555555555555,48.76315429820965,2.917803682026231,0.7112614686482741,single_maturity_ea_slope
2024-08-01,LU,PSPP,3171.555555555555,49.4936884449993,2.5354688735858937,0.7397291247802594,single_maturity_ea_slope
2024-09-01,LU,PSPP,3171.555555555555,50.24644416279397,2.377143807646183,0.7656704220373242,single_maturity_ea_slope
2024-10-01,LU,PSPP,3171.555555555555,51.121140482842605,2.366486563715529,0.7914733901494809,single_maturity_ea_slope
2024-11-01,LU,PSPP,3171.555555555555,51.9246161682311,2.41706236889846,0.8180874860687503,single_maturity_ea_slope
2024-12-01,LU,PSPP,3171.555555555555,52.859259259259254,2.3397661447767537,0.8434487970472171,single_maturity_ea_slope
2025-01-01,LU,PSPP,3171.555555555555,53.718759409816315,2.5314274669048946,0.8720392216721777,single_maturity_ea_slope
2025-02-01,LU,PSPP,3171.555555555555,54.60667278849097,2.3642372957000335,0.897731337271831,single_maturity_ea_slope
2025-03-01,LU,PSPP,3171.555555555555,55.52443199502023,2.4570435243874758,0.9250302200994858,single_maturity_ea_slope
2025-04-01,LU,PSPP,3026.6666666666665,0.0,2.190265495164967,0.9250302200994858,single_maturity_ea_slope
2025-05-01,LU,PSPP,3026.6666666666665,52.21992178513917,2.1844949208170124,0.9467601148668688,single_maturity_ea_slope
2025-06-01,LU,PSPP,3026.6666666666665,53.09941520467836,2.226456129186608,0.9692109221356362,single_maturity_ea_slope
2025-07-01,LU,PSPP,3026.6666666666665,54.00904116107542,2.2065353932355753,0.9912902310417736,single_maturity_ea_slope
2025-08-01,LU,PSPP,3026.6666666666665,55.07035419699175,2.179102600820762,1.0129025376243606,single_maturity_ea_slope
2025-09-01,LU,PSPP,3026.6666666666665,56.04938271604938,2.2318231743522725,1.035475142008211,single_maturity_ea_slope
2025-10-01,LU,PSPP,3026.6666666666665,57.19324766943814,2.2379664732599416,1.0581979562797854,single_maturity_ea_slope
2025-11-01,LU,PSPP,3026.6666666666665,58.24993584808827,2.287277762244175,1.0818523020450739,single_maturity_ea_slope
2025-12-01,LU,PSPP,3026.6666666666665,59.346405228758165,2.4032222067215274,1.1077615158622593,single_maturity_ea_slope
2026-01-01,LU,PSPP,3026.6666666666665,60.630341880341874,2.333457723444762,1.1323147251487677,single_maturity_ea_slope
2026-02-01,LU,PSPP,3026.6666666666665,61.66802499320837,2.2228821053489622,1.1545349244193504,single_maturity_ea_slope
2026-03-01,LU,PSPP,3026.6666666666665,63.05555555555555,2.5838393397833337,1.1843120997394334,single_maturity_ea_slope
2026-04-01,LU,PSPP,3026.6666666666665,64.3424036281179,2.747117226106634,1.2175349978339742,single_maturity_ea_slope
2026-05-01,LU,PSPP,3026.6666666666665,65.85436611546271,2.800529170800062,1.251977864956822,single_maturity_ea_slope
2026-06-01,LU,PSPP,3026.6666666666665,67.25925925925925,2.752703801667708,1.285327330217064,single_maturity_ea_slope
2026-07-01,LU,PSPP,3026.6666666666665,68.72540115046927,2.859148762050453,1.3210635116846707,single_maturity_ea_slope
2026-08-01,LU,PSPP,3026.6666666666665,70.45313469894475,2.9475863163319995,1.3589248432639847,single_maturity_ea_slope
2020-03-01,LV,PEPP,24.892,24.892,-0.23653901382174386,-0.23653901382174386,single_maturity_ea_slope
2020-04-01,LV,PEPP,185.80100000000002,161.25939414414415,0.03885197888508468,0.0024768398962532914,single_maturity_ea_slope
2020-05-01,LV,PEPP,352.044,167.66610814950977,0.16002179893042467,0.07750993274781011,single_maturity_ea_slope
2020-06-01,LV,PEPP,547.624,198.42548981571295,-0.11233383401288606,0.008722146953266592,single_maturity_ea_slope
2020-07-01,LV,PEPP,699.643,156.6379608636977,-0.2978455473572422,-0.05991305486177839,single_maturity_ea_slope
2020-08-01,LV,PEPP,728.98,35.238172402159236,-0.31660153236553373,-0.07232112205693478,single_maturity_ea_slope
2020-09-01,LV,PEPP,744.093,21.36282853223588,-0.3366016658223157,-0.07990858752276485,single_maturity_ea_slope
2020-10-01,LV,PEPP,778.764,41.28868943436504,-0.3699455871551356,-0.09528583608882081,single_maturity_ea_slope
2020-11-01,LV,PEPP,807.212,35.60312679162071,-0.39153761463186443,-0.10835240302998511,single_maturity_ea_slope
2020-12-01,LV,PEPP,804.545,4.757687270051479,-0.42000275263170134,-0.11019535140578406,single_maturity_ea_slope
2021-01-01,LV,PEPP,789.432,0.0,-0.40520663619578806,-0.11019535140578406,single_maturity_ea_slope
2021-02-01,LV,PEPP,862.33,79.71520207253889,-0.4052745960370848,-0.13747296161671985,single_maturity_ea_slope
2021-03-01,LV,PEPP,982.345,127.46171848013816,-0.38501978167685597,-0.16959278010122222,single_maturity_ea_slope
2021-04-01,LV,PEPP,1145.921,172.1300316962731,-0.4139652816551127,-0.20630023762941893,single_maturity_ea_slope
2021-05-01,LV,PEPP,1193.927,57.72048796202088,-0.26905260409775666,-0.20933400536674626,single_maturity_ea_slope
2021-06-01,LV,PEPP,1209.929,26.259104810996746,-0.06265171160488253,-0.20615055763897863,single_maturity_ea_slope
2021-07-01,LV,PEPP,1246.378,47.05125201542221,-0.09353208452434988,-0.20189916668045044,single_maturity_ea_slope
2021-08-01,LV,PEPP,1266.825,31.508217607383855,-0.17348080269116878,-0.20119235082457443,single_maturity_ea_slope
2021-09-01,LV,PEPP,1361.948,106.53583783783789,-0.18378384338648326,-0.19983060285370968,single_maturity_ea_slope
2021-10-01,LV,PEPP,1415.288,65.22436300174512,-0.023945672188830397,-0.19172484447504554,single_maturity_ea_slope
2021-11-01,LV,PEPP,1444.625,41.72572549019607,0.09419220779416573,-0.18346657922562018,single_maturity_ea_slope
2021-12-01,LV,PEPP,1445.5140000000001,13.641692443502949,0.15799608256949033,-0.1802441070716675,single_maturity_ea_slope
2022-01-01,LV,PEPP,1519.301,86.78155231930941,0.2178812516654071,-0.15750342787190044,single_maturity_ea_slope
2022-02-01,LV,PEPP,1588.643,83.3473558259588,0.6544001559810362,-0.11490731477426812,single_maturity_ea_slope
2022-03-01,LV,PEPP,1676.654,103.1582444698703,1.0307487611881903,-0.04441938490768409,single_maturity_ea_slope
2022-04-01,LV,PEPP,1680.21,19.69008391070058,1.464555603294291,-0.02673597382404257,single_maturity_ea_slope
2022-05-01,LV,PEPP,1680.21,16.319055944055943,1.834250796609176,-0.008661121741357854,single_maturity_ea_slope
2022-06-01,LV,PEPP,1680.21,16.492049469964666,2.389418631906527,0.014877156170380322,single_maturity_ea_slope
2022-07-01,LV,PEPP,1680.21,16.648929845422117,2.2047707496986173,0.03657645852400931,single_maturity_ea_slope
2022-08-01,LV,PEPP,1680.21,16.829026442307693,2.0690136061854405,0.056933401108759225,single_maturity_ea_slope
2022-09-01,LV,PEPP,1680.21,16.99241504854369,2.8327696276101073,0.08500617848033436,single_maturity_ea_slope
2022-10-01,LV,PEPP,1680.21,17.159007352941178,3.598056529337309,0.12088291817454365,single_maturity_ea_slope
2022-11-01,LV,PEPP,1680.21,17.328898514851485,3.6323058729510262,0.15709808891274993,single_maturity_ea_slope
2022-12-01,LV,PEPP,1680.21,17.524092615769714,3.4516474347052633,0.19145926273202937,single_maturity_ea_slope
2023-01-01,LV,PEPP,1697.99,35.571296060991074,3.676489072968144,0.2644673647593018,single_maturity_ea_slope
2023-02-01,LV,PEPP,1714.881,35.10196096096104,3.68000376181274,0.33438010230208837,single_maturity_ea_slope
2023-03-01,LV,PEPP,1737.106,40.905620915032586,3.8936009397979134,0.41819314441436534,single_maturity_ea_slope
2023-04-01,LV,PEPP,1596.644,0.0,3.8198642668133775,0.41819314441436534,single_maturity_ea_slope
2023-05-01,LV,PEPP,1600.2,19.66419209039552,3.733823754717968,0.458937549627342,single_maturity_ea_slope
2023-06-01,LV,PEPP,1609.09,25.251963190183922,3.76883459101571,0.5108808208256204,single_maturity_ea_slope
2023-07-01,LV,PEPP,1620.647,28.234964344941975,3.8227323056169284,0.5685800042929798,single_maturity_ea_slope
2023-08-01,LV,PEPP,1632.204,28.60926220538722,3.7825980467123044,0.6249152938207716,single_maturity_ea_slope
2023-09-01,LV,PEPP,1637.538,22.661006369426815,3.8109914910587497,0.6690056862263762,single_maturity_ea_slope
2023-10-01,LV,PEPP,1652.651,32.698244845360875,4.020161663875317,0.7353094119810333,single_maturity_ea_slope
2023-11-01,LV,PEPP,1649.984,15.172496977547354,3.8756038177964545,0.7641861207132655,single_maturity_ea_slope
2023-12-01,LV,PEPP,1655.318,23.378444444444504,3.3678246587465006,0.8009579185882506,single_maturity_ea_slope
2024-01-01,LV,PEPP,1671.32,34.345506205673715,3.2069338168372727,0.8504005508453966,single_maturity_ea_slope
2024-02-01,LV,PEPP,1685.544,32.89379445933886,3.291451933012274,0.8980382526376265,single_maturity_ea_slope
2024-03-01,LV,PEPP,1699.768,33.231036535859204,3.334098850912087,0.9456640573032195,single_maturity_ea_slope
2024-04-01,LV,PEPP,1553.083,0.0,3.37454890510006,0.9456640573032195,single_maturity_ea_slope
2024-05-01,LV,PEPP,1569.974,33.048750728256195,3.3639029282105346,0.9965692147427666,single_maturity_ea_slope
2024-06-01,LV,PEPP,1576.1970000000001,22.72125556956723,3.365245506963243,1.0307142482614933,single_maturity_ea_slope
2024-07-01,LV,PEPP,1584.198,24.776191570881203,3.2861354512853422,1.0659880889046112,single_maturity_ea_slope
2024-08-01,LV,PEPP,1586.865,19.723395348837126,2.986136501820989,1.0898539163545782,single_maturity_ea_slope
2024-09-01,LV,PEPP,1591.31,21.753736910994704,2.8825222264474055,1.1143602883288866,single_maturity_ea_slope
2024-10-01,LV,PEPP,1597.5330000000001,23.81042263483661,2.834932234162076,1.1400045443185478,single_maturity_ea_slope
2024-11-01,LV,PEPP,1602.867,23.179542895442193,2.8368555532292254,1.1645432182997448,single_maturity_ea_slope
2024-12-01,LV,PEPP,1604.645,19.901778833107212,2.7839445895635917,1.1846280145836106,single_maturity_ea_slope
2025-01-01,LV,PEPP,1563.751,0.0,2.930782296136989,1.1846280145836106,single_maturity_ea_slope
2025-02-01,LV,PEPP,1563.751,17.586043634727844,2.852846887617494,1.2033889105916389,single_maturity_ea_slope
2025-03-01,LV,PEPP,1563.751,17.777978626648476,2.969697223158452,1.2234697236039946,single_maturity_ea_slope
2025-04-01,LV,PEPP,1563.751,17.974149425287354,2.867403766602031,1.2423655172016732,single_maturity_ea_slope
2025-05-01,LV,PEPP,1563.751,18.200081471135938,2.7967266810919527,1.260456312870787,single_maturity_ea_slope
2025-06-01,LV,PEPP,1563.751,18.40573210922787,2.7773063339477626,1.278310008975742,single_maturity_ea_slope
2025-07-01,LV,PEPP,1563.751,18.616083333333332,2.65762928206576,1.2947304765125278,single_maturity_ea_slope
2025-08-01,LV,PEPP,1563.751,18.858550410033768,2.645442194314899,1.3110198122313215,single_maturity_ea_slope
2025-09-01,LV,PEPP,1451.737,0.0,2.7074191231668863,1.3110198122313215,single_maturity_ea_slope
2025-10-01,LV,PEPP,1451.737,16.504513415188722,2.83929920833913,1.3283945211456896,single_maturity_ea_slope
2025-11-01,LV,PEPP,1451.737,16.709680018416208,3.0766124429319497,1.3485167347942422,single_maturity_ea_slope
2025-12-01,LV,PEPP,1451.737,16.896380353817506,3.200166617667381,1.370067594697328,single_maturity_ea_slope
2026-01-01,LV,PEPP,1451.737,17.111468646864687,3.1829135504398214,1.3914354159578477,single_maturity_ea_slope
2026-02-01,LV,PEPP,1451.737,17.282583333333335,3.0459551716581243,1.4111320797161842,single_maturity_ea_slope
2026-03-01,LV,PEPP,1451.737,17.507682103232032,3.3112190599412052,1.4340467803942476,single_maturity_ea_slope
2026-04-01,LV,PEPP,1451.737,17.712750122010736,3.4010690846363127,1.458046564487001,single_maturity_ea_slope
2026-05-01,LV,PEPP,1451.737,17.92267901234568,3.4131790996167184,1.482184003192306,single_maturity_ea_slope
2026-06-01,LV,PEPP,1451.737,18.16487737737738,3.3528119636634015,1.505590258953956,single_maturity_ea_slope
2026-07-01,LV,PEPP,1451.737,18.38572695035461,3.3851616171338774,1.5293943541690005,single_maturity_ea_slope
2026-08-01,LV,PEPP,1451.737,18.640690806368774,3.468794577988857,1.554296771013118,single_maturity_ea_slope
2015-03-01,LV,PSPP,66.66666666666666,66.66666666666666,0.16825058050976827,0.16825058050976827,single_maturity_ea_slope
2015-04-01,LV,PSPP,224.0,158.27018924489414,0.06483451727005929,0.09518058095659558,single_maturity_ea_slope
2015-05-01,LV,PSPP,406.2222222222222,185.18989577813102,0.25424838212930767,0.1676969227748339,single_maturity_ea_slope
2015-06-01,LV,PSPP,447.1111111111111,46.3313088007622,0.5098034390366295,0.2031472666687464,single_maturity_ea_slope
2015-07-01,LV,PSPP,466.66666666666663,25.64366981360444,0.4568506245875943,0.21708844911390424,single_maturity_ea_slope
2015-08-01,LV,PSPP,487.1111111111111,26.851180669961572,0.24140056236887086,0.2184286134636531,single_maturity_ea_slope
2015-09-01,LV,PSPP,504.0,23.722658685621674,0.28544216366739994,0.22158285865967542,single_maturity_ea_slope
2015-10-01,LV,PSPP,560.0,63.01168614357262,0.37208566753118966,0.23851756536742177,single_maturity_ea_slope
2015-11-01,LV,PSPP,587.5555555555555,35.50558394851409,0.4122367374640342,0.24901529718192325,single_maturity_ea_slope
2015-12-01,LV,PSPP,608.0,28.814181703070606,0.2852484315058126,0.2507324486886343,single_maturity_ea_slope
2016-01-01,LV,PSPP,644.4444444444445,45.34895528217146,0.2587786729177515,0.25129865399291174,single_maturity_ea_slope
2016-02-01,LV,PSPP,671.1111111111111,36.3082651772059,0.20821168261433354,0.24896757474747055,single_maturity_ea_slope
2016-03-01,LV,PSPP,710.2222222222222,49.37274889568465,0.04061899005127123,0.23448373851549456,single_maturity_ea_slope
2016-04-01,LV,PSPP,777.7777777777777,78.57700531071107,-0.01692099638369704,0.20908492698637948,single_maturity_ea_slope
2016-05-01,LV,PSPP,829.3333333333333,63.04754399789859,-0.0931609595132239,0.1861076028377449,single_maturity_ea_slope
2016-06-01,LV,PSPP,909.3333333333333,90.45553874600773,-0.00022174940105323948,0.16757257137775028,single_maturity_ea_slope
2016-07-01,LV,PSPP,933.3333333333333,35.56912637828668,-0.14420166005962282,0.1556909245497262,single_maturity_ea_slope
2016-08-01,LV,PSPP,997.3333333333333,75.82033096926713,-0.30129028900653415,0.1209498147316383,single_maturity_ea_slope
2016-09-01,LV,PSPP,1037.3333333333333,52.650093015389814,-0.3690797750150737,0.09607824967978319,single_maturity_ea_slope
2016-10-01,LV,PSPP,1117.3333333333333,91.82550539595684,-0.2571613977965727,0.06704805055501646,single_maturity_ea_slope
2016-11-01,LV,PSPP,1152.0,47.43910989178487,0.00954695137003947,0.06468016777451772,single_maturity_ea_slope
2016-12-01,LV,PSPP,1166.2222222222222,27.500230520977357,0.22396550168373452,0.06843621299269884,single_maturity_ea_slope
2017-01-01,LV,PSPP,1200.888888888889,47.62469135802476,0.23842301780026953,0.07517752702166591,single_maturity_ea_slope
2017-02-01,LV,PSPP,1250.6666666666665,63.156664686076276,0.2954144487116541,0.08629913902699765,single_maturity_ea_slope
2017-03-01,LV,PSPP,1308.4444444444443,71.40159767610753,0.2891984658377118,0.09737132184928239,single_maturity_ea_slope
2017-04-01,LV,PSPP,1346.6666666666665,52.38287638287633,0.31408578890204797,0.10580111922898978,single_maturity_ea_slope
2017-05-01,LV,PSPP,1370.6666666666665,38.70802388233581,0.25355152366041744,0.10997363346781991,single_maturity_ea_slope
2017-06-01,LV,PSPP,1402.6666666666665,46.38567030506577,0.28686311792482333,0.1158233036007493,single_maturity_ea_slope
2017-07-01,LV,PSPP,1427.5555555555554,39.77919320594482,0.37232265180286994,0.12297072220006276,single_maturity_ea_slope
2017-08-01,LV,PSPP,1449.7777777777776,37.43487733257549,0.25123790818855196,0.12628272383705416,single_maturity_ea_slope
2017-09-01,LV,PSPP,1473.7777777777776,39.44946481007862,0.1086429510096838,0.12581054980382889,single_maturity_ea_slope
2017-10-01,LV,PSPP,1516.4444444444443,58.534213800363744,0.08430294656054982,0.12420837114737776,single_maturity_ea_slope
2017-11-01,LV,PSPP,1542.2222222222222,42.210855849347446,0.07075372022998949,0.12274530925406656,single_maturity_ea_slope
2017-12-01,LV,PSPP,1548.4444444444443,23.132553606237767,0.0061830831549107845,0.12100396040982789,single_maturity_ea_slope
2018-01-01,LV,PSPP,1596.4444444444443,64.60708327374994,0.047394879424834446,0.11802504808910719,single_maturity_ea_slope
2018-02-01,LV,PSPP,1638.2222222222222,59.077782594037515,0.17446812021021896,0.12006050548827944,single_maturity_ea_slope
2018-03-01,LV,PSPP,1585.7777777777776,0.0,0.33400507628125353,0.12006050548827944,single_maturity_ea_slope
2018-04-01,LV,PSPP,1611.5555555555554,42.153012988205106,0.3081377772660951,0.12497999067307868,single_maturity_ea_slope
2018-05-01,LV,PSPP,1646.2222222222222,50.84694332887111,0.3820050831127214,0.13291873681133376,single_maturity_ea_slope
2018-06-01,LV,PSPP,1702.2222222222222,71.98894932228265,0.48559985565995356,0.14783402980908003,single_maturity_ea_slope
2018-07-01,LV,PSPP,1738.6666666666665,52.93884582256665,0.6466061892493986,0.16302062247541416,single_maturity_ea_slope
2018-08-01,LV,PSPP,1768.0,46.20049152761624,0.5413463443539654,0.17290684097560038,single_maturity_ea_slope
2018-09-01,LV,PSPP,1787.5555555555554,36.6080246913579,0.5409148011166276,0.18044341484576018,single_maturity_ea_slope
2018-10-01,LV,PSPP,1826.6666666666665,56.19401970778115,0.6169896926473106,0.19387295324255152,single_maturity_ea_slope
2018-11-01,LV,PSPP,1833.7777777777776,24.587830080367365,0.6530993007736374,0.2000303947484712,single_maturity_ea_slope
2018-12-01,LV,PSPP,1844.4444444444443,28.15119925417416,0.6906139978037978,0.20751802431738509,single_maturity_ea_slope
2019-01-01,LV,PSPP,1849.7777777777776,22.980142024918067,0.5843815823661516,0.21219987215447,single_maturity_ea_slope
2019-02-01,LV,PSPP,1837.3333333333333,5.233095480802,0.4724463432484838,0.21294110653315837,single_maturity_ea_slope
2019-03-01,LV,PSPP,1840.8888888888887,21.19508448540694,0.381385900044404,0.21488049660235078,single_maturity_ea_slope
2019-04-01,LV,PSPP,1871.111111111111,47.34358465608483,0.2858077829837499,0.21667512652426393,single_maturity_ea_slope
2019-05-01,LV,PSPP,1896.0,41.91136988516904,0.2287832519420619,0.21694277848787225,single_maturity_ea_slope
2019-06-01,LV,PSPP,1922.6666666666665,43.63766559255266,0.09404286745837243,0.21415338950441537,single_maturity_ea_slope
2019-07-01,LV,PSPP,1952.8888888888887,47.03462749213007,-0.06123198847767783,0.2075208315827321,single_maturity_ea_slope
2019-08-01,LV,PSPP,1976.8888888888887,40.86432546536173,-0.22408540011249084,0.1985990871063468,single_maturity_ea_slope
2019-09-01,LV,PSPP,2005.3333333333333,45.25472411186709,-0.2550791862092062,0.18836084653398463,single_maturity_ea_slope
2019-10-01,LV,PSPP,2048.0,59.27810912303961,-0.13572792764150926,0.17898029491234055,single_maturity_ea_slope
2019-11-01,LV,PSPP,2056.8888888888887,25.283381364072806,-0.026062659726540344,0.17645989663212447,single_maturity_ea_slope
2019-12-01,LV,PSPP,2095.111111111111,54.37749153489017,0.03514816428901599,0.17279222598281324,single_maturity_ea_slope
2020-01-01,LV,PSPP,2126.222222222222,47.41294048483611,-0.0026405996379198077,0.16888022373144504,single_maturity_ea_slope
2020-02-01,LV,PSPP,2145.777777777778,36.02258020101896,-0.14208273520387335,0.1636598844009695,single_maturity_ea_slope
2020-03-01,LV,PSPP,2205.333333333333,76.29851574420827,-0.1527752627682209,0.15271209175058742,single_maturity_ea_slope
2020-04-01,LV,PSPP,2259.5555555555557,71.52709771918852,0.19908167237248903,0.15417993860931406,single_maturity_ea_slope
2020-05-01,LV,PSPP,2296.0,54.29243461470939,0.14657364416699004,0.154000076133848,single_maturity_ea_slope
2020-06-01,LV,PSPP,2304.0,26.067359143846396,-0.10100412942955374,0.15111496927203708,single_maturity_ea_slope
2020-07-01,LV,PSPP,2418.6666666666665,133.28936307791773,-0.28192655545658174,0.12725065187235352,single_maturity_ea_slope
2020-08-01,LV,PSPP,2449.777777777778,50.92974980880606,-0.30596993650086063,0.11824419570395528,single_maturity_ea_slope
2020-09-01,LV,PSPP,2475.555555555555,46.070834253736436,-0.32374800354014216,0.11001858779662255,single_maturity_ea_slope
2020-10-01,LV,PSPP,2530.6666666666665,75.97019061528687,-0.35158434947960904,0.09616134472492142,single_maturity_ea_slope
2020-11-01,LV,PSPP,2577.777777777778,68.82984323149122,-0.3716072670555224,0.08367134636469978,single_maturity_ea_slope
2020-12-01,LV,PSPP,2487.111111111111,0.0,-0.3913690857975181,0.08367134636469978,single_maturity_ea_slope
2021-01-01,LV,PSPP,2239.111111111111,0.0,-0.35682617323708105,0.08367134636469978,single_maturity_ea_slope
2021-02-01,LV,PSPP,2305.777777777778,83.00577284815493,-0.330658477941436,0.06875587289105198,single_maturity_ea_slope
2021-03-01,LV,PSPP,2400.8888888888887,112.10033729573934,-0.30163530088493357,0.051461871613521656,single_maturity_ea_slope
2021-04-01,LV,PSPP,2491.555555555555,108.59445108190613,-0.32779040180614116,0.0349321609427154,single_maturity_ea_slope
2021-05-01,LV,PSPP,2557.333333333333,84.56778950896603,-0.19625217298474143,0.027287186455222823,single_maturity_ea_slope
2021-06-01,LV,PSPP,2625.777777777778,88.04988244914684,0.0026058579119191405,0.026459550508525977,single_maturity_ea_slope
2021-07-01,LV,PSPP,2666.6666666666665,61.281695488591836,-0.03496822843375527,0.025047901092145445,single_maturity_ea_slope
2021-08-01,LV,PSPP,2681.777777777778,36.016306052054134,-0.11892893574179025,0.02311429053619752,single_maturity_ea_slope
2021-09-01,LV,PSPP,2752.8888888888887,92.47645350895803,-0.12334705325120206,0.018194286062249557,single_maturity_ea_slope
2021-10-01,LV,PSPP,2832.0,101.36207206236324,0.015014339493154866,0.018080470393714587,single_maturity_ea_slope
2021-11-01,LV,PSPP,2912.0,103.15996074582924,0.1233245209352258,0.021808826205045068,single_maturity_ea_slope
2021-12-01,LV,PSPP,2967.111111111111,79.11374876360014,0.18243340055196672,0.026091649376902584,single_maturity_ea_slope
2022-01-01,LV,PSPP,3005.333333333333,62.6308361668677,0.2529931419217272,0.030820253038923214,single_maturity_ea_slope
2022-02-01,LV,PSPP,3053.333333333333,73.06951395840285,0.6899148652203757,0.04659308807103046,single_maturity_ea_slope
2022-03-01,LV,PSPP,3131.555555555555,104.34588181610764,1.0798343468379081,0.08102149541112891,single_maturity_ea_slope
2022-04-01,LV,PSPP,3249.7777777777774,145.7790292932848,1.4992827720140915,0.14464207697865192,single_maturity_ea_slope
2022-05-01,LV,PSPP,3329.7777777777774,108.7489187701502,1.8786564211655774,0.2012741400312525,single_maturity_ea_slope
2022-06-01,LV,PSPP,3347.555555555555,47.58244818395199,2.4297371538479418,0.23294970870368598,single_maturity_ea_slope
2022-07-01,LV,PSPP,3347.555555555555,30.256286655418968,2.264841768158894,0.2513146043965205,single_maturity_ea_slope
2022-08-01,LV,PSPP,3384.0,67.20111070276485,2.111498061439607,0.2882550282807416,single_maturity_ea_slope
2022-09-01,LV,PSPP,3428.4444444444443,76.0587942202291,2.8580082961663313,0.3452640707680971,single_maturity_ea_slope
2022-10-01,LV,PSPP,3442.6666666666665,46.65170050868116,3.634207248815986,0.389832658722888,single_maturity_ea_slope
2022-11-01,LV,PSPP,3462.222222222222,52.53128991060036,3.6497991701055343,0.43929518161039166,single_maturity_ea_slope
2022-12-01,LV,PSPP,3492.4444444444443,63.84908918242246,3.45730017288363,0.4944705388440137,single_maturity_ea_slope
2023-01-01,LV,PSPP,3536.0,78.0386168158681,3.676384424468173,0.5646945655581861,single_maturity_ea_slope
2023-02-01,LV,PSPP,3573.333333333333,72.70748299319698,3.676929299699786,0.628019963133775,single_maturity_ea_slope
2023-03-01,LV,PSPP,3594.6666666666665,57.559340362260215,3.8909128513527773,0.6802667998321975,single_maturity_ea_slope
2023-04-01,LV,PSPP,3444.4444444444443,0.0,3.8203038423664126,0.6802667998321975,single_maturity_ea_slope
2023-05-01,LV,PSPP,3399.111111111111,0.0,3.7371689112248023,0.6802667998321975,single_maturity_ea_slope
2023-06-01,LV,PSPP,3405.333333333333,39.546840958605614,3.7646726825440338,0.7160866438696073,single_maturity_ea_slope
2023-07-01,LV,PSPP,3405.333333333333,33.70282396410662,3.8154503604170356,0.7467612649755795,single_maturity_ea_slope
2023-08-01,LV,PSPP,3405.333333333333,34.06696011738028,3.783166100880494,0.777137463814164,single_maturity_ea_slope
2023-09-01,LV,PSPP,3405.333333333333,34.397306397306394,3.811470895511607,0.8077872964575725,single_maturity_ea_slope
2023-10-01,LV,PSPP,3405.333333333333,34.734122127022985,4.024850433363789,0.8406010779437639,single_maturity_ea_slope
2023-11-01,LV,PSPP,3381.333333333333,10.819359236537146,3.8780924025592043,0.850320235027423,single_maturity_ea_slope
2023-12-01,LV,PSPP,3381.333333333333,34.96002205679625,3.369272199176869,0.8763639898263214,single_maturity_ea_slope
2024-01-01,LV,PSPP,3381.333333333333,35.3104984683932,3.2141556952979546,0.9007770193320819,single_maturity_ea_slope
2024-02-01,LV,PSPP,3381.333333333333,35.66807313642756,3.293615371250774,0.9260179302173002,single_maturity_ea_slope
2024-03-01,LV,PSPP,3381.333333333333,36.07910086783326,3.3303836116849124,0.9516727070148633,single_maturity_ea_slope
2024-04-01,LV,PSPP,3063.111111111111,0.0,3.3734912446573815,0.9516727070148633,single_maturity_ea_slope
2024-05-01,LV,PSPP,3063.111111111111,29.995212603908254,3.359289818509966,0.9752490594580194,single_maturity_ea_slope
2024-06-01,LV,PSPP,3063.111111111111,30.27986468081367,3.3613628524579307,0.9988365821250805,single_maturity_ea_slope
2024-07-01,LV,PSPP,3063.111111111111,30.569971168773566,3.2843718283404075,1.0216463151212416,single_maturity_ea_slope
2024-08-01,LV,PSPP,3063.111111111111,30.903058021702087,2.999131332601739,1.041596728937631,single_maturity_ea_slope
2024-09-01,LV,PSPP,3063.111111111111,31.205288418002354,2.903773461051298,1.0605675595418858,single_maturity_ea_slope
2024-10-01,LV,PSPP,3063.111111111111,31.552442430069128,2.8608364355091687,1.079111738321936,single_maturity_ea_slope
2024-11-01,LV,PSPP,3063.111111111111,31.867572941230865,2.863481277300208,1.0976757160474695,single_maturity_ea_slope
2024-12-01,LV,PSPP,3063.111111111111,32.18906169725842,2.8107395218860125,1.1156776475926413,single_maturity_ea_slope
2025-01-01,LV,PSPP,3040.8888888888887,10.089076418190388,2.953060757886932,1.1217737264980514,single_maturity_ea_slope
2025-02-01,LV,PSPP,3040.8888888888887,32.363653564164416,2.8762360503564817,1.1404461650235773,single_maturity_ea_slope
2025-03-01,LV,PSPP,3040.8888888888887,32.7399751172361,3.0019267343545235,1.1604879454857968,single_maturity_ea_slope
2025-04-01,LV,PSPP,3040.8888888888887,33.081906972246394,2.9064871779864876,1.1794827152040375,single_maturity_ea_slope
2025-05-01,LV,PSPP,3040.8888888888887,33.4310563862015,2.836277775636453,1.1976972607233034,single_maturity_ea_slope
2025-06-01,LV,PSPP,3040.8888888888887,33.83276467388617,2.8121875626417983,1.2156599921643192,single_maturity_ea_slope
2025-07-01,LV,PSPP,3040.8888888888887,34.19803068925876,2.695075123129168,1.2322975892287011,single_maturity_ea_slope
2025-08-01,LV,PSPP,3040.8888888888887,34.61849827970046,2.682296266781881,1.2488048601480226,single_maturity_ea_slope
2025-09-01,LV,PSPP,2723.555555555555,0.0,2.7730932507247954,1.2488048601480226,single_maturity_ea_slope
2025-10-01,LV,PSPP,2723.555555555555,28.089475614228082,2.899469902795652,1.2658290458188934,single_maturity_ea_slope
2025-11-01,LV,PSPP,2723.555555555555,28.370370370370367,3.13722367415,1.2853227398640092,single_maturity_ea_slope
2025-12-01,LV,PSPP,2723.555555555555,28.693168516177362,3.261652473725417,1.306143744224117,single_maturity_ea_slope
2026-01-01,LV,PSPP,2723.555555555555,28.986329880327318,3.2467028496048216,1.326796778551285,single_maturity_ea_slope
2026-02-01,LV,PSPP,2723.555555555555,29.28554360812425,3.108069957562656,1.3459502535944183,single_maturity_ea_slope
2026-03-01,LV,PSPP,2723.555555555555,29.590999082524505,3.358916347897296,1.3678208108988825,single_maturity_ea_slope
2026-04-01,LV,PSPP,2723.555555555555,29.942343398807772,3.4468121436066252,1.3906769161397328,single_maturity_ea_slope
2026-05-01,LV,PSPP,2723.555555555555,30.261728395061724,3.454776310827187,1.4136113538584822,single_maturity_ea_slope
2026-06-01,LV,PSPP,2723.555555555555,30.588000399321153,3.391635749870989,1.4358263627984251,single_maturity_ea_slope
2026-07-01,LV,PSPP,2723.555555555555,30.96356929917639,3.421334654825033,1.458399217414462,single_maturity_ea_slope
2026-08-01,LV,PSPP,2723.555555555555,31.305236270753507,3.504468933599851,1.4819172601292365,single_maturity_ea_slope
2020-03-01,MT,PEPP,12.446,12.446,0.11904916543750016,0.11904916543750016,single_maturity_ea_slope
2020-04-01,MT,PEPP,67.56400000000001,55.26723261390888,0.33344772329005,0.2944268069170377,single_maturity_ea_slope
2020-05-01,MT,PEPP,109.34700000000001,42.64920512820513,0.4298995241054462,0.34726596761320455,single_maturity_ea_slope
2020-06-01,MT,PEPP,109.34700000000001,1.4193535825545174,0.49112465964913854,0.349133292276184,single_maturity_ea_slope
2020-07-01,MT,PEPP,109.34700000000001,1.4395339652448658,0.4096210995602711,0.3499296035885075,single_maturity_ea_slope
2020-08-01,MT,PEPP,110.236,2.3423094098883532,0.30774714147882765,0.34903330493895773,single_maturity_ea_slope
2020-09-01,MT,PEPP,210.693,101.67212345679013,0.2978448236464203,0.32433176483301945,single_maturity_ea_slope
2020-10-01,MT,PEPP,211.582,3.2457449664429348,0.18877185963078902,0.3222522264981818,single_maturity_ea_slope
2020-11-01,MT,PEPP,231.14000000000001,21.92151653261843,0.1839006723005201,0.3091308460246268,single_maturity_ea_slope
2020-12-01,MT,PEPP,232.029,3.5096349206349027,0.09694024704848692,0.3059212837026882,single_maturity_ea_slope
2021-01-01,MT,PEPP,235.585,6.2490013927576715,0.1322529217812865,0.30131464985280476,single_maturity_ea_slope
2021-02-01,MT,PEPP,243.586,10.805583333333338,0.1533640085488534,0.2947514935801538,single_maturity_ea_slope
2021-03-01,MT,PEPP,256.921,15.978077256944424,0.11984098065440452,0.28387369967237897,single_maturity_ea_slope
2021-04-01,MT,PEPP,256.921,2.8171162280701756,0.13053535381730597,0.2821923581608102,single_maturity_ea_slope
2021-05-01,MT,PEPP,270.25600000000003,16.052015651438275,0.2016796205989918,0.27741025628894633,single_maturity_ea_slope
2021-06-01,MT,PEPP,272.034,4.661653435766075,0.1902097289198249,0.2759159627888291,single_maturity_ea_slope
2021-07-01,MT,PEPP,285.369,16.017781065088794,0.25766374018479676,0.2748914643127415,single_maturity_ea_slope
2021-08-01,MT,PEPP,321.818,38.85839716312052,0.28763604903117135,0.2764303283124798,single_maturity_ea_slope
2021-09-01,MT,PEPP,339.598,20.547612659098757,0.3882385972116428,0.28319536521324,single_maturity_ea_slope
2021-10-01,MT,PEPP,372.491,35.53044951848398,0.5365448722647783,0.30736137693118076,single_maturity_ea_slope
2021-11-01,MT,PEPP,424.942,55.32250015417825,0.5302827808568037,0.3363831479094434,single_maturity_ea_slope
2021-12-01,MT,PEPP,466.725,45.005186836518064,0.5045301764095477,0.35259716780049816,single_maturity_ea_slope
2022-01-01,MT,PEPP,482.72700000000003,19.589984317343184,0.7011434653043205,0.3667418427450691,single_maturity_ea_slope
2022-02-01,MT,PEPP,515.62,36.642044734389536,1.1320673078136723,0.4211289687824828,single_maturity_ea_slope
2022-03-01,MT,PEPP,541.401,29.669536953242783,1.1836424189090606,0.46291577927207395,single_maturity_ea_slope
2022-04-01,MT,PEPP,542.29,5.005491788321177,1.6542703482951104,0.47391232265702243,single_maturity_ea_slope
2022-05-01,MT,PEPP,540.5120000000001,2.3565684659958235,1.911619488637463,0.4801805560555145,single_maturity_ea_slope
2022-06-01,MT,PEPP,541.401,5.040397849462263,2.5160490829188236,0.499134321092132,single_maturity_ea_slope
2022-07-01,MT,PEPP,535.178,0.0,2.491784098948141,0.499134321092132,single_maturity_ea_slope
2022-08-01,MT,PEPP,536.067,4.999430107526892,2.5084408709733257,0.5178733735999845,single_maturity_ea_slope
2022-09-01,MT,PEPP,536.956,5.040696096654285,3.244254811316149,0.5434673892569221,single_maturity_ea_slope
2022-10-01,MT,PEPP,537.845,5.0787315855181125,3.7026977644269508,0.5732991866935521,single_maturity_ea_slope
2022-11-01,MT,PEPP,538.734,5.117341194968564,3.3905735892525466,0.6000599895345563,single_maturity_ea_slope
2022-12-01,MT,PEPP,539.623,5.160598477640352,3.564955475829191,0.6284142945455266,single_maturity_ea_slope
2023-01-01,MT,PEPP,539.623,4.3156030070377485,3.532680534829537,0.6516409919246373,single_maturity_ea_slope
2023-02-01,MT,PEPP,539.623,4.348992585428756,3.6035799648298674,0.675431602602468,single_maturity_ea_slope
2023-03-01,MT,PEPP,539.623,4.38290285899935,3.561300636011105,0.698871084680186,single_maturity_ea_slope
2023-04-01,MT,PEPP,539.623,4.417346103470859,3.554331432843777,0.7222458419506802,single_maturity_ea_slope
2023-05-01,MT,PEPP,539.623,4.45674760488933,3.570839128158653,0.7457723804889027,single_maturity_ea_slope
2023-06-01,MT,PEPP,539.623,4.492365967365967,3.650724238774261,0.7699561288928769,single_maturity_ea_slope
2023-07-01,MT,PEPP,536.067,0.9408583333332938,3.769956784376984,0.7752214700101582,single_maturity_ea_slope
2023-08-01,MT,PEPP,536.067,4.507795156407669,3.7339910292017278,0.800101806027578,single_maturity_ea_slope
2023-09-01,MT,PEPP,536.067,4.544481180061037,3.871117096652143,0.8261361845510145,single_maturity_ea_slope
2023-10-01,MT,PEPP,536.067,4.581769230769231,4.088763263173201,0.8540218860776997,single_maturity_ea_slope
2023-11-01,MT,PEPP,536.067,4.619674250258532,3.7729416466762533,0.879176313521672,single_maturity_ea_slope
2023-12-01,MT,PEPP,536.067,4.663074112734864,3.200647847023053,0.8993700464157341,single_maturity_ea_slope
2024-01-01,MT,PEPP,536.956,5.596297154899905,3.24106606644261,0.9237758203981773,single_maturity_ea_slope
2024-02-01,MT,PEPP,537.845,5.649248226950364,3.3724852196226984,0.9494958089299769,single_maturity_ea_slope
2024-03-01,MT,PEPP,539.623,6.592223057644131,3.3171149001592872,0.9784194707548439,single_maturity_ea_slope
2024-04-01,MT,PEPP,539.623,4.872002527988443,3.3720105200376316,1.0000300797227273,single_maturity_ea_slope
2024-05-01,MT,PEPP,540.5120000000001,5.808976294675429,3.45347730028725,1.0263977029105504,single_maturity_ea_slope
2024-06-01,MT,PEPP,541.401,5.866090239410578,3.4665483608713434,1.052836782183317,single_maturity_ea_slope
2024-07-01,MT,PEPP,543.179,6.807738015607599,3.392269047136831,1.0821572124007282,single_maturity_ea_slope
2024-08-01,MT,PEPP,544.068,5.986400525525535,3.2146251693018635,1.1056208369804854,single_maturity_ea_slope
2024-09-01,MT,PEPP,544.957,6.04702047781571,3.0477794853260662,1.1271716623074608,single_maturity_ea_slope
2024-10-01,MT,PEPP,520.954,0.0,3.022644838203353,1.1271716623074608,single_maturity_ea_slope
2024-11-01,MT,PEPP,520.954,4.760179093567251,3.07721682951619,1.1449900574756695,single_maturity_ea_slope
2024-12-01,MT,PEPP,520.954,4.802304572271386,2.893850905596526,1.16111156234404,single_maturity_ea_slope
2025-01-01,MT,PEPP,520.954,4.850595903165735,3.150115355051421,1.1796311507305148,single_maturity_ea_slope
2025-02-01,MT,PEPP,520.954,4.888832582582582,3.05470895720395,1.1972276016170897,single_maturity_ea_slope
2025-03-01,MT,PEPP,520.954,4.938888888888889,3.2444657264420234,1.2166363817159231,single_maturity_ea_slope
2025-04-01,MT,PEPP,520.954,4.984251817833907,3.016578841288144,1.2338574155809465,single_maturity_ea_slope
2025-05-01,MT,PEPP,520.954,5.036291569992266,3.064213819270453,1.2515522764054778,single_maturity_ea_slope
2025-06-01,MT,PEPP,520.954,5.0834699453551915,3.021517538565548,1.2688236001970477,single_maturity_ea_slope
2025-07-01,MT,PEPP,500.507,0.0,3.1575055366460973,1.2688236001970477,single_maturity_ea_slope
2025-08-01,MT,PEPP,500.507,4.750446089597571,3.1835327199569883,1.2869966176587024,single_maturity_ea_slope
2025-09-01,MT,PEPP,500.507,4.7996451860375915,3.1880281801065222,1.3052266863434725,single_maturity_ea_slope
2025-10-01,MT,PEPP,500.507,4.844241192411925,3.0919905268782606,1.3225201807350209,single_maturity_ea_slope
2025-11-01,MT,PEPP,491.617,0.0,3.113847324366863,1.3225201807350209,single_maturity_ea_slope
2025-12-01,MT,PEPP,491.617,4.752677880897139,3.3798590841270237,1.3424093812705198,single_maturity_ea_slope
2026-01-01,MT,PEPP,491.617,4.797199453551913,3.3162954843510715,1.3616705649461691,single_maturity_ea_slope
2026-02-01,MT,PEPP,491.617,4.842563041765169,3.2068719548856124,1.3798463075578657,single_maturity_ea_slope
2026-03-01,MT,PEPP,491.617,4.88879276054097,3.5034756563825913,1.400964340064078,single_maturity_ea_slope
2026-04-01,MT,PEPP,491.617,4.935913654618473,3.590725480218125,1.4229498936800826,single_maturity_ea_slope
2026-05-01,MT,PEPP,491.617,4.9900223304912705,3.634155004106431,1.445394119323874,single_maturity_ea_slope
2026-06-01,MT,PEPP,491.617,5.039124641246413,3.608036068903642,1.4675614209800831,single_maturity_ea_slope
2026-07-01,MT,PEPP,479.171,0.0,3.709374818815642,1.4675614209800831,single_maturity_ea_slope
2026-08-01,MT,PEPP,479.171,4.863692651238327,3.6329669357547085,1.489540770500735,single_maturity_ea_slope
2015-03-01,MT,PSPP,4.444444444444445,4.444444444444445,1.1450722768488713,1.1450722768488713,single_maturity_ea_slope
2015-04-01,MT,PSPP,51.55555555555555,47.15483842756569,0.914582593447847,0.9342569018058439,single_maturity_ea_slope
2015-05-01,MT,PSPP,127.1111111111111,75.94436065024298,1.3263759515390334,1.1685340650723746,single_maturity_ea_slope
2015-06-01,MT,PSPP,185.77777777777777,59.54938271604939,1.660937284092822,1.3263694536253468,single_maturity_ea_slope
2015-07-01,MT,PSPP,207.1111111111111,22.73564143853997,1.541655009090424,1.35000244545129,single_maturity_ea_slope
2015-08-01,MT,PSPP,216.88888888888889,11.42151675485011,1.2964271561031884,1.347181134188781,single_maturity_ea_slope
2015-09-01,MT,PSPP,232.88888888888889,17.807407407407407,1.2814751582540194,1.3421570512960594,single_maturity_ea_slope
2015-10-01,MT,PSPP,242.66666666666666,11.778541428025958,1.0324639963389184,1.3271251866898042,single_maturity_ea_slope
2015-11-01,MT,PSPP,244.44444444444443,3.884259259259253,0.9058987559494022,1.3204318348831527,single_maturity_ea_slope
2015-12-01,MT,PSPP,250.66666666666666,8.339724339724345,0.9061380143572502,1.3066482061909828,single_maturity_ea_slope
2016-01-01,MT,PSPP,304.0,55.51380190211089,0.8678282912704172,1.2265147791265043,single_maturity_ea_slope
2016-02-01,MT,PSPP,322.66666666666663,21.3249387897866,0.8230838858743191,1.1998521579348356,single_maturity_ea_slope
2016-03-01,MT,PSPP,376.0,55.93380614657214,0.7647310489155343,1.1351234883546042,single_maturity_ea_slope
2016-04-01,MT,PSPP,429.3333333333333,56.423405654174864,0.7335253840819741,1.0823450735704685,single_maturity_ea_slope
2016-05-01,MT,PSPP,488.0,62.05471380471382,0.7921973535418987,1.0454495126535357,single_maturity_ea_slope
2016-06-01,MT,PSPP,520.8888888888889,36.63351749539597,0.7775802109460754,1.0266105722194023,single_maturity_ea_slope
2016-07-01,MT,PSPP,531.5555555555555,14.656318082788633,0.5997702611696083,1.014841515713608,single_maturity_ea_slope
2016-08-01,MT,PSPP,541.3333333333333,13.898363479758764,0.4478894947060225,1.0002854099311929,single_maturity_ea_slope
2016-09-01,MT,PSPP,547.5555555555555,10.395312981807031,0.4248775302148965,0.9893613220625566,single_maturity_ea_slope
2016-10-01,MT,PSPP,580.4444444444445,36.99596626329302,0.4279135415623615,0.9535761520177874,single_maturity_ea_slope
2016-11-01,MT,PSPP,668.4444444444445,92.1915398934463,0.6877881762535694,0.9169188007980756,single_maturity_ea_slope
2016-12-01,MT,PSPP,717.3333333333333,53.71589960844718,0.6381056704313377,0.8960405041619744,single_maturity_ea_slope
2017-01-01,MT,PSPP,743.1111111111111,30.97132927888797,0.9788692285538447,0.8994926335387714,single_maturity_ea_slope
2017-02-01,MT,PSPP,786.6666666666666,49.001987035408305,1.0998437152017106,0.911972634944929,single_maturity_ea_slope
2017-03-01,MT,PSPP,813.3333333333333,32.47832939322297,1.33163521433942,0.9287307572657288,single_maturity_ea_slope
2017-04-01,MT,PSPP,824.0,16.712855585290985,1.21643716566812,0.9345661888853793,single_maturity_ea_slope
2017-05-01,MT,PSPP,835.5555555555555,17.702974236546293,1.146578649873347,0.9390581117859473,single_maturity_ea_slope
2017-06-01,MT,PSPP,849.7777777777777,20.534971961989136,1.0171099325632542,0.9409442424817106,single_maturity_ea_slope
2017-07-01,MT,PSPP,859.5555555555555,16.233093622337062,1.1152579226084738,0.9442362348036298,single_maturity_ea_slope
2017-08-01,MT,PSPP,883.5555555555555,30.547498137991738,0.9860538676348356,0.9456820115326815,single_maturity_ea_slope
2017-09-01,MT,PSPP,902.2222222222222,25.477918251276215,0.9966407698859214,0.9471210395764738,single_maturity_ea_slope
2017-10-01,MT,PSPP,915.5555555555555,20.32080407545095,0.9705097441819435,0.9476401531146774,single_maturity_ea_slope
2017-11-01,MT,PSPP,894.2222222222222,0.0,0.9412163985614798,0.9476401531146774,single_maturity_ea_slope
2017-12-01,MT,PSPP,912.8888888888888,25.135288065843582,0.895910868279121,0.9462158500131637,single_maturity_ea_slope
2018-01-01,MT,PSPP,919.1111111111111,12.86624615882264,1.1164862678330345,0.9485993932896537,single_maturity_ea_slope
2018-02-01,MT,PSPP,923.5555555555555,11.174900735533438,1.2007992111242956,0.9516509779104905,single_maturity_ea_slope
2018-03-01,MT,PSPP,951.1111111111111,34.42111871014635,1.0464925017061542,0.9550833333010272,single_maturity_ea_slope
2018-04-01,MT,PSPP,954.6666666666666,10.676782802568953,1.0470026499652914,0.956111338796193,single_maturity_ea_slope
2018-05-01,MT,PSPP,969.7777777777777,22.37645865043123,1.1063367735880463,0.9595776104585174,single_maturity_ea_slope
2018-06-01,MT,PSPP,984.8888888888888,22.607847179275726,1.1427785126013639,0.9637829355926283,single_maturity_ea_slope
2018-07-01,MT,PSPP,975.1111111111111,0.0,1.1391825804116245,0.9637829355926283,single_maturity_ea_slope
2018-08-01,MT,PSPP,982.2222222222222,14.61427447761702,1.2534419882403987,0.9680927107173894,single_maturity_ea_slope
2018-09-01,MT,PSPP,984.0,9.377764022146616,1.3113034223229736,0.9713635939118104,single_maturity_ea_slope
2018-10-01,MT,PSPP,1008.0,31.550644567219152,1.3586957364892203,0.9834871839514129,single_maturity_ea_slope
2018-11-01,MT,PSPP,1024.0,23.90960451977401,1.3172597261628882,0.9912805135254715,single_maturity_ea_slope
2018-12-01,MT,PSPP,1025.7777777777778,9.85858585858591,1.183308194958326,0.9931260608025165,single_maturity_ea_slope
2019-01-01,MT,PSPP,1028.4444444444443,10.82329657902162,1.0310863806142347,0.9935255532610311,single_maturity_ea_slope
2019-02-01,MT,PSPP,1029.3333333333333,9.137561045164533,0.9574723249540681,0.9932055028324073,single_maturity_ea_slope
2019-03-01,MT,PSPP,1035.5555555555554,14.53402239448746,0.825392271645816,0.9908502441047875,single_maturity_ea_slope
2019-04-01,MT,PSPP,1036.4444444444443,9.324499475037133,0.7916090475803265,0.9890577462604925,single_maturity_ea_slope
2019-05-01,MT,PSPP,1036.4444444444443,8.509396095602991,0.7379149476338233,0.9869958185213572,single_maturity_ea_slope
2019-06-01,MT,PSPP,1051.5555555555554,23.800283180564847,0.5260043281790823,0.9765620112384122,single_maturity_ea_slope
2019-07-01,MT,PSPP,1043.5555555555554,0.798155585304178,0.331149629851525,0.9760683724529294,single_maturity_ea_slope
2019-08-01,MT,PSPP,1051.5555555555554,16.61019435276861,0.07573951302342422,0.9618469295082153,single_maturity_ea_slope
2019-09-01,MT,PSPP,1014.2222222222222,0.0,0.07742652554145321,0.9618469295082153,single_maturity_ea_slope
2019-10-01,MT,PSPP,1021.3333333333333,15.13756111286973,0.1411605018874651,0.9496832307948225,single_maturity_ea_slope
2019-11-01,MT,PSPP,1023.1111111111111,9.937999360818203,0.2466997986068225,0.9428547946417217,single_maturity_ea_slope
2019-12-01,MT,PSPP,1024.888888888889,10.023354108460541,0.26076995291497723,0.936184044305017,single_maturity_ea_slope
2020-01-01,MT,PSPP,1024.888888888889,8.332429990966576,0.24760793562252117,0.9305858645596309,single_maturity_ea_slope
2020-02-01,MT,PSPP,1039.111111111111,22.67840117345063,0.13173542338373417,0.9131511065353393,single_maturity_ea_slope
2020-03-01,MT,PSPP,1053.3333333333333,22.74511519393404,0.2887926505586102,0.8996690448231581,single_maturity_ea_slope
2020-04-01,MT,PSPP,1043.5555555555554,0.0,0.45831395197827696,0.8996690448231581,single_maturity_ea_slope
2020-05-01,MT,PSPP,1064.0,29.01222404670693,0.5672728505143418,0.8906055552916166,single_maturity_ea_slope
2020-06-01,MT,PSPP,1056.888888888889,1.6159230096238222,0.6282626813889001,0.8902044479559191,single_maturity_ea_slope
2020-07-01,MT,PSPP,1056.888888888889,8.746184118577366,0.523888425808166,0.887173034333379,single_maturity_ea_slope
2020-08-01,MT,PSPP,1058.6666666666665,10.611686912589443,0.41519792842005454,0.8824421287403483,single_maturity_ea_slope
2020-09-01,MT,PSPP,1069.3333333333333,19.444997236042084,0.38137394756920573,0.8733305925203282,single_maturity_ea_slope
2020-10-01,MT,PSPP,1069.3333333333333,8.94689870593485,0.26488735559209653,0.8682398693197908,single_maturity_ea_slope
2020-11-01,MT,PSPP,1079.111111111111,18.852229011088532,0.25208458189832517,0.8574755462901611,single_maturity_ea_slope
2020-12-01,MT,PSPP,1079.111111111111,9.232641265495475,0.159396888168295,0.8515029362788515,single_maturity_ea_slope
2021-01-01,MT,PSPP,1079.111111111111,9.318748800614085,0.1985285150994091,0.845864124351568,single_maturity_ea_slope
2021-02-01,MT,PSPP,1085.3333333333333,15.638549544308654,0.25350980407050555,0.8373289010234038,single_maturity_ea_slope
2021-03-01,MT,PSPP,1088.888888888889,13.116279069767542,0.2054362114855144,0.8297173981945136,single_maturity_ea_slope
2021-04-01,MT,PSPP,1092.4444444444443,13.250079138967902,0.2246531304403061,0.8223786731246251,single_maturity_ea_slope
2021-05-01,MT,PSPP,1118.2222222222222,35.31045181306966,0.3042391002369612,0.8060172182569733,single_maturity_ea_slope
2021-06-01,MT,PSPP,1118.2222222222222,9.850442408581943,0.28396212028910695,0.8014184242297722,single_maturity_ea_slope
2021-07-01,MT,PSPP,1152.0,43.48456790123462,0.31078819994134965,0.7828985949741578,single_maturity_ea_slope
2021-08-01,MT,PSPP,1085.3333333333333,0.0,0.3109525728079219,0.7828985949741578,single_maturity_ea_slope
2021-09-01,MT,PSPP,1096.0,19.47333116953378,0.41717408127859074,0.7764005342332723,single_maturity_ea_slope
2021-10-01,MT,PSPP,1126.2222222222222,38.7900771315405,0.5329564501361745,0.768015674999443,single_maturity_ea_slope
2021-11-01,MT,PSPP,1163.5555555555554,46.1457137889062,0.523325810554461,0.7583114641452108,single_maturity_ea_slope
2021-12-01,MT,PSPP,1209.7777777777776,54.88736636547176,0.5118248981953615,0.7471284198721481,single_maturity_ea_slope
2022-01-01,MT,PSPP,1209.7777777777776,9.074240757409074,0.7118485178582643,0.7468637941444711,single_maturity_ea_slope
2022-02-01,MT,PSPP,1220.4444444444443,19.865098675317725,1.1389525264575349,0.7532457981695907,single_maturity_ea_slope
2022-03-01,MT,PSPP,1246.2222222222222,34.8422789991418,1.1893274358953931,0.7654379079050049,single_maturity_ea_slope
2022-04-01,MT,PSPP,1253.3333333333333,16.441915410468845,1.6582622194144214,0.7771504678567983,single_maturity_ea_slope
2022-05-01,MT,PSPP,1246.2222222222222,2.0587259779533955,1.9247075754169776,0.7790462016885273,single_maturity_ea_slope
2022-06-01,MT,PSPP,1256.0,18.960081212954826,2.529747373599632,0.8054740969107007,single_maturity_ea_slope
2022-07-01,MT,PSPP,1260.4444444444443,13.715185513236786,2.509491889951748,0.8240159059149963,single_maturity_ea_slope
2022-08-01,MT,PSPP,1253.3333333333333,2.184201901016083,2.5268442030788307,0.826983449109493,single_maturity_ea_slope
2022-09-01,MT,PSPP,1258.6666666666665,14.650411339082092,3.25400299845646,0.8552330529701339,single_maturity_ea_slope
2022-10-01,MT,PSPP,1264.0,14.757312568633473,3.719200027997757,0.8886701224612147,single_maturity_ea_slope
2022-11-01,MT,PSPP,1272.0,17.515206263173745,3.3990725208566817,0.9232379021872075,single_maturity_ea_slope
2022-12-01,MT,PSPP,1273.7777777777776,11.449310624492929,3.568947224073653,0.9470187754108249,single_maturity_ea_slope
2023-01-01,MT,PSPP,1283.5555555555554,19.525082474577474,3.5354746361899894,0.986393630628246,single_maturity_ea_slope
2023-02-01,MT,PSPP,1286.2222222222222,12.561482851954713,3.6045880104412134,1.0119633986177021,single_maturity_ea_slope
2023-03-01,MT,PSPP,1288.0,11.767077422249887,3.56416030013522,1.0352800900284032,single_maturity_ea_slope
2023-04-01,MT,PSPP,1288.888888888889,10.957681884511178,3.5612830963432445,1.0567552828251836,single_maturity_ea_slope
2023-05-01,MT,PSPP,1288.0,9.253453642499888,3.5815011330673907,1.074893961927909,single_maturity_ea_slope
2023-06-01,MT,PSPP,1288.888888888889,11.10138492441064,3.655128816691875,1.0971178949333436,single_maturity_ea_slope
2023-07-01,MT,PSPP,1280.888888888889,2.2195439968988975,3.771493396367305,1.1017520939970973,single_maturity_ea_slope
2023-08-01,MT,PSPP,1280.888888888889,10.243833084524065,3.7423351115115,1.1228700004071612,single_maturity_ea_slope
2023-09-01,MT,PSPP,1280.888888888889,10.323089046493303,3.8796890131242856,1.145088077556719,single_maturity_ea_slope
2023-10-01,MT,PSPP,1280.888888888889,10.413730803974707,4.101493970637405,1.1691238978256675,single_maturity_ea_slope
2023-11-01,MT,PSPP,1267.5555555555554,0.0,3.7867252258194126,1.1691238978256675,single_maturity_ea_slope
2023-12-01,MT,PSPP,1267.5555555555554,10.386394260533887,3.2178373062387897,1.185911126672055,single_maturity_ea_slope
2024-01-01,MT,PSPP,1267.5555555555554,10.479129923574366,3.262394172461394,1.2030778185188582,single_maturity_ea_slope
2024-02-01,MT,PSPP,1267.5555555555554,10.562962962962962,3.38888577934127,1.221292884859045,single_maturity_ea_slope
2024-03-01,MT,PSPP,1267.5555555555554,10.648148148148147,3.3290952516095995,1.2389995579668287,single_maturity_ea_slope
2024-04-01,MT,PSPP,1267.5555555555554,10.734718458295694,3.3842104142127307,1.2571669940800223,single_maturity_ea_slope
2024-05-01,MT,PSPP,1267.5555555555554,10.8338081671415,3.459850484897159,1.275993348702391,single_maturity_ea_slope
2024-06-01,MT,PSPP,1267.5555555555554,10.923436362939983,3.4715572173279288,1.2949140990352548,single_maturity_ea_slope
2024-07-01,MT,PSPP,1254.2222222222222,0.0,3.401297476088152,1.2949140990352548,single_maturity_ea_slope
2024-08-01,MT,PSPP,1254.2222222222222,10.85342871428022,3.23737907475625,1.3117232455887422,single_maturity_ea_slope
2024-09-01,MT,PSPP,1254.2222222222222,10.955819551207393,3.077988535536969,1.3271518382682341,single_maturity_ea_slope
2024-10-01,MT,PSPP,1237.3333333333333,0.0,3.0423389432479127,1.3271518382682341,single_maturity_ea_slope
2024-11-01,MT,PSPP,1232.0,5.418607345614721,3.0979686185132933,1.3349402804867192,single_maturity_ea_slope
2024-12-01,MT,PSPP,1232.0,10.807017543859649,2.9146410819061397,1.3487973050605737,single_maturity_ea_slope
2025-01-01,MT,PSPP,1232.0,10.898796886058033,3.1748243402506446,1.3649511181815048,single_maturity_ea_slope
2025-02-01,MT,PSPP,1232.0,10.99214846538187,3.0802544786954997,1.38025539513113,single_maturity_ea_slope
2025-03-01,MT,PSPP,1232.0,11.087113030957523,3.281411751471666,1.3973644336151163,single_maturity_ea_slope
2025-04-01,MT,PSPP,1232.0,11.195928753180663,3.0604285223536314,1.4124777023241177,single_maturity_ea_slope
2025-05-01,MT,PSPP,1232.0,11.294462779611294,3.108473377451203,1.4280258841643,single_maturity_ea_slope
2025-06-01,MT,PSPP,1232.0,11.394746577876433,3.0615033373123692,1.443133888725418,single_maturity_ea_slope
2025-07-01,MT,PSPP,1220.4444444444443,0.0,3.172118547792793,1.443133888725418,single_maturity_ea_slope
2025-08-01,MT,PSPP,1220.4444444444443,11.37625321070511,3.197914797017274,1.4594909068862294,single_maturity_ea_slope
2025-09-01,MT,PSPP,1220.4444444444443,11.491943921322452,3.2018543122239764,1.4758973419647392,single_maturity_ea_slope
2025-10-01,MT,PSPP,1220.4444444444443,11.596773512394948,3.1048269416956518,1.4913755783741929,single_maturity_ea_slope
2025-11-01,MT,PSPP,1187.5555555555554,0.0,3.1361777779735127,1.4913755783741929,single_maturity_ea_slope
2025-12-01,MT,PSPP,1187.5555555555554,11.106954316830858,3.403633615136131,1.5092605207307395,single_maturity_ea_slope
2026-01-01,MT,PSPP,1187.5555555555554,11.220290585369948,3.3397968050960714,1.5265558370985148,single_maturity_ea_slope
2026-02-01,MT,PSPP,1187.5555555555554,11.310052910052908,3.230889672102031,1.5427875879080721,single_maturity_ea_slope
2026-03-01,MT,PSPP,1187.5555555555554,11.427593875630826,3.521048341419046,1.5618239692928968,single_maturity_ea_slope
2026-04-01,MT,PSPP,1187.5555555555554,11.534144867478199,3.6078028889003755,1.5816955594211743,single_maturity_ea_slope
2026-05-01,MT,PSPP,1187.5555555555554,11.656414954412599,3.649684629625006,1.6019938424031515,single_maturity_ea_slope
2026-06-01,MT,PSPP,1187.5555555555554,11.767296428414143,3.622391124296801,1.6220136331472423,single_maturity_ea_slope
2026-07-01,MT,PSPP,1176.0,0.18382320636188432,3.7163806760642726,1.622341008372691,single_maturity_ea_slope
2026-08-01,MT,PSPP,1176.0,11.750599520383693,3.6395343735465118,1.6424968173772256,single_maturity_ea_slope
2020-03-01,NL,PEPP,632.968,632.968,-0.453391158549831,-0.453391158549831,single_maturity_ea_slope
2020-04-01,NL,PEPP,4078.732,3457.889823754789,-0.5036296672756918,-0.49598263749077887,single_maturity_ea_slope
2020-05-01,NL,PEPP,9235.821,5244.465435304199,-0.5855809563947814,-0.5468601162285547,single_maturity_ea_slope
2020-06-01,NL,PEPP,14394.688,5381.309702312139,-0.5911137899443595,-0.563403908197496,single_maturity_ea_slope
2020-07-01,NL,PEPP,18380.075,4318.597370370371,-0.6363760756286263,-0.580549508004804,single_maturity_ea_slope
2020-08-01,NL,PEPP,21192.871,3230.145568574022,-0.6489117538367775,-0.5909690498135526,single_maturity_ea_slope
2020-09-01,NL,PEPP,24709.755,3967.412720238097,-0.6758413727087496,-0.6045961996355788,single_maturity_ea_slope
2020-10-01,NL,PEPP,28225.75,4035.9814267676757,-0.7385762423784499,-0.6237539178208444,single_maturity_ea_slope
2020-11-01,NL,PEPP,31741.745,4092.5013316993454,-0.7531087548823338,-0.6404317924284282,single_maturity_ea_slope
2020-12-01,NL,PEPP,34555.43,3440.496710110586,-0.753819008427579,-0.6517211424267838,single_maturity_ea_slope
2021-01-01,NL,PEPP,37298.884,3392.0168753753733,-0.7333160414669064,-0.6591415058480766,single_maturity_ea_slope
2021-02-01,NL,PEPP,40112.569,3461.2350694444494,-0.6934721737376257,-0.6621038319872168,single_maturity_ea_slope
2021-03-01,NL,PEPP,43581.447,4125.599823837587,-0.6937628419538244,-0.6651008046655472,single_maturity_ea_slope
2021-04-01,NL,PEPP,47667.291,4739.04314568345,-0.686736339644037,-0.6672517918853371,single_maturity_ea_slope
2021-05-01,NL,PEPP,51601.116,4591.486299668879,-0.6134118827707751,-0.6624610969500777,single_maturity_ea_slope
2021-06-01,NL,PEPP,55326.026,4390.559071207426,-0.6180668185742116,-0.6589380587757315,single_maturity_ea_slope
2021-07-01,NL,PEPP,59514.994,4845.734690408358,-0.6786148698078438,-0.6605401526248028,single_maturity_ea_slope
2021-08-01,NL,PEPP,62665.61,3867.3187215799635,-0.7547772866882008,-0.6663558629136107,single_maturity_ea_slope
2021-09-01,NL,PEPP,66099.817,4161.523736304544,-0.6478267598447416,-0.6651893044308008,single_maturity_ea_slope
2021-10-01,NL,PEPP,69264.657,3911.2245641373192,-0.4988072199493451,-0.6557940699195516,single_maturity_ea_slope
2021-11-01,NL,PEPP,72449.05500000001,3961.2559744279956,-0.5463996107574397,-0.6498127709926679,single_maturity_ea_slope
2021-12-01,NL,PEPP,74935.588,3304.6117601625974,-0.5521214764807508,-0.6455046470514826,single_maturity_ea_slope
2022-01-01,NL,PEPP,74581.766,467.840149122807,-0.3530773777920564,-0.6436702949759644,single_maturity_ea_slope
2022-02-01,NL,PEPP,74605.769,810.7304894514737,0.03977443336602654,-0.6362433964056712,single_maturity_ea_slope
2022-03-01,NL,PEPP,75718.797,1907.044272882083,0.119323399516652,-0.617213784367018,single_maturity_ea_slope
2022-04-01,NL,PEPP,75996.16500000001,1086.3295064102588,0.6882999176686779,-0.5985520787987928,single_maturity_ea_slope
2022-05-01,NL,PEPP,76566.014,1392.3183181818058,0.8492592265763353,-0.5722242853505862,single_maturity_ea_slope
2022-06-01,NL,PEPP,76981.177,1253.5994213753836,1.6151499742133018,-0.5366040050043829,single_maturity_ea_slope
2022-07-01,NL,PEPP,73558.527,0.0,1.1661731091295646,-0.5366040050043829,single_maturity_ea_slope
2022-08-01,NL,PEPP,72396.604,0.0,1.1777192022939404,-0.5366040050043829,single_maturity_ea_slope
2022-09-01,NL,PEPP,73672.319,2037.463779461276,2.0028926071130604,-0.46637230284696995,single_maturity_ea_slope
2022-10-01,NL,PEPP,74123.931,1234.6936220238033,2.290259252055498,-0.4204546706708292,single_maturity_ea_slope
2022-11-01,NL,PEPP,75173.84,1852.116045454545,2.232584174695037,-0.35508970042697413,single_maturity_ea_slope
2022-12-01,NL,PEPP,76712.69900000001,2379.7296935123154,2.3754737421352328,-0.2703839999498668,single_maturity_ea_slope
2023-01-01,NL,PEPP,74132.821,0.0,2.475522119862872,-0.2703839999498668,single_maturity_ea_slope
2023-02-01,NL,PEPP,73088.246,0.0,2.6780586629218996,-0.2703839999498668,single_maturity_ea_slope
2023-03-01,NL,PEPP,72558.402,249.01625149190374,2.740799229209013,-0.26004979275108603,single_maturity_ea_slope
2023-04-01,NL,PEPP,72929.115,1151.918878552975,2.6575675189319226,-0.21396588700616326,single_maturity_ea_slope
2023-05-01,NL,PEPP,72860.662,722.8785429687415,2.6259443887362592,-0.18579004909941133,single_maturity_ea_slope
2023-06-01,NL,PEPP,73497.186,1440.7255673289233,2.7359692912528693,-0.12851638173441018,single_maturity_ea_slope
2023-07-01,NL,PEPP,70843.52100000001,0.0,2.8565649083537137,-0.12851638173441018,single_maturity_ea_slope
2023-08-01,NL,PEPP,71855.203,1782.390453002597,2.849237817239793,-0.05465227121704077,single_maturity_ea_slope
2023-09-01,NL,PEPP,71653.4,584.0150555555556,2.966715833498357,-0.0300264410187648,single_maturity_ea_slope
2023-10-01,NL,PEPP,74595.99,3747.322704402527,3.083273416006829,0.12636989127530554,single_maturity_ea_slope
2023-11-01,NL,PEPP,75110.721,1366.283397260274,2.8431731070979547,0.17578924284033454,single_maturity_ea_slope
2023-12-01,NL,PEPP,76346.431,2118.534647390683,2.2980810305008292,0.23468064909390868,single_maturity_ea_slope
2024-01-01,NL,PEPP,72631.3,0.0,2.3315208406167045,0.23468064909390868,single_maturity_ea_slope
2024-02-01,NL,PEPP,71962.772,144.99462544802304,2.5243535949105236,0.2392940104465974,single_maturity_ea_slope
2024-03-01,NL,PEPP,71777.86,626.5761822282398,2.550098850912087,0.2594659029328516,single_maturity_ea_slope
2024-04-01,NL,PEPP,71985.886,1027.4079634703176,2.624546708158453,0.293221170646575,single_maturity_ea_slope
2024-05-01,NL,PEPP,73420.732,2283.335933993404,2.7715755744476027,0.37029634428240427,single_maturity_ea_slope
2024-06-01,NL,PEPP,73480.295,934.8697715784401,2.754544897433231,0.40063048897072295,single_maturity_ea_slope
2024-07-01,NL,PEPP,70943.089,0.0,2.6631704008371897,0.40063048897072295,single_maturity_ea_slope
2024-08-01,NL,PEPP,69309.107,0.0,2.327140478143489,0.40063048897072295,single_maturity_ea_slope
2024-09-01,NL,PEPP,68978.399,460.4918515981749,2.218141819474584,0.4127639853988495,single_maturity_ea_slope
2024-10-01,NL,PEPP,68592.573,403.7619006410248,2.255686611707087,0.42361212696561307,single_maturity_ea_slope
2024-11-01,NL,PEPP,68325.873,522.8093577348096,2.303205263600833,0.4379942173425193,single_maturity_ea_slope
2024-12-01,NL,PEPP,68744.592,1219.5379521800255,2.178504085271039,0.4688710874835578,single_maturity_ea_slope
2025-01-01,NL,PEPP,67173.729,0.0,2.4375677368931257,0.4688710874835578,single_maturity_ea_slope
2025-02-01,NL,PEPP,65782.444,0.0,2.3357211545191876,0.4688710874835578,single_maturity_ea_slope
2025-03-01,NL,PEPP,65113.027,81.52414155251017,2.5333389662416663,0.4714558847097486,single_maturity_ea_slope
2025-04-01,NL,PEPP,63984.886,0.0,2.2308895599003002,0.4714558847097486,single_maturity_ea_slope
2025-05-01,NL,PEPP,63315.469,54.06655947534921,2.3125022283642025,0.4730279972315095,single_maturity_ea_slope
2025-06-01,NL,PEPP,63315.469,724.764983974359,2.301321567457048,0.4939562661214539,single_maturity_ea_slope
2025-07-01,NL,PEPP,60322.206,0.0,2.3873413870625373,0.4939562661214539,single_maturity_ea_slope
2025-08-01,NL,PEPP,60322.206,667.576427622842,2.411172742923506,0.5151738012786258,single_maturity_ea_slope
2025-09-01,NL,PEPP,60237.751000000004,589.3855495978607,2.4147397894535905,0.5337597664807114,single_maturity_ea_slope
2025-10-01,NL,PEPP,60237.751000000004,681.1143260967889,2.3465083120434778,0.554256697118011,single_maturity_ea_slope
2025-11-01,NL,PEPP,60179.077,628.9715593607243,2.382397540133375,0.5733638129809279,single_maturity_ea_slope
2025-12-01,NL,PEPP,60179.077,695.5510517799353,2.5122656747379164,0.5957736819332741,single_maturity_ea_slope
2026-01-01,NL,PEPP,57826.783,0.0,2.495647532906071,0.5957736819332741,single_maturity_ea_slope
2026-02-01,NL,PEPP,57826.783,652.083705457826,2.397254860328481,0.6160880840351596,single_maturity_ea_slope
2026-03-01,NL,PEPP,57826.783,660.123093607306,2.6626952998134095,0.6394511801056876,single_maturity_ea_slope
2026-04-01,NL,PEPP,57283.604,116.9440936073023,2.7897347349243753,0.6438409695699986,single_maturity_ea_slope
2026-05-01,NL,PEPP,57283.604,662.0851132686084,2.823692055825806,0.6690357347833112,single_maturity_ea_slope
2026-06-01,NL,PEPP,57283.604,669.5138382421692,2.753768013928074,0.6934014696961766,single_maturity_ea_slope
2026-07-01,NL,PEPP,54434.359000000004,0.0,2.8938409304485657,0.6934014696961766,single_maturity_ea_slope
2026-08-01,NL,PEPP,54434.359000000004,613.8290369869194,2.9765415589141013,0.7191472983973259,single_maturity_ea_slope
2015-03-01,NL,PSPP,2210.6666666666665,2210.6666666666665,-0.05654876060202946,-0.05654876060202946,single_maturity_ea_slope
2015-04-01,NL,PSPP,4456.888888888889,2272.690932311622,-0.0009759974898224666,-0.0282106714198014,single_maturity_ea_slope
2015-05-01,NL,PSPP,6827.555555555555,2424.9659952350003,0.215295669231528,0.05827629904843607,single_maturity_ea_slope
2015-06-01,NL,PSPP,9194.666666666666,2450.782135076253,0.3487478394631849,0.13569971066348968,single_maturity_ea_slope
2015-07-01,NL,PSPP,11556.444444444443,2475.9688690180487,0.2512264597832101,0.16045132312823832,single_maturity_ea_slope
2015-08-01,NL,PSPP,13523.555555555555,2112.365566169488,0.18051638127251024,0.16358546471792823,single_maturity_ea_slope
2015-09-01,NL,PSPP,15837.333333333332,2484.529741863075,0.17734679146100074,0.16574431462409883,single_maturity_ea_slope
2015-10-01,NL,PSPP,18256.0,2620.159457167092,0.06636284787989977,0.15148076894284607,single_maturity_ea_slope
2015-11-01,NL,PSPP,20818.666666666664,2794.224251648907,-0.010318478744129056,0.1297645183767438,single_maturity_ea_slope
2015-12-01,NL,PSPP,22766.222222222223,2214.0515446321924,0.012024846520419685,0.11831414686611481,single_maturity_ea_slope
2016-01-01,NL,PSPP,25290.666666666664,2816.3190883190855,-0.08255114013887555,0.09594618205803625,single_maturity_ea_slope
2016-02-01,NL,PSPP,27774.22222222222,2798.5862813486124,-0.23865703809938466,0.06223089116220699,single_maturity_ea_slope
2016-03-01,NL,PSPP,30226.666666666664,2792.3150051666944,-0.27313914233742514,0.031249678872034514,single_maturity_ea_slope
2016-04-01,NL,PSPP,33981.33333333333,4109.439749608761,-0.13744120055861542,0.010849508033276807,single_maturity_ea_slope
2016-05-01,NL,PSPP,37852.444444444445,4254.30160878064,-0.10917079542838015,-0.002639781168446288,single_maturity_ea_slope
2016-06-01,NL,PSPP,41213.33333333333,3778.133646874382,-0.1612186226439225,-0.017177116739317905,single_maturity_ea_slope
2016-07-01,NL,PSPP,44621.33333333333,3854.031746031746,-0.3090913631506976,-0.04239032057578756,single_maturity_ea_slope
2016-08-01,NL,PSPP,47212.444444444445,3070.9103942652387,-0.3236647091036615,-0.06068567582661038,single_maturity_ea_slope
2016-09-01,NL,PSPP,50627.555555555555,3913.763883021169,-0.31847678919816563,-0.0806142214142058,single_maturity_ea_slope
2016-10-01,NL,PSPP,54179.555555555555,4079.3703703703704,-0.23811497844496612,-0.0924730104897892,single_maturity_ea_slope
2016-11-01,NL,PSPP,57584.88888888888,3968.9991214685297,-0.09112257821474484,-0.0923799328679222,single_maturity_ea_slope
2016-12-01,NL,PSPP,60288.0,3303.704445371535,-0.14235863380816666,-0.09511870105512663,single_maturity_ea_slope
2017-01-01,NL,PSPP,63862.22222222222,4203.796157059312,-0.10918818902036298,-0.09604483950414966,single_maturity_ea_slope
2017-02-01,NL,PSPP,67262.22222222222,4071.103638316753,-0.14686451461672245,-0.09912074388871393,single_maturity_ea_slope
2017-03-01,NL,PSPP,70701.33333333333,4155.88671023965,-0.14303679160469873,-0.1017021678939535,single_maturity_ea_slope
2017-04-01,NL,PSPP,73347.55555555555,3399.646490480247,-0.0929559877751025,-0.1012967839609656,single_maturity_ea_slope
2017-05-01,NL,PSPP,75696.0,3138.146808307023,-0.023670960568670907,-0.09807863201210788,single_maturity_ea_slope
2017-06-01,NL,PSPP,78051.55555555555,3180.1307189542404,-0.0942514269041711,-0.09792269645842343,single_maturity_ea_slope
2017-07-01,NL,PSPP,80449.77777777777,3242.9360269360236,0.06076076335391678,-0.0915261553750441,single_maturity_ea_slope
2017-08-01,NL,PSPP,82382.22222222222,2811.100820348535,-0.08074888182929629,-0.09115840609991711,single_maturity_ea_slope
2017-09-01,NL,PSPP,84692.44444444444,3215.9194762044335,-0.11010433894286409,-0.0918778161349464,single_maturity_ea_slope
2017-10-01,NL,PSPP,86980.44444444444,3225.2780483006245,-0.11195315764966318,-0.09262221976168242,single_maturity_ea_slope
2017-11-01,NL,PSPP,89257.77777777777,3247.6640388715305,-0.17900574398435892,-0.09576530344753707,single_maturity_ea_slope
2017-12-01,NL,PSPP,91362.66666666666,3107.334730957374,-0.1530231881040271,-0.09771270078285561,single_maturity_ea_slope
2018-01-01,NL,PSPP,92300.44444444444,1959.7315436241643,0.01984583025464548,-0.09521668721669149,single_maturity_ea_slope
2018-02-01,NL,PSPP,93298.66666666666,2039.048163183478,0.14627135823354542,-0.08993895096280353,single_maturity_ea_slope
2018-03-01,NL,PSPP,94243.55555555555,2007.0321797207057,0.03214963944005833,-0.08733892459207904,single_maturity_ea_slope
2018-04-01,NL,PSPP,95390.22222222222,2193.8172839506224,0.13102341599723388,-0.08231695204826052,single_maturity_ea_slope
2018-05-01,NL,PSPP,96433.77777777777,2111.9944245320507,0.08944366907682932,-0.07855522578875121,single_maturity_ea_slope
2018-06-01,NL,PSPP,97574.22222222222,2230.830896024934,-0.021451343674936174,-0.07724966473377975,single_maturity_ea_slope
2018-07-01,NL,PSPP,98215.11111111111,1720.7275589002033,-0.054898834886824344,-0.07685807846516131,single_maturity_ea_slope
2018-08-01,NL,PSPP,99343.11111111111,2223.6616589816053,-0.05408372204256695,-0.07634830518930463,single_maturity_ea_slope
2018-09-01,NL,PSPP,101011.55555555555,2785.663417803762,0.02166340991828475,-0.07364537038358082,single_maturity_ea_slope
2018-10-01,NL,PSPP,101456.88888888889,1589.0330112721513,0.03942476097141889,-0.07187444902693699,single_maturity_ea_slope
2018-11-01,NL,PSPP,101819.55555555555,1522.4390590865116,-0.0320098327125401,-0.07127838033834975,single_maturity_ea_slope
2018-12-01,NL,PSPP,102384.88888888888,1740.5359597824922,-0.10496267156213723,-0.07185101093639058,single_maturity_ea_slope
2019-01-01,NL,PSPP,99850.66666666666,0.0,-0.15233501018948564,-0.07185101093639058,single_maturity_ea_slope
2019-02-01,NL,PSPP,100154.66666666666,1433.0215588723051,-0.2117991198889837,-0.07385340047975494,single_maturity_ea_slope
2019-03-01,NL,PSPP,100387.55555555555,1373.0831815421993,-0.268200585826859,-0.07651164681420715,single_maturity_ea_slope
2019-04-01,NL,PSPP,101320.88888888889,2084.0389220031684,-0.2208650749956687,-0.07948080910792392,single_maturity_ea_slope
2019-05-01,NL,PSPP,101915.55555555555,1767.3621399176857,-0.309560520810258,-0.08347072182938495,single_maturity_ea_slope
2019-06-01,NL,PSPP,101832.88888888889,1103.5013449203489,-0.45554102375236893,-0.08750262235834788,single_maturity_ea_slope
2019-07-01,NL,PSPP,99145.77777777777,0.0,-0.5327093395555168,-0.08750262235834788,single_maturity_ea_slope
2019-08-01,NL,PSPP,99112.0,1085.7544916190013,-0.73996381458565,-0.09465021972363041,single_maturity_ea_slope
2019-09-01,NL,PSPP,99586.66666666666,1604.5344277245686,-0.6639945286856952,-0.10382346123814393,single_maturity_ea_slope
2019-10-01,NL,PSPP,101002.66666666666,2551.2789177686577,-0.5571920076810462,-0.11527533327966623,single_maturity_ea_slope
2019-11-01,NL,PSPP,101470.22222222222,1628.505747126443,-0.4524558478398286,-0.12068677708805499,single_maturity_ea_slope
2019-12-01,NL,PSPP,102010.66666666666,1716.5017256477554,-0.41907805120196534,-0.12570771414955273,single_maturity_ea_slope
2020-01-01,NL,PSPP,98571.55555555555,0.0,-0.4166861985567957,-0.12570771414955273,single_maturity_ea_slope
2020-02-01,NL,PSPP,98694.22222222222,1217.9061728395109,-0.5551770070703105,-0.13100744995085922,single_maturity_ea_slope
2020-03-01,NL,PSPP,99340.44444444444,1753.156073974375,-0.5375829508475742,-0.1381826776530553,single_maturity_ea_slope
2020-04-01,NL,PSPP,100657.77777777777,2430.0175228992384,-0.43829295585108796,-0.14542775350236922,single_maturity_ea_slope
2020-05-01,NL,PSPP,101550.22222222222,2032.1384863124072,-0.551730186056673,-0.15355833945489578,single_maturity_ea_slope
2020-06-01,NL,PSPP,102414.22222222222,2026.4338624338625,-0.5326029387569582,-0.1610583603966328,single_maturity_ea_slope
2020-07-01,NL,PSPP,100016.88888888889,0.0,-0.5948051527540985,-0.1610583603966328,single_maturity_ea_slope
2020-08-01,NL,PSPP,100344.0,1432.5143923764597,-0.6145748834121236,-0.16753277786454537,single_maturity_ea_slope
2020-09-01,NL,PSPP,101416.0,2185.4487350199734,-0.6502464062434117,-0.1779349421040884,single_maturity_ea_slope
2020-10-01,NL,PSPP,103023.11111111111,2723.5355937178906,-0.7197882065283812,-0.19225946245991593,single_maturity_ea_slope
2020-11-01,NL,PSPP,104361.77777777777,2466.821628461566,-0.7249476153018759,-0.20485072608761926,single_maturity_ea_slope
2020-12-01,NL,PSPP,105475.55555555555,2262.630461372869,-0.7205202558343443,-0.21591271651621868,single_maturity_ea_slope
2021-01-01,NL,PSPP,105828.44444444444,1514.0024463036366,-0.7045571737211953,-0.22290335979236942,single_maturity_ea_slope
2021-02-01,NL,PSPP,106360.88888888888,1689.7983863128154,-0.6274528040077376,-0.22933060015450116,single_maturity_ea_slope
2021-03-01,NL,PSPP,107335.11111111111,2132.8375695957507,-0.6125967069190918,-0.23694641517717357,single_maturity_ea_slope
2021-04-01,NL,PSPP,108773.33333333333,2605.9236050672052,-0.6022567521035663,-0.24569829214001562,single_maturity_ea_slope
2021-05-01,NL,PSPP,109720.0,2134.667249162667,-0.5297384599042563,-0.2512244609658723,single_maturity_ea_slope
2021-06-01,NL,PSPP,110917.33333333333,2398.82260183968,-0.5571715580797372,-0.2578412158901761,single_maturity_ea_slope
2021-07-01,NL,PSPP,107814.22222222222,0.0,-0.6379869237285081,-0.2578412158901761,single_maturity_ea_slope
2021-08-01,NL,PSPP,108416.0,1749.2258644340411,-0.7175212623821854,-0.2652578723494447,single_maturity_ea_slope
2021-09-01,NL,PSPP,109687.11111111111,2438.3807062876813,-0.6194093524937152,-0.2731307767184206,single_maturity_ea_slope
2021-10-01,NL,PSPP,110767.11111111111,2271.733062919504,-0.4816218209065039,-0.2774067390835452,single_maturity_ea_slope
2021-11-01,NL,PSPP,111908.44444444444,2355.8849902534066,-0.5370681869165598,-0.2828731050091385,single_maturity_ea_slope
2021-12-01,NL,PSPP,112857.77777777777,2189.4535066981825,-0.5457980366989967,-0.2879738780796507,single_maturity_ea_slope
2022-01-01,NL,PSPP,109853.33333333333,0.0,-0.33971805379816944,-0.2879738780796507,single_maturity_ea_slope
2022-02-01,NL,PSPP,110535.11111111111,1856.931108258454,0.03382809171019224,-0.2825677760511203,single_maturity_ea_slope
2022-03-01,NL,PSPP,111565.33333333333,2220.3073978371103,0.11394067143924705,-0.2746766990206111,single_maturity_ea_slope
2022-04-01,NL,PSPP,114772.44444444444,4412.962098285054,0.6840871133590207,-0.23781255113460342,single_maturity_ea_slope
2022-05-01,NL,PSPP,116680.88888888888,3155.428847361044,0.8475890594161248,-0.20845977892384895,single_maturity_ea_slope
2022-06-01,NL,PSPP,117968.88888888888,2569.081344849461,1.6141665956293647,-0.16876731880493115,single_maturity_ea_slope
2022-07-01,NL,PSPP,115244.44444444444,0.0,1.159498551522867,-0.16876731880493115,single_maturity_ea_slope
2022-08-01,NL,PSPP,115163.55555555555,1147.206213886519,1.164690636015996,-0.1554840258017986,single_maturity_ea_slope
2022-09-01,NL,PSPP,116974.22222222222,3044.209463962682,1.9976964106456028,-0.0994483271860805,single_maturity_ea_slope
2022-10-01,NL,PSPP,118108.44444444444,2392.0095579450385,2.285253767819989,-0.051151778781455486,single_maturity_ea_slope
2022-11-01,NL,PSPP,118886.22222222222,2061.0072915157693,2.231737724832722,-0.011575688089643035,single_maturity_ea_slope
2022-12-01,NL,PSPP,119620.44444444444,2039.516713023956,2.376815069838574,0.029146137436501678,single_maturity_ea_slope
2023-01-01,NL,PSPP,116746.66666666666,0.0,2.475503760476912,0.029146137436501678,single_maturity_ea_slope
2023-02-01,NL,PSPP,117064.0,1572.6738351254576,2.6781135640310594,0.06473318180458133,single_maturity_ea_slope
2023-03-01,NL,PSPP,117979.55555555555,2194.105140527151,2.7416952586907253,0.11451753830799544,single_maturity_ea_slope
2023-04-01,NL,PSPP,118024.88888888888,1344.0955036939135,2.657193879711843,0.14347414119069082,single_maturity_ea_slope
2023-05-01,NL,PSPP,118688.88888888888,1982.4192235130572,2.6237142843983694,0.18490072951629755,single_maturity_ea_slope
2023-06-01,NL,PSPP,118855.11111111111,1506.4309946803282,2.7379907896533977,0.21725991005843953,single_maturity_ea_slope
2023-07-01,NL,PSPP,113281.77777777777,0.0,2.8590561001326247,0.21725991005843953,single_maturity_ea_slope
2023-08-01,NL,PSPP,113281.77777777777,1237.240910635406,2.8491962523006573,0.24600539217117673,single_maturity_ea_slope
2023-09-01,NL,PSPP,113078.22222222222,1045.1412894375937,2.9666439228304284,0.2711512744299094,single_maturity_ea_slope
2023-10-01,NL,PSPP,113078.22222222222,1259.7841156664686,3.083959577395386,0.3024882653274749,single_maturity_ea_slope
2023-11-01,NL,PSPP,112976.88888888888,1172.0700700700602,2.843751847740455,0.3288524094847337,single_maturity_ea_slope
2023-12-01,NL,PSPP,112976.88888888888,1286.1667678607566,2.298837699362158,0.3512793822747772,single_maturity_ea_slope
2024-01-01,NL,PSPP,107913.77777777777,0.0,2.334660787773523,0.3512793822747772,single_maturity_ea_slope
2024-02-01,NL,PSPP,107913.77777777777,1191.101299975472,2.524894454470149,0.3752707186124744,single_maturity_ea_slope
2024-03-01,NL,PSPP,107913.77777777777,1203.8574049283552,2.5493911862973873,0.3995246283367595,single_maturity_ea_slope
2024-04-01,NL,PSPP,107913.77777777777,1216.8896907733172,2.624335176069917,0.4246127039765109,single_maturity_ea_slope
2024-05-01,NL,PSPP,107913.77777777777,1231.892440385591,2.769453543985341,0.45138029347432856,single_maturity_ea_slope
2024-06-01,NL,PSPP,107358.22222222222,683.1241710029667,2.7524482640003622,0.4660220704826451,single_maturity_ea_slope
2024-07-01,NL,PSPP,102446.22222222222,0.0,2.661949431106081,0.4660220704826451,single_maturity_ea_slope
2024-08-01,NL,PSPP,102446.22222222222,1138.2913580246914,2.3311388876144887,0.4867455906729989,single_maturity_ea_slope
2024-09-01,NL,PSPP,102156.44444444444,857.6933492632384,2.2236513988163336,0.5013284451178929,single_maturity_ea_slope
2024-10-01,NL,PSPP,102078.22222222222,1078.440418679552,2.2594544955393916,0.5199027712829818,single_maturity_ea_slope
2024-11-01,NL,PSPP,101914.66666666666,1001.7209538305365,2.30610988804494,0.5374594307439199,single_maturity_ea_slope
2024-12-01,NL,PSPP,101914.66666666666,1177.9318847280013,2.1832888946143285,0.5564819626887928,single_maturity_ea_slope
2025-01-01,NL,PSPP,101827.55555555555,1104.037400654513,2.4332207199663074,0.5768299889964832,single_maturity_ea_slope
2025-02-01,NL,PSPP,101827.55555555555,1203.6354084581035,2.3217990338412187,0.597456100637674,single_maturity_ea_slope
2025-03-01,NL,PSPP,101827.55555555555,1217.450449014294,2.5073981401570236,0.6202913713158106,single_maturity_ea_slope
2025-04-01,NL,PSPP,101179.55555555555,574.7132031166611,2.190852894579638,0.629212367645263,single_maturity_ea_slope
2025-05-01,NL,PSPP,100855.11111111111,901.083118001729,2.2663592847289524,0.6438393452215156,single_maturity_ea_slope
2025-06-01,NL,PSPP,100855.11111111111,1235.9694989106754,2.2604850070347626,0.6636511793123643,single_maturity_ea_slope
2025-07-01,NL,PSPP,95273.77777777777,0.0,2.348982232802461,0.6636511793123643,single_maturity_ea_slope
2025-08-01,NL,PSPP,95273.77777777777,1118.2368283776734,2.372520910823988,0.6837083357855054,single_maturity_ea_slope
2025-09-01,NL,PSPP,95069.33333333333,923.3228114478177,2.3784461926452725,0.7001677982409359,single_maturity_ea_slope
2025-10-01,NL,PSPP,95069.33333333333,1139.9200639488408,2.3128127231478253,0.7195040683237522,single_maturity_ea_slope
2025-11-01,NL,PSPP,94915.55555555555,996.0690211256217,2.3496993759236373,0.7366117703730142,single_maturity_ea_slope
2025-12-01,NL,PSPP,94915.55555555555,1163.1808278867102,2.478653406759524,0.7579603198385351,single_maturity_ea_slope
2026-01-01,NL,PSPP,91560.88888888889,0.0,2.457877553137321,0.7579603198385351,single_maturity_ea_slope
2026-02-01,NL,PSPP,91560.88888888889,1099.4343046216245,2.3599859887857626,0.7771969393023587,single_maturity_ea_slope
2026-03-01,NL,PSPP,91560.88888888889,1113.8794268721279,2.6344534845762504,0.7997913011670046,single_maturity_ea_slope
2026-04-01,NL,PSPP,90909.33333333333,465.5855973103346,2.7610690846363126,0.8098358439529457,single_maturity_ea_slope
2026-05-01,NL,PSPP,90909.33333333333,1124.0026376524893,2.797624470133912,0.8344128546624038,single_maturity_ea_slope
2026-06-01,NL,PSPP,90909.33333333333,1137.504170837504,2.7298119636634013,0.8581290597299839,single_maturity_ea_slope
2026-07-01,NL,PSPP,85861.33333333333,0.0,2.872322940327772,0.8581290597299839,single_maturity_ea_slope
2026-08-01,NL,PSPP,85861.33333333333,1026.5582655826558,2.9553236829713514,0.8832031226573076,single_maturity_ea_slope
2020-03-01,PT,PEPP,253.365,253.365,0.484996635973439,0.484996635973439,single_maturity_ea_slope
2020-04-01,PT,PEPP,1629.537,1378.892844072165,0.7597947638934749,0.7175272088621582,single_maturity_ea_slope
2020-05-01,PT,PEPP,3689.35,2078.621137119114,0.5628266813753066,0.6303671979231997,single_maturity_ea_slope
2020-06-01,PT,PEPP,6023.8640000000005,2378.247404457089,0.27793074434313225,0.49122377088652414,single_maturity_ea_slope
2020-07-01,PT,PEPP,7827.645,1874.0875359477125,0.18140721649785302,0.41704777759479017,single_maturity_ea_slope
2020-08-01,PT,PEPP,8951.341,1217.4178031609194,0.13433552618175404,0.378597792498486,single_maturity_ea_slope
2020-09-01,PT,PEPP,10355.961,1510.5781084280293,0.09479603279216603,0.33720088830526634,single_maturity_ea_slope
2020-10-01,PT,PEPP,11760.581,1532.6610608308613,-0.038581082260787214,0.2882282743120564,single_maturity_ea_slope
2020-11-01,PT,PEPP,13165.201000000001,1549.169913962636,-0.13292042390195097,0.23867104441654094,single_maturity_ea_slope
2020-12-01,PT,PEPP,14288.897,1287.687043846537,-0.16267824430301928,0.2025022429239414,single_maturity_ea_slope
2021-01-01,PT,PEPP,15384.145,1275.1183046324265,-0.1692675038184446,0.1716880241825178,single_maturity_ea_slope
2021-02-01,PT,PEPP,16506.952,1317.3460111279724,-0.11182197794819551,0.14906235892210037,single_maturity_ea_slope
2021-03-01,PT,PEPP,17892.903000000002,1591.568239661187,-0.09560270927097633,0.12729947606901393,single_maturity_ea_slope
2021-04-01,PT,PEPP,19525.996,1840.7636476323091,0.01708009526341231,0.11690882406583346,single_maturity_ea_slope
2021-05-01,PT,PEPP,21096.859,1790.7503423423434,0.1720769060327556,0.12159161886806616,single_maturity_ea_slope
2021-06-01,PT,PEPP,22586.823,1729.4832892824704,0.09346370447085378,0.11943785169539443,single_maturity_ea_slope
2021-07-01,PT,PEPP,24259.921000000002,1931.292135802471,-0.011289537851191245,0.10903086070126435,single_maturity_ea_slope
2021-08-01,PT,PEPP,25517.856,1543.4802095103555,-0.12522677692011017,0.09486148739673436,single_maturity_ea_slope
2021-09-01,PT,PEPP,26889.583,1677.2568850574703,-0.06199074130407334,0.08507771795244663,single_maturity_ea_slope
2021-10-01,PT,PEPP,28153.741,1594.6592659783707,0.03663678203098314,0.08233396935719507,single_maturity_ea_slope
2021-11-01,PT,PEPP,29425.011,1616.7994673539488,0.07547032301807088,0.08195683645671115,single_maturity_ea_slope
2021-12-01,PT,PEPP,29855.287,794.0867195845714,0.09197137023123042,0.08222320161585957,single_maturity_ea_slope
2022-01-01,PT,PEPP,30100.651,605.4132884708166,0.2875145657255186,0.08635221928528768,single_maturity_ea_slope
2022-02-01,PT,PEPP,31007.431,1274.5787658846518,0.8033921698360172,0.11582656997441573,single_maturity_ea_slope
2022-03-01,PT,PEPP,30887.416,257.7558455165698,0.8721133906651981,0.12213779228320942,single_maturity_ea_slope
2022-04-01,PT,PEPP,31451.042,947.7978407960201,1.5438100872173124,0.1649808221407914,single_maturity_ea_slope
2022-05-01,PT,PEPP,30940.756,0.0,1.8838243789302316,0.1649808221407914,single_maturity_ea_slope
2022-06-01,PT,PEPP,31310.58,754.6592736318413,2.4014062486441707,0.218883981644602,single_maturity_ea_slope
2022-07-01,PT,PEPP,31397.702,481.2632386706943,1.8607619372455455,0.24405064837755364,single_maturity_ea_slope
2022-08-01,PT,PEPP,31579.947,583.544872188138,1.83403042140126,0.27343082888991627,single_maturity_ea_slope
2022-09-01,PT,PEPP,31555.055,379.3571935483873,2.695881202014702,0.30255370555924427,single_maturity_ea_slope
2022-10-01,PT,PEPP,30500.701,0.0,2.9725249464842185,0.30255370555924427,single_maturity_ea_slope
2022-11-01,PT,PEPP,30605.603,481.45386419752913,2.8757799290550645,0.3430328854256392,single_maturity_ea_slope
2022-12-01,PT,PEPP,30773.624,551.5498596491234,3.0423769347680483,0.3914127197785741,single_maturity_ea_slope
2023-01-01,PT,PEPP,30146.879,0.0,3.108680010582127,0.3914127197785741,single_maturity_ea_slope
2023-02-01,PT,PEPP,30533.594,758.3481237672586,3.2795487738378886,0.46314395972957545,single_maturity_ea_slope
2023-03-01,PT,PEPP,30195.774,27.76421934865931,3.256854941599921,0.46571270343846016,single_maturity_ea_slope
2023-04-01,PT,PEPP,30435.804,604.713260869564,3.139721301609174,0.5188411983845133,single_maturity_ea_slope
2023-05-01,PT,PEPP,30104.207000000002,33.340697841728684,3.048544497069625,0.5216428690384084,single_maturity_ea_slope
2023-06-01,PT,PEPP,30289.119,546.9154511784478,3.086341814831267,0.56795235334778,single_maturity_ea_slope
2023-07-01,PT,PEPP,30217.11,290.12776470588415,3.2642367302587316,0.5938405656647281,single_maturity_ea_slope
2023-08-01,PT,PEPP,30353.127,499.9031994219652,3.2362125487411086,0.6373593177327719,single_maturity_ea_slope
2023-09-01,PT,PEPP,30157.547,165.25127674750183,3.37598474170775,0.6523658879901286,single_maturity_ea_slope
2023-10-01,PT,PEPP,28624.022,0.0,3.4626164967011075,0.6523658879901286,single_maturity_ea_slope
2023-11-01,PT,PEPP,28736.925,436.1191472448042,3.1946360996119547,0.690948050721819,single_maturity_ea_slope
2023-12-01,PT,PEPP,28767.151,358.2730890410983,2.7317719020698688,0.7163649668916274,single_maturity_ea_slope
2024-01-01,PT,PEPP,28795.599000000002,357.74231089743625,2.7881658802490907,0.7421039989730202,single_maturity_ea_slope
2024-02-01,PT,PEPP,27294.967,0.0,2.9448286664367735,0.7421039989730202,single_maturity_ea_slope
2024-03-01,PT,PEPP,27478.99,481.3537952069727,2.9487989409143123,0.7807590217801711,single_maturity_ea_slope
2024-04-01,PT,PEPP,27675.459,498.56871416006766,3.0408886083274527,0.8214748741098472,single_maturity_ea_slope
2024-05-01,PT,PEPP,27918.156,548.1656423841061,3.1021469891350573,0.8662552706016612,single_maturity_ea_slope
2024-06-01,PT,PEPP,28023.947,416.40688785046837,3.115662242927918,0.8996791333022123,single_maturity_ea_slope
2024-07-01,PT,PEPP,28083.510000000002,373.8737559443716,2.9964920843199074,0.9275938538449716,single_maturity_ea_slope
2024-08-01,PT,PEPP,28119.07,354.4009400544936,2.6711404781434887,0.9495687826986013,single_maturity_ea_slope
2024-09-01,PT,PEPP,28082.621,284.544949771689,2.527141819474584,0.9655534174843143,single_maturity_ea_slope
2024-10-01,PT,PEPP,28108.402000000002,349.46266205624977,2.452331684311897,0.9840380503358349,single_maturity_ea_slope
2024-11-01,PT,PEPP,28156.408,374.24093500464016,2.5223006391567258,1.0044838696151617,single_maturity_ea_slope
2024-12-01,PT,PEPP,28183.078,357.61038551951293,2.4145471234023814,1.0223759275299766,single_maturity_ea_slope
2025-01-01,PT,PEPP,28058.618,209.1465104166639,2.6553303259236367,1.0345478283019098,single_maturity_ea_slope
2025-02-01,PT,PEPP,28058.618,335.46889048302245,2.6413439552242686,1.0537586858691308,single_maturity_ea_slope
2025-03-01,PT,PEPP,27952.827,232.59078967679943,2.858681626323452,1.0687771472228265,single_maturity_ea_slope
2025-04-01,PT,PEPP,27952.827,341.05450219619325,2.581367101281369,1.0872323687218326,single_maturity_ea_slope
2025-05-01,PT,PEPP,27906.599000000002,298.3581316568056,2.536058972001953,1.1027222246677089,single_maturity_ea_slope
2025-06-01,PT,PEPP,27906.599000000002,348.1362150698603,2.5162758669291914,1.1203563768915297,single_maturity_ea_slope
2025-07-01,PT,PEPP,27872.817,318.5740479797952,2.556654620175434,1.1367726345474825,single_maturity_ea_slope
2025-08-01,PT,PEPP,27872.817,356.79489247311824,2.561296381813905,1.1550077055570374,single_maturity_ea_slope
2025-09-01,PT,PEPP,27866.594,355.01102021773124,2.5791056714306815,1.1731502339103337,single_maturity_ea_slope
2025-10-01,PT,PEPP,25707.213,0.0,2.5414172749999993,1.1731502339103337,single_maturity_ea_slope
2025-11-01,PT,PEPP,25707.213,310.9242017416546,2.5436993759236373,1.1897267837653567,single_maturity_ea_slope
2025-12-01,PT,PEPP,25707.213,315.039375,2.6566534067595238,1.2077038257138146,single_maturity_ea_slope
2026-01-01,PT,PEPP,25707.213,318.78984375,2.6785368995085714,1.225943323156706,single_maturity_ea_slope
2026-02-01,PT,PEPP,25707.213,322.6306852409639,2.6133463595778994,1.2433555098587792,single_maturity_ea_slope
2026-03-01,PT,PEPP,25707.213,326.56520579268295,2.956703231047334,1.2651205977803819,single_maturity_ea_slope
2026-04-01,PT,PEPP,25707.213,331.10784389489953,3.023090985998321,1.2877631839243533,single_maturity_ea_slope
2026-05-01,PT,PEPP,25707.213,335.25316901408456,3.0372888848320625,1.3105791163827218,single_maturity_ea_slope
2026-06-01,PT,PEPP,25707.213,339.5036053882726,2.970214762048799,1.3324971782642072,single_maturity_ea_slope
2026-07-01,PT,PEPP,23837.646,0.0,3.107812480955218,1.3324971782642072,single_maturity_ea_slope
2026-08-01,PT,PEPP,23837.646,296.04627421758573,3.1941888073877442,1.3556180380397107,single_maturity_ea_slope
2015-03-01,PT,PSPP,954.6666666666666,954.6666666666666,1.6093528435848625,1.6093528435848625,single_maturity_ea_slope
2015-04-01,PT,PSPP,1918.2222222222222,970.9491945477075,1.7468115294168736,1.6789304966565493,single_maturity_ea_slope
2015-05-01,PT,PSPP,2961.777777777778,1058.3156526794571,2.222647211103378,1.8732137794335122,single_maturity_ea_slope
2015-06-01,PT,PSPP,3996.4444444444443,1057.9510831586301,2.667421432390285,2.0834588756380943,single_maturity_ea_slope
2015-07-01,PT,PSPP,5027.555555555556,1062.5890919274664,2.451847438239376,2.16131891395799,single_maturity_ea_slope
2015-08-01,PT,PSPP,5886.222222222222,897.4954862183772,2.2694281413020385,2.177802753659714,single_maturity_ea_slope
2015-09-01,PT,PSPP,6906.666666666666,1065.5703431122013,2.34322014194972,2.2033235832731655,single_maturity_ea_slope
2015-10-01,PT,PSPP,7959.11111111111,1106.5888993414862,2.157860826633819,2.1970027038271764,single_maturity_ea_slope
2015-11-01,PT,PSPP,9068.444444444443,1172.1419753086416,2.287667647276699,2.2087216029787586,single_maturity_ea_slope
2015-12-01,PT,PSPP,9973.333333333332,977.9037394882804,2.18060100794411,2.205964326738015,single_maturity_ea_slope
2016-01-01,PT,PSPP,11037.333333333332,1145.4016759168571,2.3899761180465195,2.2250601905475005,single_maturity_ea_slope
2016-02-01,PT,PSPP,12116.444444444443,1170.088141554017,2.9424628550749055,2.2943399495008507,single_maturity_ea_slope
2016-03-01,PT,PSPP,13194.666666666666,1177.5047889580833,2.5586656630521625,2.3179286313080025,single_maturity_ea_slope
2016-04-01,PT,PSPP,14443.555555555555,1357.2194854953473,2.8603598557393375,2.3688993375518774,single_maturity_ea_slope
2016-05-01,PT,PSPP,15733.333333333332,1407.7806826434273,2.8876268177035875,2.415313820143861,single_maturity_ea_slope
2016-06-01,PT,PSPP,17011.555555555555,1407.6507623121645,2.9776908122899983,2.461848682820943,single_maturity_ea_slope
2016-07-01,PT,PSPP,17863.11111111111,992.4730137692356,2.8422152125931457,2.48298181656186,single_maturity_ea_slope
2016-08-01,PT,PSPP,18504.888888888887,791.9889374743054,2.697177433629787,2.492149153917511,single_maturity_ea_slope
2016-09-01,PT,PSPP,19413.333333333332,1065.3187144418077,3.0128643120949223,2.5207237213745812,single_maturity_ea_slope
2016-10-01,PT,PSPP,20320.888888888887,1072.8035410282594,3.06768230087075,2.549599382478172,single_maturity_ea_slope
2016-11-01,PT,PSPP,21230.222222222223,1084.2721150902994,3.203917920397606,2.5830168068285437,single_maturity_ea_slope
2016-12-01,PT,PSPP,21875.555555555555,831.5633528265096,3.3531924182082498,2.612293769054148,single_maturity_ea_slope
2017-01-01,PT,PSPP,22487.11111111111,806.3165558721106,3.5346748088412845,2.6453674306520316,single_maturity_ea_slope
2017-02-01,PT,PSPP,23070.222222222223,785.0427841634759,3.595298595398148,2.677692069710671,single_maturity_ea_slope
2017-03-01,PT,PSPP,23659.555555555555,798.7580085532143,3.5460811488560173,2.707009303919858,single_maturity_ea_slope
2017-04-01,PT,PSPP,24127.11111111111,685.4151831389393,3.336365801284105,2.7248883818133542,single_maturity_ea_slope
2017-05-01,PT,PSPP,24575.11111111111,672.6472170494517,2.8258817129113574,2.727652677884956,single_maturity_ea_slope
2017-06-01,PT,PSPP,25027.555555555555,683.8485038711035,2.5119122068709787,2.7217578233914814,single_maturity_ea_slope
2017-07-01,PT,PSPP,25487.11111111111,698.4592931992695,2.532085730703396,2.7165599712213786,single_maturity_ea_slope
2017-08-01,PT,PSPP,25855.11111111111,613.8247599451303,2.3327598440550554,2.70744819367332,single_maturity_ea_slope
2017-09-01,PT,PSPP,26294.22222222222,691.11024474767,2.112165957948684,2.691801955950498,single_maturity_ea_slope
2017-10-01,PT,PSPP,26728.888888888887,693.0611460517132,1.792348266158444,2.6684797592194975,single_maturity_ea_slope
2017-11-01,PT,PSPP,27162.666666666664,698.9453262786592,1.4513410820126598,2.6371605444934008,single_maturity_ea_slope
2017-12-01,PT,PSPP,27621.333333333332,731.056023532559,1.3278300420096105,2.6025063900728194,single_maturity_ea_slope
2018-01-01,PT,PSPP,28031.11111111111,689.4591602538135,1.3488091376069815,2.5716701862751403,single_maturity_ea_slope
2018-02-01,PT,PSPP,28465.777777777777,719.8835074390643,1.5217960568380078,2.5451194601165614,single_maturity_ea_slope
2018-03-01,PT,PSPP,28876.44444444444,702.0853580853557,1.2964514622022836,2.514760060428972,single_maturity_ea_slope
2018-04-01,PT,PSPP,29430.22222222222,848.6761074800286,1.1807347816769678,2.47629091900345,single_maturity_ea_slope
2018-05-01,PT,PSPP,29935.11111111111,805.4426289034147,1.3431462482696692,2.4458022056281736,single_maturity_ea_slope
2018-06-01,PT,PSPP,30486.22222222222,857.949068379571,1.3687708972296226,2.415492185550231,single_maturity_ea_slope
2018-07-01,PT,PSPP,31053.333333333332,881.5317198386525,1.291472906491608,2.383583899326519,single_maturity_ea_slope
2018-08-01,PT,PSPP,31552.888888888887,821.8192887781921,1.351131311155699,2.356692876615551,single_maturity_ea_slope
2018-09-01,PT,PSPP,32038.22222222222,814.4206183655483,1.4130827651175033,2.33270604222843,single_maturity_ea_slope
2018-10-01,PT,PSPP,32273.777777777777,571.8089374008798,1.477209805362608,2.3175488332546013,single_maturity_ea_slope
2018-11-01,PT,PSPP,32456.888888888887,524.4158676442923,1.4186059340176322,2.303024338252019,single_maturity_ea_slope
2018-12-01,PT,PSPP,32752.0,641.8727445394132,1.2559678996432853,2.2825041565856337,single_maturity_ea_slope
2019-01-01,PT,PSPP,33145.777777777774,743.6923076923036,1.213641821075969,2.2585220765080463,single_maturity_ea_slope
2019-02-01,PT,PSPP,33482.666666666664,694.217239231471,1.1285996702810075,2.2350946828298235,single_maturity_ea_slope
2019-03-01,PT,PSPP,33824.0,705.5921090803622,0.9236960356409566,2.2077379971239597,single_maturity_ea_slope
2019-04-01,PT,PSPP,34261.33333333333,807.7231712658734,0.7886134881481197,2.174281629922515,single_maturity_ea_slope
2019-05-01,PT,PSPP,34652.444444444445,767.7748460861974,0.6292612310498857,2.1400494763771496,single_maturity_ea_slope
2019-06-01,PT,PSPP,33949.33333333333,0.0,0.26043743688710747,2.1400494763771496,single_maturity_ea_slope
2019-07-01,PT,PSPP,34409.777777777774,824.0834047415032,0.1350663374613118,2.092031923278212,single_maturity_ea_slope
2019-08-01,PT,PSPP,34760.88888888889,723.0282941826448,-0.055524404885353096,2.047362640119876,single_maturity_ea_slope
2019-09-01,PT,PSPP,35121.777777777774,737.5781919761057,-0.0193306914208293,2.003960852759005,single_maturity_ea_slope
2019-10-01,PT,PSPP,35682.666666666664,942.9795957837748,-0.042814794400207634,1.9498710704440172,single_maturity_ea_slope
2019-11-01,PT,PSPP,36153.777777777774,859.8111837327507,0.10543327494428406,1.9060065466861482,single_maturity_ea_slope
2019-12-01,PT,PSPP,36612.444444444445,854.0491882959122,0.14312401926840174,1.864884233919331,single_maturity_ea_slope
2020-01-01,PT,PSPP,36878.22222222222,667.7589420777786,0.12458148749829182,1.833372337444427,single_maturity_ea_slope
2020-02-01,PT,PSPP,37132.444444444445,661.2666176109925,0.02850024330228601,1.8012305896341128,single_maturity_ea_slope
2020-03-01,PT,PSPP,37502.22222222222,782.3604938271565,0.49705476484254196,1.774023251458916,single_maturity_ea_slope
2020-04-01,PT,PSPP,37912.88888888888,830.1546109868233,0.7480847853909296,1.7515589240717016,single_maturity_ea_slope
2020-05-01,PT,PSPP,38264.88888888888,780.1039847435511,0.569047404310187,1.7274511329514985,single_maturity_ea_slope
2020-06-01,PT,PSPP,38631.11111111111,802.4384658256107,0.28853301927103103,1.6975621856657361,single_maturity_ea_slope
2020-07-01,PT,PSPP,38977.777777777774,790.0908070605016,0.18526485930169184,1.6669074823136218,single_maturity_ea_slope
2020-08-01,PT,PSPP,39271.11111111111,742.5931048614336,0.14275654240529367,1.6380867042220193,single_maturity_ea_slope
2020-09-01,PT,PSPP,39555.555555555555,739.6033585741521,0.09956972246166246,1.6093197633725813,single_maturity_ea_slope
2020-10-01,PT,PSPP,39954.666666666664,856.9300411522618,-0.025394669204272968,1.5742591303389695,single_maturity_ea_slope
2020-11-01,PT,PSPP,40344.88888888888,857.8564294631678,-0.12350987580071544,1.5381593393178241,single_maturity_ea_slope
2020-12-01,PT,PSPP,40791.11111111111,923.1121618072013,-0.15361361265674314,1.4998741309857861,single_maturity_ea_slope
2021-01-01,PT,PSPP,41256.88888888888,947.9422117152574,-0.15914371305121958,1.461755574625734,single_maturity_ea_slope
2021-02-01,PT,PSPP,41673.777777777774,904.5589703178371,-0.09568573439925868,1.4279502039119387,single_maturity_ea_slope
2021-03-01,PT,PSPP,42112.88888888888,934.5197865483156,-0.08026737515368151,1.3944816101572917,single_maturity_ea_slope
2021-04-01,PT,PSPP,40891.555555555555,0.0,0.029377022566735078,1.3944816101572917,single_maturity_ea_slope
2021-05-01,PT,PSPP,41329.777777777774,892.5728395061697,0.17824413823405472,1.36821530551696,single_maturity_ea_slope
2021-06-01,PT,PSPP,41888.0,1016.8304976081314,0.10313779842048171,1.337505570245432,single_maturity_ea_slope
2021-07-01,PT,PSPP,42440.0,1016.8024855747892,-0.0012466747754004137,1.305430956430493,single_maturity_ea_slope
2021-08-01,PT,PSPP,42863.11111111111,896.5604640785348,-0.10925990936038929,1.2758401062499436,single_maturity_ea_slope
2021-09-01,PT,PSPP,43618.666666666664,1231.8123456790115,-0.03458824135844074,1.238832972835081,single_maturity_ea_slope
2021-10-01,PT,PSPP,44256.88888888888,1124.1699346405196,0.07811877972060016,1.2093496532577435,single_maturity_ea_slope
2021-11-01,PT,PSPP,44849.777777777774,1084.6320987654335,0.11444274023586387,1.1828707888828094,single_maturity_ea_slope
2021-12-01,PT,PSPP,45363.555555555555,1012.7739702319174,0.12584694049062733,1.1592719720251905,single_maturity_ea_slope
2022-01-01,PT,PSPP,46005.33333333333,1147.8415389954841,0.3186863217112548,1.1382992052478487,single_maturity_ea_slope
2022-02-01,PT,PSPP,46297.777777777774,808.4306864064611,0.8363673372001891,1.1330270086317313,single_maturity_ea_slope
2022-03-01,PT,PSPP,46748.444444444445,969.2349661489494,0.9079982445145641,1.1283614898286225,single_maturity_ea_slope
2022-04-01,PT,PSPP,47821.33333333333,1594.4021022360994,1.579852968533268,1.1434145825094701,single_maturity_ea_slope
2022-05-01,PT,PSPP,48450.666666666664,1164.9665471923558,1.9177844445211778,1.1620338306325975,single_maturity_ea_slope
2022-06-01,PT,PSPP,48872.0,969.1699080355821,2.4343494312060585,1.1872648421238403,single_maturity_ea_slope
2022-07-01,PT,PSPP,49211.555555555555,895.9307832422578,1.913934440906393,1.200494370340249,single_maturity_ea_slope
2022-08-01,PT,PSPP,49304.0,656.5383870803412,1.8775353688296075,1.2095099351044765,single_maturity_ea_slope
2022-09-01,PT,PSPP,49709.33333333333,975.9814814814766,2.7261693109947056,1.2392876723084378,single_maturity_ea_slope
2022-10-01,PT,PSPP,47652.444444444445,0.0,3.0170181396887443,1.2392876723084378,single_maturity_ea_slope
2022-11-01,PT,PSPP,47869.33333333333,749.199483665966,2.8958125757965174,1.2652138241044328,single_maturity_ea_slope
2022-12-01,PT,PSPP,47728.0,391.2582702863125,3.0498569786219023,1.2798437351360037,single_maturity_ea_slope
2023-01-01,PT,PSPP,48208.88888888888,1009.7895981087414,3.108553330819004,1.3181481219460456,single_maturity_ea_slope
2023-02-01,PT,PSPP,48646.22222222222,972.2743995660131,3.275431190650897,1.3572676287334895,single_maturity_ea_slope
2023-03-01,PT,PSPP,48726.22222222222,620.5135802469135,3.254308331494002,1.3814258635536556,single_maturity_ea_slope
2023-04-01,PT,PSPP,48961.777777777774,780.5915983097183,3.1409301343800213,1.4094774236344763,single_maturity_ea_slope
2023-05-01,PT,PSPP,49117.33333333333,703.2264479244336,3.0536129160193743,1.4330169662714882,single_maturity_ea_slope
2023-06-01,PT,PSPP,49176.0,607.3410783437641,3.080039496288443,1.4533582799089735,single_maturity_ea_slope
2023-07-01,PT,PSPP,49016.88888888888,396.17344173441165,3.256379894648321,1.4679309974931516,single_maturity_ea_slope
2023-08-01,PT,PSPP,49016.88888888888,559.5535261288686,3.236739037970163,1.4881228701013367,single_maturity_ea_slope
2023-09-01,PT,PSPP,49016.88888888888,565.7535651995485,3.3762364290455,1.5099155012064172,single_maturity_ea_slope
2023-10-01,PT,PSPP,46673.777777777774,0.0,3.46341701832109,1.5099155012064172,single_maturity_ea_slope
2023-11-01,PT,PSPP,46622.22222222222,470.5224956500132,3.1950412180617045,1.5269221885753612,single_maturity_ea_slope
2023-12-01,PT,PSPP,46408.88888888888,313.11452373782754,2.7320350912390268,1.5350529230445975,single_maturity_ea_slope
2024-01-01,PT,PSPP,46395.555555555555,516.4485032978232,2.788479874964773,1.5490053472706031,single_maturity_ea_slope
2024-02-01,PT,PSPP,44489.777777777774,0.0,2.943894454470149,1.5490053472706031,single_maturity_ea_slope
2024-03-01,PT,PSPP,44452.444444444445,458.9827953790519,2.950391186297387,1.5634750125013872,single_maturity_ea_slope
2024-04-01,PT,PSPP,44452.444444444445,501.2679797524182,3.041335176069917,1.5801401023025659,single_maturity_ea_slope
2024-05-01,PT,PSPP,44452.444444444445,506.7538126361656,3.1043612817913298,1.597516084740878,single_maturity_ea_slope
2024-06-01,PT,PSPP,44452.444444444445,513.0706884169488,3.117758876360787,1.6150627466940166,single_maturity_ea_slope
2024-07-01,PT,PSPP,44452.444444444445,518.8193796036934,2.997475643269967,1.63119735099579,single_maturity_ea_slope
2024-08-01,PT,PSPP,44452.444444444445,524.6983527436786,2.6641432615692384,1.6433898192509062,single_maturity_ea_slope
2024-09-01,PT,PSPP,44452.444444444445,531.4735108135395,2.514154953883316,1.6538006888663102,single_maturity_ea_slope
2024-10-01,PT,PSPP,44088.0,169.32650229480123,2.438673105419794,1.6568151077794535,single_maturity_ea_slope
2024-11-01,PT,PSPP,44042.666666666664,490.2351797861977,2.5068093087881547,1.6662763209957752,single_maturity_ea_slope
2024-12-01,PT,PSPP,44042.666666666664,541.3307112422157,2.399714214438184,1.6752910443665028,single_maturity_ea_slope
2025-01-01,PT,PSPP,44042.666666666664,548.6131871782096,2.6363121268688072,1.6872619098685242,single_maturity_ea_slope
2025-02-01,PT,PSPP,44042.666666666664,555.2529836947385,2.6223976831032583,1.6990513169945294,single_maturity_ea_slope
2025-03-01,PT,PSPP,44042.666666666664,562.055470478135,2.830055446743083,1.7134847540765683,single_maturity_ea_slope
2025-04-01,PT,PSPP,44042.666666666664,569.0267011197243,2.549357274645292,1.7242841406472236,single_maturity_ea_slope
2025-05-01,PT,PSPP,44042.666666666664,577.078965758211,2.502595987696048,1.7344821470288905,single_maturity_ea_slope
2025-06-01,PT,PSPP,44042.666666666664,584.4302901627742,2.486759770018715,1.7444645995632566,single_maturity_ea_slope
2025-07-01,PT,PSPP,44017.777777777774,567.0824372759839,2.523469288167173,1.7545005418521462,single_maturity_ea_slope
2025-08-01,PT,PSPP,44017.777777777774,600.3515790749832,2.5299608831624765,1.7650769240304105,single_maturity_ea_slope
2025-09-01,PT,PSPP,44017.777777777774,608.3164424789632,2.5502388326579544,1.7759276966758988,single_maturity_ea_slope
2025-10-01,PT,PSPP,40448.0,0.0,2.5079904064070715,1.7759276966758988,single_maturity_ea_slope
2025-11-01,PT,PSPP,40448.0,522.5839793281654,2.5108101819188753,1.7854223024283924,single_maturity_ea_slope
2025-12-01,PT,PSPP,40448.0,529.9790356394129,2.6205335740166826,1.7963645360707965,single_maturity_ea_slope
2026-01-01,PT,PSPP,40409.777777777774,498.50813871195635,2.642190886789048,1.8067989245519416,single_maturity_ea_slope
2026-02-01,PT,PSPP,40278.22222222222,409.84018101703066,2.5818110706460744,1.8146848515050527,single_maturity_ea_slope
2026-03-01,PT,PSPP,40275.555555555555,543.9975871637134,2.936053686386834,1.8298310594736755,single_maturity_ea_slope
2026-04-01,PT,PSPP,40275.555555555555,553.8442733162206,3.0084638324471085,1.846038880884201,single_maturity_ea_slope
2026-05-01,PT,PSPP,40275.555555555555,562.1936844717414,3.0232189317486875,1.8624707632245763,single_maturity_ea_slope
2026-06-01,PT,PSPP,40275.555555555555,569.8295919008992,2.957498120111276,1.877963510209391,single_maturity_ea_slope
2026-07-01,PT,PSPP,37169.777777777774,0.0,3.089913134240399,1.877963510209391,single_maturity_ea_slope
2026-08-01,PT,PSPP,37169.777777777774,494.8053484794698,3.1777162617754287,1.8952658631322616,single_maturity_ea_slope
2020-03-01,SI,PEPP,52.451,52.451,-0.08116699507891424,-0.08116699507891424,single_maturity_ea_slope
2020-04-01,SI,PEPP,410.718,358.8505669781931,0.05159575035899999,0.03482983601681822,single_maturity_ea_slope
2020-05-01,SI,PEPP,834.771,428.72875136612015,0.49871463320960685,0.2730757140818087,single_maturity_ea_slope
2020-06-01,SI,PEPP,1314.8310000000001,490.30510309278367,0.16184308011921894,0.2315966737623232,single_maturity_ea_slope
2020-07-01,SI,PEPP,1685.544,386.7318961988304,-0.13823689051174373,0.14674191138905862,single_maturity_ea_slope
2020-08-01,SI,PEPP,1916.684,251.23470672389115,-0.32172880534896375,0.08533580421207579,single_maturity_ea_slope
2020-09-01,SI,PEPP,2205.609,311.64529397818865,-0.30452221318580047,0.030250149210797255,single_maturity_ea_slope
2020-10-01,SI,PEPP,2494.534,313.2372685185187,-0.3220748676817836,-0.013991110247752112,single_maturity_ea_slope
2020-11-01,SI,PEPP,2783.459,313.940383072603,-0.342572957446391,-0.05105115351774251,single_maturity_ea_slope
2020-12-01,SI,PEPP,3014.599,257.52850018960976,-0.36680122636640844,-0.0780247717984747,single_maturity_ea_slope
2021-01-01,SI,PEPP,3239.516,251.98775251436774,-0.2978783616936156,-0.09512621905167302,single_maturity_ea_slope
2021-02-01,SI,PEPP,3469.767,258.6678070175436,-0.14159799587569924,-0.09859064551007198,single_maturity_ea_slope
2021-03-01,SI,PEPP,3755.136,315.51991240875924,-0.15803367857294962,-0.10358526104072388,single_maturity_ea_slope
2021-04-01,SI,PEPP,4027.17,305.39519402985087,-0.1942629088068766,-0.11046168240702198,single_maturity_ea_slope
2021-05-01,SI,PEPP,4300.982,310.44928165938853,-0.03937980722437828,-0.10533091992313946,single_maturity_ea_slope
2021-06-01,SI,PEPP,4594.352,331.5805721393034,-0.07049993574622995,-0.1028171208799763,single_maturity_ea_slope
2021-07-01,SI,PEPP,4938.395,384.4293572433198,-0.04497217934624975,-0.09831418142422439,single_maturity_ea_slope
2021-08-01,SI,PEPP,5181.981,286.633376220362,-0.2560019177061733,-0.10703643807453651,single_maturity_ea_slope
2021-09-01,SI,PEPP,5336.667,200.33417653277016,-0.14323581888387105,-0.10839533364464314,single_maturity_ea_slope
2021-10-01,SI,PEPP,5362.448,72.99142993630568,-0.03060988471338058,-0.10733655020362323,single_maturity_ea_slope
2021-11-01,SI,PEPP,5460.238,145.53259259259255,-0.022764762508176994,-0.10508244488376195,single_maturity_ea_slope
2021-12-01,SI,PEPP,5408.676,0.0,0.028725554748071785,-0.10508244488376195,single_maturity_ea_slope
2022-01-01,SI,PEPP,5610.479,250.74143648208457,0.23454142066693542,-0.08990410165998727,single_maturity_ea_slope
2022-02-01,SI,PEPP,5770.499,212.08457869339225,0.5611566968960358,-0.0659755029087289,single_maturity_ea_slope
2022-03-01,SI,PEPP,5777.611,58.930417744252956,0.9030451296526196,-0.05609169614506127,single_maturity_ea_slope
2022-04-01,SI,PEPP,5793.613,68.05254954954995,1.4521728759909323,-0.038375419699065404,single_maturity_ea_slope
2022-05-01,SI,PEPP,5806.059,64.98148240841485,1.6982108622001222,-0.01893952507106961,single_maturity_ea_slope
2022-06-01,SI,PEPP,5815.838,62.88967508232666,1.9599033680085725,0.0024587302766120103,single_maturity_ea_slope
2022-07-01,SI,PEPP,5814.9490000000005,52.78244702842456,1.8827510354336434,0.019526193636119602,single_maturity_ea_slope
2022-08-01,SI,PEPP,5822.95,62.20447688292249,1.524134089195551,0.035599377684958994,single_maturity_ea_slope
2022-09-01,SI,PEPP,5837.174,69.11606259426864,1.5950390410420696,0.05406419120337994,single_maturity_ea_slope
2022-10-01,SI,PEPP,5845.175,63.59313333333354,2.3308702593256463,0.07883491780510567,single_maturity_ea_slope
2022-11-01,SI,PEPP,5854.954,66.02587259430285,3.468670570289114,0.11706183759073244,single_maturity_ea_slope
2022-12-01,SI,PEPP,5861.177,63.1556526643329,3.4772043637619627,0.15326821632413773,single_maturity_ea_slope
2023-01-01,SI,PEPP,5891.403,87.82404441823955,3.226377080713789,0.1990795195753739,single_maturity_ea_slope
2023-02-01,SI,PEPP,5924.296,91.2006306413302,3.376435189717347,0.24799281507727897,single_maturity_ea_slope
2023-03-01,SI,PEPP,5639.816,0.0,3.517611690104364,0.24799281507727897,single_maturity_ea_slope
2023-04-01,SI,PEPP,5662.93,76.33989656474189,3.280963205695966,0.2888791841307116,single_maturity_ea_slope
2023-05-01,SI,PEPP,5695.823,87.0112148318043,3.058486700151737,0.331188594829795,single_maturity_ea_slope
2023-06-01,SI,PEPP,5716.27,75.4472220934725,3.3531268308259827,0.3710741924737063,single_maturity_ea_slope
2023-07-01,SI,PEPP,5734.939,74.31804595015564,3.402767538501285,0.41036136281620844,single_maturity_ea_slope
2023-08-01,SI,PEPP,5761.609,83.09403581267225,3.4133600705964615,0.4536706679373475,single_maturity_ea_slope
2023-09-01,SI,PEPP,5772.277,67.89494676201794,3.401638687070107,0.48834539538288596,single_maturity_ea_slope
2023-10-01,SI,PEPP,5803.392,88.86086834733871,3.5566801970666075,0.5353273836507774,single_maturity_ea_slope
2023-11-01,SI,PEPP,5819.394,74.62212121212161,3.4286711432017043,0.5724287465647758,single_maturity_ea_slope
2023-12-01,SI,PEPP,5830.951,70.84177995110004,3.1396669829306054,0.603618809081624,single_maturity_ea_slope
2024-01-01,SI,PEPP,5857.621,86.51145114942537,2.8963536583077274,0.6374803065918605,single_maturity_ea_slope
2024-02-01,SI,PEPP,5881.624,84.64089855072433,3.104352907013899,0.6729804190624781,single_maturity_ea_slope
2024-03-01,SI,PEPP,5902.96,82.67959616186924,3.1287913663018374,0.7073776464480013,single_maturity_ea_slope
2024-04-01,SI,PEPP,5926.963,86.34943008027008,3.1251599978002744,0.7426021160621027,single_maturity_ea_slope
2024-05-01,SI,PEPP,5950.966,87.24417584293701,3.1657481720907614,0.778126664615276,single_maturity_ea_slope
2024-06-01,SI,PEPP,5960.745,73.93344156964163,3.246798568765368,0.8087465636346264,single_maturity_ea_slope
2024-07-01,SI,PEPP,5974.969,79.07109530026125,3.1067120203250322,0.8391572060367336,single_maturity_ea_slope
2024-08-01,SI,PEPP,5981.192,71.91087379067717,2.792138092349989,0.8626375694879115,single_maturity_ea_slope
2024-09-01,SI,PEPP,5707.38,0.0,2.713541385130905,0.8626375694879115,single_maturity_ea_slope
2024-10-01,SI,PEPP,5715.381,68.66617857142879,2.7190617985332177,0.8849411670286444,single_maturity_ea_slope
2024-11-01,SI,PEPP,5726.938,72.93351417525753,2.8213786754497616,0.9096020228769062,single_maturity_ea_slope
2024-12-01,SI,PEPP,5731.383,66.58625434027749,2.648777498527789,0.9298074742599428,single_maturity_ea_slope
2025-01-01,SI,PEPP,5731.383,62.84411184210527,2.826759444411364,0.9506073862133575,single_maturity_ea_slope
2025-02-01,SI,PEPP,5731.383,63.51266622340426,2.6489726207158,0.969427922943216,single_maturity_ea_slope
2025-03-01,SI,PEPP,5731.383,64.19559811827956,2.888344165186666,0.9909211604235414,single_maturity_ea_slope
2025-04-01,SI,PEPP,5729.6050000000005,63.11537635869631,2.6178895599003003,1.008843289934508,single_maturity_ea_slope
2025-05-01,SI,PEPP,5729.6050000000005,65.6763525905548,2.5670853010917027,1.0267048443952735,single_maturity_ea_slope
2025-06-01,SI,PEPP,5729.6050000000005,66.40710477515067,2.5566647123778696,1.044437341706152,single_maturity_ea_slope
2025-07-01,SI,PEPP,5376.6720000000005,0.0,2.5851680134558745,1.044437341706152,single_maturity_ea_slope
2025-08-01,SI,PEPP,5376.6720000000005,59.34516556291392,2.7029705025560418,1.0627434472342965,single_maturity_ea_slope
2025-09-01,SI,PEPP,5375.783,59.09172289156615,2.7226039227109315,1.0809889782119286,single_maturity_ea_slope
2025-10-01,SI,PEPP,5375.783,60.702156729900636,2.6633105879695647,1.0988562050610438,single_maturity_ea_slope
2025-11-01,SI,PEPP,5375.783,61.36738584474887,2.661397540133375,1.1166934349134676,single_maturity_ea_slope
2025-12-01,SI,PEPP,5375.783,62.04735687903971,2.795085486152024,1.1360654576655287,single_maturity_ea_slope
2026-01-01,SI,PEPP,5375.783,62.830563347358584,2.7179495477423212,1.1545540515186936,single_maturity_ea_slope
2026-02-01,SI,PEPP,5188.204,0.0,2.634942071746906,1.1545540515186936,single_maturity_ea_slope
2026-03-01,SI,PEPP,4856.607,0.0,2.9189578822038413,1.1545540515186936,single_maturity_ea_slope
2026-04-01,SI,PEPP,4854.829,50.44358064516104,3.0671805703065624,1.174426992469765,single_maturity_ea_slope
2026-05-01,SI,PEPP,4854.829,52.7469469795741,3.1542050120348937,1.1959369666067177,single_maturity_ea_slope
2026-06-01,SI,PEPP,4837.049,35.313055555555806,3.061889360866102,1.2095594212402152,single_maturity_ea_slope
2026-07-01,SI,PEPP,4837.049,53.53086542718017,3.071343022323077,1.2301634894239566,single_maturity_ea_slope
2026-08-01,SI,PEPP,4837.049,54.10569351230425,3.23457268404878,1.25258417392759,single_maturity_ea_slope
2015-03-01,SI,PSPP,185.77777777777777,185.77777777777777,0.5947771208300419,0.5947771208300419,single_maturity_ea_slope
2015-04-01,SI,PSPP,380.4444444444444,196.6213991769547,0.7956042987354508,0.6985686764412237,single_maturity_ea_slope
2015-05-01,SI,PSPP,585.7777777777777,209.56613756613754,1.1124405297696685,0.8466342553001823,single_maturity_ea_slope
2015-06-01,SI,PSPP,788.4444444444445,209.12365275328247,1.5201670433077692,1.0252792287916197,single_maturity_ea_slope
2015-07-01,SI,PSPP,994.6666666666666,215.33507987876914,1.7560375524419842,1.183480872888798,single_maturity_ea_slope
2015-08-01,SI,PSPP,1165.3333333333333,181.36200716845875,1.5156036002302262,1.235169469390718,single_maturity_ea_slope
2015-09-01,SI,PSPP,1367.111111111111,213.97766610831943,1.5070503097379417,1.2777237484132806,single_maturity_ea_slope
2015-10-01,SI,PSPP,1584.888888888889,231.93006671267545,1.2942016956525533,1.280135104458039,single_maturity_ea_slope
2015-11-01,SI,PSPP,1805.3333333333333,236.70972450282784,1.1084698486972724,1.2576268869186158,single_maturity_ea_slope
2015-12-01,SI,PSPP,1980.4444444444443,194.01116694584027,1.0337890896136002,1.235698964434572,single_maturity_ea_slope
2016-01-01,SI,PSPP,2204.4444444444443,245.35019884049638,1.017305800097681,1.2113922478690904,single_maturity_ea_slope
2016-02-01,SI,PSPP,2453.333333333333,273.1883205957278,1.0643761805423364,1.1950214302602922,single_maturity_ea_slope
2016-03-01,SI,PSPP,2664.0,237.11484835417593,0.9738754086401931,1.1753378696819967,single_maturity_ea_slope
2016-04-01,SI,PSPP,2873.777777777778,237.49313358302126,0.9185022961106766,1.1541126080578317,single_maturity_ea_slope
2016-05-01,SI,PSPP,3088.8888888888887,243.92958060346723,0.9947574429376779,1.1415283293760763,single_maturity_ea_slope
2016-06-01,SI,PSPP,3314.6666666666665,256.9032200277666,1.001780182536646,1.1306971500973264,single_maturity_ea_slope
2016-07-01,SI,PSPP,3512.8888888888887,231.82589889159226,0.6138804060442369,1.0965908888286333,single_maturity_ea_slope
2016-08-01,SI,PSPP,3648.8888888888887,171.4837261503928,0.4808052575663139,1.0676513355086392,single_maturity_ea_slope
2016-09-01,SI,PSPP,3843.555555555555,230.82291804289412,0.4072252973969037,1.0279897609417994,single_maturity_ea_slope
2016-10-01,SI,PSPP,4043.555555555555,237.46155512237382,0.26816839929906816,0.9833685458572219,single_maturity_ea_slope
2016-11-01,SI,PSPP,4235.555555555556,230.7313750532146,0.4851107892665034,0.9562260150129943,single_maturity_ea_slope
2016-12-01,SI,PSPP,4384.888888888889,189.1262265647832,0.49473973562226364,0.9363214835997237,single_maturity_ea_slope
2017-01-01,SI,PSPP,4527.111111111111,183.3717050383721,0.5149157981909511,0.9192523467595403,single_maturity_ea_slope
2017-02-01,SI,PSPP,4662.222222222222,177.5474732325119,0.508807030282741,0.9036217042532207,single_maturity_ea_slope
2017-03-01,SI,PSPP,4795.555555555556,175.60955950509873,0.5454202513594051,0.8905046422928193,single_maturity_ea_slope
2017-04-01,SI,PSPP,4896.0,143.97708383765018,0.5785705432171919,0.8813315700022897,single_maturity_ea_slope
2017-05-01,SI,PSPP,5001.777777777777,149.74329501915668,0.5602142602240926,0.8717179553656078,single_maturity_ea_slope
2017-06-01,SI,PSPP,5143.11111111111,185.44072114442454,0.47241399628971203,0.8573205969327153,single_maturity_ea_slope
2017-07-01,SI,PSPP,5290.666666666666,192.38741670540844,0.7592411401872949,0.8537540797990609,single_maturity_ea_slope
2017-08-01,SI,PSPP,5416.0,171.30714865021494,0.7084519406043461,0.8491581981228749,single_maturity_ea_slope
2017-09-01,SI,PSPP,5557.333333333333,187.91056071551398,0.5997468447626316,0.8407248318934952,single_maturity_ea_slope
2017-10-01,SI,PSPP,5703.11111111111,190.95934959349552,0.647100405917484,0.8342416346123206,single_maturity_ea_slope
2017-11-01,SI,PSPP,5928.888888888889,272.0092232310136,0.4955894928769373,0.8187047426675934,single_maturity_ea_slope
2017-12-01,SI,PSPP,6139.555555555556,258.49571546376995,0.40497737558729385,0.801285444024129,single_maturity_ea_slope
2018-01-01,SI,PSPP,6235.555555555556,145.24250525790467,0.6119528752151675,0.7968753900400493,single_maturity_ea_slope
2018-02-01,SI,PSPP,6337.777777777777,152.1866096866092,0.8753981327463823,0.7987609263297045,single_maturity_ea_slope
2018-03-01,SI,PSPP,6434.666666666666,146.20244147041512,0.8820448961424541,0.8006532263279389,single_maturity_ea_slope
2018-04-01,SI,PSPP,6547.555555555555,162.77002583979308,0.6684070404282917,0.7973656306880922,single_maturity_ea_slope
2018-05-01,SI,PSPP,6648.0,151.2952952952961,0.729890937303866,0.7958300404864487,single_maturity_ea_slope
2018-06-01,SI,PSPP,6750.222222222222,153.94957983193225,0.7565492028946127,0.7949341783587099,single_maturity_ea_slope
2018-07-01,SI,PSPP,6853.333333333333,155.92975134759192,0.5657863761877362,0.7897205169071971,single_maturity_ea_slope
2018-08-01,SI,PSPP,6885.333333333333,84.88065843621398,0.5609665926267684,0.7869004960348903,single_maturity_ea_slope
2018-09-01,SI,PSPP,6954.666666666666,122.70801033591701,0.539675100520552,0.7825384557183535,single_maturity_ea_slope
2018-10-01,SI,PSPP,6991.11111111111,90.70994590095702,0.7040455609776541,0.7815200072739822,single_maturity_ea_slope
2018-11-01,SI,PSPP,7019.555555555555,83.30250401060184,0.7863597261628883,0.7815774412096441,single_maturity_ea_slope
2018-12-01,SI,PSPP,7063.11111111111,99.00228190275593,0.7497402707814931,0.7811311856613269,single_maturity_ea_slope
2019-01-01,SI,PSPP,7120.888888888889,113.9948353319896,0.7603191599855463,0.7807980160982492,single_maturity_ea_slope
2019-02-01,SI,PSPP,6908.444444444444,0.0,0.6879376749321537,0.7807980160982492,single_maturity_ea_slope
2019-03-01,SI,PSPP,6954.666666666666,99.97606944012122,0.49241769113413414,0.7766524354722268,single_maturity_ea_slope
2019-04-01,SI,PSPP,6999.11111111111,98.96519285042322,0.33934042705439826,0.7704689835221397,single_maturity_ea_slope
2019-05-01,SI,PSPP,7032.888888888889,89.11546840958655,0.19216071844727095,0.7631410969677676,single_maturity_ea_slope
2019-06-01,SI,PSPP,7058.666666666666,81.86142122984188,0.020912322077510925,0.7545332528437309,single_maturity_ea_slope
2019-07-01,SI,PSPP,7103.11111111111,101.27750939345133,-0.17569029771036082,0.7412699485105236,single_maturity_ea_slope
2019-08-01,SI,PSPP,7123.555555555555,78.1370298173416,-0.18856718452825033,0.7310707283004897,single_maturity_ea_slope
2019-09-01,SI,PSPP,7152.888888888889,87.70399504716183,-0.28988693180427993,0.7185524203893626,single_maturity_ea_slope
2019-10-01,SI,PSPP,7219.555555555555,125.80099941210992,-0.22489863276793584,0.7021127539209379,single_maturity_ea_slope
2019-11-01,SI,PSPP,7259.555555555555,100.22318614911208,-0.15417428472716083,0.6902911190267983,single_maturity_ea_slope
2019-12-01,SI,PSPP,7296.888888888889,98.37904099861778,-0.1369434948288624,0.6791380715799741,single_maturity_ea_slope
2020-01-01,SI,PSPP,7035.555555555555,0.0,-0.04024516603622241,0.6791380715799741,single_maturity_ea_slope
2020-02-01,SI,PSPP,7063.11111111111,84.92309922446918,-0.08350424181401248,0.6699684651792972,single_maturity_ea_slope
2020-03-01,SI,PSPP,7118.222222222222,113.21501956052815,-0.09200631598022647,0.6578492889214544,single_maturity_ea_slope
2020-04-01,SI,PSPP,7200.888888888889,141.74885642614757,0.14750945000493754,0.6478032946461167,single_maturity_ea_slope
2020-05-01,SI,PSPP,7252.444444444444,112.04689366786151,0.6008998941640691,0.6470786589227092,single_maturity_ea_slope
2020-06-01,SI,PSPP,7304.888888888889,114.05202552195406,0.2774345506597347,0.6413073652164115,single_maturity_ea_slope
2020-07-01,SI,PSPP,7448.888888888889,207.14737974489012,-0.04673056609249451,0.6221736048983684,single_maturity_ea_slope
2020-08-01,SI,PSPP,7540.444444444444,156.55458599961227,-0.24069955524602393,0.6042586462574211,single_maturity_ea_slope
2020-09-01,SI,PSPP,7670.222222222222,196.62568951930615,-0.228699230323185,0.5829058207357964,single_maturity_ea_slope
2020-10-01,SI,PSPP,7808.0,206.58134991827183,-0.2724824881431541,0.560274254194746,single_maturity_ea_slope
2020-11-01,SI,PSPP,7942.222222222222,203.9614147909963,-0.31434131314268426,0.5378135595023655,single_maturity_ea_slope
2020-12-01,SI,PSPP,8073.777777777777,202.34184987126173,-0.35260734567614793,0.5154981802490796,single_maturity_ea_slope
2021-01-01,SI,PSPP,7906.666666666666,0.0,-0.2820445144337812,0.5154981802490796,single_maturity_ea_slope
2021-02-01,SI,PSPP,8035.555555555555,195.7811618725322,-0.12684339625226584,0.4998479393544695,single_maturity_ea_slope
2021-03-01,SI,PSPP,8180.444444444444,212.66516719148368,-0.14346651024183057,0.48312383885978233,single_maturity_ea_slope
2021-04-01,SI,PSPP,8098.666666666666,0.0,-0.15144645907059526,0.48312383885978233,single_maturity_ea_slope
2021-05-01,SI,PSPP,8225.777777777777,193.21188377407788,0.02362294001941201,0.47233081275826583,single_maturity_ea_slope
2021-06-01,SI,PSPP,8388.444444444443,230.53612027869394,-0.030341431428198257,0.4585160811099827,single_maturity_ea_slope
2021-07-01,SI,PSPP,8560.888888888889,241.93122745011493,-0.017130346122852247,0.4450742848822505,single_maturity_ea_slope
2021-08-01,SI,PSPP,8654.222222222223,164.46069199808045,-0.23532500039471535,0.4321443029129504,single_maturity_ea_slope
2021-09-01,SI,PSPP,8828.444444444443,246.41293144996706,-0.1167947730985565,0.4168227264156829,single_maturity_ea_slope
2021-10-01,SI,PSPP,8968.888888888889,214.75794986906178,-0.006003561545810859,0.40669824969640395,single_maturity_ea_slope
2021-11-01,SI,PSPP,9095.111111111111,202.3329561740971,-0.002763472888941687,0.39758922400570956,single_maturity_ea_slope
2021-12-01,SI,PSPP,9198.22222222222,181.1673341724819,0.03784395698033913,0.39050371449815513,single_maturity_ea_slope
2022-01-01,SI,PSPP,9309.333333333332,190.790790790791,0.2527724870976109,0.3876809721114104,single_maturity_ea_slope
2022-02-01,SI,PSPP,9371.555555555555,143.71148459383795,0.5858450706003088,0.3907197906531366,single_maturity_ea_slope
2022-03-01,SI,PSPP,9214.22222222222,0.0,0.9181622830183986,0.3907197906531366,single_maturity_ea_slope
2022-04-01,SI,PSPP,9395.555555555555,260.41179387420436,1.4649183547707656,0.4204928012436132,single_maturity_ea_slope
2022-05-01,SI,PSPP,9504.888888888889,190.0511645666291,1.716623082683543,0.4464090504809599,single_maturity_ea_slope
2022-06-01,SI,PSPP,9576.888888888889,154.08021492995584,1.9803144115775841,0.47108767737765345,single_maturity_ea_slope
2022-07-01,SI,PSPP,9663.111111111111,169.87778554235618,1.9154123503508795,0.4964789488043842,single_maturity_ea_slope
2022-08-01,SI,PSPP,9727.111111111111,148.85345197673965,1.5528219117211342,0.5126441076789325,single_maturity_ea_slope
2022-09-01,SI,PSPP,9822.22222222222,181.34436564223637,1.6147936235143219,0.5329927212889846,single_maturity_ea_slope
2022-10-01,SI,PSPP,9887.111111111111,152.2441203209629,2.3646578415874933,0.5611971423608844,single_maturity_ea_slope
2022-11-01,SI,PSPP,9933.333333333332,134.72124756335143,3.4870103173059372,0.6008786055554368,single_maturity_ea_slope
2022-12-01,SI,PSPP,9976.888888888889,133.04504504504604,3.4837193840353344,0.639322221145634,single_maturity_ea_slope
2023-01-01,SI,PSPP,10031.111111111111,144.592592592593,3.226244893134878,0.6766111965977313,single_maturity_ea_slope
2023-02-01,SI,PSPP,10079.111111111111,139.05946905511178,3.3722627054211953,0.7138025583599172,single_maturity_ea_slope
2023-03-01,SI,PSPP,9794.666666666666,0.0,3.5161289030206837,0.7138025583599172,single_maturity_ea_slope
2023-04-01,SI,PSPP,9808.888888888889,101.7058473264265,3.2820621445785547,0.7404321817891794,single_maturity_ea_slope
2023-05-01,SI,PSPP,9830.22222222222,109.79733846400391,3.063757855859476,0.7663822538863632,single_maturity_ea_slope
2023-06-01,SI,PSPP,9838.22222222222,97.43069707261846,3.346824512283159,0.7919371033614396,single_maturity_ea_slope
2023-07-01,SI,PSPP,9838.22222222222,90.29205416870613,3.3928027713856426,0.8158070158800171,single_maturity_ea_slope
2023-08-01,SI,PSPP,9838.22222222222,91.1959790713962,3.4140805295414833,0.8398918649128451,single_maturity_ea_slope
2023-09-01,SI,PSPP,9838.22222222222,92.01479818763768,3.4022619128588216,0.8638571665210192,single_maturity_ea_slope
2023-10-01,SI,PSPP,9831.111111111111,85.73734323224856,3.5623982086379145,0.8873912042243258,single_maturity_ea_slope
2023-11-01,SI,PSPP,9831.111111111111,93.62962962962963,3.4315648464142043,0.9116214293880389,single_maturity_ea_slope
2023-12-01,SI,PSPP,9819.555555555555,82.82915173237653,3.1413119152378424,0.9304291412568518,single_maturity_ea_slope
2024-01-01,SI,PSPP,9819.555555555555,95.26150131505194,2.90373253412625,0.9495725579513552,single_maturity_ea_slope
2024-02-01,SI,PSPP,9819.555555555555,96.15702659180918,3.1066146833541493,0.9706951796258831,single_maturity_ea_slope
2024-03-01,SI,PSPP,9819.555555555555,97.06954878959624,3.1248992109209874,0.9919901977288401,single_maturity_ea_slope
2024-04-01,SI,PSPP,9813.333333333332,91.77733422044759,3.1240788337922027,1.0119301513300227,single_maturity_ea_slope
2024-05-01,SI,PSPP,9813.333333333332,99.00457358084475,3.16159637336025,1.0336176636588186,single_maturity_ea_slope
2024-06-01,SI,PSPP,9809.777777777777,96.29521096187842,3.243226526620481,1.0553077321213409,single_maturity_ea_slope
2024-07-01,SI,PSPP,9809.777777777777,100.92363968907179,3.1052197239870103,1.076397361667284,single_maturity_ea_slope
2024-08-01,SI,PSPP,9809.777777777777,101.93035928696777,2.8031337183952387,1.0943393437612985,single_maturity_ea_slope
2024-09-01,SI,PSPP,9500.444444444443,0.0,2.724954085195959,1.0943393437612985,single_maturity_ea_slope
2024-10-01,SI,PSPP,9496.888888888889,93.8249738052944,2.732720377425321,1.1105258085462522,single_maturity_ea_slope
2024-11-01,SI,PSPP,9496.888888888889,98.31147918104439,2.835417693596279,1.1283818322010144,single_maturity_ea_slope
2024-12-01,SI,PSPP,9496.888888888889,99.42304113158384,2.6621749646889996,1.1444391304892054,single_maturity_ea_slope
2025-01-01,SI,PSPP,9496.888888888889,100.43241210753901,2.8419740036552277,1.1623910644270863,single_maturity_ea_slope
2025-02-01,SI,PSPP,9496.888888888889,101.4624881291548,2.664565395875125,1.1784399354895654,single_maturity_ea_slope
2025-03-01,SI,PSPP,9496.888888888889,102.6468751501177,2.9095684774377375,1.1971507930549368,single_maturity_ea_slope
2025-04-01,SI,PSPP,9490.666666666666,97.36513476827574,2.6445806701140753,1.2120000349467068,single_maturity_ea_slope
2025-05-01,SI,PSPP,9490.666666666666,104.75349521707138,2.5934526974547025,1.2272478568286935,single_maturity_ea_slope
2025-06-01,SI,PSPP,9490.666666666666,105.8753532649115,2.5804860392908697,1.2423442220948935,single_maturity_ea_slope
2025-07-01,SI,PSPP,8834.666666666666,0.0,2.615307348945934,1.2423442220948935,single_maturity_ea_slope
2025-08-01,SI,PSPP,8834.666666666666,93.42921601804849,2.732633536492881,1.2581044728816744,single_maturity_ea_slope
2025-09-01,SI,PSPP,8834.666666666666,94.38746438746439,2.7511203202031815,1.2740554968915196,single_maturity_ea_slope
2025-10-01,SI,PSPP,8834.666666666666,95.48926358264879,2.689785693530434,1.289357379691335,single_maturity_ea_slope
2025-11-01,SI,PSPP,8834.666666666666,96.4904616280763,2.6877155747412127,1.3046299681038498,single_maturity_ea_slope
2025-12-01,SI,PSPP,8834.666666666666,97.64220453875625,2.8213194514034523,1.3213926723843492,single_maturity_ea_slope
2026-01-01,SI,PSPP,8834.666666666666,98.68930592791182,2.745647532906071,1.3373025792266384,single_maturity_ea_slope
2026-02-01,SI,PSPP,8562.666666666666,0.0,2.6589597889633247,1.3373025792266384,single_maturity_ea_slope
2026-03-01,SI,PSPP,8233.777777777777,0.0,2.9214682657804776,1.3373025792266384,single_maturity_ea_slope
2026-04-01,SI,PSPP,8233.777777777777,88.08063519231683,3.0696202001183126,1.3558340043538493,single_maturity_ea_slope
2026-05-01,SI,PSPP,8233.777777777777,88.9945717442475,3.1564235299661187,1.3752956291442973,single_maturity_ea_slope
2026-06-01,SI,PSPP,8201.777777777777,57.57547625954936,3.0639400830651247,1.387149706553095,single_maturity_ea_slope
2026-07-01,SI,PSPP,8201.777777777777,90.2881745682274,3.0733446958226853,1.405711958746728,single_maturity_ea_slope
2026-08-01,SI,PSPP,8201.777777777777,91.25253424318845,3.2365934341385656,1.4260822466349328,single_maturity_ea_slope
2020-03-01,SK,PEPP,94.234,94.234,-0.29592739585433714,-0.29592739585433714,single_maturity_ea_slope
2020-04-01,SK,PEPP,1006.3480000000001,913.1418577661432,0.47891186898926374,0.4071476495270203,single_maturity_ea_slope
2020-05-01,SK,PEPP,2047.367,1052.275689038031,0.3234529705941971,0.36413148489075664,single_maturity_ea_slope
2020-06-01,SK,PEPP,3054.6040000000003,1031.856612794613,-0.2126287824168317,0.1692997175590424,single_maturity_ea_slope
2020-07-01,SK,PEPP,3369.31,350.20813854021355,-0.3766283728011872,0.11255561852930947,single_maturity_ea_slope
2020-08-01,SK,PEPP,3602.228,273.2014768053564,-0.44435258432848523,0.07031838549859445,single_maturity_ea_slope
2020-09-01,SK,PEPP,3855.593,297.5099509803919,-0.5010418706790283,0.026230391302228626,single_maturity_ea_slope
2020-10-01,SK,PEPP,3955.161,141.34945860424816,-0.5357572726875515,0.006146088274558822,single_maturity_ea_slope
2020-11-01,SK,PEPP,4183.634,270.83762082262206,-0.5706923412512581,-0.031196936438365398,single_maturity_ea_slope
2020-12-01,SK,PEPP,4588.129,448.90725053078546,-0.6851839867761296,-0.09518370068363052,single_maturity_ea_slope
2021-01-01,SK,PEPP,4782.82,239.14961434108508,-0.5799613746636472,-0.1194234575161037,single_maturity_ea_slope
2021-02-01,SK,PEPP,5085.08,348.1780107526884,-0.37665735450771587,-0.13703639311450166,single_maturity_ea_slope
2021-03-01,SK,PEPP,5236.21,199.06627450980403,-0.27939443317040163,-0.14244845349413607,single_maturity_ea_slope
2021-04-01,SK,PEPP,5554.472,366.2126410256408,-0.28466729420450226,-0.15182510302268679,single_maturity_ea_slope
2021-05-01,SK,PEPP,5673.598,167.64514744933632,-0.15802462460822758,-0.1520082883153923,single_maturity_ea_slope
2021-06-01,SK,PEPP,5849.62,226.00084073291043,-0.19044687971089305,-0.15349336836708316,single_maturity_ea_slope
2021-07-01,SK,PEPP,5959.856,162.6519498207884,-0.3317242888405568,-0.15835751386545835,single_maturity_ea_slope
2021-08-01,SK,PEPP,6069.203,163.68558497447185,-0.4329339636559434,-0.16576280362165358,single_maturity_ea_slope
2021-09-01,SK,PEPP,6124.321,110.63577350896401,-0.28663819522423994,-0.16794641588628684,single_maturity_ea_slope
2021-10-01,SK,PEPP,6374.13,303.19394595536977,-0.059338040456172775,-0.1627803144872789,single_maturity_ea_slope
2021-11-01,SK,PEPP,6453.251,135.2708414376322,-0.1498166560692127,-0.16250857471110686,single_maturity_ea_slope
2021-12-01,SK,PEPP,6583.934,188.50782974910393,-0.1667640166166946,-0.16263041434653544,single_maturity_ea_slope
2022-01-01,SK,PEPP,6758.178,234.0110116194623,0.0852215051676995,-0.15404820795638832,single_maturity_ea_slope
2022-02-01,SK,PEPP,6924.421,228.40431346578407,0.5780813090093697,-0.12989867405447797,single_maturity_ea_slope
2022-03-01,SK,PEPP,7079.996,220.3376356154132,0.8339161364455107,-0.0999036463006932,single_maturity_ea_slope
2022-04-01,SK,PEPP,7079.996,66.81762929407323,1.4110391225458656,-0.08564408827080873,single_maturity_ea_slope
2022-05-01,SK,PEPP,7079.996,67.42853333333333,1.719624077183702,-0.0684510581236229,single_maturity_ea_slope
2022-06-01,SK,PEPP,7079.996,68.05071126489813,2.23004203916196,-0.04635866003360383,single_maturity_ea_slope
2022-07-01,SK,PEPP,7079.996,68.76452991452992,1.8915782474001568,-0.0275364289979224,single_maturity_ea_slope
2022-08-01,SK,PEPP,7079.996,69.41172549019608,1.8172548754464404,-0.009450239738663945,single_maturity_ea_slope
2022-09-01,SK,PEPP,7079.996,70.15453824811732,2.7510292947491632,0.017902906659352576,single_maturity_ea_slope
2022-10-01,SK,PEPP,7079.996,70.8282913165266,3.3457493328932704,0.051194687634081644,single_maturity_ea_slope
2022-11-01,SK,PEPP,7079.996,71.51511111111111,3.2634524221708103,0.08364173545768497,single_maturity_ea_slope
2022-12-01,SK,PEPP,7079.996,72.30388071895425,3.1489901897736066,0.1149463561104211,single_maturity_ea_slope
2023-01-01,SK,PEPP,7137.781,130.98595119933816,3.22826419013482,0.17207908375722744,single_maturity_ea_slope
2023-02-01,SK,PEPP,6898.64,0.0,3.397759695263147,0.17207908375722744,single_maturity_ea_slope
2023-03-01,SK,PEPP,6967.982,138.68900442299923,3.561017735227936,0.23953168734074617,single_maturity_ea_slope
2023-04-01,SK,PEPP,6996.43,99.00269825840452,3.5954774790368598,0.2870198618221392,single_maturity_ea_slope
2023-05-01,SK,PEPP,7038.213,113.23346977124127,3.4946770709280184,0.3386258810806917,single_maturity_ea_slope
2023-06-01,SK,PEPP,7062.216,96.3233144266344,3.6003102376981873,0.3831128024440289,single_maturity_ea_slope
2023-07-01,SK,PEPP,7095.9980000000005,106.98075621890564,3.6997323056169282,0.4331148546627313,single_maturity_ea_slope
2023-08-01,SK,PEPP,7131.558,109.84808626465612,3.729153466631152,0.4838840601826393,single_maturity_ea_slope
2023-09-01,SK,PEPP,7146.671,90.53133756345206,3.836132446392714,0.5263490806444069,single_maturity_ea_slope
2023-10-01,SK,PEPP,7192.01,121.5945591122492,4.003551465032448,0.5851377768327778,single_maturity_ea_slope
2023-11-01,SK,PEPP,6994.652,0.0,3.760355787852454,0.5851377768327778,single_maturity_ea_slope
2023-12-01,SK,PEPP,7010.654,89.22909380234547,3.1930482127154214,0.6183303270444255,single_maturity_ea_slope
2024-01-01,SK,PEPP,7063.994,127.10529882154808,3.2193047111509094,0.665130710272249,single_maturity_ea_slope
2024-02-01,SK,PEPP,7106.666,117.56591433418198,3.395037695047274,0.7102916916258606,single_maturity_ea_slope
2024-03-01,SK,PEPP,7150.227,119.38970251813883,3.4434336116849122,0.7559278652432444,single_maturity_ea_slope
2024-04-01,SK,PEPP,7193.7880000000005,120.64408538163062,3.5843460548465598,0.8033621134531527,single_maturity_ea_slope
2024-05-01,SK,PEPP,7249.795,133.8618484848481,3.6276200562248864,0.8555098485018594,single_maturity_ea_slope
2024-06-01,SK,PEPP,7011.543,0.0,3.6169455069632432,0.8555098485018594,single_maturity_ea_slope
2024-07-01,SK,PEPP,7038.213,101.10251592356695,3.4872946196336136,0.8933149080717743,single_maturity_ea_slope
2024-08-01,SK,PEPP,7047.103,84.37490990991024,3.191410203596801,0.9208299853346315,single_maturity_ea_slope
2024-09-01,SK,PEPP,7062.216,91.38034848484877,3.1228834747367267,0.9493230837110959,single_maturity_ea_slope
2024-10-01,SK,PEPP,7081.774,96.99457894736842,3.0667581470363046,0.9783242524035201,single_maturity_ea_slope
2024-11-01,SK,PEPP,6839.077,0.0,3.0953674039678867,0.9783242524035201,single_maturity_ea_slope
2024-12-01,SK,PEPP,6845.3,79.76146236559136,2.9781828650680917,1.0016266127778717,single_maturity_ea_slope
2025-01-01,SK,PEPP,6845.3,74.47019147084421,3.163495707106478,1.0251456412192186,single_maturity_ea_slope
2025-02-01,SK,PEPP,6845.3,75.15700483091788,2.9457708145056314,1.0462328741275015,single_maturity_ea_slope
2025-03-01,SK,PEPP,6845.3,76.05888888888889,3.1260126790202376,1.0693415386263097,single_maturity_ea_slope
2025-04-01,SK,PEPP,6845.3,76.87893081761007,3.015159083517538,1.0911948354018175,single_maturity_ea_slope
2025-05-01,SK,PEPP,6469.253,0.0,3.047628401090453,1.0911948354018175,single_maturity_ea_slope
2025-06-01,SK,PEPP,6469.253,69.65173341946598,3.012599604528405,1.1118817945870736,single_maturity_ea_slope
2025-07-01,SK,PEPP,6469.253,70.47116557734203,2.9756906398492116,1.1321847231847004,single_maturity_ea_slope
2025-08-01,SK,PEPP,6469.253,71.21590708938793,2.988768262188578,1.15262267495709,single_maturity_ea_slope
2025-09-01,SK,PEPP,6469.253,71.97655763239875,3.0096651892256134,1.1732840291434332,single_maturity_ea_slope
2025-10-01,SK,PEPP,6241.669,0.0,2.9743506935304342,1.1732840291434332,single_maturity_ea_slope
2025-11-01,SK,PEPP,6241.669,68.17025993883792,2.950215574741213,1.1926913199428846,single_maturity_ea_slope
2025-12-01,SK,PEPP,6241.669,68.89259381898455,3.0379892628175593,1.2130588469061814,single_maturity_ea_slope
2026-01-01,SK,PEPP,6241.669,69.72373771224308,2.9656975329060713,1.2326370270446967,single_maturity_ea_slope
2026-02-01,SK,PEPP,6190.107,18.16173771224318,2.827102240346237,1.2373151786493908,single_maturity_ea_slope
2026-03-01,SK,PEPP,6190.107,69.99216417910448,3.1428154710725233,1.2588608626433204,single_maturity_ea_slope
2026-04-01,SK,PEPP,6190.107,70.76025377229081,3.197374827471438,1.2810203729865774,single_maturity_ea_slope
2026-05-01,SK,PEPP,5956.3,0.0,3.1885401992756064,1.2810203729865774,single_maturity_ea_slope
2026-06-01,SK,PEPP,5956.3,66.62527964205816,3.316446791520256,1.303788006303509,single_maturity_ea_slope
2026-07-01,SK,PEPP,5956.3,67.43999094202898,3.42248790994974,1.327776909198054,single_maturity_ea_slope
2026-08-01,SK,PEPP,5956.3,68.18108974358975,3.5355554961671904,1.3530490999829572,single_maturity_ea_slope
2015-03-01,SK,PSPP,449.77777777777777,449.77777777777777,0.30553830375398766,0.30553830375398766,single_maturity_ea_slope
2015-04-01,SK,PSPP,913.7777777777777,468.04767618590506,0.7662059622165616,0.5414976718639937,single_maturity_ea_slope
2015-05-01,SK,PSPP,1384.0,478.42784163473823,0.6108240687900863,0.5654627574490108,single_maturity_ea_slope
2015-06-01,SK,PSPP,1869.3333333333333,497.86956521739125,0.7460716410776618,0.6135652893854917,single_maturity_ea_slope
2015-07-01,SK,PSPP,2262.222222222222,410.51080945198595,0.7742817145095868,0.6427294577513707,single_maturity_ea_slope
2015-08-01,SK,PSPP,2638.222222222222,397.7688820460183,0.5322604941150078,0.6260738796896386,single_maturity_ea_slope
2015-09-01,SK,PSPP,3053.333333333333,440.4688794907939,0.4279370439018878,0.5974909833865986,single_maturity_ea_slope
2015-10-01,SK,PSPP,3388.4444444444443,365.18728657735767,0.28907567283231395,0.5642517338587231,single_maturity_ea_slope
2015-11-01,SK,PSPP,3862.222222222222,506.9198400278213,0.20162142147935758,0.5166562074069025,single_maturity_ea_slope
2015-12-01,SK,PSPP,4108.444444444444,283.73409306742633,0.21724782808826915,0.4959787061989611,single_maturity_ea_slope
2016-01-01,SK,PSPP,4619.555555555556,551.8694885361554,0.1977833231338305,0.4603551637267663,single_maturity_ea_slope
2016-02-01,SK,PSPP,5112.0,538.7140313390312,0.10447450947073667,0.42285166178430983,single_maturity_ea_slope
2016-03-01,SK,PSPP,5496.888888888889,436.5252525252523,-0.022671453850718504,0.38747126853104,single_maturity_ea_slope
2016-04-01,SK,PSPP,5789.333333333333,348.103505692813,-0.05007194645279145,0.361162483346567,single_maturity_ea_slope
2016-05-01,SK,PSPP,6076.444444444444,346.6721536351168,-0.018694524515444122,0.3394909535246639,single_maturity_ea_slope
2016-06-01,SK,PSPP,6283.555555555556,270.24956128198045,0.39566363141672745,0.34190688530439367,single_maturity_ea_slope
2016-07-01,SK,PSPP,6480.0,262.6428805543849,0.130116851331872,0.33332275805203965,single_maturity_ea_slope
2016-08-01,SK,PSPP,6589.333333333333,178.2108843537412,-0.04431811510306599,0.3231093251342295,single_maturity_ea_slope
2016-09-01,SK,PSPP,6707.555555555555,188.172682236376,-0.06350002662855558,0.3122634487048327,single_maturity_ea_slope
2016-10-01,SK,PSPP,6853.333333333333,217.25641754286306,0.014208825202440822,0.302814867031552,single_maturity_ea_slope
2016-11-01,SK,PSPP,7057.777777777777,277.852042273636,0.2230329659581723,0.29967399679623397,single_maturity_ea_slope
2016-12-01,SK,PSPP,7249.777777777777,266.6380898665162,0.4160870700130296,0.30395552933826064,single_maturity_ea_slope
2017-01-01,SK,PSPP,7546.666666666666,373.17022072577606,0.43011721183221596,0.310194016472104,single_maturity_ea_slope
2017-02-01,SK,PSPP,7814.222222222222,346.6610761705102,0.4618336425686831,0.3169211806706395,single_maturity_ea_slope
2017-03-01,SK,PSPP,8075.555555555555,341.9255592225886,0.4932168734833795,0.3243856830121608,single_maturity_ea_slope
2017-04-01,SK,PSPP,8282.666666666666,290.1929583904895,0.5019465333115463,0.33060673602762,single_maturity_ea_slope
2017-05-01,SK,PSPP,8470.222222222223,272.34944034944135,0.47219109678009896,0.33515920471161803,single_maturity_ea_slope
2017-06-01,SK,PSPP,8680.888888888889,296.5367216364777,0.3299962991390252,0.33498284131010336,single_maturity_ea_slope
2017-07-01,SK,PSPP,8876.444444444443,283.5613228800569,0.36782530997695495,0.33603200620040447,single_maturity_ea_slope
2017-08-01,SK,PSPP,8929.777777777777,143.54110207768804,0.2769384882242487,0.3350821114877887,single_maturity_ea_slope
2017-09-01,SK,PSPP,9088.0,249.3052268915186,0.2494827488571496,0.33273391952889775,single_maturity_ea_slope
2017-10-01,SK,PSPP,9290.666666666666,293.14854639585764,0.2848442591911893,0.3312228563491413,single_maturity_ea_slope
2017-11-01,SK,PSPP,9412.444444444443,213.94708994708952,0.22975408201265968,0.3289164470929781,single_maturity_ea_slope
2017-12-01,SK,PSPP,9584.888888888889,265.71083806755706,0.17744830382013166,0.32471747016626384,single_maturity_ea_slope
2018-01-01,SK,PSPP,9751.111111111111,260.747753670831,0.21831160891148627,0.32187214423535754,single_maturity_ea_slope
2018-02-01,SK,PSPP,9876.444444444443,221.3844672095251,0.2902231426170139,0.32116271915830646,single_maturity_ea_slope
2018-03-01,SK,PSPP,9998.22222222222,219.06347955520488,0.34840363693876175,0.3217595742894117,single_maturity_ea_slope
2018-04-01,SK,PSPP,10149.333333333332,247.99310938845844,0.3200423587967903,0.32171761511874314,single_maturity_ea_slope
2018-05-01,SK,PSPP,10267.555555555555,216.34029389017826,0.31272956275398356,0.32152823431826233,single_maturity_ea_slope
2018-06-01,SK,PSPP,10432.0,263.9362618432394,0.571471809367968,0.3278519663802212,single_maturity_ea_slope
2018-07-01,SK,PSPP,10567.111111111111,236.55023985479082,0.5267967306287569,0.3323054476776179,single_maturity_ea_slope
2018-08-01,SK,PSPP,10681.777777777777,217.78055338711016,0.5099232878184059,0.33592672798526074,single_maturity_ea_slope
2018-09-01,SK,PSPP,10890.666666666666,312.51498296899905,0.572620029116695,0.3427188009809726,single_maturity_ea_slope
2018-10-01,SK,PSPP,10965.333333333332,181.56366967674327,0.64804362331977,0.3477743604885631,single_maturity_ea_slope
2018-11-01,SK,PSPP,10372.444444444443,0.0,0.6556365674876642,0.3477743604885631,single_maturity_ea_slope
2018-12-01,SK,PSPP,10386.666666666666,109.52215280329983,0.610658564179297,0.3505463416111103,single_maturity_ea_slope
2019-01-01,SK,PSPP,10463.111111111111,172.93893224328087,0.5363336570204894,0.3536171166043266,single_maturity_ea_slope
2019-02-01,SK,PSPP,10530.666666666666,165.85611090233334,0.45564583915264667,0.3552240506815168,single_maturity_ea_slope
2019-03-01,SK,PSPP,10599.111111111111,167.71543489190628,0.36853095720572904,0.35543461301937496,single_maturity_ea_slope
2019-04-01,SK,PSPP,10670.22222222222,171.25388426975567,0.2625283746304253,0.3539434956025452,single_maturity_ea_slope
2019-05-01,SK,PSPP,10597.333333333332,27.0195588847276,0.1491935269851215,0.35342145353217796,single_maturity_ea_slope
2019-06-01,SK,PSPP,10658.666666666666,161.2327802916044,-0.014647564573743194,0.34785370355140316,single_maturity_ea_slope
2019-07-01,SK,PSPP,10736.0,178.38250537226708,-0.2341138572828151,0.3381841029974729,single_maturity_ea_slope
2019-08-01,SK,PSPP,10793.777777777777,160.37716615698224,-0.5316422721662625,0.32525996355626974,single_maturity_ea_slope
2019-09-01,SK,PSPP,10861.333333333332,171.3019778717579,-0.5244923742640699,0.3118579021608204,single_maturity_ea_slope
2019-10-01,SK,PSPP,10960.0,203.9121447028436,-0.3903224215888129,0.29879375108564477,single_maturity_ea_slope
2019-11-01,SK,PSPP,11046.22222222222,193.16991933385236,-0.11813842686106533,0.29150268328333045,single_maturity_ea_slope
2019-12-01,SK,PSPP,11130.666666666666,192.86829821576663,-0.09773902419852998,0.28475803914252196,single_maturity_ea_slope
2020-01-01,SK,PSPP,11255.111111111111,234.47475945696667,-0.07663730295925858,0.27722918535586055,single_maturity_ea_slope
2020-02-01,SK,PSPP,11318.22222222222,175.30320751373222,-0.19312830066165068,0.26994401509165844,single_maturity_ea_slope
2020-03-01,SK,PSPP,11426.666666666666,222.08121374386513,-0.14352691298470066,0.2619080647805441,single_maturity_ea_slope
2020-04-01,SK,PSPP,10921.777777777777,0.0,0.5253740417574275,0.2619080647805441,single_maturity_ea_slope
2020-05-01,SK,PSPP,11039.111111111111,220.8769224286864,0.3755515251738204,0.2641819088911037,single_maturity_ea_slope
2020-06-01,SK,PSPP,11162.666666666666,229.7825677871859,-0.1471218694694567,0.2557152547165701,single_maturity_ea_slope
2020-07-01,SK,PSPP,11495.111111111111,441.1152647975086,-0.3319440103233887,0.2331643224286477,single_maturity_ea_slope
2020-08-01,SK,PSPP,11718.22222222222,336.207442389259,-0.39756916086437566,0.21506795190197564,single_maturity_ea_slope
2020-09-01,SK,PSPP,12024.0,422.586213007267,-0.45139549811626534,0.19164494246659916,single_maturity_ea_slope
2020-10-01,SK,PSPP,12342.22222222222,439.0907385069012,-0.5185576034834025,0.1663785556866567,single_maturity_ea_slope
2020-11-01,SK,PSPP,12674.666666666666,457.2646530025179,-0.5579604232319395,0.14024653813052818,single_maturity_ea_slope
2020-12-01,SK,PSPP,12990.22222222222,444.67807660961614,-0.6768747411003764,0.11227504444941169,single_maturity_ea_slope
2021-01-01,SK,PSPP,13230.22222222222,373.15110928887066,-0.5922415159811691,0.09240454404349378,single_maturity_ea_slope
2021-02-01,SK,PSPP,13448.888888888889,355.28606177429094,-0.4004504905407472,0.07938454471791874,single_maturity_ea_slope
2021-03-01,SK,PSPP,13502.22222222222,189.8425587585137,-0.3095858722138259,0.07391558279325454,single_maturity_ea_slope
2021-04-01,SK,PSPP,13772.444444444443,408.45136045136087,-0.3359935994705449,0.06175884737620291,single_maturity_ea_slope
2021-05-01,SK,PSPP,13968.888888888889,337.0944081336246,-0.24271912923737035,0.054411246279746625,single_maturity_ea_slope
2021-06-01,SK,PSPP,14224.888888888889,399.1825429365405,-0.2659892118808756,0.04542008503795362,single_maturity_ea_slope
2021-07-01,SK,PSPP,14423.11111111111,343.1375532011215,-0.3828515917718557,0.03523115324967605,single_maturity_ea_slope
2021-08-01,SK,PSPP,14570.666666666666,295.5759897828873,-0.47469346342752117,0.024886981858134465,single_maturity_ea_slope
2021-09-01,SK,PSPP,14797.333333333332,375.8340158340152,-0.3358612043858391,0.015724422869516478,single_maturity_ea_slope
2021-10-01,SK,PSPP,14916.444444444443,269.85819070904665,-0.13930422258978295,0.01291974981706514,single_maturity_ea_slope
2021-11-01,SK,PSPP,15032.0,266.2267115600459,-0.21478921340731258,0.00888687272340006,single_maturity_ea_slope
2021-12-01,SK,PSPP,15140.444444444443,259.7326892109491,-0.21283479216947454,0.005083261509061742,single_maturity_ea_slope
2022-01-01,SK,PSPP,15295.11111111111,307.972098465415,0.03234084769189699,0.0056321019819976625,single_maturity_ea_slope
2022-02-01,SK,PSPP,15396.444444444443,256.96124451680066,0.5310511522768624,0.014401161198479355,single_maturity_ea_slope
2022-03-01,SK,PSPP,15523.555555555555,284.92624481800397,0.7872658264413349,0.028586663097969273,single_maturity_ea_slope
2022-04-01,SK,PSPP,15821.333333333332,457.88045471213746,1.3759324199653893,0.0675797918571714,single_maturity_ea_slope
2022-05-01,SK,PSPP,16018.666666666666,360.5071507150721,1.6823236772723347,0.10392031440996015,single_maturity_ea_slope
2022-06-01,SK,PSPP,16151.11111111111,298.0634132892187,2.200048992351883,0.14260367582965666,single_maturity_ea_slope
2022-07-01,SK,PSPP,16214.22222222222,231.56241598294184,1.847822814200696,0.16695665792462086,single_maturity_ea_slope
2022-08-01,SK,PSPP,16293.333333333332,249.28556768355276,1.785533148856663,0.19172063661004926,single_maturity_ea_slope
2022-09-01,SK,PSPP,16369.777777777777,247.88103254770002,2.732842607113061,0.2301998356821971,single_maturity_ea_slope
2022-10-01,SK,PSPP,16437.333333333332,240.89077133041474,3.320165746800668,0.2754835965343639,single_maturity_ea_slope
2022-11-01,SK,PSPP,16504.888888888887,243.61953727506344,3.2501913743278767,0.3193916129550291,single_maturity_ea_slope
2022-12-01,SK,PSPP,16572.444444444445,245.71713682594793,3.1447745884202485,0.3612831406349316,single_maturity_ea_slope
2023-01-01,SK,PSPP,16732.444444444445,339.5886914222415,3.2283321198628716,0.4194705390352145,single_maturity_ea_slope
2023-02-01,SK,PSPP,16007.11111111111,0.0,3.399077321882984,0.4194705390352145,single_maturity_ea_slope
2023-03-01,SK,PSPP,16117.333333333332,275.7217167539752,3.5621024024952717,0.47323202889203225,single_maturity_ea_slope
2023-04-01,SK,PSPP,16173.333333333332,224.09901265470728,3.594949988373217,0.5164868050156638,single_maturity_ea_slope
2023-05-01,SK,PSPP,16259.555555555555,256.39618406285115,3.4922442298321386,0.5634113870445342,single_maturity_ea_slope
2023-06-01,SK,PSPP,16292.444444444443,205.49563576315148,3.6034019411342895,0.6017546076555866,single_maturity_ea_slope
2023-07-01,SK,PSPP,16292.444444444443,174.73664140330806,3.704906319311589,0.6350359430444327,single_maturity_ea_slope
2023-08-01,SK,PSPP,16292.444444444443,176.7843364197531,3.7287655271992173,0.6686050574558344,single_maturity_ea_slope
2023-09-01,SK,PSPP,16292.444444444443,178.64522417153998,3.835796863275714,0.7033330377828069,single_maturity_ea_slope
2023-10-01,SK,PSPP,16292.444444444443,180.7861123440351,4.0001206580896636,0.7399152350787108,single_maturity_ea_slope
2023-11-01,SK,PSPP,15858.666666666666,0.0,3.7581565734109543,0.7399152350787108,single_maturity_ea_slope
2023-12-01,SK,PSPP,15858.666666666666,174.34769862210493,3.1917980641619215,0.76687085105368,single_maturity_ea_slope
2024-01-01,SK,PSPP,15858.666666666666,176.44266429313157,3.21255382476375,0.7940813870317626,single_maturity_ea_slope
2024-02-01,SK,PSPP,15858.666666666666,178.34757834757835,3.392825087757899,0.8233070246917505,single_maturity_ea_slope
2024-03-01,SK,PSPP,15858.666666666666,180.2940730635137,3.447679599373112,0.853143002121052,single_maturity_ea_slope
2024-04-01,SK,PSPP,15858.666666666666,182.28352490421454,3.585474225985417,0.8845491081424816,single_maturity_ea_slope
2024-05-01,SK,PSPP,15858.666666666666,184.5747982619491,3.6326022147015,0.9165329664590438,single_maturity_ea_slope
2024-06-01,SK,PSPP,15309.333333333332,0.0,3.6212940800091933,0.9165329664590438,single_maturity_ea_slope
2024-07-01,SK,PSPP,15309.333333333332,175.24420024420024,3.489227821707869,0.9459823123295661,single_maturity_ea_slope
2024-08-01,SK,PSPP,15309.333333333332,177.19135802469134,3.1771658698563634,0.9718061960972374,single_maturity_ea_slope
2024-09-01,SK,PSPP,15309.333333333332,179.18227215980025,3.1000580746066198,0.9967155111546974,single_maturity_ea_slope
2024-10-01,SK,PSPP,15309.333333333332,181.4762130551604,3.0399119747311363,1.020935478717244,single_maturity_ea_slope
2024-11-01,SK,PSPP,14442.666666666666,0.0,3.076003241007172,1.020935478717244,single_maturity_ea_slope
2024-12-01,SK,PSPP,14442.666666666666,163.97214653345443,2.9585651467606047,1.0429339990174638,single_maturity_ea_slope
2025-01-01,SK,PSPP,14442.666666666666,165.7790021426385,3.141760622472387,1.0670252137035854,single_maturity_ea_slope
2025-02-01,SK,PSPP,14442.666666666666,167.62612194367068,2.9229385365937626,1.088565526179098,single_maturity_ea_slope
2025-03-01,SK,PSPP,14442.666666666666,169.51486697965572,3.094569253463095,1.11211017086553,single_maturity_ea_slope
2025-04-01,SK,PSPP,14442.666666666666,171.69123474401647,2.9760756721330814,1.134268581484498,single_maturity_ea_slope
2025-05-01,SK,PSPP,13600.0,0.0,3.0109023847277028,1.134268581484498,single_maturity_ea_slope
2025-06-01,SK,PSPP,13600.0,154.1950113378685,2.979419899185298,1.1551886644516274,single_maturity_ea_slope
2025-07-01,SK,PSPP,13600.0,156.10651974288336,2.9400714251791404,1.175676299446204,single_maturity_ea_slope
2025-08-01,SK,PSPP,13600.0,157.84586815227485,2.9537119493541315,1.1963127392083666,single_maturity_ea_slope
2025-09-01,SK,PSPP,13600.0,159.8495533615421,2.975099858931977,1.2172199691063874,single_maturity_ea_slope
2025-10-01,SK,PSPP,12733.333333333332,0.0,2.9631188305652167,1.2172199691063874,single_maturity_ea_slope
2025-11-01,SK,PSPP,12733.333333333332,141.67037531523513,2.9390503479378878,1.2363769604151489,single_maturity_ea_slope
2025-12-01,SK,PSPP,12733.333333333332,143.39339339339335,3.0256920916059524,1.2565269055862165,single_maturity_ea_slope
2026-01-01,SK,PSPP,12733.333333333332,144.96053430479657,2.9539468725335714,1.2758509033884404,single_maturity_ea_slope
2026-02-01,SK,PSPP,12733.333333333332,146.5623081645181,2.808881903147575,1.2934962878239737,single_maturity_ea_slope
2026-03-01,SK,PSPP,12733.333333333332,148.40714840714838,3.129008361401023,1.314889202434429,single_maturity_ea_slope
2026-04-01,SK,PSPP,12733.333333333332,150.08643721515006,3.183956863506813,1.336919702918545,single_maturity_ea_slope
2026-05-01,SK,PSPP,12088.888888888889,0.0,3.1829939044475437,1.336919702918545,single_maturity_ea_slope
2026-06-01,SK,PSPP,12088.888888888889,137.06223230032757,3.311319986022699,1.3593051936566873,single_maturity_ea_slope
2026-07-01,SK,PSPP,12088.888888888889,138.761350882563,3.417483726200718,1.3829298324599935,single_maturity_ea_slope
2026-08-01,SK,PSPP,12088.888888888889,140.30743835757764,3.5305036209427265,1.4078552478323556,single_maturity_ea_slope
