month,ncb,programme,stock_eur_m,gross_purchases_eur_m,purchase_yield_pct,portfolio_yield_pct,yield_method
2020-03-01,AT,PEPP,348.0,348.0,0.006944183871496423,0.006944183871496423,single_maturity_ea_slope
2020-04-01,AT,PEPP,2017.0,1669.0,0.08443002543881062,0.07106112466269493,single_maturity_ea_slope
2020-05-01,AT,PEPP,4914.0,2897.0,0.03157879233772841,0.047784706928582596,single_maturity_ea_slope
2020-06-01,AT,PEPP,7815.0,2901.0,0.002764215655842339,0.031072685792022204,single_maturity_ea_slope
2020-07-01,AT,PEPP,10056.0,2241.0,-0.052529869595556056,0.012441686724444352,single_maturity_ea_slope
2020-08-01,AT,PEPP,11639.0,1583.0,-0.0486661681982965,0.004130514429341786,single_maturity_ea_slope
2020-09-01,AT,PEPP,13614.0,1975.0,-0.08521417607557755,-0.00883083151947676,single_maturity_ea_slope
2020-10-01,AT,PEPP,15590.0,1976.0,-0.18168657817475647,-0.030739937060902847,single_maturity_ea_slope
2020-11-01,AT,PEPP,17567.0,1977.0,-0.20011700110678626,-0.049801726530858535,single_maturity_ea_slope
2020-12-01,AT,PEPP,19149.0,1582.0,-0.23595663598513822,-0.06518096653068466,single_maturity_ea_slope
2021-01-01,AT,PEPP,20692.0,1543.0,-0.21433968522559543,-0.07630371459497266,single_maturity_ea_slope
2021-02-01,AT,PEPP,22275.0,1583.0,0.024258867025011926,-0.06915711227378588,single_maturity_ea_slope
2021-03-01,AT,PEPP,24225.0,1950.0,0.149277594583783,-0.05157413277441501,single_maturity_ea_slope
2021-04-01,AT,PEPP,26521.0,2296.0,0.19979339253680903,-0.02981251601356246,single_maturity_ea_slope
2021-05-01,AT,PEPP,28730.0,2209.0,0.3175982816770741,-0.0031007007647418506,single_maturity_ea_slope
2021-06-01,AT,PEPP,30855.0,2125.0,0.2365621758961254,0.013405006994271046,single_maturity_ea_slope
2021-07-01,AT,PEPP,33218.0,2363.0,0.047254961667983875,0.015812961804734755,single_maturity_ea_slope
2021-08-01,AT,PEPP,34990.0,1772.0,-0.07596259561666338,0.011165168499484185,single_maturity_ea_slope
2021-09-01,AT,PEPP,36922.0,1932.0,0.05795789957218757,0.013613669567477872,single_maturity_ea_slope
2021-10-01,AT,PEPP,38701.0,1779.0,0.19573241549033144,0.02198526846664731,single_maturity_ea_slope
2021-11-01,AT,PEPP,40331.0,1630.0,0.0770712523215854,0.024211599420096246,single_maturity_ea_slope
2021-12-01,AT,PEPP,40822.0,491.0,0.023618057718045746,0.024204460402514876,single_maturity_ea_slope
2022-01-01,AT,PEPP,42271.0,1449.0,0.25087784555592907,0.03197455656979971,single_maturity_ea_slope
2022-02-01,AT,PEPP,43191.0,920.0,0.579287682418048,0.04363272785039956,single_maturity_ea_slope
2022-03-01,AT,PEPP,43979.0,788.0,0.758958217029986,0.0564496742446676,single_maturity_ea_slope
2022-04-01,AT,PEPP,44038.0,59.0,1.3116382326613336,0.05813131566677085,single_maturity_ea_slope
2022-05-01,AT,PEPP,44279.0,241.0,1.566244950638903,0.06633961725506968,single_maturity_ea_slope
2022-06-01,AT,PEPP,44457.0,178.0,2.1030365730006553,0.07449428486922974,single_maturity_ea_slope
2022-07-01,AT,PEPP,44422.0,0.0,1.7527020892569107,0.07449428486922974,single_maturity_ea_slope
2022-08-01,AT,PEPP,44576.0,154.0,1.7207360576772919,0.08018167792855407,single_maturity_ea_slope
2022-09-01,AT,PEPP,44119.0,0.0,2.4800869273453063,0.08018167792855407,single_maturity_ea_slope
2022-10-01,AT,PEPP,43959.0,0.0,2.941111069334727,0.08018167792855407,single_maturity_ea_slope
2022-11-01,AT,PEPP,43448.0,0.0,2.7096858985954273,0.08018167792855407,single_maturity_ea_slope
2022-12-01,AT,PEPP,43547.0,99.0,2.73946507981992,0.08622730809337013,single_maturity_ea_slope
2023-01-01,AT,PEPP,44036.0,489.0,2.8112812085391097,0.1164878076237082,single_maturity_ea_slope
2023-02-01,AT,PEPP,44467.0,431.0,3.045105838728501,0.14487367515257601,single_maturity_ea_slope
2023-03-01,AT,PEPP,45106.0,639.0,3.064377396940091,0.1862332033355721,single_maturity_ea_slope
2023-04-01,AT,PEPP,44272.0,0.0,3.041945567567854,0.1862332033355721,single_maturity_ea_slope
2023-05-01,AT,PEPP,44686.0,414.0,3.050518026704404,0.21276979011610062,single_maturity_ea_slope
2023-06-01,AT,PEPP,44958.0,272.0,3.0548150320715,0.22996442301373549,single_maturity_ea_slope
2023-07-01,AT,PEPP,43658.0,0.0,3.1321460941353663,0.22996442301373549,single_maturity_ea_slope
2023-08-01,AT,PEPP,43949.0,291.0,3.194619180853587,0.24959432436601645,single_maturity_ea_slope
2023-09-01,AT,PEPP,44128.0,179.0,3.3081487549564,0.26200098777871766,single_maturity_ea_slope
2023-10-01,AT,PEPP,42923.0,0.0,3.5142789988970677,0.26200098777871766,single_maturity_ea_slope
2023-11-01,AT,PEPP,43188.0,265.0,3.2348907053169635,0.2802425311506644,single_maturity_ea_slope
2023-12-01,AT,PEPP,43343.0,155.0,2.7027333800327,0.2889056620270854,single_maturity_ea_slope
2024-01-01,AT,PEPP,43502.0,159.0,2.7786528425277726,0.29800569884607325,single_maturity_ea_slope
2024-02-01,AT,PEPP,43900.0,398.0,2.903293594128667,0.3216253932042161,single_maturity_ea_slope
2024-03-01,AT,PEPP,44374.0,474.0,2.85664137246676,0.3487042586247427,single_maturity_ea_slope
2024-04-01,AT,PEPP,44612.0,238.0,2.9852813970821828,0.36277010097551987,single_maturity_ea_slope
2024-05-01,AT,PEPP,45189.0,577.0,3.0095744637113633,0.3965660716165737,single_maturity_ea_slope
2024-06-01,AT,PEPP,45576.0,387.0,3.025694981514442,0.418890823418629,single_maturity_ea_slope
2024-07-01,AT,PEPP,43062.0,0.0,2.9813459802152606,0.418890823418629,single_maturity_ea_slope
2024-08-01,AT,PEPP,43124.0,62.0,2.7605460532818182,0.4222574550912827,single_maturity_ea_slope
2024-09-01,AT,PEPP,43320.0,196.0,2.6778260631933493,0.43246270548805105,single_maturity_ea_slope
2024-10-01,AT,PEPP,41075.0,0.0,2.7552822860040043,0.43246270548805105,single_maturity_ea_slope
2024-11-01,AT,PEPP,41305.0,230.0,2.776263031702667,0.4455137664983249,single_maturity_ea_slope
2024-12-01,AT,PEPP,41406.0,101.0,2.620447590743489,0.4508189956015651,single_maturity_ea_slope
2025-01-01,AT,PEPP,41116.0,0.0,2.9052173215379167,0.4508189956015651,single_maturity_ea_slope
2025-02-01,AT,PEPP,41116.0,0.0,2.849097568144,0.4508189956015651,single_maturity_ea_slope
2025-03-01,AT,PEPP,41116.0,0.0,3.12512234398323,0.4508189956015651,single_maturity_ea_slope
2025-04-01,AT,PEPP,39358.0,0.0,2.98626247149152,0.4508189956015651,single_maturity_ea_slope
2025-05-01,AT,PEPP,39358.0,0.0,2.974425444842151,0.4508189956015651,single_maturity_ea_slope
2025-06-01,AT,PEPP,39358.0,0.0,2.927908992392222,0.4508189956015651,single_maturity_ea_slope
2025-07-01,AT,PEPP,39358.0,0.0,2.9827760217775796,0.4508189956015651,single_maturity_ea_slope
2025-08-01,AT,PEPP,39358.0,0.0,2.981335472225524,0.4508189956015651,single_maturity_ea_slope
2025-09-01,AT,PEPP,39267.0,0.0,2.9697623676175224,0.4508189956015651,single_maturity_ea_slope
2025-10-01,AT,PEPP,37036.0,0.0,2.934233406062884,0.4508189956015651,single_maturity_ea_slope
2025-11-01,AT,PEPP,37036.0,0.0,2.95808756392565,0.4508189956015651,single_maturity_ea_slope
2025-12-01,AT,PEPP,37036.0,0.0,3.0739282470833333,0.4508189956015651,single_maturity_ea_slope
2026-01-01,AT,PEPP,37036.0,0.0,3.039453261840389,0.4508189956015651,single_maturity_ea_slope
2026-02-01,AT,PEPP,37036.0,0.0,3.0164488639954166,0.4508189956015651,single_maturity_ea_slope
2026-03-01,AT,PEPP,35287.0,0.0,3.233193683173841,0.4508189956015651,single_maturity_ea_slope
2026-04-01,AT,PEPP,35287.0,0.0,3.2871561987742584,0.4508189956015651,single_maturity_ea_slope
2026-05-01,AT,PEPP,35287.0,0.0,3.272565283369833,0.4508189956015651,single_maturity_ea_slope
2026-06-01,AT,PEPP,35287.0,0.0,3.175158389686606,0.4508189956015651,single_maturity_ea_slope
2026-07-01,AT,PEPP,34462.0,0.0,3.3013217230591305,0.4508189956015651,single_maturity_ea_slope
2026-08-01,AT,PEPP,34462.0,0.0,3.381307922892913,0.4508189956015651,single_maturity_ea_slope
2015-03-01,AT,PSPP,1080.888888888889,1080.888888888889,0.456240968932663,0.456240968932663,single_maturity_ea_slope
2015-04-01,AT,PSPP,2152.0,1071.111111111111,0.3745358937913723,0.41557404801351583,single_maturity_ea_slope
2015-05-01,AT,PSPP,3320.0,1168.0,0.8342520090556422,0.5628679812958062,single_maturity_ea_slope
2015-06-01,AT,PSPP,4484.444444444444,1164.4444444444443,1.1837367559267653,0.7240846502287213,single_maturity_ea_slope
2015-07-01,AT,PSPP,5696.0,1211.5555555555557,1.2487076925682477,0.8356734777425749,single_maturity_ea_slope
2015-08-01,AT,PSPP,6641.777777777777,945.7777777777774,1.1228916901857575,0.8765728591718502,single_maturity_ea_slope
2015-09-01,AT,PSPP,7778.666666666666,1136.8888888888887,1.1503509914120857,0.9165868268481457,single_maturity_ea_slope
2015-10-01,AT,PSPP,8955.555555555555,1176.8888888888887,1.0029970592905766,0.9279423750122925,single_maturity_ea_slope
2015-11-01,AT,PSPP,10209.777777777777,1254.2222222222226,1.029605793412896,0.9404312382687134,single_maturity_ea_slope
2015-12-01,AT,PSPP,11236.444444444443,1026.666666666666,1.1059675425044597,0.9555561833990265,single_maturity_ea_slope
2016-01-01,AT,PSPP,12434.666666666666,1198.2222222222226,0.9888717046242584,0.9587665145600539,single_maturity_ea_slope
2016-02-01,AT,PSPP,13642.666666666666,1208.0,0.7311914309520264,0.9386157106362001,single_maturity_ea_slope
2016-03-01,AT,PSPP,14845.333333333332,1202.666666666666,0.666221133395476,0.9165481779730842,single_maturity_ea_slope
2016-04-01,AT,PSPP,16676.444444444445,1831.1111111111131,0.6053653226157726,0.8823796004966137,single_maturity_ea_slope
2016-05-01,AT,PSPP,18578.666666666664,1902.222222222219,0.5995818852845235,0.8534246648211019,single_maturity_ea_slope
2016-06-01,AT,PSPP,20222.222222222223,1643.5555555555584,0.5380913076709013,0.8277960328487626,single_maturity_ea_slope
2016-07-01,AT,PSPP,21891.555555555555,1669.3333333333321,0.3758967407125003,0.7933366016878116,single_maturity_ea_slope
2016-08-01,AT,PSPP,23095.11111111111,1203.5555555555547,0.33182310358887396,0.7692857481574459,single_maturity_ea_slope
2016-09-01,AT,PSPP,24769.777777777777,1674.6666666666679,0.40366032937487306,0.7445660794218409,single_maturity_ea_slope
2016-10-01,AT,PSPP,26511.11111111111,1741.3333333333321,0.5186838246269239,0.7297294210096619,single_maturity_ea_slope
2016-11-01,AT,PSPP,28182.22222222222,1671.1111111111095,0.7695212336049777,0.7320889418322196,single_maturity_ea_slope
2016-12-01,AT,PSPP,29511.11111111111,1328.8888888888905,0.836030400490616,0.7367694382386746,single_maturity_ea_slope
2017-01-01,AT,PSPP,31262.22222222222,1751.1111111111095,0.8914610714565404,0.7454342809295814,single_maturity_ea_slope
2017-02-01,AT,PSPP,32940.444444444445,1678.2222222222263,0.9321879668459208,0.7549488515758669,single_maturity_ea_slope
2017-03-01,AT,PSPP,34680.88888888889,1740.4444444444453,0.9267643695388876,0.7635713342540398,single_maturity_ea_slope
2017-04-01,AT,PSPP,36069.33333333333,1388.444444444438,0.8108968214930734,0.7653930704427966,single_maturity_ea_slope
2017-05-01,AT,PSPP,37397.33333333333,1328.0,0.9847458472363341,0.7731824089227725,single_maturity_ea_slope
2017-06-01,AT,PSPP,38723.555555555555,1326.2222222222263,0.876147256167018,0.7767087965843374,single_maturity_ea_slope
2017-07-01,AT,PSPP,40078.22222222222,1354.6666666666642,1.0410440119980313,0.7856434769491899,single_maturity_ea_slope
2017-08-01,AT,PSPP,41165.33333333333,1087.1111111111095,0.9116978394555696,0.7889723725753975,single_maturity_ea_slope
2017-09-01,AT,PSPP,42468.444444444445,1303.1111111111168,0.9042875132432633,0.792510727771812,single_maturity_ea_slope
2017-10-01,AT,PSPP,43758.22222222222,1289.7777777777737,0.9221692321195659,0.7963324245664937,single_maturity_ea_slope
2017-11-01,AT,PSPP,45043.555555555555,1285.3333333333358,0.8278951788068007,0.797233078602715,single_maturity_ea_slope
2017-12-01,AT,PSPP,46187.555555555555,1144.0,0.7874863046168101,0.7969916648862766,single_maturity_ea_slope
2018-01-01,AT,PSPP,46675.555555555555,488.0,0.9195463760199185,0.7982729929459293,single_maturity_ea_slope
2018-02-01,AT,PSPP,47194.666666666664,519.1111111111095,1.0562982771873626,0.8011111058399851,single_maturity_ea_slope
2018-03-01,AT,PSPP,47685.33333333333,490.66666666666424,1.0242657161522,0.803407294649819,single_maturity_ea_slope
2018-04-01,AT,PSPP,48246.22222222222,560.8888888888905,0.9690808043025603,0.8053333403890987,single_maturity_ea_slope
2018-05-01,AT,PSPP,48758.22222222222,512.0,0.9638842025196085,0.8069982501768436,single_maturity_ea_slope
2018-06-01,AT,PSPP,49319.11111111111,560.8888888888905,0.9067175664525347,0.8081323228567145,single_maturity_ea_slope
2018-07-01,AT,PSPP,49896.0,576.8888888888905,0.7806629590072325,0.80781472684121,single_maturity_ea_slope
2018-08-01,AT,PSPP,50403.555555555555,507.55555555555475,0.7732686601557393,0.8074668536033891,single_maturity_ea_slope
2018-09-01,AT,PSPP,50941.33333333333,537.7777777777737,0.8283362817663984,0.807687168109638,single_maturity_ea_slope
2018-10-01,AT,PSPP,51193.777777777774,252.44444444444525,0.8346673508913213,0.807820211568218,single_maturity_ea_slope
2018-11-01,AT,PSPP,51394.666666666664,200.8888888888905,0.765099428568933,0.8076532267196762,single_maturity_ea_slope
2018-12-01,AT,PSPP,51723.555555555555,328.8888888888905,0.6518336025653972,0.8066624335983459,single_maturity_ea_slope
2019-01-01,AT,PSPP,51978.666666666664,255.1111111111095,0.5783378131642288,0.8055418171734093,single_maturity_ea_slope
2019-02-01,AT,PSPP,52118.22222222222,139.55555555555475,0.5709990483955967,0.804913788338144,single_maturity_ea_slope
2019-03-01,AT,PSPP,51876.44444444444,0.0,0.49527560508084223,0.804913788338144,single_maturity_ea_slope
2019-04-01,AT,PSPP,52112.0,235.55555555556202,0.4261639918849539,0.8032017715527571,single_maturity_ea_slope
2019-05-01,AT,PSPP,52291.555555555555,179.55555555555475,0.34099654607649593,0.8016146794274732,single_maturity_ea_slope
2019-06-01,AT,PSPP,51833.777777777774,0.0,0.12500113071310118,0.8016146794274732,single_maturity_ea_slope
2019-07-01,AT,PSPP,51917.33333333333,83.55555555555475,-0.01389460573267913,0.800302201936675,single_maturity_ea_slope
2019-08-01,AT,PSPP,51981.33333333333,64.0,-0.3068947427664495,0.7989390086532977,single_maturity_ea_slope
2019-09-01,AT,PSPP,52105.777777777774,124.44444444444525,-0.24007708044576853,0.7964575222329584,single_maturity_ea_slope
2019-10-01,AT,PSPP,51755.555555555555,0.0,-0.13054624514394822,0.7964575222329584,single_maturity_ea_slope
2019-11-01,AT,PSPP,52332.44444444444,576.8888888888832,-0.019418175148352132,0.7874636823783457,single_maturity_ea_slope
2019-12-01,AT,PSPP,52956.44444444444,624.0,0.021323376029810596,0.7784360454934144,single_maturity_ea_slope
2020-01-01,AT,PSPP,53633.777777777774,677.3333333333358,-0.0229266517614546,0.7683157502349005,single_maturity_ea_slope
2020-02-01,AT,PSPP,54157.33333333333,523.5555555555547,-0.19638894345772073,0.7589896540117982,single_maturity_ea_slope
2020-03-01,AT,PSPP,55066.666666666664,909.3333333333358,-0.04827611919673003,0.7456590182411391,single_maturity_ea_slope
2020-04-01,AT,PSPP,56209.777777777774,1143.1111111111095,0.09549225999628813,0.7324368907962838,single_maturity_ea_slope
2020-05-01,AT,PSPP,57472.88888888888,1263.1111111111095,-0.04136355855724606,0.7154306820558324,single_maturity_ea_slope
2020-06-01,AT,PSPP,58312.0,839.1111111111168,-0.06705422672833414,0.7041707050144419,single_maturity_ea_slope
2020-07-01,AT,PSPP,57712.0,0.0,-0.17671382562864585,0.7041707050144419,single_maturity_ea_slope
2020-08-01,AT,PSPP,58048.88888888888,336.88888888888323,-0.20881578947181478,0.6988721538864995,single_maturity_ea_slope
2020-09-01,AT,PSPP,58739.555555555555,690.6666666666715,-0.24764824198526902,0.6877428547189143,single_maturity_ea_slope
2020-10-01,AT,PSPP,59311.11111111111,571.5555555555547,-0.33451390178093543,0.67789180796838,single_maturity_ea_slope
2020-11-01,AT,PSPP,60070.22222222222,759.1111111111095,-0.3513021725797527,0.6648858200225964,single_maturity_ea_slope
2020-12-01,AT,PSPP,60588.44444444444,518.222222222219,-0.3689204469598173,0.6560435170729949,single_maturity_ea_slope
2021-01-01,AT,PSPP,61134.22222222222,545.777777777781,-0.34465362998458987,0.6471097604094297,single_maturity_ea_slope
2021-02-01,AT,PSPP,61652.44444444444,518.222222222219,-0.1354921588485878,0.6405315669676641,single_maturity_ea_slope
2021-03-01,AT,PSPP,62210.666666666664,558.2222222222263,-0.023749783137613834,0.6345709073042107,single_maturity_ea_slope
2021-04-01,AT,PSPP,62805.33333333333,594.6666666666642,0.024570776073782157,0.6287951757627541,single_maturity_ea_slope
2021-05-01,AT,PSPP,63262.22222222222,456.8888888888905,0.14048021326185411,0.6252684947071765,single_maturity_ea_slope
2021-06-01,AT,PSPP,63844.44444444444,582.222222222219,0.07692639517576749,0.6202679506738584,single_maturity_ea_slope
2021-07-01,AT,PSPP,64406.22222222222,561.777777777781,-0.08060233515178536,0.6141546694085313,single_maturity_ea_slope
2021-08-01,AT,PSPP,64712.88888888888,306.66666666666424,-0.1833238869201612,0.610375513589551,single_maturity_ea_slope
2021-09-01,AT,PSPP,62924.44444444444,0.0,-0.015840725101217604,0.610375513589551,single_maturity_ea_slope
2021-10-01,AT,PSPP,63482.666666666664,558.2222222222263,0.13165161752504462,0.6061659500799524,single_maturity_ea_slope
2021-11-01,AT,PSPP,63978.666666666664,496.0,0.025038374677218866,0.6016607096237625,single_maturity_ea_slope
2021-12-01,AT,PSPP,64365.33333333333,386.66666666666424,-0.01803191658721294,0.5979379838997458,single_maturity_ea_slope
2022-01-01,AT,PSPP,65364.44444444444,999.1111111111095,0.2053441798897379,0.5919370940417565,single_maturity_ea_slope
2022-02-01,AT,PSPP,65726.22222222222,361.777777777781,0.5527522748884278,0.5917214084855719,single_maturity_ea_slope
2022-03-01,AT,PSPP,66376.88888888889,650.6666666666715,0.7345646944550086,0.5931216453194047,single_maturity_ea_slope
2022-04-01,AT,PSPP,67222.22222222222,845.3333333333285,1.2995824343821223,0.6020055357048412,single_maturity_ea_slope
2022-05-01,AT,PSPP,68259.55555555555,1037.3333333333285,1.5534494821166418,0.6164645299420347,single_maturity_ea_slope
2022-06-01,AT,PSPP,68896.0,636.4444444444525,2.0914579936359043,0.6300901598125619,single_maturity_ea_slope
2022-07-01,AT,PSPP,69416.0,520.0,1.7313117266175886,0.6383394858287341,single_maturity_ea_slope
2022-08-01,AT,PSPP,69460.44444444444,44.44444444443798,1.7018890345505806,0.6390200007492782,single_maturity_ea_slope
2022-09-01,AT,PSPP,68313.77777777778,0.0,2.4727908088890693,0.6390200007492782,single_maturity_ea_slope
2022-10-01,AT,PSPP,69106.66666666666,792.888888888876,2.9317319183342048,0.6653252169109056,single_maturity_ea_slope
2022-11-01,AT,PSPP,66487.11111111111,0.0,2.709083121435846,0.6653252169109056,single_maturity_ea_slope
2022-12-01,AT,PSPP,66792.0,304.8888888888905,2.739518971032092,0.6747933961694139,single_maturity_ea_slope
2023-01-01,AT,PSPP,67299.55555555555,507.55555555554747,2.810952249478168,0.6909037446642269,single_maturity_ea_slope
2023-02-01,AT,PSPP,67679.11111111111,379.555555555562,3.044984179607765,0.7041058138498072,single_maturity_ea_slope
2023-03-01,AT,PSPP,68232.0,552.8888888888905,3.0640566611499134,0.7232286682553084,single_maturity_ea_slope
2023-04-01,AT,PSPP,67675.55555555555,0.0,3.0392691986680918,0.7232286682553084,single_maturity_ea_slope
2023-05-01,AT,PSPP,68109.33333333333,433.777777777781,3.046222607565355,0.7380234562743537,single_maturity_ea_slope
2023-06-01,AT,PSPP,68272.88888888889,163.55555555556202,3.0525439856132275,0.743568156332921,single_maturity_ea_slope
2023-07-01,AT,PSPP,65697.77777777778,0.0,3.1313218938545666,0.743568156332921,single_maturity_ea_slope
2023-08-01,AT,PSPP,65697.77777777778,0.0,3.1931752844151085,0.743568156332921,single_maturity_ea_slope
2023-09-01,AT,PSPP,65697.77777777778,0.0,3.306790109993114,0.743568156332921,single_maturity_ea_slope
2023-10-01,AT,PSPP,62480.0,0.0,3.5193153108985045,0.743568156332921,single_maturity_ea_slope
2023-11-01,AT,PSPP,62480.0,0.0,3.242322789480609,0.743568156332921,single_maturity_ea_slope
2023-12-01,AT,PSPP,62480.0,0.0,2.712347685761,0.743568156332921,single_maturity_ea_slope
2024-01-01,AT,PSPP,62326.22222222222,0.0,2.7905159331582725,0.743568156332921,single_maturity_ea_slope
2024-02-01,AT,PSPP,62326.22222222222,0.0,2.9148750275863238,0.743568156332921,single_maturity_ea_slope
2024-03-01,AT,PSPP,62326.22222222222,0.0,2.87120591753992,0.743568156332921,single_maturity_ea_slope
2024-04-01,AT,PSPP,62326.22222222222,0.0,3.0000790392572902,0.743568156332921,single_maturity_ea_slope
2024-05-01,AT,PSPP,62326.22222222222,0.0,3.026257685230327,0.743568156332921,single_maturity_ea_slope
2024-06-01,AT,PSPP,62326.22222222222,0.0,3.04621581158659,0.743568156332921,single_maturity_ea_slope
2024-07-01,AT,PSPP,60462.22222222222,0.0,2.996724214783174,0.743568156332921,single_maturity_ea_slope
2024-08-01,AT,PSPP,60462.22222222222,0.0,2.7756205246376,0.743568156332921,single_maturity_ea_slope
2024-09-01,AT,PSPP,60426.666666666664,0.0,2.698547610942533,0.743568156332921,single_maturity_ea_slope
2024-10-01,AT,PSPP,57392.0,0.0,2.77222336371483,0.743568156332921,single_maturity_ea_slope
2024-11-01,AT,PSPP,57185.777777777774,0.0,2.7923204396986665,0.743568156332921,single_maturity_ea_slope
2024-12-01,AT,PSPP,57185.777777777774,0.0,2.6363873910403526,0.743568156332921,single_maturity_ea_slope
2025-01-01,AT,PSPP,57185.777777777774,0.0,2.9221446624336136,0.743568156332921,single_maturity_ea_slope
2025-02-01,AT,PSPP,57185.777777777774,0.0,2.86888576535512,0.743568156332921,single_maturity_ea_slope
2025-03-01,AT,PSPP,57185.777777777774,0.0,3.1570271411147144,0.743568156332921,single_maturity_ea_slope
2025-04-01,AT,PSPP,55514.666666666664,0.0,3.0042131297987,0.743568156332921,single_maturity_ea_slope
2025-05-01,AT,PSPP,55514.666666666664,0.0,2.996284563694724,0.743568156332921,single_maturity_ea_slope
2025-06-01,AT,PSPP,55432.88888888888,0.0,2.9545522524169905,0.743568156332921,single_maturity_ea_slope
2025-07-01,AT,PSPP,55432.88888888888,0.0,3.0176056684577697,0.743568156332921,single_maturity_ea_slope
2025-08-01,AT,PSPP,55432.88888888888,0.0,3.018142983850667,0.743568156332921,single_maturity_ea_slope
2025-09-01,AT,PSPP,55342.22222222222,0.0,3.0080597734930907,0.743568156332921,single_maturity_ea_slope
2025-10-01,AT,PSPP,52328.88888888888,0.0,2.9611946045055215,0.743568156332921,single_maturity_ea_slope
2025-11-01,AT,PSPP,52328.88888888888,0.0,2.9876599293021,0.743568156332921,single_maturity_ea_slope
2025-12-01,AT,PSPP,52328.88888888888,0.0,3.1064301916397334,0.743568156332921,single_maturity_ea_slope
2026-01-01,AT,PSPP,52328.88888888888,0.0,3.0776144448886664,0.743568156332921,single_maturity_ea_slope
2026-02-01,AT,PSPP,52328.88888888888,0.0,3.0557067057416663,0.743568156332921,single_maturity_ea_slope
2026-03-01,AT,PSPP,49629.33333333333,0.0,3.2638997552278863,0.743568156332921,single_maturity_ea_slope
2026-04-01,AT,PSPP,49629.33333333333,0.0,3.32023856397016,0.743568156332921,single_maturity_ea_slope
2026-05-01,AT,PSPP,49629.33333333333,0.0,3.30800123647107,0.743568156332921,single_maturity_ea_slope
2026-06-01,AT,PSPP,49629.33333333333,0.0,3.210076605192,0.743568156332921,single_maturity_ea_slope
2026-07-01,AT,PSPP,48912.88888888888,0.0,3.329771586646774,0.743568156332921,single_maturity_ea_slope
2026-08-01,AT,PSPP,48912.88888888888,0.0,3.411799054447032,0.743568156332921,single_maturity_ea_slope
2020-03-01,BE,PEPP,444.0,444.0,-0.005044501252355376,-0.005044501252355376,single_maturity_ea_slope
2020-04-01,BE,PEPP,2854.0,2410.0,0.026435886846682966,0.02153844735264897,single_maturity_ea_slope
2020-05-01,BE,PEPP,6461.0,3607.0,-0.06242332011747257,-0.02533511637815561,single_maturity_ea_slope
2020-06-01,BE,PEPP,10068.0,3607.0,-0.12551229411705592,-0.06122497336109298,single_maturity_ea_slope
2020-07-01,BE,PEPP,12853.0,2785.0,-0.2319483250707872,-0.09821746807139395,single_maturity_ea_slope
2020-08-01,BE,PEPP,14821.0,1968.0,-0.26914588963795194,-0.12091412373855448,single_maturity_ea_slope
2020-09-01,BE,PEPP,17280.0,2459.0,-0.30569920322275235,-0.1472096393896912,single_maturity_ea_slope
2020-10-01,BE,PEPP,19739.0,2459.0,-0.3729560676227401,-0.17533216165652676,single_maturity_ea_slope
2020-11-01,BE,PEPP,22198.0,2459.0,-0.4052835716233193,-0.20080520053878387,single_maturity_ea_slope
2020-12-01,BE,PEPP,24166.0,1968.0,-0.4094940549610613,-0.21780013828201988,single_maturity_ea_slope
2021-01-01,BE,PEPP,26084.0,1918.0,-0.3724376789305608,-0.22917089441466448,single_maturity_ea_slope
2021-02-01,BE,PEPP,28052.0,1968.0,-0.23079695946922044,-0.2292849717006821,single_maturity_ea_slope
2021-03-01,BE,PEPP,30478.0,2426.0,-0.0374019913255045,-0.21401139369719827,single_maturity_ea_slope
2021-04-01,BE,PEPP,33336.0,2858.0,0.03494151648685281,-0.19266787865922075,single_maturity_ea_slope
2021-05-01,BE,PEPP,36087.0,2751.0,0.1792043668730818,-0.16431915065580222,single_maturity_ea_slope
2021-06-01,BE,PEPP,38692.0,2605.0,0.11702529597644201,-0.1453771915046341,single_maturity_ea_slope
2021-07-01,BE,PEPP,41622.0,2930.0,-0.022273730601534453,-0.1367112662620681,single_maturity_ea_slope
2021-08-01,BE,PEPP,43825.0,2203.0,-0.13297848094850545,-0.13652362619256944,single_maturity_ea_slope
2021-09-01,BE,PEPP,46227.0,2402.0,0.011704918721827875,-0.12882152644816938,single_maturity_ea_slope
2021-10-01,BE,PEPP,48440.0,2213.0,0.15829122755780775,-0.11570467003579886,single_maturity_ea_slope
2021-11-01,BE,PEPP,50667.0,2227.0,0.07221054708946656,-0.10744510881176811,single_maturity_ea_slope
2021-12-01,BE,PEPP,52405.0,1738.0,0.029513685214279134,-0.10290290131215415,single_maturity_ea_slope
2022-01-01,BE,PEPP,54204.0,1799.0,0.2562994880060441,-0.0909811778529364,single_maturity_ea_slope
2022-02-01,BE,PEPP,55789.0,1585.0,0.5842124249080576,-0.07179850993674906,single_maturity_ea_slope
2022-03-01,BE,PEPP,56799.0,1010.0,0.7821970355089551,-0.0566127584111912,single_maturity_ea_slope
2022-04-01,BE,PEPP,57230.0,431.0,1.291703169830452,-0.04645857065875107,single_maturity_ea_slope
2022-05-01,BE,PEPP,57053.0,0.0,1.5705158791452793,-0.04645857065875107,single_maturity_ea_slope
2022-06-01,BE,PEPP,57336.0,283.0,2.1153090795597125,-0.0357884812731674,single_maturity_ea_slope
2022-07-01,BE,PEPP,57058.0,0.0,1.7747500017170788,-0.0357884812731674,single_maturity_ea_slope
2022-08-01,BE,PEPP,57312.0,254.0,1.6824631623310227,-0.0281733933775179,single_maturity_ea_slope
2022-09-01,BE,PEPP,56873.0,0.0,2.436280329209933,-0.0281733933775179,single_maturity_ea_slope
2022-10-01,BE,PEPP,57116.0,243.0,2.810907120519616,-0.016094526424702518,single_maturity_ea_slope
2022-11-01,BE,PEPP,56175.0,0.0,2.638547538973151,-0.016094526424702518,single_maturity_ea_slope
2022-12-01,BE,PEPP,56333.0,158.0,2.693140106720629,-0.008495799709687122,single_maturity_ea_slope
2023-01-01,BE,PEPP,55796.0,0.0,2.7857593071550584,-0.008495799709687122,single_maturity_ea_slope
2023-02-01,BE,PEPP,56186.0,390.0,2.958341371760055,0.012097702174647043,single_maturity_ea_slope
2023-03-01,BE,PEPP,56426.0,240.0,3.034929673538803,0.024954889874065706,single_maturity_ea_slope
2023-04-01,BE,PEPP,56710.0,284.0,3.0459035712371914,0.04008360483627921,single_maturity_ea_slope
2023-05-01,BE,PEPP,57079.0,369.0,3.016259269069877,0.05932376006153188,single_maturity_ea_slope
2023-06-01,BE,PEPP,56194.0,0.0,3.0412495718703405,0.05932376006153188,single_maturity_ea_slope
2023-07-01,BE,PEPP,56469.0,275.0,3.1365853066881746,0.0743098041799389,single_maturity_ea_slope
2023-08-01,BE,PEPP,56757.0,288.0,3.199167062468413,0.0901661547690659,single_maturity_ea_slope
2023-09-01,BE,PEPP,56942.0,185.0,3.2962451465085714,0.10058244877826489,single_maturity_ea_slope
2023-10-01,BE,PEPP,55736.0,0.0,3.4911437297478027,0.10058244877826489,single_maturity_ea_slope
2023-11-01,BE,PEPP,55942.0,206.0,3.2002147944952424,0.1119964894492759,single_maturity_ea_slope
2023-12-01,BE,PEPP,56076.0,134.0,2.6588229903532636,0.11808242195375436,single_maturity_ea_slope
2024-01-01,BE,PEPP,56618.0,542.0,2.756016997195394,0.14333517796387427,single_maturity_ea_slope
2024-02-01,BE,PEPP,57097.0,479.0,2.9069940878490796,0.16652015471983364,single_maturity_ea_slope
2024-03-01,BE,PEPP,57582.0,485.0,2.8752400549883,0.1893350821560152,single_maturity_ea_slope
2024-04-01,BE,PEPP,58066.0,484.0,2.9659591630214206,0.21247919497830117,single_maturity_ea_slope
2024-05-01,BE,PEPP,58647.0,581.0,3.0221518895259094,0.2403138640241545,single_maturity_ea_slope
2024-06-01,BE,PEPP,56199.0,0.0,3.0884515833111417,0.2403138640241545,single_maturity_ea_slope
2024-07-01,BE,PEPP,56455.0,256.0,3.0160514980926085,0.2529006824516016,single_maturity_ea_slope
2024-08-01,BE,PEPP,56534.0,79.0,2.761706271620455,0.25640646024097324,single_maturity_ea_slope
2024-09-01,BE,PEPP,56669.0,135.0,2.7091366328514925,0.26224948858631936,single_maturity_ea_slope
2024-10-01,BE,PEPP,54670.0,0.0,2.7707683248599997,0.26224948858631936,single_maturity_ea_slope
2024-11-01,BE,PEPP,54824.0,154.0,2.8520394002615075,0.2695241793494519,single_maturity_ea_slope
2024-12-01,BE,PEPP,54875.0,51.0,2.7256979087377187,0.2718069102870155,single_maturity_ea_slope
2025-01-01,BE,PEPP,54875.0,0.0,3.009875554950076,0.2718069102870155,single_maturity_ea_slope
2025-02-01,BE,PEPP,54875.0,0.0,2.9121752254669997,0.2718069102870155,single_maturity_ea_slope
2025-03-01,BE,PEPP,54875.0,0.0,3.1783528880361107,0.2718069102870155,single_maturity_ea_slope
2025-04-01,BE,PEPP,54875.0,0.0,2.9567389631753835,0.2718069102870155,single_maturity_ea_slope
2025-05-01,BE,PEPP,54875.0,0.0,2.94042758015477,0.2718069102870155,single_maturity_ea_slope
2025-06-01,BE,PEPP,50753.0,0.0,2.9598085681439366,0.2718069102870155,single_maturity_ea_slope
2025-07-01,BE,PEPP,50753.0,0.0,3.057873978099384,0.2718069102870155,single_maturity_ea_slope
2025-08-01,BE,PEPP,50753.0,0.0,3.0618101204906667,0.2718069102870155,single_maturity_ea_slope
2025-09-01,BE,PEPP,50753.0,0.0,3.0782149801106358,0.2718069102870155,single_maturity_ea_slope
2025-10-01,BE,PEPP,50753.0,0.0,3.006347151947971,0.2718069102870155,single_maturity_ea_slope
2025-11-01,BE,PEPP,50753.0,0.0,3.0071298394601005,0.2718069102870155,single_maturity_ea_slope
2025-12-01,BE,PEPP,50753.0,0.0,3.117673489858333,0.2718069102870155,single_maturity_ea_slope
2026-01-01,BE,PEPP,50753.0,0.0,3.142269274511389,0.2718069102870155,single_maturity_ea_slope
2026-02-01,BE,PEPP,50753.0,0.0,3.067845602512916,0.2718069102870155,single_maturity_ea_slope
2026-03-01,BE,PEPP,48728.0,0.0,3.338791676320409,0.2718069102870155,single_maturity_ea_slope
2026-04-01,BE,PEPP,48728.0,0.0,3.409661927770983,0.2718069102870155,single_maturity_ea_slope
2026-05-01,BE,PEPP,48643.0,0.0,3.4215392755022083,0.2718069102870155,single_maturity_ea_slope
2026-06-01,BE,PEPP,45800.0,0.0,3.3705199901659695,0.2718069102870155,single_maturity_ea_slope
2026-07-01,BE,PEPP,45800.0,0.0,3.4934148789377395,0.2718069102870155,single_maturity_ea_slope
2026-08-01,BE,PEPP,45800.0,0.0,3.602637723358627,0.2718069102870155,single_maturity_ea_slope
2015-03-01,BE,PSPP,1358.2222222222222,1358.2222222222222,0.6468693841416417,0.6468693841416417,single_maturity_ea_slope
2015-04-01,BE,PSPP,2718.222222222222,1360.0,0.5739540476810345,0.6103878717856152,single_maturity_ea_slope
2015-05-01,BE,PSPP,4190.222222222222,1471.9999999999995,1.0893452110743627,0.7786427198683826,single_maturity_ea_slope
2015-06-01,BE,PSPP,5663.11111111111,1472.8888888888887,1.482207558905887,0.9616292115157136,single_maturity_ea_slope
2015-07-01,BE,PSPP,7122.666666666666,1459.5555555555557,1.434123384246789,1.0584513045675576,single_maturity_ea_slope
2015-08-01,BE,PSPP,8333.333333333332,1210.666666666666,1.2741145294151124,1.0897828578734103,single_maturity_ea_slope
2015-09-01,BE,PSPP,9784.888888888889,1451.5555555555566,1.3132744559538883,1.1229370893110395,single_maturity_ea_slope
2015-10-01,BE,PSPP,11276.444444444443,1491.5555555555547,1.1562924768856704,1.1273490663211474,single_maturity_ea_slope
2015-11-01,BE,PSPP,12844.444444444443,1568.0,1.2332451601347183,1.1402764510607417,single_maturity_ea_slope
2015-12-01,BE,PSPP,14129.777777777777,1285.333333333334,1.2644678368106765,1.1515736795329614,single_maturity_ea_slope
2016-01-01,BE,PSPP,15648.888888888889,1519.1111111111113,1.2335255495243411,1.159529132291568,single_maturity_ea_slope
2016-02-01,BE,PSPP,17166.222222222223,1517.333333333334,1.0609454575134434,1.1508152583869358,single_maturity_ea_slope
2016-03-01,BE,PSPP,18686.222222222223,1520.0,0.9828066440875849,1.1371488741013354,single_maturity_ea_slope
2016-04-01,BE,PSPP,21008.0,2321.7777777777774,0.9031104879514582,1.1112832455736432,single_maturity_ea_slope
2016-05-01,BE,PSPP,23403.555555555555,2395.5555555555547,0.9073412441513862,1.0904080245689343,single_maturity_ea_slope
2016-06-01,BE,PSPP,25484.44444444444,2080.888888888887,0.7088544523661873,1.0592529177490309,single_maturity_ea_slope
2016-07-01,BE,PSPP,27589.333333333332,2104.8888888888905,0.4775103638401888,1.0148696982227683,single_maturity_ea_slope
2016-08-01,BE,PSPP,29104.0,1514.6666666666679,0.43671351057799057,0.9847805728258255,single_maturity_ea_slope
2016-09-01,BE,PSPP,31216.888888888887,2112.888888888887,0.5021449979579093,0.9521137895614662,single_maturity_ea_slope
2016-10-01,BE,PSPP,33418.666666666664,2201.7777777777774,0.6163955468966973,0.9299951044066457,single_maturity_ea_slope
2016-11-01,BE,PSPP,35527.11111111111,2108.4444444444453,0.9173139249716683,0.9292425083893378,single_maturity_ea_slope
2016-12-01,BE,PSPP,37186.666666666664,1659.5555555555547,1.0033466100579593,0.9325496043093884,single_maturity_ea_slope
2017-01-01,BE,PSPP,39399.11111111111,2212.4444444444453,1.1207654335282438,0.9431188038158799,single_maturity_ea_slope
2017-02-01,BE,PSPP,41505.777777777774,2106.6666666666642,1.3060382133339756,0.9615391362045783,single_maturity_ea_slope
2017-03-01,BE,PSPP,43637.33333333333,2131.5555555555547,1.3004404126231344,0.9780934680886266,single_maturity_ea_slope
2017-04-01,BE,PSPP,45391.11111111111,1753.777777777781,1.1944839839432124,0.9864541552085934,single_maturity_ea_slope
2017-05-01,BE,PSPP,47062.22222222222,1671.1111111111095,1.2066537068169398,0.9942731212492713,single_maturity_ea_slope
2017-06-01,BE,PSPP,48738.666666666664,1676.4444444444453,1.0655435776002449,0.9967245826612086,single_maturity_ea_slope
2017-07-01,BE,PSPP,50449.777777777774,1711.1111111111095,1.2667405548080497,1.0058827464920401,single_maturity_ea_slope
2017-08-01,BE,PSPP,51822.22222222222,1372.4444444444453,1.1546417173216557,1.0098224351877678,single_maturity_ea_slope
2017-09-01,BE,PSPP,53468.44444444444,1646.222222222219,1.1416873275650103,1.0138823796731158,single_maturity_ea_slope
2017-10-01,BE,PSPP,55096.0,1627.555555555562,1.126936226878168,1.0172220307747477,single_maturity_ea_slope
2017-11-01,BE,PSPP,56717.33333333333,1621.3333333333285,1.0051291393249089,1.0168763408973909,single_maturity_ea_slope
2017-12-01,BE,PSPP,58191.11111111111,1473.777777777781,0.9209911419739077,1.0144479034145353,single_maturity_ea_slope
2018-01-01,BE,PSPP,58824.88888888888,633.7777777777737,1.0481662335096114,1.0148111838001286,single_maturity_ea_slope
2018-02-01,BE,PSPP,59497.777777777774,672.8888888888905,1.2731997123303276,1.0177334235266895,single_maturity_ea_slope
2018-03-01,BE,PSPP,60132.44444444444,634.6666666666642,1.1719362034687073,1.019360953643596,single_maturity_ea_slope
2018-04-01,BE,PSPP,60844.44444444444,712.0,1.1068152996219187,1.0203843419727212,single_maturity_ea_slope
2018-05-01,BE,PSPP,61487.11111111111,642.6666666666715,1.1342464235034273,1.021574434710447,single_maturity_ea_slope
2018-06-01,BE,PSPP,62211.555555555555,724.4444444444453,1.111350071577096,1.0226198588409596,single_maturity_ea_slope
2018-07-01,BE,PSPP,62945.777777777774,734.222222222219,0.9801195074176048,1.0221241194352533,single_maturity_ea_slope
2018-08-01,BE,PSPP,63589.33333333333,643.5555555555547,1.0010380325711556,1.0219107177901192,single_maturity_ea_slope
2018-09-01,BE,PSPP,64238.22222222222,648.8888888888905,1.0482399811615715,1.02217667730555,single_maturity_ea_slope
2018-10-01,BE,PSPP,64549.33333333333,311.1111111111095,1.1089640080061876,1.0225949698190484,single_maturity_ea_slope
2018-11-01,BE,PSPP,64802.666666666664,253.33333333333576,1.072914681414284,1.0227916848761056,single_maturity_ea_slope
2018-12-01,BE,PSPP,65215.11111111111,412.44444444444525,0.9921138745379731,1.0225976670752295,single_maturity_ea_slope
2019-01-01,BE,PSPP,65461.33333333333,246.222222222219,1.0053041770183764,1.022532620408213,single_maturity_ea_slope
2019-02-01,BE,PSPP,65595.55555555555,134.222222222219,0.9186599235842006,1.0223200751514825,single_maturity_ea_slope
2019-03-01,BE,PSPP,65076.44444444444,0.0,0.771354304585791,1.0223200751514825,single_maturity_ea_slope
2019-04-01,BE,PSPP,65262.22222222222,185.777777777781,0.6943582034424991,1.0213864871483882,single_maturity_ea_slope
2019-05-01,BE,PSPP,65427.555555555555,165.33333333333576,0.625831779575089,1.0203869330956121,single_maturity_ea_slope
2019-06-01,BE,PSPP,65514.666666666664,87.1111111111095,0.3361413869476554,1.01947713086612,single_maturity_ea_slope
2019-07-01,BE,PSPP,65720.88888888889,206.22222222222626,0.17765849735491737,1.0168356311504927,single_maturity_ea_slope
2019-08-01,BE,PSPP,65768.88888888889,48.0,-0.14325098351521554,1.0159889670446414,single_maturity_ea_slope
2019-09-01,BE,PSPP,64714.666666666664,0.0,-0.09621212131416579,1.0159889670446414,single_maturity_ea_slope
2019-10-01,BE,PSPP,65029.33333333333,314.66666666666424,-0.021184063837101724,1.0109702506645852,single_maturity_ea_slope
2019-11-01,BE,PSPP,65678.22222222222,648.8888888888905,0.09381117872914571,1.001908885862278,single_maturity_ea_slope
2019-12-01,BE,PSPP,66442.66666666666,764.444444444438,0.14022106563737272,0.9919948878236227,single_maturity_ea_slope
2020-01-01,BE,PSPP,67296.0,853.333333333343,0.0975185773762389,0.9806526616648351,single_maturity_ea_slope
2020-02-01,BE,PSPP,67923.55555555555,627.5555555555475,-0.013425302678144846,0.9714682315495926,single_maturity_ea_slope
2020-03-01,BE,PSPP,69669.33333333333,1745.777777777781,0.06545999284368377,0.9487654299876951,single_maturity_ea_slope
2020-04-01,BE,PSPP,71435.55555555555,1766.222222222219,0.23025378670703922,0.9310004497699552,single_maturity_ea_slope
2020-05-01,BE,PSPP,73142.22222222222,1706.6666666666715,0.13592678958844304,0.9124485699917636,single_maturity_ea_slope
2020-06-01,BE,PSPP,74658.66666666666,1516.444444444438,0.0627710995566492,0.8951901760619104,single_maturity_ea_slope
2020-07-01,BE,PSPP,75619.55555555555,960.8888888888905,-0.07532831499799617,0.8828579105828367,single_maturity_ea_slope
2020-08-01,BE,PSPP,76010.66666666666,391.1111111111095,-0.11929435777571964,0.8777013594779887,single_maturity_ea_slope
2020-09-01,BE,PSPP,74752.88888888889,0.0,-0.14636315499515823,0.8777013594779887,single_maturity_ea_slope
2020-10-01,BE,PSPP,75548.44444444444,795.5555555555475,-0.24570447176285998,0.8658714434981252,single_maturity_ea_slope
2020-11-01,BE,PSPP,76327.11111111111,778.6666666666715,-0.2923723294800587,0.8540553822747488,single_maturity_ea_slope
2020-12-01,BE,PSPP,76793.77777777777,466.66666666665697,-0.3096081557524995,0.8469839371638683,single_maturity_ea_slope
2021-01-01,BE,PSPP,77374.22222222222,580.4444444444525,-0.27865068608452587,0.8385396731082975,single_maturity_ea_slope
2021-02-01,BE,PSPP,77892.44444444444,518.222222222219,-0.11528237047494364,0.8321938486505378,single_maturity_ea_slope
2021-03-01,BE,PSPP,78487.11111111111,594.6666666666715,0.062361541775120634,0.826361125221925,single_maturity_ea_slope
2021-04-01,BE,PSPP,79225.77777777777,738.666666666657,0.1405152993663876,0.8199665972760718,single_maturity_ea_slope
2021-05-01,BE,PSPP,79715.55555555555,489.777777777781,0.27953978402079194,0.8166461782963254,single_maturity_ea_slope
2021-06-01,BE,PSPP,80336.0,620.4444444444525,0.208234062472987,0.8119473394545199,single_maturity_ea_slope
2021-07-01,BE,PSPP,81036.44444444444,700.444444444438,0.04427188002395957,0.8053118803795218,single_maturity_ea_slope
2021-08-01,BE,PSPP,81374.22222222222,337.777777777781,-0.07793883160937043,0.8016455785142761,single_maturity_ea_slope
2021-09-01,BE,PSPP,79345.77777777777,0.0,0.09354101736956426,0.8016455785142761,single_maturity_ea_slope
2021-10-01,BE,PSPP,79952.88888888889,607.111111111124,0.22952984541131466,0.7973012974853443,single_maturity_ea_slope
2021-11-01,BE,PSPP,80480.88888888889,528.0,0.12016241472251035,0.7928588846959879,single_maturity_ea_slope
2021-12-01,BE,PSPP,80913.77777777777,432.88888888887595,0.07000786062297246,0.7889916301290025,single_maturity_ea_slope
2022-01-01,BE,PSPP,81923.55555555555,1009.777777777781,0.29576571758598513,0.7829121995850931,single_maturity_ea_slope
2022-02-01,BE,PSPP,82315.55555555555,392.0,0.6105745551135461,0.7820914998257718,single_maturity_ea_slope
2022-03-01,BE,PSPP,80676.44444444444,0.0,0.8179378805559572,0.7820914998257718,single_maturity_ea_slope
2022-04-01,BE,PSPP,82587.55555555555,1911.1111111111095,1.3187047536938068,0.7945089584239601,single_maturity_ea_slope
2022-05-01,BE,PSPP,83673.77777777777,1086.222222222219,1.6014146382907288,0.8049839113182393,single_maturity_ea_slope
2022-06-01,BE,PSPP,84419.55555555555,745.777777777781,2.1526356011004584,0.8168893125704746,single_maturity_ea_slope
2022-07-01,BE,PSPP,84912.88888888889,493.33333333334303,1.832520307427262,0.8227900024502524,single_maturity_ea_slope
2022-08-01,BE,PSPP,84977.77777777777,64.88888888887595,1.734381466425825,0.8234860921664678,single_maturity_ea_slope
2022-09-01,BE,PSPP,82655.11111111111,0.0,2.4670242763978867,0.8234860921664678,single_maturity_ea_slope
2022-10-01,BE,PSPP,83352.88888888889,697.777777777781,2.859115602991541,0.8405270976478235,single_maturity_ea_slope
2022-11-01,BE,PSPP,83608.88888888889,256.0,2.654241765197055,0.8460804659686207,single_maturity_ea_slope
2022-12-01,BE,PSPP,83864.0,255.1111111111095,2.6996686688436817,0.8517190110651807,single_maturity_ea_slope
2023-01-01,BE,PSPP,84205.33333333333,341.3333333333285,2.7921773956890905,0.8595848207757883,single_maturity_ea_slope
2023-02-01,BE,PSPP,84449.77777777777,244.44444444443798,2.960797543124823,0.8656668945252985,single_maturity_ea_slope
2023-03-01,BE,PSPP,84850.66666666666,400.8888888888905,3.0425124303563917,0.8759517069189401,single_maturity_ea_slope
2023-04-01,BE,PSPP,85050.66666666666,200.0,3.0644606148329374,0.881098072006215,single_maturity_ea_slope
2023-05-01,BE,PSPP,85361.77777777777,311.1111111111095,3.044704506676101,0.888983591959298,single_maturity_ea_slope
2023-06-01,BE,PSPP,82766.22222222222,0.0,3.0563084623840906,0.888983591959298,single_maturity_ea_slope
2023-07-01,BE,PSPP,82766.22222222222,0.0,3.142506942520767,0.888983591959298,single_maturity_ea_slope
2023-08-01,BE,PSPP,82766.22222222222,0.0,3.2239306069714133,0.888983591959298,single_maturity_ea_slope
2023-09-01,BE,PSPP,82766.22222222222,0.0,3.3219926792794854,0.888983591959298,single_maturity_ea_slope
2023-10-01,BE,PSPP,80702.22222222222,0.0,3.528533750891323,0.888983591959298,single_maturity_ea_slope
2023-11-01,BE,PSPP,80702.22222222222,0.0,3.234954722775764,0.888983591959298,single_maturity_ea_slope
2023-12-01,BE,PSPP,80702.22222222222,0.0,2.701686720303211,0.888983591959298,single_maturity_ea_slope
2024-01-01,BE,PSPP,80702.22222222222,0.0,2.805903075680008,0.888983591959298,single_maturity_ea_slope
2024-02-01,BE,PSPP,80702.22222222222,0.0,2.9425286339059844,0.888983591959298,single_maturity_ea_slope
2024-03-01,BE,PSPP,80702.22222222222,0.0,2.9009984206145,0.888983591959298,single_maturity_ea_slope
2024-04-01,BE,PSPP,80702.22222222222,0.0,2.995428868062849,0.888983591959298,single_maturity_ea_slope
2024-05-01,BE,PSPP,80702.22222222222,0.0,3.0448607558103635,0.888983591959298,single_maturity_ea_slope
2024-06-01,BE,PSPP,76964.44444444444,0.0,3.1158601625159417,0.888983591959298,single_maturity_ea_slope
2024-07-01,BE,PSPP,76964.44444444444,0.0,3.049830098732174,0.888983591959298,single_maturity_ea_slope
2024-08-01,BE,PSPP,76964.44444444444,0.0,2.809460532818182,0.888983591959298,single_maturity_ea_slope
2024-09-01,BE,PSPP,76964.44444444444,0.0,2.7603880627343496,0.888983591959298,single_maturity_ea_slope
2024-10-01,BE,PSPP,74442.66666666666,0.0,2.824046613989478,0.888983591959298,single_maturity_ea_slope
2024-11-01,BE,PSPP,74442.66666666666,0.0,2.899151529163889,0.888983591959298,single_maturity_ea_slope
2024-12-01,BE,PSPP,74419.55555555555,0.0,2.772710868300035,0.888983591959298,single_maturity_ea_slope
2025-01-01,BE,PSPP,74419.55555555555,0.0,3.0618015597139396,0.888983591959298,single_maturity_ea_slope
2025-02-01,BE,PSPP,74419.55555555555,0.0,2.9652886766705,0.888983591959298,single_maturity_ea_slope
2025-03-01,BE,PSPP,74419.55555555555,0.0,3.2487717379838728,0.888983591959298,single_maturity_ea_slope
2025-04-01,BE,PSPP,74419.55555555555,0.0,3.0419994455483335,0.888983591959298,single_maturity_ea_slope
2025-05-01,BE,PSPP,74419.55555555555,0.0,3.028518149512889,0.888983591959298,single_maturity_ea_slope
2025-06-01,BE,PSPP,69231.11111111111,0.0,3.0497249527351746,0.888983591959298,single_maturity_ea_slope
2025-07-01,BE,PSPP,69231.11111111111,0.0,3.1551348773473187,0.888983591959298,single_maturity_ea_slope
2025-08-01,BE,PSPP,69231.11111111111,0.0,3.159963484824381,0.888983591959298,single_maturity_ea_slope
2025-09-01,BE,PSPP,69231.11111111111,0.0,3.1777882353871134,0.888983591959298,single_maturity_ea_slope
2025-10-01,BE,PSPP,69231.11111111111,0.0,3.100590060816775,0.888983591959298,single_maturity_ea_slope
2025-11-01,BE,PSPP,69231.11111111111,0.0,3.0987909058553003,0.888983591959298,single_maturity_ea_slope
2025-12-01,BE,PSPP,69231.11111111111,0.0,3.209213326233333,0.888983591959298,single_maturity_ea_slope
2026-01-01,BE,PSPP,69231.11111111111,0.0,3.234146855376913,0.888983591959298,single_maturity_ea_slope
2026-02-01,BE,PSPP,69231.11111111111,0.0,3.1623552215316666,0.888983591959298,single_maturity_ea_slope
2026-03-01,BE,PSPP,66620.44444444444,0.0,3.4204509459095225,0.888983591959298,single_maturity_ea_slope
2026-04-01,BE,PSPP,66620.44444444444,0.0,3.4911684363985085,0.888983591959298,single_maturity_ea_slope
2026-05-01,BE,PSPP,66578.66666666666,0.0,3.4975434253927085,0.888983591959298,single_maturity_ea_slope
2026-06-01,BE,PSPP,62133.33333333333,0.0,3.459885323099833,0.888983591959298,single_maturity_ea_slope
2026-07-01,BE,PSPP,62133.33333333333,0.0,3.5819911961673045,0.888983591959298,single_maturity_ea_slope
2026-08-01,BE,PSPP,62133.33333333333,0.0,3.692008281362079,0.888983591959298,single_maturity_ea_slope
2020-03-01,CY,PEPP,23.0,23.0,1.3829309127828373,1.3829309127828373,single_maturity_ea_slope
2020-04-01,CY,PEPP,239.0,216.0,2.136940184853661,2.0643786231062595,single_maturity_ea_slope
2020-05-01,CY,PEPP,481.0,242.0,1.956989477059155,2.0103491566958662,single_maturity_ea_slope
2020-06-01,CY,PEPP,750.0,269.0,1.3504214599827482,1.7736550894747614,single_maturity_ea_slope
2020-07-01,CY,PEPP,936.0,186.0,1.2113807590138643,1.6619210879088138,single_maturity_ea_slope
2020-08-01,CY,PEPP,1062.0,126.0,1.1442240168154325,1.6004994015079042,single_maturity_ea_slope
2020-09-01,CY,PEPP,1194.0,132.0,0.9788955195648977,1.531779374358426,single_maturity_ea_slope
2020-10-01,CY,PEPP,1339.0,145.0,0.671108223592182,1.4385774947011405,single_maturity_ea_slope
2020-11-01,CY,PEPP,1484.0,145.0,0.49892336784979724,1.34676492839828,single_maturity_ea_slope
2020-12-01,CY,PEPP,1600.0,116.0,0.38459673579347603,1.2770077344344317,single_maturity_ea_slope
2021-01-01,CY,PEPP,1712.0,112.0,0.40961752697478004,1.2202625806753888,single_maturity_ea_slope
2021-02-01,CY,PEPP,1814.0,102.0,0.5401065284245076,1.1820178632941376,single_maturity_ea_slope
2021-03-01,CY,PEPP,1899.0,85.0,0.6543525417464768,1.1583993523243896,single_maturity_ea_slope
2021-04-01,CY,PEPP,1981.0,82.0,0.6784030156053809,1.138530750804471,single_maturity_ea_slope
2021-05-01,CY,PEPP,2059.0,78.0,0.8021119241120567,1.125786375631082,single_maturity_ea_slope
2021-06-01,CY,PEPP,2131.0,72.0,0.5948383508896424,1.1078472588871198,single_maturity_ea_slope
2021-07-01,CY,PEPP,2201.0,70.0,0.4461475489223361,1.0868027428955092,single_maturity_ea_slope
2021-08-01,CY,PEPP,2257.0,56.0,0.3146659467882762,1.0676447187120777,single_maturity_ea_slope
2021-09-01,CY,PEPP,2308.0,51.0,0.39829983382614853,1.0528541688294164,single_maturity_ea_slope
2021-10-01,CY,PEPP,2363.0,55.0,0.5301495003118348,1.0406879577551604,single_maturity_ea_slope
2021-11-01,CY,PEPP,2418.0,55.0,0.6527054186182923,1.031862879321526,single_maturity_ea_slope
2021-12-01,CY,PEPP,2457.0,39.0,0.72882342190548,1.027052729203811,single_maturity_ea_slope
2022-01-01,CY,PEPP,2515.0,58.0,0.9476109804732324,1.0252206729706603,single_maturity_ea_slope
2022-02-01,CY,PEPP,2586.0,71.0,1.6460512412672774,1.0422659051242025,single_maturity_ea_slope
2022-03-01,CY,PEPP,2634.0,48.0,1.9788988899780438,1.059334387763908,single_maturity_ea_slope
2022-04-01,CY,PEPP,2634.0,0.0,2.2995284052669898,1.059334387763908,single_maturity_ea_slope
2022-05-01,CY,PEPP,2465.0,0.0,2.7524667664663167,1.059334387763908,single_maturity_ea_slope
2022-06-01,CY,PEPP,2465.0,0.0,3.490827526024016,1.059334387763908,single_maturity_ea_slope
2022-07-01,CY,PEPP,2465.0,0.0,3.523908028689073,1.059334387763908,single_maturity_ea_slope
2022-08-01,CY,PEPP,2475.0,10.0,3.162589740598685,1.0678323891895032,single_maturity_ea_slope
2022-09-01,CY,PEPP,2483.0,8.0,3.7419169158368133,1.076448046142052,single_maturity_ea_slope
2022-10-01,CY,PEPP,2487.0,4.0,4.249664837678958,1.0815517321758872,single_maturity_ea_slope
2022-11-01,CY,PEPP,2487.0,0.0,4.201876942551754,1.0815517321758872,single_maturity_ea_slope
2022-12-01,CY,PEPP,2493.0,6.0,4.199004010560223,1.0890546257460059,single_maturity_ea_slope
2023-01-01,CY,PEPP,2493.0,0.0,4.197440740664158,1.0890546257460059,single_maturity_ea_slope
2023-02-01,CY,PEPP,2493.0,0.0,4.133048236858432,1.0890546257460059,single_maturity_ea_slope
2023-03-01,CY,PEPP,2493.0,0.0,4.161412848533823,1.0890546257460059,single_maturity_ea_slope
2023-04-01,CY,PEPP,2511.0,18.0,4.0358715660310365,1.1101787615186585,single_maturity_ea_slope
2023-05-01,CY,PEPP,2543.0,32.0,4.009681491094069,1.146664835976548,single_maturity_ea_slope
2023-06-01,CY,PEPP,2563.0,20.0,3.8131520569496136,1.1674723835455925,single_maturity_ea_slope
2023-07-01,CY,PEPP,2387.0,0.0,3.759196998206967,1.1674723835455925,single_maturity_ea_slope
2023-08-01,CY,PEPP,2409.0,22.0,3.883156460216739,1.1922731513690732,single_maturity_ea_slope
2023-09-01,CY,PEPP,2424.0,15.0,4.036556234075257,1.2098739130194827,single_maturity_ea_slope
2023-10-01,CY,PEPP,2450.0,26.0,4.1989694949085585,1.2415949273578972,single_maturity_ea_slope
2023-11-01,CY,PEPP,2459.0,9.0,3.8583460288774454,1.2511723002386115,single_maturity_ea_slope
2023-12-01,CY,PEPP,2468.0,9.0,3.3050590534928683,1.258662162790997,single_maturity_ea_slope
2024-01-01,CY,PEPP,2470.0,2.0,3.345672138718796,1.2603520494111815,single_maturity_ea_slope
2024-02-01,CY,PEPP,2470.0,0.0,3.378946526701152,1.2603520494111815,single_maturity_ea_slope
2024-03-01,CY,PEPP,2470.0,0.0,3.2628321733046,1.2603520494111815,single_maturity_ea_slope
2024-04-01,CY,PEPP,2470.0,0.0,3.349863377144562,1.2603520494111815,single_maturity_ea_slope
2024-05-01,CY,PEPP,2470.0,0.0,3.3548051321118546,1.2603520494111815,single_maturity_ea_slope
2024-06-01,CY,PEPP,2357.0,0.0,3.41098032971495,1.2603520494111815,single_maturity_ea_slope
2024-07-01,CY,PEPP,2394.0,37.0,3.321820094175435,1.2922126666443803,single_maturity_ea_slope
2024-08-01,CY,PEPP,2406.0,12.0,3.0892049802656,1.3011752218245358,single_maturity_ea_slope
2024-09-01,CY,PEPP,2426.0,20.0,2.9766568887807052,1.3149879313625092,single_maturity_ea_slope
2024-10-01,CY,PEPP,2452.0,26.0,2.9723055191364827,1.3325614457516297,single_maturity_ea_slope
2024-11-01,CY,PEPP,2475.0,23.0,2.9851986299146667,1.3479192862509226,single_maturity_ea_slope
2024-12-01,CY,PEPP,2314.0,0.0,2.8778917420051577,1.3479192862509226,single_maturity_ea_slope
2025-01-01,CY,PEPP,2314.0,0.0,3.119989092012418,1.3479192862509226,single_maturity_ea_slope
2025-02-01,CY,PEPP,2314.0,0.0,2.95879566108704,1.3479192862509226,single_maturity_ea_slope
2025-03-01,CY,PEPP,2314.0,0.0,3.183525657545,1.3479192862509226,single_maturity_ea_slope
2025-04-01,CY,PEPP,2314.0,0.0,2.99391576302742,1.3479192862509226,single_maturity_ea_slope
2025-05-01,CY,PEPP,2314.0,0.0,2.975199964915895,1.3479192862509226,single_maturity_ea_slope
2025-06-01,CY,PEPP,2314.0,0.0,2.9458972499801903,1.3479192862509226,single_maturity_ea_slope
2025-07-01,CY,PEPP,2314.0,0.0,2.98592470607093,1.3479192862509226,single_maturity_ea_slope
2025-08-01,CY,PEPP,2314.0,0.0,3.005016730818,1.3479192862509226,single_maturity_ea_slope
2025-09-01,CY,PEPP,2314.0,0.0,3.029901915865273,1.3479192862509226,single_maturity_ea_slope
2025-10-01,CY,PEPP,2314.0,0.0,2.9294286272236083,1.3479192862509226,single_maturity_ea_slope
2025-11-01,CY,PEPP,2145.0,0.0,2.9950694847210753,1.3479192862509226,single_maturity_ea_slope
2025-12-01,CY,PEPP,2145.0,0.0,3.1135224091852187,1.3479192862509226,single_maturity_ea_slope
2026-01-01,CY,PEPP,2145.0,0.0,3.197784480870667,1.3479192862509226,single_maturity_ea_slope
2026-02-01,CY,PEPP,1976.0,0.0,3.35012077766678,1.3479192862509226,single_maturity_ea_slope
2026-03-01,CY,PEPP,1976.0,0.0,3.590892680690769,1.3479192862509226,single_maturity_ea_slope
2026-04-01,CY,PEPP,1976.0,0.0,3.611898653866,1.3479192862509226,single_maturity_ea_slope
2026-05-01,CY,PEPP,1976.0,0.0,3.57230686321728,1.3479192862509226,single_maturity_ea_slope
2026-06-01,CY,PEPP,1976.0,0.0,3.5134880601407996,1.3479192862509226,single_maturity_ea_slope
2026-07-01,CY,PEPP,1976.0,0.0,3.626756120850435,1.3479192862509226,single_maturity_ea_slope
2026-08-01,CY,PEPP,1976.0,0.0,3.719588494365395,1.3479192862509226,single_maturity_ea_slope
2015-03-01,CY,PSPP,0.0,0.0,5.489731925983347,,single_maturity_ea_slope
2015-04-01,CY,PSPP,0.0,0.0,5.535264506240301,,single_maturity_ea_slope
2015-05-01,CY,PSPP,0.0,0.0,3.078526752287498,,single_maturity_ea_slope
2015-06-01,CY,PSPP,0.0,0.0,2.7363283217631165,,single_maturity_ea_slope
2015-07-01,CY,PSPP,87.1111111111111,87.1111111111111,3.426711928646399,3.426711928646399,single_maturity_ea_slope
2015-08-01,CY,PSPP,87.1111111111111,0.0,3.4299448730957365,3.426711928646399,single_maturity_ea_slope
2015-09-01,CY,PSPP,87.1111111111111,0.0,3.4187827354654408,3.426711928646399,single_maturity_ea_slope
2015-10-01,CY,PSPP,167.11111111111111,80.00000000000001,3.408369788313313,3.4179311167848154,single_maturity_ea_slope
2015-11-01,CY,PSPP,253.33333333333331,86.2222222222222,3.8422441319077905,3.562346423686319,single_maturity_ea_slope
2015-12-01,CY,PSPP,253.33333333333331,0.0,3.6928859419924835,3.562346423686319,single_maturity_ea_slope
2016-01-01,CY,PSPP,253.33333333333331,0.0,3.6292535521260874,3.562346423686319,single_maturity_ea_slope
2016-02-01,CY,PSPP,253.33333333333331,0.0,3.8198783263657625,3.562346423686319,single_maturity_ea_slope
2016-03-01,CY,PSPP,239.1111111111111,0.0,3.806764990705888,3.562346423686319,single_maturity_ea_slope
2016-04-01,CY,PSPP,239.1111111111111,0.0,3.7836073434121347,3.562346423686319,single_maturity_ea_slope
2016-05-01,CY,PSPP,239.1111111111111,0.0,3.6736970063679086,3.562346423686319,single_maturity_ea_slope
2016-06-01,CY,PSPP,239.1111111111111,0.0,3.625272529343411,3.562346423686319,single_maturity_ea_slope
2016-07-01,CY,PSPP,239.1111111111111,0.0,3.6758085230479494,3.562346423686319,single_maturity_ea_slope
2016-08-01,CY,PSPP,239.1111111111111,0.0,3.6433756451918207,3.562346423686319,single_maturity_ea_slope
2016-09-01,CY,PSPP,220.44444444444443,0.0,3.399766722278179,3.562346423686319,single_maturity_ea_slope
2016-10-01,CY,PSPP,220.44444444444443,0.0,3.1469918164353246,3.562346423686319,single_maturity_ea_slope
2016-11-01,CY,PSPP,220.44444444444443,0.0,3.173498157460485,3.562346423686319,single_maturity_ea_slope
2016-12-01,CY,PSPP,220.44444444444443,0.0,3.177420908578688,3.562346423686319,single_maturity_ea_slope
2017-01-01,CY,PSPP,220.44444444444443,0.0,3.0502735152411726,3.562346423686319,single_maturity_ea_slope
2017-02-01,CY,PSPP,220.44444444444443,0.0,2.9303476584238526,3.562346423686319,single_maturity_ea_slope
2017-03-01,CY,PSPP,220.44444444444443,0.0,2.894081148856017,3.562346423686319,single_maturity_ea_slope
2017-04-01,CY,PSPP,220.44444444444443,0.0,2.7861332082329175,3.562346423686319,single_maturity_ea_slope
2017-05-01,CY,PSPP,220.44444444444443,0.0,2.555104197140446,3.562346423686319,single_maturity_ea_slope
2017-06-01,CY,PSPP,190.2222222222222,0.0,2.4454274674674665,3.562346423686319,single_maturity_ea_slope
2017-07-01,CY,PSPP,190.2222222222222,0.0,2.1383796478434496,3.562346423686319,single_maturity_ea_slope
2017-08-01,CY,PSPP,190.2222222222222,0.0,2.045258349355789,3.562346423686319,single_maturity_ea_slope
2017-09-01,CY,PSPP,189.33333333333331,0.0,1.7270057557961502,3.562346423686319,single_maturity_ea_slope
2017-10-01,CY,PSPP,189.33333333333331,0.0,1.3414980995415449,3.562346423686319,single_maturity_ea_slope
2017-11-01,CY,PSPP,189.33333333333331,0.0,1.0305297832594584,3.562346423686319,single_maturity_ea_slope
2017-12-01,CY,PSPP,189.33333333333331,0.0,1.0904331776390799,3.562346423686319,single_maturity_ea_slope
2018-01-01,CY,PSPP,189.33333333333331,0.0,1.181604479820413,3.562346423686319,single_maturity_ea_slope
2018-02-01,CY,PSPP,189.33333333333331,0.0,1.4028107933147826,3.562346423686319,single_maturity_ea_slope
2018-03-01,CY,PSPP,189.33333333333331,0.0,1.307094831149925,3.562346423686319,single_maturity_ea_slope
2018-04-01,CY,PSPP,189.33333333333331,0.0,1.589282094426228,3.562346423686319,single_maturity_ea_slope
2018-05-01,CY,PSPP,189.33333333333331,0.0,1.9528940989423025,3.562346423686319,single_maturity_ea_slope
2018-06-01,CY,PSPP,189.33333333333331,0.0,2.0270705868870857,3.562346423686319,single_maturity_ea_slope
2018-07-01,CY,PSPP,189.33333333333331,0.0,1.5176370926998775,3.562346423686319,single_maturity_ea_slope
2018-08-01,CY,PSPP,189.33333333333331,0.0,1.6495624143658456,3.562346423686319,single_maturity_ea_slope
2018-09-01,CY,PSPP,189.33333333333331,0.0,1.4266567355189719,3.562346423686319,single_maturity_ea_slope
2018-10-01,CY,PSPP,327.1111111111111,137.77777777777777,2.070561467094201,2.9340130859912694,single_maturity_ea_slope
2018-11-01,CY,PSPP,447.1111111111111,120.0,2.206141175445778,2.738659789920412,single_maturity_ea_slope
2018-12-01,CY,PSPP,601.7777777777777,154.66666666666663,2.2105706577026196,2.6029323024670945,single_maturity_ea_slope
2019-01-01,CY,PSPP,653.3333333333333,51.55555555555554,2.0793428847404547,2.5616150422927477,single_maturity_ea_slope
2019-02-01,CY,PSPP,703.1111111111111,49.77777777777783,1.8596203651450554,2.511916304087601,single_maturity_ea_slope
2019-03-01,CY,PSPP,753.7777777777777,50.66666666666663,1.6077722579473983,2.4511424707975165,single_maturity_ea_slope
2019-04-01,CY,PSPP,857.7777777777777,104.0,1.4008954017530941,2.3238068157942027,single_maturity_ea_slope
2019-05-01,CY,PSPP,960.8888888888888,103.11111111111109,1.2960662300902925,2.2135219795854577,single_maturity_ea_slope
2019-06-01,CY,PSPP,1046.2222222222222,85.33333333333337,0.8447813041624714,2.1018829780216457,single_maturity_ea_slope
2019-07-01,CY,PSPP,1170.6666666666665,124.44444444444434,0.7255412038907467,1.9555748167624767,single_maturity_ea_slope
2019-08-01,CY,PSPP,1252.4444444444443,81.77777777777783,0.4886467812740954,1.8597924326141935,single_maturity_ea_slope
2019-09-01,CY,PSPP,1395.5555555555554,143.1111111111111,0.561019795420501,1.726606194022993,single_maturity_ea_slope
2019-10-01,CY,PSPP,1485.3333333333333,89.77777777777783,0.598175882650673,1.6584006515642233,single_maturity_ea_slope
2019-11-01,CY,PSPP,1615.111111111111,129.77777777777783,0.7003853079536462,1.5814219833379468,single_maturity_ea_slope
2019-12-01,CY,PSPP,1728.0,112.88888888888891,0.7042834212378454,1.5241192069044527,single_maturity_ea_slope
2020-01-01,CY,PSPP,1817.7777777777776,89.7777777777776,0.7518900807299117,1.4859797732889863,single_maturity_ea_slope
2020-02-01,CY,PSPP,1854.2222222222222,36.44444444444457,0.7033759828743564,1.4705978195943556,single_maturity_ea_slope
2020-03-01,CY,PSPP,1957.3333333333333,103.11111111111109,1.3681397601752767,1.4652003923043406,single_maturity_ea_slope
2020-04-01,CY,PSPP,2060.4444444444443,103.11111111111109,2.0008153134177906,1.4920042451296902,single_maturity_ea_slope
2020-05-01,CY,PSPP,2142.222222222222,81.77777777777783,1.837214380061472,1.5051823913594513,single_maturity_ea_slope
2020-06-01,CY,PSPP,2217.777777777778,75.55555555555566,1.2195002303309064,1.4954497325668956,single_maturity_ea_slope
2020-07-01,CY,PSPP,2345.777777777778,128.0,1.1291720319459413,1.4754633783079274,single_maturity_ea_slope
2020-08-01,CY,PSPP,2451.555555555555,105.77777777777737,1.0848199446034545,1.4586082047724551,single_maturity_ea_slope
2020-09-01,CY,PSPP,2570.6666666666665,119.11111111111131,0.9196219484175416,1.4336344294088457,single_maturity_ea_slope
2020-10-01,CY,PSPP,2683.555555555555,112.88888888888869,0.6267238182913666,1.3996901936977095,single_maturity_ea_slope
2020-11-01,CY,PSPP,2790.222222222222,106.66666666666697,0.4688540133404963,1.3641055037828114,single_maturity_ea_slope
2020-12-01,CY,PSPP,2910.222222222222,120.0,0.3599269669179998,1.322699241572442,single_maturity_ea_slope
2021-01-01,CY,PSPP,2985.777777777778,75.55555555555566,0.38907891954695994,1.299073838960901,single_maturity_ea_slope
2021-02-01,CY,PSPP,3043.555555555555,57.777777777777374,0.5170801174282391,1.2842287478687213,single_maturity_ea_slope
2021-03-01,CY,PSPP,3129.777777777778,86.22222222222263,0.6396686336190124,1.2664717665900442,single_maturity_ea_slope
2021-04-01,CY,PSPP,3206.222222222222,76.44444444444434,0.6588432816746244,1.2519843671714896,single_maturity_ea_slope
2021-05-01,CY,PSPP,3264.8888888888887,58.666666666666515,0.7952667813713719,1.2437776259074527,single_maturity_ea_slope
2021-06-01,CY,PSPP,3341.333333333333,76.44444444444434,0.592394946082698,1.2288750160471362,single_maturity_ea_slope
2021-07-01,CY,PSPP,3408.0,66.66666666666697,0.4521291768437289,1.213680457377273,single_maturity_ea_slope
2021-08-01,CY,PSPP,3464.0,56.0,0.32485847444367155,1.1993115107709562,single_maturity_ea_slope
2021-09-01,CY,PSPP,3544.0,80.0,0.4063373078004797,1.1814114158957763,single_maturity_ea_slope
2021-10-01,CY,PSPP,3588.4444444444443,44.44444444444434,0.5406116714082083,1.17347483248622,single_maturity_ea_slope
2021-11-01,CY,PSPP,3635.555555555555,47.11111111111086,0.6623978173951841,1.1668520740999548,single_maturity_ea_slope
2021-12-01,CY,PSPP,3680.8888888888887,45.333333333333485,0.7341976121384165,1.16152355983769,single_maturity_ea_slope
2022-01-01,CY,PSPP,3758.222222222222,77.33333333333348,0.9516684358296257,1.15720534891321,single_maturity_ea_slope
2022-02-01,CY,PSPP,3798.222222222222,40.0,1.645762812924564,1.1623504661330815,single_maturity_ea_slope
2022-03-01,CY,PSPP,3856.0,57.77777777777783,1.9779606775713139,1.1745714582362363,single_maturity_ea_slope
2022-04-01,CY,PSPP,3950.222222222222,94.22222222222217,2.2990900126022913,1.2013939080028433,single_maturity_ea_slope
2022-05-01,CY,PSPP,3730.6666666666665,0.0,2.753266483248958,1.2013939080028433,single_maturity_ea_slope
2022-06-01,CY,PSPP,3767.111111111111,36.44444444444434,3.491140460601441,1.2235457741322775,single_maturity_ea_slope
2022-07-01,CY,PSPP,3816.0,48.88888888888914,3.524951461012942,1.253030356656954,single_maturity_ea_slope
2022-08-01,CY,PSPP,3845.333333333333,29.33333333333303,3.1639359565363074,1.2676073064479891,single_maturity_ea_slope
2022-09-01,CY,PSPP,3907.555555555555,62.22222222222217,3.7419169158368133,1.3070071409923971,single_maturity_ea_slope
2022-10-01,CY,PSPP,3955.555555555555,48.0,4.248324958964598,1.3426995369857675,single_maturity_ea_slope
2022-11-01,CY,PSPP,3983.111111111111,27.555555555555657,4.201274165392173,1.362475438231159,single_maturity_ea_slope
2022-12-01,CY,PSPP,4004.4444444444443,21.333333333333485,4.1990519138599325,1.3775870554154188,single_maturity_ea_slope
2023-01-01,CY,PSPP,4018.6666666666665,14.222222222222172,4.197346752361032,1.3875662978730896,single_maturity_ea_slope
2023-02-01,CY,PSPP,4031.111111111111,12.444444444444343,4.1331090664188,1.3960420638619848,single_maturity_ea_slope
2023-03-01,CY,PSPP,4034.6666666666665,3.5555555555556566,4.161733584324001,1.3984793333226255,single_maturity_ea_slope
2023-04-01,CY,PSPP,4046.222222222222,11.555555555555657,4.0364450736524145,1.4060130667638135,single_maturity_ea_slope
2023-05-01,CY,PSPP,4062.222222222222,16.0,4.010295122399647,1.4162706328472807,single_maturity_ea_slope
2023-06-01,CY,PSPP,4069.333333333333,7.1111111111108585,3.8133413108211363,1.420459485058681,single_maturity_ea_slope
2023-07-01,CY,PSPP,3816.0,0.0,3.757548597645367,1.420459485058681,single_maturity_ea_slope
2023-08-01,CY,PSPP,3816.0,0.0,3.8788247709013044,1.420459485058681,single_maturity_ea_slope
2023-09-01,CY,PSPP,3816.0,0.0,4.0316651122074285,1.420459485058681,single_maturity_ea_slope
2023-10-01,CY,PSPP,3816.0,0.0,4.190995334239618,1.420459485058681,single_maturity_ea_slope
2023-11-01,CY,PSPP,3816.0,0.0,3.8500395818710182,1.420459485058681,single_maturity_ea_slope
2023-12-01,CY,PSPP,3816.0,0.0,3.2949387316736054,1.420459485058681,single_maturity_ea_slope
2024-01-01,CY,PSPP,3816.0,0.0,3.334887510872887,1.420459485058681,single_maturity_ea_slope
2024-02-01,CY,PSPP,3816.0,0.0,3.370037731733724,1.420459485058681,single_maturity_ea_slope
2024-03-01,CY,PSPP,3816.0,0.0,3.2542647938497997,1.420459485058681,single_maturity_ea_slope
2024-04-01,CY,PSPP,3816.0,0.0,3.3412165487379903,1.420459485058681,single_maturity_ea_slope
2024-05-01,CY,PSPP,3816.0,0.0,3.346038910611709,1.420459485058681,single_maturity_ea_slope
2024-06-01,CY,PSPP,3545.7777777777774,0.0,3.40475958171746,1.420459485058681,single_maturity_ea_slope
2024-07-01,CY,PSPP,3545.7777777777774,0.0,3.315313918012087,1.420459485058681,single_maturity_ea_slope
2024-08-01,CY,PSPP,3545.7777777777774,0.0,3.083318989676,1.420459485058681,single_maturity_ea_slope
2024-09-01,CY,PSPP,3545.7777777777774,0.0,2.9711175351424193,1.420459485058681,single_maturity_ea_slope
2024-10-01,CY,PSPP,3545.7777777777774,0.0,2.967223195823235,1.420459485058681,single_maturity_ea_slope
2024-11-01,CY,PSPP,3545.7777777777774,0.0,2.9816303170266663,1.420459485058681,single_maturity_ea_slope
2024-12-01,CY,PSPP,3256.8888888888887,0.0,2.8801056031575,1.420459485058681,single_maturity_ea_slope
2025-01-01,CY,PSPP,3256.8888888888887,0.0,3.12239697361835,1.420459485058681,single_maturity_ea_slope
2025-02-01,CY,PSPP,3256.8888888888887,0.0,2.96130035748584,1.420459485058681,single_maturity_ea_slope
2025-03-01,CY,PSPP,3256.8888888888887,0.0,3.1867799039428575,1.420459485058681,single_maturity_ea_slope
2025-04-01,CY,PSPP,3256.8888888888887,0.0,2.99781808005072,1.420459485058681,single_maturity_ea_slope
2025-05-01,CY,PSPP,3256.8888888888887,0.0,2.9794373520783237,1.420459485058681,single_maturity_ea_slope
2025-06-01,CY,PSPP,3256.8888888888887,0.0,2.950884832237105,1.420459485058681,single_maturity_ea_slope
2025-07-01,CY,PSPP,3256.8888888888887,0.0,2.9904312465991256,1.420459485058681,single_maturity_ea_slope
2025-08-01,CY,PSPP,3256.8888888888887,0.0,3.0098841009029997,1.420459485058681,single_maturity_ea_slope
2025-09-01,CY,PSPP,3256.8888888888887,0.0,3.0350020381545457,1.420459485058681,single_maturity_ea_slope
2025-10-01,CY,PSPP,3256.8888888888887,0.0,2.934364311623391,1.420459485058681,single_maturity_ea_slope
2025-11-01,CY,PSPP,2987.555555555555,0.0,3.008929427618925,1.420459485058681,single_maturity_ea_slope
2025-12-01,CY,PSPP,2987.555555555555,0.0,3.1280352171776475,1.420459485058681,single_maturity_ea_slope
2026-01-01,CY,PSPP,2987.555555555555,0.0,3.211586152201667,1.420459485058681,single_maturity_ea_slope
2026-02-01,CY,PSPP,2698.6666666666665,0.0,3.38504914139684,1.420459485058681,single_maturity_ea_slope
2026-03-01,CY,PSPP,2698.6666666666665,0.0,3.6196923869642323,1.420459485058681,single_maturity_ea_slope
2026-04-01,CY,PSPP,2698.6666666666665,0.0,3.6402221542751203,1.420459485058681,single_maturity_ea_slope
2026-05-01,CY,PSPP,2698.6666666666665,0.0,3.60097253428383,1.420459485058681,single_maturity_ea_slope
2026-06-01,CY,PSPP,2698.6666666666665,0.0,3.5407894330992,1.420459485058681,single_maturity_ea_slope
2026-07-01,CY,PSPP,2698.6666666666665,0.0,3.6539789316672957,1.420459485058681,single_maturity_ea_slope
2026-08-01,CY,PSPP,2698.6666666666665,0.0,3.7476227890258955,1.420459485058681,single_maturity_ea_slope
2020-03-01,DE,PEPP,3118.0,3118.0,-0.4535539303158123,-0.4535539303158123,single_maturity_ea_slope
2020-04-01,DE,PEPP,20652.0,17534.0,-0.7120836254267922,-0.6730512997752313,single_maturity_ea_slope
2020-05-01,DE,PEPP,46749.0,26097.0,-0.7835970644386325,-0.7347619849325775,single_maturity_ea_slope
2020-06-01,DE,PEPP,72823.0,26074.0,-0.6683018012930086,-0.7109661672895511,single_maturity_ea_slope
2020-07-01,DE,PEPP,93015.0,20192.0,-0.7158751648098889,-0.7120318285047386,single_maturity_ea_slope
2020-08-01,DE,PEPP,107252.0,14237.0,-0.6921383764770077,-0.7093911031427983,single_maturity_ea_slope
2020-09-01,DE,PEPP,125048.0,17796.0,-0.685191263570481,-0.705947142863314,single_maturity_ea_slope
2020-10-01,DE,PEPP,142843.0,17795.0,-0.7416490762871952,-0.7103947945177735,single_maturity_ea_slope
2020-11-01,DE,PEPP,160619.0,17776.0,-0.7372853802163621,-0.7133708250706852,single_maturity_ea_slope
2020-12-01,DE,PEPP,174872.0,14253.0,-0.7255251031536427,-0.7143614635120389,single_maturity_ea_slope
2021-01-01,DE,PEPP,188750.0,13878.0,-0.6827122395619538,-0.7120344281214201,single_maturity_ea_slope
2021-02-01,DE,PEPP,202988.0,14238.0,-0.5586970371237485,-0.7012790249792401,single_maturity_ea_slope
2021-03-01,DE,PEPP,220519.0,17531.0,-0.4751793077225632,-0.6833043645498584,single_maturity_ea_slope
2021-04-01,DE,PEPP,241224.0,20705.0,-0.40485177545753753,-0.6594039199126893,single_maturity_ea_slope
2021-05-01,DE,PEPP,261137.0,19913.0,-0.290628815788047,-0.6312829770802526,single_maturity_ea_slope
2021-06-01,DE,PEPP,279989.0,18852.0,-0.3344797503680923,-0.6112988547398119,single_maturity_ea_slope
2021-07-01,DE,PEPP,301191.0,21202.0,-0.4957630132292625,-0.603165839770219,single_maturity_ea_slope
2021-08-01,DE,PEPP,317125.0,15934.0,-0.5800605450156613,-0.6020049102735879,single_maturity_ea_slope
2021-09-01,DE,PEPP,334500.0,17375.0,-0.4115583985491311,-0.5921125092535209,single_maturity_ea_slope
2021-10-01,DE,PEPP,350516.0,16016.0,-0.25384562838138547,-0.5766562037951449,single_maturity_ea_slope
2021-11-01,DE,PEPP,366631.0,16115.0,-0.3551911906270443,-0.5669218695811697,single_maturity_ea_slope
2021-12-01,DE,PEPP,379206.0,12575.0,-0.4170420350004646,-0.5619516451652787,single_maturity_ea_slope
2022-01-01,DE,PEPP,392571.0,13365.0,-0.1496262193720161,-0.5479141097494509,single_maturity_ea_slope
2022-02-01,DE,PEPP,403108.0,10537.0,0.12565227030286308,-0.5303074908120663,single_maturity_ea_slope
2022-03-01,DE,PEPP,408942.0,5834.0,0.25948287389727037,-0.519040276909571,single_maturity_ea_slope
2022-04-01,DE,PEPP,409667.0,725.0,0.7329461146593357,-0.5168245989714226,single_maturity_ea_slope
2022-05-01,DE,PEPP,412493.0,2826.0,0.9378254066324466,-0.5068587549065864,single_maturity_ea_slope
2022-06-01,DE,PEPP,409231.0,0.0,1.4372648581165859,-0.5068587549065864,single_maturity_ea_slope
2022-07-01,DE,PEPP,398214.0,0.0,1.079376623555021,-0.5068587549065864,single_maturity_ea_slope
2022-08-01,DE,PEPP,396868.0,0.0,1.031636790214407,-0.5068587549065864,single_maturity_ea_slope
2022-09-01,DE,PEPP,395155.0,0.0,1.7986466312047136,-0.5068587549065864,single_maturity_ea_slope
2022-10-01,DE,PEPP,395119.0,0.0,2.189573009904961,-0.5068587549065864,single_maturity_ea_slope
2022-11-01,DE,PEPP,397706.0,2587.0,2.066826027959426,-0.4901174371158707,single_maturity_ea_slope
2022-12-01,DE,PEPP,394327.0,0.0,2.0849141732546888,-0.4901174371158707,single_maturity_ea_slope
2023-01-01,DE,PEPP,398298.0,3971.0,2.1923446237781294,-0.4633734995520113,single_maturity_ea_slope
2023-02-01,DE,PEPP,396566.0,0.0,2.3702703536016347,-0.4633734995520113,single_maturity_ea_slope
2023-03-01,DE,PEPP,398925.0,2359.0,2.3839087514055035,-0.446536402779413,single_maturity_ea_slope
2023-04-01,DE,PEPP,395424.0,0.0,2.3617400919688043,-0.446536402779413,single_maturity_ea_slope
2023-05-01,DE,PEPP,396450.0,1026.0,2.344477244064944,-0.4393133481655592,single_maturity_ea_slope
2023-06-01,DE,PEPP,394594.0,0.0,2.378955623339068,-0.4393133481655592,single_maturity_ea_slope
2023-07-01,DE,PEPP,397585.0,2991.0,2.4570343416783667,-0.4175243572822936,single_maturity_ea_slope
2023-08-01,DE,PEPP,396097.0,0.0,2.544781854057261,-0.4175243572822936,single_maturity_ea_slope
2023-09-01,DE,PEPP,393314.0,0.0,2.6597758976085717,-0.4175243572822936,single_maturity_ea_slope
2023-10-01,DE,PEPP,394733.0,1419.0,2.822151286169053,-0.4058782579238475,single_maturity_ea_slope
2023-11-01,DE,PEPP,394134.0,0.0,2.5993066569490377,-0.4058782579238475,single_maturity_ea_slope
2023-12-01,DE,PEPP,392471.0,0.0,2.095949989382947,-0.4058782579238475,single_maturity_ea_slope
2024-01-01,DE,PEPP,393503.0,1032.0,2.169457102390598,-0.3991241897417892,single_maturity_ea_slope
2024-02-01,DE,PEPP,392767.0,0.0,2.32954217246946,-0.3991241897417892,single_maturity_ea_slope
2024-03-01,DE,PEPP,393194.0,427.0,2.3491427896575803,-0.39613963249980805,single_maturity_ea_slope
2024-04-01,DE,PEPP,391541.0,0.0,2.448738162328748,-0.39613963249980805,single_maturity_ea_slope
2024-05-01,DE,PEPP,391741.0,200.0,2.5214786593254543,-0.3946500675618387,single_maturity_ea_slope
2024-06-01,DE,PEPP,388901.0,0.0,2.48894469712621,-0.3946500675618387,single_maturity_ea_slope
2024-07-01,DE,PEPP,389569.0,668.0,2.4611545096549565,-0.3897531752075168,single_maturity_ea_slope
2024-08-01,DE,PEPP,385585.0,0.0,2.2108538136192,-0.3897531752075168,single_maturity_ea_slope
2024-09-01,DE,PEPP,383098.0,0.0,2.1684003865765904,-0.3897531752075168,single_maturity_ea_slope
2024-10-01,DE,PEPP,379887.0,0.0,2.2304470445582307,-0.3897531752075168,single_maturity_ea_slope
2024-11-01,DE,PEPP,380466.0,579.0,2.302021647023413,-0.3856567838819537,single_maturity_ea_slope
2024-12-01,DE,PEPP,378478.0,0.0,2.1717856432762455,-0.3856567838819537,single_maturity_ea_slope
2025-01-01,DE,PEPP,373994.0,0.0,2.4771362177610983,-0.3856567838819537,single_maturity_ea_slope
2025-02-01,DE,PEPP,365453.0,0.0,2.4056679190396797,-0.3856567838819537,single_maturity_ea_slope
2025-03-01,DE,PEPP,359018.0,0.0,2.7451220454372858,-0.3856567838819537,single_maturity_ea_slope
2025-04-01,DE,PEPP,352384.0,0.0,2.5206257153241403,-0.3856567838819537,single_maturity_ea_slope
2025-05-01,DE,PEPP,350919.0,0.0,2.568214834504895,-0.3856567838819537,single_maturity_ea_slope
2025-06-01,DE,PEPP,345933.0,0.0,2.5277584612885335,-0.3856567838819537,single_maturity_ea_slope
2025-07-01,DE,PEPP,345515.0,0.0,2.632201744140852,-0.3856567838819537,single_maturity_ea_slope
2025-08-01,DE,PEPP,339694.0,0.0,2.680165335441,-0.3856567838819537,single_maturity_ea_slope
2025-09-01,DE,PEPP,336392.0,0.0,2.698440130441891,-0.3856567838819537,single_maturity_ea_slope
2025-10-01,DE,PEPP,331738.0,0.0,2.624239003786348,-0.3856567838819537,single_maturity_ea_slope
2025-11-01,DE,PEPP,330957.0,0.0,2.657329998640425,-0.3856567838819537,single_maturity_ea_slope
2025-12-01,DE,PEPP,329425.0,0.0,2.8064279091833333,-0.3856567838819537,single_maturity_ea_slope
2026-01-01,DE,PEPP,328769.0,0.0,2.790251482654722,-0.3856567838819537,single_maturity_ea_slope
2026-02-01,DE,PEPP,322925.0,0.0,2.735760699880417,-0.3856567838819537,single_maturity_ea_slope
2026-03-01,DE,PEPP,319274.0,0.0,2.903293683173841,-0.3856567838819537,single_maturity_ea_slope
2026-04-01,DE,PEPP,309778.0,0.0,3.00527594615464,-0.3856567838819537,single_maturity_ea_slope
2026-05-01,DE,PEPP,308194.0,0.0,3.0460920255644397,-0.3856567838819537,single_maturity_ea_slope
2026-06-01,DE,PEPP,306145.0,0.0,2.9622477385699244,-0.3856567838819537,single_maturity_ea_slope
2026-07-01,DE,PEPP,305620.0,0.0,3.0609686892236523,-0.3856567838819537,single_maturity_ea_slope
2026-08-01,DE,PEPP,299922.0,0.0,3.1811447994586746,-0.3856567838819537,single_maturity_ea_slope
2015-03-01,DE,PSPP,9840.0,9840.0,0.337136345951626,0.337136345951626,single_maturity_ea_slope
2015-04-01,DE,PSPP,19749.333333333332,9909.333333333332,0.19835350432184712,0.26750131496374346,single_maturity_ea_slope
2015-05-01,DE,PSPP,30544.0,10794.666666666668,0.6005093443473738,0.3851908996455084,single_maturity_ea_slope
2015-06-01,DE,PSPP,41184.0,10640.0,0.8118066828957756,0.49540826400503746,single_maturity_ea_slope
2015-07-01,DE,PSPP,51828.44444444444,10644.444444444438,0.7419584083975587,0.5460443450776435,single_maturity_ea_slope
2015-08-01,DE,PSPP,60651.555555555555,8823.111111111117,0.6646507774501087,0.5632982756937545,single_maturity_ea_slope
2015-09-01,DE,PSPP,71185.77777777778,10534.222222222226,0.690289015316502,0.5820906344079693,single_maturity_ea_slope
2015-10-01,DE,PSPP,82025.77777777777,10839.999999999985,0.5566744939428895,0.5787318005132408,single_maturity_ea_slope
2015-11-01,DE,PSPP,93495.11111111111,11469.333333333343,0.5645351257230712,0.5769902506775506,single_maturity_ea_slope
2015-12-01,DE,PSPP,102777.77777777777,9282.666666666657,0.5925830951590101,0.5783985626768576,single_maturity_ea_slope
2016-01-01,DE,PSPP,113752.88888888888,10975.11111111111,0.47232707745778163,0.5681645690845099,single_maturity_ea_slope
2016-02-01,DE,PSPP,124810.66666666666,11057.777777777781,0.20315831108540358,0.5358263227130539,single_maturity_ea_slope
2016-03-01,DE,PSPP,135842.66666666666,11032.0,0.21212212954357498,0.5095377879936307,single_maturity_ea_slope
2016-04-01,DE,PSPP,152718.22222222222,16875.555555555562,0.18446917101378885,0.4736172971354501,single_maturity_ea_slope
2016-05-01,DE,PSPP,170116.44444444444,17398.22222222222,0.20292678452069102,0.44593312052748646,single_maturity_ea_slope
2016-06-01,DE,PSPP,185128.0,15011.555555555562,0.05158931568593815,0.4139567909913382,single_maturity_ea_slope
2016-07-01,DE,PSPP,200458.66666666666,15330.666666666657,-0.06832670280106144,0.3770727410018141,single_maturity_ea_slope
2016-08-01,DE,PSPP,211452.44444444444,10993.777777777781,-0.039814500258767274,0.3553980533392942,single_maturity_ea_slope
2016-09-01,DE,PSPP,226730.66666666666,15278.222222222219,0.02567493407114506,0.33317969548746823,single_maturity_ea_slope
2016-10-01,DE,PSPP,242744.88888888888,16014.222222222219,0.13607839503932032,0.3201766450829326,single_maturity_ea_slope
2016-11-01,DE,PSPP,258113.77777777775,15368.888888888876,0.3354442773594776,0.3210857269075249,single_maturity_ea_slope
2016-12-01,DE,PSPP,270174.2222222222,12060.444444444438,0.4221350400720163,0.3255965185646476,single_maturity_ea_slope
2017-01-01,DE,PSPP,285919.1111111111,15744.888888888934,0.4330513465597302,0.3315138016758831,single_maturity_ea_slope
2017-02-01,DE,PSPP,300994.6666666666,15075.555555555504,0.4190122580157631,0.3358962309534026,single_maturity_ea_slope
2017-03-01,DE,PSPP,316085.3333333333,15090.666666666686,0.4743852320478839,0.34250802571931954,single_maturity_ea_slope
2017-04-01,DE,PSPP,327187.55555555556,11102.222222222248,0.31633894511200833,0.3416200489508868,single_maturity_ea_slope
2017-05-01,DE,PSPP,337782.2222222222,10594.666666666628,0.41757017201453855,0.34400225317660926,single_maturity_ea_slope
2017-06-01,DE,PSPP,348352.8888888889,10570.666666666686,0.31061099108480844,0.3429890050813299,single_maturity_ea_slope
2017-07-01,DE,PSPP,359169.77777777775,10816.888888888876,0.501523836484425,0.3477634982664637,single_maturity_ea_slope
2017-08-01,DE,PSPP,367883.55555555556,8713.77777777781,0.37747430234029944,0.3484672354691433,single_maturity_ea_slope
2017-09-01,DE,PSPP,378262.2222222222,10378.666666666628,0.3669519628277814,0.34897441491347814,single_maturity_ea_slope
2017-10-01,DE,PSPP,388529.77777777775,10267.555555555562,0.3793683599819817,0.34977762624345204,single_maturity_ea_slope
2017-11-01,DE,PSPP,398807.11111111107,10277.333333333314,0.30862702835317446,0.34871716769193306,single_maturity_ea_slope
2017-12-01,DE,PSPP,408282.6666666666,9475.555555555562,0.2797542197975436,0.34711665339779657,single_maturity_ea_slope
2018-01-01,DE,PSPP,412569.77777777775,4287.111111111124,0.4360008176943362,0.34804026998069315,single_maturity_ea_slope
2018-02-01,DE,PSPP,417083.5555555555,4513.777777777752,0.6227151914324447,0.35101286753350325,single_maturity_ea_slope
2018-03-01,DE,PSPP,421319.11111111107,4235.555555555562,0.48539379162126806,0.35236380997729505,single_maturity_ea_slope
2018-04-01,DE,PSPP,425512.8888888889,4193.77777777781,0.4428295680718426,0.3532554240643264,single_maturity_ea_slope
2018-05-01,DE,PSPP,431640.0,6127.111111111124,0.3975551688093318,0.35388425702291804,single_maturity_ea_slope
2018-06-01,DE,PSPP,436963.5555555555,5323.555555555504,0.28431839548382515,0.35303673158523574,single_maturity_ea_slope
2018-07-01,DE,PSPP,442604.44444444444,5640.888888888934,0.24212043125656174,0.3516231295892006,single_maturity_ea_slope
2018-08-01,DE,PSPP,447424.0,4819.555555555562,0.23939191189911235,0.3504141989356706,single_maturity_ea_slope
2018-09-01,DE,PSPP,453040.0,5616.0,0.3184364762566513,0.350017794886215,single_maturity_ea_slope
2018-10-01,DE,PSPP,455595.5555555555,2555.555555555504,0.3533364780001967,0.3500364102545293,single_maturity_ea_slope
2018-11-01,DE,PSPP,457821.3333333333,2225.77777777781,0.25120513685363405,0.3495559248859608,single_maturity_ea_slope
2018-12-01,DE,PSPP,460939.5555555555,3118.22222222219,0.13611307538591555,0.3481119996934629,single_maturity_ea_slope
2019-01-01,DE,PSPP,459606.2222222222,0.0,0.07987491892568921,0.3481119996934629,single_maturity_ea_slope
2019-02-01,DE,PSPP,458093.3333333333,0.0,0.01448441873303831,0.3481119996934629,single_maturity_ea_slope
2019-03-01,DE,PSPP,454637.3333333333,0.0,-0.02745700542787017,0.3481119996934629,single_maturity_ea_slope
2019-04-01,DE,PSPP,456578.6666666666,1941.333333333314,-0.07430527032505876,0.34631591768891035,single_maturity_ea_slope
2019-05-01,DE,PSPP,460893.3333333333,4314.666666666686,-0.17258885858594106,0.3414581751714068,single_maturity_ea_slope
2019-06-01,DE,PSPP,459898.6666666666,0.0,-0.34714064601765665,0.3414581751714068,single_maturity_ea_slope
2019-07-01,DE,PSPP,460271.11111111107,372.444444444438,-0.42184215777227047,0.34084052404887344,single_maturity_ea_slope
2019-08-01,DE,PSPP,461453.3333333333,1182.222222222248,-0.6798409734154508,0.3382255849836446,single_maturity_ea_slope
2019-09-01,DE,PSPP,460539.5555555555,0.0,-0.6192895715554435,0.3382255849836446,single_maturity_ea_slope
2019-10-01,DE,PSPP,462907.5555555555,2368.0,-0.4954317094562501,0.33396101757803276,single_maturity_ea_slope
2019-11-01,DE,PSPP,467914.6666666666,5007.111111111124,-0.3807610138899426,0.32631284392574456,single_maturity_ea_slope
2019-12-01,DE,PSPP,469184.8888888889,1270.222222222248,-0.3336198333615869,0.3245262110402607,single_maturity_ea_slope
2020-01-01,DE,PSPP,469592.0,407.11111111112405,-0.3346177676464068,0.3239547685166544,single_maturity_ea_slope
2020-02-01,DE,PSPP,472259.5555555555,2667.555555555504,-0.49671076750153154,0.3193192436572729,single_maturity_ea_slope
2020-03-01,DE,PSPP,474078.2222222222,1818.666666666686,-0.564242782230892,0.31592970849389207,single_maturity_ea_slope
2020-04-01,DE,PSPP,474636.44444444444,558.2222222222481,-0.4653733078941172,0.3150108142304152,single_maturity_ea_slope
2020-05-01,DE,PSPP,480521.77777777775,5885.333333333314,-0.5377343915368642,0.3045665638000772,single_maturity_ea_slope
2020-06-01,DE,PSPP,480822.2222222222,300.444444444438,-0.4539618604563475,0.3040925930880586,single_maturity_ea_slope
2020-07-01,DE,PSPP,486000.8888888889,5178.666666666686,-0.5375615584827746,0.2951242014672812,single_maturity_ea_slope
2020-08-01,DE,PSPP,489745.77777777775,3744.888888888876,-0.5408191467029848,0.28873207906755755,single_maturity_ea_slope
2020-09-01,DE,PSPP,493245.3333333333,3499.555555555562,-0.5358455319071012,0.28288173449364756,single_maturity_ea_slope
2020-10-01,DE,PSPP,499653.3333333333,6408.0,-0.615239016905685,0.2713634329212902,single_maturity_ea_slope
2020-11-01,DE,PSPP,511333.3333333333,11680.0,-0.6238449305435934,0.2509148663920793,single_maturity_ea_slope
2020-12-01,DE,PSPP,515836.44444444444,4503.111111111124,-0.6270288254556494,0.24325065802474047,single_maturity_ea_slope
2021-01-01,DE,PSPP,515610.6666666666,0.0,-0.5872161623493427,0.24325065802474047,single_maturity_ea_slope
2021-02-01,DE,PSPP,522919.11111111107,7308.444444444438,-0.4549932797704737,0.23349183123945946,single_maturity_ea_slope
2021-03-01,DE,PSPP,527188.4444444444,4269.333333333314,-0.3737114455540793,0.22857451331065753,single_maturity_ea_slope
2021-04-01,DE,PSPP,532521.7777777778,5333.333333333372,-0.3300584835131472,0.2229796698556287,single_maturity_ea_slope
2021-05-01,DE,PSPP,538255.1111111111,5733.333333333372,-0.22856943188842743,0.21816990314236562,single_maturity_ea_slope
2021-06-01,DE,PSPP,541812.4444444444,3557.3333333332557,-0.28874367600588946,0.2148417024140262,single_maturity_ea_slope
2021-07-01,DE,PSPP,545909.3333333333,4096.888888888876,-0.44675995154257897,0.209876576706402,single_maturity_ea_slope
2021-08-01,DE,PSPP,549414.2222222222,3504.8888888889924,-0.5404664480362735,0.20508989877942937,single_maturity_ea_slope
2021-09-01,DE,PSPP,550971.5555555555,1557.3333333332557,-0.35910304292153633,0.20349519490464166,single_maturity_ea_slope
2021-10-01,DE,PSPP,554195.5555555555,3224.0,-0.19989706686044884,0.20114848418332068,single_maturity_ea_slope
2021-11-01,DE,PSPP,562005.3333333333,7809.777777777752,-0.3102995791619488,0.19404126387295348,single_maturity_ea_slope
2021-12-01,DE,PSPP,564360.8888888889,2355.5555555556202,-0.38240286775189597,0.19163527472053424,single_maturity_ea_slope
2022-01-01,DE,PSPP,566144.0,1783.111111111124,-0.11214475363809362,0.19067849774524187,single_maturity_ea_slope
2022-02-01,DE,PSPP,569517.3333333333,3373.3333333332557,0.15009614278090438,0.19043812260170564,single_maturity_ea_slope
2022-03-01,DE,PSPP,573316.4444444444,3799.111111111124,0.27954763973138586,0.19102861143193822,single_maturity_ea_slope
2022-04-01,DE,PSPP,583153.7777777778,9837.333333333372,0.7442172801726842,0.20036045757269907,single_maturity_ea_slope
2022-05-01,DE,PSPP,592509.3333333333,9355.555555555504,0.949775398909395,0.21219350850270774,single_maturity_ea_slope
2022-06-01,DE,PSPP,592650.6666666666,141.33333333337214,1.4444117923848336,0.21248736376559793,single_maturity_ea_slope
2022-07-01,DE,PSPP,589407.1111111111,0.0,1.0837390538731158,0.21248736376559793,single_maturity_ea_slope
2022-08-01,DE,PSPP,590478.2222222221,1071.1111111110076,1.0308188643430511,0.2139717944014001,single_maturity_ea_slope
2022-09-01,DE,PSPP,588816.8888888889,0.0,1.7971444891696058,0.2139717944014001,single_maturity_ea_slope
2022-10-01,DE,PSPP,591640.0,2823.111111111124,2.1879651554477286,0.2233910402110639,single_maturity_ea_slope
2022-11-01,DE,PSPP,594044.4444444444,2404.4444444443798,2.0661562755598912,0.2308497862257556,single_maturity_ea_slope
2022-12-01,DE,PSPP,591640.0,0.0,2.0849920161167153,0.2308497862257556,single_maturity_ea_slope
2023-01-01,DE,PSPP,594056.0,2416.0,2.191682938852715,0.2388244096564536,single_maturity_ea_slope
2023-02-01,DE,PSPP,591245.3333333333,0.0,2.370006758840041,0.2388244096564536,single_maturity_ea_slope
2023-03-01,DE,PSPP,588081.7777777778,0.0,2.383267279825148,0.2388244096564536,single_maturity_ea_slope
2023-04-01,DE,PSPP,579749.3333333333,0.0,2.360784245933175,0.2388244096564536,single_maturity_ea_slope
2023-05-01,DE,PSPP,577320.0,0.0,2.343863612759366,0.2388244096564536,single_maturity_ea_slope
2023-06-01,DE,PSPP,570393.7777777778,0.0,2.3793341310821132,0.2388244096564536,single_maturity_ea_slope
2023-07-01,DE,PSPP,569905.7777777778,0.0,2.4574464418187665,0.2388244096564536,single_maturity_ea_slope
2023-08-01,DE,PSPP,562519.1111111111,0.0,2.5462834635008695,0.2388244096564536,single_maturity_ea_slope
2023-09-01,DE,PSPP,555978.6666666666,0.0,2.6617209502868286,0.2388244096564536,single_maturity_ea_slope
2023-10-01,DE,PSPP,551072.8888888889,0.0,2.8248186682227407,0.2388244096564536,single_maturity_ea_slope
2023-11-01,DE,PSPP,548256.8888888889,0.0,2.6021457271404635,0.2388244096564536,single_maturity_ea_slope
2023-12-01,DE,PSPP,545721.7777777778,0.0,2.0982807635138947,0.2388244096564536,single_maturity_ea_slope
2024-01-01,DE,PSPP,540163.5555555555,0.0,2.1709030756800076,0.2388244096564536,single_maturity_ea_slope
2024-02-01,DE,PSPP,532980.4444444444,0.0,2.328995487145508,0.2388244096564536,single_maturity_ea_slope
2024-03-01,DE,PSPP,529318.2222222222,0.0,2.3462302832660002,0.2388244096564536,single_maturity_ea_slope
2024-04-01,DE,PSPP,519904.0,0.0,2.445181397082183,0.2388244096564536,single_maturity_ea_slope
2024-05-01,DE,PSPP,511823.11111111107,0.0,2.518974024611127,0.2388244096564536,single_maturity_ea_slope
2024-06-01,DE,PSPP,506376.0,0.0,2.48511654451237,0.2388244096564536,single_maturity_ea_slope
2024-07-01,DE,PSPP,503627.5555555555,0.0,2.456547156961739,0.2388244096564536,single_maturity_ea_slope
2024-08-01,DE,PSPP,496682.6666666666,0.0,2.2081783633512,0.2388244096564536,single_maturity_ea_slope
2024-09-01,DE,PSPP,493832.0,0.0,2.1620137776757775,0.2388244096564536,single_maturity_ea_slope
2024-10-01,DE,PSPP,485064.8888888889,0.0,2.228752936787148,0.2388244096564536,single_maturity_ea_slope
2024-11-01,DE,PSPP,483317.3333333333,0.0,2.301209368938889,0.2388244096564536,single_maturity_ea_slope
2024-12-01,DE,PSPP,481504.0,0.0,2.170164506739614,0.2388244096564536,single_maturity_ea_slope
2025-01-01,DE,PSPP,477505.77777777775,0.0,2.4726598380400757,0.2388244096564536,single_maturity_ea_slope
2025-02-01,DE,PSPP,466982.2222222222,0.0,2.4025993920359996,0.2388244096564536,single_maturity_ea_slope
2025-03-01,DE,PSPP,462533.3333333333,0.0,2.736548233623992,0.2388244096564536,single_maturity_ea_slope
2025-04-01,DE,PSPP,453842.6666666666,0.0,2.51282108127754,0.2388244096564536,single_maturity_ea_slope
2025-05-01,DE,PSPP,452419.5555555555,0.0,2.556525444842151,0.2388244096564536,single_maturity_ea_slope
2025-06-01,DE,PSPP,448729.77777777775,0.0,2.512038653447651,0.2388244096564536,single_maturity_ea_slope
2025-07-01,DE,PSPP,448359.11111111107,0.0,2.6105502724658187,0.2388244096564536,single_maturity_ea_slope
2025-08-01,DE,PSPP,439557.3333333333,0.0,2.6637756912152377,0.2388244096564536,single_maturity_ea_slope
2025-09-01,DE,PSPP,437458.6666666666,0.0,2.675127877258068,0.2388244096564536,single_maturity_ea_slope
2025-10-01,DE,PSPP,429853.3333333333,0.0,2.6073340606288404,0.2388244096564536,single_maturity_ea_slope
2025-11-01,DE,PSPP,428513.77777777775,0.0,2.63885874727595,0.2388244096564536,single_maturity_ea_slope
2025-12-01,DE,PSPP,428439.11111111107,0.0,2.7838950263833335,0.2388244096564536,single_maturity_ea_slope
2026-01-01,DE,PSPP,427283.5555555555,0.0,2.7687176746393654,0.2388244096564536,single_maturity_ea_slope
2026-02-01,DE,PSPP,418515.5555555555,0.0,2.7168587760766667,0.2388244096564536,single_maturity_ea_slope
2026-03-01,DE,PSPP,414468.44444444444,0.0,2.8867251357209773,0.2388244096564536,single_maturity_ea_slope
2026-04-01,DE,PSPP,400034.6666666666,0.0,2.9956687362565084,0.2388244096564536,single_maturity_ea_slope
2026-05-01,DE,PSPP,398969.77777777775,0.0,3.0341954884959583,0.2388244096564536,single_maturity_ea_slope
2026-06-01,DE,PSPP,396458.6666666666,0.0,2.9496314562733787,0.2388244096564536,single_maturity_ea_slope
2026-07-01,DE,PSPP,395325.3333333333,0.0,3.049505871699826,0.2388244096564536,single_maturity_ea_slope
2026-08-01,DE,PSPP,386953.77777777775,0.0,3.1727334528230555,0.2388244096564536,single_maturity_ea_slope
2020-03-01,EE,PEPP,0.0,0.0,,,missing
2020-04-01,EE,PEPP,0.0,0.0,,,missing
2020-05-01,EE,PEPP,0.0,0.0,,,missing
2020-06-01,EE,PEPP,73.0,73.0,0.26563200547005206,0.26563200547005206,single_maturity_ea_slope
2020-07-01,EE,PEPP,163.0,90.0,0.20452609742062622,0.23189254703785372,single_maturity_ea_slope
2020-08-01,EE,PEPP,185.0,22.0,0.15459396413877347,0.22270028312553067,single_maturity_ea_slope
2020-09-01,EE,PEPP,192.0,7.0,0.16178933704342036,0.2204795715496204,single_maturity_ea_slope
2020-10-01,EE,PEPP,192.0,0.0,0.05798890171731992,0.2204795715496204,single_maturity_ea_slope
2020-11-01,EE,PEPP,206.0,14.0,-0.009728062717787367,0.20483439252173832,single_maturity_ea_slope
2020-12-01,EE,PEPP,206.0,0.0,-0.05923971894152297,0.20483439252173832,single_maturity_ea_slope
2021-01-01,EE,PEPP,211.0,5.0,-0.065583402246922,0.1984263879063672,single_maturity_ea_slope
2021-02-01,EE,PEPP,249.0,38.0,0.042499915479337166,0.17463038006609755,single_maturity_ea_slope
2021-03-01,EE,PEPP,255.0,6.0,0.2186107629747545,0.17566521260512477,single_maturity_ea_slope
2021-04-01,EE,PEPP,257.0,2.0,0.2597893570378168,0.1763198752077138,single_maturity_ea_slope
2021-05-01,EE,PEPP,254.0,0.0,0.36221692513106424,0.1763198752077138,single_maturity_ea_slope
2021-06-01,EE,PEPP,254.0,0.0,0.31515578648177583,0.1763198752077138,single_maturity_ea_slope
2021-07-01,EE,PEPP,254.0,0.0,0.2539962988448503,0.1763198752077138,single_maturity_ea_slope
2021-08-01,EE,PEPP,254.0,0.0,0.16292188779009945,0.1763198752077138,single_maturity_ea_slope
2021-09-01,EE,PEPP,256.0,2.0,0.1778408091642143,0.17633175750424895,single_maturity_ea_slope
2021-10-01,EE,PEPP,256.0,0.0,0.30707178644136807,0.17633175750424895,single_maturity_ea_slope
2021-11-01,EE,PEPP,256.0,0.0,0.2950535248470618,0.17633175750424895,single_maturity_ea_slope
2021-12-01,EE,PEPP,256.0,0.0,0.18941858899784086,0.17633175750424895,single_maturity_ea_slope
2022-01-01,EE,PEPP,256.0,0.0,0.3863402711499178,0.17633175750424895,single_maturity_ea_slope
2022-02-01,EE,PEPP,256.0,0.0,0.8365331059577397,0.17633175750424895,single_maturity_ea_slope
2022-03-01,EE,PEPP,256.0,0.0,1.247640341097285,0.17633175750424895,single_maturity_ea_slope
2022-04-01,EE,PEPP,256.0,0.0,1.5216373373024155,0.17633175750424895,single_maturity_ea_slope
2022-05-01,EE,PEPP,256.0,0.0,1.9463426849000334,0.17633175750424895,single_maturity_ea_slope
2022-06-01,EE,PEPP,256.0,0.0,2.5201599374362975,0.17633175750424895,single_maturity_ea_slope
2022-07-01,EE,PEPP,256.0,0.0,2.722258128657539,0.17633175750424895,single_maturity_ea_slope
2022-08-01,EE,PEPP,256.0,0.0,2.4299595692406477,0.17633175750424895,single_maturity_ea_slope
2022-09-01,EE,PEPP,256.0,0.0,2.951959885941812,0.17633175750424895,single_maturity_ea_slope
2022-10-01,EE,PEPP,256.0,0.0,4.0952790450776,0.17633175750424895,single_maturity_ea_slope
2022-11-01,EE,PEPP,256.0,0.0,3.755782195715985,0.17633175750424895,single_maturity_ea_slope
2022-12-01,EE,PEPP,256.0,0.0,3.4595369347694827,0.17633175750424895,single_maturity_ea_slope
2023-01-01,EE,PEPP,256.0,0.0,3.793258261175042,0.17633175750424895,single_maturity_ea_slope
2023-02-01,EE,PEPP,256.0,0.0,3.8312436265675203,0.17633175750424895,single_maturity_ea_slope
2023-03-01,EE,PEPP,256.0,0.0,3.964276477202369,0.17633175750424895,single_maturity_ea_slope
2023-04-01,EE,PEPP,256.0,0.0,3.898475168182581,0.17633175750424895,single_maturity_ea_slope
2023-05-01,EE,PEPP,256.0,0.0,3.951147635384674,0.17633175750424895,single_maturity_ea_slope
2023-06-01,EE,PEPP,256.0,0.0,3.9453621930264773,0.17633175750424895,single_maturity_ea_slope
2023-07-01,EE,PEPP,256.0,0.0,4.091991817345267,0.17633175750424895,single_maturity_ea_slope
2023-08-01,EE,PEPP,256.0,0.0,4.152727359939348,0.17633175750424895,single_maturity_ea_slope
2023-09-01,EE,PEPP,256.0,0.0,4.2506340343161995,0.17633175750424895,single_maturity_ea_slope
2023-10-01,EE,PEPP,256.0,0.0,4.08711437297478,0.17633175750424895,single_maturity_ea_slope
2023-11-01,EE,PEPP,256.0,0.0,3.663504290288856,0.17633175750424895,single_maturity_ea_slope
2023-12-01,EE,PEPP,256.0,0.0,3.1967922799246318,0.17633175750424895,single_maturity_ea_slope
2024-01-01,EE,PEPP,256.0,0.0,3.287828409562394,0.17633175750424895,single_maturity_ea_slope
2024-02-01,EE,PEPP,256.0,0.0,3.468861500807175,0.17633175750424895,single_maturity_ea_slope
2024-03-01,EE,PEPP,256.0,0.0,3.4701965253519003,0.17633175750424895,single_maturity_ea_slope
2024-04-01,EE,PEPP,256.0,0.0,3.6126586625448973,0.17633175750424895,single_maturity_ea_slope
2024-05-01,EE,PEPP,256.0,0.0,3.685072451377409,0.17633175750424895,single_maturity_ea_slope
2024-06-01,EE,PEPP,256.0,0.0,3.7388798423612166,0.17633175750424895,single_maturity_ea_slope
2024-07-01,EE,PEPP,256.0,0.0,3.7560514980926083,0.17633175750424895,single_maturity_ea_slope
2024-08-01,EE,PEPP,256.0,0.0,3.4909360416011364,0.17633175750424895,single_maturity_ea_slope
2024-09-01,EE,PEPP,256.0,0.0,3.3565740613573496,0.17633175750424895,single_maturity_ea_slope
2024-10-01,EE,PEPP,256.0,0.0,3.3145806912200872,0.17633175750424895,single_maturity_ea_slope
2024-11-01,EE,PEPP,256.0,0.0,3.4168587796412693,0.17633175750424895,single_maturity_ea_slope
2024-12-01,EE,PEPP,256.0,0.0,3.33057029241993,0.17633175750424895,single_maturity_ea_slope
2025-01-01,EE,PEPP,256.0,0.0,3.38301727662394,0.17633175750424895,single_maturity_ea_slope
2025-02-01,EE,PEPP,256.0,0.0,3.125168385872,0.17633175750424895,single_maturity_ea_slope
2025-03-01,EE,PEPP,256.0,0.0,3.3307152268571345,0.17633175750424895,single_maturity_ea_slope
2025-04-01,EE,PEPP,256.0,0.0,3.1811687053553586,0.17633175750424895,single_maturity_ea_slope
2025-05-01,EE,PEPP,256.0,0.0,3.0756357652269126,0.17633175750424895,single_maturity_ea_slope
2025-06-01,EE,PEPP,256.0,0.0,2.9574130874048894,0.17633175750424895,single_maturity_ea_slope
2025-07-01,EE,PEPP,256.0,0.0,2.9596645774749706,0.17633175750424895,single_maturity_ea_slope
2025-08-01,EE,PEPP,256.0,0.0,2.929118415073524,0.17633175750424895,single_maturity_ea_slope
2025-09-01,EE,PEPP,256.0,0.0,2.9671951775438403,0.17633175750424895,single_maturity_ea_slope
2025-10-01,EE,PEPP,256.0,0.0,2.9409293583695653,0.17633175750424895,single_maturity_ea_slope
2025-11-01,EE,PEPP,256.0,0.0,2.991760391375175,0.17633175750424895,single_maturity_ea_slope
2025-12-01,EE,PEPP,256.0,0.0,3.061174180893809,0.17633175750424895,single_maturity_ea_slope
2026-01-01,EE,PEPP,256.0,0.0,2.9214034762585714,0.17633175750424895,single_maturity_ea_slope
2026-02-01,EE,PEPP,256.0,0.0,2.7551539263395495,0.17633175750424895,single_maturity_ea_slope
2026-03-01,EE,PEPP,256.0,0.0,2.9834756563825913,0.17633175750424895,single_maturity_ea_slope
2026-04-01,EE,PEPP,256.0,0.0,3.095846220594625,0.17633175750424895,single_maturity_ea_slope
2026-05-01,EE,PEPP,256.0,0.0,3.1158355618643374,0.17633175750424895,single_maturity_ea_slope
2026-06-01,EE,PEPP,256.0,0.0,3.3162444162592615,0.17633175750424895,single_maturity_ea_slope
2026-07-01,EE,PEPP,256.0,0.0,3.460850971446218,0.17633175750424895,single_maturity_ea_slope
2026-08-01,EE,PEPP,256.0,0.0,3.5301297467956907,0.17633175750424895,single_maturity_ea_slope
2015-03-01,EE,PSPP,0.0,0.0,,,missing
2015-04-01,EE,PSPP,0.0,0.0,,,missing
2015-05-01,EE,PSPP,0.0,0.0,,,missing
2015-06-01,EE,PSPP,4.444444444444445,4.444444444444445,,,missing
2015-07-01,EE,PSPP,17.77777777777778,13.333333333333334,,,missing
2015-08-01,EE,PSPP,26.666666666666664,8.888888888888886,,,missing
2015-09-01,EE,PSPP,33.77777777777778,7.111111111111114,,,missing
2015-10-01,EE,PSPP,36.44444444444444,2.6666666666666643,,,missing
2015-11-01,EE,PSPP,42.666666666666664,6.222222222222221,,,missing
2015-12-01,EE,PSPP,42.666666666666664,0.0,,,missing
2016-01-01,EE,PSPP,48.0,5.333333333333336,,,missing
2016-02-01,EE,PSPP,54.22222222222222,6.222222222222221,,,missing
2016-03-01,EE,PSPP,54.22222222222222,0.0,,,missing
2016-04-01,EE,PSPP,58.666666666666664,4.444444444444443,,,missing
2016-05-01,EE,PSPP,58.666666666666664,0.0,,,missing
2016-06-01,EE,PSPP,58.666666666666664,0.0,,,missing
2016-07-01,EE,PSPP,58.666666666666664,0.0,,,missing
2016-08-01,EE,PSPP,58.666666666666664,0.0,,,missing
2016-09-01,EE,PSPP,58.666666666666664,0.0,,,missing
2016-10-01,EE,PSPP,58.666666666666664,0.0,,,missing
2016-11-01,EE,PSPP,58.666666666666664,0.0,,,missing
2016-12-01,EE,PSPP,58.666666666666664,0.0,,,missing
2017-01-01,EE,PSPP,58.666666666666664,0.0,,,missing
2017-02-01,EE,PSPP,58.666666666666664,0.0,,,missing
2017-03-01,EE,PSPP,58.666666666666664,0.0,,,missing
2017-04-01,EE,PSPP,58.666666666666664,0.0,,,missing
2017-05-01,EE,PSPP,58.666666666666664,0.0,,,missing
2017-06-01,EE,PSPP,58.666666666666664,0.0,,,missing
2017-07-01,EE,PSPP,58.666666666666664,0.0,,,missing
2017-08-01,EE,PSPP,58.666666666666664,0.0,,,missing
2017-09-01,EE,PSPP,58.666666666666664,0.0,,,missing
2017-10-01,EE,PSPP,58.666666666666664,0.0,,,missing
2017-11-01,EE,PSPP,58.666666666666664,0.0,,,missing
2017-12-01,EE,PSPP,58.666666666666664,0.0,,,missing
2018-01-01,EE,PSPP,58.666666666666664,0.0,,,missing
2018-02-01,EE,PSPP,58.666666666666664,0.0,,,missing
2018-03-01,EE,PSPP,58.666666666666664,0.0,,,missing
2018-04-01,EE,PSPP,58.666666666666664,0.0,,,missing
2018-05-01,EE,PSPP,58.666666666666664,0.0,,,missing
2018-06-01,EE,PSPP,58.666666666666664,0.0,,,missing
2018-07-01,EE,PSPP,7.111111111111111,0.0,,,missing
2018-08-01,EE,PSPP,7.111111111111111,0.0,,,missing
2018-09-01,EE,PSPP,7.111111111111111,0.0,,,missing
2018-10-01,EE,PSPP,7.111111111111111,0.0,,,missing
2018-11-01,EE,PSPP,7.111111111111111,0.0,,,missing
2018-12-01,EE,PSPP,7.111111111111111,0.0,,,missing
2019-01-01,EE,PSPP,7.111111111111111,0.0,,,missing
2019-02-01,EE,PSPP,7.111111111111111,0.0,,,missing
2019-03-01,EE,PSPP,7.111111111111111,0.0,,,missing
2019-04-01,EE,PSPP,7.111111111111111,0.0,,,missing
2019-05-01,EE,PSPP,7.111111111111111,0.0,,,missing
2019-06-01,EE,PSPP,7.111111111111111,0.0,,,missing
2019-07-01,EE,PSPP,7.111111111111111,0.0,,,missing
2019-08-01,EE,PSPP,7.111111111111111,0.0,,,missing
2019-09-01,EE,PSPP,7.111111111111111,0.0,,,missing
2019-10-01,EE,PSPP,7.111111111111111,0.0,,,missing
2019-11-01,EE,PSPP,7.111111111111111,0.0,,,missing
2019-12-01,EE,PSPP,7.111111111111111,0.0,,,missing
2020-01-01,EE,PSPP,7.111111111111111,0.0,,,missing
2020-02-01,EE,PSPP,7.111111111111111,0.0,,,missing
2020-03-01,EE,PSPP,7.111111111111111,0.0,,,missing
2020-04-01,EE,PSPP,7.111111111111111,0.0,,,missing
2020-05-01,EE,PSPP,7.111111111111111,0.0,,,missing
2020-06-01,EE,PSPP,96.0,88.88888888888889,0.34224693339605106,0.34224693339605106,single_maturity_ea_slope
2020-07-01,EE,PSPP,131.55555555555554,35.55555555555554,0.23738734345437956,0.31390650368208584,single_maturity_ea_slope
2020-08-01,EE,PSPP,164.44444444444443,32.888888888888886,0.18358033241479355,0.2878412694286274,single_maturity_ea_slope
2020-09-01,EE,PSPP,199.1111111111111,34.66666666666666,0.1897296719300029,0.2707593395069919,single_maturity_ea_slope
2020-10-01,EE,PSPP,200.0,0.8888888888889142,0.08487713155127664,0.269933196360522,single_maturity_ea_slope
2020-11-01,EE,PSPP,233.77777777777777,33.77777777777777,0.014023174466262334,0.2329576038434807,single_maturity_ea_slope
2020-12-01,EE,PSPP,250.66666666666666,16.888888888888886,-0.03646778022763869,0.21480482973939816,single_maturity_ea_slope
2021-01-01,EE,PSPP,269.3333333333333,18.666666666666657,-0.041289037005196705,0.19705574986601043,single_maturity_ea_slope
2021-02-01,EE,PSPP,288.0,18.666666666666686,0.06765220465943576,0.18866848304706577,single_maturity_ea_slope
2021-03-01,EE,PSPP,312.0,24.0,0.24666925665930534,0.19313008101723803,single_maturity_ea_slope
2021-04-01,EE,PSPP,330.66666666666663,18.66666666666663,0.28912895793395144,0.19854937245608476,single_maturity_ea_slope
2021-05-01,EE,PSPP,344.88888888888886,14.222222222222229,0.36307256797364984,0.2053338341269122,single_maturity_ea_slope
2021-06-01,EE,PSPP,353.77777777777777,8.888888888888914,0.31515578648177583,0.20809317966346658,single_maturity_ea_slope
2021-07-01,EE,PSPP,353.77777777777777,0.0,0.2539962988448503,0.20809317966346658,single_maturity_ea_slope
2021-08-01,EE,PSPP,355.55555555555554,1.7777777777777715,0.16292188779009945,0.20786732320409973,single_maturity_ea_slope
2021-09-01,EE,PSPP,359.1111111111111,3.555555555555543,0.1778408091642143,0.20757003098588303,single_maturity_ea_slope
2021-10-01,EE,PSPP,361.77777777777777,2.6666666666666856,0.30707178644136807,0.20830345915877357,single_maturity_ea_slope
2021-11-01,EE,PSPP,363.55555555555554,1.7777777777777715,0.2950535248470618,0.20872766485896083,single_maturity_ea_slope
2021-12-01,EE,PSPP,363.55555555555554,0.0,0.18941858899784086,0.20872766485896083,single_maturity_ea_slope
2022-01-01,EE,PSPP,367.1111111111111,3.555555555555543,0.3863402711499178,0.21044788380608873,single_maturity_ea_slope
2022-02-01,EE,PSPP,368.88888888888886,1.7777777777777715,0.8365331059577397,0.21346516198513282,single_maturity_ea_slope
2022-03-01,EE,PSPP,368.88888888888886,0.0,1.247640341097285,0.21346516198513282,single_maturity_ea_slope
2022-04-01,EE,PSPP,382.22222222222223,13.333333333333371,1.5216373373024155,0.25909907507759633,single_maturity_ea_slope
2022-05-01,EE,PSPP,390.22222222222223,8.0,1.9463426849000334,0.2936894907687169,single_maturity_ea_slope
2022-06-01,EE,PSPP,396.4444444444444,6.222222222222172,2.5201599374362975,0.32863409419175044,single_maturity_ea_slope
2022-07-01,EE,PSPP,396.4444444444444,0.0,2.722258128657539,0.32863409419175044,single_maturity_ea_slope
2022-08-01,EE,PSPP,396.4444444444444,0.0,2.4299595692406477,0.32863409419175044,single_maturity_ea_slope
2022-09-01,EE,PSPP,397.3333333333333,0.8888888888889142,2.951959885941812,0.33450283198090064,single_maturity_ea_slope
2022-10-01,EE,PSPP,434.66666666666663,37.333333333333314,4.100906535677913,0.6579976286174537,single_maturity_ea_slope
2022-11-01,EE,PSPP,473.77777777777777,39.11111111111114,3.758327254834218,0.9139347835021399,single_maturity_ea_slope
2022-12-01,EE,PSPP,502.2222222222222,28.4444444444444,3.4592435270587667,1.058093862783223,single_maturity_ea_slope
2023-01-01,EE,PSPP,520.8888888888889,18.666666666666742,3.7957489512078864,1.1562009563957112,single_maturity_ea_slope
2023-02-01,EE,PSPP,538.6666666666666,17.777777777777715,3.8322777290937733,1.2445203218312906,single_maturity_ea_slope
2023-03-01,EE,PSPP,538.6666666666666,0.0,3.96828567457959,1.2445203218312906,single_maturity_ea_slope
2023-04-01,EE,PSPP,538.6666666666666,0.0,3.9082247977460014,1.2445203218312906,single_maturity_ea_slope
2023-05-01,EE,PSPP,538.6666666666666,0.0,3.966795233676923,1.2445203218312906,single_maturity_ea_slope
2023-06-01,EE,PSPP,538.6666666666666,0.0,3.955014140474136,1.2445203218312906,single_maturity_ea_slope
2023-07-01,EE,PSPP,538.6666666666666,0.0,4.097246094135366,1.2445203218312906,single_maturity_ea_slope
2023-08-01,EE,PSPP,538.6666666666666,0.0,4.165000479666413,1.2445203218312906,single_maturity_ea_slope
2023-09-01,EE,PSPP,538.6666666666666,0.0,4.264492212941715,1.2445203218312906,single_maturity_ea_slope
2023-10-01,EE,PSPP,538.6666666666666,0.0,4.109026067560982,1.2445203218312906,single_maturity_ea_slope
2023-11-01,EE,PSPP,538.6666666666666,0.0,3.6863214397319273,1.2445203218312906,single_maturity_ea_slope
2023-12-01,EE,PSPP,538.6666666666666,0.0,3.2243371225772894,1.2445203218312906,single_maturity_ea_slope
2024-01-01,EE,PSPP,538.6666666666666,0.0,3.320964371643341,1.2445203218312906,single_maturity_ea_slope
2024-02-01,EE,PSPP,538.6666666666666,0.0,3.495493756896581,1.2445203218312906,single_maturity_ea_slope
2024-03-01,EE,PSPP,538.6666666666666,0.0,3.4914278965758,1.2445203218312906,single_maturity_ea_slope
2024-04-01,EE,PSPP,538.6666666666666,0.0,3.637707911830111,1.2445203218312906,single_maturity_ea_slope
2024-05-01,EE,PSPP,538.6666666666666,0.0,3.7050405924206364,1.2445203218312906,single_maturity_ea_slope
2024-06-01,EE,PSPP,538.6666666666666,0.0,3.7607210539150415,1.2445203218312906,single_maturity_ea_slope
2024-07-01,EE,PSPP,538.6666666666666,0.0,3.7838371211993476,1.2445203218312906,single_maturity_ea_slope
2024-08-01,EE,PSPP,538.6666666666666,0.0,3.530988002605682,1.2445203218312906,single_maturity_ea_slope
2024-09-01,EE,PSPP,538.6666666666666,0.0,3.400137776757778,1.2445203218312906,single_maturity_ea_slope
2024-10-01,EE,PSPP,538.6666666666666,0.0,3.360634805552348,1.2445203218312906,single_maturity_ea_slope
2024-11-01,EE,PSPP,538.6666666666666,0.0,3.4582849619519838,1.2445203218312906,single_maturity_ea_slope
2024-12-01,EE,PSPP,538.6666666666666,0.0,3.371909274104035,1.2445203218312906,single_maturity_ea_slope
2025-01-01,EE,PSPP,538.6666666666666,0.0,3.4277810738341667,1.2445203218312906,single_maturity_ea_slope
2025-02-01,EE,PSPP,538.6666666666666,0.0,3.1710800131835,1.2445203218312906,single_maturity_ea_slope
2025-03-01,EE,PSPP,538.6666666666666,0.0,3.3926352500870633,1.2445203218312906,single_maturity_ea_slope
2025-04-01,EE,PSPP,538.6666666666666,0.0,3.2561391295108835,1.2445203218312906,single_maturity_ea_slope
2025-05-01,EE,PSPP,538.6666666666666,0.0,3.15178185060427,1.2445203218312906,single_maturity_ea_slope
2025-06-01,EE,PSPP,538.6666666666666,0.0,3.029065206376032,1.2445203218312906,single_maturity_ea_slope
2025-07-01,EE,PSPP,538.6666666666666,0.0,3.0359769753464274,1.2445203218312906,single_maturity_ea_slope
2025-08-01,EE,PSPP,538.6666666666666,0.0,3.0073343772769525,1.2445203218312906,single_maturity_ea_slope
2025-09-01,EE,PSPP,538.6666666666666,0.0,3.04532188553,1.2445203218312906,single_maturity_ea_slope
2025-10-01,EE,PSPP,538.6666666666666,0.0,3.0157502065891015,1.2445203218312906,single_maturity_ea_slope
2025-11-01,EE,PSPP,538.6666666666666,0.0,3.0670281229122,1.2445203218312906,single_maturity_ea_slope
2025-12-01,EE,PSPP,538.6666666666666,0.0,3.138240944958333,1.2445203218312906,single_maturity_ea_slope
2026-01-01,EE,PSPP,538.6666666666666,0.0,3.002072832882722,1.2445203218312906,single_maturity_ea_slope
2026-02-01,EE,PSPP,538.6666666666666,0.0,2.8371337666279164,1.2445203218312906,single_maturity_ea_slope
2026-03-01,EE,PSPP,538.6666666666666,0.0,3.047251357209773,1.2445203218312906,single_maturity_ea_slope
2026-04-01,EE,PSPP,538.6666666666666,0.0,3.15805678079425,1.2445203218312906,single_maturity_ea_slope
2026-05-01,EE,PSPP,538.6666666666666,0.0,3.172407769110575,1.2445203218312906,single_maturity_ea_slope
2026-06-01,EE,PSPP,538.6666666666666,0.0,3.36751247123483,1.2445203218312906,single_maturity_ea_slope
2026-07-01,EE,PSPP,538.6666666666666,0.0,3.5118936456862397,1.2445203218312906,single_maturity_ea_slope
2026-08-01,EE,PSPP,538.6666666666666,0.0,3.5806484990403336,1.2445203218312906,single_maturity_ea_slope
2020-03-01,ES,PEPP,1551.0,1551.0,0.7747881457419477,0.7747881457419477,single_maturity_ea_slope
2020-04-01,ES,PEPP,9439.0,7888.0,0.9068789636687207,0.8851740310906484,single_maturity_ea_slope
2020-05-01,ES,PEPP,22392.0,12953.0,0.8339377547738741,0.8555356116939362,single_maturity_ea_slope
2020-06-01,ES,PEPP,35772.0,13380.0,0.6001781284730041,0.7600228328306892,single_maturity_ea_slope
2020-07-01,ES,PEPP,46112.0,10340.0,0.4598036053531193,0.6927026816310432,single_maturity_ea_slope
2020-08-01,ES,PEPP,52981.0,6869.0,0.39080434465922403,0.6535614861711723,single_maturity_ea_slope
2020-09-01,ES,PEPP,61030.0,8049.0,0.37325894416343053,0.6165935169655306,single_maturity_ea_slope
2020-10-01,ES,PEPP,69079.0,8049.0,0.2635362140566365,0.5754557148677341,single_maturity_ea_slope
2020-11-01,ES,PEPP,77128.0,8049.0,0.19034408573159814,0.5352658551161943,single_maturity_ea_slope
2020-12-01,ES,PEPP,83567.0,6439.0,0.13491816609787607,0.5044182864636286,single_maturity_ea_slope
2021-01-01,ES,PEPP,89846.0,6279.0,0.17401794318218344,0.4813278455373304,single_maturity_ea_slope
2021-02-01,ES,PEPP,96285.0,6439.0,0.34554971030461723,0.47224776647243516,single_maturity_ea_slope
2021-03-01,ES,PEPP,104227.0,7942.0,0.4430964510737633,0.4700264634809238,single_maturity_ea_slope
2021-04-01,ES,PEPP,113580.0,9353.0,0.5053748115727744,0.4729373025344815,single_maturity_ea_slope
2021-05-01,ES,PEPP,122583.0,9003.0,0.6578993547797296,0.48652167684710207,single_maturity_ea_slope
2021-06-01,ES,PEPP,131111.0,8528.0,0.5794008807290021,0.4925629232009919,single_maturity_ea_slope
2021-07-01,ES,PEPP,140701.0,9590.0,0.44938638594423086,0.48962006570678546,single_maturity_ea_slope
2021-08-01,ES,PEPP,147912.0,7211.0,0.3188697845432902,0.48129565472275465,single_maturity_ea_slope
2021-09-01,ES,PEPP,155772.0,7860.0,0.4324614009359222,0.4788315582563518,single_maturity_ea_slope
2021-10-01,ES,PEPP,163017.0,7245.0,0.557800301910538,0.4823411833124783,single_maturity_ea_slope
2021-11-01,ES,PEPP,170306.0,7289.0,0.5389763285163864,0.48476513533643095,single_maturity_ea_slope
2021-12-01,ES,PEPP,175995.0,5689.0,0.4632040902749237,0.48406817925611667,single_maturity_ea_slope
2022-01-01,ES,PEPP,181623.0,5628.0,0.7104872552822324,0.4910842871272287,single_maturity_ea_slope
2022-02-01,ES,PEPP,186361.0,4738.0,1.1349389770522307,0.5074535034378551,single_maturity_ea_slope
2022-03-01,ES,PEPP,189663.0,3302.0,1.2500034676517866,0.5203811697820256,single_maturity_ea_slope
2022-04-01,ES,PEPP,190526.0,863.0,1.7063351096819983,0.5257530258548644,single_maturity_ea_slope
2022-05-01,ES,PEPP,190462.0,0.0,2.0658800776821744,0.5257530258548644,single_maturity_ea_slope
2022-06-01,ES,PEPP,190725.0,263.0,2.657329619761844,0.5286923607307198,single_maturity_ea_slope
2022-07-01,ES,PEPP,196376.0,5651.0,2.357998062989825,0.5813332461926204,single_maturity_ea_slope
2022-08-01,ES,PEPP,196069.0,0.0,2.182048671218551,0.5813332461926204,single_maturity_ea_slope
2022-09-01,ES,PEPP,196175.0,106.0,2.933165909520682,0.5826040210737865,single_maturity_ea_slope
2022-10-01,ES,PEPP,195635.0,0.0,3.3126515544772857,0.5826040210737865,single_maturity_ea_slope
2022-11-01,ES,PEPP,194757.0,0.0,3.0699784928365434,0.5826040210737865,single_maturity_ea_slope
2022-12-01,ES,PEPP,194215.0,0.0,3.087572862244264,0.5826040210737865,single_maturity_ea_slope
2023-01-01,ES,PEPP,193374.0,0.0,3.207587220235984,0.5826040210737865,single_maturity_ea_slope
2023-02-01,ES,PEPP,194239.0,865.0,3.3864666682888687,0.5950903970839649,single_maturity_ea_slope
2023-03-01,ES,PEPP,195877.0,1638.0,3.438399052467991,0.6188672548953417,single_maturity_ea_slope
2023-04-01,ES,PEPP,196338.0,461.0,3.411827905982106,0.6254251034022583,single_maturity_ea_slope
2023-05-01,ES,PEPP,194310.0,0.0,3.4327384736627713,0.6254251034022583,single_maturity_ea_slope
2023-06-01,ES,PEPP,194832.0,522.0,3.4088505553006363,0.6328825440993253,single_maturity_ea_slope
2023-07-01,ES,PEPP,191588.0,0.0,3.496937019030067,0.6328825440993253,single_maturity_ea_slope
2023-08-01,ES,PEPP,192491.0,903.0,3.5855191808535873,0.6467337417292878,single_maturity_ea_slope
2023-09-01,ES,PEPP,193040.0,549.0,3.7277639419343713,0.6554960996857351,single_maturity_ea_slope
2023-10-01,ES,PEPP,192494.0,0.0,3.968803301562059,0.6554960996857351,single_maturity_ea_slope
2023-11-01,ES,PEPP,192988.0,494.0,3.6671304353672274,0.6632051145562279,single_maturity_ea_slope
2023-12-01,ES,PEPP,193378.0,390.0,3.1379153317598107,0.6681960493301391,single_maturity_ea_slope
2024-01-01,ES,PEPP,192375.0,0.0,3.200523619235318,0.6681960493301391,single_maturity_ea_slope
2024-02-01,ES,PEPP,194063.0,1688.0,3.2859660698509807,0.6909659528905251,single_maturity_ea_slope
2024-03-01,ES,PEPP,195724.0,1661.0,3.203278965758,0.712286546759304,single_maturity_ea_slope
2024-04-01,ES,PEPP,193775.0,0.0,3.288437770619919,0.712286546759304,single_maturity_ea_slope
2024-05-01,ES,PEPP,192474.0,0.0,3.319176224087636,0.712286546759304,single_maturity_ea_slope
2024-06-01,ES,PEPP,193293.0,819.0,3.3687787885048404,0.7235423457069617,single_maturity_ea_slope
2024-07-01,ES,PEPP,191229.0,0.0,3.302404802627435,0.7235423457069617,single_maturity_ea_slope
2024-08-01,ES,PEPP,191516.0,287.0,3.089511785388,0.7270879148979873,single_maturity_ea_slope
2024-09-01,ES,PEPP,191879.0,363.0,3.003356641399962,0.7313941993153557,single_maturity_ea_slope
2024-10-01,ES,PEPP,188433.0,0.0,2.985211635220861,0.7313941993153557,single_maturity_ea_slope
2024-11-01,ES,PEPP,188996.0,563.0,3.0669758921446664,0.7383516613413397,single_maturity_ea_slope
2024-12-01,ES,PEPP,189083.0,87.0,2.8963313520442635,0.7393445810278856,single_maturity_ea_slope
2025-01-01,ES,PEPP,185232.0,0.0,3.1876078150759866,0.7393445810278856,single_maturity_ea_slope
2025-02-01,ES,PEPP,185232.0,0.0,3.1116885831944003,0.7393445810278856,single_maturity_ea_slope
2025-03-01,ES,PEPP,185224.0,0.0,3.400328839673857,0.7393445810278856,single_maturity_ea_slope
2025-04-01,ES,PEPP,181426.0,0.0,3.24643034937074,0.7393445810278856,single_maturity_ea_slope
2025-05-01,ES,PEPP,181426.0,0.0,3.2254694282896383,0.7393445810278856,single_maturity_ea_slope
2025-06-01,ES,PEPP,178728.0,0.0,3.178408570964419,0.7393445810278856,single_maturity_ea_slope
2025-07-01,ES,PEPP,174680.0,0.0,3.2656357548874695,0.7393445810278856,single_maturity_ea_slope
2025-08-01,ES,PEPP,174680.0,0.0,3.2738470236449997,0.7393445810278856,single_maturity_ea_slope
2025-09-01,ES,PEPP,174556.0,0.0,3.272540252731164,0.7393445810278856,single_maturity_ea_slope
2025-10-01,ES,PEPP,170319.0,0.0,3.168058920105739,0.7393445810278856,single_maturity_ea_slope
2025-11-01,ES,PEPP,170319.0,0.0,3.186199945617,0.7393445810278856,single_maturity_ea_slope
2025-12-01,ES,PEPP,170319.0,0.0,3.27519258897559,0.7393445810278856,single_maturity_ea_slope
2026-01-01,ES,PEPP,170319.0,0.0,3.2801586152201665,0.7393445810278856,single_maturity_ea_slope
2026-02-01,ES,PEPP,166719.0,0.0,3.17947895901648,0.7393445810278856,single_maturity_ea_slope
2026-03-01,ES,PEPP,166667.0,0.0,3.38066061852425,0.7393445810278856,single_maturity_ea_slope
2026-04-01,ES,PEPP,162988.0,0.0,3.45327594615464,0.7393445810278856,single_maturity_ea_slope
2026-05-01,ES,PEPP,162882.0,0.0,3.49236810225776,0.7393445810278856,single_maturity_ea_slope
2026-06-01,ES,PEPP,161450.0,0.0,3.4091450248538333,0.7393445810278856,single_maturity_ea_slope
2026-07-01,ES,PEPP,157271.0,0.0,3.536672257553152,0.7393445810278856,single_maturity_ea_slope
2026-08-01,ES,PEPP,157271.0,0.0,3.630266993282481,0.7393445810278856,single_maturity_ea_slope
2015-03-01,ES,PSPP,4841.777777777777,4841.777777777777,1.5463128508239472,1.5463128508239472,single_maturity_ea_slope
2015-04-01,ES,PSPP,9704.888888888889,4863.111111111111,1.503977864753546,1.525098827303965,single_maturity_ea_slope
2015-05-01,ES,PSPP,14957.333333333332,5252.444444444443,2.067565410431617,1.7155923816928218,single_maturity_ea_slope
2015-06-01,ES,PSPP,20215.11111111111,5257.777777777777,2.5775465857020046,1.9397793096989038,single_maturity_ea_slope
2015-07-01,ES,PSPP,25451.555555555555,5236.444444444445,2.4931322019316124,2.0536270339381693,single_maturity_ea_slope
2015-08-01,ES,PSPP,29791.11111111111,4339.555555555555,2.346010258385026,2.0962173636934893,single_maturity_ea_slope
2015-09-01,ES,PSPP,34936.88888888889,5145.777777777781,2.423905525276574,2.1444818346736563,single_maturity_ea_slope
2015-10-01,ES,PSPP,40307.555555555555,5370.666666666664,2.085699693174573,2.1366495738582048,single_maturity_ea_slope
2015-11-01,ES,PSPP,45937.777777777774,5630.222222222219,2.128277805395024,2.135623513845709,single_maturity_ea_slope
2015-12-01,ES,PSPP,50504.0,4566.222222222226,2.0831738897857957,2.130881381758556,single_maturity_ea_slope
2016-01-01,ES,PSPP,55932.44444444444,5428.444444444438,2.1239435864002205,2.1302080438230564,single_maturity_ea_slope
2016-02-01,ES,PSPP,61376.88888888888,5444.444444444445,2.0836701508322593,2.1260798943267765,single_maturity_ea_slope
2016-03-01,ES,PSPP,66808.88888888889,5432.000000000007,1.9024223726039864,2.1078950737407203,single_maturity_ea_slope
2016-04-01,ES,PSPP,75091.55555555555,8282.666666666657,1.8543176239038026,2.079925251093636,single_maturity_ea_slope
2016-05-01,ES,PSPP,83641.77777777777,8550.222222222219,1.9135235376106239,2.06291495233817,single_maturity_ea_slope
2016-06-01,ES,PSPP,91853.33333333333,8211.555555555562,1.7672951140409485,2.0364869650522577,single_maturity_ea_slope
2016-07-01,ES,PSPP,99367.11111111111,7513.777777777781,1.444250731573117,1.9917042255668103,single_maturity_ea_slope
2016-08-01,ES,PSPP,104800.0,5432.8888888888905,1.269156056253928,1.9542469362467056,single_maturity_ea_slope
2016-09-01,ES,PSPP,112344.0,7544.0,1.322432590994322,1.9118200383208352,single_maturity_ea_slope
2016-10-01,ES,PSPP,120190.22222222222,7846.222222222219,1.3592385265565503,1.8757465769607444,single_maturity_ea_slope
2016-11-01,ES,PSPP,127711.11111111111,7520.8888888888905,1.7091782556782116,1.8659373925767422,single_maturity_ea_slope
2016-12-01,ES,PSPP,133627.55555555556,5916.4444444444525,1.742706721948967,1.8604812767809416,single_maturity_ea_slope
2017-01-01,ES,PSPP,141440.0,7812.444444444438,1.762809482054211,1.8550863710252021,single_maturity_ea_slope
2017-02-01,ES,PSPP,148877.3333333333,7437.333333333314,1.999793996568931,1.8623154019525243,single_maturity_ea_slope
2017-03-01,ES,PSPP,156396.44444444444,7519.111111111124,1.9881176413789468,1.8683636277906117,single_maturity_ea_slope
2017-04-01,ES,PSPP,162262.22222222222,5865.777777777781,1.853247742789697,1.8678171886927397,single_maturity_ea_slope
2017-05-01,ES,PSPP,167633.77777777778,5371.555555555562,1.8142499415890692,1.8661007121711823,single_maturity_ea_slope
2017-06-01,ES,PSPP,173136.88888888888,5503.111111111095,1.68541180029761,1.8603575619680839,single_maturity_ea_slope
2017-07-01,ES,PSPP,178747.55555555553,5610.666666666657,1.8273811006643372,1.8593224712691006,single_maturity_ea_slope
2017-08-01,ES,PSPP,183268.44444444444,4520.888888888905,1.7036145471504653,1.8554814487395876,single_maturity_ea_slope
2017-09-01,ES,PSPP,188700.44444444444,5432.0,1.7573755167611596,1.852657335505113,single_maturity_ea_slope
2017-10-01,ES,PSPP,194042.66666666666,5342.222222222219,1.8289889704782905,1.8520057176533178,single_maturity_ea_slope
2017-11-01,ES,PSPP,199363.55555555553,5320.888888888876,1.698027465985194,1.847896134203382,single_maturity_ea_slope
2017-12-01,ES,PSPP,204666.66666666666,5303.111111111124,1.6322019509954222,1.8423072894823456,single_maturity_ea_slope
2018-01-01,ES,PSPP,207026.66666666666,2360.0,1.645090490028164,1.8400591170405738,single_maturity_ea_slope
2018-02-01,ES,PSPP,209536.88888888888,2510.222222222219,1.6607637479015585,1.837911183937525,single_maturity_ea_slope
2018-03-01,ES,PSPP,211988.44444444444,2451.555555555562,1.4821935528376142,1.8337974619041497,single_maturity_ea_slope
2018-04-01,ES,PSPP,214746.66666666666,2758.222222222219,1.3788668170403824,1.8279542987309545,single_maturity_ea_slope
2018-05-01,ES,PSPP,217261.3333333333,2514.666666666657,1.5637292309282254,1.824896055645049,single_maturity_ea_slope
2018-06-01,ES,PSPP,220008.88888888888,2747.555555555562,1.548163521993923,1.821440113414369,single_maturity_ea_slope
2018-07-01,ES,PSPP,222845.3333333333,2836.444444444438,1.499535191602814,1.8173428078372047,single_maturity_ea_slope
2018-08-01,ES,PSPP,225336.0,2490.666666666686,1.5649029969372485,1.8145525593977714,single_maturity_ea_slope
2018-09-01,ES,PSPP,228039.1111111111,2703.111111111095,1.6199652783579341,1.8122459768168413,single_maturity_ea_slope
2018-10-01,ES,PSPP,228151.1111111111,112.0,1.7431147801889049,1.8122120401246875,single_maturity_ea_slope
2018-11-01,ES,PSPP,230403.55555555553,2252.444444444438,1.7567715405112336,1.8116700491599627,single_maturity_ea_slope
2018-12-01,ES,PSPP,231840.88888888888,1437.333333333343,1.5785550282005631,1.8102248166484265,single_maturity_ea_slope
2019-01-01,ES,PSPP,229104.0,0.0,1.5231835523363266,1.8102248166484265,single_maturity_ea_slope
2019-02-01,ES,PSPP,229842.66666666666,738.666666666657,1.4654934549862173,1.8091169215412755,single_maturity_ea_slope
2019-03-01,ES,PSPP,230425.77777777775,583.1111111110949,1.2867632788806584,1.8077950633017061,single_maturity_ea_slope
2019-04-01,ES,PSPP,226672.88888888888,0.0,1.1948958542048835,1.8077950633017061,single_maturity_ea_slope
2019-05-01,ES,PSPP,228109.3333333333,1436.444444444438,1.033305289771614,1.8029179654810719,single_maturity_ea_slope
2019-06-01,ES,PSPP,228478.22222222222,368.88888888890506,0.6331419900809503,1.8010293068788765,single_maturity_ea_slope
2019-07-01,ES,PSPP,226763.55555555553,0.0,0.494843863680115,1.8010293068788765,single_maturity_ea_slope
2019-08-01,ES,PSPP,227244.44444444444,480.88888888890506,0.24882996217898581,1.797744582273038,single_maturity_ea_slope
2019-09-01,ES,PSPP,227600.0,355.555555555562,0.2823876535533803,1.7953772994318433,single_maturity_ea_slope
2019-10-01,ES,PSPP,227080.0,0.0,0.3005043135608198,1.7953772994318433,single_maturity_ea_slope
2019-11-01,ES,PSPP,229709.3333333333,2629.333333333314,0.48893167594549664,1.7804232661055812,single_maturity_ea_slope
2019-12-01,ES,PSPP,230224.0,514.6666666666861,0.5394928135010462,1.7776491611486387,single_maturity_ea_slope
2020-01-01,ES,PSPP,230402.66666666666,178.66666666665697,0.5208286425765611,1.7766745546655618,single_maturity_ea_slope
2020-02-01,ES,PSPP,232185.77777777775,1783.111111111095,0.3781156590574644,1.7659340780947321,single_maturity_ea_slope
2020-03-01,ES,PSPP,236992.0,4806.222222222248,0.6010644165399034,1.742310401121006,single_maturity_ea_slope
2020-04-01,ES,PSPP,240792.88888888888,3800.888888888876,0.902664779075396,1.7290566886456762,single_maturity_ea_slope
2020-05-01,ES,PSPP,245306.66666666666,4513.777777777781,0.8288089957265713,1.7124916352534842,single_maturity_ea_slope
2020-06-01,ES,PSPP,250129.77777777775,4823.111111111095,0.6020317154389558,1.6910792643423354,single_maturity_ea_slope
2020-07-01,ES,PSPP,248457.77777777775,0.0,0.46567168500200384,1.6910792643423354,single_maturity_ea_slope
2020-08-01,ES,PSPP,249512.88888888888,1055.111111111124,0.38370564222428033,1.6855507946860657,single_maturity_ea_slope
2020-09-01,ES,PSPP,252902.22222222222,3389.333333333343,0.3601804895356685,1.667788508080655,single_maturity_ea_slope
2020-10-01,ES,PSPP,256240.88888888888,3338.666666666657,0.2472912418652876,1.6492802719698256,single_maturity_ea_slope
2020-11-01,ES,PSPP,258451.55555555553,2210.666666666657,0.17145105615337666,1.6366396524177051,single_maturity_ea_slope
2020-12-01,ES,PSPP,260337.77777777775,1886.222222222219,0.11059359519895431,1.6255830089684489,single_maturity_ea_slope
2021-01-01,ES,PSPP,262221.3333333333,1883.555555555562,0.15634931391547413,1.6150293928551154,single_maturity_ea_slope
2021-02-01,ES,PSPP,259883.55555555553,0.0,0.31971762952505633,1.6150293928551154,single_maturity_ea_slope
2021-03-01,ES,PSPP,261200.0,1316.444444444467,0.41269974958216654,1.6089696678195962,single_maturity_ea_slope
2021-04-01,ES,PSPP,263992.0,2792.0,0.47196026610773206,1.5969445676287588,single_maturity_ea_slope
2021-05-01,ES,PSPP,265794.6666666666,1802.6666666666279,0.6219623553911343,1.5903320649904051,single_maturity_ea_slope
2021-06-01,ES,PSPP,268236.44444444444,2441.77777777781,0.5403064038178941,1.5807735975313775,single_maturity_ea_slope
2021-07-01,ES,PSPP,265116.44444444444,0.0,0.42545987425866,1.5807735975313775,single_maturity_ea_slope
2021-08-01,ES,PSPP,266184.0,1067.555555555562,0.29576672185772723,1.5756199585859394,single_maturity_ea_slope
2021-09-01,ES,PSPP,268638.2222222222,2454.22222222219,0.41273305572620006,1.564996068748816,single_maturity_ea_slope
2021-10-01,ES,PSPP,271330.6666666666,2692.444444444438,0.5473381308141647,1.5548977356153075,single_maturity_ea_slope
2021-11-01,ES,PSPP,269792.0,0.0,0.5343851922536482,1.5548977356153075,single_maturity_ea_slope
2021-12-01,ES,PSPP,271406.2222222222,1614.2222222221899,0.46409978864707985,1.5484100793208666,single_maturity_ea_slope
2022-01-01,ES,PSPP,270478.2222222222,0.0,0.718602165995019,1.5484100793208666,single_maturity_ea_slope
2022-02-01,ES,PSPP,271631.1111111111,1152.8888888889342,1.1398422588783563,1.5466759874540734,single_maturity_ea_slope
2022-03-01,ES,PSPP,273479.1111111111,1848.0,1.254069054747616,1.5446987336541596,single_maturity_ea_slope
2022-04-01,ES,PSPP,279712.0,6232.888888888876,1.714226177646573,1.5484763539279487,single_maturity_ea_slope
2022-05-01,ES,PSPP,277572.44444444444,0.0,2.0762763958565116,1.5484763539279487,single_maturity_ea_slope
2022-06-01,ES,PSPP,280058.6666666666,2486.22222222219,2.6692211337040206,1.5584257713485323,single_maturity_ea_slope
2022-07-01,ES,PSPP,281593.77777777775,1535.111111111124,2.3752146963336696,1.5628785038061606,single_maturity_ea_slope
2022-08-01,ES,PSPP,281623.1111111111,29.33333333337214,2.1950620919488992,1.5629443508591447,single_maturity_ea_slope
2022-09-01,ES,PSPP,283264.0,1640.888888888876,2.939174477661113,1.5709165630838662,single_maturity_ea_slope
2022-10-01,ES,PSPP,280033.77777777775,0.0,3.3231026084492967,1.5709165630838662,single_maturity_ea_slope
2022-11-01,ES,PSPP,280624.8888888889,591.111111111124,3.072054725275102,1.5740785757282099,single_maturity_ea_slope
2022-12-01,ES,PSPP,281175.1111111111,550.2222222222481,3.0874111886077475,1.5770399659804606,single_maturity_ea_slope
2023-01-01,ES,PSPP,277686.2222222222,0.0,3.2089970447828766,1.5770399659804606,single_maturity_ea_slope
2023-02-01,ES,PSPP,278535.1111111111,848.8888888889342,3.387014134332179,1.582556207557907,single_maturity_ea_slope
2023-03-01,ES,PSPP,279835.55555555556,1300.444444444438,3.440403651156601,1.5911899474050708,single_maturity_ea_slope
2023-04-01,ES,PSPP,280546.6666666666,711.1111111110658,3.415651290124624,1.5958144711893507,single_maturity_ea_slope
2023-05-01,ES,PSPP,279581.3333333333,0.0,3.4391816023713444,1.5958144711893507,single_maturity_ea_slope
2023-06-01,ES,PSPP,279857.77777777775,276.444444444438,3.4128248866026136,1.597609320125933,single_maturity_ea_slope
2023-07-01,ES,PSPP,275414.2222222222,0.0,3.498585419591667,1.597609320125933,single_maturity_ea_slope
2023-08-01,ES,PSPP,275414.2222222222,0.0,3.589128921949783,1.597609320125933,single_maturity_ea_slope
2023-09-01,ES,PSPP,275414.2222222222,0.0,3.731296418838914,1.597609320125933,single_maturity_ea_slope
2023-10-01,ES,PSPP,269455.1111111111,0.0,3.978036540231359,1.597609320125933,single_maturity_ea_slope
2023-11-01,ES,PSPP,268584.8888888889,0.0,3.6771856080592182,1.597609320125933,single_maturity_ea_slope
2023-12-01,ES,PSPP,268434.6666666666,0.0,3.149047685761,1.597609320125933,single_maturity_ea_slope
2024-01-01,ES,PSPP,264200.8888888889,0.0,3.2113082470812273,1.597609320125933,single_maturity_ea_slope
2024-02-01,ES,PSPP,264200.8888888889,0.0,3.294429425070038,1.597609320125933,single_maturity_ea_slope
2024-03-01,ES,PSPP,264147.55555555556,0.0,3.21098960726732,1.597609320125933,single_maturity_ea_slope
2024-04-01,ES,PSPP,259240.88888888888,0.0,3.296219916185833,1.597609320125933,single_maturity_ea_slope
2024-05-01,ES,PSPP,256644.44444444444,0.0,3.3233506152781818,1.597609320125933,single_maturity_ea_slope
2024-06-01,ES,PSPP,256644.44444444444,0.0,3.3730854601954103,1.597609320125933,single_maturity_ea_slope
2024-07-01,ES,PSPP,252566.22222222222,0.0,3.3077280376701736,1.597609320125933,single_maturity_ea_slope
2024-08-01,ES,PSPP,252566.22222222222,0.0,3.0943275958704,1.597609320125933,single_maturity_ea_slope
2024-09-01,ES,PSPP,252215.1111111111,0.0,3.007788124310591,1.597609320125933,single_maturity_ea_slope
2024-10-01,ES,PSPP,247435.55555555553,0.0,2.9891645533533873,1.597609320125933,single_maturity_ea_slope
2024-11-01,ES,PSPP,247435.55555555553,0.0,3.0745585570316667,1.597609320125933,single_maturity_ea_slope
2024-12-01,ES,PSPP,243701.3333333333,0.0,2.9038584799622265,1.597609320125933,single_maturity_ea_slope
2025-01-01,ES,PSPP,237728.88888888888,0.0,3.1977209178209,1.597609320125933,single_maturity_ea_slope
2025-02-01,ES,PSPP,237728.88888888888,0.0,3.12220830806936,1.597609320125933,single_maturity_ea_slope
2025-03-01,ES,PSPP,237698.66666666666,0.0,3.4139966745448573,1.597609320125933,single_maturity_ea_slope
2025-04-01,ES,PSPP,230913.77777777775,0.0,3.26906378810588,1.597609320125933,single_maturity_ea_slope
2025-05-01,ES,PSPP,230913.77777777775,0.0,3.243266454371838,1.597609320125933,single_maturity_ea_slope
2025-06-01,ES,PSPP,230096.88888888888,0.0,3.1950338451541334,1.597609320125933,single_maturity_ea_slope
2025-07-01,ES,PSPP,224152.0,0.0,3.2872671494228087,1.597609320125933,single_maturity_ea_slope
2025-08-01,ES,PSPP,224152.0,0.0,3.297210400053,1.597609320125933,single_maturity_ea_slope
2025-09-01,ES,PSPP,223954.66666666666,0.0,3.298040864177527,1.597609320125933,single_maturity_ea_slope
2025-10-01,ES,PSPP,217481.77777777775,0.0,3.196685889624478,1.597609320125933,single_maturity_ea_slope
2025-11-01,ES,PSPP,217481.77777777775,0.0,3.214909827333975,1.597609320125933,single_maturity_ea_slope
2025-12-01,ES,PSPP,217481.77777777775,0.0,3.3042182049604474,1.597609320125933,single_maturity_ea_slope
2026-01-01,ES,PSPP,217481.77777777775,0.0,3.310719458881666,1.597609320125933,single_maturity_ea_slope
2026-02-01,ES,PSPP,212916.44444444444,0.0,3.2102981034841798,1.597609320125933,single_maturity_ea_slope
2026-03-01,ES,PSPP,212880.88888888888,0.0,3.4081527050433724,1.597609320125933,single_maturity_ea_slope
2026-04-01,ES,PSPP,206858.66666666666,0.0,3.4840985789528,1.597609320125933,single_maturity_ea_slope
2026-05-01,ES,PSPP,206728.0,0.0,3.51775769663099,1.597609320125933,single_maturity_ea_slope
2026-06-01,ES,PSPP,206455.1111111111,0.0,3.435751144132,1.597609320125933,single_maturity_ea_slope
2026-07-01,ES,PSPP,200924.44444444444,0.0,3.563895068370013,1.597609320125933,single_maturity_ea_slope
2026-08-01,ES,PSPP,200924.44444444444,0.0,3.657500308095538,1.597609320125933,single_maturity_ea_slope
2020-03-01,FI,PEPP,198.0,198.0,0.14315598981324718,0.14315598981324718,single_maturity_ea_slope
2020-04-01,FI,PEPP,1375.0,1177.0,0.17941300945857977,0.17419199862965187,single_maturity_ea_slope
2020-05-01,FI,PEPP,3232.0,1857.0,-0.0042677605714462885,0.07165494020253575,single_maturity_ea_slope
2020-06-01,FI,PEPP,5052.0,1820.0,-0.0822611106291411,0.016206164962303787,single_maturity_ea_slope
2020-07-01,FI,PEPP,6457.0,1405.0,-0.15657848846996478,-0.021390619623779118,single_maturity_ea_slope
2020-08-01,FI,PEPP,7449.0,992.0,-0.20425280653036293,-0.04574278627854232,single_maturity_ea_slope
2020-09-01,FI,PEPP,8689.0,1240.0,-0.25797200250291,-0.07602984210984812,single_maturity_ea_slope
2020-10-01,FI,PEPP,9929.0,1240.0,-0.3416012743405217,-0.10919618071051637,single_maturity_ea_slope
2020-11-01,FI,PEPP,11169.0,1240.0,-0.370051418214723,-0.1381567406984487,single_maturity_ea_slope
2020-12-01,FI,PEPP,12162.0,993.0,-0.3874678262904934,-0.15851243120929398,single_maturity_ea_slope
2021-01-01,FI,PEPP,13104.0,942.0,-0.35407373120133123,-0.17257063821421606,single_maturity_ea_slope
2021-02-01,FI,PEPP,14122.0,1018.0,-0.18038486482976232,-0.17313393538845667,single_maturity_ea_slope
2021-03-01,FI,PEPP,15349.0,1227.0,-0.0875494716174674,-0.16629230811325932,single_maturity_ea_slope
2021-04-01,FI,PEPP,16750.0,1401.0,-0.05346368070151232,-0.1568551196354171,single_maturity_ea_slope
2021-05-01,FI,PEPP,18175.0,1425.0,0.1046132847340973,-0.13635484584028323,single_maturity_ea_slope
2021-06-01,FI,PEPP,19488.0,1313.0,0.04028426825169308,-0.12445382178431214,single_maturity_ea_slope
2021-07-01,FI,PEPP,20955.0,1467.0,-0.03967300374021862,-0.11851855764350157,single_maturity_ea_slope
2021-08-01,FI,PEPP,22082.0,1127.0,-0.14246431132874718,-0.1197406781218673,single_maturity_ea_slope
2021-09-01,FI,PEPP,23292.0,1210.0,-0.013147519623336934,-0.11420325231973687,single_maturity_ea_slope
2021-10-01,FI,PEPP,24408.0,1116.0,0.11622001796105454,-0.1036676750650104,single_maturity_ea_slope
2021-11-01,FI,PEPP,25499.0,1091.0,0.022125723397496272,-0.09828547977411292,single_maturity_ea_slope
2021-12-01,FI,PEPP,26362.0,863.0,-0.047967392169554424,-0.09663824096056563,single_maturity_ea_slope
2022-01-01,FI,PEPP,26807.0,445.0,0.18861767195589516,-0.09190295236998014,single_maturity_ea_slope
2022-02-01,FI,PEPP,27298.0,491.0,0.5234985615175747,-0.08083393107469149,single_maturity_ea_slope
2022-03-01,FI,PEPP,28182.0,884.0,0.7211080453255294,-0.055678984401716,single_maturity_ea_slope
2022-04-01,FI,PEPP,28040.0,0.0,1.1820185994264039,-0.055678984401716,single_maturity_ea_slope
2022-05-01,FI,PEPP,26918.0,0.0,1.4447503317687176,-0.055678984401716,single_maturity_ea_slope
2022-06-01,FI,PEPP,27454.0,536.0,2.077751040397093,-0.014026821026901351,single_maturity_ea_slope
2022-07-01,FI,PEPP,27454.0,0.0,1.7395642680266337,-0.014026821026901351,single_maturity_ea_slope
2022-08-01,FI,PEPP,26601.0,0.0,1.654766330176314,-0.014026821026901351,single_maturity_ea_slope
2022-09-01,FI,PEPP,26380.0,0.0,2.550453459836489,-0.014026821026901351,single_maturity_ea_slope
2022-10-01,FI,PEPP,26855.0,475.0,2.9133116757629254,0.03775071708425738,single_maturity_ea_slope
2022-11-01,FI,PEPP,26207.0,0.0,2.697117071915753,0.03775071708425738,single_maturity_ea_slope
2022-12-01,FI,PEPP,26513.0,306.0,2.7065369347694825,0.06855253440450326,single_maturity_ea_slope
2023-01-01,FI,PEPP,26952.0,439.0,2.7772112670234788,0.11267175314966986,single_maturity_ea_slope
2023-02-01,FI,PEPP,26234.0,0.0,2.9449533047718117,0.11267175314966986,single_maturity_ea_slope
2023-03-01,FI,PEPP,26888.0,654.0,2.9853612598385237,0.18254451934181914,single_maturity_ea_slope
2023-04-01,FI,PEPP,26385.0,0.0,2.9734601209174976,0.18254451934181914,single_maturity_ea_slope
2023-05-01,FI,PEPP,26193.0,0.0,3.012329311940869,0.18254451934181914,single_maturity_ea_slope
2023-06-01,FI,PEPP,26381.0,188.0,3.018392648217182,0.2027537399258974,single_maturity_ea_slope
2023-07-01,FI,PEPP,26757.0,376.0,3.0808339939949665,0.24319766770292656,single_maturity_ea_slope
2023-08-01,FI,PEPP,26652.0,0.0,3.162481778479239,0.24319766770292656,single_maturity_ea_slope
2023-09-01,FI,PEPP,25951.0,0.0,3.2675571667508,0.24319766770292656,single_maturity_ea_slope
2023-10-01,FI,PEPP,26498.0,547.0,3.4892229942288457,0.31020558730477116,single_maturity_ea_slope
2023-11-01,FI,PEPP,26208.0,0.0,3.2246278867383547,0.31020558730477116,single_maturity_ea_slope
2023-12-01,FI,PEPP,26383.0,175.0,2.697927363941737,0.3260434871232706,single_maturity_ea_slope
2024-01-01,FI,PEPP,26855.0,472.0,2.809121297212523,0.3696857409442397,single_maturity_ea_slope
2024-02-01,FI,PEPP,26298.0,0.0,2.899293431360752,0.3696857409442397,single_maturity_ea_slope
2024-03-01,FI,PEPP,26243.0,0.0,2.8621371208943,0.3696857409442397,single_maturity_ea_slope
2024-04-01,FI,PEPP,26024.0,0.0,2.956249673575976,0.3696857409442397,single_maturity_ea_slope
2024-05-01,FI,PEPP,26176.0,152.0,3.0116530505159997,0.3850272381575232,single_maturity_ea_slope
2024-06-01,FI,PEPP,26541.0,365.0,3.0516380254356403,0.4216992903543701,single_maturity_ea_slope
2024-07-01,FI,PEPP,26900.0,359.0,2.9944645471502174,0.45603470772201726,single_maturity_ea_slope
2024-08-01,FI,PEPP,26344.0,0.0,2.771324673165909,0.45603470772201726,single_maturity_ea_slope
2024-09-01,FI,PEPP,25854.0,0.0,2.7148679681738255,0.45603470772201726,single_maturity_ea_slope
2024-10-01,FI,PEPP,25852.0,0.0,2.7373677669370435,0.45603470772201726,single_maturity_ea_slope
2024-11-01,FI,PEPP,24837.0,0.0,2.818163031702667,0.45603470772201726,single_maturity_ea_slope
2024-12-01,FI,PEPP,24912.0,75.0,2.644459621154456,0.4626231738631313,single_maturity_ea_slope
2025-01-01,FI,PEPP,24912.0,0.0,2.936345665872689,0.4626231738631313,single_maturity_ea_slope
2025-02-01,FI,PEPP,23329.0,0.0,2.8361951581527203,0.4626231738631313,single_maturity_ea_slope
2025-03-01,FI,PEPP,23329.0,0.0,3.1298847846308573,0.4626231738631313,single_maturity_ea_slope
2025-04-01,FI,PEPP,23093.0,0.0,2.95686942256142,0.4626231738631313,single_maturity_ea_slope
2025-05-01,FI,PEPP,22482.0,0.0,2.979401770317038,0.4626231738631313,single_maturity_ea_slope
2025-06-01,FI,PEPP,22482.0,0.0,2.9183961532213334,0.4626231738631313,single_maturity_ea_slope
2025-07-01,FI,PEPP,21430.0,0.0,3.0912671494228086,0.4626231738631313,single_maturity_ea_slope
2025-08-01,FI,PEPP,20879.0,0.0,3.1536533544100003,0.4626231738631313,single_maturity_ea_slope
2025-09-01,FI,PEPP,20051.0,0.0,3.178062111528109,0.4626231738631313,single_maturity_ea_slope
2025-10-01,FI,PEPP,20051.0,0.0,3.0903257222632607,0.4626231738631313,single_maturity_ea_slope
2025-11-01,FI,PEPP,20051.0,0.0,3.104629713129675,0.4626231738631313,single_maturity_ea_slope
2025-12-01,FI,PEPP,20051.0,0.0,3.224341259346819,0.4626231738631313,single_maturity_ea_slope
2026-01-01,FI,PEPP,20051.0,0.0,3.3065777955466666,0.4626231738631313,single_maturity_ea_slope
2026-02-01,FI,PEPP,20051.0,0.0,3.2075711516400798,0.4626231738631313,single_maturity_ea_slope
2026-03-01,FI,PEPP,20051.0,0.0,3.354623206888509,0.4626231738631313,single_maturity_ea_slope
2026-04-01,FI,PEPP,18760.0,0.0,3.44992121175096,0.4626231738631313,single_maturity_ea_slope
2026-05-01,FI,PEPP,18760.0,0.0,3.45824238687087,0.4626231738631313,single_maturity_ea_slope
2026-06-01,FI,PEPP,18760.0,0.0,3.360855498648,0.4626231738631313,single_maturity_ea_slope
2026-07-01,FI,PEPP,18760.0,0.0,3.4703037901529306,0.4626231738631313,single_maturity_ea_slope
2026-08-01,FI,PEPP,18760.0,0.0,3.559112066264852,0.4626231738631313,single_maturity_ea_slope
2015-03-01,FI,PSPP,688.0,688.0,0.43255762471981446,0.43255762471981446,single_maturity_ea_slope
2015-04-01,FI,PSPP,1386.6666666666665,698.6666666666665,0.3000708043613575,0.3658046498468996,single_maturity_ea_slope
2015-05-01,FI,PSPP,2134.222222222222,747.5555555555557,0.7651834994643786,0.505695367268099,single_maturity_ea_slope
2015-06-01,FI,PSPP,2877.333333333333,743.1111111111109,1.073540162230794,0.652349135753985,single_maturity_ea_slope
2015-07-01,FI,PSPP,3632.8888888888887,755.5555555555557,1.025299263621645,0.7299140020832022,single_maturity_ea_slope
2015-08-01,FI,PSPP,4243.555555555556,610.666666666667,0.9069248586214328,0.7553866578104257,single_maturity_ea_slope
2015-09-01,FI,PSPP,4976.888888888889,733.333333333333,0.9960738057547354,0.7908513652678387,single_maturity_ea_slope
2015-10-01,FI,PSPP,5727.11111111111,750.2222222222217,0.9107541042387075,0.8065580099506594,single_maturity_ea_slope
2015-11-01,FI,PSPP,6535.11111111111,808.0,0.9333622982529072,0.8222360700794329,single_maturity_ea_slope
2015-12-01,FI,PSPP,7187.555555555555,652.4444444444443,0.9816032717427402,0.8367024967453824,single_maturity_ea_slope
2016-01-01,FI,PSPP,7956.444444444444,768.8888888888896,0.9008721696474796,0.842903677290608,single_maturity_ea_slope
2016-02-01,FI,PSPP,8737.777777777777,781.333333333333,0.65210060434978,0.8258420393338443,single_maturity_ea_slope
2016-03-01,FI,PSPP,9512.0,774.2222222222226,0.6484188170187298,0.8114008070530794,single_maturity_ea_slope
2016-04-01,FI,PSPP,10688.888888888889,1176.8888888888887,0.5640548991090999,0.7841670455463992,single_maturity_ea_slope
2016-05-01,FI,PSPP,11903.111111111111,1214.2222222222226,0.5540166242374067,0.7606896745130124,single_maturity_ea_slope
2016-06-01,FI,PSPP,12991.11111111111,1087.9999999999982,0.41002997736069946,0.7313220748336123,single_maturity_ea_slope
2016-07-01,FI,PSPP,14055.11111111111,1064.0,0.1972021312938871,0.6908881276784737,single_maturity_ea_slope
2016-08-01,FI,PSPP,14829.333333333332,774.2222222222226,0.13872870987182528,0.6620605275520222,single_maturity_ea_slope
2016-09-01,FI,PSPP,15900.444444444443,1071.1111111111113,0.17047201547463844,0.6289453577704229,single_maturity_ea_slope
2016-10-01,FI,PSPP,17018.666666666664,1118.2222222222208,0.27008788753521795,0.605366401458092,single_maturity_ea_slope
2016-11-01,FI,PSPP,18090.666666666664,1072.0,0.4913086080660212,0.5986076701869226,single_maturity_ea_slope
2016-12-01,FI,PSPP,18925.333333333332,834.6666666666679,0.5403819663206453,0.5960397336911999,single_maturity_ea_slope
2017-01-01,FI,PSPP,19616.0,690.6666666666679,0.588626670053806,0.5957787245174526,single_maturity_ea_slope
2017-02-01,FI,PSPP,20261.333333333332,645.3333333333321,0.5997227669615814,0.5959043441899294,single_maturity_ea_slope
2017-03-01,FI,PSPP,20910.222222222223,648.8888888888905,0.5837878495199311,0.5955283434626255,single_maturity_ea_slope
2017-04-01,FI,PSPP,21509.333333333332,599.1111111111095,0.46434654530553426,0.5918744657885252,single_maturity_ea_slope
2017-05-01,FI,PSPP,22074.666666666664,565.3333333333321,0.5764232894727195,0.5914787603791327,single_maturity_ea_slope
2017-06-01,FI,PSPP,22646.222222222223,571.5555555555584,0.6394212986628522,0.5926887557520742,single_maturity_ea_slope
2017-07-01,FI,PSPP,23227.555555555555,581.3333333333321,0.8351581440368091,0.5987572177297336,single_maturity_ea_slope
2017-08-01,FI,PSPP,23696.888888888887,469.3333333333321,0.7180706595296974,0.6011203032644641,single_maturity_ea_slope
2017-09-01,FI,PSPP,23876.44444444444,179.55555555555475,0.6859497676736344,0.601758237511538,single_maturity_ea_slope
2017-10-01,FI,PSPP,24811.555555555555,935.1111111111131,0.7026261252571636,0.6055598001493196,single_maturity_ea_slope
2017-11-01,FI,PSPP,25359.11111111111,547.5555555555547,0.6078520177787259,0.6056092938595694,single_maturity_ea_slope
2017-12-01,FI,PSPP,25922.666666666664,563.5555555555547,0.584736737399439,0.6051555270730343,single_maturity_ea_slope
2018-01-01,FI,PSPP,26171.555555555555,248.8888888888905,0.7362279848731784,0.6064020131031277,single_maturity_ea_slope
2018-02-01,FI,PSPP,26434.666666666664,263.1111111111095,0.8884786548095895,0.6092095952661161,single_maturity_ea_slope
2018-03-01,FI,PSPP,26683.555555555555,248.8888888888905,0.7643927823478315,0.6106570549544095,single_maturity_ea_slope
2018-04-01,FI,PSPP,27165.333333333332,481.7777777777774,0.7299940437129757,0.6127734990467868,single_maturity_ea_slope
2018-05-01,FI,PSPP,27597.333333333332,432.0,0.7400732954551775,0.6147662101317379,single_maturity_ea_slope
2018-06-01,FI,PSPP,28076.44444444444,479.1111111111095,0.6702917118085533,0.6157137262909161,single_maturity_ea_slope
2018-07-01,FI,PSPP,28569.777777777777,493.33333333333576,0.5708103316431629,0.6149383495437862,single_maturity_ea_slope
2018-08-01,FI,PSPP,29004.44444444444,434.66666666666424,0.5936741567054983,0.6146196799054803,single_maturity_ea_slope
2018-09-01,FI,PSPP,28688.888888888887,0.0,0.7263861113431737,0.6146196799054803,single_maturity_ea_slope
2018-10-01,FI,PSPP,29034.666666666664,345.7777777777774,0.7841615676208779,0.616638777208973,single_maturity_ea_slope
2018-11-01,FI,PSPP,29336.0,301.33333333333576,0.7148471721435747,0.6176475535590875,single_maturity_ea_slope
2018-12-01,FI,PSPP,29451.555555555555,115.55555555555475,0.597593042177174,0.6175688680648779,single_maturity_ea_slope
2019-01-01,FI,PSPP,29647.11111111111,195.55555555555475,0.5223221212847158,0.6169406102082642,single_maturity_ea_slope
2019-02-01,FI,PSPP,29760.888888888887,113.77777777777737,0.4165828623735084,0.6161746297500088,single_maturity_ea_slope
2019-03-01,FI,PSPP,29887.11111111111,126.22222222222263,0.3759876223035744,0.6151602480750424,single_maturity_ea_slope
2019-04-01,FI,PSPP,30055.11111111111,168.0,0.36316702952292135,0.6137516736545305,single_maturity_ea_slope
2019-05-01,FI,PSPP,30216.0,160.8888888888905,0.26154835927762143,0.6118763228498877,single_maturity_ea_slope
2019-06-01,FI,PSPP,30328.888888888887,112.88888888888687,0.05719532604061784,0.6098117130434757,single_maturity_ea_slope
2019-07-01,FI,PSPP,29236.44444444444,0.0,-0.058600037344292005,0.6098117130434757,single_maturity_ea_slope
2019-08-01,FI,PSPP,29340.44444444444,104.0,-0.3319448091783497,0.606473567348494,single_maturity_ea_slope
2019-09-01,FI,PSPP,29401.777777777777,61.33333333333576,-0.282419270111442,0.6046192998579496,single_maturity_ea_slope
2019-10-01,FI,PSPP,29747.555555555555,345.7777777777774,-0.19578314709841063,0.5953156319004398,single_maturity_ea_slope
2019-11-01,FI,PSPP,29943.11111111111,195.55555555555475,-0.07574847425442509,0.5909329772856422,single_maturity_ea_slope
2019-12-01,FI,PSPP,30119.11111111111,176.0,-0.03744507878993364,0.5872610715158699,single_maturity_ea_slope
2020-01-01,FI,PSPP,30634.666666666664,515.5555555555547,-0.07530134025285812,0.5761107059510526,single_maturity_ea_slope
2020-02-01,FI,PSPP,30811.555555555555,176.8888888888905,-0.2474297630947721,0.5713827668419126,single_maturity_ea_slope
2020-03-01,FI,PSPP,31109.333333333332,297.7777777777774,-0.13345242786841638,0.5646361015973854,single_maturity_ea_slope
2020-04-01,FI,PSPP,29947.555555555555,0.0,0.04297878324968982,0.5646361015973854,single_maturity_ea_slope
2020-05-01,FI,PSPP,30290.666666666664,343.1111111111095,-0.10513335516840328,0.557049429932873,single_maturity_ea_slope
2020-06-01,FI,PSPP,30621.333333333332,330.6666666666679,-0.1669082487409302,0.5492317209582538,single_maturity_ea_slope
2020-07-01,FI,PSPP,31283.555555555555,662.2222222222226,-0.1970682380472681,0.5334337591051223,single_maturity_ea_slope
2020-08-01,FI,PSPP,31479.11111111111,195.55555555555475,-0.2421125528500626,0.5286158851391727,single_maturity_ea_slope
2020-09-01,FI,PSPP,30372.44444444444,0.0,-0.268078081078908,0.5286158851391727,single_maturity_ea_slope
2020-10-01,FI,PSPP,30952.888888888887,580.4444444444453,-0.3539250463477518,0.5120660250432286,single_maturity_ea_slope
2020-11-01,FI,PSPP,31505.777777777777,552.8888888888905,-0.37760863004601164,0.4964532941024345,single_maturity_ea_slope
2020-12-01,FI,PSPP,31904.888888888887,399.1111111111095,-0.3936783550306436,0.48531827862697263,single_maturity_ea_slope
2021-01-01,FI,PSPP,32315.555555555555,410.6666666666679,-0.35959517784717776,0.47458110308327695,single_maturity_ea_slope
2021-02-01,FI,PSPP,32682.666666666664,367.1111111111095,-0.1987392380152397,0.46701796935629464,single_maturity_ea_slope
2021-03-01,FI,PSPP,33095.11111111111,412.44444444444525,-0.10703453667618323,0.45986389858923754,single_maturity_ea_slope
2021-04-01,FI,PSPP,32279.11111111111,0.0,-0.026569046546722194,0.45986389858923754,single_maturity_ea_slope
2021-05-01,FI,PSPP,32786.666666666664,507.55555555555475,0.10119071336375486,0.4543114412552603,single_maturity_ea_slope
2021-06-01,FI,PSPP,33495.11111111111,708.4444444444453,0.03784086344474884,0.4455028044919521,single_maturity_ea_slope
2021-07-01,FI,PSPP,34263.11111111111,768.0,-0.0426638177009149,0.4345606584437335,single_maturity_ea_slope
2021-08-01,FI,PSPP,34707.555555555555,444.44444444444525,-0.16556737401431007,0.42687577353288414,single_maturity_ea_slope
2021-09-01,FI,PSPP,35504.88888888889,797.3333333333358,-0.01972363469324434,0.416846490074485,single_maturity_ea_slope
2021-10-01,FI,PSPP,35716.444444444445,211.55555555555475,0.12733607475095127,0.41513166269719226,single_maturity_ea_slope
2021-11-01,FI,PSPP,36099.555555555555,383.1111111111095,0.035389005934295614,0.4111015955972019,single_maturity_ea_slope
2021-12-01,FI,PSPP,36592.0,492.44444444444525,-0.03139697228466665,0.40514657916114893,single_maturity_ea_slope
2022-01-01,FI,PSPP,37355.555555555555,763.5555555555547,0.21296240409425476,0.40121829346495713,single_maturity_ea_slope
2022-02-01,FI,PSPP,37704.88888888888,349.3333333333285,0.5321514117989726,0.40243138025606623,single_maturity_ea_slope
2022-03-01,FI,PSPP,38246.22222222222,541.3333333333358,0.7411232433357673,0.40722519215593234,single_maturity_ea_slope
2022-04-01,FI,PSPP,37776.0,0.0,1.2054726069877786,0.40722519215593234,single_maturity_ea_slope
2022-05-01,FI,PSPP,38369.777777777774,593.7777777777737,1.4647432513347507,0.4235904347897517,single_maturity_ea_slope
2022-06-01,FI,PSPP,38768.0,398.22222222222626,2.1030987411685746,0.4408422282794046,single_maturity_ea_slope
2022-07-01,FI,PSPP,39213.33333333333,445.3333333333285,1.7886055872484938,0.4561483473510017,single_maturity_ea_slope
2022-08-01,FI,PSPP,39410.666666666664,197.33333333333576,1.682588126220507,0.4622892597020637,single_maturity_ea_slope
2022-09-01,FI,PSPP,38467.555555555555,0.0,2.5661186553454685,0.4622892597020637,single_maturity_ea_slope
2022-10-01,FI,PSPP,38952.0,484.44444444444525,2.9347497351926912,0.4930391503741706,single_maturity_ea_slope
2022-11-01,FI,PSPP,39199.11111111111,247.1111111111095,2.700532809153381,0.5069551855935773,single_maturity_ea_slope
2022-12-01,FI,PSPP,39434.666666666664,235.55555555555475,2.7061896358465947,0.5200918984534872,single_maturity_ea_slope
2023-01-01,FI,PSPP,39743.11111111111,308.44444444444525,2.7801249044203913,0.537631909928751,single_maturity_ea_slope
2023-02-01,FI,PSPP,39988.444444444445,245.33333333333576,2.9455210473352444,0.5524045642938831,single_maturity_ea_slope
2023-03-01,FI,PSPP,40247.11111111111,258.66666666666424,2.988247881950123,0.5680596375179203,single_maturity_ea_slope
2023-04-01,FI,PSPP,39063.11111111111,0.0,2.9818715660310366,0.5680596375179203,single_maturity_ea_slope
2023-05-01,FI,PSPP,39264.88888888888,201.77777777777374,3.023067859788491,0.5806756442744324,single_maturity_ea_slope
2023-06-01,FI,PSPP,39210.666666666664,0.0,3.0261520569496136,0.5806756442744324,single_maturity_ea_slope
2023-07-01,FI,PSPP,39210.666666666664,0.0,3.0856761706446667,0.5806756442744324,single_maturity_ea_slope
2023-08-01,FI,PSPP,39210.666666666664,0.0,3.172348404142174,0.5806756442744324,single_maturity_ea_slope
2023-09-01,FI,PSPP,37552.0,0.0,3.2822305323542857,0.5806756442744324,single_maturity_ea_slope
2023-10-01,FI,PSPP,37552.0,0.0,3.5181817882371047,0.5806756442744324,single_maturity_ea_slope
2023-11-01,FI,PSPP,37552.0,0.0,3.250858772021809,0.5806756442744324,single_maturity_ea_slope
2023-12-01,FI,PSPP,37552.0,0.0,2.730818409854342,0.5806756442744324,single_maturity_ea_slope
2024-01-01,FI,PSPP,37552.0,0.0,2.849563651634682,0.5806756442744324,single_maturity_ea_slope
2024-02-01,FI,PSPP,37552.0,0.0,2.9246834970179236,0.5806756442744324,single_maturity_ea_slope
2024-03-01,FI,PSPP,37368.88888888888,0.0,2.88741089028596,0.5806756442744324,single_maturity_ea_slope
2024-04-01,FI,PSPP,36067.555555555555,0.0,2.990836987202262,0.5806756442744324,single_maturity_ea_slope
2024-05-01,FI,PSPP,36067.555555555555,0.0,3.045465619159418,0.5806756442744324,single_maturity_ea_slope
2024-06-01,FI,PSPP,36067.555555555555,0.0,3.09470474234134,0.5806756442744324,single_maturity_ea_slope
2024-07-01,FI,PSPP,36067.555555555555,0.0,3.0516977427983916,0.5806756442744324,single_maturity_ea_slope
2024-08-01,FI,PSPP,36067.555555555555,0.0,2.8177750273176,0.5806756442744324,single_maturity_ea_slope
2024-09-01,FI,PSPP,34907.555555555555,0.0,2.769146698593505,0.5806756442744324,single_maturity_ea_slope
2024-10-01,FI,PSPP,34907.555555555555,0.0,2.794058549196739,0.5806756442744324,single_maturity_ea_slope
2024-11-01,FI,PSPP,34687.11111111111,0.0,2.8498318085836667,0.5806756442744324,single_maturity_ea_slope
2024-12-01,FI,PSPP,34687.11111111111,0.0,2.6770271913372157,0.5806756442744324,single_maturity_ea_slope
2025-01-01,FI,PSPP,34687.11111111111,0.0,2.975499833675136,0.5806756442744324,single_maturity_ea_slope
2025-02-01,FI,PSPP,34687.11111111111,0.0,2.8492195794264803,0.5806756442744324,single_maturity_ea_slope
2025-03-01,FI,PSPP,34687.11111111111,0.0,3.1468068658997144,0.5806756442744324,single_maturity_ea_slope
2025-04-01,FI,PSPP,34595.555555555555,0.0,2.97325915405928,0.5806756442744324,single_maturity_ea_slope
2025-05-01,FI,PSPP,34595.555555555555,0.0,2.979401770317038,0.5806756442744324,single_maturity_ea_slope
2025-06-01,FI,PSPP,34595.555555555555,0.0,2.919227416930819,0.5806756442744324,single_maturity_ea_slope
2025-07-01,FI,PSPP,32960.0,0.0,3.0930697656340866,0.5806756442744324,single_maturity_ea_slope
2025-08-01,FI,PSPP,32960.0,0.0,3.135157348087,0.5806756442744324,single_maturity_ea_slope
2025-09-01,FI,PSPP,31608.888888888887,0.0,3.1607216957445816,0.5806756442744324,single_maturity_ea_slope
2025-10-01,FI,PSPP,31608.888888888887,0.0,3.0725572584240433,0.5806756442744324,single_maturity_ea_slope
2025-11-01,FI,PSPP,31608.888888888887,0.0,3.086809786546725,0.5806756442744324,single_maturity_ea_slope
2025-12-01,FI,PSPP,31608.888888888887,0.0,3.2078934102887335,0.5806756442744324,single_maturity_ea_slope
2026-01-01,FI,PSPP,31608.888888888887,0.0,3.2888327895496667,0.5806756442744324,single_maturity_ea_slope
2026-02-01,FI,PSPP,31608.888888888887,0.0,3.18907966495946,0.5806756442744324,single_maturity_ea_slope
2026-03-01,FI,PSPP,31608.888888888887,0.0,3.339376303567264,0.5806756442744324,single_maturity_ea_slope
2026-04-01,FI,PSPP,29396.44444444444,0.0,3.43909163806512,0.5806756442744324,single_maturity_ea_slope
2026-05-01,FI,PSPP,29396.44444444444,0.0,3.44677611844425,0.5806756442744324,single_maturity_ea_slope
2026-06-01,FI,PSPP,29396.44444444444,0.0,3.3504167383992,0.5806756442744324,single_maturity_ea_slope
2026-07-01,FI,PSPP,29396.44444444444,0.0,3.4590943974636352,0.5806756442744324,single_maturity_ea_slope
2026-08-01,FI,PSPP,29396.44444444444,0.0,3.548699328248095,0.5806756442744324,single_maturity_ea_slope
2020-03-01,FR,PEPP,2448.0,2448.0,0.12696361069907908,0.12696361069907908,single_maturity_ea_slope
2020-04-01,FR,PEPP,15954.0,13506.0,0.1507805597812048,0.14712605988443636,single_maturity_ea_slope
2020-05-01,FR,PEPP,23575.0,7621.0,0.056808995726571304,0.11792960830661708,single_maturity_ea_slope
2020-06-01,FR,PEPP,43796.0,20221.0,0.09119276636790677,0.10558497224755549,single_maturity_ea_slope
2020-07-01,FR,PEPP,59420.0,15624.0,-0.010144101701585112,0.0751549646511002,single_maturity_ea_slope
2020-08-01,FR,PEPP,70449.0,11029.0,-0.023096296832415403,0.05977343811556822,single_maturity_ea_slope
2020-09-01,FR,PEPP,84237.0,13788.0,-0.06891121674293058,0.038710199619551244,single_maturity_ea_slope
2020-10-01,FR,PEPP,98023.0,13786.0,-0.18553829938739225,0.007171787131566555,single_maturity_ea_slope
2020-11-01,FR,PEPP,111810.0,13787.0,-0.21509870243711338,-0.02023580825062994,single_maturity_ea_slope
2020-12-01,FR,PEPP,122840.0,11030.0,-0.2477046423338783,-0.040660598546447504,single_maturity_ea_slope
2021-01-01,FR,PEPP,133594.0,10754.0,-0.21429492480532453,-0.05463774980015623,single_maturity_ea_slope
2021-02-01,FR,PEPP,144624.0,11030.0,-0.029450289695382798,-0.05271678450424648,single_maturity_ea_slope
2021-03-01,FR,PEPP,158231.0,13607.0,0.06431704847141462,-0.04265251539579226,single_maturity_ea_slope
2021-04-01,FR,PEPP,174252.0,16021.0,0.13941463419327874,-0.025912978382922936,single_maturity_ea_slope
2021-05-01,FR,PEPP,189671.0,15419.0,0.36772349731661297,0.0060870681123828515,single_maturity_ea_slope
2021-06-01,FR,PEPP,204279.0,14608.0,0.2952468413016862,0.026764895822276397,single_maturity_ea_slope
2021-07-01,FR,PEPP,220704.0,16425.0,0.11885423480666817,0.03361827135157643,single_maturity_ea_slope
2021-08-01,FR,PEPP,233050.0,12346.0,-0.0042581859576215075,0.03161173738058584,single_maturity_ea_slope
2021-09-01,FR,PEPP,246513.0,13463.0,0.1651897461456444,0.03890693370696207,single_maturity_ea_slope
2021-10-01,FR,PEPP,258925.0,12412.0,0.3074552156356681,0.05178024171236557,single_maturity_ea_slope
2021-11-01,FR,PEPP,271409.0,12484.0,0.1777092322989397,0.05757259759770021,single_maturity_ea_slope
2021-12-01,FR,PEPP,281153.0,9744.0,0.1173266609737335,0.05964351127650167,single_maturity_ea_slope
2022-01-01,FR,PEPP,291112.0,9959.0,0.3732662483348729,0.07037260811333533,single_maturity_ea_slope
2022-02-01,FR,PEPP,296490.0,5378.0,0.7204761107607612,0.08216476514135602,single_maturity_ea_slope
2022-03-01,FR,PEPP,302286.0,5796.0,0.8216983291879957,0.09634450398872019,single_maturity_ea_slope
2022-04-01,FR,PEPP,300976.0,0.0,1.3094453739789222,0.09634450398872019,single_maturity_ea_slope
2022-05-01,FR,PEPP,298979.0,0.0,1.557142401682675,0.09634450398872019,single_maturity_ea_slope
2022-06-01,FR,PEPP,298865.0,0.0,2.1026634140557032,0.09634450398872019,single_maturity_ea_slope
2022-07-01,FR,PEPP,297766.0,0.0,1.7779970064388204,0.09634450398872019,single_maturity_ea_slope
2022-08-01,FR,PEPP,297863.0,97.0,1.7457931716370105,0.09688165200899086,single_maturity_ea_slope
2022-09-01,FR,PEPP,299736.0,1873.0,2.4349641700120275,0.11149193758102656,single_maturity_ea_slope
2022-10-01,FR,PEPP,298898.0,0.0,2.8006385599350407,0.11149193758102656,single_maturity_ea_slope
2022-11-01,FR,PEPP,299750.0,852.0,2.587322626234916,0.11852916108972754,single_maturity_ea_slope
2022-12-01,FR,PEPP,300576.0,826.0,2.6193992127828203,0.12540169470085583,single_maturity_ea_slope
2023-01-01,FR,PEPP,301843.0,1267.0,2.694386120812556,0.13618512604722968,single_maturity_ea_slope
2023-02-01,FR,PEPP,301029.0,0.0,2.871892475211444,0.13618512604722968,single_maturity_ea_slope
2023-03-01,FR,PEPP,296889.0,0.0,2.9282054906320454,0.13618512604722968,single_maturity_ea_slope
2023-04-01,FR,PEPP,297511.0,622.0,2.9180336285388755,0.14200107829286027,single_maturity_ea_slope
2023-05-01,FR,PEPP,294955.0,0.0,2.969556574552026,0.14200107829286027,single_maturity_ea_slope
2023-06-01,FR,PEPP,295779.0,824.0,2.946717425317841,0.1498146359489095,single_maturity_ea_slope
2023-07-01,FR,PEPP,296672.0,893.0,3.0481733194512666,0.15853886440446852,single_maturity_ea_slope
2023-08-01,FR,PEPP,297733.0,1061.0,3.12716632432413,0.16911785207118588,single_maturity_ea_slope
2023-09-01,FR,PEPP,298320.0,587.0,3.2569377738756287,0.17519371119594856,single_maturity_ea_slope
2023-10-01,FR,PEPP,298024.0,0.0,3.474901764895991,0.17519371119594856,single_maturity_ea_slope
2023-11-01,FR,PEPP,298622.0,598.0,3.2124419796314,0.18127589691744397,single_maturity_ea_slope
2023-12-01,FR,PEPP,299140.0,518.0,2.6714213478507736,0.1855879091644971,single_maturity_ea_slope
2024-01-01,FR,PEPP,301854.0,2714.0,2.7585136111354776,0.20872134571047377,single_maturity_ea_slope
2024-02-01,FR,PEPP,299401.0,0.0,2.8675206301026095,0.20872134571047377,single_maturity_ea_slope
2024-03-01,FR,PEPP,295017.0,0.0,2.8415612382945796,0.20872134571047377,single_maturity_ea_slope
2024-04-01,FR,PEPP,297545.0,2528.0,2.988302453460576,0.23233720563214025,single_maturity_ea_slope
2024-05-01,FR,PEPP,294437.0,0.0,3.0514285414447997,0.23233720563214025,single_maturity_ea_slope
2024-06-01,FR,PEPP,295814.0,1377.0,3.17217138388849,0.24602199290880392,single_maturity_ea_slope
2024-07-01,FR,PEPP,295842.0,28.0,3.1650389203862175,0.24629826360048854,single_maturity_ea_slope
2024-08-01,FR,PEPP,296278.0,436.0,2.95783633512,0.2502885382721905,single_maturity_ea_slope
2024-09-01,FR,PEPP,296979.0,701.0,2.9140330292169905,0.25657613735546675,single_maturity_ea_slope
2024-10-01,FR,PEPP,297662.0,683.0,3.0003528808232827,0.2628718671287953,single_maturity_ea_slope
2024-11-01,FR,PEPP,291854.0,0.0,3.1021917357006665,0.2628718671287953,single_maturity_ea_slope
2024-12-01,FR,PEPP,292169.0,315.0,3.018560263122389,0.26584289363995145,single_maturity_ea_slope
2025-01-01,FR,PEPP,291954.0,0.0,3.3254578649734454,0.26584289363995145,single_maturity_ea_slope
2025-02-01,FR,PEPP,288894.0,0.0,3.15567731183728,0.26584289363995145,single_maturity_ea_slope
2025-03-01,FR,PEPP,279248.0,0.0,3.4484407295878574,0.26584289363995145,single_maturity_ea_slope
2025-04-01,FR,PEPP,279178.0,0.0,3.2758694225614198,0.26584289363995145,single_maturity_ea_slope
2025-05-01,FR,PEPP,271540.0,0.0,3.2882492477495235,0.26584289363995145,single_maturity_ea_slope
2025-06-01,FR,PEPP,271500.0,0.0,3.261058680640305,0.26584289363995145,single_maturity_ea_slope
2025-07-01,FR,PEPP,271433.0,0.0,3.375622673831078,0.26584289363995145,single_maturity_ea_slope
2025-08-01,FR,PEPP,271433.0,0.0,3.428112283475,0.26584289363995145,single_maturity_ea_slope
2025-09-01,FR,PEPP,271351.0,0.0,3.510340008152618,0.26584289363995145,single_maturity_ea_slope
2025-10-01,FR,PEPP,268466.0,0.0,3.440329045626652,0.26584289363995145,single_maturity_ea_slope
2025-11-01,FR,PEPP,262281.0,0.0,3.4492399619319,0.26584289363995145,single_maturity_ea_slope
2025-12-01,FR,PEPP,261974.0,0.0,3.562257547909933,0.26584289363995145,single_maturity_ea_slope
2026-01-01,FR,PEPP,261974.0,0.0,3.520429418659841,0.26584289363995145,single_maturity_ea_slope
2026-02-01,FR,PEPP,253807.0,0.0,3.4106154830944297,0.26584289363995145,single_maturity_ea_slope
2026-03-01,FR,PEPP,251793.0,0.0,3.6453646511685864,0.26584289363995145,single_maturity_ea_slope
2026-04-01,FR,PEPP,248210.0,0.0,3.73777507854368,0.26584289363995145,single_maturity_ea_slope
2026-05-01,FR,PEPP,240001.0,0.0,3.76238652407102,0.26584289363995145,single_maturity_ea_slope
2026-06-01,FR,PEPP,239863.0,0.0,3.6955243101136004,0.26584289363995145,single_maturity_ea_slope
2026-07-01,FR,PEPP,239525.0,0.0,3.8598749411786653,0.26584289363995145,single_maturity_ea_slope
2026-08-01,FR,PEPP,239525.0,0.0,4.002669932824809,0.26584289363995145,single_maturity_ea_slope
2015-03-01,FR,PSPP,7784.0,7784.0,0.623816903320434,0.623816903320434,single_maturity_ea_slope
2015-04-01,FR,PSPP,15449.777777777777,7665.777777777777,0.5139064135360125,0.5692821778212768,single_maturity_ea_slope
2015-05-01,FR,PSPP,23880.888888888887,8431.11111111111,0.9968823470088403,0.7202457602207423,single_maturity_ea_slope
2015-06-01,FR,PSPP,32259.555555555555,8378.666666666668,1.33008814279204,0.87863808630134,single_maturity_ea_slope
2015-07-01,FR,PSPP,40672.88888888888,8413.333333333328,1.2746076925682477,0.9605458233320955,single_maturity_ea_slope
2015-08-01,FR,PSPP,47861.33333333333,7188.444444444445,1.164054947457787,0.9911114998569538,single_maturity_ea_slope
2015-09-01,FR,PSPP,56292.44444444444,8431.11111111111,1.1558432240814143,1.015783931195977,single_maturity_ea_slope
2015-10-01,FR,PSPP,65136.88888888888,8844.444444444445,1.009443680266371,1.01492303657747,single_maturity_ea_slope
2015-11-01,FR,PSPP,74222.22222222222,9085.333333333336,1.031419427458442,1.0169423133582414,single_maturity_ea_slope
2015-12-01,FR,PSPP,81570.66666666666,7348.444444444438,1.0700413129456106,1.0217258349900784,single_maturity_ea_slope
2016-01-01,FR,PSPP,90432.0,8861.333333333343,0.9726539334759342,1.0169173327274132,single_maturity_ea_slope
2016-02-01,FR,PSPP,99311.11111111111,8879.11111111111,0.7085897243525019,0.9893506781733117,single_maturity_ea_slope
2016-03-01,FR,PSPP,108068.44444444444,8757.333333333328,0.6272266812769306,0.9600059368371779,single_maturity_ea_slope
2016-04-01,FR,PSPP,121342.22222222222,13273.777777777781,0.6219435376697175,0.9230248672688849,single_maturity_ea_slope
2016-05-01,FR,PSPP,135029.3333333333,13687.111111111095,0.6255313796880421,0.8928697423131893,single_maturity_ea_slope
2016-06-01,FR,PSPP,147192.0,12162.666666666686,0.48222204422424364,0.8589373881819198,single_maturity_ea_slope
2016-07-01,FR,PSPP,159253.3333333333,12061.333333333314,0.26240409537106185,0.8137578824320284,single_maturity_ea_slope
2016-08-01,FR,PSPP,167936.88888888888,8683.555555555562,0.2401854997412327,0.7841000289182407,single_maturity_ea_slope
2016-09-01,FR,PSPP,180033.77777777778,12096.888888888905,0.2840428177958343,0.7505000200993285,single_maturity_ea_slope
2016-10-01,FR,PSPP,192620.44444444444,12586.666666666657,0.4455123907512619,0.7305707875657167,single_maturity_ea_slope
2016-11-01,FR,PSPP,204602.66666666666,11982.222222222219,0.7817993360907792,0.7335709041455717,single_maturity_ea_slope
2016-12-01,FR,PSPP,214104.0,9501.333333333343,0.8692005744462253,0.7395897674429254,single_maturity_ea_slope
2017-01-01,FR,PSPP,226761.77777777775,12657.777777777752,0.9834147087665148,0.7532000061445209,single_maturity_ea_slope
2017-02-01,FR,PSPP,238813.3333333333,12051.555555555562,1.1578163926829705,0.7736187021737331,single_maturity_ea_slope
2017-03-01,FR,PSPP,250997.3333333333,12184.0,1.1418553629214863,0.791493774450267,single_maturity_ea_slope
2017-04-01,FR,PSPP,261044.44444444444,10047.111111111124,0.9979252647636618,0.7994389353765028,single_maturity_ea_slope
2017-05-01,FR,PSPP,270616.8888888889,9572.444444444438,0.9343652214363527,0.8042116396327158,single_maturity_ea_slope
2017-06-01,FR,PSPP,280216.0,9599.111111111124,0.7820579958397519,0.8034527418956678,single_maturity_ea_slope
2017-07-01,FR,PSPP,289095.1111111111,8879.111111111124,0.9749524685743811,0.8087200918790448,single_maturity_ea_slope
2017-08-01,FR,PSPP,297335.11111111107,8239.999999999942,0.8408104842769486,0.8096094077501864,single_maturity_ea_slope
2017-09-01,FR,PSPP,307157.3333333333,9822.222222222248,0.8351919035515575,0.8104274802214937,single_maturity_ea_slope
2017-10-01,FR,PSPP,316480.0,9322.666666666686,0.9535062415421749,0.8146422034231882,single_maturity_ea_slope
2017-11-01,FR,PSPP,325759.11111111107,9279.111111111066,0.8623371634203394,0.8160007742755707,single_maturity_ea_slope
2017-12-01,FR,PSPP,333958.2222222222,8199.111111111124,0.7990192098264002,0.8155838546595997,single_maturity_ea_slope
2018-01-01,FR,PSPP,337494.2222222222,3536.0,0.962311688228907,0.8171211539238208,single_maturity_ea_slope
2018-02-01,FR,PSPP,341248.8888888889,3754.666666666686,1.0786628253096524,0.8199988242327091,single_maturity_ea_slope
2018-03-01,FR,PSPP,344795.55555555556,3546.666666666686,0.9223761573855613,0.8210519070496566,single_maturity_ea_slope
2018-04-01,FR,PSPP,348853.3333333333,4057.777777777752,0.872548200327547,0.8216508995044637,single_maturity_ea_slope
2018-05-01,FR,PSPP,352552.0,3698.666666666686,0.8872228794658997,0.822338823261954,single_maturity_ea_slope
2018-06-01,FR,PSPP,356589.3333333333,4037.333333333314,0.846124366388782,0.8226081251090387,single_maturity_ea_slope
2018-07-01,FR,PSPP,360707.55555555556,4118.222222222248,0.7584491686652559,0.8218756180236952,single_maturity_ea_slope
2018-08-01,FR,PSPP,364370.6666666666,3663.111111111066,0.7810868969360097,0.8214655586223961,single_maturity_ea_slope
2018-09-01,FR,PSPP,368120.8888888889,3750.222222222248,0.8432556266812639,0.8216875443882806,single_maturity_ea_slope
2018-10-01,FR,PSPP,369897.77777777775,1776.888888888876,0.8894781484894649,0.8220131921170183,single_maturity_ea_slope
2018-11-01,FR,PSPP,371374.2222222222,1476.444444444438,0.8306830927420311,0.8220476603860734,single_maturity_ea_slope
2018-12-01,FR,PSPP,373561.77777777775,2187.555555555562,0.7605284686344932,0.8216874076576223,single_maturity_ea_slope
2019-01-01,FR,PSPP,375777.77777777775,2216.0,0.7033777260618868,0.8209897233614233,single_maturity_ea_slope
2019-02-01,FR,PSPP,375117.3333333333,0.0,0.6005325797976134,0.8209897233614233,single_maturity_ea_slope
2019-03-01,FR,PSPP,376401.77777777775,1284.444444444438,0.48292521885902806,0.8198361021505046,single_maturity_ea_slope
2019-04-01,FR,PSPP,375751.11111111107,0.0,0.4119096082273208,0.8198361021505046,single_maturity_ea_slope
2019-05-01,FR,PSPP,371684.44444444444,0.0,0.3464289293271994,0.8198361021505046,single_maturity_ea_slope
2019-06-01,FR,PSPP,372460.44444444444,776.0,0.11491911041075538,0.8183674479786341,single_maturity_ea_slope
2019-07-01,FR,PSPP,373689.77777777775,1229.333333333314,-0.037926644904528295,0.8155504833889747,single_maturity_ea_slope
2019-08-01,FR,PSPP,374035.55555555556,345.7777777778101,-0.31892720073841024,0.8145017136484258,single_maturity_ea_slope
2019-09-01,FR,PSPP,375022.2222222222,986.6666666666279,-0.2530837789781373,0.8116929440423214,single_maturity_ea_slope
2019-10-01,FR,PSPP,373112.0,0.0,-0.13912208320110006,0.8116929440423214,single_maturity_ea_slope
2019-11-01,FR,PSPP,373246.2222222222,134.22222222218988,0.003047744831274308,0.8114021489875686,single_maturity_ea_slope
2019-12-01,FR,PSPP,377920.8888888889,4674.666666666686,0.05918334589112081,0.8020976297925243,single_maturity_ea_slope
2020-01-01,FR,PSPP,384527.11111111107,6606.22222222219,0.005968337059636434,0.788420032365865,single_maturity_ea_slope
2020-02-01,FR,PSPP,386173.3333333333,1646.222222222248,-0.1654009257559546,0.784353979322461,single_maturity_ea_slope
2020-03-01,FR,PSPP,394060.44444444444,7887.111111111124,-0.03898880861437155,0.767874791567027,single_maturity_ea_slope
2020-04-01,FR,PSPP,401460.44444444444,7400.0,0.07703232939802102,0.7551406996015654,single_maturity_ea_slope
2020-05-01,FR,PSPP,406312.8888888889,4852.444444444438,-0.006445699190164439,0.7460453551248313,single_maturity_ea_slope
2020-06-01,FR,PSPP,416784.8888888889,10472.0,-0.013225966047365999,0.726968153702025,single_maturity_ea_slope
2020-07-01,FR,PSPP,420975.11111111107,4190.22222222219,-0.12398484688994518,0.7184980991096385,single_maturity_ea_slope
2020-08-01,FR,PSPP,423627.5555555555,2652.444444444438,-0.14673203090768464,0.7130806638615449,single_maturity_ea_slope
2020-09-01,FR,PSPP,430562.6666666666,6935.111111111124,-0.18780625881349464,0.6985699981884914,single_maturity_ea_slope
2020-10-01,FR,PSPP,431536.0,973.3333333333721,-0.2729250463477518,0.6963787823686866,single_maturity_ea_slope
2020-11-01,FR,PSPP,430672.8888888889,0.0,-0.288511617369631,0.6963787823686866,single_maturity_ea_slope
2020-12-01,FR,PSPP,434254.2222222222,3581.333333333314,-0.3113625619204183,0.6880678495487085,single_maturity_ea_slope
2021-01-01,FR,PSPP,438341.3333333333,4087.111111111124,-0.2811044292200691,0.6790312506977291,single_maturity_ea_slope
2021-02-01,FR,PSPP,437938.6666666666,0.0,-0.11374444802868652,0.6790312506977291,single_maturity_ea_slope
2021-03-01,FR,PSPP,439820.44444444444,1881.7777777778101,-0.031549471617467406,0.6759910213735579,single_maturity_ea_slope
2021-04-01,FR,PSPP,439615.11111111107,0.0,0.03509605322924415,0.6759910213735579,single_maturity_ea_slope
2021-05-01,FR,PSPP,437154.6666666666,0.0,0.2624794276785837,0.6759910213735579,single_maturity_ea_slope
2021-06-01,FR,PSPP,441690.6666666666,4536.0,0.19343830767900902,0.671035383243739,single_maturity_ea_slope
2021-07-01,FR,PSPP,445896.8888888889,4206.222222222248,0.027634409005429135,0.6649660709361687,single_maturity_ea_slope
2021-08-01,FR,PSPP,448410.6666666666,2513.777777777752,-0.09055492010663568,0.6607306411859218,single_maturity_ea_slope
2021-09-01,FR,PSPP,453924.44444444444,5513.77777777781,0.06727869954924551,0.6535220359477083,single_maturity_ea_slope
2021-10-01,FR,PSPP,451458.6666666666,0.0,0.2296428181063912,0.6535220359477083,single_maturity_ea_slope
2021-11-01,FR,PSPP,455413.3333333333,3954.666666666686,0.11955483963758876,0.6488852321526041,single_maturity_ea_slope
2021-12-01,FR,PSPP,458695.11111111107,3281.777777777752,0.06448045701652362,0.6447040526331123,single_maturity_ea_slope
2022-01-01,FR,PSPP,464637.3333333333,5942.222222222248,0.32051932870176036,0.6405580713861256,single_maturity_ea_slope
2022-02-01,FR,PSPP,464832.8888888889,195.55555555556202,0.6855762812924565,0.640577010581821,single_maturity_ea_slope
2022-03-01,FR,PSPP,468394.6666666666,3561.777777777752,0.7838570954498896,0.6416665443844003,single_maturity_ea_slope
2022-04-01,FR,PSPP,469404.44444444444,1009.7777777778101,1.2851145810881504,0.6430507228605696,single_maturity_ea_slope
2022-05-01,FR,PSPP,468149.3333333333,0.0,1.5275528807249459,0.6430507228605696,single_maturity_ea_slope
2022-06-01,FR,PSPP,472274.6666666666,4125.333333333314,2.0663630030743225,0.6554833981822223,single_maturity_ea_slope
2022-07-01,FR,PSPP,471242.6666666666,0.0,1.7190430801402012,0.6554833981822223,single_maturity_ea_slope
2022-08-01,FR,PSPP,472662.2222222222,1419.555555555562,1.6946369660073655,0.6586043081067477,single_maturity_ea_slope
2022-09-01,FR,PSPP,477722.6666666666,5060.444444444438,2.4109298974503046,0.6771664298401066,single_maturity_ea_slope
2022-10-01,FR,PSPP,472782.2222222222,0.0,2.773573009904961,0.6771664298401066,single_maturity_ea_slope
2022-11-01,FR,PSPP,473104.8888888889,322.66666666668607,2.580625102239566,0.6784646253975513,single_maturity_ea_slope
2022-12-01,FR,PSPP,474643.5555555555,1538.6666666666279,2.6199920161167154,0.6847585346765326,single_maturity_ea_slope
2023-01-01,FR,PSPP,477353.77777777775,2710.222222222248,2.6893262450620186,0.6961396616468214,single_maturity_ea_slope
2023-02-01,FR,PSPP,476155.5555555555,0.0,2.869671134055873,0.6961396616468214,single_maturity_ea_slope
2023-03-01,FR,PSPP,471858.6666666666,0.0,2.9195538112714146,0.6961396616468214,single_maturity_ea_slope
2023-04-01,FR,PSPP,471950.2222222222,91.55555555556202,2.8972000244238254,0.696566654356723,single_maturity_ea_slope
2023-05-01,FR,PSPP,462656.0,0.0,2.940409087537052,0.696566654356723,single_maturity_ea_slope
2023-06-01,FR,PSPP,463608.8888888889,952.888888888876,2.928649262771932,0.7011544152207101,single_maturity_ea_slope
2023-07-01,FR,PSPP,459779.5555555555,0.0,3.039357234200127,0.7011544152207101,single_maturity_ea_slope
2023-08-01,FR,PSPP,459779.5555555555,0.0,3.1035646946891955,0.7011544152207101,single_maturity_ea_slope
2023-09-01,FR,PSPP,459597.3333333333,0.0,3.2306997507557145,0.7011544152207101,single_maturity_ea_slope
2023-10-01,FR,PSPP,449437.3333333333,0.0,3.439985176794826,0.7011544152207101,single_maturity_ea_slope
2023-11-01,FR,PSPP,448335.11111111107,0.0,3.1778007402985833,0.7011544152207101,single_maturity_ea_slope
2023-12-01,FR,PSPP,448157.3333333333,0.0,2.6303826510645263,0.7011544152207101,single_maturity_ea_slope
2024-01-01,FR,PSPP,447134.2222222222,0.0,2.7105985431153488,0.7011544152207101,single_maturity_ea_slope
2024-02-01,FR,PSPP,443663.11111111107,0.0,2.826674759511365,0.7011544152207101,single_maturity_ea_slope
2024-03-01,FR,PSPP,436294.2222222222,0.0,2.8035201854326997,0.7011544152207101,single_maturity_ea_slope
2024-04-01,FR,PSPP,435875.5555555555,0.0,2.9470791183011116,0.7011544152207101,single_maturity_ea_slope
2024-05-01,FR,PSPP,425605.3333333333,0.0,3.0148607558103633,0.7011544152207101,single_maturity_ea_slope
2024-06-01,FR,PSPP,425348.44444444444,0.0,3.1304428367132413,0.7011544152207101,single_maturity_ea_slope
2024-07-01,FR,PSPP,419871.11111111107,0.0,3.114575246830435,0.7011544152207101,single_maturity_ea_slope
2024-08-01,FR,PSPP,419845.3333333333,0.0,2.8971238622579545,0.7011544152207101,single_maturity_ea_slope
2024-09-01,FR,PSPP,419663.11111111107,0.0,2.8456165382909684,0.7011544152207101,single_maturity_ea_slope
2024-10-01,FR,PSPP,419347.5555555555,0.0,2.925283434108261,0.7011544152207101,single_maturity_ea_slope
2024-11-01,FR,PSPP,407158.2222222222,0.0,3.042346352374603,0.7011544152207101,single_maturity_ea_slope
2024-12-01,FR,PSPP,407068.44444444444,0.0,2.955151547177298,0.7011544152207101,single_maturity_ea_slope
2025-01-01,FR,PSPP,406844.44444444444,0.0,3.2522574535551896,0.7011544152207101,single_maturity_ea_slope
2025-02-01,FR,PSPP,402824.8888888889,0.0,3.080982521035,0.7011544152207101,single_maturity_ea_slope
2025-03-01,FR,PSPP,387943.11111111107,0.0,3.3575576198813253,0.7011544152207101,single_maturity_ea_slope
2025-04-01,FR,PSPP,387584.8888888889,0.0,3.160529437231558,0.7011544152207101,single_maturity_ea_slope
2025-05-01,FR,PSPP,375692.44444444444,0.0,3.179872419962389,0.7011544152207101,single_maturity_ea_slope
2025-06-01,FR,PSPP,375600.0,0.0,3.1533618169303175,0.7011544152207101,single_maturity_ea_slope
2025-07-01,FR,PSPP,375522.6666666666,0.0,3.2557562669599056,0.7011544152207101,single_maturity_ea_slope
2025-08-01,FR,PSPP,375510.2222222222,0.0,3.3008868026575238,0.7011544152207101,single_maturity_ea_slope
2025-09-01,FR,PSPP,375417.77777777775,0.0,3.377235659631363,0.7011544152207101,single_maturity_ea_slope
2025-10-01,FR,PSPP,367878.2222222222,0.0,3.323042133608971,0.7011544152207101,single_maturity_ea_slope
2025-11-01,FR,PSPP,357744.0,0.0,3.34165531418015,0.7011544152207101,single_maturity_ea_slope
2025-12-01,FR,PSPP,356576.8888888889,0.0,3.453438241758333,0.7011544152207101,single_maturity_ea_slope
2026-01-01,FR,PSPP,356576.8888888889,0.0,3.409889204181008,0.7011544152207101,single_maturity_ea_slope
2026-02-01,FR,PSPP,343818.6666666666,0.0,3.3045210515554166,0.7011544152207101,single_maturity_ea_slope
2026-03-01,FR,PSPP,341560.0,0.0,3.5575517519607502,0.7011544152207101,single_maturity_ea_slope
2026-04-01,FR,PSPP,333782.2222222222,0.0,3.657156018859458,0.7011544152207101,single_maturity_ea_slope
2026-05-01,FR,PSPP,320843.55555555556,0.0,3.6956642458972087,0.7011544152207101,single_maturity_ea_slope
2026-06-01,FR,PSPP,320635.55555555556,0.0,3.6298853230998334,0.7011544152207101,single_maturity_ea_slope
2026-07-01,FR,PSPP,320207.11111111107,0.0,3.7919911961673045,0.7011544152207101,single_maturity_ea_slope
2026-08-01,FR,PSPP,320207.11111111107,0.0,3.933059699691532,0.7011544152207101,single_maturity_ea_slope
2020-03-01,GR,PEPP,301.0,301.0,1.9618413713646037,1.9618413713646037,single_maturity_ea_slope
2020-04-01,GR,PEPP,2226.0,1925.0,2.0675591024721864,2.0532639375739916,single_maturity_ea_slope
2020-05-01,GR,PEPP,4690.0,2464.0,2.0042720291664975,2.0275249050972186,single_maturity_ea_slope
2020-06-01,GR,PEPP,7798.0,3108.0,1.4493391794019552,1.797081043150453,single_maturity_ea_slope
2020-07-01,GR,PEPP,9946.0,2148.0,1.2546231558082113,1.6799284650274755,single_maturity_ea_slope
2020-08-01,GR,PEPP,11291.0,1345.0,1.1854946056304132,1.6210307995515167,single_maturity_ea_slope
2020-09-01,GR,PEPP,12966.0,1675.0,1.1782865681116665,1.5638353200156732,single_maturity_ea_slope
2020-10-01,GR,PEPP,14639.0,1673.0,0.9864531278689028,1.4978499106665681,single_maturity_ea_slope
2020-11-01,GR,PEPP,16307.0,1668.0,0.8424858781257697,1.4308144531159426,single_maturity_ea_slope
2020-12-01,GR,PEPP,17645.0,1338.0,0.7254006220361969,1.3773237358597963,single_maturity_ea_slope
2021-01-01,GR,PEPP,18950.0,1305.0,0.7573001131509534,1.3346255391508233,single_maturity_ea_slope
2021-02-01,GR,PEPP,20288.0,1338.0,0.950943458288481,1.309321584882595,single_maturity_ea_slope
2021-03-01,GR,PEPP,21936.0,1648.0,1.0739343473606626,1.2916374962868553,single_maturity_ea_slope
2021-04-01,GR,PEPP,23860.0,1924.0,1.0823889135890776,1.2747643079754336,single_maturity_ea_slope
2021-05-01,GR,PEPP,25680.0,1820.0,1.229865210204831,1.2715822068094487,single_maturity_ea_slope
2021-06-01,GR,PEPP,27449.0,1769.0,1.0415804778137168,1.25675933316766,single_maturity_ea_slope
2021-07-01,GR,PEPP,29396.0,1947.0,0.9066153977847734,1.2335680744184943,single_maturity_ea_slope
2021-08-01,GR,PEPP,30553.0,1157.0,0.7587429578504343,1.2155871016868722,single_maturity_ea_slope
2021-09-01,GR,PEPP,32184.0,1631.0,0.9829134228703871,1.2037958150180403,single_maturity_ea_slope
2021-10-01,GR,PEPP,33685.0,1501.0,1.1119194427952548,1.1997018136908502,single_maturity_ea_slope
2021-11-01,GR,PEPP,34934.0,1249.0,1.334948448652261,1.2045373048188859,single_maturity_ea_slope
2021-12-01,GR,PEPP,35731.0,797.0,1.3824062153941044,1.2085047706532719,single_maturity_ea_slope
2022-01-01,GR,PEPP,36875.0,1144.0,1.7193325181694799,1.2243525521626561,single_maturity_ea_slope
2022-02-01,GR,PEPP,37618.0,743.0,2.524704091548675,1.2500360333090172,single_maturity_ea_slope
2022-03-01,GR,PEPP,38503.0,885.0,2.6745281644184233,1.2827783010811864,single_maturity_ea_slope
2022-04-01,GR,PEPP,38275.0,0.0,2.9361042952374694,1.2827783010811864,single_maturity_ea_slope
2022-05-01,GR,PEPP,38676.0,401.0,3.5920704482919796,1.3067214738764994,single_maturity_ea_slope
2022-06-01,GR,PEPP,38358.0,0.0,3.9930041615883733,1.3067214738764994,single_maturity_ea_slope
2022-07-01,GR,PEPP,39764.0,1406.0,3.4704308014020118,1.3832272407636554,single_maturity_ea_slope
2022-08-01,GR,PEPP,38604.0,0.0,3.5485510927858184,1.3832272407636554,single_maturity_ea_slope
2022-09-01,GR,PEPP,38876.0,272.0,4.479341815205201,1.4048895302031066,single_maturity_ea_slope
2022-10-01,GR,PEPP,39007.0,131.0,4.916181153021621,1.4166817521783732,single_maturity_ea_slope
2022-11-01,GR,PEPP,39605.0,598.0,4.430202561552916,1.4621832152261192,single_maturity_ea_slope
2022-12-01,GR,PEPP,39438.0,0.0,4.219099817159641,1.4621832152261192,single_maturity_ea_slope
2023-01-01,GR,PEPP,37758.0,0.0,4.298709582756362,1.4621832152261192,single_maturity_ea_slope
2023-02-01,GR,PEPP,37686.0,0.0,4.263899850703583,1.4621832152261192,single_maturity_ea_slope
2023-03-01,GR,PEPP,37723.0,37.0,4.305502229858588,1.4649720391145005,single_maturity_ea_slope
2023-04-01,GR,PEPP,37536.0,0.0,4.257532887665716,1.4649720391145005,single_maturity_ea_slope
2023-05-01,GR,PEPP,38147.0,611.0,4.03440864242795,1.506126671579033,single_maturity_ea_slope
2023-06-01,GR,PEPP,37675.0,0.0,3.744885796984023,1.506126671579033,single_maturity_ea_slope
2023-07-01,GR,PEPP,37976.0,301.0,3.868475822961267,1.524850789299858,single_maturity_ea_slope
2023-08-01,GR,PEPP,38164.0,188.0,3.923156460216739,1.536665102949695,single_maturity_ea_slope
2023-09-01,GR,PEPP,38257.0,93.0,4.128730066016514,1.5429662253995788,single_maturity_ea_slope
2023-10-01,GR,PEPP,38857.0,600.0,4.375684577577141,1.5867068901782941,single_maturity_ea_slope
2023-11-01,GR,PEPP,39229.0,372.0,3.9553409316196997,1.6091681271054705,single_maturity_ea_slope
2023-12-01,GR,PEPP,39264.0,35.0,3.3651793753121315,1.6107334386806345,single_maturity_ea_slope
2024-01-01,GR,PEPP,39359.0,95.0,3.377535229349296,1.6149979314297775,single_maturity_ea_slope
2024-02-01,GR,PEPP,39314.0,0.0,3.5223097191522954,1.6149979314297775,single_maturity_ea_slope
2024-03-01,GR,PEPP,39344.0,30.0,3.43825345632324,1.616388173035786,single_maturity_ea_slope
2024-04-01,GR,PEPP,38281.0,0.0,3.5688302523065767,1.616388173035786,single_maturity_ea_slope
2024-05-01,GR,PEPP,38486.0,205.0,3.624443309564727,1.6270843041740812,single_maturity_ea_slope
2024-06-01,GR,PEPP,38335.0,0.0,3.73581442109358,1.6270843041740812,single_maturity_ea_slope
2024-07-01,GR,PEPP,38407.0,72.0,3.603113034346391,1.630788682765807,single_maturity_ea_slope
2024-08-01,GR,PEPP,38354.0,0.0,3.4022138525704,1.630788682765807,single_maturity_ea_slope
2024-09-01,GR,PEPP,38263.0,0.0,3.287677269155105,1.630788682765807,single_maturity_ea_slope
2024-10-01,GR,PEPP,38278.0,15.0,3.2584464849195784,1.63142651303469,single_maturity_ea_slope
2024-11-01,GR,PEPP,38381.0,103.0,3.265529289462666,1.6358118231092602,single_maturity_ea_slope
2024-12-01,GR,PEPP,38309.0,0.0,3.1223194643098418,1.6358118231092602,single_maturity_ea_slope
2025-01-01,GR,PEPP,38309.0,0.0,3.424804855224282,1.6358118231092602,single_maturity_ea_slope
2025-02-01,GR,PEPP,36887.0,0.0,3.381838867956,1.6358118231092602,single_maturity_ea_slope
2025-03-01,GR,PEPP,36822.0,0.0,3.714766422964429,1.6358118231092602,single_maturity_ea_slope
2025-04-01,GR,PEPP,36822.0,0.0,3.5713780064511,1.6358118231092602,single_maturity_ea_slope
2025-05-01,GR,PEPP,36822.0,0.0,3.50587888167521,1.6358118231092602,single_maturity_ea_slope
2025-06-01,GR,PEPP,36822.0,0.0,3.415797908035505,1.6358118231092602,single_maturity_ea_slope
2025-07-01,GR,PEPP,36822.0,0.0,3.489187495141608,1.6358118231092602,single_maturity_ea_slope
2025-08-01,GR,PEPP,36822.0,0.0,3.5007700096170002,1.6358118231092602,single_maturity_ea_slope
2025-09-01,GR,PEPP,36787.0,0.0,3.5198831143001454,1.6358118231092602,single_maturity_ea_slope
2025-10-01,GR,PEPP,36787.0,0.0,3.417798334341478,1.6358118231092602,single_maturity_ea_slope
2025-11-01,GR,PEPP,36787.0,0.0,3.4092295499806746,1.6358118231092602,single_maturity_ea_slope
2025-12-01,GR,PEPP,36787.0,0.0,3.5390096011927903,1.6358118231092602,single_maturity_ea_slope
2026-01-01,GR,PEPP,36787.0,0.0,3.522011142206667,1.6358118231092602,single_maturity_ea_slope
2026-02-01,GR,PEPP,34591.0,0.0,3.5351924139367203,1.6358118231092602,single_maturity_ea_slope
2026-03-01,GR,PEPP,34591.0,0.0,3.8220929744173047,1.6358118231092602,single_maturity_ea_slope
2026-04-01,GR,PEPP,34591.0,0.0,3.88357515345688,1.6358118231092602,single_maturity_ea_slope
2026-05-01,GR,PEPP,34591.0,0.0,3.84527923049739,1.6358118231092602,single_maturity_ea_slope
2026-06-01,GR,PEPP,34591.0,0.0,3.7261866871824,1.6358118231092602,single_maturity_ea_slope
2026-07-01,GR,PEPP,33645.0,0.0,3.8895500826930305,1.6358118231092602,single_maturity_ea_slope
2026-08-01,GR,PEPP,33645.0,0.0,3.9623796757384095,1.6358118231092602,single_maturity_ea_slope
2020-03-01,IE,PEPP,205.0,205.0,0.3231290116846372,0.3231290116846372,single_maturity_ea_slope
2020-04-01,IE,PEPP,1324.0,1119.0,0.3346491787886182,0.3328654671146634,single_maturity_ea_slope
2020-05-01,IE,PEPP,3000.0,1676.0,0.18033230493376357,0.24765027384293403,single_maturity_ea_slope
2020-06-01,IE,PEPP,4676.0,1676.0,0.17144240382903647,0.2203353914341889,single_maturity_ea_slope
2020-07-01,IE,PEPP,5971.0,1295.0,0.04854530093178084,0.18307728270857873,single_maturity_ea_slope
2020-08-01,IE,PEPP,6885.0,914.0,-0.025870330949511897,0.15533899383661146,single_maturity_ea_slope
2020-09-01,IE,PEPP,8028.0,1143.0,-0.033624481467627976,0.1284350012764787,single_maturity_ea_slope
2020-10-01,IE,PEPP,9172.0,1144.0,-0.11129932811663684,0.0985335541738049,single_maturity_ea_slope
2020-11-01,IE,PEPP,10316.0,1144.0,-0.1331434821549044,0.07284156798147808,single_maturity_ea_slope
2020-12-01,IE,PEPP,11230.0,914.0,-0.1741976154966356,0.05273526222021396,single_maturity_ea_slope
2021-01-01,IE,PEPP,12122.0,892.0,-0.11407053425941391,0.04046082149592523,single_maturity_ea_slope
2021-02-01,IE,PEPP,13034.0,912.0,0.10963616426965542,0.04530107871624455,single_maturity_ea_slope
2021-03-01,IE,PEPP,14162.0,1128.0,0.20790180200998404,0.058252188437706076,single_maturity_ea_slope
2021-04-01,IE,PEPP,15490.0,1328.0,0.2754240355374808,0.07687092394115998,single_maturity_ea_slope
2021-05-01,IE,PEPP,16769.0,1279.0,0.453107210612434,0.10556710204674526,single_maturity_ea_slope
2021-06-01,IE,PEPP,17982.0,1213.0,0.39317664416510695,0.12496819061250948,single_maturity_ea_slope
2021-07-01,IE,PEPP,19345.0,1363.0,0.21358888609920254,0.13121218171865384,single_maturity_ea_slope
2021-08-01,IE,PEPP,20369.0,1024.0,0.07907092835134598,0.12859091197305397,single_maturity_ea_slope
2021-09-01,IE,PEPP,21485.0,1116.0,0.22620100094739326,0.13366109392769035,single_maturity_ea_slope
2021-10-01,IE,PEPP,22513.0,1028.0,0.3645111573924048,0.14420228636058363,single_maturity_ea_slope
2021-11-01,IE,PEPP,23548.0,1035.0,0.29846743864093805,0.15098266824482717,single_maturity_ea_slope
2021-12-01,IE,PEPP,24356.0,808.0,0.2025067466738995,0.15269195775750127,single_maturity_ea_slope
2022-01-01,IE,PEPP,25331.0,975.0,0.48098500328827754,0.16532808421885326,single_maturity_ea_slope
2022-02-01,IE,PEPP,25957.0,626.0,0.839515663205962,0.18158733700021973,single_maturity_ea_slope
2022-03-01,IE,PEPP,25531.0,0.0,1.0082140879882817,0.18158733700021973,single_maturity_ea_slope
2022-04-01,IE,PEPP,25630.0,99.0,1.455656970537345,0.18650863601388246,single_maturity_ea_slope
2022-05-01,IE,PEPP,25831.0,201.0,1.6894336219445558,0.1982034183363657,single_maturity_ea_slope
2022-06-01,IE,PEPP,26003.0,172.0,2.199201656869164,0.21143926408599617,single_maturity_ea_slope
2022-07-01,IE,PEPP,26003.0,0.0,1.8561428802032687,0.21143926408599617,single_maturity_ea_slope
2022-08-01,IE,PEPP,26085.0,82.0,1.8057384792445592,0.21645105383654253,single_maturity_ea_slope
2022-09-01,IE,PEPP,26327.0,242.0,2.460346099275416,0.23707712596767055,single_maturity_ea_slope
2022-10-01,IE,PEPP,25607.0,0.0,2.7686119644223526,0.23707712596767055,single_maturity_ea_slope
2022-11-01,IE,PEPP,25824.0,217.0,2.5486559521498937,0.25650140591196824,single_maturity_ea_slope
2022-12-01,IE,PEPP,25864.0,40.0,2.5848866511996533,0.26010237288581245,single_maturity_ea_slope
2023-01-01,IE,PEPP,25997.0,133.0,2.6647194073032545,0.27240433332653713,single_maturity_ea_slope
2023-02-01,IE,PEPP,26114.0,117.0,2.8611256576261566,0.28400272480019323,single_maturity_ea_slope
2023-03-01,IE,PEPP,25104.0,0.0,2.8771340025014305,0.28400272480019323,single_maturity_ea_slope
2023-04-01,IE,PEPP,25178.0,74.0,2.819156024850514,0.29145372742962067,single_maturity_ea_slope
2023-05-01,IE,PEPP,25279.0,101.0,2.860758475512037,0.3017191564242931,single_maturity_ea_slope
2023-06-01,IE,PEPP,25341.0,62.0,2.822348490560159,0.30788619871608996,single_maturity_ea_slope
2023-07-01,IE,PEPP,25412.0,71.0,2.922317999610967,0.3151908051171421,single_maturity_ea_slope
2023-08-01,IE,PEPP,25494.0,82.0,3.0179043846924998,0.3238839295199498,single_maturity_ea_slope
2023-09-01,IE,PEPP,25540.0,46.0,3.1457840387448286,0.3289664434206681,single_maturity_ea_slope
2023-10-01,IE,PEPP,25648.0,108.0,3.361434435581091,0.34173572535896063,single_maturity_ea_slope
2023-11-01,IE,PEPP,25707.0,59.0,3.0992050999469907,0.3480643787646748,single_maturity_ea_slope
2023-12-01,IE,PEPP,25746.0,39.0,2.565159858041026,0.3514228314832244,single_maturity_ea_slope
2024-01-01,IE,PEPP,25885.0,139.0,2.7021729397258643,0.36404613706737454,single_maturity_ea_slope
2024-02-01,IE,PEPP,26006.0,121.0,2.8625093936164667,0.375670918042628,single_maturity_ea_slope
2024-03-01,IE,PEPP,24774.0,0.0,2.8518109154422997,0.375670918042628,single_maturity_ea_slope
2024-04-01,IE,PEPP,24896.0,122.0,2.983923909119719,0.38845236345198714,single_maturity_ea_slope
2024-05-01,IE,PEPP,25046.0,150.0,3.003988556969745,0.40411675812689185,single_maturity_ea_slope
2024-06-01,IE,PEPP,25103.0,57.0,3.02886999339548,0.4100766407867456,single_maturity_ea_slope
2024-07-01,IE,PEPP,25174.0,71.0,2.9777827394746086,0.4173185226095326,single_maturity_ea_slope
2024-08-01,IE,PEPP,25196.0,22.0,2.740450743696,0.41934697589036696,single_maturity_ea_slope
2024-09-01,IE,PEPP,25234.0,38.0,2.6483626874295623,0.4227036611974324,single_maturity_ea_slope
2024-10-01,IE,PEPP,25283.0,49.0,2.6889405926906607,0.4270957669460844,single_maturity_ea_slope
2024-11-01,IE,PEPP,25326.0,43.0,2.701729289462666,0.430957776006663,single_maturity_ea_slope
2024-12-01,IE,PEPP,25341.0,15.0,2.5620339198489055,0.4322192156561494,single_maturity_ea_slope
2025-01-01,IE,PEPP,25341.0,0.0,2.862360126260723,0.4322192156561494,single_maturity_ea_slope
2025-02-01,IE,PEPP,25341.0,0.0,2.78870223604536,0.4322192156561494,single_maturity_ea_slope
2025-03-01,IE,PEPP,23411.0,0.0,3.1855952984698575,0.4322192156561494,single_maturity_ea_slope
2025-04-01,IE,PEPP,23411.0,0.0,3.05601376220954,0.4322192156561494,single_maturity_ea_slope
2025-05-01,IE,PEPP,23411.0,0.0,3.0523931143797243,0.4322192156561494,single_maturity_ea_slope
2025-06-01,IE,PEPP,23411.0,0.0,3.0042608741580192,0.4322192156561494,single_maturity_ea_slope
2025-07-01,IE,PEPP,23411.0,0.0,3.0830319707333387,0.4322192156561494,single_maturity_ea_slope
2025-08-01,IE,PEPP,23411.0,0.0,3.108668126195,0.4322192156561494,single_maturity_ea_slope
2025-09-01,IE,PEPP,23411.0,0.0,3.1095439214093457,0.4322192156561494,single_maturity_ea_slope
2025-10-01,IE,PEPP,23411.0,0.0,3.0210738513800433,0.4322192156561494,single_maturity_ea_slope
2025-11-01,IE,PEPP,23411.0,0.0,3.03859941538275,0.4322192156561494,single_maturity_ea_slope
2025-12-01,IE,PEPP,23411.0,0.0,3.144137778776133,0.4322192156561494,single_maturity_ea_slope
2026-01-01,IE,PEPP,23411.0,0.0,3.1856436532011667,0.4322192156561494,single_maturity_ea_slope
2026-02-01,IE,PEPP,23411.0,0.0,3.15649170799374,0.4322192156561494,single_maturity_ea_slope
2026-03-01,IE,PEPP,23411.0,0.0,3.2906578703580047,0.4322192156561494,single_maturity_ea_slope
2026-04-01,IE,PEPP,23411.0,0.0,3.32634818260392,0.4322192156561494,single_maturity_ea_slope
2026-05-01,IE,PEPP,21446.0,0.0,3.3889633233772,0.4322192156561494,single_maturity_ea_slope
2026-06-01,IE,PEPP,21446.0,0.0,3.2583566359655998,0.4322192156561494,single_maturity_ea_slope
2026-07-01,IE,PEPP,21446.0,0.0,3.380071551697135,0.4322192156561494,single_maturity_ea_slope
2026-08-01,IE,PEPP,21446.0,0.0,3.468011030856581,0.4322192156561494,single_maturity_ea_slope
2015-03-01,IE,PSPP,641.7777777777777,641.7777777777777,1.0043755698753882,1.0043755698753882,single_maturity_ea_slope
2015-04-01,IE,PSPP,1295.111111111111,653.3333333333334,0.8864952424157972,0.9449095158720943,single_maturity_ea_slope
2015-05-01,IE,PSPP,1984.0,688.8888888888889,1.5242171001976075,1.1460579826517863,single_maturity_ea_slope
2015-06-01,IE,PSPP,2680.8888888888887,696.8888888888887,1.9740924251061802,1.3613030101333,single_maturity_ea_slope
2015-07-01,IE,PSPP,3366.222222222222,685.3333333333335,1.8775791536729747,1.466412306850778,single_maturity_ea_slope
2015-08-01,IE,PSPP,3934.222222222222,568.0,1.6790102583850262,1.4971059559764863,single_maturity_ea_slope
2015-09-01,IE,PSPP,4666.666666666666,732.4444444444439,1.6358540139884115,1.518882794033977,single_maturity_ea_slope
2015-10-01,IE,PSPP,5385.777777777777,719.1111111111113,1.4184843441157873,1.5054775545581864,single_maturity_ea_slope
2015-11-01,IE,PSPP,6132.444444444444,746.666666666667,1.4544996007556468,1.4992706432385556,single_maturity_ea_slope
2015-12-01,IE,PSPP,6740.444444444444,608.0,1.469980804436993,1.4966286480202688,single_maturity_ea_slope
2016-01-01,IE,PSPP,7435.555555555555,695.1111111111104,1.4169801251752,1.4891827251434195,single_maturity_ea_slope
2016-02-01,IE,PSPP,8149.333333333333,713.7777777777783,1.3192425241891832,1.474298128572057,single_maturity_ea_slope
2016-03-01,IE,PSPP,8867.555555555555,718.2222222222217,1.1794268433172046,1.450415209718216,single_maturity_ea_slope
2016-04-01,IE,PSPP,9825.777777777777,958.2222222222226,1.1759211918799748,1.4236462074358183,single_maturity_ea_slope
2016-05-01,IE,PSPP,10814.22222222222,988.4444444444434,1.1512822223488444,1.3987515213091775,single_maturity_ea_slope
2016-06-01,IE,PSPP,11778.666666666666,964.4444444444453,1.0135324673419035,1.367209549114287,single_maturity_ea_slope
2016-07-01,IE,PSPP,12655.111111111111,876.4444444444453,0.7054814043327059,1.321380796515099,single_maturity_ea_slope
2016-08-01,IE,PSPP,13274.666666666666,619.5555555555547,0.6267856866457058,1.2889626371754068,single_maturity_ea_slope
2016-09-01,IE,PSPP,14147.555555555555,872.8888888888887,0.683984416581356,1.2516361347487066,single_maturity_ea_slope
2016-10-01,IE,PSPP,15056.0,908.4444444444453,0.7748989239837152,1.2228709068940709,single_maturity_ea_slope
2016-11-01,IE,PSPP,15926.22222222222,870.2222222222208,1.1153043806292158,1.2169933811245062,single_maturity_ea_slope
2016-12-01,IE,PSPP,16502.222222222223,576.0000000000018,1.1332961502821597,1.2140719803388427,single_maturity_ea_slope
2017-01-01,IE,PSPP,16988.444444444445,486.2222222222226,1.2873549023300592,1.2161693933949957,single_maturity_ea_slope
2017-02-01,IE,PSPP,17483.555555555555,495.1111111111095,1.3671926183465286,1.2204461708772267,single_maturity_ea_slope
2017-03-01,IE,PSPP,17985.777777777777,502.2222222222226,1.3350319215741338,1.2236457828740515,single_maturity_ea_slope
2017-04-01,IE,PSPP,18449.777777777777,464.0,1.1694355824800557,1.2222824313320557,single_maturity_ea_slope
2017-05-01,IE,PSPP,18908.44444444444,458.66666666666424,1.0947503697017946,1.2191888555610322,single_maturity_ea_slope
2017-06-01,IE,PSPP,19368.888888888887,460.44444444444525,0.9587462309068715,1.2129975164343294,single_maturity_ea_slope
2017-07-01,IE,PSPP,19901.333333333332,532.4444444444453,1.1183125421768612,1.2104642947817221,single_maturity_ea_slope
2017-08-01,IE,PSPP,20335.11111111111,433.7777777777774,0.9764485926346271,1.2054723962527287,single_maturity_ea_slope
2017-09-01,IE,PSPP,20848.0,512.8888888888905,0.9496176526390826,1.199178024842092,single_maturity_ea_slope
2017-10-01,IE,PSPP,20819.555555555555,0.0,1.0027968084316043,1.199178024842092,single_maturity_ea_slope
2017-11-01,IE,PSPP,21860.44444444444,1040.8888888888869,0.9149358177813922,1.1856437823963524,single_maturity_ea_slope
2017-12-01,IE,PSPP,22474.666666666664,614.2222222222226,0.8389469495977563,1.1761687186618233,single_maturity_ea_slope
2018-01-01,IE,PSPP,22836.44444444444,361.7777777777774,1.1803365729069748,1.176234746324342,single_maturity_ea_slope
2018-02-01,IE,PSPP,23219.555555555555,383.11111111111313,1.3671651830445235,1.1793850035108668,single_maturity_ea_slope
2018-03-01,IE,PSPP,23584.0,364.44444444444525,1.2429055350505407,1.180366588688436,single_maturity_ea_slope
2018-04-01,IE,PSPP,24088.0,504.0,1.1927190823106089,1.1806250433872727,single_maturity_ea_slope
2018-05-01,IE,PSPP,24548.44444444444,460.4444444444416,1.2384148640464627,1.1817089817984492,single_maturity_ea_slope
2018-06-01,IE,PSPP,25050.666666666664,502.2222222222226,1.188517416996867,1.1818454790622028,single_maturity_ea_slope
2018-07-01,IE,PSPP,25562.666666666664,512.0,1.0755678936550697,1.179716823064063,single_maturity_ea_slope
2018-08-01,IE,PSPP,26017.777777777777,455.11111111111313,1.1033783900417222,1.1783814873036447,single_maturity_ea_slope
2018-09-01,IE,PSPP,26321.777777777777,304.0,1.1656069027668878,1.1782339488762648,single_maturity_ea_slope
2018-10-01,IE,PSPP,26472.888888888887,151.1111111111095,1.2254771189125084,1.1785036197817165,single_maturity_ea_slope
2018-11-01,IE,PSPP,26597.333333333332,124.44444444444525,1.203997533351219,1.1786229015108698,single_maturity_ea_slope
2018-12-01,IE,PSPP,26786.666666666664,189.33333333333212,1.1134795935217079,1.178162456028816,single_maturity_ea_slope
2019-01-01,IE,PSPP,26968.0,181.33333333333576,1.1353454338653026,1.1778745535758228,single_maturity_ea_slope
2019-02-01,IE,PSPP,27137.777777777777,169.77777777777737,1.0372029463496064,1.1769944920959603,single_maturity_ea_slope
2019-03-01,IE,PSPP,27308.44444444444,170.66666666666424,0.8560978325082479,1.174989018538222,single_maturity_ea_slope
2019-04-01,IE,PSPP,27477.333333333332,168.8888888888905,0.7395277165248133,1.1723124642103702,single_maturity_ea_slope
2019-05-01,IE,PSPP,27641.777777777777,164.44444444444525,0.6748633209047596,1.1693530761179,single_maturity_ea_slope
2019-06-01,IE,PSPP,27796.44444444444,154.66666666666424,0.421283151015447,1.1651906199454776,single_maturity_ea_slope
2019-07-01,IE,PSPP,27959.11111111111,162.66666666666788,0.28554752209881573,1.160072838839547,single_maturity_ea_slope
2019-08-01,IE,PSPP,28102.22222222222,143.1111111111095,0.06674546823203657,1.1545050480229153,single_maturity_ea_slope
2019-09-01,IE,PSPP,28257.777777777777,155.55555555555839,0.10267158261982004,1.1487148354892398,single_maturity_ea_slope
2019-10-01,IE,PSPP,28261.333333333332,3.555555555554747,0.12959590940678567,1.1485866202377983,single_maturity_ea_slope
2019-11-01,IE,PSPP,28643.555555555555,382.2222222222226,0.18184461133324653,1.1356863265489652,single_maturity_ea_slope
2019-12-01,IE,PSPP,29089.777777777777,446.2222222222226,0.14382399130128234,1.1204716687143892,single_maturity_ea_slope
2020-01-01,IE,PSPP,29686.22222222222,596.4444444444416,0.1199845032327896,1.1003702557719648,single_maturity_ea_slope
2020-02-01,IE,PSPP,30073.777777777777,387.5555555555584,-0.021815891484913447,1.0859088376238843,single_maturity_ea_slope
2020-03-01,IE,PSPP,30646.22222222222,572.4444444444416,0.1521878391626756,1.068467751595256,single_maturity_ea_slope
2020-04-01,IE,PSPP,29624.888888888887,0.0,0.31937275963781586,1.068467751595256,single_maturity_ea_slope
2020-05-01,IE,PSPP,30032.0,407.11111111111313,0.2304801711740586,1.057108066760327,single_maturity_ea_slope
2020-06-01,IE,PSPP,30443.555555555555,411.55555555555475,0.2140749040459229,1.0457114024975231,single_maturity_ea_slope
2020-07-01,IE,PSPP,31088.888888888887,645.3333333333321,0.07495165935176124,1.025560678451095,single_maturity_ea_slope
2020-08-01,IE,PSPP,31384.0,295.11111111111313,-0.0033911065721902584,1.0158852035416512,single_maturity_ea_slope
2020-09-01,IE,PSPP,32013.333333333332,629.3333333333321,-0.016384700367396143,0.9955923507867546,single_maturity_ea_slope
2020-10-01,IE,PSPP,32235.555555555555,222.22222222222263,-0.1045772706581477,0.988008112392677,single_maturity_ea_slope
2020-11-01,IE,PSPP,32889.777777777774,654.222222222219,-0.13854149060582477,0.9655995151167414,single_maturity_ea_slope
2020-12-01,IE,PSPP,33356.444444444445,466.6666666666715,-0.18403095266854014,0.9495158399158865,single_maturity_ea_slope
2021-01-01,IE,PSPP,33654.22222222222,297.77777777777374,-0.13173916352612328,0.9399487279496662,single_maturity_ea_slope
2021-02-01,IE,PSPP,33933.33333333333,279.1111111111095,0.07564658429654905,0.932839602262513,single_maturity_ea_slope
2021-03-01,IE,PSPP,34281.777777777774,348.44444444444525,0.17126987969959823,0.9250989086320863,single_maturity_ea_slope
2021-04-01,IE,PSPP,34564.444444444445,282.6666666666715,0.22489472288302653,0.9193726663518187,single_maturity_ea_slope
2021-05-01,IE,PSPP,34775.11111111111,210.66666666666424,0.3820888546778288,0.9161178157979938,single_maturity_ea_slope
2021-06-01,IE,PSPP,35048.88888888889,273.777777777781,0.3125442855359465,0.9114031151304637,single_maturity_ea_slope
2021-07-01,IE,PSPP,35288.0,239.1111111111095,0.15152949641475305,0.9062542196057772,single_maturity_ea_slope
2021-08-01,IE,PSPP,35492.444444444445,204.44444444444525,0.027428788230676168,0.9011919879141177,single_maturity_ea_slope
2021-09-01,IE,PSPP,35785.777777777774,293.3333333333285,0.18016819545804164,0.8952818100281668,single_maturity_ea_slope
2021-10-01,IE,PSPP,36006.22222222222,220.44444444444525,0.3207008159263413,0.8917639961555706,single_maturity_ea_slope
2021-11-01,IE,PSPP,36245.33333333333,239.1111111111095,0.2632687272932783,0.8876178016459582,single_maturity_ea_slope
2021-12-01,IE,PSPP,36474.666666666664,229.33333333333576,0.16488741504334326,0.883073656796724,single_maturity_ea_slope
2022-01-01,IE,PSPP,37077.33333333333,602.6666666666642,0.4444679050807381,0.8759444206137685,single_maturity_ea_slope
2022-02-01,IE,PSPP,37304.88888888888,227.55555555555475,0.8147108257326213,0.8755709026884547,single_maturity_ea_slope
2022-03-01,IE,PSPP,35736.88888888889,0.0,0.9860097276956741,0.8755709026884547,single_maturity_ea_slope
2022-04-01,IE,PSPP,36744.0,1007.1111111111095,1.440751619937593,0.8910618612157614,single_maturity_ea_slope
2022-05-01,IE,PSPP,37317.33333333333,573.3333333333285,1.67370585855261,0.9030861901729874,single_maturity_ea_slope
2022-06-01,IE,PSPP,37708.444444444445,391.11111111111677,2.180738516801048,0.9163379704689742,single_maturity_ea_slope
2022-07-01,IE,PSPP,38079.11111111111,370.66666666666424,1.8269267751349263,0.9252017518725015,single_maturity_ea_slope
2022-08-01,IE,PSPP,38193.777777777774,114.66666666666424,1.7801603764297367,0.9277685379125286,single_maturity_ea_slope
2022-09-01,IE,PSPP,38743.11111111111,549.3333333333358,2.449831105029662,0.9493496572278681,single_maturity_ea_slope
2022-10-01,IE,PSPP,37760.0,0.0,2.756553055993109,0.9493496572278681,single_maturity_ea_slope
2022-11-01,IE,PSPP,37965.33333333333,205.33333333332848,2.545441140632126,0.9579820267033281,single_maturity_ea_slope
2022-12-01,IE,PSPP,38158.22222222222,192.8888888888905,2.585233950122541,0.9662077457534114,single_maturity_ea_slope
2023-01-01,IE,PSPP,38324.444444444445,166.22222222222626,2.6619937465125947,0.9735627725919125,single_maturity_ea_slope
2023-02-01,IE,PSPP,38452.444444444445,128.0,2.8599090664188003,0.9798420177504015,single_maturity_ea_slope
2023-03-01,IE,PSPP,36599.11111111111,0.0,2.872483333543854,0.9798420177504015,single_maturity_ea_slope
2023-04-01,IE,PSPP,36686.22222222222,87.1111111111095,2.8080682108372126,0.9841831247217745,single_maturity_ea_slope
2023-05-01,IE,PSPP,36818.666666666664,132.44444444444525,2.842349536344685,0.9908673379308187,single_maturity_ea_slope
2023-06-01,IE,PSPP,36868.444444444445,49.77777777778101,2.8111825121403182,0.9933250289344047,single_maturity_ea_slope
2023-07-01,IE,PSPP,36868.444444444445,0.0,2.916136497504967,0.9933250289344047,single_maturity_ea_slope
2023-08-01,IE,PSPP,36868.444444444445,0.0,3.0025028226820654,0.9933250289344047,single_maturity_ea_slope
2023-09-01,IE,PSPP,36868.444444444445,0.0,3.1275781962368,0.9933250289344047,single_maturity_ea_slope
2023-10-01,IE,PSPP,36868.444444444445,0.0,3.3312165635724726,0.9933250289344047,single_maturity_ea_slope
2023-11-01,IE,PSPP,36868.444444444445,0.0,3.0672908561854544,0.9933250289344047,single_maturity_ea_slope
2023-12-01,IE,PSPP,36868.444444444445,0.0,2.5277146673097524,0.9933250289344047,single_maturity_ea_slope
2024-01-01,IE,PSPP,36868.444444444445,0.0,2.661730585303705,0.9933250289344047,single_maturity_ea_slope
2024-02-01,IE,PSPP,36868.444444444445,0.0,2.828655972740238,0.9933250289344047,single_maturity_ea_slope
2024-03-01,IE,PSPP,34652.444444444445,0.0,2.82011161145954,0.9933250289344047,single_maturity_ea_slope
2024-04-01,IE,PSPP,34652.444444444445,0.0,2.950633619754419,0.9933250289344047,single_maturity_ea_slope
2024-05-01,IE,PSPP,34652.444444444445,0.0,2.9714283056834905,0.9933250289344047,single_maturity_ea_slope
2024-06-01,IE,PSPP,34652.444444444445,0.0,2.99058846725708,0.9933250289344047,single_maturity_ea_slope
2024-07-01,IE,PSPP,34652.444444444445,0.0,2.9298736240899563,0.9933250289344047,single_maturity_ea_slope
2024-08-01,IE,PSPP,34652.444444444445,0.0,2.6971084493544,0.9933250289344047,single_maturity_ea_slope
2024-09-01,IE,PSPP,34652.444444444445,0.0,2.602939987595619,0.9933250289344047,single_maturity_ea_slope
2024-10-01,IE,PSPP,34652.444444444445,0.0,2.6426349802810694,0.9933250289344047,single_maturity_ea_slope
2024-11-01,IE,PSPP,34652.444444444445,0.0,2.6651540823606665,0.9933250289344047,single_maturity_ea_slope
2024-12-01,IE,PSPP,34652.444444444445,0.0,2.5252838247200264,0.9933250289344047,single_maturity_ea_slope
2025-01-01,IE,PSPP,34652.444444444445,0.0,2.822870867923441,0.9933250289344047,single_maturity_ea_slope
2025-02-01,IE,PSPP,34652.444444444445,0.0,2.74762521510504,0.9933250289344047,single_maturity_ea_slope
2025-03-01,IE,PSPP,32169.777777777777,0.0,3.1244154661901433,0.9933250289344047,single_maturity_ea_slope
2025-04-01,IE,PSPP,32169.777777777777,0.0,2.9826502021715,0.9933250289344047,single_maturity_ea_slope
2025-05-01,IE,PSPP,32169.777777777777,0.0,2.971882758293581,0.9933250289344047,single_maturity_ea_slope
2025-06-01,IE,PSPP,32169.777777777777,0.0,2.9261220854663623,0.9933250289344047,single_maturity_ea_slope
2025-07-01,IE,PSPP,32169.777777777777,0.0,2.9983090088032607,0.9933250289344047,single_maturity_ea_slope
2025-08-01,IE,PSPP,32169.777777777777,0.0,3.017161568597,0.9933250289344047,single_maturity_ea_slope
2025-09-01,IE,PSPP,32169.777777777777,0.0,3.013661622371018,0.9933250289344047,single_maturity_ea_slope
2025-10-01,IE,PSPP,32169.777777777777,0.0,2.9272958477841735,0.9933250289344047,single_maturity_ea_slope
2025-11-01,IE,PSPP,32169.777777777777,0.0,2.9455397987829,0.9933250289344047,single_maturity_ea_slope
2025-12-01,IE,PSPP,32169.777777777777,0.0,3.0531908486902477,0.9933250289344047,single_maturity_ea_slope
2026-01-01,IE,PSPP,32169.777777777777,0.0,3.092975288550167,0.9933250289344047,single_maturity_ea_slope
2026-02-01,IE,PSPP,32169.777777777777,0.0,3.05992505532828,0.9933250289344047,single_maturity_ea_slope
2026-03-01,IE,PSPP,32169.777777777777,0.0,3.211035153013723,0.9933250289344047,single_maturity_ea_slope
2026-04-01,IE,PSPP,32169.777777777777,0.0,3.248042034414,0.9933250289344047,single_maturity_ea_slope
2026-05-01,IE,PSPP,28840.888888888887,0.0,3.31852767447082,0.9933250289344047,single_maturity_ea_slope
2026-06-01,IE,PSPP,28840.888888888887,0.0,3.1893002220119997,0.9933250289344047,single_maturity_ea_slope
2026-07-01,IE,PSPP,28840.888888888887,0.0,3.3112138537486047,0.9933250289344047,single_maturity_ea_slope
2026-08-01,IE,PSPP,28840.888888888887,0.0,3.3991267639764953,0.9933250289344047,single_maturity_ea_slope
2020-03-01,IT,PEPP,2118.0,2118.0,1.621668840236123,1.621668840236123,single_maturity_ea_slope
2020-04-01,IT,PEPP,17053.0,14935.0,1.8144520101755242,1.7905081437630657,single_maturity_ea_slope
2020-05-01,IT,PEPP,37365.0,20312.0,1.7849844386934686,1.787505400624469,single_maturity_ea_slope
2020-06-01,IT,PEPP,58806.0,21441.0,1.486099070206521,1.6776109488594924,single_maturity_ea_slope
2020-07-01,IT,PEPP,73432.0,14626.0,1.2155602654962818,1.5855808625909675,single_maturity_ea_slope
2020-08-01,IT,PEPP,83780.0,10348.0,1.0517186178748437,1.5196414199039008,single_maturity_ea_slope
2020-09-01,IT,PEPP,95243.0,11463.0,0.9984379395036826,1.4569118177722196,single_maturity_ea_slope
2020-10-01,IT,PEPP,106680.0,11437.0,0.784751181645018,1.3848505017299735,single_maturity_ea_slope
2020-11-01,IT,PEPP,118169.0,11489.0,0.6722769462914113,1.3155704233808834,single_maturity_ea_slope
2020-12-01,IT,PEPP,127387.0,9218.0,0.5859356756124142,1.262772468291826,single_maturity_ea_slope
2021-01-01,IT,PEPP,136310.0,8923.0,0.6228097841965442,1.2208798189617533,single_maturity_ea_slope
2021-02-01,IT,PEPP,145506.0,9196.0,0.5990638879928283,1.1815809632362833,single_maturity_ea_slope
2021-03-01,IT,PEPP,156819.0,11313.0,0.7167302425050277,1.1480464029876356,single_maturity_ea_slope
2021-04-01,IT,PEPP,170095.0,13276.0,0.8127564523331094,1.121876854294908,single_maturity_ea_slope
2021-05-01,IT,PEPP,182947.0,12852.0,1.0013980711325738,1.1134132373938257,single_maturity_ea_slope
2021-06-01,IT,PEPP,195104.0,12157.0,0.8956331961475292,1.0998432851558848,single_maturity_ea_slope
2021-07-01,IT,PEPP,208774.0,13670.0,0.7646987112805546,1.077898855653764,single_maturity_ea_slope
2021-08-01,IT,PEPP,219028.0,10254.0,0.6499705596127411,1.0578649935557463,single_maturity_ea_slope
2021-09-01,IT,PEPP,230234.0,11206.0,0.79843326393155,1.0452378752232292,single_maturity_ea_slope
2021-10-01,IT,PEPP,240541.0,10307.0,0.9735267613164945,1.042165108206227,single_maturity_ea_slope
2021-11-01,IT,PEPP,250888.0,10347.0,1.0326155971460809,1.041771271948856,single_maturity_ea_slope
2021-12-01,IT,PEPP,259042.0,8154.0,1.0681981948076942,1.0426031259686328,single_maturity_ea_slope
2022-01-01,IT,PEPP,268405.0,9363.0,1.3668883812792099,1.0539154444629713,single_maturity_ea_slope
2022-02-01,IT,PEPP,275653.0,7248.0,1.8070754182030013,1.07371897821616,single_maturity_ea_slope
2022-03-01,IT,PEPP,281026.0,5373.0,1.8669264820482787,1.0888844928592534,single_maturity_ea_slope
2022-04-01,IT,PEPP,279555.0,0.0,2.4465944893968827,1.0888844928592534,single_maturity_ea_slope
2022-05-01,IT,PEPP,279302.0,0.0,3.0028843259425546,1.0888844928592534,single_maturity_ea_slope
2022-06-01,IT,PEPP,280661.0,1359.0,3.6485604983551134,1.1012788037591248,single_maturity_ea_slope
2022-07-01,IT,PEPP,289064.0,8403.0,3.383172848836307,1.1676127493932529,single_maturity_ea_slope
2022-08-01,IT,PEPP,290400.0,1336.0,3.3182402959047064,1.1775068210259638,single_maturity_ea_slope
2022-09-01,IT,PEPP,287821.0,0.0,4.150088666853962,1.1775068210259638,single_maturity_ea_slope
2022-10-01,IT,PEPP,289771.0,1950.0,4.545220136648355,1.2001696857207182,single_maturity_ea_slope
2022-11-01,IT,PEPP,287027.0,0.0,4.246839913757334,1.2001696857207182,single_maturity_ea_slope
2022-12-01,IT,PEPP,287680.0,653.0,4.256692620493535,1.2071076357916535,single_maturity_ea_slope
2023-01-01,IT,PEPP,287658.0,0.0,4.245506354750033,1.2071076357916535,single_maturity_ea_slope
2023-02-01,IT,PEPP,290107.0,2449.0,4.270959755285803,1.232971795707275,single_maturity_ea_slope
2023-03-01,IT,PEPP,289727.0,0.0,4.244116109307281,1.232971795707275,single_maturity_ea_slope
2023-04-01,IT,PEPP,291689.0,1962.0,4.242283998975456,1.2532134590638369,single_maturity_ea_slope
2023-05-01,IT,PEPP,292896.0,1207.0,4.325068082343041,1.2658723158945822,single_maturity_ea_slope
2023-06-01,IT,PEPP,292132.0,0.0,4.081254731741705,1.2658723158945822,single_maturity_ea_slope
2023-07-01,IT,PEPP,293834.0,1702.0,4.160125092731366,1.2826369456725393,single_maturity_ea_slope
2023-08-01,IT,PEPP,291071.0,0.0,4.2299842445060865,1.2826369456725393,single_maturity_ea_slope
2023-09-01,IT,PEPP,292199.0,1128.0,4.521514175103257,1.295140251689322,single_maturity_ea_slope
2023-10-01,IT,PEPP,289371.0,0.0,4.902347296893836,1.295140251689322,single_maturity_ea_slope
2023-11-01,IT,PEPP,287549.0,0.0,4.447818891103054,1.295140251689322,single_maturity_ea_slope
2023-12-01,IT,PEPP,286467.0,0.0,3.8444454122146263,1.295140251689322,single_maturity_ea_slope
2024-01-01,IT,PEPP,285377.0,0.0,3.8435336273351592,1.295140251689322,single_maturity_ea_slope
2024-02-01,IT,PEPP,287777.0,2400.0,3.9002111840635236,1.3168659984922217,single_maturity_ea_slope
2024-03-01,IT,PEPP,289212.0,1435.0,3.72484351083116,1.3288138005550905,single_maturity_ea_slope
2024-04-01,IT,PEPP,289350.0,138.0,3.8859756718094474,1.3300333904573993,single_maturity_ea_slope
2024-05-01,IT,PEPP,288800.0,0.0,3.872525006468727,1.3300333904573993,single_maturity_ea_slope
2024-06-01,IT,PEPP,290570.0,1770.0,3.96991361280925,1.3461141558274057,single_maturity_ea_slope
2024-07-01,IT,PEPP,289135.0,0.0,3.863910978790783,1.3461141558274057,single_maturity_ea_slope
2024-08-01,IT,PEPP,287127.0,0.0,3.7116083162991997,1.3461141558274057,single_maturity_ea_slope
2024-09-01,IT,PEPP,285150.0,0.0,3.5950971547680193,1.3461141558274057,single_maturity_ea_slope
2024-10-01,IT,PEPP,285862.0,712.0,3.5282939585341087,1.351549337906616,single_maturity_ea_slope
2024-11-01,IT,PEPP,283935.0,0.0,3.5905585570316667,1.351549337906616,single_maturity_ea_slope
2024-12-01,IT,PEPP,278224.0,0.0,3.3459428356497214,1.351549337906616,single_maturity_ea_slope
2025-01-01,IT,PEPP,276664.0,0.0,3.7012024941420867,1.351549337906616,single_maturity_ea_slope
2025-02-01,IT,PEPP,273022.0,0.0,3.60271864014672,1.351549337906616,single_maturity_ea_slope
2025-03-01,IT,PEPP,268791.0,0.0,3.9256170572545717,1.351549337906616,single_maturity_ea_slope
2025-04-01,IT,PEPP,267365.0,0.0,3.75518564172452,1.351549337906616,single_maturity_ea_slope
2025-05-01,IT,PEPP,264650.0,0.0,3.675046273831724,1.351549337906616,single_maturity_ea_slope
2025-06-01,IT,PEPP,261060.0,0.0,3.5486591193438475,1.351549337906616,single_maturity_ea_slope
2025-07-01,IT,PEPP,257886.0,0.0,3.5895763061622823,1.351549337906616,single_maturity_ea_slope
2025-08-01,IT,PEPP,255316.0,0.0,3.5947859843249996,1.351549337906616,single_maturity_ea_slope
2025-09-01,IT,PEPP,253347.0,0.0,3.615441353334618,1.351549337906616,single_maturity_ea_slope
2025-10-01,IT,PEPP,253347.0,0.0,3.488724478984609,1.351549337906616,single_maturity_ea_slope
2025-11-01,IT,PEPP,250277.0,0.0,3.506849802861625,1.351549337906616,single_maturity_ea_slope
2025-12-01,IT,PEPP,246833.0,0.0,3.6016660540185335,1.351549337906616,single_maturity_ea_slope
2026-01-01,IT,PEPP,244059.0,0.0,3.5426061282136665,1.351549337906616,single_maturity_ea_slope
2026-02-01,IT,PEPP,240642.0,0.0,3.44484419979598,1.351549337906616,single_maturity_ea_slope
2026-03-01,IT,PEPP,237672.0,0.0,3.7807171603942686,1.351549337906616,single_maturity_ea_slope
2026-04-01,IT,PEPP,231059.0,0.0,3.8774238145838402,1.351549337906616,single_maturity_ea_slope
2026-05-01,IT,PEPP,231010.0,0.0,3.8908712143109,1.351549337906616,single_maturity_ea_slope
2026-06-01,IT,PEPP,227195.0,0.0,3.7888704064359997,1.351549337906616,single_maturity_ea_slope
2026-07-01,IT,PEPP,224260.0,0.0,3.9373138537486043,1.351549337906616,single_maturity_ea_slope
2026-08-01,IT,PEPP,221010.0,0.0,4.045539501993252,1.351549337906616,single_maturity_ea_slope
2015-03-01,IT,PSPP,6763.555555555555,6763.555555555555,1.471653340400156,1.471653340400156,single_maturity_ea_slope
2015-04-01,IT,PSPP,13505.777777777777,6742.222222222223,1.4671184385063798,1.4693894710527629,single_maturity_ea_slope
2015-05-01,IT,PSPP,20819.555555555555,7313.777777777777,1.9992778150213206,1.6555358844322052,single_maturity_ea_slope
2015-06-01,IT,PSPP,28076.44444444444,7256.888888888887,2.441881330183982,1.8587817597920957,single_maturity_ea_slope
2015-07-01,IT,PSPP,35408.0,7331.555555555558,2.3523905692310834,1.9609880524127907,single_maturity_ea_slope
2015-08-01,IT,PSPP,41380.444444444445,5972.444444444445,2.1518434268207014,1.988534231190673,single_maturity_ea_slope
2015-09-01,IT,PSPP,48699.555555555555,7319.1111111111095,2.2631207348383406,2.0298021464084237,single_maturity_ea_slope
2015-10-01,IT,PSPP,56135.11111111111,7435.555555555555,2.0119648708925864,2.0274394530702873,single_maturity_ea_slope
2015-11-01,IT,PSPP,64024.88888888888,7889.777777777774,1.917819331897186,2.013930981426865,single_maturity_ea_slope
2015-12-01,IT,PSPP,70408.0,6383.111111111117,1.9218597661771846,2.005583907272312,single_maturity_ea_slope
2016-01-01,IT,PSPP,78016.0,7608.0,1.880034767257947,1.9933405487659894,single_maturity_ea_slope
2016-02-01,IT,PSPP,85570.66666666666,7554.666666666657,1.8696881242027932,1.9824238072412446,single_maturity_ea_slope
2016-03-01,IT,PSPP,93152.88888888889,7582.2222222222335,1.6925054858992117,1.958825772172993,single_maturity_ea_slope
2016-04-01,IT,PSPP,104706.66666666666,11553.777777777766,1.745524759856147,1.9352892336264131,single_maturity_ea_slope
2016-05-01,IT,PSPP,116655.11111111111,11948.444444444453,1.8292218935333997,1.9244252456845197,single_maturity_ea_slope
2016-06-01,IT,PSPP,128008.0,11352.88888888889,1.6980918056671421,1.9043519815419874,single_maturity_ea_slope
2016-07-01,IT,PSPP,138556.44444444444,10548.444444444438,1.456221772065634,1.870235368363205,single_maturity_ea_slope
2016-08-01,IT,PSPP,146090.66666666666,7534.222222222219,1.3992605205320419,1.845946142736398,single_maturity_ea_slope
2016-09-01,IT,PSPP,156586.66666666666,10496.0,1.5067201840307347,1.8232078359675714,single_maturity_ea_slope
2016-10-01,IT,PSPP,167540.44444444444,10953.777777777781,1.696106517980433,1.8148979642998055,single_maturity_ea_slope
2016-11-01,IT,PSPP,177946.66666666666,10406.222222222219,2.183070674677692,1.8364284998929614,single_maturity_ea_slope
2016-12-01,IT,PSPP,186317.3333333333,8370.666666666657,2.147535470906685,1.8504055824619416,single_maturity_ea_slope
2017-01-01,IT,PSPP,197252.44444444444,10935.111111111124,2.2610214433415026,1.8731689508721474,single_maturity_ea_slope
2017-02-01,IT,PSPP,207728.0,10475.555555555562,2.627996753013736,1.9112343083406258,single_maturity_ea_slope
2017-03-01,IT,PSPP,218296.88888888888,10568.888888888876,2.660733230310157,1.9475214531962262,single_maturity_ea_slope
2017-04-01,IT,PSPP,226973.3333333333,8676.444444444438,2.4948492628284025,1.968443996225538,single_maturity_ea_slope
2017-05-01,IT,PSPP,235345.77777777775,8372.444444444438,2.435985210523615,1.9850768114778894,single_maturity_ea_slope
2017-06-01,IT,PSPP,243632.88888888888,8287.111111111124,2.2929359233288276,1.9955485613229615,single_maturity_ea_slope
2017-07-01,IT,PSPP,252186.66666666666,8553.777777777781,2.465609676137001,2.011492300027468,single_maturity_ea_slope
2017-08-01,IT,PSPP,258992.88888888888,6806.222222222219,2.331844739792568,2.0199110249732626,single_maturity_ea_slope
2017-09-01,IT,PSPP,267174.2222222222,8181.333333333314,2.3268327223369925,2.029309494228566,single_maturity_ea_slope
2017-10-01,IT,PSPP,275281.77777777775,8107.555555555562,2.274993905067972,2.036545352795356,single_maturity_ea_slope
2017-11-01,IT,PSPP,283350.2222222222,8068.444444444438,1.9782197306003324,2.0348845210561834,single_maturity_ea_slope
2017-12-01,IT,PSPP,290424.0,7073.77777777781,1.9653210910208267,2.0331901836545567,single_maturity_ea_slope
2018-01-01,IT,PSPP,293464.8888888889,3040.888888888876,2.138700293141107,2.034283481462066,single_maturity_ea_slope
2018-02-01,IT,PSPP,296698.6666666666,3233.777777777752,2.216046790789292,2.036264555920948,single_maturity_ea_slope
2018-03-01,IT,PSPP,299740.44444444444,3041.77777777781,2.092629249250016,2.0368365470379204,single_maturity_ea_slope
2018-04-01,IT,PSPP,303270.2222222222,3529.777777777752,1.8992621875897249,2.0352353119637545,single_maturity_ea_slope
2018-05-01,IT,PSPP,306478.2222222222,3208.0,2.3088373122992167,2.0380991866322775,single_maturity_ea_slope
2018-06-01,IT,PSPP,309987.55555555556,3509.333333333372,2.8769603462093007,2.0475958369867295,single_maturity_ea_slope
2018-07-01,IT,PSPP,313604.44444444444,3616.888888888876,2.7618324708785114,2.05583333039897,single_maturity_ea_slope
2018-08-01,IT,PSPP,316802.6666666666,3198.22222222219,3.2723683107295405,2.068114632349934,single_maturity_ea_slope
2018-09-01,IT,PSPP,320029.3333333333,3226.666666666686,3.059849674399767,2.0781137107750816,single_maturity_ea_slope
2018-10-01,IT,PSPP,321587.55555555556,1558.222222222248,3.5593215930363042,2.0852907641093843,single_maturity_ea_slope
2018-11-01,IT,PSPP,322862.2222222222,1274.6666666666279,3.4765372443851037,2.0907834337110454,single_maturity_ea_slope
2018-12-01,IT,PSPP,324759.11111111107,1896.888888888876,3.0543456091426258,2.096411514099849,single_maturity_ea_slope
2019-01-01,IT,PSPP,327721.77777777775,2962.666666666686,2.8413808644377894,2.1031461774990916,single_maturity_ea_slope
2019-02-01,IT,PSPP,327953.77777777775,232.0,2.8776923537368972,2.1036941044481416,single_maturity_ea_slope
2019-03-01,IT,PSPP,329313.77777777775,1360.0,2.747128416275618,2.1063513593920145,single_maturity_ea_slope
2019-04-01,IT,PSPP,329260.44444444444,0.0,2.6740895508606246,2.1063513593920145,single_maturity_ea_slope
2019-05-01,IT,PSPP,325766.2222222222,0.0,2.7045458335145236,2.1063513593920145,single_maturity_ea_slope
2019-06-01,IT,PSPP,326375.11111111107,608.888888888876,2.330746551033753,2.106769993455272,single_maturity_ea_slope
2019-07-01,IT,PSPP,328215.11111111107,1840.0,1.6936036210744085,2.104453749932519,single_maturity_ea_slope
2019-08-01,IT,PSPP,326067.55555555556,0.0,1.4351608414612869,2.104453749932519,single_maturity_ea_slope
2019-09-01,IT,PSPP,325168.0,0.0,0.9296001500883027,2.104453749932519,single_maturity_ea_slope
2019-10-01,IT,PSPP,322514.6666666666,0.0,1.0368716136833744,2.104453749932519,single_maturity_ea_slope
2019-11-01,IT,PSPP,323396.44444444444,881.7777777778101,1.298445854374124,2.1022560762622415,single_maturity_ea_slope
2019-12-01,IT,PSPP,323367.11111111107,0.0,1.4040786497595206,2.1022560762622415,single_maturity_ea_slope
2020-01-01,IT,PSPP,327413.3333333333,4046.222222222248,1.3039711258081974,2.0923907532061876,single_maturity_ea_slope
2020-02-01,IT,PSPP,329427.55555555556,2014.222222222248,0.9800581125084361,2.0855896065333837,single_maturity_ea_slope
2020-03-01,IT,PSPP,339965.3333333333,10537.777777777752,1.574830190312181,2.069757788702802,single_maturity_ea_slope
2020-04-01,IT,PSPP,349671.11111111107,9705.777777777752,1.8228803793621737,2.0629052429897756,single_maturity_ea_slope
2020-05-01,IT,PSPP,352207.11111111107,2536.0,1.7901131977407714,2.0609410559960235,single_maturity_ea_slope
2020-06-01,IT,PSPP,354275.55555555556,2068.444444444496,1.4891883818164404,2.0576028673348032,single_maturity_ea_slope
2020-07-01,IT,PSPP,361276.44444444444,7000.888888888876,1.2249491929344969,2.0414675339992305,single_maturity_ea_slope
2020-08-01,IT,PSPP,362811.55555555556,1535.111111111124,1.0558595276285607,2.0372972759724073,single_maturity_ea_slope
2020-09-01,IT,PSPP,365693.3333333333,2881.777777777752,1.0055716420279166,2.02916695547254,single_maturity_ea_slope
2020-10-01,IT,PSPP,367505.77777777775,1812.444444444438,0.7948342678327518,2.023079542545765,single_maturity_ea_slope
2020-11-01,IT,PSPP,366196.44444444444,0.0,0.6971077851656452,2.023079542545765,single_maturity_ea_slope
2020-12-01,IT,PSPP,365509.3333333333,0.0,0.6097427024496568,2.023079542545765,single_maturity_ea_slope
2021-01-01,IT,PSPP,368880.0,3370.666666666686,0.6459998601091002,2.0104963811303094,single_maturity_ea_slope
2021-02-01,IT,PSPP,372257.77777777775,3377.777777777752,0.6221768023745406,1.997899102304951,single_maturity_ea_slope
2021-03-01,IT,PSPP,374738.6666666666,2480.888888888876,0.7362153075637435,1.9895463552145396,single_maturity_ea_slope
2021-04-01,IT,PSPP,377566.2222222222,2827.555555555562,0.8315011973500844,1.9808738712184033,single_maturity_ea_slope
2021-05-01,IT,PSPP,378086.2222222222,520.0,1.0219334993546285,1.9795549948244466,single_maturity_ea_slope
2021-06-01,IT,PSPP,374799.11111111107,0.0,0.9192527759479904,1.9795549948244466,single_maturity_ea_slope
2021-07-01,IT,PSPP,379873.77777777775,5074.666666666686,0.7841390020250811,1.9635856438285797,single_maturity_ea_slope
2021-08-01,IT,PSPP,379332.44444444444,0.0,0.6601630872681364,1.9635856438285797,single_maturity_ea_slope
2021-09-01,IT,PSPP,382680.8888888889,3348.444444444438,0.8093934557147291,1.9534865023968446,single_maturity_ea_slope
2021-10-01,IT,PSPP,385401.77777777775,2720.888888888876,0.9826811610258211,1.9466327367452148,single_maturity_ea_slope
2021-11-01,IT,PSPP,382039.11111111107,0.0,1.0372067334088193,1.9466327367452148,single_maturity_ea_slope
2021-12-01,IT,PSPP,381702.2222222222,0.0,1.0704374407380846,1.9466327367452148,single_maturity_ea_slope
2022-01-01,IT,PSPP,387205.3333333333,5503.111111111124,1.3673392096521424,1.9383995943499466,single_maturity_ea_slope
2022-02-01,IT,PSPP,389025.77777777775,1820.444444444438,1.8059217048321483,1.9377796646389591,single_maturity_ea_slope
2022-03-01,IT,PSPP,392024.0,2998.222222222248,1.8653627947037288,1.9372258162299238,single_maturity_ea_slope
2022-04-01,IT,PSPP,393235.55555555556,1211.555555555562,2.4472520783939307,1.9387972030047822,single_maturity_ea_slope
2022-05-01,IT,PSPP,398113.77777777775,4878.22222222219,3.002351181420794,1.951829288156424,single_maturity_ea_slope
2022-06-01,IT,PSPP,398205.3333333333,91.55555555556202,3.650125171242242,1.9522197611362109,single_maturity_ea_slope
2022-07-01,IT,PSPP,400210.6666666666,2005.333333333314,3.3816077003505027,1.9593819872323945,single_maturity_ea_slope
2022-08-01,IT,PSPP,397771.55555555556,0.0,3.315099125383588,1.9593819872323945,single_maturity_ea_slope
2022-09-01,IT,PSPP,393920.8888888889,0.0,4.149230299976757,1.9593819872323945,single_maturity_ea_slope
2022-10-01,IT,PSPP,398814.2222222222,4893.333333333314,4.544684185162612,1.9911028856280961,single_maturity_ea_slope
2022-11-01,IT,PSPP,396176.8888888889,0.0,4.246304111837706,1.9911028856280961,single_maturity_ea_slope
2022-12-01,IT,PSPP,394275.55555555556,0.0,4.256704596318462,1.9911028856280961,single_maturity_ea_slope
2023-01-01,IT,PSPP,393402.6666666666,0.0,4.245365372295343,1.9911028856280961,single_maturity_ea_slope
2023-02-01,IT,PSPP,395460.44444444444,2057.77777777781,4.270898925725435,2.002965800605013,single_maturity_ea_slope
2023-03-01,IT,PSPP,392783.11111111107,0.0,4.243875557464647,2.002965800605013,single_maturity_ea_slope
2023-04-01,IT,PSPP,393157.3333333333,374.2222222222481,4.242092829768329,2.0050970875521164,single_maturity_ea_slope
2023-05-01,IT,PSPP,392837.3333333333,0.0,4.325068082343041,2.0050970875521164,single_maturity_ea_slope
2023-06-01,IT,PSPP,390916.44444444444,0.0,4.081065477870181,2.0050970875521164,single_maturity_ea_slope
2023-07-01,IT,PSPP,387465.77777777775,0.0,4.160743242941967,2.0050970875521164,single_maturity_ea_slope
2023-08-01,IT,PSPP,380187.55555555556,0.0,4.231187491538153,2.0050970875521164,single_maturity_ea_slope
2023-09-01,IT,PSPP,376832.0,0.0,4.523688007044514,2.0050970875521164,single_maturity_ea_slope
2023-10-01,IT,PSPP,370296.8888888889,0.0,4.903606374894196,2.0050970875521164,single_maturity_ea_slope
2023-11-01,IT,PSPP,367946.6666666666,0.0,4.446070165417491,2.0050970875521164,single_maturity_ea_slope
2023-12-01,IT,PSPP,367466.6666666666,0.0,3.8378672030321055,2.0050970875521164,single_maturity_ea_slope
2024-01-01,IT,PSPP,364271.11111111107,0.0,3.8284351483508865,2.0050970875521164,single_maturity_ea_slope
2024-02-01,IT,PSPP,360348.44444444444,0.0,3.8864025518640095,2.0050970875521164,single_maturity_ea_slope
2024-03-01,IT,PSPP,355281.77777777775,0.0,3.71113570370348,2.0050970875521164,single_maturity_ea_slope
2024-04-01,IT,PSPP,352179.55555555556,0.0,3.870411380677619,2.0050970875521164,single_maturity_ea_slope
2024-05-01,IT,PSPP,346917.3333333333,0.0,3.8591669546589817,2.0050970875521164,single_maturity_ea_slope
2024-06-01,IT,PSPP,346699.55555555556,0.0,3.95603655958408,2.0050970875521164,single_maturity_ea_slope
2024-07-01,IT,PSPP,343195.55555555556,0.0,3.8467583325419565,2.0050970875521164,single_maturity_ea_slope
2024-08-01,IT,PSPP,340872.8888888889,0.0,3.6955556146912,2.0050970875521164,single_maturity_ea_slope
2024-09-01,IT,PSPP,332402.6666666666,0.0,3.584018447491448,2.0050970875521164,single_maturity_ea_slope
2024-10-01,IT,PSPP,328753.77777777775,0.0,3.5203881222690563,2.0050970875521164,single_maturity_ea_slope
2024-11-01,IT,PSPP,324638.2222222222,0.0,3.5852060876996665,2.0050970875521164,single_maturity_ea_slope
2024-12-01,IT,PSPP,318032.8888888889,0.0,3.3406295688841,2.0050970875521164,single_maturity_ea_slope
2025-01-01,IT,PSPP,316058.6666666666,0.0,3.6954235782878504,2.0050970875521164,single_maturity_ea_slope
2025-02-01,IT,PSPP,311507.55555555556,0.0,3.59720830806936,2.0050970875521164,single_maturity_ea_slope
2025-03-01,IT,PSPP,305881.77777777775,0.0,3.920410263018,2.0050970875521164,single_maturity_ea_slope
2025-04-01,IT,PSPP,303873.77777777775,0.0,3.7497223978919,2.0050970875521164,single_maturity_ea_slope
2025-05-01,IT,PSPP,301153.77777777775,0.0,3.668266454371838,2.0050970875521164,single_maturity_ea_slope
2025-06-01,IT,PSPP,295301.3333333333,0.0,3.54616532821539,2.0050970875521164,single_maturity_ea_slope
2025-07-01,IT,PSPP,291510.2222222222,0.0,3.587773689951004,2.0050970875521164,single_maturity_ea_slope
2025-08-01,IT,PSPP,288708.44444444444,0.0,3.592839036291,2.0050970875521164,single_maturity_ea_slope
2025-09-01,IT,PSPP,286708.44444444444,0.0,3.6134013044189093,2.0050970875521164,single_maturity_ea_slope
2025-10-01,IT,PSPP,286708.44444444444,0.0,3.4867502052246957,2.0050970875521164,single_maturity_ea_slope
2025-11-01,IT,PSPP,282902.2222222222,0.0,3.50585980694035,2.0050970875521164,single_maturity_ea_slope
2025-12-01,IT,PSPP,277512.8888888889,0.0,3.6055361361498477,2.0050970875521164,single_maturity_ea_slope
2026-01-01,IT,PSPP,276416.0,0.0,3.540634460880667,2.0050970875521164,single_maturity_ea_slope
2026-02-01,IT,PSPP,272432.8888888889,0.0,3.44381689498039,2.0050970875521164,single_maturity_ea_slope
2026-03-01,IT,PSPP,267352.0,0.0,3.7849524113168367,2.0050970875521164,single_maturity_ea_slope
2026-04-01,IT,PSPP,263076.44444444444,0.0,3.8732585939354403,2.0050970875521164,single_maturity_ea_slope
2026-05-01,IT,PSPP,262991.1111111111,0.0,3.8867761184442498,2.0050970875521164,single_maturity_ea_slope
2026-06-01,IT,PSPP,257282.66666666666,0.0,3.7888704064359997,2.0050970875521164,single_maturity_ea_slope
2026-07-01,IT,PSPP,254059.55555555553,0.0,3.9381145246549827,2.0050970875521164,single_maturity_ea_slope
2026-08-01,IT,PSPP,251431.1111111111,0.0,4.043136562450924,2.0050970875521164,single_maturity_ea_slope
2020-03-01,LT,PEPP,0.0,0.0,,,missing_wam
2020-04-01,LT,PEPP,563.0,563.0,0.45398464027193025,0.45398464027193025,single_maturity_ea_slope
2020-05-01,LT,PEPP,1050.0,487.0,0.4395486544540954,0.44728909256403926,single_maturity_ea_slope
2020-06-01,LT,PEPP,1425.0,375.0,0.2808033097424394,0.4034770444530919,single_maturity_ea_slope
2020-07-01,LT,PEPP,1593.0,168.0,0.30924482573663015,0.39353918334551774,single_maturity_ea_slope
2020-08-01,LT,PEPP,1896.0,303.0,0.43186071674404336,0.39966335244876317,single_maturity_ea_slope
2020-09-01,LT,PEPP,1988.0,92.0,0.43170153802265987,0.401146004899869,single_maturity_ea_slope
2020-10-01,LT,PEPP,2032.0,44.0,0.4158809149228698,0.4014650679121781,single_maturity_ea_slope
2020-11-01,LT,PEPP,2080.0,48.0,0.3999356615632711,0.40142977391951107,single_maturity_ea_slope
2020-12-01,LT,PEPP,2126.0,46.0,0.3841527084909525,0.40105595218399187,single_maturity_ea_slope
2021-01-01,LT,PEPP,2184.0,58.0,0.39928218608863053,0.4010088466741334,single_maturity_ea_slope
2021-02-01,LT,PEPP,2280.0,96.0,0.4630093397359448,0.4036193937504202,single_maturity_ea_slope
2021-03-01,LT,PEPP,2365.0,85.0,0.48853114933322184,0.40667119046269856,single_maturity_ea_slope
2021-04-01,LT,PEPP,2400.0,35.0,0.4936208825167385,0.4079392068051533,single_maturity_ea_slope
2021-05-01,LT,PEPP,2505.0,105.0,0.49502692055152786,0.41158959001607914,single_maturity_ea_slope
2021-06-01,LT,PEPP,2527.0,22.0,0.4740187796594383,0.41213309700941264,single_maturity_ea_slope
2021-07-01,LT,PEPP,2597.0,70.0,0.45476193125108044,0.41328212219112875,single_maturity_ea_slope
2021-08-01,LT,PEPP,2663.0,66.0,0.4464489434575768,0.41410413127997053,single_maturity_ea_slope
2021-09-01,LT,PEPP,2766.0,103.0,0.4620443964939177,0.4158893255377567,single_maturity_ea_slope
2021-10-01,LT,PEPP,2826.0,60.0,0.4142740312091864,0.41585503054139644,single_maturity_ea_slope
2021-11-01,LT,PEPP,2938.0,112.0,0.35411161191104307,0.4135012991300283,single_maturity_ea_slope
2021-12-01,LT,PEPP,2983.0,45.0,0.3329804621780075,0.4122866032993743,single_maturity_ea_slope
2022-01-01,LT,PEPP,3129.0,146.0,0.3213118548866639,0.4080416965341918,single_maturity_ea_slope
2022-02-01,LT,PEPP,3183.0,54.0,0.2610688707766168,0.4055482838446194,single_maturity_ea_slope
2022-03-01,LT,PEPP,3215.0,32.0,0.2682416762824561,0.40418162398708,single_maturity_ea_slope
2022-04-01,LT,PEPP,3216.0,1.0,0.2351478124627144,0.4041290637223025,single_maturity_ea_slope
2022-05-01,LT,PEPP,3216.0,0.0,0.25045726104661725,0.4041290637223025,single_maturity_ea_slope
2022-06-01,LT,PEPP,3224.0,8.0,0.26479577040794744,0.403783323540381,single_maturity_ea_slope
2022-07-01,LT,PEPP,3235.0,11.0,0.3307750903399532,0.4035350729792667,single_maturity_ea_slope
2022-08-01,LT,PEPP,3242.0,7.0,0.3028484689365821,0.4033176743894151,single_maturity_ea_slope
2022-09-01,LT,PEPP,3208.0,0.0,0.229384655907353,0.4033176743894151,single_maturity_ea_slope
2022-10-01,LT,PEPP,3215.0,7.0,0.24396573276658393,0.40297071837344006,single_maturity_ea_slope
2022-11-01,LT,PEPP,3222.0,7.0,2.9003158227858945,0.40839635950655223,single_maturity_ea_slope
2022-12-01,LT,PEPP,3227.0,5.0,2.878243545677348,0.412223206711651,single_maturity_ea_slope
2023-01-01,LT,PEPP,3256.0,29.0,2.893127033003293,0.43431970884999793,single_maturity_ea_slope
2023-02-01,LT,PEPP,3267.0,11.0,2.885461142753023,0.4425727103109509,single_maturity_ea_slope
2023-03-01,LT,PEPP,3304.0,37.0,2.900393450658797,0.4700967319189625,single_maturity_ea_slope
2023-04-01,LT,PEPP,3215.0,0.0,2.932635255028661,0.4700967319189625,single_maturity_ea_slope
2023-05-01,LT,PEPP,3237.0,22.0,2.9607947885678207,0.48702455312572024,single_maturity_ea_slope
2023-06-01,LT,PEPP,3221.0,0.0,2.929458345091273,0.48702455312572024,single_maturity_ea_slope
2023-07-01,LT,PEPP,3235.0,14.0,2.9057906004533667,0.4974921650770609,single_maturity_ea_slope
2023-08-01,LT,PEPP,3136.0,0.0,2.9467401020452173,0.4974921650770609,single_maturity_ea_slope
2023-09-01,LT,PEPP,3146.0,10.0,2.9526422173703426,0.5052962021155011,single_maturity_ea_slope
2023-10-01,LT,PEPP,3169.0,23.0,2.9875812202529044,0.5233121552291522,single_maturity_ea_slope
2023-11-01,LT,PEPP,3182.0,13.0,2.987692356802627,0.5333803332996911,single_maturity_ea_slope
2023-12-01,LT,PEPP,3191.0,9.0,3.0000944855885896,0.5403375339799168,single_maturity_ea_slope
2024-01-01,LT,PEPP,3134.0,0.0,3.0176837488327735,0.5403375339799168,single_maturity_ea_slope
2024-02-01,LT,PEPP,3175.0,41.0,2.9879448990220094,0.5719444322371533,single_maturity_ea_slope
2024-03-01,LT,PEPP,3216.0,41.0,2.97909602236052,0.6026326210415868,single_maturity_ea_slope
2024-04-01,LT,PEPP,3186.0,0.0,2.9847707375262904,0.6026326210415868,single_maturity_ea_slope
2024-05-01,LT,PEPP,3236.0,50.0,2.9748978263984,0.6392869041898688,single_maturity_ea_slope
2024-06-01,LT,PEPP,3092.0,0.0,3.0069670616923596,0.6392869041898688,single_maturity_ea_slope
2024-07-01,LT,PEPP,3116.0,24.0,3.0298392086104347,0.6576993738002969,single_maturity_ea_slope
2024-08-01,LT,PEPP,3067.0,0.0,3.0198368673408,0.6576993738002969,single_maturity_ea_slope
2024-09-01,LT,PEPP,3079.0,12.0,3.018668486078419,0.6669009422794582,single_maturity_ea_slope
2024-10-01,LT,PEPP,3095.0,16.0,3.0151521532930348,0.6790405285076382,single_maturity_ea_slope
2024-11-01,LT,PEPP,3064.0,0.0,2.988536183676666,0.6790405285076382,single_maturity_ea_slope
2024-12-01,LT,PEPP,3069.0,5.0,2.9833135204426315,0.6827946389539317,single_maturity_ea_slope
2025-01-01,LT,PEPP,3069.0,0.0,2.988033621386141,0.6827946389539317,single_maturity_ea_slope
2025-02-01,LT,PEPP,3069.0,0.0,2.9888708034678397,0.6827946389539317,single_maturity_ea_slope
2025-03-01,LT,PEPP,3068.0,0.0,3.016244449190286,0.6827946389539317,single_maturity_ea_slope
2025-04-01,LT,PEPP,3068.0,0.0,3.03713329880488,0.6827946389539317,single_maturity_ea_slope
2025-05-01,LT,PEPP,2927.0,0.0,3.0811346439766094,0.6827946389539317,single_maturity_ea_slope
2025-06-01,LT,PEPP,2927.0,0.0,3.0706364773753907,0.6827946389539317,single_maturity_ea_slope
2025-07-01,LT,PEPP,2927.0,0.0,3.078588219275821,0.6827946389539317,single_maturity_ea_slope
2025-08-01,LT,PEPP,2876.0,0.0,3.103250041232,0.6827946389539317,single_maturity_ea_slope
2025-09-01,LT,PEPP,2873.0,0.0,3.1057654133384727,0.6827946389539317,single_maturity_ea_slope
2025-10-01,LT,PEPP,2746.0,0.0,3.1340232237754777,0.6827946389539317,single_maturity_ea_slope
2025-11-01,LT,PEPP,2690.0,0.0,3.1466389014633998,0.6827946389539317,single_maturity_ea_slope
2025-12-01,LT,PEPP,2690.0,0.0,3.132845365912533,0.6827946389539317,single_maturity_ea_slope
2026-01-01,LT,PEPP,2629.0,0.0,3.1514328695096667,0.6827946389539317,single_maturity_ea_slope
2026-02-01,LT,PEPP,2629.0,0.0,3.1556601255166497,0.6827946389539317,single_maturity_ea_slope
2026-03-01,LT,PEPP,2629.0,0.0,3.099668347850537,0.6827946389539317,single_maturity_ea_slope
2026-04-01,LT,PEPP,2629.0,0.0,3.0893717579262403,0.6827946389539317,single_maturity_ea_slope
2026-05-01,LT,PEPP,2629.0,0.0,3.07847564633697,0.6827946389539317,single_maturity_ea_slope
2026-06-01,LT,PEPP,2559.0,0.0,3.0898458470527994,0.6827946389539317,single_maturity_ea_slope
2026-07-01,LT,PEPP,2559.0,0.0,3.082836629615826,0.6827946389539317,single_maturity_ea_slope
2026-08-01,LT,PEPP,2511.0,0.0,3.0909246931599523,0.6827946389539317,single_maturity_ea_slope
2015-03-01,LT,PSPP,34.666666666666664,34.666666666666664,1.0847692122063517,1.0847692122063517,single_maturity_ea_slope
2015-04-01,LT,PSPP,108.44444444444444,73.77777777777777,0.44261710820446387,0.6478952398116248,single_maturity_ea_slope
2015-05-01,LT,PSPP,217.77777777777777,109.33333333333333,0.903821640179958,0.7763807387720533,single_maturity_ea_slope
2015-06-01,LT,PSPP,336.0,118.22222222222223,1.2596419359681374,0.9464170859336385,single_maturity_ea_slope
2015-07-01,LT,PSPP,448.0,112.0,1.43699103971946,1.0690605743800938,single_maturity_ea_slope
2015-08-01,LT,PSPP,575.1111111111111,127.11111111111109,1.4243602289283954,1.147588936977323,single_maturity_ea_slope
2015-09-01,LT,PSPP,686.2222222222222,111.11111111111109,1.4021480145759098,1.1888064042050734,single_maturity_ea_slope
2015-10-01,LT,PSPP,787.5555555555555,101.33333333333337,1.3953638138603166,1.2153837684270798,single_maturity_ea_slope
2015-11-01,LT,PSPP,891.5555555555555,104.0,1.3546289453002005,1.231626725250764,single_maturity_ea_slope
2015-12-01,LT,PSPP,984.0,92.44444444444446,1.3521680482431777,1.2429512939871787,single_maturity_ea_slope
2016-01-01,LT,PSPP,1080.888888888889,96.88888888888891,1.3810754993897418,1.2553324933201386,single_maturity_ea_slope
2016-02-01,LT,PSPP,1177.7777777777776,96.88888888888869,1.3833851024087778,1.2658666324829022,single_maturity_ea_slope
2016-03-01,LT,PSPP,1288.888888888889,111.11111111111131,1.418818401108755,1.2790521297782345,single_maturity_ea_slope
2016-04-01,LT,PSPP,1381.3333333333333,92.44444444444434,1.2972047679204288,1.280266978148111,single_maturity_ea_slope
2016-05-01,LT,PSPP,1481.7777777777776,100.44444444444434,0.8424767195032229,1.2505907338608453,single_maturity_ea_slope
2016-06-01,LT,PSPP,1575.111111111111,93.33333333333348,0.8520993627657233,1.2269780961830867,single_maturity_ea_slope
2016-07-01,LT,PSPP,1639.111111111111,64.0,0.8369234343532316,1.211748196155023,single_maturity_ea_slope
2016-08-01,LT,PSPP,1681.7777777777776,42.666666666666515,0.8277870737867451,1.202007110598111,single_maturity_ea_slope
2016-09-01,LT,PSPP,1746.6666666666665,64.88888888888891,0.7515979788846404,1.185274354050995,single_maturity_ea_slope
2016-10-01,LT,PSPP,1857.7777777777776,111.11111111111109,0.29882162355602493,1.1322568462462719,single_maturity_ea_slope
2016-11-01,LT,PSPP,1945.7777777777776,88.0,0.2986831357809344,1.0945575327076384,single_maturity_ea_slope
2016-12-01,LT,PSPP,2012.4444444444443,66.66666666666674,0.2903905741357205,1.0679177262178443,single_maturity_ea_slope
2017-01-01,LT,PSPP,2074.6666666666665,62.22222222222217,0.3116565732720337,1.0452363720163846,single_maturity_ea_slope
2017-02-01,LT,PSPP,2132.4444444444443,57.77777777777783,0.3130329313517993,1.025397596008382,single_maturity_ea_slope
2017-03-01,LT,PSPP,2199.111111111111,66.66666666666652,0.3243359250495866,1.0041447159267696,single_maturity_ea_slope
2017-04-01,LT,PSPP,2249.777777777778,50.66666666666697,0.3223921464666898,0.9887911416639388,single_maturity_ea_slope
2017-05-01,LT,PSPP,2296.0,46.22222222222217,0.32306888767636244,0.9753890676386373,single_maturity_ea_slope
2017-06-01,LT,PSPP,2329.777777777778,33.77777777777783,0.3367524374443292,0.9661299329772929,single_maturity_ea_slope
2017-07-01,LT,PSPP,2382.222222222222,52.44444444444434,0.32785524968830276,0.9520783634571248,single_maturity_ea_slope
2017-08-01,LT,PSPP,2385.777777777778,3.5555555555556566,0.33747430234029946,0.9511624110560565,single_maturity_ea_slope
2017-09-01,LT,PSPP,2411.555555555555,25.777777777777374,0.34093733216070127,0.944639548067496,single_maturity_ea_slope
2017-10-01,LT,PSPP,2464.8888888888887,53.333333333333485,0.3372534108566742,0.9314974030142504,single_maturity_ea_slope
2017-11-01,LT,PSPP,2526.222222222222,61.333333333333485,0.3319630044446814,0.916941501008163,single_maturity_ea_slope
2017-12-01,LT,PSPP,2581.333333333333,55.11111111111086,0.32927421122406597,0.9043948853171804,single_maturity_ea_slope
2018-01-01,LT,PSPP,2645.333333333333,64.0,0.327752492655537,0.8904438596882696,single_maturity_ea_slope
2018-02-01,LT,PSPP,2466.6666666666665,0.0,0.465697149575033,0.8904438596882696,single_maturity_ea_slope
2018-03-01,LT,PSPP,2469.333333333333,2.666666666666515,0.4670068258037277,0.8899865842737075,single_maturity_ea_slope
2018-04-01,LT,PSPP,2506.6666666666665,37.333333333333485,0.454110769081466,0.8834948168133974,single_maturity_ea_slope
2018-05-01,LT,PSPP,2484.4444444444443,0.0,0.4694319247185558,0.8834948168133974,single_maturity_ea_slope
2018-06-01,LT,PSPP,2538.6666666666665,54.22222222222217,0.4819012391624203,0.8749173629490034,single_maturity_ea_slope
2018-07-01,LT,PSPP,2576.0,37.333333333333485,0.4602285498322094,0.8689073801502092,single_maturity_ea_slope
2018-08-01,LT,PSPP,2612.4444444444443,36.44444444444434,0.44761220268393354,0.8630301762454398,single_maturity_ea_slope
2018-09-01,LT,PSPP,2757.333333333333,144.8888888888887,0.4985593260764369,0.8438784197729873,single_maturity_ea_slope
2018-10-01,LT,PSPP,2768.8888888888887,11.555555555555657,0.48653765911641306,0.8423871100174382,single_maturity_ea_slope
2018-11-01,LT,PSPP,2793.777777777778,24.88888888888914,0.49661657663199804,0.839306748918236,single_maturity_ea_slope
2018-12-01,LT,PSPP,2812.4444444444443,18.666666666666515,0.47872702655625593,0.8369135206724707,single_maturity_ea_slope
2019-01-01,LT,PSPP,2832.0,19.555555555555657,0.47992435870588784,0.834448435436041,single_maturity_ea_slope
2019-02-01,LT,PSPP,2841.777777777778,9.777777777777828,0.472335912599833,0.8332025055795511,single_maturity_ea_slope
2019-03-01,LT,PSPP,2854.222222222222,12.444444444444343,0.48548839474720296,0.8316864677247854,single_maturity_ea_slope
2019-04-01,LT,PSPP,2817.777777777778,0.0,0.4710211263470745,0.8316864677247854,single_maturity_ea_slope
2019-05-01,LT,PSPP,2854.222222222222,36.44444444444434,0.45901176642175473,0.8269279305857558,single_maturity_ea_slope
2019-06-01,LT,PSPP,2855.111111111111,0.8888888888886868,0.4682624197648748,0.8268162663544915,single_maturity_ea_slope
2019-07-01,LT,PSPP,2956.4444444444443,101.33333333333348,0.4976988519934999,0.8155356333908256,single_maturity_ea_slope
2019-08-01,LT,PSPP,2973.333333333333,16.888888888888687,0.4615448117110071,0.8135249231929432,single_maturity_ea_slope
2019-09-01,LT,PSPP,3088.8888888888887,115.55555555555566,0.4778267190853234,0.8009664292263272,single_maturity_ea_slope
2019-10-01,LT,PSPP,3160.8888888888887,72.0,0.5007886226622873,0.7941288582669102,single_maturity_ea_slope
2019-11-01,LT,PSPP,3228.4444444444443,67.55555555555566,0.494829487676044,0.7878659859748105,single_maturity_ea_slope
2019-12-01,LT,PSPP,3293.333333333333,64.88888888888869,0.49303168844351697,0.7820568351732493,single_maturity_ea_slope
2020-01-01,LT,PSPP,3358.222222222222,64.88888888888914,0.4861079458577039,0.7763383944850453,single_maturity_ea_slope
2020-02-01,LT,PSPP,3390.222222222222,32.0,0.47102560994551584,0.7734565748092657,single_maturity_ea_slope
2020-03-01,LT,PSPP,3412.4444444444443,22.22222222222217,0.43736825856510547,0.7712679298740992,single_maturity_ea_slope
2020-04-01,LT,PSPP,3470.222222222222,57.77777777777783,0.44028854034362463,0.7657572586857077,single_maturity_ea_slope
2020-05-01,LT,PSPP,3442.6666666666665,0.0,0.45778424217783903,0.7657572586857077,single_maturity_ea_slope
2020-06-01,LT,PSPP,3499.555555555555,56.88888888888869,0.32343580995932597,0.7585668668344279,single_maturity_ea_slope
2020-07-01,LT,PSPP,3629.333333333333,129.77777777777783,0.29633505050908404,0.7420383718103034,single_maturity_ea_slope
2020-08-01,LT,PSPP,3712.8888888888887,83.55555555555566,0.303945910486358,0.7321794559940594,single_maturity_ea_slope
2020-09-01,LT,PSPP,3823.111111111111,110.22222222222217,0.3254622668815351,0.7204535942293645,single_maturity_ea_slope
2020-10-01,LT,PSPP,3882.6666666666665,59.55555555555566,0.3248771315512766,0.7143859149712528,single_maturity_ea_slope
2020-11-01,LT,PSPP,3977.7777777777774,95.11111111111086,0.3312968015092077,0.7052260188504844,single_maturity_ea_slope
2020-12-01,LT,PSPP,4080.0,102.22222222222263,0.33096205504135834,0.6958490350077721,single_maturity_ea_slope
2021-01-01,LT,PSPP,4171.555555555556,91.55555555555566,0.3555398517387768,0.6883800714712909,single_maturity_ea_slope
2021-02-01,LT,PSPP,4165.333333333333,0.0,0.39461836367921443,0.6883800714712909,single_maturity_ea_slope
2021-03-01,LT,PSPP,4263.111111111111,97.77777777777828,0.4279938811840227,0.6824079111436012,single_maturity_ea_slope
2021-04-01,LT,PSPP,4382.222222222222,119.1111111111104,0.4462413033207966,0.6759887781926366,single_maturity_ea_slope
2021-05-01,LT,PSPP,4376.888888888889,0.0,0.47124250700601455,0.6759887781926366,single_maturity_ea_slope
2021-06-01,LT,PSPP,4481.777777777777,104.88888888888869,0.459988476429539,0.6709336342798946,single_maturity_ea_slope
2021-07-01,LT,PSPP,4585.777777777777,104.0,0.43655095744052685,0.6656181132118182,single_maturity_ea_slope
2021-08-01,LT,PSPP,4565.333333333333,0.0,0.4147115928670405,0.6656181132118182,single_maturity_ea_slope
2021-09-01,LT,PSPP,4676.444444444444,111.11111111111131,0.4388107965814756,0.6602292299997307,single_maturity_ea_slope
2021-10-01,LT,PSPP,4753.777777777777,77.33333333333303,0.4048269721215572,0.6560744064329017,single_maturity_ea_slope
2021-11-01,LT,PSPP,4822.222222222222,68.44444444444434,0.34878854319531005,0.6517129296643682,single_maturity_ea_slope
2021-12-01,LT,PSPP,4886.222222222222,64.0,0.32687288481924703,0.6474581573833333,single_maturity_ea_slope
2022-01-01,LT,PSPP,4976.888888888889,90.66666666666697,0.32994851359816113,0.6416739131136268,single_maturity_ea_slope
2022-02-01,LT,PSPP,5024.888888888889,48.0,0.26628473064129476,0.6380880267075582,single_maturity_ea_slope
2022-03-01,LT,PSPP,5016.0,0.0,0.2749014318032347,0.6380880267075582,single_maturity_ea_slope
2022-04-01,LT,PSPP,5145.777777777777,129.77777777777737,0.23931254915527786,0.6280308113469375,single_maturity_ea_slope
2022-05-01,LT,PSPP,5150.222222222222,4.444444444444343,0.2568566240591642,0.6277105022450323,single_maturity_ea_slope
2022-06-01,LT,PSPP,5231.11111111111,80.88888888888869,0.272220854265144,0.6222135510188352,single_maturity_ea_slope
2022-07-01,LT,PSPP,5277.333333333333,46.222222222222626,0.3438469835886334,0.6197754406084646,single_maturity_ea_slope
2022-08-01,LT,PSPP,5307.555555555556,30.222222222222626,0.3156196406485835,0.6180435201263617,single_maturity_ea_slope
2022-09-01,LT,PSPP,5261.333333333333,0.0,0.23532315354858854,0.6180435201263617,single_maturity_ea_slope
2022-10-01,LT,PSPP,5304.888888888889,43.55555555555566,0.24914878182786312,0.6150147261959618,single_maturity_ea_slope
2022-11-01,LT,PSPP,5329.777777777777,24.888888888888687,2.901325136833501,0.6256912924897994,single_maturity_ea_slope
2022-12-01,LT,PSPP,5355.555555555556,25.777777777778283,2.878010017091268,0.6365323286746034,single_maturity_ea_slope
2023-01-01,LT,PSPP,5434.666666666666,79.1111111111104,2.8946778400048756,0.6694035996115338,single_maturity_ea_slope
2023-02-01,LT,PSPP,5473.777777777777,39.11111111111131,2.886130267917069,0.6852425040294364,single_maturity_ea_slope
2023-03-01,LT,PSPP,5489.777777777777,16.0,2.903440440665485,0.6917074591556426,single_maturity_ea_slope
2023-04-01,LT,PSPP,5474.666666666666,0.0,2.9349292855141718,0.6917074591556426,single_maturity_ea_slope
2023-05-01,LT,PSPP,5487.11111111111,12.444444444444343,2.9650902077068695,0.6968633571760082,single_maturity_ea_slope
2023-06-01,LT,PSPP,5441.777777777777,0.0,2.9324864070356362,0.6968633571760082,single_maturity_ea_slope
2023-07-01,LT,PSPP,5441.777777777777,0.0,2.9077480761202668,0.6968633571760082,single_maturity_ea_slope
2023-08-01,LT,PSPP,5352.888888888889,0.0,2.9464994526388044,0.6968633571760082,single_maturity_ea_slope
2023-09-01,LT,PSPP,5352.888888888889,0.0,2.9529139463629996,0.6968633571760082,single_maturity_ea_slope
2023-10-01,LT,PSPP,5352.888888888889,0.0,2.9892599909200497,0.6968633571760082,single_maturity_ea_slope
2023-11-01,LT,PSPP,5352.888888888889,0.0,2.9903154453309724,0.6968633571760082,single_maturity_ea_slope
2023-12-01,LT,PSPP,5352.888888888889,0.0,3.0031305821343683,0.6968633571760082,single_maturity_ea_slope
2024-01-01,LT,PSPP,5150.222222222222,0.0,3.026850682501796,0.6968633571760082,single_maturity_ea_slope
2024-02-01,LT,PSPP,5150.222222222222,0.0,2.9977445734861807,0.6968633571760082,single_maturity_ea_slope
2024-03-01,LT,PSPP,5150.222222222222,0.0,2.98980524667902,0.6968633571760082,single_maturity_ea_slope
2024-04-01,LT,PSPP,5008.888888888889,0.0,2.9990380043971334,0.6968633571760082,single_maturity_ea_slope
2024-05-01,LT,PSPP,5008.888888888889,0.0,2.991177952041527,0.6968633571760082,single_maturity_ea_slope
2024-06-01,LT,PSPP,4809.777777777777,0.0,3.02323671030118,0.6968633571760082,single_maturity_ea_slope
2024-07-01,LT,PSPP,4809.777777777777,0.0,3.0517236193416957,0.6968633571760082,single_maturity_ea_slope
2024-08-01,LT,PSPP,4714.666666666666,0.0,3.042310649592,0.6968633571760082,single_maturity_ea_slope
2024-09-01,LT,PSPP,4714.666666666666,0.0,3.0430416420868767,0.6968633571760082,single_maturity_ea_slope
2024-10-01,LT,PSPP,4714.666666666666,0.0,3.0416931750399954,0.6968633571760082,single_maturity_ea_slope
2024-11-01,LT,PSPP,4638.222222222222,0.0,3.0112841783376663,0.6968633571760082,single_maturity_ea_slope
2024-12-01,LT,PSPP,4638.222222222222,0.0,3.006780448657458,0.6968633571760082,single_maturity_ea_slope
2025-01-01,LT,PSPP,4638.222222222222,0.0,3.0135571664090186,0.6968633571760082,single_maturity_ea_slope
2025-02-01,LT,PSPP,4638.222222222222,0.0,3.0149196460153598,0.6968633571760082,single_maturity_ea_slope
2025-03-01,LT,PSPP,4638.222222222222,0.0,3.050088611728,0.6968633571760082,single_maturity_ea_slope
2025-04-01,LT,PSPP,4638.222222222222,0.0,3.0777173958471997,0.6968633571760082,single_maturity_ea_slope
2025-05-01,LT,PSPP,4382.222222222222,0.0,3.1353731996556955,0.6968633571760082,single_maturity_ea_slope
2025-06-01,LT,PSPP,4382.222222222222,0.0,3.1238373547824763,0.6968633571760082,single_maturity_ea_slope
2025-07-01,LT,PSPP,4382.222222222222,0.0,3.1371732461423645,0.6968633571760082,single_maturity_ea_slope
2025-08-01,LT,PSPP,4342.222222222222,0.0,3.157764586184,0.6968633571760082,single_maturity_ea_slope
2025-09-01,LT,PSPP,4338.666666666666,0.0,3.1639068074361814,0.6968633571760082,single_maturity_ea_slope
2025-10-01,LT,PSPP,4121.777777777777,0.0,3.198187120972652,0.6968633571760082,single_maturity_ea_slope
2025-11-01,LT,PSPP,4026.6666666666665,0.0,3.21287204994172,0.6968633571760082,single_maturity_ea_slope
2025-12-01,LT,PSPP,4026.6666666666665,0.0,3.200571803210533,0.6968633571760082,single_maturity_ea_slope
2026-01-01,LT,PSPP,3922.6666666666665,0.0,3.217425313906081,0.6968633571760082,single_maturity_ea_slope
2026-02-01,LT,PSPP,3922.6666666666665,0.0,3.2281453634230495,0.6968633571760082,single_maturity_ea_slope
2026-03-01,LT,PSPP,3922.6666666666665,0.0,3.1627890735493507,0.6968633571760082,single_maturity_ea_slope
2026-04-01,LT,PSPP,3922.6666666666665,0.0,3.1518500676522403,0.6968633571760082,single_maturity_ea_slope
2026-05-01,LT,PSPP,3922.6666666666665,0.0,3.13990208433672,0.6968633571760082,single_maturity_ea_slope
2026-06-01,LT,PSPP,3793.7777777777774,0.0,3.1531689582777633,0.6968633571760082,single_maturity_ea_slope
2026-07-01,LT,PSPP,3793.7777777777774,0.0,3.1486784778641566,0.6968633571760082,single_maturity_ea_slope
2026-08-01,LT,PSPP,3793.7777777777774,0.0,3.142988383243738,0.6968633571760082,single_maturity_ea_slope
2020-03-01,LU,PEPP,35.0,35.0,-0.3642634514541585,-0.3642634514541585,single_maturity_ea_slope
2020-04-01,LU,PEPP,136.0,101.0,-0.2839455302616687,-0.30461558350973594,single_maturity_ea_slope
2020-05-01,LU,PEPP,458.0,322.0,-0.3828562963032198,-0.3596232462160717,single_maturity_ea_slope
2020-06-01,LU,PEPP,705.0,247.0,-0.3524414204861103,-0.3571070604638725,single_maturity_ea_slope
2020-07-01,LU,PEPP,807.0,102.0,-0.4378977944313354,-0.3673185286976783,single_maturity_ea_slope
2020-08-01,LU,PEPP,918.0,111.0,-0.4874834168611547,-0.3818482700769222,single_maturity_ea_slope
2020-09-01,LU,PEPP,994.0,76.0,-0.5194309008453618,-0.3923676663932214,single_maturity_ea_slope
2020-10-01,LU,PEPP,1180.0,186.0,-0.5161657321672483,-0.41188159879489006,single_maturity_ea_slope
2020-11-01,LU,PEPP,1245.0,65.0,-0.5109892275107355,-0.4170558926635888,single_maturity_ea_slope
2020-12-01,LU,PEPP,1268.0,23.0,-0.5327836194007188,-0.41915505489935695,single_maturity_ea_slope
2021-01-01,LU,PEPP,1302.0,34.0,-0.5248773478159479,-0.421915852103016,single_maturity_ea_slope
2021-02-01,LU,PEPP,1327.0,25.0,-0.44441381960125503,-0.422339702281958,single_maturity_ea_slope
2021-03-01,LU,PEPP,1372.0,45.0,-0.40970681325538144,-0.42192535825411837,single_maturity_ea_slope
2021-04-01,LU,PEPP,1527.0,155.0,-0.36268851440823513,-0.415912450070679,single_maturity_ea_slope
2021-05-01,LU,PEPP,1727.0,200.0,-0.2820560005434708,-0.4004108346071923,single_maturity_ea_slope
2021-06-01,LU,PEPP,1830.0,103.0,-0.30522212116265657,-0.3950532184952867,single_maturity_ea_slope
2021-07-01,LU,PEPP,1848.0,18.0,-0.3798150677784008,-0.394904794949343,single_maturity_ea_slope
2021-08-01,LU,PEPP,1851.0,3.0,-0.45886296435526813,-0.3950084548673429,single_maturity_ea_slope
2021-09-01,LU,PEPP,1856.0,5.0,-0.3644496456604767,-0.3949261304890916,single_maturity_ea_slope
2021-10-01,LU,PEPP,1884.0,28.0,-0.2037845628381386,-0.3920853853223046,single_maturity_ea_slope
2021-11-01,LU,PEPP,1905.0,21.0,-0.22462406684208774,-0.3902393550398455,single_maturity_ea_slope
2021-12-01,LU,PEPP,1909.0,4.0,-0.23672311925025555,-0.38991768665683957,single_maturity_ea_slope
2022-01-01,LU,PEPP,1915.0,6.0,-0.06648951766938682,-0.3889043346913436,single_maturity_ea_slope
2022-02-01,LU,PEPP,1918.0,3.0,0.3734548409734957,-0.38771190636652897,single_maturity_ea_slope
2022-03-01,LU,PEPP,1834.0,0.0,0.5348464312865243,-0.38771190636652897,single_maturity_ea_slope
2022-04-01,LU,PEPP,1838.0,4.0,1.3755372189701671,-0.3838745850926732,single_maturity_ea_slope
2022-05-01,LU,PEPP,1854.0,16.0,1.6404111231247471,-0.36640502126771163,single_maturity_ea_slope
2022-06-01,LU,PEPP,1866.0,12.0,2.133375411724403,-0.35032926285618676,single_maturity_ea_slope
2022-07-01,LU,PEPP,1866.0,0.0,1.8061071460460032,-0.35032926285618676,single_maturity_ea_slope
2022-08-01,LU,PEPP,1867.0,1.0,1.797468793161196,-0.3491788621834404,single_maturity_ea_slope
2022-09-01,LU,PEPP,1880.0,13.0,2.52718202121231,-0.3292891326705975,single_maturity_ea_slope
2022-10-01,LU,PEPP,1888.0,8.0,2.9546390454088924,-0.315374182763481,single_maturity_ea_slope
2022-11-01,LU,PEPP,1899.0,11.0,2.677974525724967,-0.29803514337781856,single_maturity_ea_slope
2022-12-01,LU,PEPP,1910.0,11.0,2.662930720562577,-0.2809824603917744,single_maturity_ea_slope
2023-01-01,LU,PEPP,1922.0,12.0,2.690290002364386,-0.2624313315920481,single_maturity_ea_slope
2023-02-01,LU,PEPP,1930.0,8.0,2.8854539672111517,-0.24938310237421105,single_maturity_ea_slope
2023-03-01,LU,PEPP,1942.0,12.0,2.98245372096071,-0.22941294692620948,single_maturity_ea_slope
2023-04-01,LU,PEPP,1948.0,6.0,2.933738160113123,-0.21967018170945588,single_maturity_ea_slope
2023-05-01,LU,PEPP,1957.0,9.0,2.912479501804944,-0.20526581423289503,single_maturity_ea_slope
2023-06-01,LU,PEPP,1964.0,7.0,2.928792782268523,-0.1940955442860977,single_maturity_ea_slope
2023-07-01,LU,PEPP,1847.0,0.0,3.0294647881006984,-0.1940955442860977,single_maturity_ea_slope
2023-08-01,LU,PEPP,1857.0,10.0,3.064475938124848,-0.17654804034204308,single_maturity_ea_slope
2023-09-01,LU,PEPP,1861.0,4.0,3.1392620680314285,-0.169421097605077,single_maturity_ea_slope
2023-10-01,LU,PEPP,1875.0,14.0,3.2840514467621214,-0.1436351692738019,single_maturity_ea_slope
2023-11-01,LU,PEPP,1884.0,9.0,2.996363019500106,-0.12863517792615586,single_maturity_ea_slope
2023-12-01,LU,PEPP,1889.0,5.0,2.489492216222316,-0.12170524834926737,single_maturity_ea_slope
2024-01-01,LU,PEPP,1889.0,0.0,2.5532331040377576,-0.12170524834926737,single_maturity_ea_slope
2024-02-01,LU,PEPP,1889.0,0.0,2.765433863961651,-0.12170524834926737,single_maturity_ea_slope
2024-03-01,LU,PEPP,1889.0,0.0,2.7455927348266997,-0.12170524834926737,single_maturity_ea_slope
2024-04-01,LU,PEPP,1889.0,0.0,2.8511182515089923,-0.12170524834926737,single_maturity_ea_slope
2024-05-01,LU,PEPP,1889.0,0.0,2.8957127781568635,-0.12170524834926737,single_maturity_ea_slope
2024-06-01,LU,PEPP,1889.0,0.0,2.883038630807391,-0.12170524834926737,single_maturity_ea_slope
2024-07-01,LU,PEPP,1889.0,0.0,2.8287210588465213,-0.12170524834926737,single_maturity_ea_slope
2024-08-01,LU,PEPP,1889.0,0.0,2.5526543106159094,-0.12170524834926737,single_maturity_ea_slope
2024-09-01,LU,PEPP,1889.0,0.0,2.464156155458874,-0.12170524834926737,single_maturity_ea_slope
2024-10-01,LU,PEPP,1889.0,0.0,2.509623555038174,-0.12170524834926737,single_maturity_ea_slope
2024-11-01,LU,PEPP,1889.0,0.0,2.587432597330555,-0.12170524834926737,single_maturity_ea_slope
2024-12-01,LU,PEPP,1889.0,0.0,2.501420742467508,-0.12170524834926737,single_maturity_ea_slope
2025-01-01,LU,PEPP,1889.0,0.0,2.736462927525303,-0.12170524834926737,single_maturity_ea_slope
2025-02-01,LU,PEPP,1889.0,0.0,2.587356530574,-0.12170524834926737,single_maturity_ea_slope
2025-03-01,LU,PEPP,1889.0,0.0,2.8007952036272057,-0.12170524834926737,single_maturity_ea_slope
2025-04-01,LU,PEPP,1635.0,0.0,2.674508888324408,-0.12170524834926737,single_maturity_ea_slope
2025-05-01,LU,PEPP,1635.0,0.0,2.6704830961740083,-0.12170524834926737,single_maturity_ea_slope
2025-06-01,LU,PEPP,1635.0,0.0,2.6633218446081273,-0.12170524834926737,single_maturity_ea_slope
2025-07-01,LU,PEPP,1635.0,0.0,2.6775836510665796,-0.12170524834926737,single_maturity_ea_slope
2025-08-01,LU,PEPP,1635.0,0.0,2.6318586340632377,-0.12170524834926737,single_maturity_ea_slope
2025-09-01,LU,PEPP,1635.0,0.0,2.65589689471434,-0.12170524834926737,single_maturity_ea_slope
2025-10-01,LU,PEPP,1635.0,0.0,2.625703370324558,-0.12170524834926737,single_maturity_ea_slope
2025-11-01,LU,PEPP,1635.0,0.0,2.67306199803945,-0.12170524834926737,single_maturity_ea_slope
2025-12-01,LU,PEPP,1635.0,0.0,2.8192458831145233,-0.12170524834926737,single_maturity_ea_slope
2026-01-01,LU,PEPP,1635.0,0.0,2.7476554573760716,-0.12170524834926737,single_maturity_ea_slope
2026-02-01,LU,PEPP,1635.0,0.0,2.609594600736875,-0.12170524834926737,single_maturity_ea_slope
2026-03-01,LU,PEPP,1635.0,0.0,2.8500898757255917,-0.12170524834926737,single_maturity_ea_slope
2026-04-01,LU,PEPP,1635.0,0.0,2.9666821485238755,-0.12170524834926737,single_maturity_ea_slope
2026-05-01,LU,PEPP,1635.0,0.0,2.9972392591078125,-0.12170524834926737,single_maturity_ea_slope
2026-06-01,LU,PEPP,1635.0,0.0,2.9257769993490004,-0.12170524834926737,single_maturity_ea_slope
2026-07-01,LU,PEPP,1635.0,0.0,3.0368693799419133,-0.12170524834926737,single_maturity_ea_slope
2026-08-01,LU,PEPP,1635.0,0.0,3.1223476227384404,-0.12170524834926737,single_maturity_ea_slope
2015-03-01,LU,PSPP,162.66666666666666,162.66666666666666,0.15580542604248412,0.15580542604248412,single_maturity_ea_slope
2015-04-01,LU,PSPP,344.88888888888886,182.2222222222222,0.07391773990170991,0.11254002485985858,single_maturity_ea_slope
2015-05-01,LU,PSPP,419.55555555555554,74.66666666666669,0.4231161034113365,0.1678120388393589,single_maturity_ea_slope
2015-06-01,LU,PSPP,651.5555555555555,232.0,0.597374913637129,0.32076689603201647,single_maturity_ea_slope
2015-07-01,LU,PSPP,722.6666666666666,71.11111111111109,0.4827064419395871,0.33670190669942807,single_maturity_ea_slope
2015-08-01,LU,PSPP,799.1111111111111,76.44444444444446,0.36453739885387887,0.3393647012770507,single_maturity_ea_slope
2015-09-01,LU,PSPP,921.7777777777777,122.66666666666663,0.3517533857654083,0.3410133400999951,single_maturity_ea_slope
2015-10-01,LU,PSPP,927.1111111111111,5.333333333333371,0.22315149999712253,0.3403353237619153,single_maturity_ea_slope
2015-11-01,LU,PSPP,953.7777777777777,26.66666666666663,0.13951320709946768,0.33472053951226627,single_maturity_ea_slope
2015-12-01,LU,PSPP,991.1111111111111,37.33333333333337,0.14557292390129184,0.327595696592391,single_maturity_ea_slope
2016-01-01,LU,PSPP,1141.3333333333333,150.22222222222217,0.5974924762653724,0.3631194939169501,single_maturity_ea_slope
2016-02-01,LU,PSPP,1239.111111111111,97.77777777777783,0.3268326244632028,0.3602561111049614,single_maturity_ea_slope
2016-03-01,LU,PSPP,1367.111111111111,128.0,0.3251984842653925,0.35697373251920206,single_maturity_ea_slope
2016-04-01,LU,PSPP,1398.2222222222222,31.111111111111086,0.23708865886936845,0.35430623246977794,single_maturity_ea_slope
2016-05-01,LU,PSPP,1412.4444444444443,14.222222222222172,0.21947949689514362,0.3529486316081076,single_maturity_ea_slope
2016-06-01,LU,PSPP,1435.5555555555554,23.111111111111086,0.07247440625490029,0.34843325708229744,single_maturity_ea_slope
2016-07-01,LU,PSPP,1440.888888888889,5.333333333333485,-0.10444980746598181,0.34675694715799776,single_maturity_ea_slope
2016-08-01,LU,PSPP,1440.888888888889,0.0,-0.15851587060787667,0.34675694715799776,single_maturity_ea_slope
2016-09-01,LU,PSPP,1449.7777777777776,8.888888888888687,-0.15601166184838586,0.34367436831675696,single_maturity_ea_slope
2016-10-01,LU,PSPP,1452.4444444444443,2.6666666666667425,-0.07723499197445184,0.3429015849135295,single_maturity_ea_slope
2016-11-01,LU,PSPP,1519.111111111111,66.66666666666674,0.08234993543207383,0.33146719421071547,single_maturity_ea_slope
2016-12-01,LU,PSPP,1549.3333333333333,30.22222222222217,0.13616314765327991,0.3276574767219302,single_maturity_ea_slope
2017-01-01,LU,PSPP,1558.2222222222222,8.888888888888914,0.16266187284016104,0.32671625821718536,single_maturity_ea_slope
2017-02-01,LU,PSPP,1624.0,65.77777777777783,0.2883002543396238,0.3251602733858008,single_maturity_ea_slope
2017-03-01,LU,PSPP,1683.5555555555554,59.55555555555543,0.359365917034818,0.32637029351488434,single_maturity_ea_slope
2017-04-01,LU,PSPP,1727.111111111111,43.55555555555566,0.2703850518110387,0.3249584166010972,single_maturity_ea_slope
2017-05-01,LU,PSPP,1799.111111111111,72.0,0.35174247152496463,0.3260303081272006,single_maturity_ea_slope
2017-06-01,LU,PSPP,1848.8888888888887,49.7777777777776,0.31605797230620136,0.3257618221627891,single_maturity_ea_slope
2017-07-01,LU,PSPP,1903.111111111111,54.2222222222224,0.4907167033125043,0.3304616109297824,single_maturity_ea_slope
2017-08-01,LU,PSPP,1944.8888888888887,41.7777777777776,0.37294045017855815,0.3313740905662963,single_maturity_ea_slope
2017-09-01,LU,PSPP,1993.7777777777776,48.888888888888914,0.3501314282075958,0.3318340341999439,single_maturity_ea_slope
2017-10-01,LU,PSPP,2028.4444444444443,34.66666666666674,0.3591552920801733,0.3323009619200705,single_maturity_ea_slope
2017-11-01,LU,PSPP,2055.111111111111,26.666666666666515,0.28650290891861907,0.33170669652645307,single_maturity_ea_slope
2017-12-01,LU,PSPP,2120.0,64.88888888888914,0.293930449339318,0.33055044241967707,single_maturity_ea_slope
2018-01-01,LU,PSPP,2144.0,24.0,0.4343617277860986,0.33171250904691313,single_maturity_ea_slope
2018-02-01,LU,PSPP,2166.222222222222,22.22222222222217,0.5821499674399088,0.3342816253619828,single_maturity_ea_slope
2018-03-01,LU,PSPP,2190.222222222222,24.0,0.47724450736939994,0.3358481829164472,single_maturity_ea_slope
2018-04-01,LU,PSPP,2225.777777777778,35.55555555555566,0.4147048451967915,0.3371078740071875,single_maturity_ea_slope
2018-05-01,LU,PSPP,2235.5555555555557,9.777777777777828,0.38231044555027066,0.33730557909147135,single_maturity_ea_slope
2018-06-01,LU,PSPP,2240.0,4.444444444444343,0.2955400904145041,0.3372227110583822,single_maturity_ea_slope
2018-07-01,LU,PSPP,2245.333333333333,5.33333333333303,0.22991038046438328,0.33696781241089047,single_maturity_ea_slope
2018-08-01,LU,PSPP,2286.222222222222,40.88888888888914,0.22561158152078342,0.3349762157464484,single_maturity_ea_slope
2018-09-01,LU,PSPP,2305.777777777778,19.555555555555657,0.2604095381636459,0.33434380753256193,single_maturity_ea_slope
2018-10-01,LU,PSPP,2309.333333333333,3.555555555555202,0.29683943988482986,0.33428606408737677,single_maturity_ea_slope
2018-11-01,LU,PSPP,2316.4444444444443,7.111111111111313,0.21896074063494225,0.333932033930961,single_maturity_ea_slope
2018-12-01,LU,PSPP,2322.6666666666665,6.222222222222172,0.15859430587268708,0.3334623193896645,single_maturity_ea_slope
2019-01-01,LU,PSPP,2324.4444444444443,1.7777777777778283,0.08417428906178348,0.3332716593282283,single_maturity_ea_slope
2019-02-01,LU,PSPP,2326.222222222222,1.7777777777778283,-0.014489044510556937,0.3330058888247214,single_maturity_ea_slope
2019-03-01,LU,PSPP,2328.0,1.7777777777778283,-0.10232224399149606,0.3326734503880538,single_maturity_ea_slope
2019-04-01,LU,PSPP,2334.222222222222,6.222222222222172,-0.16935314674674,0.3313352225967577,single_maturity_ea_slope
2019-05-01,LU,PSPP,2336.0,1.7777777777778283,-0.2710984461116753,0.3308767494851074,single_maturity_ea_slope
2019-06-01,LU,PSPP,2336.8888888888887,0.8888888888886868,-0.42466073767875956,0.3305893636018196,single_maturity_ea_slope
2019-07-01,LU,PSPP,2352.0,15.111111111111313,-0.5342333410235538,0.3250330574874464,single_maturity_ea_slope
2019-08-01,LU,PSPP,2354.6666666666665,2.666666666666515,-0.7397452119664605,0.32382719308262886,single_maturity_ea_slope
2019-09-01,LU,PSPP,2376.0,21.333333333333485,-0.6969583382046114,0.31466189089374225,single_maturity_ea_slope
2019-10-01,LU,PSPP,2379.555555555555,3.555555555555202,-0.6049400775258191,0.31328781249490856,single_maturity_ea_slope
2019-11-01,LU,PSPP,2407.111111111111,27.555555555555657,-0.49941091806279486,0.3039843927580958,single_maturity_ea_slope
2019-12-01,LU,PSPP,2417.777777777778,10.66666666666697,-0.47484188177690645,0.30054839448808834,single_maturity_ea_slope
2020-01-01,LU,PSPP,2488.8888888888887,71.11111111111086,-0.4817837178222958,0.27819604842207746,single_maturity_ea_slope
2020-02-01,LU,PSPP,2506.6666666666665,17.77777777777783,-0.6404426046856928,0.27168088066954005,single_maturity_ea_slope
2020-03-01,LU,PSPP,2548.4444444444443,41.77777777777783,-0.5609016385056308,0.25803198691257,single_maturity_ea_slope
2020-04-01,LU,PSPP,2632.0,83.55555555555566,-0.4552052361065251,0.23538953538815427,single_maturity_ea_slope
2020-05-01,LU,PSPP,2092.4444444444443,0.0,-0.45539482805750403,0.23538953538815427,single_maturity_ea_slope
2020-06-01,LU,PSPP,2129.777777777778,37.333333333333485,-0.47706817090276604,0.22290071082045027,single_maturity_ea_slope
2020-07-01,LU,PSPP,2189.333333333333,59.5555555555552,-0.5563647109013669,0.20170266646179763,single_maturity_ea_slope
2020-08-01,LU,PSPP,2242.6666666666665,53.333333333333485,-0.5828011728892593,0.18304621368293772,single_maturity_ea_slope
2020-09-01,LU,PSPP,2353.777777777778,111.11111111111131,-0.6260406880092725,0.14485291205471776,single_maturity_ea_slope
2020-10-01,LU,PSPP,2466.6666666666665,112.88888888888869,-0.6438700110795531,0.1087564035004647,single_maturity_ea_slope
2020-11-01,LU,PSPP,2583.111111111111,116.44444444444434,-0.6270656075282385,0.07558617519875786,single_maturity_ea_slope
2020-12-01,LU,PSPP,2656.8888888888887,73.77777777777783,-0.6263606181086323,0.05609417658901768,single_maturity_ea_slope
2021-01-01,LU,PSPP,2749.333333333333,92.44444444444434,-0.6068855680562923,0.0338019381657677,single_maturity_ea_slope
2021-02-01,LU,PSPP,2814.222222222222,64.88888888888914,-0.5376190376617007,0.020626407137528485,single_maturity_ea_slope
2021-03-01,LU,PSPP,2872.8888888888887,58.666666666666515,-0.5131839400212612,0.00972557702846907,single_maturity_ea_slope
2021-04-01,LU,PSPP,2936.8888888888887,64.0,-0.49595832331177575,-0.0012941689837880812,single_maturity_ea_slope
2021-05-01,LU,PSPP,2985.777777777778,48.88888888888914,-0.4424947499972891,-0.008518352358525409,single_maturity_ea_slope
2021-06-01,LU,PSPP,3048.8888888888887,63.11111111111086,-0.45410367495115056,-0.017741838627935397,single_maturity_ea_slope
2021-07-01,LU,PSPP,3125.333333333333,76.44444444444434,-0.5024466796760574,-0.02959753155459593,single_maturity_ea_slope
2021-08-01,LU,PSPP,3191.111111111111,65.77777777777783,-0.564092936677983,-0.04061498558777996,single_maturity_ea_slope
2021-09-01,LU,PSPP,3308.4444444444443,117.33333333333348,-0.4704471641818001,-0.05585889949815361,single_maturity_ea_slope
2021-10-01,LU,PSPP,3360.0,51.55555555555566,-0.30528564590436347,-0.059686082379518744,single_maturity_ea_slope
2021-11-01,LU,PSPP,3392.8888888888887,32.88888888888869,-0.3046292253190288,-0.062060432992241246,single_maturity_ea_slope
2021-12-01,LU,PSPP,3441.7777777777774,48.88888888888869,-0.3052935040369058,-0.06551544820594385,single_maturity_ea_slope
2022-01-01,LU,PSPP,3468.4444444444443,26.66666666666697,-0.1402354352632227,-0.06608992273483119,single_maturity_ea_slope
2022-02-01,LU,PSPP,3508.4444444444443,40.0,0.32076795048133055,-0.06167933132496869,single_maturity_ea_slope
2022-03-01,LU,PSPP,3232.8888888888887,0.0,0.4907039464514702,-0.06167933132496869,single_maturity_ea_slope
2022-04-01,LU,PSPP,3273.7777777777774,40.88888888888869,1.3459504094976276,-0.04409829193375524,single_maturity_ea_slope
2022-05-01,LU,PSPP,3307.555555555555,33.77777777777783,1.6045611462939025,-0.027261673107458247,single_maturity_ea_slope
2022-06-01,LU,PSPP,3360.0,52.4444444444448,2.098831896094538,0.005923385247811227,single_maturity_ea_slope
2022-07-01,LU,PSPP,3411.555555555555,51.5555555555552,1.757902603869517,0.03239936093307914,single_maturity_ea_slope
2022-08-01,LU,PSPP,3437.333333333333,25.77777777777783,1.7639338324356095,0.04538475003925278,single_maturity_ea_slope
2022-09-01,LU,PSPP,3470.222222222222,32.88888888888914,2.511584921787813,0.06875806109322241,single_maturity_ea_slope
2022-10-01,LU,PSPP,3480.8888888888887,10.666666666666515,2.925301687949682,0.07751151449523391,single_maturity_ea_slope
2022-11-01,LU,PSPP,3506.6666666666665,25.77777777777783,2.664593229156754,0.09652935219490039,single_maturity_ea_slope
2022-12-01,LU,PSPP,3511.111111111111,4.444444444444343,2.656721334404525,0.09977010153946946,single_maturity_ea_slope
2023-01-01,LU,PSPP,3554.6666666666665,43.55555555555566,2.687317554108586,0.13147548417910113,single_maturity_ea_slope
2023-02-01,LU,PSPP,3592.8888888888887,38.22222222222217,2.884381578262911,0.16076171922254587,single_maturity_ea_slope
2023-03-01,LU,PSPP,3622.222222222222,29.333333333333485,2.9801416520944035,0.1835935076359868,single_maturity_ea_slope
2023-04-01,LU,PSPP,3640.0,17.77777777777783,2.929103717780145,0.19700259291141617,single_maturity_ea_slope
2023-05-01,LU,PSPP,3666.6666666666665,26.666666666666515,2.90736173944875,0.21671429579532392,single_maturity_ea_slope
2023-06-01,LU,PSPP,3677.333333333333,10.666666666666515,2.9265024017513634,0.22457444983725577,single_maturity_ea_slope
2023-07-01,LU,PSPP,3171.555555555555,0.0,3.0315136040877935,0.22457444983725577,single_maturity_ea_slope
2023-08-01,LU,PSPP,3171.555555555555,0.0,3.0733108488057828,0.22457444983725577,single_maturity_ea_slope
2023-09-01,LU,PSPP,3171.555555555555,0.0,3.147329754122857,0.22457444983725577,single_maturity_ea_slope
2023-10-01,LU,PSPP,3171.555555555555,0.0,3.2927083278377802,0.22457444983725577,single_maturity_ea_slope
2023-11-01,LU,PSPP,3171.555555555555,0.0,3.001591273657856,0.22457444983725577,single_maturity_ea_slope
2023-12-01,LU,PSPP,3171.555555555555,0.0,2.4947364580169475,0.22457444983725577,single_maturity_ea_slope
2024-01-01,LU,PSPP,3171.555555555555,0.0,2.559016997195394,0.22457444983725577,single_maturity_ea_slope
2024-02-01,LU,PSPP,3171.555555555555,0.0,2.7698073465532698,0.22457444983725577,single_maturity_ea_slope
2024-03-01,LU,PSPP,3171.555555555555,0.0,2.7493318524176,0.22457444983725577,single_maturity_ea_slope
2024-04-01,LU,PSPP,3171.555555555555,0.0,2.855047545514516,0.22457444983725577,single_maturity_ea_slope
2024-05-01,LU,PSPP,3171.555555555555,0.0,2.898845035575409,0.22457444983725577,single_maturity_ea_slope
2024-06-01,LU,PSPP,3171.555555555555,0.0,2.8864647032079915,0.22457444983725577,single_maturity_ea_slope
2024-07-01,LU,PSPP,3171.555555555555,0.0,2.8330795879613038,0.22457444983725577,single_maturity_ea_slope
2024-08-01,LU,PSPP,3171.555555555555,0.0,2.5588161507704545,0.22457444983725577,single_maturity_ea_slope
2024-09-01,LU,PSPP,3171.555555555555,0.0,2.4718438699413023,0.22457444983725577,single_maturity_ea_slope
2024-10-01,LU,PSPP,3171.555555555555,0.0,2.5168477298353915,0.22457444983725577,single_maturity_ea_slope
2024-11-01,LU,PSPP,3171.555555555555,0.0,2.5939308220067456,0.22457444983725577,single_maturity_ea_slope
2024-12-01,LU,PSPP,3171.555555555555,0.0,2.5079052886140345,0.22457444983725577,single_maturity_ea_slope
2025-01-01,LU,PSPP,3171.555555555555,0.0,2.74362513507894,0.22457444983725577,single_maturity_ea_slope
2025-02-01,LU,PSPP,3171.555555555555,0.0,2.594558354466,0.22457444983725577,single_maturity_ea_slope
2025-03-01,LU,PSPP,3171.555555555555,0.0,2.8105081484475867,0.22457444983725577,single_maturity_ea_slope
2025-04-01,LU,PSPP,3026.6666666666665,0.0,2.614238547336633,0.22457444983725577,single_maturity_ea_slope
2025-05-01,LU,PSPP,3026.6666666666665,0.0,2.6077745552750082,0.22457444983725577,single_maturity_ea_slope
2025-06-01,LU,PSPP,3026.6666666666665,0.0,2.605719160729365,0.22457444983725577,single_maturity_ea_slope
2025-07-01,LU,PSPP,3026.6666666666665,0.0,2.616234468464036,0.22457444983725577,single_maturity_ea_slope
2025-08-01,LU,PSPP,3026.6666666666665,0.0,2.5666901529751667,0.22457444983725577,single_maturity_ea_slope
2025-09-01,LU,PSPP,3026.6666666666665,0.0,2.5898163110840904,0.22457444983725577,single_maturity_ea_slope
2025-10-01,LU,PSPP,3026.6666666666665,0.0,2.5608383213260866,0.22457444983725577,single_maturity_ea_slope
2025-11-01,LU,PSPP,3026.6666666666665,0.0,2.608859743365675,0.22457444983725577,single_maturity_ea_slope
2025-12-01,LU,PSPP,3026.6666666666665,0.0,2.7520213471577377,0.22457444983725577,single_maturity_ea_slope
2026-01-01,LU,PSPP,3026.6666666666665,0.0,2.678830160908572,0.22457444983725577,single_maturity_ea_slope
2026-02-01,LU,PSPP,3026.6666666666665,0.0,2.541682434814587,0.22457444983725577,single_maturity_ea_slope
2026-03-01,LU,PSPP,3026.6666666666665,0.0,2.798627012404546,0.22457444983725577,single_maturity_ea_slope
2026-04-01,LU,PSPP,3026.6666666666665,0.0,2.9166697373830006,0.22457444983725577,single_maturity_ea_slope
2026-05-01,LU,PSPP,3026.6666666666665,0.0,2.9506503825520873,0.22457444983725577,single_maturity_ea_slope
2026-06-01,LU,PSPP,3026.6666666666665,0.0,2.883737194269034,0.22457444983725577,single_maturity_ea_slope
2026-07-01,LU,PSPP,3026.6666666666665,0.0,2.995835073199935,0.22457444983725577,single_maturity_ea_slope
2026-08-01,LU,PSPP,3026.6666666666665,0.0,3.0809222458978334,0.22457444983725577,single_maturity_ea_slope
2020-03-01,LV,PEPP,28.0,28.0,0.023487839162675606,0.023487839162675606,single_maturity_ea_slope
2020-04-01,LV,PEPP,209.0,181.0,0.2444577263180283,0.21485410507233513,single_maturity_ea_slope
2020-05-01,LV,PEPP,396.0,187.0,0.4786791174660046,0.3394381387026791,single_maturity_ea_slope
2020-06-01,LV,PEPP,616.0,220.0,0.22781033377450727,0.2995710655140463,single_maturity_ea_slope
2020-07-01,LV,PEPP,787.0,171.0,0.018560959384156528,0.23851296113258358,single_maturity_ea_slope
2020-08-01,LV,PEPP,820.0,33.0,8.747631349192986e-05,0.22891778918254696,single_maturity_ea_slope
2020-09-01,LV,PEPP,837.0,17.0,-0.018486902438938635,0.22389284323563508,single_maturity_ea_slope
2020-10-01,LV,PEPP,876.0,39.0,-0.0785669833657017,0.21042716602393172,single_maturity_ea_slope
2020-11-01,LV,PEPP,908.0,32.0,-0.12026786356287944,0.19877271564201768,single_maturity_ea_slope
2020-12-01,LV,PEPP,905.0,0.0,-0.16613445457144782,0.19877271564201768,single_maturity_ea_slope
2021-01-01,LV,PEPP,888.0,0.0,-0.12306826307390267,0.19877271564201768,single_maturity_ea_slope
2021-02-01,LV,PEPP,970.0,82.0,-0.04719550616046539,0.17797952575768408,single_maturity_ea_slope
2021-03-01,LV,PEPP,1105.0,135.0,0.03252177636734252,0.1602086694973256,single_maturity_ea_slope
2021-04-01,LV,PEPP,1289.0,184.0,0.02661844796790147,0.141139157657594,single_maturity_ea_slope
2021-05-01,LV,PEPP,1343.0,54.0,0.21066835253791266,0.1439348214874802,single_maturity_ea_slope
2021-06-01,LV,PEPP,1361.0,18.0,0.3870553749243636,0.14715022924785046,single_maturity_ea_slope
2021-07-01,LV,PEPP,1402.0,41.0,0.3025970257061662,0.15169610560647454,single_maturity_ea_slope
2021-08-01,LV,PEPP,1425.0,23.0,0.18505100209906705,0.15223446533933746,single_maturity_ea_slope
2021-09-01,LV,PEPP,1532.0,107.0,0.20875885848808248,0.1561823178634339,single_maturity_ea_slope
2021-10-01,LV,PEPP,1592.0,60.0,0.35853704163256167,0.16380875217634072,single_maturity_ea_slope
2021-11-01,LV,PEPP,1625.0,33.0,0.40555602373718247,0.16871808138342242,single_maturity_ea_slope
2021-12-01,LV,PEPP,1626.0,1.0,0.42420350760564585,0.16887520649180016,single_maturity_ea_slope
2022-01-01,LV,PEPP,1709.0,83.0,0.49736565308678315,0.18482880922286135,single_maturity_ea_slope
2022-02-01,LV,PEPP,1787.0,78.0,0.8584536600039476,0.21423157271526466,single_maturity_ea_slope
2022-03-01,LV,PEPP,1886.0,99.0,1.2648409018873332,0.2693802066431728,single_maturity_ea_slope
2022-04-01,LV,PEPP,1890.0,4.0,1.6336931355816269,0.2722676414134129,single_maturity_ea_slope
2022-05-01,LV,PEPP,1890.0,0.0,2.041004159248458,0.2722676414134129,single_maturity_ea_slope
2022-06-01,LV,PEPP,1890.0,0.0,2.607058404617285,0.2722676414134129,single_maturity_ea_slope
2022-07-01,LV,PEPP,1890.0,0.0,2.5609525175639467,0.2722676414134129,single_maturity_ea_slope
2022-08-01,LV,PEPP,1890.0,0.0,2.364191456117848,0.2722676414134129,single_maturity_ea_slope
2022-09-01,LV,PEPP,1890.0,0.0,2.993762430503372,0.2722676414134129,single_maturity_ea_slope
2022-10-01,LV,PEPP,1890.0,0.0,3.8500177109355636,0.2722676414134129,single_maturity_ea_slope
2022-11-01,LV,PEPP,1890.0,0.0,3.749465833913428,0.2722676414134129,single_maturity_ea_slope
2022-12-01,LV,PEPP,1890.0,0.0,3.4992075995839853,0.2722676414134129,single_maturity_ea_slope
2023-01-01,LV,PEPP,1910.0,20.0,3.7056549629047604,0.308219341114893,single_maturity_ea_slope
2023-02-01,LV,PEPP,1929.0,19.0,3.6822371760535284,0.3414522798727126,single_maturity_ea_slope
2023-03-01,LV,PEPP,1954.0,25.0,3.917884754841868,0.38721011604171407,single_maturity_ea_slope
2023-04-01,LV,PEPP,1796.0,0.0,3.9117978114519394,0.38721011604171407,single_maturity_ea_slope
2023-05-01,LV,PEPP,1800.0,4.0,3.878885960677745,0.3949693956964608,single_maturity_ea_slope
2023-06-01,LV,PEPP,1810.0,10.0,3.818072657609205,0.41388156841421075,single_maturity_ea_slope
2023-07-01,LV,PEPP,1823.0,13.0,3.824148771487067,0.4382005336582849,single_maturity_ea_slope
2023-08-01,LV,PEPP,1836.0,13.0,3.880161392270435,0.4625717162083709,single_maturity_ea_slope
2023-09-01,LV,PEPP,1842.0,6.0,3.9121545974644283,0.4738081425316805,single_maturity_ea_slope
2023-10-01,LV,PEPP,1859.0,17.0,4.185886398235309,0.5077539899480128,single_maturity_ea_slope
2023-11-01,LV,PEPP,1856.0,0.0,4.026049776386509,0.5077539899480128,single_maturity_ea_slope
2023-12-01,LV,PEPP,1862.0,6.0,3.5382402006718214,0.5175192516367039,single_maturity_ea_slope
2024-01-01,LV,PEPP,1880.0,18.0,3.4260144121425453,0.5453665457266533,single_maturity_ea_slope
2024-02-01,LV,PEPP,1896.0,16.0,3.445338220037467,0.5698388805309641,single_maturity_ea_slope
2024-03-01,LV,PEPP,1912.0,16.0,3.43098535569486,0.5937815288586954,single_maturity_ea_slope
2024-04-01,LV,PEPP,1747.0,0.0,3.534130644015405,0.5937815288586954,single_maturity_ea_slope
2024-05-01,LV,PEPP,1766.0,19.0,3.4860759883263275,0.6248990796683699,single_maturity_ea_slope
2024-06-01,LV,PEPP,1773.0,7.0,3.50045291002689,0.6362520840747486,single_maturity_ea_slope
2024-07-01,LV,PEPP,1782.0,9.0,3.458807741848739,0.6505074156796677,single_maturity_ea_slope
2024-08-01,LV,PEPP,1785.0,3.0,3.2374329990864,0.654855189769427,single_maturity_ea_slope
2024-09-01,LV,PEPP,1790.0,5.0,3.173916375412648,0.661891673528207,single_maturity_ea_slope
2024-10-01,LV,PEPP,1797.0,7.0,3.1493173595581827,0.6715811447592642,single_maturity_ea_slope
2024-11-01,LV,PEPP,1803.0,6.0,3.1253857694726666,0.6797468839430026,single_maturity_ea_slope
2024-12-01,LV,PEPP,1805.0,2.0,3.071141646876279,0.6823966288326794,single_maturity_ea_slope
2025-01-01,LV,PEPP,1759.0,0.0,3.249649783777677,0.6823966288326794,single_maturity_ea_slope
2025-02-01,LV,PEPP,1759.0,0.0,3.17723648646216,0.6823966288326794,single_maturity_ea_slope
2025-03-01,LV,PEPP,1759.0,0.0,3.413173002211572,0.6823966288326794,single_maturity_ea_slope
2025-04-01,LV,PEPP,1759.0,0.0,3.4055270319385,0.6823966288326794,single_maturity_ea_slope
2025-05-01,LV,PEPP,1759.0,0.0,3.341808886669295,0.6823966288326794,single_maturity_ea_slope
2025-06-01,LV,PEPP,1759.0,0.0,3.284358899992076,0.6823966288326794,single_maturity_ea_slope
2025-07-01,LV,PEPP,1759.0,0.0,3.200043603521304,0.6823966288326794,single_maturity_ea_slope
2025-08-01,LV,PEPP,1759.0,0.0,3.1936878677469998,0.6823966288326794,single_maturity_ea_slope
2025-09-01,LV,PEPP,1633.0,0.0,3.2558218180338545,0.6823966288326794,single_maturity_ea_slope
2025-10-01,LV,PEPP,1633.0,0.0,3.3554800797037827,0.6823966288326794,single_maturity_ea_slope
2025-11-01,LV,PEPP,1633.0,0.0,3.5867597661531,0.6823966288326794,single_maturity_ea_slope
2025-12-01,LV,PEPP,1633.0,0.0,3.7077310129528764,0.6823966288326794,single_maturity_ea_slope
2026-01-01,LV,PEPP,1633.0,0.0,3.699761957882167,0.6823966288326794,single_maturity_ea_slope
2026-02-01,LV,PEPP,1633.0,0.0,3.5642434938529997,0.6823966288326794,single_maturity_ea_slope
2026-03-01,LV,PEPP,1633.0,0.0,3.720611554489832,0.6823966288326794,single_maturity_ea_slope
2026-04-01,LV,PEPP,1633.0,0.0,3.80360638745144,0.6823966288326794,single_maturity_ea_slope
2026-05-01,LV,PEPP,1633.0,0.0,3.78682515977775,0.6823966288326794,single_maturity_ea_slope
2026-06-01,LV,PEPP,1633.0,0.0,3.69929909542797,0.6823966288326794,single_maturity_ea_slope
2026-07-01,LV,PEPP,1633.0,0.0,3.7209686892236524,0.6823966288326794,single_maturity_ea_slope
2026-08-01,LV,PEPP,1633.0,0.0,3.801424942846341,0.6823966288326794,single_maturity_ea_slope
2015-03-01,LV,PSPP,66.66666666666666,66.66666666666666,0.5325429662245589,0.5325429662245589,single_maturity_ea_slope
2015-04-01,LV,PSPP,224.0,157.33333333333334,0.3500423523345311,0.40435801123037274,single_maturity_ea_slope
2015-05-01,LV,PSPP,406.2222222222222,182.22222222222217,0.7827167372960899,0.5740812909753881,single_maturity_ea_slope
2015-06-01,LV,PSPP,447.1111111111111,40.888888888888914,1.1935279803421908,0.6307304911958114,single_maturity_ea_slope
2015-07-01,LV,PSPP,466.66666666666663,19.555555555555543,1.1363704113105508,0.6519192116577623,single_maturity_ea_slope
2015-08-01,LV,PSPP,487.1111111111111,20.444444444444457,0.8447775551587546,0.6600136311842638,single_maturity_ea_slope
2015-09-01,LV,PSPP,504.0,16.888888888888914,0.8867631689987525,0.6676119402115571,single_maturity_ea_slope
2015-10-01,LV,PSPP,560.0,56.0,0.9442755802877072,0.6952783042191721,single_maturity_ea_slope
2015-11-01,LV,PSPP,587.5555555555555,27.555555555555543,1.026071076199834,0.7107920348264347,single_maturity_ea_slope
2015-12-01,LV,PSPP,608.0,20.444444444444457,0.9111558590978927,0.7175294148823465,single_maturity_ea_slope
2016-01-01,LV,PSPP,644.4444444444445,36.44444444444446,0.8511077963449951,0.7250835026616136,single_maturity_ea_slope
2016-02-01,LV,PSPP,671.1111111111111,26.66666666666663,0.6857048176207732,0.7235187866997259,single_maturity_ea_slope
2016-03-01,LV,PSPP,710.2222222222222,39.111111111111086,0.49435820234781747,0.7108991800520614,single_maturity_ea_slope
2016-04-01,LV,PSPP,777.7777777777777,67.55555555555554,0.3935936835237743,0.6833389312107474,single_maturity_ea_slope
2016-05-01,LV,PSPP,829.3333333333333,51.55555555555554,0.3413384252185211,0.6620784495949391,single_maturity_ea_slope
2016-06-01,LV,PSPP,909.3333333333333,80.0,0.47209936276572323,0.6453647469413425,single_maturity_ea_slope
2016-07-01,LV,PSPP,933.3333333333333,24.0,0.28476075853515287,0.6360920729537547,single_maturity_ea_slope
2016-08-01,LV,PSPP,997.3333333333333,64.0,0.10912290803188804,0.6022758698571643,single_maturity_ea_slope
2016-09-01,LV,PSPP,1037.3333333333333,40.0,0.08658242635728408,0.5823905185653951,single_maturity_ea_slope
2016-10-01,LV,PSPP,1117.3333333333333,80.0,0.25615398045992144,0.559032293880039,single_maturity_ea_slope
2016-11-01,LV,PSPP,1152.0,34.66666666666674,0.6255375418463189,0.5610336092123577,single_maturity_ea_slope
2016-12-01,LV,PSPP,1166.2222222222222,14.222222222222172,0.9662661088204345,0.5659754689636757,single_maturity_ea_slope
2017-01-01,LV,PSPP,1200.888888888889,34.66666666666674,0.9935358295021098,0.578318070045096,single_maturity_ea_slope
2017-02-01,LV,PSPP,1250.6666666666665,49.7777777777776,1.0957193214055756,0.5989111546763588,single_maturity_ea_slope
2017-03-01,LV,PSPP,1308.4444444444443,57.77777777777783,1.064385232047884,0.6194653768429004,single_maturity_ea_slope
2017-04-01,LV,PSPP,1346.6666666666665,38.22222222222217,1.0439214646668988,0.6315126453421953,single_maturity_ea_slope
2017-05-01,LV,PSPP,1370.6666666666665,24.0,1.0018357593054437,0.6379969022014741,single_maturity_ea_slope
2017-06-01,LV,PSPP,1402.6666666666665,32.0,1.0096786109958398,0.646476332820357,single_maturity_ea_slope
2017-07-01,LV,PSPP,1427.5555555555554,24.888888888888914,1.1274096195197085,0.6548612220031601,single_maturity_ea_slope
2017-08-01,LV,PSPP,1449.7777777777776,22.22222222222217,0.9918822180558753,0.6600270864429626,single_maturity_ea_slope
2017-09-01,LV,PSPP,1473.7777777777776,24.0,0.8666344784603099,0.6633916217773825,single_maturity_ea_slope
2017-10-01,LV,PSPP,1516.4444444444443,42.66666666666674,0.8471187233726417,0.6685609657847521,single_maturity_ea_slope
2017-11-01,LV,PSPP,1542.2222222222222,25.77777777777783,0.8196661993176386,0.6710866440397686,single_maturity_ea_slope
2017-12-01,LV,PSPP,1548.4444444444443,6.222222222222172,0.7001383498518048,0.6712033845338469,single_maturity_ea_slope
2018-01-01,LV,PSPP,1596.4444444444443,48.0,0.7199198993669941,0.6726681349798324,single_maturity_ea_slope
2018-02-01,LV,PSPP,1638.2222222222222,41.77777777777783,0.8506295261463898,0.6772064884170697,single_maturity_ea_slope
2018-03-01,LV,PSPP,1585.7777777777776,0.0,0.9723180375268717,0.6772064884170697,single_maturity_ea_slope
2018-04-01,LV,PSPP,1611.5555555555554,25.77777777777783,0.9391528297782048,0.6813964740207503,single_maturity_ea_slope
2018-05-01,LV,PSPP,1646.2222222222222,34.66666666666674,1.0265706676164017,0.6886652610349135,single_maturity_ea_slope
2018-06-01,LV,PSPP,1702.2222222222222,56.0,1.1313700230188353,0.7032294385832097,single_maturity_ea_slope
2018-07-01,LV,PSPP,1738.6666666666665,36.44444444444434,1.2558035031520929,0.7148120237812282,single_maturity_ea_slope
2018-08-01,LV,PSPP,1768.0,29.333333333333485,1.1441375084318575,0.7219350710378752,single_maturity_ea_slope
2018-09-01,LV,PSPP,1787.5555555555554,19.55555555555543,1.1344723363018303,0.7264481589721402,single_maturity_ea_slope
2018-10-01,LV,PSPP,1826.6666666666665,39.111111111111086,1.2045388157705017,0.736684649920621,single_maturity_ea_slope
2018-11-01,LV,PSPP,1833.7777777777776,7.111111111111086,1.2524707282750704,0.7386847898269883,single_maturity_ea_slope
2018-12-01,LV,PSPP,1844.4444444444443,10.666666666666742,1.2450710232676414,0.7416132885264041,single_maturity_ea_slope
2019-01-01,LV,PSPP,1849.7777777777776,5.3333333333332575,1.1436126986741808,0.7427723449708474,single_maturity_ea_slope
2019-02-01,LV,PSPP,1837.3333333333333,0.0,1.0045504322208116,0.7427723449708474,single_maturity_ea_slope
2019-03-01,LV,PSPP,1840.8888888888887,3.5555555555554292,0.8906384719915658,0.7430579386493037,single_maturity_ea_slope
2019-04-01,LV,PSPP,1871.111111111111,30.2222222222224,0.7967955673714038,0.7439259098495656,single_maturity_ea_slope
2019-05-01,LV,PSPP,1896.0,24.888888888888914,0.7446543184915212,0.7439354717070316,single_maturity_ea_slope
2019-06-01,LV,PSPP,1922.6666666666665,26.666666666666515,0.5533133431913626,0.7412916141686728,single_maturity_ea_slope
2019-07-01,LV,PSPP,1952.8888888888887,30.22222222222217,0.38957401762617583,0.7358485562340142,single_maturity_ea_slope
2019-08-01,LV,PSPP,1976.8888888888887,24.0,0.1306399504162003,0.728501149598636,single_maturity_ea_slope
2019-09-01,LV,PSPP,2005.3333333333333,28.44444444444457,0.09922694421777732,0.7195752743450068,single_maturity_ea_slope
2019-10-01,LV,PSPP,2048.0,42.66666666666674,0.2246997934828141,0.7092653684937111,single_maturity_ea_slope
2019-11-01,LV,PSPP,2056.8888888888887,8.888888888888687,0.34138177454824514,0.7076755517523738,single_maturity_ea_slope
2019-12-01,LV,PSPP,2095.111111111111,38.22222222222217,0.41080719707198954,0.7022596250441614,single_maturity_ea_slope
2020-01-01,LV,PSPP,2126.222222222222,31.111111111111313,0.3703088320353917,0.6974024855143508,single_maturity_ea_slope
2020-02-01,LV,PSPP,2145.777777777778,19.555555555555657,0.20990960634414146,0.6929597169386488,single_maturity_ea_slope
2020-03-01,LV,PSPP,2205.333333333333,59.5555555555552,0.12429934942877208,0.6776029073364072,single_maturity_ea_slope
2020-04-01,LV,PSPP,2259.5555555555557,54.222222222222626,0.4947898312580399,0.6732159688467217,single_maturity_ea_slope
2020-05-01,LV,PSPP,2296.0,36.44444444444434,0.46790721296212645,0.6699570997056965,single_maturity_ea_slope
2020-06-01,LV,PSPP,2304.0,8.0,0.23851918346816814,0.6684590513854273,single_maturity_ea_slope
2020-07-01,LV,PSPP,2418.6666666666665,114.66666666666652,0.03699439365322266,0.638521917667142,single_maturity_ea_slope
2020-08-01,LV,PSPP,2449.777777777778,31.111111111111313,0.013565410637507574,0.6305852421424549,single_maturity_ea_slope
2020-09-01,LV,PSPP,2475.555555555555,25.777777777777374,0.0003537209008424025,0.6240226877022371,single_maturity_ea_slope
2020-10-01,LV,PSPP,2530.6666666666665,55.11111111111131,-0.049438067712248485,0.6093565244301268,single_maturity_ea_slope
2020-11-01,LV,PSPP,2577.777777777778,47.11111111111131,-0.08572060947698878,0.5966533906035484,single_maturity_ea_slope
2020-12-01,LV,PSPP,2487.111111111111,0.0,-0.11612641747716851,0.5966533906035484,single_maturity_ea_slope
2021-01-01,LV,PSPP,2239.111111111111,0.0,-0.06072665312701392,0.5966533906035484,single_maturity_ea_slope
2021-02-01,LV,PSPP,2305.777777777778,66.66666666666697,0.036544845500065204,0.5804590417667089,single_maturity_ea_slope
2021-03-01,LV,PSPP,2400.8888888888887,95.11111111111086,0.11942780073935727,0.5621953087826562,single_maturity_ea_slope
2021-04-01,LV,PSPP,2491.555555555555,90.66666666666652,0.11450942497905744,0.5459042063395713,single_maturity_ea_slope
2021-05-01,LV,PSPP,2557.333333333333,65.77777777777783,0.2723343454331679,0.5388676510016936,single_maturity_ea_slope
2021-06-01,LV,PSPP,2625.777777777778,68.4444444444448,0.4496343099000947,0.5365416634374339,single_maturity_ea_slope
2021-07-01,LV,PSPP,2666.6666666666665,40.88888888888869,0.3708869035858967,0.534001623786377,single_maturity_ea_slope
2021-08-01,LV,PSPP,2681.777777777778,15.111111111111313,0.2511852205792031,0.5324080278783485,single_maturity_ea_slope
2021-09-01,LV,PSPP,2752.8888888888887,71.11111111111086,0.281986465610397,0.5259392758662608,single_maturity_ea_slope
2021-10-01,LV,PSPP,2832.0,79.11111111111131,0.39711373633225244,0.5223405712151225,single_maturity_ea_slope
2021-11-01,LV,PSPP,2912.0,80.0,0.4344394014398557,0.5199257039136042,single_maturity_ea_slope
2021-12-01,LV,PSPP,2967.111111111111,55.11111111111086,0.4519703960638713,0.5186635022699003,single_maturity_ea_slope
2022-01-01,LV,PSPP,3005.333333333333,38.22222222222217,0.5333949177344581,0.5188508583376247,single_maturity_ea_slope
2022-02-01,LV,PSPP,3053.333333333333,48.0,0.8858543525617076,0.5246203455830688,single_maturity_ea_slope
2022-03-01,LV,PSPP,3131.555555555555,78.22222222222217,1.29611464877833,0.5438912790719087,single_maturity_ea_slope
2022-04-01,LV,PSPP,3249.7777777777774,118.22222222222217,1.6514480385019201,0.5841825944450464,single_maturity_ea_slope
2022-05-01,LV,PSPP,3329.7777777777774,80.0,2.063396229162415,0.6197216299828369,single_maturity_ea_slope
2022-06-01,LV,PSPP,3347.555555555555,17.77777777777783,2.632719039966192,0.630412003907337,single_maturity_ea_slope
2022-07-01,LV,PSPP,3347.555555555555,0.0,2.6032115266806564,0.630412003907337,single_maturity_ea_slope
2022-08-01,LV,PSPP,3384.0,36.4444444444448,2.397846854558404,0.6494466319285334,single_maturity_ea_slope
2022-09-01,LV,PSPP,3428.4444444444443,44.44444444444434,3.008354667415846,0.6800262020022604,single_maturity_ea_slope
2022-10-01,LV,PSPP,3442.6666666666665,14.222222222222172,3.8674361342222485,0.6931939166719014,single_maturity_ea_slope
2022-11-01,LV,PSPP,3462.222222222222,19.555555555555657,3.7536182987905446,0.7104800107429182,single_maturity_ea_slope
2022-12-01,LV,PSPP,3492.4444444444443,30.22222222222217,3.498854312748634,0.7346094905770221,single_maturity_ea_slope
2023-01-01,LV,PSPP,3536.0,43.55555555555566,3.708333629543857,0.7712390739881269,single_maturity_ea_slope
2023-02-01,LV,PSPP,3573.333333333333,37.33333333333303,3.6833726611803943,0.8016643502722249,single_maturity_ea_slope
2023-03-01,LV,PSPP,3594.6666666666665,21.333333333333485,3.9224552398519,0.8201853644537068,single_maturity_ea_slope
2023-04-01,LV,PSPP,3444.4444444444443,0.0,3.915621195594457,0.8201853644537068,single_maturity_ea_slope
2023-05-01,LV,PSPP,3399.111111111111,0.0,3.889010877219788,0.8201853644537068,single_maturity_ea_slope
2023-06-01,LV,PSPP,3405.333333333333,6.222222222222172,3.8246965431125,0.8256752047697108,single_maturity_ea_slope
2023-07-01,LV,PSPP,3405.333333333333,0.0,3.828063722820867,0.8256752047697108,single_maturity_ea_slope
2023-08-01,LV,PSPP,3405.333333333333,0.0,3.8900280179333695,0.8256752047697108,single_maturity_ea_slope
2023-09-01,LV,PSPP,3405.333333333333,0.0,3.923023757170714,0.8256752047697108,single_maturity_ea_slope
2023-10-01,LV,PSPP,3405.333333333333,0.0,4.203093797573549,0.8256752047697108,single_maturity_ea_slope
2023-11-01,LV,PSPP,3381.333333333333,0.0,4.044848577506318,0.8256752047697108,single_maturity_ea_slope
2023-12-01,LV,PSPP,3381.333333333333,0.0,3.5605049086742,0.8256752047697108,single_maturity_ea_slope
2024-01-01,LV,PSPP,3381.333333333333,0.0,3.4508190561881364,0.8256752047697108,single_maturity_ea_slope
2024-02-01,LV,PSPP,3381.333333333333,0.0,3.4649375689658095,0.8256752047697108,single_maturity_ea_slope
2024-03-01,LV,PSPP,3381.333333333333,0.0,3.44897685254994,0.8256752047697108,single_maturity_ea_slope
2024-04-01,LV,PSPP,3063.111111111111,0.0,3.553586007930191,0.8256752047697108,single_maturity_ea_slope
2024-05-01,LV,PSPP,3063.111111111111,0.0,3.5069479442790543,0.8256752047697108,single_maturity_ea_slope
2024-06-01,LV,PSPP,3063.111111111111,0.0,3.5243788638633897,0.8256752047697108,single_maturity_ea_slope
2024-07-01,LV,PSPP,3063.111111111111,0.0,3.489564210984565,0.8256752047697108,single_maturity_ea_slope
2024-08-01,LV,PSPP,3063.111111111111,0.0,3.2652576818736,0.8256752047697108,single_maturity_ea_slope
2024-09-01,LV,PSPP,3063.111111111111,0.0,3.203828885059391,0.8256752047697108,single_maturity_ea_slope
2024-10-01,LV,PSPP,3063.111111111111,0.0,3.1803760020280305,0.8256752047697108,single_maturity_ea_slope
2024-11-01,LV,PSPP,3063.111111111111,0.0,3.1499179205776664,0.8256752047697108,single_maturity_ea_slope
2024-12-01,LV,PSPP,3063.111111111111,0.0,3.0959368917825105,0.8256752047697108,single_maturity_ea_slope
2025-01-01,LV,PSPP,3040.8888888888887,0.0,3.269394412946318,0.8256752047697108,single_maturity_ea_slope
2025-02-01,LV,PSPP,3040.8888888888887,0.0,3.19827593621208,0.8256752047697108,single_maturity_ea_slope
2025-03-01,LV,PSPP,3040.8888888888887,0.0,3.439857822674,0.8256752047697108,single_maturity_ea_slope
2025-04-01,LV,PSPP,3040.8888888888887,0.0,3.43752603152956,0.8256752047697108,single_maturity_ea_slope
2025-05-01,LV,PSPP,3040.8888888888887,0.0,3.3774029388336952,0.8256752047697108,single_maturity_ea_slope
2025-06-01,LV,PSPP,3040.8888888888887,0.0,3.3184407120809905,0.8256752047697108,single_maturity_ea_slope
2025-07-01,LV,PSPP,3040.8888888888887,0.0,3.2369972358525083,0.8256752047697108,single_maturity_ea_slope
2025-08-01,LV,PSPP,3040.8888888888887,0.0,3.233600302444,0.8256752047697108,single_maturity_ea_slope
2025-09-01,LV,PSPP,2723.555555555555,0.0,3.3333436768308,0.8256752047697108,single_maturity_ea_slope
2025-10-01,LV,PSPP,2723.555555555555,0.0,3.429515345700522,0.8256752047697108,single_maturity_ea_slope
2025-11-01,LV,PSPP,2723.555555555555,0.0,3.66199945617,0.8256752047697108,single_maturity_ea_slope
2025-12-01,LV,PSPP,2723.555555555555,0.0,3.780295052915019,0.8256752047697108,single_maturity_ea_slope
2026-01-01,LV,PSPP,2723.555555555555,0.0,3.774685316536167,0.8256752047697108,single_maturity_ea_slope
2026-02-01,LV,PSPP,2723.555555555555,0.0,3.6412913550222497,0.8256752047697108,single_maturity_ea_slope
2026-03-01,LV,PSPP,2723.555555555555,0.0,3.7849873685128688,0.8256752047697108,single_maturity_ea_slope
2026-04-01,LV,PSPP,2723.555555555555,0.0,3.86608469717744,0.8256752047697108,single_maturity_ea_slope
2026-05-01,LV,PSPP,2723.555555555555,0.0,3.8482515977775,0.8256752047697108,single_maturity_ea_slope
2026-06-01,LV,PSPP,2723.555555555555,0.0,3.7604912773392,0.8256752047697108,single_maturity_ea_slope
2026-07-01,LV,PSPP,2723.555555555555,0.0,3.7831111701230915,0.8256752047697108,single_maturity_ea_slope
2026-08-01,LV,PSPP,2723.555555555555,0.0,3.8667238244341666,0.8256752047697108,single_maturity_ea_slope
2020-03-01,MT,PEPP,14.0,14.0,0.27550574106667897,0.27550574106667897,single_maturity_ea_slope
2020-04-01,MT,PEPP,76.0,62.0,0.5871752371013587,0.5297624352002334,single_maturity_ea_slope
2020-05-01,MT,PEPP,123.0,47.0,0.6834160052894598,0.5884755879985557,single_maturity_ea_slope
2020-06-01,MT,PEPP,123.0,0.0,0.7367041395436524,0.5884755879985557,single_maturity_ea_slope
2020-07-01,MT,PEPP,123.0,0.0,0.6197725863260977,0.5884755879985557,single_maturity_ea_slope
2020-08-01,MT,PEPP,124.0,1.0,0.5094158641862963,0.5878380095807149,single_maturity_ea_slope
2020-09-01,MT,PEPP,237.0,113.0,0.5586064521248519,0.5739006003296072,single_maturity_ea_slope
2020-10-01,MT,PEPP,238.0,1.0,0.4278800972984712,0.5732870688042663,single_maturity_ea_slope
2020-11-01,MT,PEPP,260.0,22.0,0.41282420037730194,0.5597094414758309,single_maturity_ea_slope
2020-12-01,MT,PEPP,261.0,1.0,0.30536551088141106,0.5587349436574615,single_maturity_ea_slope
2021-01-01,MT,PEPP,265.0,4.0,0.34334342611534613,0.5554837509398447,single_maturity_ea_slope
2021-02-01,MT,PEPP,274.0,9.0,0.43565971998207087,0.5515479251054652,single_maturity_ea_slope
2021-03-01,MT,PEPP,289.0,15.0,0.4789794637046616,0.5477813959670152,single_maturity_ea_slope
2021-04-01,MT,PEPP,289.0,0.0,0.5160656319529419,0.5477813959670152,single_maturity_ea_slope
2021-05-01,MT,PEPP,304.0,15.0,0.63381799823372,0.5520266230525435,single_maturity_ea_slope
2021-06-01,MT,PEPP,306.0,2.0,0.5931208720868755,0.5522952129155129,single_maturity_ea_slope
2021-07-01,MT,PEPP,321.0,15.0,0.6233404557477126,0.5556150840758961,single_maturity_ea_slope
2021-08-01,MT,PEPP,362.0,41.0,0.6576670905963321,0.5671734605050062,single_maturity_ea_slope
2021-09-01,MT,PEPP,382.0,20.0,0.7909087543854074,0.5788873502369642,single_maturity_ea_slope
2021-10-01,MT,PEPP,419.0,37.0,0.9095130013847658,0.6080834101235243,single_maturity_ea_slope
2021-11-01,MT,PEPP,478.0,59.0,0.82878854319531,0.635325257092636,single_maturity_ea_slope
2021-12-01,MT,PEPP,525.0,47.0,0.7634690683667082,0.646797179244791,single_maturity_ea_slope
2022-01-01,MT,PEPP,543.0,18.0,0.9704283279710221,0.6575252836224561,single_maturity_ea_slope
2022-02-01,MT,PEPP,580.0,37.0,1.316719385630018,0.6995773211643178,single_maturity_ea_slope
2022-03-01,MT,PEPP,609.0,29.0,1.3797852525184722,0.7319681750383251,single_maturity_ea_slope
2022-04-01,MT,PEPP,610.0,1.0,1.793586884181856,0.7337085335779047,single_maturity_ea_slope
2022-05-01,MT,PEPP,608.0,0.0,2.0812561861302905,0.7337085335779047,single_maturity_ea_slope
2022-06-01,MT,PEPP,609.0,1.0,2.7080317894577326,0.7369504436860818,single_maturity_ea_slope
2022-07-01,MT,PEPP,602.0,0.0,2.8088937238998777,0.7369504436860818,single_maturity_ea_slope
2022-08-01,MT,PEPP,603.0,1.0,2.7793260033181806,0.7403374678314086,single_maturity_ea_slope
2022-09-01,MT,PEPP,604.0,1.0,3.3797658906450803,0.7447073824387161,single_maturity_ea_slope
2022-10-01,MT,PEPP,605.0,1.0,3.8887798078904323,0.7499041963650827,single_maturity_ea_slope
2022-11-01,MT,PEPP,606.0,1.0,3.456870844615418,0.7543711380288621,single_maturity_ea_slope
2022-12-01,MT,PEPP,607.0,1.0,3.579935249914421,0.7590261036168119,single_maturity_ea_slope
2023-01-01,MT,PEPP,607.0,0.0,3.5626916326204916,0.7590261036168119,single_maturity_ea_slope
2023-02-01,MT,PEPP,607.0,0.0,3.614594911572118,0.7590261036168119,single_maturity_ea_slope
2023-03-01,MT,PEPP,607.0,0.0,3.6054865768640085,0.7590261036168119,single_maturity_ea_slope
2023-04-01,MT,PEPP,607.0,0.0,3.6635673108393316,0.7590261036168119,single_maturity_ea_slope
2023-05-01,MT,PEPP,607.0,0.0,3.7430077100159322,0.7590261036168119,single_maturity_ea_slope
2023-06-01,MT,PEPP,607.0,0.0,3.743124187918173,0.7590261036168119,single_maturity_ea_slope
2023-07-01,MT,PEPP,603.0,0.0,3.8143416783666666,0.7590261036168119,single_maturity_ea_slope
2023-08-01,MT,PEPP,603.0,0.0,3.8680506241466306,0.7590261036168119,single_maturity_ea_slope
2023-09-01,MT,PEPP,603.0,0.0,4.015956938010543,0.7590261036168119,single_maturity_ea_slope
2023-10-01,MT,PEPP,603.0,0.0,4.309405238925795,0.7590261036168119,single_maturity_ea_slope
2023-11-01,MT,PEPP,603.0,0.0,3.991300153557736,0.7590261036168119,single_maturity_ea_slope
2023-12-01,MT,PEPP,603.0,0.0,3.4574193545006002,0.7590261036168119,single_maturity_ea_slope
2024-01-01,MT,PEPP,604.0,1.0,3.5322429964247504,0.7636175223135138,single_maturity_ea_slope
2024-02-01,MT,PEPP,605.0,1.0,3.6017535312215236,0.7683086562125352,single_maturity_ea_slope
2024-03-01,MT,PEPP,607.0,2.0,3.5132321984609396,0.7773528853467968,single_maturity_ea_slope
2024-04-01,MT,PEPP,607.0,0.0,3.5808235174108907,0.7773528853467968,single_maturity_ea_slope
2024-05-01,MT,PEPP,608.0,1.0,3.6332466087794906,0.7820500789708638,single_maturity_ea_slope
2024-06-01,MT,PEPP,609.0,1.0,3.6640470466206496,0.7867824221032935,single_maturity_ea_slope
2024-07-01,MT,PEPP,611.0,2.0,3.6362353857234346,0.7961096003802826,single_maturity_ea_slope
2024-08-01,MT,PEPP,612.0,1.0,3.4984332651968,0.8005251619241004,single_maturity_ea_slope
2024-09-01,MT,PEPP,613.0,1.0,3.357618942252934,0.8046966036538375,single_maturity_ea_slope
2024-10-01,MT,PEPP,586.0,0.0,3.352493286967726,0.8046966036538375,single_maturity_ea_slope
2024-11-01,MT,PEPP,586.0,0.0,3.359428261898666,0.8046966036538375,single_maturity_ea_slope
2024-12-01,MT,PEPP,586.0,0.0,3.175084609364505,0.8046966036538375,single_maturity_ea_slope
2025-01-01,MT,PEPP,586.0,0.0,3.4599599266708867,0.8046966036538375,single_maturity_ea_slope
2025-02-01,MT,PEPP,586.0,0.0,3.3708745605868797,0.8046966036538375,single_maturity_ea_slope
2025-03-01,MT,PEPP,586.0,0.0,3.668196997029,0.8046966036538375,single_maturity_ea_slope
2025-04-01,MT,PEPP,586.0,0.0,3.52947468901886,0.8046966036538375,single_maturity_ea_slope
2025-05-01,MT,PEPP,586.0,0.0,3.5955405918122096,0.8046966036538375,single_maturity_ea_slope
2025-06-01,MT,PEPP,586.0,0.0,3.525723401576991,0.8046966036538375,single_maturity_ea_slope
2025-07-01,MT,PEPP,563.0,0.0,3.697686911170182,0.8046966036538375,single_maturity_ea_slope
2025-08-01,MT,PEPP,563.0,0.0,3.745727508926,0.8046966036538375,single_maturity_ea_slope
2025-09-01,MT,PEPP,563.0,0.0,3.756384948639236,0.8046966036538375,single_maturity_ea_slope
2025-10-01,MT,PEPP,563.0,0.0,3.6318336003382172,0.8046966036538375,single_maturity_ea_slope
2025-11-01,MT,PEPP,553.0,0.0,3.652289166580525,0.8046966036538375,single_maturity_ea_slope
2025-12-01,MT,PEPP,553.0,0.0,3.9089890107458474,0.8046966036538375,single_maturity_ea_slope
2026-01-01,MT,PEPP,553.0,0.0,3.8546795068576665,0.8046966036538375,single_maturity_ea_slope
2026-02-01,MT,PEPP,553.0,0.0,3.7542299969291397,0.8046966036538375,single_maturity_ea_slope
2026-03-01,MT,PEPP,553.0,0.0,3.9451279316133365,0.8046966036538375,single_maturity_ea_slope
2026-04-01,MT,PEPP,553.0,0.0,4.0260638745144,0.8046966036538375,single_maturity_ea_slope
2026-05-01,MT,PEPP,553.0,0.0,4.04640195908393,0.8046966036538375,single_maturity_ea_slope
2026-06-01,MT,PEPP,553.0,0.0,3.9975029679287997,0.8046966036538375,single_maturity_ea_slope
2026-07-01,MT,PEPP,539.0,0.0,4.099975577135405,0.8046966036538375,single_maturity_ea_slope
2026-08-01,MT,PEPP,539.0,0.0,4.023617889788681,0.8046966036538375,single_maturity_ea_slope
2015-03-01,MT,PSPP,4.444444444444445,4.444444444444445,1.5730991876948504,1.5730991876948504,single_maturity_ea_slope
2015-04-01,MT,PSPP,51.55555555555555,47.11111111111111,1.2645655292922142,1.2911632584648554,single_maturity_ea_slope
2015-05-01,MT,PSPP,127.1111111111111,75.55555555555554,1.8653560285873445,1.6324666532929084,single_maturity_ea_slope
2015-06-01,MT,PSPP,185.77777777777777,58.66666666666667,2.285894678602531,1.838812345495947,single_maturity_ea_slope
2015-07-01,MT,PSPP,207.1111111111111,21.333333333333314,2.2816848375421,1.88443011291701,single_maturity_ea_slope
2015-08-01,MT,PSPP,216.88888888888889,9.7777777777778,2.0296971433178954,1.8909790364186894,single_maturity_ea_slope
2015-09-01,MT,PSPP,232.88888888888889,16.0,2.052736432049472,1.902092139935308,single_maturity_ea_slope
2015-10-01,MT,PSPP,242.66666666666666,9.777777777777771,1.736744939428895,1.8954297985229616,single_maturity_ea_slope
2015-11-01,MT,PSPP,244.44444444444443,1.7777777777777715,1.6819091063630265,1.8938769207617985,single_maturity_ea_slope
2015-12-01,MT,PSPP,250.66666666666666,6.2222222222222285,1.6789548691843605,1.888541976219096,single_maturity_ea_slope
2016-01-01,MT,PSPP,304.0,53.33333333333334,1.6313800587433112,1.8434258503461514,single_maturity_ea_slope
2016-02-01,MT,PSPP,322.66666666666663,18.66666666666663,1.495093990851313,1.8232744204580205,single_maturity_ea_slope
2016-03-01,MT,PSPP,376.0,53.33333333333337,1.450332709633468,1.7703748870077292,single_maturity_ea_slope
2016-04-01,MT,PSPP,429.3333333333333,53.333333333333314,1.3846844661970827,1.7224630334908788,single_maturity_ea_slope
2016-05-01,MT,PSPP,488.0,58.666666666666686,1.4413277700090723,1.6886653515422463,single_maturity_ea_slope
2016-06-01,MT,PSPP,520.8888888888889,32.888888888888914,1.3084044995332287,1.6646557073027692,single_maturity_ea_slope
2016-07-01,MT,PSPP,531.5555555555555,10.666666666666629,1.1029105553247096,1.6533832293366542,single_maturity_ea_slope
2016-08-01,MT,PSPP,541.3333333333333,9.777777777777715,0.9419847347831056,1.6405336670376576,single_maturity_ea_slope
2016-09-01,MT,PSPP,547.5555555555555,6.222222222222285,0.9684743568471674,1.6328966294218563,single_maturity_ea_slope
2016-10-01,MT,PSPP,580.4444444444445,32.888888888888914,0.9998997002385074,1.597030034659553,single_maturity_ea_slope
2016-11-01,MT,PSPP,668.4444444444445,88.0,1.2791832377137644,1.5551858419765303,single_maturity_ea_slope
2016-12-01,MT,PSPP,717.3333333333333,48.8888888888888,1.3075453629065228,1.538308238074609,single_maturity_ea_slope
2017-01-01,MT,PSPP,743.1111111111111,25.77777777777783,1.6831372623574903,1.5433322114049959,single_maturity_ea_slope
2017-02-01,MT,PSPP,786.6666666666666,43.55555555555554,1.8438848856420094,1.5599729809390226,single_maturity_ea_slope
2017-03-01,MT,PSPP,813.3333333333333,26.66666666666663,2.0582472738312694,1.5763098430010634,single_maturity_ea_slope
2017-04-01,MT,PSPP,824.0,10.666666666666742,1.9072777980860909,1.5805942178241705,single_maturity_ea_slope
2017-05-01,MT,PSPP,835.5555555555555,11.555555555555543,1.8717575738571925,1.584620945088457,single_maturity_ea_slope
2017-06-01,MT,PSPP,849.7777777777777,14.222222222222172,1.7359139470890912,1.5871530455403504,single_maturity_ea_slope
2017-07-01,MT,PSPP,859.5555555555555,9.777777777777828,1.8404168781720185,1.590034019851569,single_maturity_ea_slope
2017-08-01,MT,PSPP,883.5555555555555,24.0,1.702349909898385,1.593084853887046,single_maturity_ea_slope
2017-09-01,MT,PSPP,902.2222222222222,18.66666666666663,1.7395278709448565,1.59611470941238,single_maturity_ea_slope
2017-10-01,MT,PSPP,915.5555555555555,13.333333333333371,1.718567535288047,1.5978980029930936,single_maturity_ea_slope
2017-11-01,MT,PSPP,894.2222222222222,0.0,1.6560030663980647,1.5978980029930936,single_maturity_ea_slope
2017-12-01,MT,PSPP,912.8888888888888,18.66666666666663,1.5603955776774598,1.5971311569058215,single_maturity_ea_slope
2018-01-01,MT,PSPP,919.1111111111111,6.222222222222285,1.7361570102847066,1.5980723377314041,single_maturity_ea_slope
2018-02-01,MT,PSPP,923.5555555555555,4.444444444444457,1.7748354386803937,1.5989229782557013,single_maturity_ea_slope
2018-03-01,MT,PSPP,951.1111111111111,27.555555555555543,1.6199404479482822,1.599531895601935,single_maturity_ea_slope
2018-04-01,MT,PSPP,954.6666666666666,3.555555555555543,1.626545830022536,1.5996325061584364,single_maturity_ea_slope
2018-05-01,MT,PSPP,969.7777777777777,15.111111111111086,1.7085198199030422,1.6013291920737969,single_maturity_ea_slope
2018-06-01,MT,PSPP,984.8888888888888,15.111111111111086,1.7649688141335145,1.6038399082967347,single_maturity_ea_slope
2018-07-01,MT,PSPP,975.1111111111111,0.0,1.7291108273434956,1.6038399082967347,single_maturity_ea_slope
2018-08-01,MT,PSPP,982.2222222222222,7.111111111111086,1.842519727341806,1.6055679069866535,single_maturity_ea_slope
2018-09-01,MT,PSPP,984.0,1.7777777777778283,1.8899238040509023,1.6060816484447642,single_maturity_ea_slope
2018-10-01,MT,PSPP,1008.0,24.0,1.9190035919839956,1.613532170909984,single_maturity_ea_slope
2018-11-01,MT,PSPP,1024.0,16.0,1.9044258681988033,1.6180773849301218,single_maturity_ea_slope
2018-12-01,MT,PSPP,1025.7777777777778,1.7777777777778283,1.7358716591153363,1.6182815344521067,single_maturity_ea_slope
2019-01-01,MT,PSPP,1028.4444444444443,2.666666666666515,1.5907648778856769,1.618210186163689,single_maturity_ea_slope
2019-02-01,MT,PSPP,1029.3333333333333,0.8888888888889142,1.5057707836900032,1.6181130882340917,single_maturity_ea_slope
2019-03-01,MT,PSPP,1035.5555555555554,6.222222222222172,1.3628893102898867,1.616579554804384,single_maturity_ea_slope
2019-04-01,MT,PSPP,1036.4444444444443,0.8888888888889142,1.3271002831674519,1.616331287847577,single_maturity_ea_slope
2019-05-01,MT,PSPP,1036.4444444444443,0.0,1.2739503132150594,1.616331287847577,single_maturity_ea_slope
2019-06-01,MT,PSPP,1051.5555555555554,15.111111111111086,1.0015368259948527,1.6074965407203612,single_maturity_ea_slope
2019-07-01,MT,PSPP,1043.5555555555554,0.0,0.7940519550810965,1.6074965407203612,single_maturity_ea_slope
2019-08-01,MT,PSPP,1051.5555555555554,8.0,0.4395330822858994,1.5986109353730151,single_maturity_ea_slope
2019-09-01,MT,PSPP,1014.2222222222222,0.0,0.43803720872569785,1.5986109353730151,single_maturity_ea_slope
2019-10-01,MT,PSPP,1021.3333333333333,7.111111111111086,0.5024217758565324,1.5909786348715949,single_maturity_ea_slope
2019-11-01,MT,PSPP,1023.1111111111111,1.7777777777778283,0.6141411531640135,1.5892812630528153,single_maturity_ea_slope
2019-12-01,MT,PSPP,1024.888888888889,1.7777777777778283,0.6376881655927311,1.5876306245489817,single_maturity_ea_slope
2020-01-01,MT,PSPP,1024.888888888889,0.0,0.6194535132404846,1.5876306245489817,single_maturity_ea_slope
2020-02-01,MT,PSPP,1039.111111111111,14.222222222222172,0.48210886417077214,1.5724994456216494,single_maturity_ea_slope
2020-03-01,MT,PSPP,1053.3333333333333,14.222222222222172,0.5687910128710106,1.5589472642511768,single_maturity_ea_slope
2020-04-01,MT,PSPP,1043.5555555555554,0.0,0.7562017953101998,1.5589472642511768,single_maturity_ea_slope
2020-05-01,MT,PSPP,1064.0,20.44444444444457,0.8918503590180317,1.546129195061233,single_maturity_ea_slope
2020-06-01,MT,PSPP,1056.888888888889,0.0,0.968739450010046,1.546129195061233,single_maturity_ea_slope
2020-07-01,MT,PSPP,1056.888888888889,0.0,0.8428749830541997,1.546129195061233,single_maturity_ea_slope
2020-08-01,MT,PSPP,1058.6666666666665,1.777777777777601,0.7339115031396997,1.5447652694660667,single_maturity_ea_slope
2020-09-01,MT,PSPP,1069.3333333333333,10.666666666666742,0.705487834659192,1.5363934247298385,single_maturity_ea_slope
2020-10-01,MT,PSPP,1069.3333333333333,0.0,0.5684831324718702,1.5363934247298385,single_maturity_ea_slope
2020-11-01,MT,PSPP,1079.111111111111,9.777777777777828,0.5402171998190237,1.5273671162668905,single_maturity_ea_slope
2020-12-01,MT,PSPP,1079.111111111111,0.0,0.42905854162273693,1.5273671162668905,single_maturity_ea_slope
2021-01-01,MT,PSPP,1079.111111111111,0.0,0.4797231582677587,1.5273671162668905,single_maturity_ea_slope
2021-02-01,MT,PSPP,1085.3333333333333,6.222222222222172,0.6090065778449133,1.522102150035151,single_maturity_ea_slope
2021-03-01,MT,PSPP,1088.888888888889,3.5555555555556566,0.6177131269227185,1.5191490430209065,single_maturity_ea_slope
2021-04-01,MT,PSPP,1092.4444444444443,3.5555555555554292,0.6595036807784895,1.5163511736564073,single_maturity_ea_slope
2021-05-01,MT,PSPP,1118.2222222222222,25.77777777777783,0.7767103529455158,1.4993006300947094,single_maturity_ea_slope
2021-06-01,MT,PSPP,1118.2222222222222,0.0,0.7275081364688096,1.4993006300947094,single_maturity_ea_slope
2021-07-01,MT,PSPP,1152.0,33.77777777777783,0.7093263571177328,1.4761378041895203,single_maturity_ea_slope
2021-08-01,MT,PSPP,1085.3333333333333,0.0,0.6821733802880632,1.4761378041895203,single_maturity_ea_slope
2021-09-01,MT,PSPP,1096.0,10.666666666666742,0.8243754587425279,1.4697946183457542,single_maturity_ea_slope
2021-10-01,MT,PSPP,1126.2222222222222,30.22222222222217,0.9074464572093469,1.4547039810303337,single_maturity_ea_slope
2021-11-01,MT,PSPP,1163.5555555555554,37.33333333333326,0.8250855388713219,1.43450231978459,single_maturity_ea_slope
2021-12-01,MT,PSPP,1209.7777777777776,46.22222222222217,0.7683551302537167,1.4090507004931827,single_maturity_ea_slope
2022-01-01,MT,PSPP,1209.7777777777776,0.0,0.976905822004645,1.4090507004931827,single_maturity_ea_slope
2022-02-01,MT,PSPP,1220.4444444444443,10.666666666666742,1.3200517405435623,1.4082728508796392,single_maturity_ea_slope
2022-03-01,MT,PSPP,1246.2222222222222,25.77777777777783,1.382301160159655,1.4077356333112514,single_maturity_ea_slope
2022-04-01,MT,PSPP,1253.3333333333333,7.111111111111086,1.795450055860108,1.4099354314533725,single_maturity_ea_slope
2022-05-01,MT,PSPP,1246.2222222222222,0.0,2.0873889090173146,1.4099354314533725,single_maturity_ea_slope
2022-06-01,MT,PSPP,1256.0,9.777777777777828,2.7154568733149294,1.420098726471403,single_maturity_ea_slope
2022-07-01,MT,PSPP,1260.4444444444443,4.444444444444343,2.8185666283856774,1.425029854475332,single_maturity_ea_slope
2022-08-01,MT,PSPP,1253.3333333333333,0.0,2.7897800087441444,1.425029854475332,single_maturity_ea_slope
2022-09-01,MT,PSPP,1258.6666666666665,5.3333333333332575,3.3846420655070837,1.4333332960475,single_maturity_ea_slope
2022-10-01,MT,PSPP,1264.0,5.333333333333485,3.8884188551255545,1.443692306845298,single_maturity_ea_slope
2022-11-01,MT,PSPP,1272.0,8.0,3.452598360242971,1.4563269361119502,single_maturity_ea_slope
2022-12-01,MT,PSPP,1273.7777777777776,1.777777777777601,3.572815738798789,1.4592808632615477,single_maturity_ea_slope
2023-01-01,MT,PSPP,1283.5555555555554,9.777777777777828,3.5593646094143288,1.4752787311339028,single_maturity_ea_slope
2023-02-01,MT,PSPP,1286.2222222222222,2.6666666666667425,3.611603598688843,1.4797078773693313,single_maturity_ea_slope
2023-03-01,MT,PSPP,1288.0,1.7777777777778283,3.6032424974183357,1.4826389120415866,single_maturity_ea_slope
2023-04-01,MT,PSPP,1288.888888888889,0.8888888888889142,3.663151955632314,1.4841427141406147,single_maturity_ea_slope
2023-05-01,MT,PSPP,1288.0,0.0,3.7470956308651977,1.4841427141406147,single_maturity_ea_slope
2023-06-01,MT,PSPP,1288.888888888889,0.8888888888889142,3.7451023917813546,1.4857019966769187,single_maturity_ea_slope
2023-07-01,MT,PSPP,1280.888888888889,0.0,3.813352141272838,1.4857019966769187,single_maturity_ea_slope
2023-08-01,MT,PSPP,1280.888888888889,0.0,3.8714990920544956,1.4857019966769187,single_maturity_ea_slope
2023-09-01,MT,PSPP,1280.888888888889,0.0,4.023141236360885,1.4857019966769187,single_maturity_ea_slope
2023-10-01,MT,PSPP,1280.888888888889,0.0,4.324725530871591,1.4857019966769187,single_maturity_ea_slope
2023-11-01,MT,PSPP,1267.5555555555554,0.0,4.011564633220567,1.4857019966769187,single_maturity_ea_slope
2023-12-01,MT,PSPP,1267.5555555555554,0.0,3.4822877141513793,1.4857019966769187,single_maturity_ea_slope
2024-01-01,MT,PSPP,1267.5555555555554,0.0,3.561335193268437,1.4857019966769187,single_maturity_ea_slope
2024-02-01,MT,PSPP,1267.5555555555554,0.0,3.6284799161238093,1.4857019966769187,single_maturity_ea_slope
2024-03-01,MT,PSPP,1267.5555555555554,0.0,3.5393627057980797,1.4857019966769187,single_maturity_ea_slope
2024-04-01,MT,PSPP,1267.5555555555554,0.0,3.6071963440509336,1.4857019966769187,single_maturity_ea_slope
2024-05-01,MT,PSPP,1267.5555555555554,0.0,3.6587103950418176,1.4857019966769187,single_maturity_ea_slope
2024-06-01,MT,PSPP,1267.5555555555554,0.0,3.6937152293779096,1.4857019966769187,single_maturity_ea_slope
2024-07-01,MT,PSPP,1254.2222222222222,0.0,3.6800042071859567,1.4857019966769187,single_maturity_ea_slope
2024-08-01,MT,PSPP,1254.2222222222222,0.0,3.5385650192168,1.4857019966769187,single_maturity_ea_slope
2024-09-01,MT,PSPP,1254.2222222222222,0.0,3.399164094540077,1.4857019966769187,single_maturity_ea_slope
2024-10-01,MT,PSPP,1237.3333333333333,0.0,3.3767754983532434,1.4857019966769187,single_maturity_ea_slope
2024-11-01,MT,PSPP,1232.0,0.0,3.3803921001156665,1.4857019966769187,single_maturity_ea_slope
2024-12-01,MT,PSPP,1232.0,0.0,3.1954521319660523,1.4857019966769187,single_maturity_ea_slope
2025-01-01,MT,PSPP,1232.0,0.0,3.482594013766646,1.4857019966769187,single_maturity_ea_slope
2025-02-01,MT,PSPP,1232.0,0.0,3.39391776745584,1.4857019966769187,single_maturity_ea_slope
2025-03-01,MT,PSPP,1232.0,0.0,3.698786913168857,1.4857019966769187,single_maturity_ea_slope
2025-04-01,MT,PSPP,1232.0,0.0,3.56537600563322,1.4857019966769187,single_maturity_ea_slope
2025-05-01,MT,PSPP,1232.0,0.0,3.6353720311390383,1.4857019966769187,single_maturity_ea_slope
2025-06-01,MT,PSPP,1232.0,0.0,3.5647927959228194,1.4857019966769187,single_maturity_ea_slope
2025-07-01,MT,PSPP,1220.4444444444443,0.0,3.712107840860408,1.4857019966769187,single_maturity_ea_slope
2025-08-01,MT,PSPP,1220.4444444444443,0.0,3.7613030931980003,1.4857019966769187,single_maturity_ea_slope
2025-09-01,MT,PSPP,1220.4444444444443,0.0,3.772705339964909,1.4857019966769187,single_maturity_ea_slope
2025-10-01,MT,PSPP,1220.4444444444443,0.0,3.6476277904175216,1.4857019966769187,single_maturity_ea_slope
2025-11-01,MT,PSPP,1187.5555555555554,0.0,3.680009052376225,1.4857019966769187,single_maturity_ea_slope
2025-12-01,MT,PSPP,1187.5555555555554,0.0,3.937047106197876,1.4857019966769187,single_maturity_ea_slope
2026-01-01,MT,PSPP,1187.5555555555554,0.0,3.8822828495196666,1.4857019966769187,single_maturity_ea_slope
2026-02-01,MT,PSPP,1187.5555555555554,0.0,3.7840218365812497,1.4857019966769187,single_maturity_ea_slope
2026-03-01,MT,PSPP,1187.5555555555554,0.0,3.9688453367797187,1.4857019966769187,single_maturity_ea_slope
2026-04-01,MT,PSPP,1187.5555555555554,0.0,4.049389110145441,1.4857019966769187,single_maturity_ea_slope
2026-05-01,MT,PSPP,1187.5555555555554,0.0,4.06933449593717,1.4857019966769187,single_maturity_ea_slope
2026-06-01,MT,PSPP,1187.5555555555554,0.0,4.0199864515416,1.4857019966769187,single_maturity_ea_slope
2026-07-01,MT,PSPP,1176.0,0.0,4.1111849698247,1.4857019966769187,single_maturity_ea_slope
2026-08-01,MT,PSPP,1176.0,0.0,4.034030627805437,1.4857019966769187,single_maturity_ea_slope
2020-03-01,NL,PEPP,712.0,712.0,-0.17693805094380555,-0.17693805094380555,single_maturity_ea_slope
2020-04-01,NL,PEPP,4588.0,3876.0,-0.39069755935687145,-0.3575247672927688,single_maturity_ea_slope
2020-05-01,NL,PEPP,10389.0,5801.0,-0.535400788352612,-0.456847011798318,single_maturity_ea_slope
2020-06-01,NL,PEPP,16192.0,5803.0,-0.5462344350928281,-0.4888822895514085,single_maturity_ea_slope
2020-07-01,NL,PEPP,20675.0,4483.0,-0.6076639621002276,-0.5146379479812201,single_maturity_ea_slope
2020-08-01,NL,PEPP,23839.0,3164.0,-0.6208126732073382,-0.5287298490934915,single_maturity_ea_slope
2020-09-01,NL,PEPP,27795.0,3956.0,-0.6397442889705196,-0.544530285292575,single_maturity_ea_slope
2020-10-01,NL,PEPP,31750.0,3955.0,-0.7097550661592943,-0.5651118288619569,single_maturity_ea_slope
2020-11-01,NL,PEPP,35705.0,3955.0,-0.709724669843995,-0.5811304197059272,single_maturity_ea_slope
2020-12-01,NL,PEPP,38870.0,3165.0,-0.6986140626891769,-0.5906965563162175,single_maturity_ea_slope
2021-01-01,NL,PEPP,41956.0,3086.0,-0.6703295457936342,-0.5965538212015095,single_maturity_ea_slope
2021-02-01,NL,PEPP,45121.0,3165.0,-0.5493823959832898,-0.5932449946946576,single_maturity_ea_slope
2021-03-01,NL,PEPP,49023.0,3902.0,-0.48939702576136274,-0.5849791852832035,single_maturity_ea_slope
2021-04-01,NL,PEPP,53619.0,4596.0,-0.41595832331177574,-0.5704914126350623,single_maturity_ea_slope
2021-05-01,NL,PEPP,58044.0,4425.0,-0.26078951393031063,-0.5468812048311803,single_maturity_ea_slope
2021-06-01,NL,PEPP,62234.0,4190.0,-0.2590539561825738,-0.5275027915548738,single_maturity_ea_slope
2021-07-01,NL,PEPP,66946.0,4712.0,-0.3545811433471822,-0.5153316863901942,single_maturity_ea_slope
2021-08-01,NL,PEPP,70490.0,3544.0,-0.46278595329311006,-0.512689863747322,single_maturity_ea_slope
2021-09-01,NL,PEPP,74353.0,3863.0,-0.30149178811978755,-0.5017170964595304,single_maturity_ea_slope
2021-10-01,NL,PEPP,77913.0,3560.0,-0.13135615386200208,-0.48479456805416543,single_maturity_ea_slope
2021-11-01,NL,PEPP,81495.0,3582.0,-0.22906036280862763,-0.4735541247976526,single_maturity_ea_slope
2021-12-01,NL,PEPP,84292.0,2797.0,-0.2860534247264324,-0.4673324257265758,single_maturity_ea_slope
2022-01-01,NL,PEPP,83894.0,0.0,-0.05592268519295871,-0.4673324257265758,single_maturity_ea_slope
2022-02-01,NL,PEPP,83921.0,27.0,0.27257282893463575,-0.46709437515668445,single_maturity_ea_slope
2022-03-01,NL,PEPP,85173.0,1252.0,0.37938179221652624,-0.4546516038377071,single_maturity_ea_slope
2022-04-01,NL,PEPP,85485.0,312.0,0.8788422509995871,-0.44978466715046095,single_maturity_ea_slope
2022-05-01,NL,PEPP,86126.0,641.0,1.081545800290979,-0.43838761132957105,single_maturity_ea_slope
2022-06-01,NL,PEPP,86593.0,467.0,1.8485201618038238,-0.4260542133637621,single_maturity_ea_slope
2022-07-01,NL,PEPP,82743.0,0.0,1.5329101417910818,-0.4260542133637621,single_maturity_ea_slope
2022-08-01,NL,PEPP,81436.0,0.0,1.4760755126792477,-0.4260542133637621,single_maturity_ea_slope
2022-09-01,NL,PEPP,82871.0,1435.0,2.168895495485737,-0.38111988371649064,single_maturity_ea_slope
2022-10-01,NL,PEPP,83379.0,508.0,2.5514424871636567,-0.3632527746793576,single_maturity_ea_slope
2022-11-01,NL,PEPP,84560.0,1181.0,2.3579207747951947,-0.3252477372866253,single_maturity_ea_slope
2022-12-01,NL,PEPP,86291.0,1731.0,2.428530946857019,-0.27000685582444905,single_maturity_ea_slope
2023-01-01,NL,PEPP,83389.0,0.0,2.5038090681766243,-0.27000685582444905,single_maturity_ea_slope
2023-02-01,NL,PEPP,82214.0,0.0,2.6802168995334053,-0.27000685582444905,single_maturity_ea_slope
2023-03-01,NL,PEPP,81618.0,0.0,2.767247881950123,-0.27000685582444905,single_maturity_ea_slope
2023-04-01,NL,PEPP,82035.0,417.0,2.7395188282315117,-0.2547088463132485,single_maturity_ea_slope
2023-05-01,NL,PEPP,81958.0,0.0,2.759090652815972,-0.2547088463132485,single_maturity_ea_slope
2023-06-01,NL,PEPP,82674.0,716.0,2.766717425317841,-0.22854171746393848,single_maturity_ea_slope
2023-07-01,NL,PEPP,79689.0,0.0,2.8520882707850665,-0.22854171746393848,single_maturity_ea_slope
2023-08-01,NL,PEPP,80827.0,1138.0,2.9409045077036953,-0.18391764624713264,single_maturity_ea_slope
2023-09-01,NL,PEPP,80600.0,0.0,3.0619048306333143,-0.18391764624713264,single_maturity_ea_slope
2023-10-01,NL,PEPP,83910.0,3310.0,3.2386168475645727,-0.0489088371121458,single_maturity_ea_slope
2023-11-01,NL,PEPP,84489.0,579.0,2.977688156688091,-0.028167679571988655,single_maturity_ea_slope
2023-12-01,NL,PEPP,85879.0,1390.0,2.443421347850774,0.01183638135230762,single_maturity_ea_slope
2024-01-01,NL,PEPP,81700.0,0.0,2.5471613296118862,0.01183638135230762,single_maturity_ea_slope
2024-02-01,NL,PEPP,80948.0,0.0,2.6774473405407235,0.01183638135230762,single_maturity_ea_slope
2024-03-01,NL,PEPP,80740.0,0.0,2.64698535569486,0.01183638135230762,single_maturity_ea_slope
2024-04-01,NL,PEPP,80974.0,234.0,2.7453816232874764,0.019735825453041554,single_maturity_ea_slope
2024-05-01,NL,PEPP,82588.0,1614.0,2.8458367111352003,0.07496572361610403,single_maturity_ea_slope
2024-06-01,NL,PEPP,82655.0,67.0,2.8374721168142703,0.07720500651906546,single_maturity_ea_slope
2024-07-01,NL,PEPP,79801.0,0.0,2.7983195082304784,0.07720500651906546,single_maturity_ea_slope
2024-08-01,NL,PEPP,77963.0,0.0,2.5670293969424,0.07720500651906546,single_maturity_ea_slope
2024-09-01,NL,PEPP,77591.0,0.0,2.504082573042476,0.07720500651906546,single_maturity_ea_slope
2024-10-01,NL,PEPP,77157.0,0.0,2.5676350922088,0.07720500651906546,single_maturity_ea_slope
2024-11-01,NL,PEPP,76857.0,0.0,2.592572909030667,0.07720500651906546,single_maturity_ea_slope
2024-12-01,NL,PEPP,77328.0,471.0,2.4666295688841,0.09175884172589781,single_maturity_ea_slope
2025-01-01,NL,PEPP,75561.0,0.0,2.7581656467844593,0.09175884172589781,single_maturity_ea_slope
2025-02-01,NL,PEPP,73996.0,0.0,2.6607261543848,0.09175884172589781,single_maturity_ea_slope
2025-03-01,NL,PEPP,73243.0,0.0,2.977220454372857,0.09175884172589781,single_maturity_ea_slope
2025-04-01,NL,PEPP,71974.0,0.0,2.7671121293897603,0.09175884172589781,single_maturity_ea_slope
2025-05-01,NL,PEPP,71221.0,0.0,2.855605912751495,0.09175884172589781,single_maturity_ea_slope
2025-06-01,NL,PEPP,71221.0,0.0,2.8079841741817906,0.09175884172589781,single_maturity_ea_slope
2025-07-01,NL,PEPP,67854.0,0.0,2.929023397965291,0.09175884172589781,single_maturity_ea_slope
2025-08-01,NL,PEPP,67854.0,0.0,2.964043256801,0.09175884172589781,single_maturity_ea_slope
2025-09-01,NL,PEPP,67759.0,0.0,2.9639219403231274,0.09175884172589781,single_maturity_ea_slope
2025-10-01,NL,PEPP,67759.0,0.0,2.8634286272236085,0.09175884172589781,single_maturity_ea_slope
2025-11-01,NL,PEPP,67693.0,0.0,2.89369974168075,0.09175884172589781,single_maturity_ea_slope
2025-12-01,NL,PEPP,67693.0,0.0,3.020568615617019,0.09175884172589781,single_maturity_ea_slope
2026-01-01,NL,PEPP,65047.0,0.0,3.0182094708756666,0.09175884172589781,single_maturity_ea_slope
2026-02-01,NL,PEPP,65047.0,0.0,2.92330838166101,0.09175884172589781,single_maturity_ea_slope
2026-03-01,NL,PEPP,65047.0,0.0,3.080646511685864,0.09175884172589781,single_maturity_ea_slope
2026-04-01,NL,PEPP,64436.0,0.0,3.2027594615464,0.09175884172589781,single_maturity_ea_slope
2026-05-01,NL,PEPP,64436.0,0.0,3.20950004175093,0.09175884172589781,single_maturity_ea_slope
2026-06-01,NL,PEPP,64436.0,0.0,3.1142048121687997,0.09175884172589781,single_maturity_ea_slope
2026-07-01,NL,PEPP,61231.0,0.0,3.260121233718765,0.09175884172589781,single_maturity_ea_slope
2026-08-01,NL,PEPP,61231.0,0.0,3.3429375422983667,0.09175884172589781,single_maturity_ea_slope
2015-03-01,NL,PSPP,2210.6666666666665,2210.6666666666665,0.3277319963548762,0.3277319963548762,single_maturity_ea_slope
2015-04-01,NL,PSPP,4456.888888888889,2246.222222222222,0.33263542805492574,0.33020327116660836,single_maturity_ea_slope
2015-05-01,NL,PSPP,6827.555555555555,2370.666666666666,0.7702037377389496,0.48298041533383057,single_maturity_ea_slope
2015-06-01,NL,PSPP,9194.666666666666,2367.1111111111113,1.069039091652259,0.6338576635004949,single_maturity_ea_slope
2015-07-01,NL,PSPP,11556.444444444443,2361.7777777777774,0.9916912234132639,0.7069877126265797,single_maturity_ea_slope
2015-08-01,NL,PSPP,13523.555555555555,1967.1111111111113,0.8459192910991413,0.7271964403221086,single_maturity_ea_slope
2015-09-01,NL,PSPP,15837.333333333332,2313.7777777777774,0.8528590063301605,0.7455552919424128,single_maturity_ea_slope
2015-10-01,NL,PSPP,18256.0,2418.666666666668,0.7033233759116735,0.7399601491086587,single_maturity_ea_slope
2015-11-01,NL,PSPP,20818.666666666664,2562.6666666666642,0.6961090427188084,0.7345623121366277,single_maturity_ea_slope
2015-12-01,NL,PSPP,22766.222222222223,1947.5555555555584,0.7216094913371469,0.7334542522283167,single_maturity_ea_slope
2016-01-01,NL,PSPP,25290.666666666664,2524.4444444444416,0.6120593509121152,0.7213369487087746,single_maturity_ea_slope
2016-02-01,NL,PSPP,27774.22222222222,2483.5555555555547,0.3737306844423274,0.690254189240028,single_maturity_ea_slope
2016-03-01,NL,PSPP,30226.666666666664,2452.4444444444453,0.3370872789657899,0.661599947056625,single_maturity_ea_slope
2016-04-01,NL,PSPP,33981.33333333333,3754.6666666666642,0.443834429184776,0.637538591868399,single_maturity_ea_slope
2016-05-01,NL,PSPP,37852.444444444445,3871.1111111111168,0.4672900644262629,0.6201275375519772,single_maturity_ea_slope
2016-06-01,NL,PSPP,41213.33333333333,3360.8888888888832,0.33378138254948225,0.5967764146777309,single_maturity_ea_slope
2016-07-01,NL,PSPP,44621.33333333333,3408.0,0.15440409537106184,0.5629897760550139,single_maturity_ea_slope
2016-08-01,NL,PSPP,47212.444444444445,2591.1111111111168,0.12247324891172845,0.538813369144921,single_maturity_ea_slope
2016-09-01,NL,PSPP,50627.555555555555,3415.1111111111095,0.1795829631399726,0.5145812738455493,single_maturity_ea_slope
2016-10-01,NL,PSPP,54179.555555555555,3552.0,0.29310669525372324,0.5000614481457701,single_maturity_ea_slope
2016-11-01,NL,PSPP,57584.88888888888,3405.3333333333285,0.5262386597008903,0.5016094607025777,single_maturity_ea_slope
2016-12-01,NL,PSPP,60288.0,2703.1111111111168,0.5916665396551035,0.5056473171707104,single_maturity_ea_slope
2017-01-01,NL,PSPP,63862.22222222222,3574.222222222219,0.6441724672953251,0.5134002523596738,single_maturity_ea_slope
2017-02-01,NL,PSPP,67262.22222222222,3400.0,0.6502115689045618,0.520315850163086,single_maturity_ea_slope
2017-03-01,NL,PSPP,70701.33333333333,3439.1111111111095,0.6308891196222637,0.5256944440546054,single_maturity_ea_slope
2017-04-01,NL,PSPP,73347.55555555555,2646.222222222219,0.6363123444346677,0.5296853002453011,single_maturity_ea_slope
2017-05-01,NL,PSPP,75696.0,2348.4444444444525,0.7247478010254423,0.535737052600466,single_maturity_ea_slope
2017-06-01,NL,PSPP,78051.55555555555,2355.5555555555475,0.626312016344955,0.538470558134391,single_maturity_ea_slope
2017-07-01,NL,PSPP,80449.77777777777,2398.222222222219,0.8167238931017173,0.5467653396708843,single_maturity_ea_slope
2017-08-01,NL,PSPP,82382.22222222222,1932.4444444444525,0.660508557855919,0.5494334207707361,single_maturity_ea_slope
2017-09-01,NL,PSPP,84692.44444444444,2310.222222222219,0.6481209453703034,0.5521253977691751,single_maturity_ea_slope
2017-10-01,NL,PSPP,86980.44444444444,2288.0,0.6512911470606032,0.5547339293285156,single_maturity_ea_slope
2017-11-01,NL,PSPP,89257.77777777777,2277.3333333333285,0.5697900782916968,0.555118073665952,single_maturity_ea_slope
2017-12-01,NL,PSPP,91362.66666666666,2104.8888888888905,0.5408973823803853,0.554790445585781,single_maturity_ea_slope
2018-01-01,NL,PSPP,92300.44444444444,937.777777777781,0.6961395055928811,0.5562265600940293,single_maturity_ea_slope
2018-02-01,NL,PSPP,93298.66666666666,998.222222222219,0.8321290135953308,0.5591784989597218,single_maturity_ea_slope
2018-03-01,NL,PSPP,94243.55555555555,944.8888888888905,0.6899778333836396,0.5604898972515484,single_maturity_ea_slope
2018-04-01,NL,PSPP,95390.22222222222,1146.6666666666715,0.772632321721024,0.5630400186482499,single_maturity_ea_slope
2018-05-01,NL,PSPP,96433.77777777777,1043.5555555555475,0.7498661120142963,0.5650617522373266,single_maturity_ea_slope
2018-06-01,NL,PSPP,97574.22222222222,1140.4444444444525,0.6390227784964707,0.5659262063890651,single_maturity_ea_slope
2018-07-01,NL,PSPP,98215.11111111111,640.8888888888905,0.561436391924814,0.5658969087364865,single_maturity_ea_slope
2018-08-01,NL,PSPP,99343.11111111111,1128.0,0.5540868969360098,0.5657628109297846,single_maturity_ea_slope
2018-09-01,NL,PSPP,101011.55555555555,1668.444444444438,0.6242556266812639,0.5667289579507242,single_maturity_ea_slope
2018-10-01,NL,PSPP,101456.88888888889,445.33333333334303,0.6476884312991305,0.5670843202383521,single_maturity_ea_slope
2018-11-01,NL,PSPP,101819.55555555555,362.66666666665697,0.5797651324428029,0.5671294874743288,single_maturity_ea_slope
2018-12-01,NL,PSPP,102384.88888888888,565.3333333333285,0.4530607554058336,0.5664996400698024,single_maturity_ea_slope
2019-01-01,NL,PSPP,99850.66666666666,0.0,0.4062234652339845,0.5664996400698024,single_maturity_ea_slope
2019-02-01,NL,PSPP,100154.66666666666,304.0,0.3026398396081026,0.5656987449941159,single_maturity_ea_slope
2019-03-01,NL,PSPP,100387.55555555555,232.8888888888905,0.21186281541448165,0.5648778817304102,single_maturity_ea_slope
2019-04-01,NL,PSPP,101320.88888888889,933.333333333343,0.2520348803695117,0.5619960791280824,single_maturity_ea_slope
2019-05-01,NL,PSPP,101915.55555555555,594.666666666657,0.16019343711048584,0.5596516025024684,single_maturity_ea_slope
2019-06-01,NL,PSPP,101832.88888888889,0.0,-0.050322352090388794,0.5596516025024684,single_maturity_ea_slope
2019-07-01,NL,PSPP,99145.77777777777,0.0,-0.1412954923291352,0.5596516025024684,single_maturity_ea_slope
2019-08-01,NL,PSPP,99112.0,0.0,-0.45102575487255103,0.5596516025024684,single_maturity_ea_slope
2019-09-01,NL,PSPP,99586.66666666666,474.66666666665697,-0.3840417018786904,0.5551536132621459,single_maturity_ea_slope
2019-10-01,NL,PSPP,101002.66666666666,1416.0,-0.271133638912897,0.5435695354581289,single_maturity_ea_slope
2019-11-01,NL,PSPP,101470.22222222222,467.555555555562,-0.15284121023812625,0.5403606067106804,single_maturity_ea_slope
2019-12-01,NL,PSPP,102010.66666666666,540.444444444438,-0.0995672317069887,0.5369703196317002,single_maturity_ea_slope
2020-01-01,NL,PSPP,98571.55555555555,0.0,-0.10886408097167793,0.5369703196317002,single_maturity_ea_slope
2020-02-01,NL,PSPP,98694.22222222222,122.66666666667152,-0.2805258423729649,0.5359542568172011,single_maturity_ea_slope
2020-03-01,NL,PSPP,99340.44444444444,646.222222222219,-0.2883647339207624,0.5305919569705101,single_maturity_ea_slope
2020-04-01,NL,PSPP,100657.77777777777,1317.3333333333285,-0.17726288226452705,0.5213280849134073,single_maturity_ea_slope
2020-05-01,NL,PSPP,101550.22222222222,892.4444444444525,-0.2724895599318888,0.5143518505779089,single_maturity_ea_slope
2020-06-01,NL,PSPP,102414.22222222222,864.0,-0.2551044442516564,0.5078604646716603,single_maturity_ea_slope
2020-07-01,NL,PSPP,100016.88888888889,0.0,-0.33623125661041103,0.5078604646716603,single_maturity_ea_slope
2020-08-01,NL,PSPP,100344.0,327.1111111111095,-0.36033722116790984,0.5050302295835726,single_maturity_ea_slope
2020-09-01,NL,PSPP,101416.0,1072.0,-0.39086592392691205,0.4955603167831935,single_maturity_ea_slope
2020-10-01,NL,PSPP,103023.11111111111,1607.1111111111095,-0.4773978452430397,0.4803826362028411,single_maturity_ea_slope
2020-11-01,NL,PSPP,104361.77777777777,1338.666666666657,-0.49207878694631746,0.4679087044674026,single_maturity_ea_slope
2020-12-01,NL,PSPP,105475.55555555555,1113.777777777781,-0.5062485197616468,0.4576220113782487,single_maturity_ea_slope
2021-01-01,NL,PSPP,105828.44444444444,352.8888888888905,-0.4821229319658519,0.454488396870008,single_maturity_ea_slope
2021-02-01,NL,PSPP,106360.88888888888,532.444444444438,-0.32719320085127723,0.4505752853082389,single_maturity_ea_slope
2021-03-01,NL,PSPP,107335.11111111111,974.2222222222335,-0.25435874410238424,0.44417698386201815,single_maturity_ea_slope
2021-04-01,NL,PSPP,108773.33333333333,1438.222222222219,-0.21504443456436895,0.4354606297309902,single_maturity_ea_slope
2021-05-01,NL,PSPP,109720.0,946.6666666666715,-0.10357307283092017,0.43080983463050465,single_maturity_ea_slope
2021-06-01,NL,PSPP,110917.33333333333,1197.3333333333285,-0.1591684932927528,0.4244411211324631,single_maturity_ea_slope
2021-07-01,NL,PSPP,107814.22222222222,0.0,-0.2880355327216882,0.4244411211324631,single_maturity_ea_slope
2021-08-01,NL,PSPP,108416.0,601.777777777781,-0.4009512855170448,0.41985966813412157,single_maturity_ea_slope
2021-09-01,NL,PSPP,109687.11111111111,1271.1111111111095,-0.26057373879591933,0.4119744530422242,single_maturity_ea_slope
2021-10-01,NL,PSPP,110767.11111111111,1080.0,-0.11239346874982542,0.40686176796942003,single_maturity_ea_slope
2021-11-01,NL,PSPP,111908.44444444444,1141.3333333333285,-0.22038821653456656,0.4004645624752215,single_maturity_ea_slope
2021-12-01,NL,PSPP,112857.77777777777,949.3333333333285,-0.27978353612133977,0.3947424739523914,single_maturity_ea_slope
2022-01-01,NL,PSPP,109853.33333333333,0.0,-0.04510280424257662,0.3947424739523914,single_maturity_ea_slope
2022-02-01,NL,PSPP,110535.11111111111,681.777777777781,0.26940011716478984,0.3939693654567011,single_maturity_ea_slope
2022-03-01,NL,PSPP,111565.33333333333,1030.222222222219,0.3765671549963365,0.39380866908806755,single_maturity_ea_slope
2022-04-01,NL,PSPP,114772.44444444444,3207.1111111111095,0.8768694840084434,0.40730694138132195,single_maturity_ea_slope
2022-05-01,NL,PSPP,116680.88888888888,1908.444444444438,1.0807460835083376,0.4183217802439878,single_maturity_ea_slope
2022-06-01,NL,PSPP,117968.88888888888,1288.0,1.8478942926489725,0.4339300428403396,single_maturity_ea_slope
2022-07-01,NL,PSPP,115244.44444444444,0.0,1.5282146963336696,0.4339300428403396,single_maturity_ea_slope
2022-08-01,NL,PSPP,115163.55555555555,0.0,1.4657545238241438,0.4339300428403396,single_maturity_ea_slope
2022-09-01,NL,PSPP,116974.22222222222,1810.6666666666715,2.1658912114155218,0.4607394055898734,single_maturity_ea_slope
2022-10-01,NL,PSPP,118108.44444444444,1134.222222222219,2.5490307054778083,0.4807937413314668,single_maturity_ea_slope
2022-11-01,NL,PSPP,118886.22222222222,777.777777777781,2.3577198490753344,0.49307297259852995,single_maturity_ea_slope
2022-12-01,NL,PSPP,119620.44444444444,734.222222222219,2.4284471160825287,0.5049521685926578,single_maturity_ea_slope
2023-01-01,NL,PSPP,116746.66666666666,0.0,2.5042790096922554,0.5049521685926578,single_maturity_ea_slope
2023-02-01,NL,PSPP,117064.0,317.33333333334303,2.6801966230132828,0.5108487514322684,single_maturity_ea_slope
2023-03-01,NL,PSPP,117979.55555555555,915.5555555555475,2.765724386946779,0.5283472400938062,single_maturity_ea_slope
2023-04-01,NL,PSPP,118024.88888888888,45.33333333332848,2.7362689517103718,0.5291953023277036,single_maturity_ea_slope
2023-05-01,NL,PSPP,118688.88888888888,664.0,2.7523407084546094,0.5416325958560826,single_maturity_ea_slope
2023-06-01,NL,PSPP,118855.11111111111,166.22222222223354,2.7635001095019547,0.544739940186074,single_maturity_ea_slope
2023-07-01,NL,PSPP,113281.77777777777,0.0,2.8507489453287667,0.544739940186074,single_maturity_ea_slope
2023-08-01,NL,PSPP,113281.77777777777,0.0,2.940182559484456,0.544739940186074,single_maturity_ea_slope
2023-09-01,NL,PSPP,113078.22222222222,0.0,3.060274456677371,0.544739940186074,single_maturity_ea_slope
2023-10-01,NL,PSPP,113078.22222222222,0.0,3.2411350035652906,0.544739940186074,single_maturity_ea_slope
2023-11-01,NL,PSPP,112976.88888888888,0.0,2.982059970902,0.544739940186074,single_maturity_ea_slope
2023-12-01,NL,PSPP,112976.88888888888,0.0,2.4550597179429263,0.544739940186074,single_maturity_ea_slope
2024-01-01,NL,PSPP,107913.77777777777,0.0,2.5579459574577954,0.544739940186074,single_maturity_ea_slope
2024-02-01,NL,PSPP,107913.77777777777,0.0,2.6823471777728094,0.544739940186074,single_maturity_ea_slope
2024-03-01,NL,PSPP,107913.77777777777,0.0,2.6504123074767802,0.544739940186074,single_maturity_ea_slope
2024-04-01,NL,PSPP,107913.77777777777,0.0,2.7492726960704332,0.544739940186074,single_maturity_ea_slope
2024-05-01,NL,PSPP,107913.77777777777,0.0,2.855437810873455,0.544739940186074,single_maturity_ea_slope
2024-06-01,NL,PSPP,107358.22222222222,0.0,2.85039213188598,0.544739940186074,single_maturity_ea_slope
2024-07-01,NL,PSPP,102446.22222222222,0.0,2.819612448401435,0.544739940186074,single_maturity_ea_slope
2024-08-01,NL,PSPP,102446.22222222222,0.0,2.5755908378,0.544739940186074,single_maturity_ea_slope
2024-09-01,NL,PSPP,102156.44444444444,0.0,2.511837668136076,0.544739940186074,single_maturity_ea_slope
2024-10-01,NL,PSPP,102078.22222222222,0.0,2.572152712931687,0.544739940186074,single_maturity_ea_slope
2024-11-01,NL,PSPP,101914.66666666666,0.0,2.595249143696667,0.544739940186074,single_maturity_ea_slope
2024-12-01,NL,PSPP,101914.66666666666,0.0,2.4710572911887843,0.544739940186074,single_maturity_ea_slope
2025-01-01,NL,PSPP,101827.55555555555,0.0,2.7543130362149686,0.544739940186074,single_maturity_ea_slope
2025-02-01,NL,PSPP,101827.55555555555,0.0,2.6482026723908,0.544739940186074,single_maturity_ea_slope
2025-03-01,NL,PSPP,101827.55555555555,0.0,2.955742428147,0.544739940186074,single_maturity_ea_slope
2025-04-01,NL,PSPP,101179.55555555555,0.0,2.73433266639404,0.544739940186074,single_maturity_ea_slope
2025-05-01,NL,PSPP,100855.11111111111,0.0,2.814079518559695,0.544739940186074,single_maturity_ea_slope
2025-06-01,NL,PSPP,100855.11111111111,0.0,2.768083516126476,0.544739940186074,single_maturity_ea_slope
2025-07-01,NL,PSPP,95273.77777777777,0.0,2.8911684575284475,0.544739940186074,single_maturity_ea_slope
2025-08-01,NL,PSPP,95273.77777777777,0.0,2.92218387407,0.544739940186074,single_maturity_ea_slope
2025-09-01,NL,PSPP,95069.33333333333,0.0,2.9210809130932365,0.544739940186074,single_maturity_ea_slope
2025-10-01,NL,PSPP,95069.33333333333,0.0,2.8219688782654346,0.544739940186074,single_maturity_ea_slope
2025-11-01,NL,PSPP,94915.55555555555,0.0,2.853109908908475,0.544739940186074,single_maturity_ea_slope
2025-12-01,NL,PSPP,94915.55555555555,0.0,2.9809002737710477,0.544739940186074,single_maturity_ea_slope
2026-01-01,NL,PSPP,91560.88888888889,0.0,2.973846955883167,0.544739940186074,single_maturity_ea_slope
2026-02-01,NL,PSPP,91560.88888888889,0.0,2.87707966495946,0.544739940186074,single_maturity_ea_slope
2026-03-01,NL,PSPP,91560.88888888889,0.0,3.04252925338275,0.544739940186074,single_maturity_ea_slope
2026-04-01,NL,PSPP,90909.33333333333,0.0,3.16360638745144,0.544739940186074,single_maturity_ea_slope
2026-05-01,NL,PSPP,90909.33333333333,0.0,3.17100614060442,0.544739940186074,single_maturity_ea_slope
2026-06-01,NL,PSPP,90909.33333333333,0.0,3.0762990954279696,0.544739940186074,single_maturity_ea_slope
2026-07-01,NL,PSPP,85861.33333333333,0.0,3.2256923847445,0.544739940186074,single_maturity_ea_slope
2026-08-01,NL,PSPP,85861.33333333333,0.0,3.309296388705767,0.544739940186074,single_maturity_ea_slope
2020-03-01,PT,PEPP,285.0,285.0,0.731309305572937,0.731309305572937,single_maturity_ea_slope
2020-04-01,PT,PEPP,1833.0,1548.0,1.025593856108772,0.9798376657635932,single_maturity_ea_slope
2020-05-01,PT,PEPP,4150.0,2317.0,0.8395323704389734,0.9015033599160887,single_maturity_ea_slope
2020-06-01,PT,PEPP,6776.0,2626.0,0.549448997698747,0.7650667077344565,single_maturity_ea_slope
2020-07-01,PT,PEPP,8805.0,2029.0,0.42777557700472013,0.6873422665929875,single_maturity_ea_slope
2020-08-01,PT,PEPP,10069.0,1264.0,0.3723523837298623,0.6478003843863145,single_maturity_ea_slope
2020-09-01,PT,PEPP,11649.0,1580.0,0.34119374118650536,0.60621411120787,single_maturity_ea_slope
2020-10-01,PT,PEPP,13229.0,1580.0,0.18110792400241,0.5554417341737309,single_maturity_ea_slope
2020-11-01,PT,PEPP,14809.0,1580.0,0.07811774291104316,0.5045151418180657,single_maturity_ea_slope
2020-12-01,PT,PEPP,16073.0,1264.0,0.02820760281058474,0.46705774560668906,single_maturity_ea_slope
2021-01-01,PT,PEPP,17305.0,1232.0,0.024048686355460067,0.43551847019510204,single_maturity_ea_slope
2021-02-01,PT,PEPP,18568.0,1263.0,0.15553608016497203,0.4164739980598126,single_maturity_ea_slope
2021-03-01,PT,PEPP,20127.0,1559.0,0.23381860607214686,0.40232585098827833,single_maturity_ea_slope
2021-04-01,PT,PEPP,21964.0,1837.0,0.39083609757411797,0.4013648840869028,single_maturity_ea_slope
2021-05-01,PT,PEPP,23731.0,1767.0,0.5927471417896111,0.41561512425211644,single_maturity_ea_slope
2021-06-01,PT,PEPP,25407.0,1676.0,0.48484086344474886,0.4201816743716446,single_maturity_ea_slope
2021-07-01,PT,PEPP,27289.0,1882.0,0.3206068508875183,0.4133144451658428,single_maturity_ea_slope
2021-08-01,PT,PEPP,28704.0,1415.0,0.17108607620597835,0.40137349121941696,single_maturity_ea_slope
2021-09-01,PT,PEPP,30247.0,1543.0,0.27943326393155,0.3951529149406065,single_maturity_ea_slope
2021-10-01,PT,PEPP,31669.0,1422.0,0.4004107045265978,0.39538899996985527,single_maturity_ea_slope
2021-11-01,PT,PEPP,33099.0,1430.0,0.39529155710078945,0.39538479007521304,single_maturity_ea_slope
2021-12-01,PT,PEPP,33583.0,484.0,0.3582842273645723,0.39485009477247207,single_maturity_ea_slope
2022-01-01,PT,PEPP,33859.0,276.0,0.5919701570746929,0.39645690942132206,single_maturity_ea_slope
2022-02-01,PT,PEPP,34879.0,1020.0,1.0634225679216034,0.4159616249140336,single_maturity_ea_slope
2022-03-01,PT,PEPP,34744.0,0.0,1.1604207827944395,0.4159616249140336,single_maturity_ea_slope
2022-04-01,PT,PEPP,35378.0,634.0,1.7617306544411644,0.44007880408527567,single_maturity_ea_slope
2022-05-01,PT,PEPP,34804.0,0.0,2.1413540135943805,0.44007880408527567,single_maturity_ea_slope
2022-06-01,PT,PEPP,35220.0,416.0,2.6510431152580853,0.46619354438760074,single_maturity_ea_slope
2022-07-01,PT,PEPP,35318.0,98.0,2.2554090912212867,0.4711582401118689,single_maturity_ea_slope
2022-08-01,PT,PEPP,35523.0,205.0,2.1460037538867818,0.4808236211417328,single_maturity_ea_slope
2022-09-01,PT,PEPP,35495.0,0.0,2.8852123733985984,0.4808236211417328,single_maturity_ea_slope
2022-10-01,PT,PEPP,34309.0,0.0,3.265697179704856,0.4808236211417328,single_maturity_ea_slope
2022-11-01,PT,PEPP,34427.0,118.0,3.0215581269996123,0.4895320962249881,single_maturity_ea_slope
2022-12-01,PT,PEPP,34616.0,189.0,3.1027043149448548,0.5037997628917912,single_maturity_ea_slope
2023-01-01,PT,PEPP,33911.0,0.0,3.1327675711421974,0.5037997628917912,single_maturity_ea_slope
2023-02-01,PT,PEPP,34346.0,435.0,3.2741892475211443,0.5388873837446931,single_maturity_ea_slope
2023-03-01,PT,PEPP,33966.0,0.0,3.272352062461303,0.5388873837446931,single_maturity_ea_slope
2023-04-01,PT,PEPP,34236.0,270.0,3.207460614832937,0.5599329139583228,single_maturity_ea_slope
2023-05-01,PT,PEPP,33863.0,0.0,3.1666931101623605,0.5599329139583228,single_maturity_ea_slope
2023-06-01,PT,PEPP,34071.0,208.0,3.097983685283432,0.5754274565439711,single_maturity_ea_slope
2023-07-01,PT,PEPP,33990.0,0.0,3.2341250927313667,0.5754274565439711,single_maturity_ea_slope
2023-08-01,PT,PEPP,34143.0,153.0,3.3110964516291306,0.587686407317132,single_maturity_ea_slope
2023-09-01,PT,PEPP,33923.0,0.0,3.455329362081229,0.587686407317132,single_maturity_ea_slope
2023-10-01,PT,PEPP,32198.0,0.0,3.618875925564932,0.587686407317132,single_maturity_ea_slope
2023-11-01,PT,PEPP,32325.0,127.0,3.3321856080592185,0.5984691265280908,single_maturity_ea_slope
2023-12-01,PT,PEPP,32359.0,34.0,2.887047685761,0.6008737642181899,single_maturity_ea_slope
2024-01-01,PT,PEPP,32391.0,32.0,2.9980728587274545,0.603242026112676,single_maturity_ea_slope
2024-02-01,PT,PEPP,30703.0,0.0,3.1098105329918666,0.603242026112676,single_maturity_ea_slope
2024-03-01,PT,PEPP,30910.0,207.0,3.0591229489861,0.6196887213904113,single_maturity_ea_slope
2024-04-01,PT,PEPP,31131.0,221.0,3.174487183056676,0.6378253202798863,single_maturity_ea_slope
2024-05-01,PT,PEPP,31404.0,273.0,3.200873788849818,0.6601063109791472,single_maturity_ea_slope
2024-06-01,PT,PEPP,31523.0,119.0,3.22639807065077,0.6697941173237504,single_maturity_ea_slope
2024-07-01,PT,PEPP,31590.0,67.0,3.1441489194365655,0.675042036657133,single_maturity_ea_slope
2024-08-01,PT,PEPP,31630.0,40.0,2.9110293969424,0.6778697158987204,single_maturity_ea_slope
2024-09-01,PT,PEPP,31589.0,0.0,2.813082573042476,0.6778697158987204,single_maturity_ea_slope
2024-10-01,PT,PEPP,31618.0,29.0,2.7638115792569957,0.6797829398229847,single_maturity_ea_slope
2024-11-01,PT,PEPP,31672.0,54.0,2.8118966743646667,0.6834181425782654,single_maturity_ea_slope
2024-12-01,PT,PEPP,31702.0,30.0,2.7027440244231635,0.6853290559734879,single_maturity_ea_slope
2025-01-01,PT,PEPP,31562.0,0.0,2.9769788493242912,0.6853290559734879,single_maturity_ea_slope
2025-02-01,PT,PEPP,31562.0,0.0,2.96819515815272,0.6853290559734879,single_maturity_ea_slope
2025-03-01,PT,PEPP,31443.0,0.0,3.307837332469571,0.6853290559734879,single_maturity_ea_slope
2025-04-01,PT,PEPP,31443.0,0.0,3.12674756894278,0.6853290559734879,single_maturity_ea_slope
2025-05-01,PT,PEPP,31391.0,0.0,3.0849097893698665,0.6853290559734879,single_maturity_ea_slope
2025-06-01,PT,PEPP,31391.0,0.0,3.024108351612648,0.6853290559734879,single_maturity_ea_slope
2025-07-01,PT,PEPP,31353.0,0.0,3.095024523154058,0.6853290559734879,single_maturity_ea_slope
2025-08-01,PT,PEPP,31353.0,0.0,3.0959728743558097,0.6853290559734879,single_maturity_ea_slope
2025-09-01,PT,PEPP,31346.0,0.0,3.0967451224377953,0.6853290559734879,single_maturity_ea_slope
2025-10-01,PT,PEPP,28917.0,0.0,3.0509431520253476,0.6853290559734879,single_maturity_ea_slope
2025-11-01,PT,PEPP,28917.0,0.0,3.047109908908475,0.6853290559734879,single_maturity_ea_slope
2025-12-01,PT,PEPP,28917.0,0.0,3.1589002737710477,0.6853290559734879,single_maturity_ea_slope
2026-01-01,PT,PEPP,28917.0,0.0,3.190257779554667,0.6853290559734879,single_maturity_ea_slope
2026-02-01,PT,PEPP,28917.0,0.0,3.1231226822966662,0.6853290559734879,single_maturity_ea_slope
2026-03-01,PT,PEPP,28917.0,0.0,3.353376344797818,0.6853290559734879,single_maturity_ea_slope
2026-04-01,PT,PEPP,28917.0,0.0,3.405768676284908,0.6853290559734879,single_maturity_ea_slope
2026-05-01,PT,PEPP,28917.0,0.0,3.3870767429367086,0.6853290559734879,single_maturity_ea_slope
2026-06-01,PT,PEPP,28917.0,0.0,3.2905016053963787,0.6853290559734879,single_maturity_ea_slope
2026-07-01,PT,PEPP,26814.0,0.0,3.4536756120850436,0.6853290559734879,single_maturity_ea_slope
2026-08-01,PT,PEPP,26814.0,0.0,3.5404709126722524,0.6853290559734879,single_maturity_ea_slope
2015-03-01,PT,PSPP,954.6666666666666,954.6666666666666,2.029664753800222,2.029664753800222,single_maturity_ea_slope
2015-04-01,PT,PSPP,1918.2222222222222,963.5555555555555,2.1085123394097653,2.0692712333186396,single_maturity_ea_slope
2015-05-01,PT,PSPP,2961.777777777778,1043.5555555555557,2.767095027406569,2.315143122352022,single_maturity_ea_slope
2015-06-01,PT,PSPP,3996.4444444444443,1034.6666666666665,3.343952507495291,2.581498577046587,single_maturity_ea_slope
2015-07-01,PT,PSPP,5027.555555555556,1031.1111111111113,3.2114220743468063,2.7106908077517238,single_maturity_ea_slope
2015-08-01,PT,PSPP,5886.222222222222,858.6666666666661,2.9917352587173682,2.7516888354824416,single_maturity_ea_slope
2015-09-01,PT,PSPP,6906.666666666666,1020.4444444444443,3.0824652838698174,2.8005603107396757,single_maturity_ea_slope
2015-10-01,PT,PSPP,7959.11111111111,1052.4444444444443,2.854533590302514,2.8076972733264975,single_maturity_ea_slope
2015-11-01,PT,PSPP,9068.444444444443,1109.333333333333,3.060009147699585,2.838562321279606,single_maturity_ea_slope
2015-12-01,PT,PSPP,9973.333333333332,904.8888888888887,2.9534099533587987,2.84898254315631,single_maturity_ea_slope
2016-01-01,PT,PSPP,11037.333333333332,1064.0,3.159586667192463,2.878924810730706,single_maturity_ea_slope
2016-02-01,PT,PSPP,12116.444444444443,1079.1111111111113,3.6253185351841783,2.9453999029093074,single_maturity_ea_slope
2016-03-01,PT,PSPP,13194.666666666666,1078.2222222222226,3.247855645116616,2.9701155331503117,single_maturity_ea_slope
2016-04-01,PT,PSPP,14443.555555555555,1248.8888888888887,3.5113298241206237,3.016912633206518,single_maturity_ea_slope
2016-05-01,PT,PSPP,15733.333333333332,1289.7777777777774,3.542218963231142,3.059975880939045,single_maturity_ea_slope
2016-06-01,PT,PSPP,17011.555555555555,1278.2222222222226,3.520538450298767,3.094581846804824,single_maturity_ea_slope
2016-07-01,PT,PSPP,17863.11111111111,851.5555555555547,3.3571345107526036,3.1070980416725575,single_maturity_ea_slope
2016-08-01,PT,PSPP,18504.888888888887,641.7777777777774,3.1978322190495745,3.1102448413683113,single_maturity_ea_slope
2016-09-01,PT,PSPP,19413.333333333332,908.4444444444453,3.5626355095908284,3.1314144046889805,single_maturity_ea_slope
2016-10-01,PT,PSPP,20320.888888888887,907.5555555555547,3.6471724336318467,3.1544487840927977,single_maturity_ea_slope
2016-11-01,PT,PSPP,21230.222222222223,909.3333333333358,3.83082319694691,3.1834192674435666,single_maturity_ea_slope
2016-12-01,PT,PSPP,21875.555555555555,645.3333333333321,4.075291079866091,3.209729667111131,single_maturity_ea_slope
2017-01-01,PT,PSPP,22487.11111111111,611.5555555555547,4.283627800950819,3.2389352136397775,single_maturity_ea_slope
2017-02-01,PT,PSPP,23070.222222222223,583.1111111111131,4.382688311401521,3.267844130651865,single_maturity_ea_slope
2017-03-01,PT,PSPP,23659.555555555555,589.3333333333321,4.309920220217303,3.2938010922696987,single_maturity_ea_slope
2017-04-01,PT,PSPP,24127.11111111111,467.55555555555475,4.059818862054299,3.3086456321844726,single_maturity_ea_slope
2017-05-01,PT,PSPP,24575.11111111111,448.0,3.5757802599454287,3.3135154499727144,single_maturity_ea_slope
2017-06-01,PT,PSPP,25027.555555555555,452.44444444444525,3.2417944769693063,3.3122188888397863,single_maturity_ea_slope
2017-07-01,PT,PSPP,25487.11111111111,459.55555555555475,3.2820325478385906,3.3116746019393006,single_maturity_ea_slope
2017-08-01,PT,PSPP,25855.11111111111,368.0,3.070758014708318,3.308245596984729,single_maturity_ea_slope
2017-09-01,PT,PSPP,26294.22222222222,439.1111111111095,2.869446474942414,3.3009176916979266,single_maturity_ea_slope
2017-10-01,PT,PSPP,26728.888888888887,434.6666666666679,2.5536539922817303,3.2887656481656844,single_maturity_ea_slope
2017-11-01,PT,PSPP,27162.666666666664,433.7777777777774,2.200630044446815,3.2713885235300797,single_maturity_ea_slope
2017-12-01,PT,PSPP,27621.333333333332,458.6666666666679,2.021922165989071,3.25064048206483,single_maturity_ea_slope
2018-01-01,PT,PSPP,28031.11111111111,409.7777777777774,2.0159167154172817,3.232590453321386,single_maturity_ea_slope
2018-02-01,PT,PSPP,28465.777777777777,434.6666666666679,2.1817970470648214,3.216545050634043,single_maturity_ea_slope
2018-03-01,PT,PSPP,28876.44444444444,410.66666666666424,1.9342765426304527,3.1983092551930024,single_maturity_ea_slope
2018-04-01,PT,PSPP,29430.22222222222,553.7777777777774,1.8100771205240753,3.1721873964869483,single_maturity_ea_slope
2018-05-01,PT,PSPP,29935.11111111111,504.8888888888905,1.99029318182071,3.1522534381791885,single_maturity_ea_slope
2018-06-01,PT,PSPP,30486.22222222222,551.1111111111095,2.0200094775353112,3.131785430610037,single_maturity_ea_slope
2018-07-01,PT,PSPP,31053.333333333332,567.1111111111131,1.9041391126491163,3.109365555102406,single_maturity_ea_slope
2018-08-01,PT,PSPP,31552.888888888887,499.55555555555475,1.9566122026839334,3.0911147906981133,single_maturity_ea_slope
2018-09-01,PT,PSPP,32038.22222222222,485.3333333333321,2.011414725526734,3.074758875941196,single_maturity_ea_slope
2018-10-01,PT,PSPP,32273.777777777777,235.55555555555839,2.07663933055898,3.067473933792736,single_maturity_ea_slope
2018-11-01,PT,PSPP,32456.888888888887,183.1111111111095,2.0252273166266326,3.061593920561202,single_maturity_ea_slope
2018-12-01,PT,PSPP,32752.0,295.11111111111313,1.812630462879418,3.050340165256682,single_maturity_ea_slope
2019-01-01,PT,PSPP,33145.777777777774,393.77777777777374,1.7723871411895944,3.035157854396597,single_maturity_ea_slope
2019-02-01,PT,PSPP,33482.666666666664,336.8888888888905,1.6477493309714917,3.0211983176444965,single_maturity_ea_slope
2019-03-01,PT,PSPP,33824.0,341.33333333333576,1.4110567295587526,3.004949648196769,single_maturity_ea_slope
2019-04-01,PT,PSPP,34261.33333333333,437.3333333333285,1.2691760836716675,2.9827931363208258,single_maturity_ea_slope
2019-05-01,PT,PSPP,34652.444444444445,391.11111111111677,1.107956261051707,2.9616324492410384,single_maturity_ea_slope
2019-06-01,PT,PSPP,33949.33333333333,0.0,0.6817459479004581,2.9616324492410384,single_maturity_ea_slope
2019-07-01,PT,PSPP,34409.777777777774,460.44444444444525,0.5361521791468484,2.9291765896685966,single_maturity_ea_slope
2019-08-01,PT,PSPP,34760.88888888889,351.11111111111677,0.24316793796678288,2.902045882937603,single_maturity_ea_slope
2019-09-01,PT,PSPP,35121.777777777774,360.88888888888323,0.2723326296541039,2.875024634181957,single_maturity_ea_slope
2019-10-01,PT,PSPP,35682.666666666664,560.8888888888905,0.25318743836246993,2.8338124858481977,single_maturity_ea_slope
2019-11-01,PT,PSPP,36153.777777777774,471.1111111111095,0.4150105313128729,2.802293664126079,single_maturity_ea_slope
2019-12-01,PT,PSPP,36612.444444444445,458.6666666666715,0.47154631676306513,2.773094954974623,single_maturity_ea_slope
2020-01-01,PT,PSPP,36878.22222222222,265.77777777777374,0.4331889909359896,2.7562314791925284,single_maturity_ea_slope
2020-02-01,PT,PSPP,37132.444444444445,254.22222222222626,0.3047426070846572,2.739447694603481,single_maturity_ea_slope
2020-03-01,PT,PSPP,37502.22222222222,369.77777777777374,0.7470865350210018,2.719802701894633,single_maturity_ea_slope
2020-04-01,PT,PSPP,37912.88888888888,410.66666666666424,1.0092638908096385,2.7012744047287027,single_maturity_ea_slope
2020-05-01,PT,PSPP,38264.88888888888,352.0,0.8486501643008453,2.684232052024525,single_maturity_ea_slope
2020-06-01,PT,PSPP,38631.11111111111,366.22222222222626,0.5667491427142952,2.6641583530223203,single_maturity_ea_slope
2020-07-01,PT,PSPP,38977.777777777774,346.66666666666424,0.43481727258338165,2.6443306900492036,single_maturity_ea_slope
2020-08-01,PT,PSPP,39271.11111111111,293.33333333333576,0.38832446420848565,2.6274795797158528,single_maturity_ea_slope
2020-09-01,PT,PSPP,39555.555555555555,284.44444444444525,0.35011086934179764,2.6111029957311405,single_maturity_ea_slope
2020-10-01,PT,PSPP,39954.666666666664,399.1111111111095,0.20687581092661872,2.587086932949383,single_maturity_ea_slope
2020-11-01,PT,PSPP,40344.88888888888,390.222222222219,0.09647097164417255,2.5629972967677275,single_maturity_ea_slope
2020-12-01,PT,PSPP,40791.11111111111,446.22222222222626,0.04683918903103554,2.535472533854591,single_maturity_ea_slope
2021-01-01,PT,PSPP,41256.88888888888,465.77777777777374,0.04816554547574545,2.5073915914253564,single_maturity_ea_slope
2021-02-01,PT,PSPP,41673.777777777774,416.8888888888905,0.1880586779793815,2.4841898522788393,single_maturity_ea_slope
2021-03-01,PT,PSPP,42112.88888888888,439.1111111111095,0.2587594893473031,2.460985288898123,single_maturity_ea_slope
2021-04-01,PT,PSPP,40891.555555555555,0.0,0.409580842591093,2.460985288898123,single_maturity_ea_slope
2021-05-01,PT,PSPP,41329.777777777774,438.222222222219,0.601303570215467,2.441266967164844,single_maturity_ea_slope
2021-06-01,PT,PSPP,41888.0,558.2222222222263,0.498686824017433,2.415379089864602,single_maturity_ea_slope
2021-07-01,PT,PSPP,42440.0,552.0,0.3370563276713483,2.3883471821188276,single_maturity_ea_slope
2021-08-01,PT,PSPP,42863.11111111111,423.1111111111095,0.19758664811000629,2.3667217074462124,single_maturity_ea_slope
2021-09-01,PT,PSPP,43618.666666666664,755.5555555555547,0.3188899543509944,2.3312494939162063,single_maturity_ea_slope
2021-10-01,PT,PSPP,44256.88888888888,638.222222222219,0.44618270307323127,2.3040652171517553,single_maturity_ea_slope
2021-11-01,PT,PSPP,44849.777777777774,592.8888888888905,0.43151052095127995,2.279311095097575,single_maturity_ea_slope
2021-12-01,PT,PSPP,45363.555555555555,513.777777777781,0.3918729163204261,2.257934380214689,single_maturity_ea_slope
2022-01-01,PT,PSPP,46005.33333333333,641.7777777777737,0.6172165459589177,2.2350462459629568,single_maturity_ea_slope
2022-02-01,PT,PSPP,46297.777777777774,292.44444444444525,1.0810166968271122,2.227756705372274,single_maturity_ea_slope
2022-03-01,PT,PSPP,46748.444444444445,450.6666666666715,1.1791850309290375,2.2176482128459827,single_maturity_ea_slope
2022-04-01,PT,PSPP,47821.33333333333,1072.8888888888832,1.7786087720320602,2.2077982043874163,single_maturity_ea_slope
2022-05-01,PT,PSPP,48450.666666666664,629.3333333333358,2.1576149215080873,2.207146365829459,single_maturity_ea_slope
2022-06-01,PT,PSPP,48872.0,421.33333333333576,2.6720097319456073,2.2111540273041332,single_maturity_ea_slope
2022-07-01,PT,PSPP,49211.555555555555,339.55555555555475,2.294085455913066,2.2117262471211343,single_maturity_ea_slope
2022-08-01,PT,PSPP,49304.0,92.44444444444525,2.185073898301069,2.2116762742674148,single_maturity_ea_slope
2022-09-01,PT,PSPP,49709.33333333333,405.3333333333285,2.9034448916960582,2.217317003297464,single_maturity_ea_slope
2022-10-01,PT,PSPP,47652.444444444445,0.0,3.2871352391346225,2.217317003297464,single_maturity_ea_slope
2022-11-01,PT,PSPP,47869.33333333333,216.88888888888323,3.026313369036311,2.2209824465084322,single_maturity_ea_slope
2022-12-01,PT,PSPP,47728.0,0.0,3.102506995207165,2.2209824465084322,single_maturity_ea_slope
2023-01-01,PT,PSPP,48208.88888888888,480.88888888888323,3.1360101676000514,2.2301099471465915,single_maturity_ea_slope
2023-02-01,PT,PSPP,48646.22222222222,437.33333333333576,3.27570998653034,2.239509973082177,single_maturity_ea_slope
2023-03-01,PT,PSPP,48726.22222222222,80.0,3.2766819956287017,2.241212829532351,single_maturity_ea_slope
2023-04-01,PT,PSPP,48961.777777777774,235.55555555555475,3.217974921224861,2.245912040786454,single_maturity_ea_slope
2023-05-01,PT,PSPP,49117.33333333333,155.55555555555475,3.18203389280182,2.248876757005262,single_maturity_ea_slope
2023-06-01,PT,PSPP,49176.0,58.66666666667152,3.108014140474136,2.249901702639247,single_maturity_ea_slope
2023-07-01,PT,PSPP,49016.88888888888,0.0,3.2383491191704668,2.249901702639247,single_maturity_ea_slope
2023-08-01,PT,PSPP,49016.88888888888,0.0,3.3202411290728264,2.249901702639247,single_maturity_ea_slope
2023-09-01,PT,PSPP,49016.88888888888,0.0,3.461035670927029,2.249901702639247,single_maturity_ea_slope
2023-10-01,PT,PSPP,46673.777777777774,0.0,3.6218137742324363,2.249901702639247,single_maturity_ea_slope
2023-11-01,PT,PSPP,46622.22222222222,0.0,3.335245878008955,2.249901702639247,single_maturity_ea_slope
2023-12-01,PT,PSPP,46408.88888888888,0.0,2.8910958144887053,2.249901702639247,single_maturity_ea_slope
2024-01-01,PT,PSPP,46395.555555555555,0.0,2.9991513215120453,2.249901702639247,single_maturity_ea_slope
2024-02-01,PT,PSPP,44489.777777777774,0.0,3.1013471777728094,2.249901702639247,single_maturity_ea_slope
2024-03-01,PT,PSPP,44452.444444444445,0.0,3.05141230747678,2.249901702639247,single_maturity_ea_slope
2024-04-01,PT,PSPP,44452.444444444445,0.0,3.166272696070433,2.249901702639247,single_maturity_ea_slope
2024-05-01,PT,PSPP,44452.444444444445,0.0,3.1908552499925094,2.249901702639247,single_maturity_ea_slope
2024-06-01,PT,PSPP,44452.444444444445,0.0,3.21347805557906,2.249901702639247,single_maturity_ea_slope
2024-07-01,PT,PSPP,44452.444444444445,0.0,3.126996273187739,2.249901702639247,single_maturity_ea_slope
2024-08-01,PT,PSPP,44452.444444444445,0.0,2.8960468754415998,2.249901702639247,single_maturity_ea_slope
2024-09-01,PT,PSPP,44452.444444444445,0.0,2.7948027060361333,2.249901702639247,single_maturity_ea_slope
2024-10-01,PT,PSPP,44088.0,0.0,2.7474352041365306,2.249901702639247,single_maturity_ea_slope
2024-11-01,PT,PSPP,44042.666666666664,0.0,2.797623422812667,2.249901702639247,single_maturity_ea_slope
2024-12-01,PT,PSPP,44042.666666666664,0.0,2.6890180852786423,2.249901702639247,single_maturity_ea_slope
2025-01-01,PT,PSPP,44042.666666666664,0.0,2.9601236780827684,2.249901702639247,single_maturity_ea_slope
2025-02-01,PT,PSPP,44042.666666666664,0.0,2.9478987080765,2.249901702639247,single_maturity_ea_slope
2025-03-01,PT,PSPP,44042.666666666664,0.0,3.2754070525985157,2.249901702639247,single_maturity_ea_slope
2025-04-01,PT,PSPP,44042.666666666664,0.0,3.0821498198032082,2.249901702639247,single_maturity_ea_slope
2025-05-01,PT,PSPP,44042.666666666664,0.0,3.0312128114070793,2.249901702639247,single_maturity_ea_slope
2025-06-01,PT,PSPP,44042.666666666664,0.0,2.9686755176427937,2.249901702639247,single_maturity_ea_slope
2025-07-01,PT,PSPP,44017.777777777774,0.0,3.035171662078406,2.249901702639247,single_maturity_ea_slope
2025-08-01,PT,PSPP,44017.777777777774,0.0,3.034627021647238,2.249901702639247,single_maturity_ea_slope
2025-09-01,PT,PSPP,44017.777777777774,0.0,3.0354692730368864,2.249901702639247,single_maturity_ea_slope
2025-10-01,PT,PSPP,40448.0,0.0,3.001184824289123,2.249901702639247,single_maturity_ea_slope
2025-11-01,PT,PSPP,40448.0,0.0,2.993968909814125,2.249901702639247,single_maturity_ea_slope
2025-12-01,PT,PSPP,40448.0,0.0,3.102811974633333,2.249901702639247,single_maturity_ea_slope
2026-01-01,PT,PSPP,40409.777777777774,0.0,3.1294906282270794,2.249901702639247,single_maturity_ea_slope
2026-02-01,PT,PSPP,40278.22222222222,0.0,3.0620549284691663,2.249901702639247,single_maturity_ea_slope
2026-03-01,PT,PSPP,40275.555555555555,0.0,3.3036707024392276,2.249901702639247,single_maturity_ea_slope
2026-04-01,PT,PSPP,40275.555555555555,0.0,3.3573372726076833,2.249901702639247,single_maturity_ea_slope
2026-05-01,PT,PSPP,40275.555555555555,0.0,3.3401330032984586,2.249901702639247,single_maturity_ea_slope
2026-06-01,PT,PSPP,40275.555555555555,0.0,3.2463446173584694,2.249901702639247,single_maturity_ea_slope
2026-07-01,PT,PSPP,37169.777777777774,0.0,3.4089589055353047,2.249901702639247,single_maturity_ea_slope
2026-08-01,PT,PSPP,37169.777777777774,0.0,3.4942423212689366,2.249901702639247,single_maturity_ea_slope
2020-03-01,SI,PEPP,59.0,59.0,0.19725704024826682,0.19725704024826682,single_maturity_ea_slope
2020-04-01,SI,PEPP,462.0,403.0,0.3133709831063009,0.2985425791482403,single_maturity_ea_slope
2020-05-01,SI,PEPP,939.0,477.0,0.7772309916026432,0.5417101752512756,single_maturity_ea_slope
2020-06-01,SI,PEPP,1479.0,540.0,0.4276203019711343,0.500054643424855,single_maturity_ea_slope
2020-07-01,SI,PEPP,1896.0,417.0,0.10017133805806652,0.4121056253141215,single_maturity_ea_slope
2020-08-01,SI,PEPP,2156.0,260.0,-0.08287294066140179,0.3524143325712476,single_maturity_ea_slope
2020-09-01,SI,PEPP,2481.0,325.0,-0.05840073402384753,0.2985993802764447,single_maturity_ea_slope
2020-10-01,SI,PEPP,2806.0,325.0,-0.07995801669791375,0.25475363757627845,single_maturity_ea_slope
2020-11-01,SI,PEPP,3131.0,325.0,-0.09129272778987457,0.21883378170147816,single_maturity_ea_slope
2020-12-01,SI,PEPP,3391.0,260.0,-0.12010814423678592,0.19284590180057912,single_maturity_ea_slope
2021-01-01,SI,PEPP,3644.0,253.0,-0.02570619432187407,0.1776720048963583,single_maturity_ea_slope
2021-02-01,SI,PEPP,3903.0,259.0,0.21260761984760262,0.1799903047355518,single_maturity_ea_slope
2021-03-01,SI,PEPP,4224.0,321.0,0.25784536075325065,0.18590684663462412,single_maturity_ea_slope
2021-04-01,SI,PEPP,4530.0,306.0,0.24113365860605257,0.1896373994962703,single_maturity_ea_slope
2021-05-01,SI,PEPP,4838.0,308.0,0.4233402820846772,0.2045155491112412,single_maturity_ea_slope
2021-06-01,SI,PEPP,5168.0,330.0,0.37099239031695824,0.21514584276408302,single_maturity_ea_slope
2021-07-01,SI,PEPP,5555.0,387.0,0.35035391523564396,0.22456537904608012,single_maturity_ea_slope
2021-08-01,SI,PEPP,5829.0,274.0,0.10660253344184836,0.21902037652496856,single_maturity_ea_slope
2021-09-01,SI,PEPP,6003.0,174.0,0.25410312698453313,0.22003726784263708,single_maturity_ea_slope
2021-10-01,SI,PEPP,6032.0,29.0,0.3500365276167582,0.2206622642838588,single_maturity_ea_slope
2021-11-01,SI,PEPP,6142.0,110.0,0.28739400371453666,0.221857394752334,single_maturity_ea_slope
2021-12-01,SI,PEPP,6084.0,0.0,0.29509920597780204,0.221857394752334,single_maturity_ea_slope
2022-01-01,SI,PEPP,6311.0,227.0,0.5146606828491876,0.232389219565832,single_maturity_ea_slope
2022-02-01,SI,PEPP,6491.0,180.0,0.766723089947668,0.2472066739902243,single_maturity_ea_slope
2022-03-01,SI,PEPP,6499.0,8.0,1.1217287252084716,0.24828317443794642,single_maturity_ea_slope
2022-04-01,SI,PEPP,6517.0,18.0,1.6066257191902353,0.2520349261343621,single_maturity_ea_slope
2022-05-01,SI,PEPP,6531.0,14.0,1.8872650671621647,0.2555402426210241,single_maturity_ea_slope
2022-06-01,SI,PEPP,6542.0,11.0,2.1664603484176777,0.2587533458255125,single_maturity_ea_slope
2022-07-01,SI,PEPP,6541.0,0.0,2.2252989196038966,0.2587533458255125,single_maturity_ea_slope
2022-08-01,SI,PEPP,6550.0,9.0,1.812013252162041,0.260887596078494,single_maturity_ea_slope
2022-09-01,SI,PEPP,6566.0,16.0,1.7466379336614373,0.26450806598427024,single_maturity_ea_slope
2022-10-01,SI,PEPP,6575.0,9.0,2.565828279765016,0.26765816209438836,single_maturity_ea_slope
2022-11-01,SI,PEPP,6586.0,11.0,3.5733503978307306,0.27317936078754046,single_maturity_ea_slope
2022-12-01,SI,PEPP,6593.0,7.0,3.5188603006610975,0.27662540455807205,single_maturity_ea_slope
2023-01-01,SI,PEPP,6627.0,34.0,3.258521606150109,0.29192410243858047,single_maturity_ea_slope
2023-02-01,SI,PEPP,6664.0,37.0,3.3835551498614977,0.3090895209191699,single_maturity_ea_slope
2023-03-01,SI,PEPP,6344.0,0.0,3.558068116180009,0.3090895209191699,single_maturity_ea_slope
2023-04-01,SI,PEPP,6370.0,26.0,3.3813562718082335,0.32162938520851303,single_maturity_ea_slope
2023-05-01,SI,PEPP,6407.0,37.0,3.212999480706048,0.33832685571474197,single_maturity_ea_slope
2023-06-01,SI,PEPP,6430.0,23.0,3.4171568434422954,0.3493397779103459,single_maturity_ea_slope
2023-07-01,SI,PEPP,6451.0,21.0,3.4195060733122666,0.35933411866425086,single_maturity_ea_slope
2023-08-01,SI,PEPP,6481.0,30.0,3.523397109623152,0.37398029822431367,single_maturity_ea_slope
2023-09-01,SI,PEPP,6493.0,12.0,3.5168279630679145,0.37978873376691696,single_maturity_ea_slope
2023-10-01,SI,PEPP,6528.0,35.0,3.7398088802421317,0.3978035476649918,single_maturity_ea_slope
2023-11-01,SI,PEPP,6546.0,18.0,3.599220391720227,0.40660671038925006,single_maturity_ea_slope
2023-12-01,SI,PEPP,6559.0,13.0,3.3365771017657577,0.4124139394009736,single_maturity_ea_slope
2024-01-01,SI,PEPP,6589.0,30.0,3.138368295680273,0.4248253266658664,single_maturity_ea_slope
2024-02-01,SI,PEPP,6616.0,27.0,3.281619165191381,0.43648394722816825,single_maturity_ea_slope
2024-03-01,SI,PEPP,6640.0,24.0,3.25668749405926,0.44667745402394327,single_maturity_ea_slope
2024-04-01,SI,PEPP,6667.0,27.0,3.272889767086862,0.4581230416124687,single_maturity_ea_slope
2024-05-01,SI,PEPP,6694.0,27.0,3.277727205945236,0.46949581012710634,single_maturity_ea_slope
2024-06-01,SI,PEPP,6705.0,11.0,3.37088252849229,0.4742557286807256,single_maturity_ea_slope
2024-07-01,SI,PEPP,6721.0,16.0,3.268752742323565,0.48090830303250137,single_maturity_ea_slope
2024-08-01,SI,PEPP,6728.0,7.0,3.0388715582288004,0.4835696797843406,single_maturity_ea_slope
2024-09-01,SI,PEPP,6420.0,0.0,3.009426565599848,0.4835696797843406,single_maturity_ea_slope
2024-10-01,SI,PEPP,6429.0,9.0,3.0362584372690087,0.48714320580975085,single_maturity_ea_slope
2024-11-01,SI,PEPP,6442.0,13.0,3.1087669428026667,0.49243366041715664,single_maturity_ea_slope
2024-12-01,SI,PEPP,6447.0,5.0,2.9348675860208,0.49432790109158165,single_maturity_ea_slope
2025-01-01,SI,PEPP,6447.0,0.0,3.1449471233107276,0.49432790109158165,single_maturity_ea_slope
2025-02-01,SI,PEPP,6447.0,0.0,2.97274681853952,0.49432790109158165,single_maturity_ea_slope
2025-03-01,SI,PEPP,6447.0,0.0,3.330332344286857,0.49432790109158165,single_maturity_ea_slope
2025-04-01,SI,PEPP,6445.0,0.0,3.1541121293897603,0.49432790109158165,single_maturity_ea_slope
2025-05-01,SI,PEPP,6445.0,0.0,3.111131138426638,0.49432790109158165,single_maturity_ea_slope
2025-06-01,SI,PEPP,6445.0,0.0,3.063502800796419,0.49432790109158165,single_maturity_ea_slope
2025-07-01,SI,PEPP,6048.0,0.0,3.1268260141765696,0.49432790109158165,single_maturity_ea_slope
2025-08-01,SI,PEPP,6048.0,0.0,3.255990204835,0.49432790109158165,single_maturity_ea_slope
2025-09-01,SI,PEPP,6047.0,0.0,3.2719419647809818,0.49432790109158165,single_maturity_ea_slope
2025-10-01,SI,PEPP,6047.0,0.0,3.180415764103565,0.49432790109158165,single_maturity_ea_slope
2025-11-01,SI,PEPP,6047.0,0.0,3.17269974168075,0.49432790109158165,single_maturity_ea_slope
2025-12-01,SI,PEPP,6047.0,0.0,3.3035361361498476,0.49432790109158165,single_maturity_ea_slope
2026-01-01,SI,PEPP,6047.0,0.0,3.2356769598811668,0.49432790109158165,single_maturity_ea_slope
2026-02-01,SI,PEPP,5836.0,0.0,3.1601991623986496,0.49432790109158165,single_maturity_ea_slope
2026-03-01,SI,PEPP,5463.0,0.0,3.348540171465087,0.49432790109158165,single_maturity_ea_slope
2026-04-01,SI,PEPP,5461.0,0.0,3.490246447382,0.49432790109158165,single_maturity_ea_slope
2026-05-01,SI,PEPP,5461.0,0.0,3.55217492372411,0.49432790109158165,single_maturity_ea_slope
2026-06-01,SI,PEPP,5441.0,0.0,3.4365509084911996,0.49432790109158165,single_maturity_ea_slope
2026-07-01,SI,PEPP,5441.0,0.0,3.4391245882506567,0.49432790109158165,single_maturity_ea_slope
2026-08-01,SI,PEPP,5441.0,0.0,3.602743421383024,0.49432790109158165,single_maturity_ea_slope
2015-03-01,SI,PSPP,185.77777777777777,185.77777777777777,0.9502986133247001,0.9502986133247001,single_maturity_ea_slope
2015-04-01,SI,PSPP,380.4444444444444,194.66666666666663,1.1396241016892283,1.0471731038663628,single_maturity_ea_slope
2015-05-01,SI,PSPP,585.7777777777777,205.33333333333331,1.6669677542600103,1.2644304092395533,single_maturity_ea_slope
2015-06-01,SI,PSPP,788.4444444444445,202.66666666666674,2.230761914070135,1.5128222729389589,single_maturity_ea_slope
2015-07-01,SI,PSPP,994.6666666666666,206.22222222222217,2.501359185874001,1.717773625754803,single_maturity_ea_slope
2015-08-01,SI,PSPP,1165.3333333333333,170.66666666666663,2.209854351742404,1.7898403682335366,single_maturity_ea_slope
2015-09-01,SI,PSPP,1367.111111111111,201.77777777777783,2.221781735635195,1.8535924426159662,single_maturity_ea_slope
2015-10-01,SI,PSPP,1584.888888888889,217.77777777777783,1.9672518130362544,1.8692102473007506,single_maturity_ea_slope
2015-11-01,SI,PSPP,1805.3333333333333,220.44444444444434,1.8541731481525903,1.867374107178277,single_maturity_ea_slope
2015-12-01,SI,PSPP,1980.4444444444443,175.1111111111111,1.7803323806360405,1.8596778683412838,single_maturity_ea_slope
2016-01-01,SI,PSPP,2204.4444444444443,224.0,1.7491993578250757,1.848451826143669,single_maturity_ea_slope
2016-02-01,SI,PSPP,2453.333333333333,248.8888888888887,1.69454620436339,1.8328382123398725,single_maturity_ea_slope
2016-03-01,SI,PSPP,2664.0,210.66666666666697,1.6067637672113249,1.8149604534157933,single_maturity_ea_slope
2016-04-01,SI,PSPP,2873.777777777778,209.77777777777783,1.5213867304728061,1.7935303888891787,single_maturity_ea_slope
2016-05-01,SI,PSPP,3088.8888888888887,215.11111111111086,1.5992258145721088,1.7799989624187527,single_maturity_ea_slope
2016-06-01,SI,PSPP,3314.6666666666665,225.77777777777783,1.5103688246503768,1.761633165960408,single_maturity_ea_slope
2016-07-01,SI,PSPP,3512.8888888888887,198.22222222222217,1.0889042207835962,1.723673005339348,single_maturity_ea_slope
2016-08-01,SI,PSPP,3648.8888888888887,136.0,0.9395378253325263,1.6944470169006043,single_maturity_ea_slope
2016-09-01,SI,PSPP,3843.555555555555,194.66666666666652,0.9189888003329856,1.6551719592159817,single_maturity_ea_slope
2016-10-01,SI,PSPP,4043.555555555555,200.0,0.8136632070458842,1.6135497413135258,single_maturity_ea_slope
2016-11-01,SI,PSPP,4235.555555555556,192.00000000000045,1.1037855643115213,1.5904418583686288,single_maturity_ea_slope
2016-12-01,SI,PSPP,4384.888888888889,149.33333333333303,1.2191828279899832,1.5777981289740186,single_maturity_ea_slope
2017-01-01,SI,PSPP,4527.111111111111,142.22222222222263,1.2649911631576036,1.5679710890112017,single_maturity_ea_slope
2017-02-01,SI,PSPP,4662.222222222222,135.1111111111104,1.2989950302357332,1.5601761679561263,single_maturity_ea_slope
2017-03-01,SI,PSPP,4795.555555555556,133.33333333333394,1.3091851547805018,1.5531977338548577,single_maturity_ea_slope
2017-04-01,SI,PSPP,4896.0,100.44444444444434,1.3014089818027148,1.548032133095618,single_maturity_ea_slope
2017-05-01,SI,PSPP,5001.777777777777,105.77777777777737,1.3105163851054251,1.5430091414462785,single_maturity_ea_slope
2017-06-01,SI,PSPP,5143.11111111111,141.33333333333303,1.2090357072814824,1.533831509916344,single_maturity_ea_slope
2017-07-01,SI,PSPP,5290.666666666666,147.55555555555566,1.5104269006848086,1.5331787603981257,single_maturity_ea_slope
2017-08-01,SI,PSPP,5416.0,125.33333333333394,1.4496263157081,1.5312452473993907,single_maturity_ea_slope
2017-09-01,SI,PSPP,5557.333333333333,141.33333333333303,1.3643857571199456,1.5270016999018807,single_maturity_ea_slope
2017-10-01,SI,PSPP,5703.11111111111,145.77777777777737,1.4131809231396497,1.5240923159572102,single_maturity_ea_slope
2017-11-01,SI,PSPP,5928.888888888889,225.77777777777828,1.2517111547341948,1.5137197799826008,single_maturity_ea_slope
2017-12-01,SI,PSPP,6139.555555555556,210.66666666666697,1.1048542944103505,1.4996903721238164,single_maturity_ea_slope
2018-01-01,SI,PSPP,6235.555555555556,96.0,1.2653894817932423,1.4960831738122409,single_maturity_ea_slope
2018-02-01,SI,PSPP,6337.777777777777,102.22222222222172,1.488088390439065,1.4959542256933187,single_maturity_ea_slope
2018-03-01,SI,PSPP,6434.666666666666,96.88888888888869,1.4731045261776976,1.4956101702647784,single_maturity_ea_slope
2018-04-01,SI,PSPP,6547.555555555555,112.88888888888869,1.2603632756927952,1.4915541893238822,single_maturity_ea_slope
2018-05-01,SI,PSPP,6648.0,100.44444444444525,1.339575051460637,1.4892579408175917,single_maturity_ea_slope
2018-06-01,SI,PSPP,6750.222222222222,102.22222222222172,1.381006638352745,1.4876186334982004,single_maturity_ea_slope
2018-07-01,SI,PSPP,6853.333333333333,103.11111111111131,1.163599856861483,1.4827436428250669,single_maturity_ea_slope
2018-08-01,SI,PSPP,6885.333333333333,32.0,1.1508549234593837,1.4812011700782086,single_maturity_ea_slope
2018-09-01,SI,PSPP,6954.666666666666,69.33333333333303,1.1188478758437985,1.4775887522675895,single_maturity_ea_slope
2018-10-01,SI,PSPP,6991.11111111111,36.44444444444434,1.2699630237257367,1.4765064058123807,single_maturity_ea_slope
2018-11-01,SI,PSPP,7019.555555555555,28.444444444444343,1.3735258681988034,1.4760891109911025,single_maturity_ea_slope
2018-12-01,SI,PSPP,7063.11111111111,43.55555555555566,1.3025334421395067,1.4750188583138149,single_maturity_ea_slope
2019-01-01,SI,PSPP,7120.888888888889,57.77777777777828,1.320245704032029,1.4737630531673516,single_maturity_ea_slope
2019-02-01,SI,PSPP,6908.444444444444,0.0,1.2287869005656877,1.4737630531673516,single_maturity_ea_slope
2019-03-01,SI,PSPP,6954.666666666666,46.22222222222172,1.0253149459230362,1.4707825698369958,single_maturity_ea_slope
2019-04-01,SI,PSPP,6999.11111111111,44.44444444444434,0.8706923646836383,1.466971989413111,single_maturity_ea_slope
2019-05-01,SI,PSPP,7032.888888888889,33.77777777777828,0.7234497745288189,1.4634009777642734,single_maturity_ea_slope
2019-06-01,SI,PSPP,7058.666666666666,25.777777777777374,0.49427301629862225,1.4598617873748383,single_maturity_ea_slope
2019-07-01,SI,PSPP,7103.11111111111,44.44444444444434,0.2871640833651961,1.4525241719073771,single_maturity_ea_slope
2019-08-01,SI,PSPP,7123.555555555555,20.444444444444343,0.1755000690652152,1.4488591414150673,single_maturity_ea_slope
2019-09-01,SI,PSPP,7152.888888888889,29.33333333333394,0.06991473062176981,1.4432042183932978,single_maturity_ea_slope
2019-10-01,SI,PSPP,7219.555555555555,66.66666666666606,0.13556455869020642,1.431129240004018,single_maturity_ea_slope
2019-11-01,SI,PSPP,7259.555555555555,40.0,0.21309321938621778,1.4244178868844146,single_maturity_ea_slope
2019-12-01,SI,PSPP,7296.888888888889,37.33333333333394,0.23959288884777064,1.418355924414255,single_maturity_ea_slope
2020-01-01,SI,PSPP,7035.555555555555,0.0,0.3317203957181919,1.418355924414255,single_maturity_ea_slope
2020-02-01,SI,PSPP,7063.11111111111,27.555555555555657,0.2671635445659303,1.4138647384369962,single_maturity_ea_slope
2020-03-01,SI,PSPP,7118.222222222222,55.11111111111131,0.18816072422344746,1.404375022043235,single_maturity_ea_slope
2020-04-01,SI,PSPP,7200.888888888889,82.66666666666697,0.44682965740161923,1.3933823397926892,single_maturity_ea_slope
2020-05-01,SI,PSPP,7252.444444444444,51.55555555555566,0.9253951418580603,1.3900555525050058,single_maturity_ea_slope
2020-06-01,SI,PSPP,7304.888888888889,52.44444444444434,0.6142147232102608,1.3844855100459659,single_maturity_ea_slope
2020-07-01,SI,PSPP,7448.888888888889,144.0,0.26447756822683366,1.3628338052041162,single_maturity_ea_slope
2020-08-01,SI,PSPP,7540.444444444444,91.55555555555566,0.06856604461739683,1.3471188954622288,single_maturity_ea_slope
2020-09-01,SI,PSPP,7670.222222222222,129.77777777777737,0.08248989082977111,1.325721765473083,single_maturity_ea_slope
2020-10-01,SI,PSPP,7808.0,137.77777777777828,0.016951644995305437,1.3026275750502625,single_maturity_ea_slope
2020-11-01,SI,PSPP,7942.222222222222,134.22222222222172,-0.03623304159048629,1.2800010553957857,single_maturity_ea_slope
2020-12-01,SI,PSPP,8073.777777777777,131.55555555555566,-0.09112567678275144,1.2576596751951445,single_maturity_ea_slope
2021-01-01,SI,PSPP,7906.666666666666,0.0,0.0024531835719439343,1.2576596751951445,single_maturity_ea_slope
2021-02-01,SI,PSPP,8035.555555555555,128.8888888888887,0.236400325828777,1.2412788559851753,single_maturity_ea_slope
2021-03-01,SI,PSPP,8180.444444444444,144.8888888888896,0.28044803622136105,1.224260989678373,single_maturity_ea_slope
2021-04-01,SI,PSPP,8098.666666666666,0.0,0.29940771016753576,1.224260989678373,single_maturity_ea_slope
2021-05-01,SI,PSPP,8225.777777777777,127.11111111111131,0.5046382937761279,1.213140820506769,single_maturity_ea_slope
2021-06-01,SI,PSPP,8388.444444444443,162.66666666666606,0.4258738927531497,1.1978743324513583,single_maturity_ea_slope
2021-07-01,SI,PSPP,8560.888888888889,172.44444444444525,0.39183606441191854,1.181638072042299,single_maturity_ea_slope
2021-08-01,SI,PSPP,8654.222222222223,93.33333333333394,0.13767607199362056,1.1703792378182734,single_maturity_ea_slope
2021-09-01,SI,PSPP,8828.444444444443,174.2222222222208,0.29282913795176546,1.1530614952111615,single_maturity_ea_slope
2021-10-01,SI,PSPP,8968.888888888889,140.44444444444525,0.3814230409058784,1.140978355887055,single_maturity_ea_slope
2021-11-01,SI,PSPP,9095.111111111111,126.22222222222263,0.31085981127964324,1.1294579460615808,single_maturity_ea_slope
2021-12-01,SI,PSPP,9198.22222222222,103.1111111111095,0.30629543562975325,1.12023038023146,single_maturity_ea_slope
2022-01-01,SI,PSPP,9309.333333333332,111.11111111111131,0.5331446461394237,1.1132232460042562,single_maturity_ea_slope
2022-02-01,SI,PSPP,9371.555555555555,62.222222222222626,0.7822982204541842,1.1110260770970661,single_maturity_ea_slope
2022-03-01,SI,PSPP,9214.22222222222,0.0,1.13455096143378,1.1110260770970661,single_maturity_ea_slope
2022-04-01,SI,PSPP,9395.555555555555,181.33333333333394,1.616708750478303,1.1207857048520116,single_maturity_ea_slope
2022-05-01,SI,PSPP,9504.888888888889,109.33333333333394,1.9008602524670672,1.129758787182195,single_maturity_ea_slope
2022-06-01,SI,PSPP,9576.888888888889,72.0,2.1833588155986656,1.1376798566365978,single_maturity_ea_slope
2022-07-01,SI,PSPP,9663.111111111111,86.22222222222263,2.2519064438625653,1.147621902350968,single_maturity_ea_slope
2022-08-01,SI,PSPP,9727.111111111111,64.0,1.8366938776851152,1.1521556848808099,single_maturity_ea_slope
2022-09-01,SI,PSPP,9822.22222222222,95.1111111111095,1.7586550699422985,1.1580285748538033,single_maturity_ea_slope
2022-10-01,SI,PSPP,9887.111111111111,64.8888888888905,2.5824427758230843,1.167376973367762,single_maturity_ea_slope
2022-11-01,SI,PSPP,9933.333333333332,46.22222222222081,3.577703788427708,1.1785928117913067,single_maturity_ea_slope
2022-12-01,SI,PSPP,9976.888888888889,43.555555555556566,3.5184531226135736,1.1888078113663507,single_maturity_ea_slope
2023-01-01,SI,PSPP,10031.111111111111,54.222222222222626,3.261905185062653,1.2000137431160607,single_maturity_ea_slope
2023-02-01,SI,PSPP,10079.111111111111,48.0,3.385096165390816,1.210419815150882,single_maturity_ea_slope
2023-03-01,SI,PSPP,9794.666666666666,0.0,3.5619971296096855,1.210419815150882,single_maturity_ea_slope
2023-04-01,SI,PSPP,9808.888888888889,14.222222222222626,3.390914732164528,1.2135813845819847,single_maturity_ea_slope
2023-05-01,SI,PSPP,9830.22222222222,21.33333333333212,3.228953894651086,1.217955101938134,single_maturity_ea_slope
2023-06-01,SI,PSPP,9838.22222222222,8.0,3.427187298633,1.2197515502368559,single_maturity_ea_slope
2023-07-01,SI,PSPP,9838.22222222222,0.0,3.4248633751374666,1.2197515502368559,single_maturity_ea_slope
2023-08-01,SI,PSPP,9838.22222222222,0.0,3.5359108787566305,1.2197515502368559,single_maturity_ea_slope
2023-09-01,SI,PSPP,9838.22222222222,0.0,3.530957870686086,1.2197515502368559,single_maturity_ea_slope
2023-10-01,SI,PSPP,9831.111111111111,0.0,3.76079351358145,1.2197515502368559,single_maturity_ea_slope
2023-11-01,SI,PSPP,9831.111111111111,0.0,3.6210794627897727,1.2197515502368559,single_maturity_ea_slope
2023-12-01,SI,PSPP,9819.555555555555,0.0,3.3618779063139157,1.2197515502368559,single_maturity_ea_slope
2024-01-01,SI,PSPP,9819.555555555555,0.0,3.1637121711181595,1.2197515502368559,single_maturity_ea_slope
2024-02-01,SI,PSPP,9819.555555555555,0.0,3.3021093936164667,1.2197515502368559,single_maturity_ea_slope
2024-03-01,SI,PSPP,9819.555555555555,0.0,3.27553572885982,1.2197515502368559,single_maturity_ea_slope
2024-04-01,SI,PSPP,9813.333333333332,0.0,3.2927774724219763,1.2197515502368559,single_maturity_ea_slope
2024-05-01,SI,PSPP,9813.333333333332,0.0,3.2965119663026905,1.2197515502368559,single_maturity_ea_slope
2024-06-01,SI,PSPP,9809.777777777777,0.0,3.39289440602187,1.2197515502368559,single_maturity_ea_slope
2024-07-01,SI,PSPP,9809.777777777777,0.0,3.294777446976956,1.2197515502368559,single_maturity_ea_slope
2024-08-01,SI,PSPP,9809.777777777777,0.0,3.0624155205872,1.2197515502368559,single_maturity_ea_slope
2024-09-01,SI,PSPP,9500.444444444443,0.0,3.0254906911508765,1.2197515502368559,single_maturity_ea_slope
2024-10-01,SI,PSPP,9496.888888888889,0.0,3.052634812389474,1.2197515502368559,single_maturity_ea_slope
2024-11-01,SI,PSPP,9496.888888888889,0.0,3.121702077021667,1.2197515502368559,single_maturity_ea_slope
2024-12-01,SI,PSPP,9496.888888888889,0.0,2.9472652084739157,1.2197515502368559,single_maturity_ea_slope
2025-01-01,SI,PSPP,9496.888888888889,0.0,3.1584312603039457,1.2197515502368559,single_maturity_ea_slope
2025-02-01,SI,PSPP,9496.888888888889,0.0,2.9867731183728,1.2197515502368559,single_maturity_ea_slope
2025-03-01,SI,PSPP,9496.888888888889,0.0,3.3479052748352855,1.2197515502368559,single_maturity_ea_slope
2025-04-01,SI,PSPP,9490.666666666666,0.0,3.17596510472024,1.2197515502368559,single_maturity_ea_slope
2025-05-01,SI,PSPP,9490.666666666666,0.0,3.134860506536238,1.2197515502368559,single_maturity_ea_slope
2025-06-01,SI,PSPP,9490.666666666666,0.0,3.0867781846620193,1.2197515502368559,single_maturity_ea_slope
2025-07-01,SI,PSPP,8834.666666666666,0.0,3.1565691816626607,1.2197515502368559,single_maturity_ea_slope
2025-08-01,SI,PSPP,8834.666666666666,0.0,3.288114847396,1.2197515502368559,single_maturity_ea_slope
2025-09-01,SI,PSPP,8834.666666666666,0.0,3.3056027718901815,1.2197515502368559,single_maturity_ea_slope
2025-10-01,SI,PSPP,8834.666666666666,0.0,3.21299128114213,1.2197515502368559,single_maturity_ea_slope
2025-11-01,SI,PSPP,8834.666666666666,0.0,3.205369607082825,1.2197515502368559,single_maturity_ea_slope
2025-12-01,SI,PSPP,8834.666666666666,0.0,3.334496793200362,1.2197515502368559,single_maturity_ea_slope
2026-01-01,SI,PSPP,8834.666666666666,0.0,3.2682094708756666,1.2197515502368559,single_maturity_ea_slope
2026-02-01,SI,PSPP,8562.666666666666,0.0,3.1899910020507596,1.2197515502368559,single_maturity_ea_slope
2026-03-01,SI,PSPP,8233.777777777777,0.0,3.351928372203141,1.2197515502368559,single_maturity_ea_slope
2026-04-01,SI,PSPP,8233.777777777777,0.0,3.4935786239007203,1.2197515502368559,single_maturity_ea_slope
2026-05-01,SI,PSPP,8233.777777777777,0.0,3.5554510004174302,1.2197515502368559,single_maturity_ea_slope
2026-06-01,SI,PSPP,8201.777777777777,0.0,3.4397628347216,1.2197515502368559,single_maturity_ea_slope
2026-07-01,SI,PSPP,8201.777777777777,0.0,3.4423272718761697,1.2197515502368559,single_maturity_ea_slope
2026-08-01,SI,PSPP,8201.777777777777,0.0,3.6059473407727953,1.2197515502368559,single_maturity_ea_slope
2020-03-01,SK,PEPP,106.0,106.0,-0.29592739585433714,-0.29592739585433714,single_maturity_ea_slope
2020-04-01,SK,PEPP,1132.0,1026.0,0.7429225792187848,0.6456451080546939,single_maturity_ea_slope
2020-05-01,SK,PEPP,2303.0,1171.0,0.6043231991154141,0.6246342720286857,single_maturity_ea_slope
2020-06-01,SK,PEPP,3436.0,1133.0,0.05649737447890839,0.4372946023767947,single_maturity_ea_slope
2020-07-01,SK,PEPP,3790.0,354.0,-0.12946399910061454,0.38435725543141136,single_maturity_ea_slope
2020-08-01,SK,PEPP,4052.0,262.0,-0.20605605773389238,0.3461814686472777,single_maturity_ea_slope
2020-09-01,SK,PEPP,4337.0,285.0,-0.26127366386196244,0.3062633886922089,single_maturity_ea_slope
2020-10-01,SK,PEPP,4449.0,112.0,-0.2900847877845505,0.29125080254579466,single_maturity_ea_slope
2020-11-01,SK,PEPP,4706.0,257.0,-0.33335217257975275,0.2571405253236813,single_maturity_ea_slope
2020-12-01,SK,PEPP,5161.0,455.0,-0.46347128603462956,0.1936105167656438,single_maturity_ea_slope
2021-01-01,SK,PEPP,5380.0,219.0,-0.3275680315136313,0.17239525615724952,single_maturity_ea_slope
2021-02-01,SK,PEPP,5720.0,340.0,-0.04568529130829177,0.15943242641279426,single_maturity_ea_slope
2021-03-01,SK,PEPP,5890.0,170.0,0.1145641655771031,0.15813741718663682,single_maturity_ea_slope
2021-04-01,SK,PEPP,6248.0,358.0,0.1429139690201699,0.1572651389466248,single_maturity_ea_slope
2021-05-01,SK,PEPP,6382.0,134.0,0.31418771010293,0.1605599719981674,single_maturity_ea_slope
2021-06-01,SK,PEPP,6580.0,198.0,0.25309913646880966,0.16334458515397093,single_maturity_ea_slope
2021-07-01,SK,PEPP,6704.0,124.0,0.058705252412510345,0.16140913210207042,single_maturity_ea_slope
2021-08-01,SK,PEPP,6827.0,123.0,-0.0809815439932586,0.15704205239506508,single_maturity_ea_slope
2021-09-01,SK,PEPP,6889.0,62.0,0.10277934615711541,0.15655369591564094,single_maturity_ea_slope
2021-10-01,SK,PEPP,7170.0,281.0,0.32328592732608497,0.1630881111215454,single_maturity_ea_slope
2021-11-01,SK,PEPP,7259.0,89.0,0.16109526622869036,0.16306367756382886,single_maturity_ea_slope
2021-12-01,SK,PEPP,7406.0,147.0,0.09856961900055322,0.16178354974735554,single_maturity_ea_slope
2022-01-01,SK,PEPP,7602.0,196.0,0.3656581977303899,0.1670399863436032,single_maturity_ea_slope
2022-02-01,SK,PEPP,7789.0,187.0,0.7816305166893742,0.18179520898767293,single_maturity_ea_slope
2022-03-01,SK,PEPP,7964.0,175.0,1.0631574388588025,0.20116215904134543,single_maturity_ea_slope
2022-04-01,SK,PEPP,7964.0,0.0,1.575945473231565,0.20116215904134543,single_maturity_ea_slope
2022-05-01,SK,PEPP,7964.0,0.0,1.9214448876834254,0.20116215904134543,single_maturity_ea_slope
2022-06-01,SK,PEPP,7964.0,0.0,2.4444642270109473,0.20116215904134543,single_maturity_ea_slope
2022-07-01,SK,PEPP,7964.0,0.0,2.2440216923168363,0.20116215904134543,single_maturity_ea_slope
2022-08-01,SK,PEPP,7964.0,0.0,2.1103137517435817,0.20116215904134543,single_maturity_ea_slope
2022-09-01,SK,PEPP,7964.0,0.0,2.9093604897314904,0.20116215904134543,single_maturity_ea_slope
2022-10-01,SK,PEPP,7964.0,0.0,3.5928112985643885,0.20116215904134543,single_maturity_ea_slope
2022-11-01,SK,PEPP,7964.0,0.0,3.3769544129926374,0.20116215904134543,single_maturity_ea_slope
2022-12-01,SK,PEPP,7964.0,0.0,3.194819805072105,0.20116215904134543,single_maturity_ea_slope
2023-01-01,SK,PEPP,8029.0,65.0,3.2583578517844587,0.2259121553084151,single_maturity_ea_slope
2023-02-01,SK,PEPP,7760.0,0.0,3.4045037672608847,0.2259121553084151,single_maturity_ea_slope
2023-03-01,SK,PEPP,7838.0,78.0,3.5934515274847105,0.2594242848095316,single_maturity_ea_slope
2023-04-01,SK,PEPP,7870.0,32.0,3.6857191193806806,0.27335585211655533,single_maturity_ea_slope
2023-05-01,SK,PEPP,7917.0,47.0,3.637684804149853,0.29332850094130775,single_maturity_ea_slope
2023-06-01,SK,PEPP,7944.0,27.0,3.6483156421231135,0.3047314028562006,single_maturity_ea_slope
2023-07-01,SK,PEPP,7982.0,38.0,3.7011487714870666,0.32090076642522747,single_maturity_ea_slope
2023-08-01,SK,PEPP,8022.0,40.0,3.827623989896087,0.33838629733258657,single_maturity_ea_slope
2023-09-01,SK,PEPP,8039.0,17.0,3.9380747844424,0.3459985257541398,single_maturity_ea_slope
2023-10-01,SK,PEPP,8090.0,51.0,4.170802861569241,0.3701103948674365,single_maturity_ea_slope
2023-11-01,SK,PEPP,7868.0,0.0,3.922939581871018,0.3701103948674365,single_maturity_ea_slope
2023-12-01,SK,PEPP,7886.0,18.0,3.3795497477645684,0.37697951842210914,single_maturity_ea_slope
2024-01-01,SK,PEPP,7946.0,60.0,3.4536746678343637,0.4002115482439988,single_maturity_ea_slope
2024-02-01,SK,PEPP,7994.0,48.0,3.5647748099723238,0.41921317903746386,single_maturity_ea_slope
2024-03-01,SK,PEPP,8043.0,49.0,3.56202685254994,0.438359998632405,single_maturity_ea_slope
2024-04-01,SK,PEPP,8092.0,49.0,3.7247823043616046,0.4582604797224607,single_maturity_ea_slope
2024-05-01,SK,PEPP,8155.0,63.0,3.733992375635636,0.48356656303852813,single_maturity_ea_slope
2024-06-01,SK,PEPP,7887.0,0.0,3.75215291002689,0.48356656303852813,single_maturity_ea_slope
2024-07-01,SK,PEPP,7917.0,30.0,3.6612176829693475,0.49560768134065325,single_maturity_ea_slope
2024-08-01,SK,PEPP,7927.0,10.0,3.4435622692471997,0.4993265593372554,single_maturity_ea_slope
2024-09-01,SK,PEPP,7944.0,17.0,3.415239987595619,0.5055665553443541,single_maturity_ea_slope
2024-10-01,SK,PEPP,7966.0,22.0,3.381705575100348,0.5135096959964545,single_maturity_ea_slope
2024-11-01,SK,PEPP,7693.0,0.0,3.3824892165796667,0.5135096959964545,single_maturity_ea_slope
2024-12-01,SK,PEPP,7700.0,7.0,3.264022991634079,0.5160101626288522,single_maturity_ea_slope
2025-01-01,SK,PEPP,7700.0,0.0,3.481312581237846,0.5160101626288522,single_maturity_ea_slope
2025-02-01,SK,PEPP,7700.0,0.0,3.26915339349784,0.5160101626288522,single_maturity_ea_slope
2025-03-01,SK,PEPP,7700.0,0.0,3.567189439964286,0.5160101626288522,single_maturity_ea_slope
2025-04-01,SK,PEPP,7700.0,0.0,3.55034490981772,0.5160101626288522,single_maturity_ea_slope
2025-05-01,SK,PEPP,7277.0,0.0,3.5864923972133527,0.5160101626288522,single_maturity_ea_slope
2025-06-01,SK,PEPP,7277.0,0.0,3.518365304818133,0.5160101626288522,single_maturity_ea_slope
2025-07-01,SK,PEPP,7277.0,0.0,3.5173246303878476,0.5160101626288522,single_maturity_ea_slope
2025-08-01,SK,PEPP,7277.0,0.0,3.5419371528690005,0.5160101626288522,single_maturity_ea_slope
2025-09-01,SK,PEPP,7277.0,0.0,3.5593150136966907,0.5160101626288522,single_maturity_ea_slope
2025-10-01,SK,PEPP,7021.0,0.0,3.4975562811421304,0.5160101626288522,single_maturity_ea_slope
2025-11-01,SK,PEPP,7021.0,0.0,3.467869607082825,0.5160101626288522,single_maturity_ea_slope
2025-12-01,SK,PEPP,7021.0,0.0,3.5513143137331906,0.5160101626288522,single_maturity_ea_slope
2026-01-01,SK,PEPP,7021.0,0.0,3.4882594708756667,0.5160101626288522,single_maturity_ea_slope
2026-02-01,SK,PEPP,6963.0,0.0,3.35454951537014,0.5160101626288522,single_maturity_ea_slope
2026-03-01,SK,PEPP,6963.0,0.0,3.5623028629774596,0.5160101626288522,single_maturity_ea_slope
2026-04-01,SK,PEPP,6963.0,0.0,3.6101764174167204,0.5160101626288522,single_maturity_ea_slope
2026-05-01,SK,PEPP,6700.0,0.0,3.58280865529749,0.5160101626288522,single_maturity_ea_slope
2026-06-01,SK,PEPP,6700.0,0.0,3.686173222012,0.5160101626288522,single_maturity_ea_slope
2026-07-01,SK,PEPP,6700.0,0.0,3.7851651828422264,0.5160101626288522,single_maturity_ea_slope
2026-08-01,SK,PEPP,6700.0,0.0,3.8986977639764953,0.5160101626288522,single_maturity_ea_slope
2015-03-01,SK,PSPP,449.77777777777777,449.77777777777777,0.728829274787927,0.728829274787927,single_maturity_ea_slope
2015-04-01,SK,PSPP,913.7777777777777,463.99999999999994,1.1247541253037756,0.9298728272872199,single_maturity_ea_slope
2015-05-01,SK,PSPP,1384.0,470.2222222222223,1.1643025074487774,1.0095217038482114,single_maturity_ea_slope
2015-06-01,SK,PSPP,1869.3333333333333,485.33333333333326,1.4357427413929198,1.120181088774227,single_maturity_ea_slope
2015-07-01,SK,PSPP,2262.222222222222,392.8888888888889,1.5354367434960037,1.1923001455078321,single_maturity_ea_slope
2015-08-01,SK,PSPP,2638.222222222222,376.0,1.247332007206024,1.2001432983037672,single_maturity_ea_slope
2015-09-01,SK,PSPP,3053.333333333333,415.11111111111086,1.1600845956617327,1.194697180651997,single_maturity_ea_slope
2015-10-01,SK,PSPP,3388.4444444444443,335.1111111111113,0.9688228323216984,1.1723586105259418,single_maturity_ea_slope
2015-11-01,SK,PSPP,3862.222222222222,473.7777777777778,0.9546152990202756,1.1456480961341076,single_maturity_ea_slope
2015-12-01,SK,PSPP,4108.444444444444,246.22222222222217,0.971986563105895,1.1352404274519752,single_maturity_ea_slope
2016-01-01,SK,PSPP,4619.555555555556,511.1111111111113,0.9399080441035719,1.1136287052227407,single_maturity_ea_slope
2016-02-01,SK,PSPP,5112.0,492.44444444444434,0.7501784976277666,1.0786171567950558,single_maturity_ea_slope
2016-03-01,SK,PSPP,5496.888888888889,384.8888888888887,0.623025825784888,1.0467169229128754,single_maturity_ea_slope
2016-04-01,SK,PSPP,5789.333333333333,292.44444444444434,0.5580365945204616,1.022031550881384,single_maturity_ea_slope
2016-05-01,SK,PSPP,6076.444444444444,287.1111111111113,0.5793808281257744,1.0011163689840665,single_maturity_ea_slope
2016-06-01,SK,PSPP,6283.555555555556,207.1111111111113,0.8994675422204843,0.9977659408279037,single_maturity_ea_slope
2016-07-01,SK,PSPP,6480.0,196.44444444444434,0.5982679921722776,0.98565496049143,single_maturity_ea_slope
2016-08-01,SK,PSPP,6589.333333333333,109.33333333333303,0.404086872667472,0.9760053078808342,single_maturity_ea_slope
2016-09-01,SK,PSPP,6707.555555555555,118.22222222222172,0.4335055910482023,0.9664436245600364,single_maturity_ea_slope
2016-10-01,SK,PSPP,6853.333333333333,145.77777777777828,0.5407592913944707,0.9573888605342059,single_maturity_ea_slope
2016-11-01,SK,PSPP,7057.777777777777,204.44444444444434,0.8399563581640133,0.9539871633622734,single_maturity_ea_slope
2016-12-01,SK,PSPP,7249.777777777777,192.0,1.1513100036132435,0.9592129766891749,single_maturity_ea_slope
2017-01-01,SK,PSPP,7546.666666666666,296.8888888888887,1.1836968875711729,0.9680442636426011,single_maturity_ea_slope
2017-02-01,SK,PSPP,7814.222222222222,267.55555555555566,1.2587662243489615,0.9779984565868184,single_maturity_ea_slope
2017-03-01,SK,PSPP,8075.555555555555,261.33333333333303,1.2652144182654332,0.9872930622812061,single_maturity_ea_slope
2017-04-01,SK,PSPP,8282.666666666666,207.1111111111113,1.229891063892795,0.9933593140922707,single_maturity_ea_slope
2017-05-01,SK,PSPP,8470.222222222223,187.55555555555657,1.22109904364362,0.998402139460655,single_maturity_ea_slope
2017-06-01,SK,PSPP,8680.888888888889,210.66666666666606,1.054986185141522,0.9997753136185872,single_maturity_ea_slope
2017-07-01,SK,PSPP,8876.444444444443,195.55555555555475,1.1207510780174204,1.002440511712693,single_maturity_ea_slope
2017-08-01,SK,PSPP,8929.777777777777,53.33333333333394,1.0163565384557878,1.0025236255495023,single_maturity_ea_slope
2017-09-01,SK,PSPP,9088.0,158.22222222222263,1.0071333808832363,1.0026038814620029,single_maturity_ea_slope
2017-10-01,SK,PSPP,9290.666666666666,202.66666666666606,1.0463744523087577,1.0035586929959734,single_maturity_ea_slope
2017-11-01,SK,PSPP,9412.444444444443,121.77777777777737,0.9790430444468148,1.0032415106509707,single_maturity_ea_slope
2017-12-01,SK,PSPP,9584.888888888889,172.44444444444525,0.8715597034731929,1.0008723860481248,single_maturity_ea_slope
2018-01-01,SK,PSPP,9751.111111111111,166.22222222222263,0.8828282361369845,0.998860147576531,single_maturity_ea_slope
2018-02-01,SK,PSPP,9876.444444444443,125.33333333333212,0.9414975083607743,0.9981322084054913,single_maturity_ea_slope
2018-03-01,SK,PSPP,9998.22222222222,121.77777777777737,0.9784226242877455,0.9978921467923929,single_maturity_ea_slope
2018-04-01,SK,PSPP,10149.333333333332,151.1111111111113,0.941206986392776,0.9970481743569458,single_maturity_ea_slope
2018-05-01,SK,PSPP,10267.555555555555,118.22222222222263,0.9513949208636966,0.9965225157373802,single_maturity_ea_slope
2018-06-01,SK,PSPP,10432.0,164.44444444444525,1.2169989361514362,0.9999979875997352,single_maturity_ea_slope
2018-07-01,SK,PSPP,10567.111111111111,135.1111111111113,1.1361941729307674,1.0017393923919893,single_maturity_ea_slope
2018-08-01,SK,PSPP,10681.777777777777,114.66666666666606,1.1129546061329356,1.0029332646207136,single_maturity_ea_slope
2018-09-01,SK,PSPP,10890.666666666666,208.8888888888887,1.166544827780669,1.00607142307179,single_maturity_ea_slope
2018-10-01,SK,PSPP,10965.333333333332,74.66666666666606,1.2390959419260787,1.0076581659044554,single_maturity_ea_slope
2018-11-01,SK,PSPP,10372.444444444443,0.0,1.2511646452935197,1.0076581659044554,single_maturity_ea_slope
2018-12-01,SK,PSPP,10386.666666666666,14.222222222222626,1.1643413051060603,1.0078727084998533,single_maturity_ea_slope
2019-01-01,SK,PSPP,10463.111111111111,76.44444444444525,1.0957035722412054,1.0085144088041398,single_maturity_ea_slope
2019-02-01,SK,PSPP,10530.666666666666,67.55555555555475,0.9897127202888903,1.0083937935996865,single_maturity_ea_slope
2019-03-01,SK,PSPP,10599.111111111111,68.44444444444525,0.8812175492359287,1.0075725447892194,single_maturity_ea_slope
2019-04-01,SK,PSPP,10670.22222222222,71.1111111111095,0.7703609542469866,1.0059916611468187,single_maturity_ea_slope
2019-05-01,SK,PSPP,10597.333333333332,0.0,0.6589470179001594,1.0059916611468187,single_maturity_ea_slope
2019-06-01,SK,PSPP,10658.666666666666,61.33333333333394,0.4328069353855844,1.002693375259276,single_maturity_ea_slope
2019-07-01,SK,PSPP,10736.0,77.33333333333394,0.19570349735491738,0.9968804824477443,single_maturity_ea_slope
2019-08-01,SK,PSPP,10793.777777777777,57.777777777777374,-0.2030959112219224,0.9904571549678359,single_maturity_ea_slope
2019-09-01,SK,PSPP,10861.333333333332,67.55555555555475,-0.20262830481395305,0.9830363762671718,single_maturity_ea_slope
2019-10-01,SK,PSPP,10960.0,98.66666666666788,-0.06761381124083046,0.9735779682531093,single_maturity_ea_slope
2019-11-01,SK,PSPP,11046.22222222222,86.22222222222081,0.21360565626384592,0.9676459400674685,single_maturity_ea_slope
2019-12-01,SK,PSPP,11130.666666666666,84.44444444444525,0.24871347296991833,0.9621916528630069,single_maturity_ea_slope
2020-01-01,SK,PSPP,11255.111111111111,124.44444444444525,0.25396100435068053,0.9543609554382931,single_maturity_ea_slope
2020-02-01,SK,PSPP,11318.22222222222,63.111111111109494,0.10889148829813536,0.9496465651008276,single_maturity_ea_slope
2020-03-01,SK,PSPP,11426.666666666666,108.44444444444525,0.11580260864116354,0.9417329935187132,single_maturity_ea_slope
2020-04-01,SK,PSPP,10921.777777777777,0.0,0.8077156673411534,0.9417329935187132,single_maturity_ea_slope
2020-05-01,SK,PSPP,11039.111111111111,117.33333333333394,0.6806847227085905,0.9389583440504036,single_maturity_ea_slope
2020-06-01,SK,PSPP,11162.666666666666,123.55555555555475,0.16338755618211664,0.9303738290389614,single_maturity_ea_slope
2020-07-01,SK,PSPP,11495.111111111111,332.44444444444525,-0.0478976919811194,0.9020817204044492,single_maturity_ea_slope
2020-08-01,SK,PSPP,11718.22222222222,223.1111111111095,-0.1173222772970963,0.8826726023415586,single_maturity_ea_slope
2020-09-01,SK,PSPP,12024.0,305.7777777777792,-0.16853553104692237,0.8559397275071062,single_maturity_ea_slope
2020-10-01,SK,PSPP,12342.22222222222,318.2222222222208,-0.2564745004921046,0.8272581075126002,single_maturity_ea_slope
2020-11-01,SK,PSPP,12674.666666666666,332.44444444444525,-0.3085213337055189,0.7974676936676197,single_maturity_ea_slope
2020-12-01,SK,PSPP,12990.22222222222,315.55555555555475,-0.44639233199921635,0.7672521257798597,single_maturity_ea_slope
2021-01-01,SK,PSPP,13230.22222222222,240.0,-0.35351883074911056,0.7469210213547842,single_maturity_ea_slope
2021-02-01,SK,PSPP,13448.888888888889,218.66666666666788,-0.0871525788754815,0.7333597453695465,single_maturity_ea_slope
2021-03-01,SK,PSPP,13502.22222222222,53.33333333333212,0.06546180162913924,0.7307215704765627,single_maturity_ea_slope
2021-04-01,SK,PSPP,13772.444444444443,270.2222222222226,0.06467503329714408,0.7176534055544933,single_maturity_ea_slope
2021-05-01,SK,PSPP,13968.888888888889,196.44444444444525,0.19610899782611682,0.7103189280420548,single_maturity_ea_slope
2021-06-01,SK,PSPP,14224.888888888889,256.0,0.14477485669428095,0.7001410431112194,single_maturity_ea_slope
2021-07-01,SK,PSPP,14423.11111111111,198.2222222222208,-0.02503753848698778,0.6901746420452513,single_maturity_ea_slope
2021-08-01,SK,PSPP,14570.666666666666,147.55555555555657,-0.1502907320499471,0.6816633406726424,single_maturity_ea_slope
2021-09-01,SK,PSPP,14797.333333333332,226.66666666666606,0.03190343929255805,0.6717102695576114,single_maturity_ea_slope
2021-10-01,SK,PSPP,14916.444444444443,119.11111111111131,0.23304970161986469,0.6682074678113711,single_maturity_ea_slope
2021-11-01,SK,PSPP,15032.0,115.55555555555657,0.09936998980743186,0.6638346411222036,single_maturity_ea_slope
2021-12-01,SK,PSPP,15140.444444444443,108.44444444444343,0.05288900202059204,0.659458702181888,single_maturity_ea_slope
2022-01-01,SK,PSPP,15295.11111111111,154.66666666666606,0.3228295023017943,0.6560546526218755,single_maturity_ea_slope
2022-02-01,SK,PSPP,15396.444444444443,101.33333333333394,0.7565372508733204,0.6567159895077749,single_maturity_ea_slope
2022-03-01,SK,PSPP,15523.555555555555,127.11111111111131,1.0387639162838251,0.6598443022384766,single_maturity_ea_slope
2022-04-01,SK,PSPP,15821.333333333332,297.7777777777774,1.5595057483053676,0.6767770841044469,single_maturity_ea_slope
2022-05-01,SK,PSPP,16018.666666666666,197.33333333333394,1.9035845462044358,0.69189007764455,single_maturity_ea_slope
2022-06-01,SK,PSPP,16151.11111111111,132.44444444444343,2.4253752177879804,0.7061052282158967,single_maturity_ea_slope
2022-07-01,SK,PSPP,16214.22222222222,63.11111111111131,2.21324043876269,0.7119714965097853,single_maturity_ea_slope
2022-08-01,SK,PSPP,16293.333333333332,79.11111111111131,2.0851843875746328,0.7186390331876233,single_maturity_ea_slope
2022-09-01,SK,PSPP,16369.777777777777,76.44444444444525,2.8988454954857366,0.7288202753551755,single_maturity_ea_slope
2022-10-01,SK,PSPP,16437.333333333332,67.55555555555475,3.580484414392273,0.7405402880399482,single_maturity_ea_slope
2022-11-01,SK,PSPP,16504.888888888887,67.55555555555475,3.373806576714823,0.7513184137368079,single_maturity_ea_slope
2022-12-01,SK,PSPP,16572.444444444445,67.55555555555839,3.1950832732205026,0.7612801241702325,single_maturity_ea_slope
2023-01-01,SK,PSPP,16732.444444444445,160.0,3.256619068176624,0.7851412062952404,single_maturity_ea_slope
2023-02-01,SK,PSPP,16007.11111111111,0.0,3.4040171307779423,0.7851412062952404,single_maturity_ea_slope
2023-03-01,SK,PSPP,16117.333333333332,110.22222222222263,3.591607296691189,0.8043338929932935,single_maturity_ea_slope
2023-04-01,SK,PSPP,16173.333333333332,56.0,3.681131058409659,0.8142947735330699,single_maturity_ea_slope
2023-05-01,SK,PSPP,16259.555555555555,86.22222222222263,3.6303212284829125,0.8292277806471162,single_maturity_ea_slope
2023-06-01,SK,PSPP,16292.444444444443,32.88888888888869,3.6433950414635228,0.8349086245911506,single_maturity_ea_slope
2023-07-01,SK,PSPP,16292.444444444443,0.0,3.6983670955393664,0.8349086245911506,single_maturity_ea_slope
2023-08-01,SK,PSPP,16292.444444444443,0.0,3.8208858065165217,0.8349086245911506,single_maturity_ea_slope
2023-09-01,SK,PSPP,16292.444444444443,0.0,3.9304663726479996,0.8349086245911506,single_maturity_ea_slope
2023-10-01,SK,PSPP,16292.444444444443,0.0,4.158212081565649,0.8349086245911506,single_maturity_ea_slope
2023-11-01,SK,PSPP,15858.666666666666,0.0,3.9063266878581633,0.8349086245911506,single_maturity_ea_slope
2023-12-01,SK,PSPP,15858.666666666666,0.0,3.3603211363079684,0.8349086245911506,single_maturity_ea_slope
2024-01-01,SK,PSPP,15858.666666666666,0.0,3.430487717965659,0.8349086245911506,single_maturity_ea_slope
2024-02-01,SK,PSPP,15858.666666666666,0.0,3.5447300212956097,0.8349086245911506,single_maturity_ea_slope
2024-03-01,SK,PSPP,15858.666666666666,0.0,3.5414651418584198,0.8349086245911506,single_maturity_ea_slope
2024-04-01,SK,PSPP,15858.666666666666,0.0,3.704029916185833,0.8349086245911506,single_maturity_ea_slope
2024-05-01,SK,PSPP,15858.666666666666,0.0,3.7114506632066906,0.8349086245911506,single_maturity_ea_slope
2024-06-01,SK,PSPP,15309.333333333332,0.0,3.72535584173001,0.8349086245911506,single_maturity_ea_slope
2024-07-01,SK,PSPP,15309.333333333332,0.0,3.627503861032,0.8349086245911506,single_maturity_ea_slope
2024-08-01,SK,PSPP,15309.333333333332,0.0,3.413062136192,0.8349086245911506,single_maturity_ea_slope
2024-09-01,SK,PSPP,15309.333333333332,0.0,3.383111736493562,0.8349086245911506,single_maturity_ea_slope
2024-10-01,SK,PSPP,15309.333333333332,0.0,3.3495175274497786,0.8349086245911506,single_maturity_ea_slope
2024-11-01,SK,PSPP,14442.666666666666,0.0,3.3646476521396664,0.8349086245911506,single_maturity_ea_slope
2024-12-01,SK,PSPP,14442.666666666666,0.0,3.2458693301848736,0.8349086245911506,single_maturity_ea_slope
2025-01-01,SK,PSPP,14442.666666666666,0.0,3.4620495283903914,0.8349086245911506,single_maturity_ea_slope
2025-02-01,SK,PSPP,14442.666666666666,0.0,3.24861488302768,0.8349086245911506,single_maturity_ea_slope
2025-03-01,SK,PSPP,14442.666666666666,0.0,3.541155468781428,0.8349086245911506,single_maturity_ea_slope
2025-04-01,SK,PSPP,14442.666666666666,0.0,3.5183459102266603,0.8349086245911506,single_maturity_ea_slope
2025-05-01,SK,PSPP,13600.0,0.0,3.5534407773464096,0.8349086245911506,single_maturity_ea_slope
2025-06-01,SK,PSPP,13600.0,0.0,3.4859460201481904,0.8349086245911506,single_maturity_ea_slope
2025-07-01,SK,PSPP,13600.0,0.0,3.4821736142679214,0.8349086245911506,single_maturity_ea_slope
2025-08-01,SK,PSPP,13600.0,0.0,3.503971666206,0.8349086245911506,single_maturity_ea_slope
2025-09-01,SK,PSPP,13600.0,0.0,3.518514035382509,0.8349086245911506,single_maturity_ea_slope
2025-10-01,SK,PSPP,12733.333333333332,0.0,3.483736364822739,0.8349086245911506,single_maturity_ea_slope
2025-11-01,SK,PSPP,12733.333333333332,0.0,3.454009664184975,0.8349086245911506,single_maturity_ea_slope
2025-12-01,SK,PSPP,12733.333333333332,0.0,3.536801505740762,0.8349086245911506,single_maturity_ea_slope
2026-01-01,SK,PSPP,12733.333333333332,0.0,3.4744577995446666,0.8349086245911506,single_maturity_ea_slope
2026-02-01,SK,PSPP,12733.333333333332,0.0,3.33194880942716,0.8349086245911506,single_maturity_ea_slope
2026-03-01,SK,PSPP,12733.333333333332,0.0,3.5436677589181595,0.8349086245911506,single_maturity_ea_slope
2026-04-01,SK,PSPP,12733.333333333332,0.0,3.59184944656376,0.8349086245911506,single_maturity_ea_slope
2026-05-01,SK,PSPP,12088.888888888889,0.0,3.57461846356419,0.8349086245911506,single_maturity_ea_slope
2026-06-01,SK,PSPP,12088.888888888889,0.0,3.678143406436,0.8349086245911506,single_maturity_ea_slope
2026-07-01,SK,PSPP,12088.888888888889,0.0,3.7771584737784436,0.8349086245911506,single_maturity_ea_slope
2026-08-01,SK,PSPP,12088.888888888889,0.0,3.8906879655020665,0.8349086245911506,single_maturity_ea_slope
